x_group_id,grid_index,x,full_prediction,without_group_prediction,s_ref,s_ref_status,normalized_delta,status
id:x%3A0x0.0p%2B0,0,0.0,1.25,0.9905929394001153,2.594070605998847,defined,0.1,sensitivity_only
id:x%3A0x0.0p%2B0,1,0.018,1.26152,1.3908407349832057,2.594070605998847,defined,-0.049852434503574676,sensitivity_only
id:x%3A0x0.0p%2B0,2,0.036,1.27304,1.1437192650167942,2.594070605998847,defined,0.049852434503574676,sensitivity_only
id:x%3A0x0.0p%2B0,3,0.054,1.28456,1.4138807349832057,2.594070605998847,defined,-0.049852434503574676,sensitivity_only
id:x%3A0x0.0p%2B0,4,0.072,1.29608,1.1667592650167942,2.594070605998847,defined,0.049852434503574676,sensitivity_only
id:x%3A0x0.0p%2B0,5,0.09,1.3076,1.4369207349832058,2.594070605998847,defined,-0.049852434503574676,sensitivity_only
id:x%3A0x0.0p%2B0,6,0.108,1.31912,1.1897992650167943,2.594070605998847,defined,0.049852434503574676,sensitivity_only
id:x%3A0x0.0p%2B0,7,0.126,1.33064,1.4599607349832058,2.594070605998847,defined,-0.049852434503574676,sensitivity_only
id:x%3A0x0.0p%2B0,8,0.144,1.34216,1.2128392650167943,2.594070605998847,defined,0.049852434503574676,sensitivity_only
id:x%3A0x0.0p%2B0,9,0.162,1.35368,1.4830007349832057,2.594070605998847,defined,-0.049852434503574676,sensitivity_only
id:x%3A0x0.0p%2B0,10,0.18,1.3652,1.2358792650167942,2.594070605998847,defined,0.049852434503574676,sensitivity_only
id:x%3A0x0.0p%2B0,11,0.198,1.37672,1.5060407349832057,2.594070605998847,defined,-0.049852434503574676,sensitivity_only
id:x%3A0x0.0p%2B0,12,0.216,1.38824,1.2589192650167942,2.594070605998847,defined,0.049852434503574676,sensitivity_only
id:x%3A0x0.0p%2B0,13,0.234,1.3997600000000001,1.5290807349832058,2.594070605998847,defined,-0.049852434503574676,sensitivity_only
id:x%3A0x0.0p%2B0,14,0.252,1.41128,1.2819592650167944,2.594070605998847,defined,0.049852434503574676,sensitivity_only
id:x%3A0x0.0p%2B0,15,0.27,1.4228,1.5521207349832058,2.594070605998847,defined,-0.049852434503574676,sensitivity_only
id:x%3A0x0.0p%2B0,16,0.288,1.43432,1.3049992650167943,2.594070605998847,defined,0.049852434503574676,sensitivity_only
id:x%3A0x0.0p%2B0,17,0.306,1.44584,1.5751607349832057,2.594070605998847,defined,-0.049852434503574676,sensitivity_only
id:x%3A0x0.0p%2B0,18,0.324,1.45736,1.3280392650167943,2.594070605998847,defined,0.049852434503574676,sensitivity_only
id:x%3A0x0.0p%2B0,19,0.342,1.46888,1.5982007349832057,2.594070605998847,defined,-0.049852434503574676,sensitivity_only
id:x%3A0x0.0p%2B0,20,0.36,1.4804,1.3510792650167942,2.594070605998847,defined,0.049852434503574676,sensitivity_only
id:x%3A0x0.0p%2B0,21,0.378,1.49192,1.6212407349832056,2.594070605998847,defined,-0.049852434503574676,sensitivity_only
id:x%3A0x0.0p%2B0,22,0.396,1.5034399999999999,1.3741192650167942,2.594070605998847,defined,0.049852434503574676,sensitivity_only
id:x%3A0x0.0p%2B0,23,0.414,1.5149599999999999,1.6442807349832056,2.594070605998847,defined,-0.049852434503574676,sensitivity_only
id:x%3A0x0.0p%2B0,24,0.432,1.52648,1.3971592650167943,2.594070605998847,defined,0.049852434503574676,sensitivity_only
id:x%3A0x0.0p%2B0,25,0.45,1.538,1.6673207349832058,2.594070605998847,defined,-0.049852434503574676,sensitivity_only
id:x%3A0x0.0p%2B0,26,0.468,1.54952,1.4201992650167943,2.594070605998847,defined,0.049852434503574676,sensitivity_only
id:x%3A0x0.0p%2B0,27,0.486,1.56104,1.6903607349832057,2.594070605998847,defined,-0.049852434503574676,sensitivity_only
id:x%3A0x0.0p%2B0,28,0.504,1.57256,1.4549956954698127,2.3582460054534993,defined,0.049852434503574676,sensitivity_only
id:x%3A0x0.0p%2B0,29,0.522,1.5840800000000002,1.7016443045301872,2.3582460054534993,defined,-0.049852434503574676,sensitivity_only
id:x%3A0x0.0p%2B0,30,0.54,1.5956000000000001,1.478035695469813,2.3582460054534993,defined,0.049852434503574676,sensitivity_only
id:x%3A0x0.0p%2B0,31,0.558,1.60712,1.7246843045301872,2.3582460054534993,defined,-0.049852434503574676,sensitivity_only
id:x%3A0x0.0p%2B0,32,0.576,1.61864,1.501075695469813,2.3582460054534993,defined,0.049852434503574676,sensitivity_only
id:x%3A0x0.0p%2B0,33,0.594,1.63016,1.7477243045301871,2.3582460054534993,defined,-0.049852434503574676,sensitivity_only
id:x%3A0x0.0p%2B0,34,0.612,1.64168,1.524115695469813,2.3582460054534993,defined,0.049852434503574676,sensitivity_only
id:x%3A0x0.0p%2B0,35,0.63,1.6532,1.770764304530187,2.3582460054534993,defined,-0.049852434503574676,sensitivity_only
id:x%3A0x0.0p%2B0,36,0.648,1.66472,1.547155695469813,2.3582460054534993,defined,0.049852434503574676,sensitivity_only
id:x%3A0x0.0p%2B0,37,0.666,1.67624,1.793804304530187,2.3582460054534993,defined,-0.049852434503574676,sensitivity_only
id:x%3A0x0.0p%2B0,38,0.684,1.68776,1.5701956954698129,2.3582460054534993,defined,0.049852434503574676,sensitivity_only
id:x%3A0x0.0p%2B0,39,0.702,1.69928,1.816844304530187,2.3582460054534993,defined,-0.049852434503574676,sensitivity_only
id:x%3A0x0.0p%2B0,40,0.72,1.7107999999999999,1.5932356954698128,2.3582460054534993,defined,0.049852434503574676,sensitivity_only
id:x%3A0x0.0p%2B0,41,0.738,1.72232,1.8398843045301874,2.3582460054534993,defined,-0.049852434503574676,sensitivity_only
id:x%3A0x0.0p%2B0,42,0.756,1.73384,1.6162756954698128,2.3582460054534993,defined,0.049852434503574676,sensitivity_only
id:x%3A0x0.0p%2B0,43,0.774,1.74536,1.8629243045301873,2.3582460054534993,defined,-0.049852434503574676,sensitivity_only
id:x%3A0x0.0p%2B0,44,0.792,1.75688,1.6393156954698127,2.3582460054534993,defined,0.049852434503574676,sensitivity_only
id:x%3A0x0.0p%2B0,45,0.81,1.7684000000000002,1.8859643045301873,2.3582460054534993,defined,-0.049852434503574676,sensitivity_only
id:x%3A0x0.0p%2B0,46,0.828,1.77992,1.6623556954698127,2.3582460054534993,defined,0.049852434503574676,sensitivity_only
id:x%3A0x0.0p%2B0,47,0.846,1.7914400000000001,1.9090043045301872,2.3582460054534993,defined,-0.049852434503574676,sensitivity_only
id:x%3A0x0.0p%2B0,48,0.864,1.8029600000000001,1.685395695469813,2.3582460054534993,defined,0.049852434503574676,sensitivity_only
id:x%3A0x0.0p%2B0,49,0.882,1.81448,1.9320443045301872,2.3582460054534993,defined,-0.049852434503574676,sensitivity_only
id:x%3A0x0.0p%2B0,50,0.9,1.826,1.708435695469813,2.3582460054534993,defined,0.049852434503574676,sensitivity_only
id:x%3A0x0.0p%2B0,51,0.918,1.83752,1.9550843045301871,2.3582460054534993,defined,-0.049852434503574676,sensitivity_only
id:x%3A0x0.0p%2B0,52,0.936,1.84904,1.731475695469813,2.3582460054534993,defined,0.049852434503574676,sensitivity_only
id:x%3A0x0.0p%2B0,53,0.954,1.86056,1.978124304530187,2.3582460054534993,defined,-0.049852434503574676,sensitivity_only
id:x%3A0x0.0p%2B0,54,0.972,1.87208,1.754515695469813,2.3582460054534993,defined,0.049852434503574676,sensitivity_only
id:x%3A0x0.0p%2B0,55,0.99,1.8836,2.001164304530187,2.3582460054534993,defined,-0.049852434503574676,sensitivity_only
id:x%3A0x0.0p%2B0,56,1.0,1.8900000000000001,1.772435695469813,2.3582460054534993,defined,0.049852434503574676,sensitivity_only
id:x%3A0x0.0p%2B0,57,1.008,1.89512,2.012684304530187,2.3582460054534993,defined,-0.049852434503574676,sensitivity_only
id:x%3A0x0.0p%2B0,58,1.026,1.90664,1.7890756954698128,2.3582460054534993,defined,0.049852434503574676,sensitivity_only
id:x%3A0x0.0p%2B0,59,1.044,1.91816,2.0357243045301874,2.3582460054534993,defined,-0.049852434503574676,sensitivity_only
id:x%3A0x0.0p%2B0,60,1.062,1.92968,1.8121156954698128,2.3582460054534993,defined,0.049852434503574676,sensitivity_only
id:x%3A0x0.0p%2B0,61,1.08,1.9412,2.0587643045301873,2.3582460054534993,defined,-0.049852434503574676,sensitivity_only
id:x%3A0x0.0p%2B0,62,1.098,1.9527200000000002,1.8351556954698132,2.3582460054534993,defined,0.049852434503574676,sensitivity_only
id:x%3A0x0.0p%2B0,63,1.116,1.9642400000000002,2.0818043045301873,2.3582460054534993,defined,-0.049852434503574676,sensitivity_only
id:x%3A0x0.0p%2B0,64,1.134,1.97576,1.8581956954698127,2.3582460054534993,defined,0.049852434503574676,sensitivity_only
id:x%3A0x0.0p%2B0,65,1.152,1.98728,2.1048443045301872,2.3582460054534993,defined,-0.049852434503574676,sensitivity_only
id:x%3A0x0.0p%2B0,66,1.17,1.9988000000000001,1.881235695469813,2.3582460054534993,defined,0.049852434503574676,sensitivity_only
id:x%3A0x0.0p%2B0,67,1.188,2.01032,2.127884304530187,2.3582460054534993,defined,-0.049852434503574676,sensitivity_only
id:x%3A0x0.0p%2B0,68,1.206,2.02184,1.904275695469813,2.3582460054534993,defined,0.049852434503574676,sensitivity_only
id:x%3A0x0.0p%2B0,69,1.224,2.03336,2.150924304530187,2.3582460054534993,defined,-0.049852434503574676,sensitivity_only
id:x%3A0x0.0p%2B0,70,1.242,2.04488,1.927315695469813,2.3582460054534993,defined,0.049852434503574676,sensitivity_only
id:x%3A0x0.0p%2B0,71,1.26,2.0564,2.173964304530187,2.3582460054534993,defined,-0.049852434503574676,sensitivity_only
id:x%3A0x0.0p%2B0,72,1.278,2.06792,1.950355695469813,2.3582460054534993,defined,0.049852434503574676,sensitivity_only
id:x%3A0x0.0p%2B0,73,1.296,2.07944,2.197004304530187,2.3582460054534993,defined,-0.049852434503574676,sensitivity_only
id:x%3A0x0.0p%2B0,74,1.314,2.09096,1.9733956954698129,2.3582460054534993,defined,0.049852434503574676,sensitivity_only
id:x%3A0x0.0p%2B0,75,1.332,2.10248,2.220044304530187,2.3582460054534993,defined,-0.049852434503574676,sensitivity_only
id:x%3A0x0.0p%2B0,76,1.35,2.114,1.9964356954698128,2.3582460054534993,defined,0.049852434503574676,sensitivity_only
id:x%3A0x0.0p%2B0,77,1.368,2.12552,2.243084304530187,2.3582460054534993,defined,-0.049852434503574676,sensitivity_only
id:x%3A0x0.0p%2B0,78,1.386,2.13704,2.0194756954698128,2.3582460054534993,defined,0.049852434503574676,sensitivity_only
id:x%3A0x0.0p%2B0,79,1.404,2.14856,2.266124304530187,2.3582460054534993,defined,-0.049852434503574676,sensitivity_only
id:x%3A0x0.0p%2B0,80,1.422,2.16008,2.0425156954698127,2.3582460054534993,defined,0.049852434503574676,sensitivity_only
id:x%3A0x0.0p%2B0,81,1.44,2.1715999999999998,2.289164304530187,2.3582460054534993,defined,-0.049852434503574676,sensitivity_only
id:x%3A0x0.0p%2B0,82,1.458,2.1831199999999997,2.0655556954698127,2.3582460054534993,defined,0.049852434503574676,sensitivity_only
id:x%3A0x0.0p%2B0,83,1.476,2.19464,2.312204304530187,2.3582460054534993,defined,-0.049852434503574676,sensitivity_only
id:x%3A0x0.0p%2B0,84,1.494,2.20616,2.088595695469813,2.3582460054534993,defined,0.049852434503574676,sensitivity_only
id:x%3A0x0.0p%2B0,85,1.512,2.21768,2.335244304530187,2.3582460054534997,defined,-0.049852434503574676,sensitivity_only
id:x%3A0x0.0p%2B0,86,1.53,2.2292,2.111635695469813,2.3582460054534997,defined,0.049852434503574676,sensitivity_only
id:x%3A0x0.0p%2B0,87,1.548,2.24072,2.358284304530187,2.3582460054534997,defined,-0.049852434503574676,sensitivity_only
id:x%3A0x0.0p%2B0,88,1.566,2.25224,2.134675695469813,2.3582460054534997,defined,0.049852434503574676,sensitivity_only
id:x%3A0x0.0p%2B0,89,1.584,2.26376,2.381324304530187,2.3582460054534997,defined,-0.049852434503574676,sensitivity_only
id:x%3A0x0.0p%2B0,90,1.602,2.27528,2.157715695469813,2.3582460054534997,defined,0.049852434503574676,sensitivity_only
id:x%3A0x0.0p%2B0,91,1.62,2.2868000000000004,2.4043643045301875,2.3582460054534997,defined,-0.049852434503574676,sensitivity_only
id:x%3A0x0.0p%2B0,92,1.638,2.29832,2.180755695469813,2.3582460054534997,defined,0.049852434503574676,sensitivity_only
id:x%3A0x0.0p%2B0,93,1.656,2.30984,2.427404304530187,2.3582460054534997,defined,-0.049852434503574676,sensitivity_only
id:x%3A0x0.0p%2B0,94,1.674,2.3213600000000003,2.2037956954698132,2.3582460054534997,defined,0.049852434503574676,sensitivity_only
id:x%3A0x0.0p%2B0,95,1.692,2.3328800000000003,2.4504443045301874,2.3582460054534997,defined,-0.049852434503574676,sensitivity_only
id:x%3A0x0.0p%2B0,96,1.71,2.3444000000000003,2.226835695469813,2.3582460054534997,defined,0.049852434503574676,sensitivity_only
id:x%3A0x0.0p%2B0,97,1.728,2.3559200000000002,2.4734843045301873,2.3582460054534997,defined,-0.049852434503574676,sensitivity_only
id:x%3A0x0.0p%2B0,98,1.746,2.36744,2.249875695469813,2.3582460054534997,defined,0.049852434503574676,sensitivity_only
id:x%3A0x0.0p%2B0,99,1.764,2.37896,2.4965243045301873,2.3582460054534997,defined,-0.049852434503574676,sensitivity_only
id:x%3A0x0.0p%2B0,100,1.782,2.39048,2.272915695469813,2.3582460054534997,defined,0.049852434503574676,sensitivity_only
id:x%3A0x0.0p%2B0,101,1.8,2.402,2.519564304530187,2.3582460054534997,defined,-0.049852434503574676,sensitivity_only
id:x%3A0x0.0p%2B0,102,1.818,2.41352,2.295955695469813,2.3582460054534997,defined,0.049852434503574676,sensitivity_only
id:x%3A0x0.0p%2B0,103,1.836,2.42504,2.542604304530187,2.3582460054534997,defined,-0.049852434503574676,sensitivity_only
id:x%3A0x0.0p%2B0,104,1.854,2.43656,2.318995695469813,2.3582460054534997,defined,0.049852434503574676,sensitivity_only
id:x%3A0x0.0p%2B0,105,1.872,2.44808,2.565644304530187,2.3582460054534997,defined,-0.049852434503574676,sensitivity_only
id:x%3A0x0.0p%2B0,106,1.89,2.4596,2.342035695469813,2.3582460054534997,defined,0.049852434503574676,sensitivity_only
id:x%3A0x0.0p%2B0,107,1.908,2.47112,2.588684304530187,2.3582460054534997,defined,-0.049852434503574676,sensitivity_only
id:x%3A0x0.0p%2B0,108,1.926,2.48264,2.365075695469813,2.3582460054534997,defined,0.049852434503574676,sensitivity_only
id:x%3A0x0.0p%2B0,109,1.944,2.49416,2.611724304530187,2.3582460054534997,defined,-0.049852434503574676,sensitivity_only
id:x%3A0x0.0p%2B0,110,1.962,2.50568,2.388115695469813,2.3582460054534997,defined,0.049852434503574676,sensitivity_only
id:x%3A0x0.0p%2B0,111,1.98,2.5172,2.634764304530187,2.3582460054534997,defined,-0.049852434503574676,sensitivity_only
id:x%3A0x0.0p%2B0,112,1.998,2.52872,2.411155695469813,2.3582460054534997,defined,0.049852434503574676,sensitivity_only
id:x%3A0x0.0p%2B0,113,2.0,2.5300000000000002,2.6475643045301873,2.3582460054534997,defined,-0.049852434503574676,sensitivity_only
id:x%3A0x0.0p%2B0,114,2.016,2.54024,2.4226756954698128,2.3582460054534997,defined,0.049852434503574676,sensitivity_only
id:x%3A0x0.0p%2B0,115,2.034,2.55176,2.669324304530187,2.3582460054534997,defined,-0.049852434503574676,sensitivity_only
id:x%3A0x0.0p%2B0,116,2.052,2.56328,2.4457156954698127,2.3582460054534997,defined,0.049852434503574676,sensitivity_only
id:x%3A0x0.0p%2B0,117,2.07,2.5747999999999998,2.692364304530187,2.3582460054534997,defined,-0.049852434503574676,sensitivity_only
id:x%3A0x0.0p%2B0,118,2.088,2.58632,2.468755695469813,2.3582460054534997,defined,0.049852434503574676,sensitivity_only
id:x%3A0x0.0p%2B0,119,2.106,2.5978399999999997,2.7154043045301868,2.3582460054534997,defined,-0.049852434503574676,sensitivity_only
id:x%3A0x0.0p%2B0,120,2.124,2.60936,2.491795695469813,2.3582460054534997,defined,0.049852434503574676,sensitivity_only
id:x%3A0x0.0p%2B0,121,2.142,2.6208799999999997,2.7384443045301867,2.3582460054534997,defined,-0.049852434503574676,sensitivity_only
id:x%3A0x0.0p%2B0,122,2.16,2.6324,2.514835695469813,2.3582460054534997,defined,0.049852434503574676,sensitivity_only
id:x%3A0x0.0p%2B0,123,2.178,2.64392,2.761484304530187,2.3582460054534997,defined,-0.049852434503574676,sensitivity_only
id:x%3A0x0.0p%2B0,124,2.196,2.6554400000000005,2.5378756954698134,2.3582460054534997,defined,0.049852434503574676,sensitivity_only
id:x%3A0x0.0p%2B0,125,2.214,2.66696,2.784524304530187,2.3582460054534997,defined,-0.049852434503574676,sensitivity_only
id:x%3A0x0.0p%2B0,126,2.232,2.6784800000000004,2.5609156954698133,2.3582460054534997,defined,0.049852434503574676,sensitivity_only
id:x%3A0x0.0p%2B0,127,2.25,2.69,2.807564304530187,2.3582460054534997,defined,-0.049852434503574676,sensitivity_only
id:x%3A0x0.0p%2B0,128,2.268,2.70152,2.583955695469813,2.3582460054534997,defined,0.049852434503574676,sensitivity_only
id:x%3A0x0.0p%2B0,129,2.286,2.7130400000000003,2.8306043045301874,2.3582460054534997,defined,-0.049852434503574676,sensitivity_only
id:x%3A0x0.0p%2B0,130,2.304,2.72456,2.606995695469813,2.3582460054534997,defined,0.049852434503574676,sensitivity_only
id:x%3A0x0.0p%2B0,131,2.322,2.7360800000000003,2.8536443045301874,2.3582460054534997,defined,-0.049852434503574676,sensitivity_only
id:x%3A0x0.0p%2B0,132,2.34,2.7476000000000003,2.630035695469813,2.3582460054534997,defined,0.049852434503574676,sensitivity_only
id:x%3A0x0.0p%2B0,133,2.358,2.7591200000000002,2.8766843045301873,2.3582460054534997,defined,-0.049852434503574676,sensitivity_only
id:x%3A0x0.0p%2B0,134,2.376,2.77064,2.653075695469813,2.3582460054534997,defined,0.049852434503574676,sensitivity_only
id:x%3A0x0.0p%2B0,135,2.394,2.78216,2.8997243045301873,2.3582460054534997,defined,-0.049852434503574676,sensitivity_only
id:x%3A0x0.0p%2B0,136,2.412,2.79368,2.676115695469813,2.3582460054534997,defined,0.049852434503574676,sensitivity_only
id:x%3A0x0.0p%2B0,137,2.43,2.8052,2.922764304530187,2.3582460054534997,defined,-0.049852434503574676,sensitivity_only
id:x%3A0x0.0p%2B0,138,2.448,2.81672,2.699155695469813,2.3582460054534997,defined,0.049852434503574676,sensitivity_only
id:x%3A0x0.0p%2B0,139,2.466,2.82824,2.945804304530187,2.3582460054534997,defined,-0.049852434503574676,sensitivity_only
id:x%3A0x0.0p%2B0,140,2.484,2.83976,2.722195695469813,2.3582460054534997,defined,0.049852434503574676,sensitivity_only
id:x%3A0x0.0p%2B0,141,2.502,2.85128,2.968844304530187,2.3582460054534997,defined,-0.049852434503574676,sensitivity_only
id:x%3A0x0.0p%2B0,142,2.52,2.8628,2.745235695469813,2.3582460054534997,defined,0.049852434503574676,sensitivity_only
id:x%3A0x0.0p%2B0,143,2.538,2.87432,2.991884304530187,2.3582460054534997,defined,-0.049852434503574676,sensitivity_only
id:x%3A0x0.0p%2B0,144,2.556,2.88584,2.768275695469813,2.3582460054534997,defined,0.049852434503574676,sensitivity_only
id:x%3A0x0.0p%2B0,145,2.574,2.89736,3.014924304530187,2.3582460054534997,defined,-0.049852434503574676,sensitivity_only
id:x%3A0x0.0p%2B0,146,2.592,2.90888,2.791315695469813,2.3582460054534997,defined,0.049852434503574676,sensitivity_only
id:x%3A0x0.0p%2B0,147,2.61,2.9204,3.037964304530187,2.3582460054534997,defined,-0.049852434503574676,sensitivity_only
id:x%3A0x0.0p%2B0,148,2.628,2.93192,2.814355695469813,2.3582460054534997,defined,0.049852434503574676,sensitivity_only
id:x%3A0x0.0p%2B0,149,2.646,2.94344,3.061004304530187,2.3582460054534997,defined,-0.049852434503574676,sensitivity_only
id:x%3A0x0.0p%2B0,150,2.664,2.95496,2.8373956954698127,2.3582460054534997,defined,0.049852434503574676,sensitivity_only
id:x%3A0x0.0p%2B0,151,2.682,2.96648,3.084044304530187,2.3582460054534997,defined,-0.049852434503574676,sensitivity_only
id:x%3A0x0.0p%2B0,152,2.7,2.978,2.860435695469813,2.3582460054534997,defined,0.049852434503574676,sensitivity_only
id:x%3A0x0.0p%2B0,153,2.718,2.9895199999999997,3.107084304530187,2.3582460054534997,defined,-0.049852434503574676,sensitivity_only
id:x%3A0x0.0p%2B0,154,2.736,3.00104,2.883475695469813,2.3582460054534997,defined,0.049852434503574676,sensitivity_only
id:x%3A0x0.0p%2B0,155,2.754,3.01256,3.130124304530187,2.3582460054534997,defined,-0.049852434503574676,sensitivity_only
id:x%3A0x0.0p%2B0,156,2.772,3.0240799999999997,2.9065156954698126,2.3582460054534997,defined,0.049852434503574676,sensitivity_only
id:x%3A0x0.0p%2B0,157,2.79,3.0356,3.153164304530187,2.3582460054534997,defined,-0.049852434503574676,sensitivity_only
id:x%3A0x0.0p%2B0,158,2.808,3.0471199999999996,2.9295556954698125,2.3582460054534997,defined,0.049852434503574676,sensitivity_only
id:x%3A0x0.0p%2B0,159,2.826,3.05864,3.176204304530187,2.3582460054534997,defined,-0.049852434503574676,sensitivity_only
id:x%3A0x0.0p%2B0,160,2.844,3.07016,2.952595695469813,2.3582460054534997,defined,0.049852434503574676,sensitivity_only
id:x%3A0x0.0p%2B0,161,2.862,3.0816800000000004,3.1992443045301875,2.3582460054534997,defined,-0.049852434503574676,sensitivity_only
id:x%3A0x0.0p%2B0,162,2.88,3.0932,2.975635695469813,2.3582460054534997,defined,0.049852434503574676,sensitivity_only
id:x%3A0x0.0p%2B0,163,2.898,3.1047200000000004,3.2222843045301874,2.3582460054534997,defined,-0.049852434503574676,sensitivity_only
id:x%3A0x0.0p%2B0,164,2.916,3.11624,2.998675695469813,2.3582460054534997,defined,0.049852434503574676,sensitivity_only
id:x%3A0x0.0p%2B0,165,2.934,3.1277600000000003,3.2453243045301874,2.3582460054534997,defined,-0.049852434503574676,sensitivity_only
id:x%3A0x0.0p%2B0,166,2.952,3.1392800000000003,3.0217156954698132,2.3582460054534997,defined,0.049852434503574676,sensitivity_only
id:x%3A0x0.0p%2B0,167,2.97,3.1508000000000003,3.2683643045301873,2.3582460054534997,defined,-0.049852434503574676,sensitivity_only
id:x%3A0x0.0p%2B0,168,2.988,3.1623200000000002,3.044755695469813,2.3582460054534997,defined,0.049852434503574676,sensitivity_only
id:x%3A0x0.0p%2B0,169,3.0,3.17,3.287564304530187,2.3582460054534997,defined,-0.049852434503574676,sensitivity_only
id:x%3A0x0.0p%2B0,170,3.006,3.17384,3.056275695469813,2.3582460054534997,defined,0.049852434503574676,sensitivity_only
id:x%3A0x0.0p%2B0,171,3.024,3.18536,3.3029243045301873,2.3582460054534997,defined,-0.049852434503574676,sensitivity_only
id:x%3A0x0.0p%2B0,172,3.042,3.19688,3.079315695469813,2.3582460054534997,defined,0.049852434503574676,sensitivity_only
id:x%3A0x0.0p%2B0,173,3.06,3.2084,3.325964304530187,2.3582460054534997,defined,-0.049852434503574676,sensitivity_only
id:x%3A0x0.0p%2B0,174,3.078,3.21992,3.102355695469813,2.3582460054534997,defined,0.049852434503574676,sensitivity_only
id:x%3A0x0.0p%2B0,175,3.096,3.23144,3.349004304530187,2.3582460054534997,defined,-0.049852434503574676,sensitivity_only
id:x%3A0x0.0p%2B0,176,3.114,3.24296,3.125395695469813,2.3582460054534997,defined,0.049852434503574676,sensitivity_only
id:x%3A0x0.0p%2B0,177,3.132,3.25448,3.372044304530187,2.3582460054534997,defined,-0.049852434503574676,sensitivity_only
id:x%3A0x0.0p%2B0,178,3.15,3.266,3.148435695469813,2.3582460054534997,defined,0.049852434503574676,sensitivity_only
id:x%3A0x0.0p%2B0,179,3.168,3.27752,3.395084304530187,2.3582460054534997,defined,-0.049852434503574676,sensitivity_only
id:x%3A0x0.0p%2B0,180,3.186,3.28904,3.171475695469813,2.3582460054534997,defined,0.049852434503574676,sensitivity_only
id:x%3A0x0.0p%2B0,181,3.204,3.30056,3.418124304530187,2.3582460054534997,defined,-0.049852434503574676,sensitivity_only
id:x%3A0x0.0p%2B0,182,3.222,3.31208,3.194515695469813,2.3582460054534997,defined,0.049852434503574676,sensitivity_only
id:x%3A0x0.0p%2B0,183,3.24,3.3236000000000003,3.4411643045301874,2.3582460054534997,defined,-0.049852434503574676,sensitivity_only
id:x%3A0x0.0p%2B0,184,3.258,3.33512,3.217555695469813,2.3582460054534997,defined,0.049852434503574676,sensitivity_only
id:x%3A0x0.0p%2B0,185,3.276,3.34664,3.464204304530187,2.3582460054534997,defined,-0.049852434503574676,sensitivity_only
id:x%3A0x0.0p%2B0,186,3.294,3.3581600000000003,3.240595695469813,2.3582460054534997,defined,0.049852434503574676,sensitivity_only
id:x%3A0x0.0p%2B0,187,3.312,3.36968,3.487244304530187,2.3582460054534997,defined,-0.049852434503574676,sensitivity_only
id:x%3A0x0.0p%2B0,188,3.33,3.3812,3.263635695469813,2.3582460054534997,defined,0.049852434503574676,sensitivity_only
id:x%3A0x0.0p%2B0,189,3.348,3.39272,3.5102843045301872,2.3582460054534997,defined,-0.049852434503574676,sensitivity_only
id:x%3A0x0.0p%2B0,190,3.366,3.40424,3.286675695469813,2.3582460054534997,defined,0.049852434503574676,sensitivity_only
id:x%3A0x0.0p%2B0,191,3.384,3.41576,3.533324304530187,2.3582460054534997,defined,-0.049852434503574676,sensitivity_only
id:x%3A0x0.0p%2B0,192,3.402,3.42728,3.309715695469813,2.3582460054534997,defined,0.049852434503574676,sensitivity_only
id:x%3A0x0.0p%2B0,193,3.42,3.4388,3.556364304530187,2.3582460054534997,defined,-0.049852434503574676,sensitivity_only
id:x%3A0x0.0p%2B0,194,3.438,3.45032,3.332755695469813,2.3582460054534997,defined,0.049852434503574676,sensitivity_only
id:x%3A0x0.0p%2B0,195,3.456,3.46184,3.579404304530187,2.3582460054534997,defined,-0.049852434503574676,sensitivity_only
id:x%3A0x0.0p%2B0,196,3.474,3.47336,3.355795695469813,2.3582460054534997,defined,0.049852434503574676,sensitivity_only
id:x%3A0x0.0p%2B0,197,3.492,3.48488,3.602444304530187,2.3582460054534997,defined,-0.049852434503574676,sensitivity_only
id:x%3A0x0.0p%2B0,198,3.51,3.4964,3.3788356954698124,2.358246005453502,defined,0.049852434503574676,sensitivity_only
id:x%3A0x0.0p%2B0,199,3.528,3.50792,3.6254843045301874,2.358246005453502,defined,-0.049852434503574676,sensitivity_only
id:x%3A0x0.0p%2B0,200,3.546,3.51944,3.4018756954698124,2.358246005453502,defined,0.049852434503574676,sensitivity_only
id:x%3A0x0.0p%2B0,201,3.564,3.53096,3.6485243045301874,2.358246005453502,defined,-0.049852434503574676,sensitivity_only
id:x%3A0x0.0p%2B0,202,3.582,3.54248,3.4249156954698123,2.358246005453502,defined,0.049852434503574676,sensitivity_only
id:x%3A0x0.0p%2B0,203,3.6,3.5540000000000003,3.671564304530188,2.358246005453502,defined,-0.049852434503574676,sensitivity_only
id:x%3A0x0.0p%2B0,204,3.618,3.56552,3.4479556954698123,2.358246005453502,defined,0.049852434503574676,sensitivity_only
id:x%3A0x0.0p%2B0,205,3.636,3.57704,3.6946043045301877,2.358246005453502,defined,-0.049852434503574676,sensitivity_only
id:x%3A0x0.0p%2B0,206,3.654,3.58856,3.4709956954698127,2.358246005453502,defined,0.049852434503574676,sensitivity_only
id:x%3A0x0.0p%2B0,207,3.672,3.60008,3.7176443045301877,2.358246005453502,defined,-0.049852434503574676,sensitivity_only
id:x%3A0x0.0p%2B0,208,3.69,3.6116,3.4940356954698126,2.358246005453502,defined,0.049852434503574676,sensitivity_only
id:x%3A0x0.0p%2B0,209,3.708,3.62312,3.7406843045301876,2.358246005453502,defined,-0.049852434503574676,sensitivity_only
id:x%3A0x0.0p%2B0,210,3.726,3.63464,3.5170756954698126,2.358246005453502,defined,0.049852434503574676,sensitivity_only
id:x%3A0x0.0p%2B0,211,3.744,3.64616,3.7637243045301876,2.358246005453502,defined,-0.049852434503574676,sensitivity_only
id:x%3A0x0.0p%2B0,212,3.762,3.65768,3.5401156954698125,2.358246005453502,defined,0.049852434503574676,sensitivity_only
id:x%3A0x0.0p%2B0,213,3.78,3.6692,3.7867643045301875,2.358246005453502,defined,-0.049852434503574676,sensitivity_only
id:x%3A0x0.0p%2B0,214,3.798,3.68072,3.5631556954698125,2.358246005453502,defined,0.049852434503574676,sensitivity_only
id:x%3A0x0.0p%2B0,215,3.816,3.69224,3.8098043045301875,2.358246005453502,defined,-0.049852434503574676,sensitivity_only
id:x%3A0x0.0p%2B0,216,3.834,3.70376,3.5861956954698124,2.358246005453502,defined,0.049852434503574676,sensitivity_only
id:x%3A0x0.0p%2B0,217,3.852,3.71528,3.8328443045301874,2.358246005453502,defined,-0.049852434503574676,sensitivity_only
id:x%3A0x0.0p%2B0,218,3.87,3.7268000000000003,3.609235695469813,2.358246005453502,defined,0.049852434503574676,sensitivity_only
id:x%3A0x0.0p%2B0,219,3.888,3.73832,3.8558843045301874,2.358246005453502,defined,-0.049852434503574676,sensitivity_only
id:x%3A0x0.0p%2B0,220,3.906,3.7498400000000003,3.6322756954698128,2.358246005453502,defined,0.049852434503574676,sensitivity_only
id:x%3A0x0.0p%2B0,221,3.924,3.76136,3.8789243045301873,2.358246005453502,defined,-0.049852434503574676,sensitivity_only
id:x%3A0x0.0p%2B0,222,3.942,3.7728800000000002,3.6553156954698127,2.358246005453502,defined,0.049852434503574676,sensitivity_only
id:x%3A0x0.0p%2B0,223,3.96,3.7844,3.9019643045301877,2.358246005453502,defined,-0.049852434503574676,sensitivity_only
id:x%3A0x0.0p%2B0,224,3.978,3.79592,3.6783556954698127,2.358246005453502,defined,0.049852434503574676,sensitivity_only
id:x%3A0x0.0p%2B0,225,3.996,3.80744,3.9250043045301877,2.358246005453502,defined,-0.049852434503574676,sensitivity_only
id:x%3A0x0.0p%2B0,226,4.0,3.81,3.6924356954698125,2.358246005453502,defined,0.049852434503574676,sensitivity_only
id:x%3A0x0.0p%2B0,227,4.014,3.81896,3.9365243045301876,2.358246005453502,defined,-0.049852434503574676,sensitivity_only
id:x%3A0x0.0p%2B0,228,4.032,3.83048,3.7129156954698126,2.358246005453502,defined,0.049852434503574676,sensitivity_only
id:x%3A0x0.0p%2B0,229,4.05,3.842,3.9595643045301876,2.358246005453502,defined,-0.049852434503574676,sensitivity_only
id:x%3A0x0.0p%2B0,230,4.068,3.8535199999999996,3.735955695469812,2.358246005453502,defined,0.049852434503574676,sensitivity_only
id:x%3A0x0.0p%2B0,231,4.086,3.86504,3.9826043045301875,2.358246005453502,defined,-0.049852434503574676,sensitivity_only
id:x%3A0x0.0p%2B0,232,4.104,3.87656,3.7589956954698125,2.358246005453502,defined,0.049852434503574676,sensitivity_only
id:x%3A0x0.0p%2B0,233,4.122,3.88808,4.005644304530187,2.358246005453502,defined,-0.049852434503574676,sensitivity_only
id:x%3A0x0.0p%2B0,234,4.14,3.8996,3.7820356954698124,2.358246005453502,defined,0.049852434503574676,sensitivity_only
id:x%3A0x0.0p%2B0,235,4.158,3.9111200000000004,4.028684304530188,2.358246005453502,defined,-0.049852434503574676,sensitivity_only
id:x%3A0x0.0p%2B0,236,4.176,3.9226400000000003,3.805075695469813,2.358246005453502,defined,0.049852434503574676,sensitivity_only
id:x%3A0x0.0p%2B0,237,4.194,3.93416,4.051724304530187,2.358246005453502,defined,-0.049852434503574676,sensitivity_only
id:x%3A0x0.0p%2B0,238,4.212,3.94568,3.8281156954698123,2.358246005453502,defined,0.049852434503574676,sensitivity_only
id:x%3A0x0.0p%2B0,239,4.23,3.9572000000000003,4.074764304530188,2.358246005453502,defined,-0.049852434503574676,sensitivity_only
id:x%3A0x0.0p%2B0,240,4.248,3.9687200000000002,3.8511556954698127,2.358246005453502,defined,0.049852434503574676,sensitivity_only
id:x%3A0x0.0p%2B0,241,4.266,3.9802400000000002,4.097804304530188,2.358246005453502,defined,-0.049852434503574676,sensitivity_only
id:x%3A0x0.0p%2B0,242,4.284,3.9917599999999998,3.8741956954698122,2.358246005453502,defined,0.049852434503574676,sensitivity_only
id:x%3A0x0.0p%2B0,243,4.302,4.00328,4.120844304530188,2.358246005453502,defined,-0.049852434503574676,sensitivity_only
id:x%3A0x0.0p%2B0,244,4.32,4.0148,3.8972356954698126,2.358246005453502,defined,0.049852434503574676,sensitivity_only
id:x%3A0x0.0p%2B0,245,4.338,4.02632,4.143884304530188,2.358246005453502,defined,-0.049852434503574676,sensitivity_only
id:x%3A0x0.0p%2B0,246,4.356,4.03784,3.9202756954698126,2.358246005453502,defined,0.049852434503574676,sensitivity_only
id:x%3A0x0.0p%2B0,247,4.374,4.04936,4.166924304530188,2.358246005453502,defined,-0.049852434503574676,sensitivity_only
id:x%3A0x0.0p%2B0,248,4.392,4.060880000000001,3.9433156954698134,2.358246005453502,defined,0.049852434503574676,sensitivity_only
id:x%3A0x0.0p%2B0,249,4.41,4.0724,4.1899643045301875,2.358246005453502,defined,-0.049852434503574676,sensitivity_only
id:x%3A0x0.0p%2B0,250,4.428,4.08392,3.9663556954698125,2.358246005453502,defined,0.049852434503574676,sensitivity_only
id:x%3A0x0.0p%2B0,251,4.446,4.09544,4.2130043045301875,2.358246005453502,defined,-0.049852434503574676,sensitivity_only
id:x%3A0x0.0p%2B0,252,4.464,4.106960000000001,3.9893956954698133,2.358246005453502,defined,0.049852434503574676,sensitivity_only
id:x%3A0x0.0p%2B0,253,4.482,4.11848,4.236044304530187,2.358246005453502,defined,-0.049852434503574676,sensitivity_only
id:x%3A0x0.0p%2B0,254,4.5,4.13,4.012435695469812,2.358246005453502,defined,0.049852434503574676,sensitivity_only
id:x%3A0x0.0p%2B0,255,4.518,4.14152,4.235571443624149,1.8865968043627994,defined,-0.049852434503574676,sensitivity_only
id:x%3A0x0.0p%2B0,256,4.536,4.15304,4.05898855637585,1.8865968043627994,defined,0.049852434503574676,sensitivity_only
id:x%3A0x0.0p%2B0,257,4.554,4.16456,4.258611443624149,1.8865968043627994,defined,-0.049852434503574676,sensitivity_only
id:x%3A0x0.0p%2B0,258,4.572,4.176080000000001,4.082028556375851,1.8865968043627994,defined,0.049852434503574676,sensitivity_only
id:x%3A0x0.0p%2B0,259,4.59,4.1876,4.281651443624149,1.8865968043627994,defined,-0.049852434503574676,sensitivity_only
id:x%3A0x0.0p%2B0,260,4.608,4.19912,4.1050685563758496,1.8865968043627994,defined,0.049852434503574676,sensitivity_only
id:x%3A0x0.0p%2B0,261,4.626,4.21064,4.304691443624149,1.8865968043627994,defined,-0.049852434503574676,sensitivity_only
id:x%3A0x0.0p%2B0,262,4.644,4.222160000000001,4.128108556375851,1.8865968043627994,defined,0.049852434503574676,sensitivity_only
id:x%3A0x0.0p%2B0,263,4.662,4.23368,4.327731443624149,1.8865968043627994,defined,-0.049852434503574676,sensitivity_only
id:x%3A0x0.0p%2B0,264,4.68,4.2452000000000005,4.151148556375851,1.8865968043627994,defined,0.049852434503574676,sensitivity_only
id:x%3A0x0.0p%2B0,265,4.698,4.2567200000000005,4.350771443624151,1.8865968043627994,defined,-0.049852434503574676,sensitivity_only
id:x%3A0x0.0p%2B0,266,4.716,4.2682400000000005,4.174188556375851,1.8865968043627994,defined,0.049852434503574676,sensitivity_only
id:x%3A0x0.0p%2B0,267,4.734,4.27976,4.373811443624149,1.8865968043627994,defined,-0.049852434503574676,sensitivity_only
id:x%3A0x0.0p%2B0,268,4.752,4.29128,4.197228556375851,1.8865968043627994,defined,0.049852434503574676,sensitivity_only
id:x%3A0x0.0p%2B0,269,4.77,4.3027999999999995,4.396851443624149,1.8865968043627994,defined,-0.049852434503574676,sensitivity_only
id:x%3A0x0.0p%2B0,270,4.788,4.31432,4.220268556375851,1.8865968043627994,defined,0.049852434503574676,sensitivity_only
id:x%3A0x0.0p%2B0,271,4.806,4.3258399999999995,4.419891443624149,1.8865968043627994,defined,-0.049852434503574676,sensitivity_only
id:x%3A0x0.0p%2B0,272,4.824,4.33736,4.243308556375851,1.8865968043627994,defined,0.049852434503574676,sensitivity_only
id:x%3A0x0.0p%2B0,273,4.842,4.348879999999999,4.442931443624149,1.8865968043627994,defined,-0.049852434503574676,sensitivity_only
id:x%3A0x0.0p%2B0,274,4.86,4.3604,4.266348556375851,1.8865968043627994,defined,0.049852434503574676,sensitivity_only
id:x%3A0x0.0p%2B0,275,4.878,4.37192,4.46597144362415,1.8865968043627994,defined,-0.049852434503574676,sensitivity_only
id:x%3A0x0.0p%2B0,276,4.896,4.38344,4.289388556375851,1.8865968043627994,defined,0.049852434503574676,sensitivity_only
id:x%3A0x0.0p%2B0,277,4.914,4.394959999999999,4.489011443624149,1.8865968043627994,defined,-0.049852434503574676,sensitivity_only
id:x%3A0x0.0p%2B0,278,4.932,4.40648,4.312428556375851,1.8865968043627994,defined,0.049852434503574676,sensitivity_only
id:x%3A0x0.0p%2B0,279,4.95,4.418,4.51205144362415,1.8865968043627994,defined,-0.049852434503574676,sensitivity_only
id:x%3A0x0.0p%2B0,280,4.968,4.42952,4.335468556375851,1.8865968043627994,defined,0.049852434503574676,sensitivity_only
id:x%3A0x0.0p%2B0,281,4.986,4.44104,4.53509144362415,1.8865968043627994,defined,-0.049852434503574676,sensitivity_only
id:x%3A0x0.0p%2B0,282,5.0,4.45,4.35594855637585,1.8865968043627994,defined,0.049852434503574676,sensitivity_only
id:x%3A0x0.0p%2B0,283,5.004,4.45256,4.546611443624149,1.8865968043627994,defined,-0.049852434503574676,sensitivity_only
id:x%3A0x0.0p%2B0,284,5.022,4.46408,4.37002855637585,1.8865968043627994,defined,0.049852434503574676,sensitivity_only
id:x%3A0x0.0p%2B0,285,5.04,4.4756,4.569651443624149,1.8865968043627994,defined,-0.049852434503574676,sensitivity_only
id:x%3A0x0.0p%2B0,286,5.058,4.48712,4.39306855637585,1.8865968043627994,defined,0.049852434503574676,sensitivity_only
id:x%3A0x0.0p%2B0,287,5.076,4.49864,4.592691443624149,1.8865968043627994,defined,-0.049852434503574676,sensitivity_only
id:x%3A0x0.0p%2B0,288,5.094,4.510160000000001,4.4161085563758515,1.8865968043627994,defined,0.049852434503574676,sensitivity_only
id:x%3A0x0.0p%2B0,289,5.112,4.52168,4.615731443624149,1.8865968043627994,defined,-0.049852434503574676,sensitivity_only
id:x%3A0x0.0p%2B0,290,5.13,4.5332,4.43914855637585,1.8865968043627994,defined,0.049852434503574676,sensitivity_only
id:x%3A0x0.0p%2B0,291,5.148,4.54472,4.638771443624149,1.8865968043627994,defined,-0.049852434503574676,sensitivity_only
id:x%3A0x0.0p%2B0,292,5.166,4.556240000000001,4.462188556375851,1.8865968043627994,defined,0.049852434503574676,sensitivity_only
id:x%3A0x0.0p%2B0,293,5.184,4.56776,4.661811443624149,1.8865968043627994,defined,-0.049852434503574676,sensitivity_only
id:x%3A0x0.0p%2B0,294,5.202,4.579280000000001,4.485228556375851,1.8865968043627994,defined,0.049852434503574676,sensitivity_only
id:x%3A0x0.0p%2B0,295,5.22,4.5908,4.684851443624149,1.8865968043627994,defined,-0.049852434503574676,sensitivity_only
id:x%3A0x0.0p%2B0,296,5.238,4.602320000000001,4.508268556375851,1.8865968043627994,defined,0.049852434503574676,sensitivity_only
id:x%3A0x0.0p%2B0,297,5.256,4.61384,4.707891443624149,1.8865968043627994,defined,-0.049852434503574676,sensitivity_only
id:x%3A0x0.0p%2B0,298,5.274,4.625360000000001,4.531308556375851,1.8865968043627994,defined,0.049852434503574676,sensitivity_only
id:x%3A0x0.0p%2B0,299,5.292,4.63688,4.730931443624149,1.8865968043627994,defined,-0.049852434503574676,sensitivity_only
id:x%3A0x0.0p%2B0,300,5.31,4.6484,4.5543485563758495,1.8865968043627994,defined,0.049852434503574676,sensitivity_only
id:x%3A0x0.0p%2B0,301,5.328,4.65992,4.753971443624149,1.8865968043627994,defined,-0.049852434503574676,sensitivity_only
id:x%3A0x0.0p%2B0,302,5.346,4.6714400000000005,4.577388556375851,1.8865968043627994,defined,0.049852434503574676,sensitivity_only
id:x%3A0x0.0p%2B0,303,5.364,4.68296,4.777011443624149,1.8865968043627994,defined,-0.049852434503574676,sensitivity_only
id:x%3A0x0.0p%2B0,304,5.382,4.69448,4.600428556375851,1.8865968043627994,defined,0.049852434503574676,sensitivity_only
id:x%3A0x0.0p%2B0,305,5.4,4.706,4.800051443624151,1.8865968043627994,defined,-0.049852434503574676,sensitivity_only
id:x%3A0x0.0p%2B0,306,5.418,4.71752,4.623468556375851,1.8865968043627994,defined,0.049852434503574676,sensitivity_only
id:x%3A0x0.0p%2B0,307,5.436,4.7290399999999995,4.823091443624149,1.8865968043627994,defined,-0.049852434503574676,sensitivity_only
id:x%3A0x0.0p%2B0,308,5.454,4.74056,4.646508556375851,1.8865968043627994,defined,0.049852434503574676,sensitivity_only
id:x%3A0x0.0p%2B0,309,5.472,4.75208,4.8461314436241505,1.8865968043627994,defined,-0.049852434503574676,sensitivity_only
id:x%3A0x0.0p%2B0,310,5.49,4.7636,4.669548556375851,1.8865968043627994,defined,0.049852434503574676,sensitivity_only
id:x%3A0x0.0p%2B0,311,5.5,4.77,4.864051443624149,1.8865968043627994,defined,-0.049852434503574676,sensitivity_only
id:x%3A0x0.0p%2B0,312,5.508,4.77512,4.6457992650167945,2.594070605998847,defined,0.049852434503574676,sensitivity_only
id:x%3A0x0.0p%2B0,313,5.526,4.78664,4.915960734983206,2.594070605998847,defined,-0.049852434503574676,sensitivity_only
id:x%3A0x0.0p%2B0,314,5.544,4.798159999999999,4.668839265016794,2.594070605998847,defined,0.049852434503574676,sensitivity_only
id:x%3A0x0.0p%2B0,315,5.562,4.80968,4.939000734983206,2.594070605998847,defined,-0.049852434503574676,sensitivity_only
id:x%3A0x0.0p%2B0,316,5.58,4.8212,4.691879265016794,2.594070605998847,defined,0.049852434503574676,sensitivity_only
id:x%3A0x0.0p%2B0,317,5.598,4.83272,4.962040734983206,2.594070605998847,defined,-0.049852434503574676,sensitivity_only
id:x%3A0x0.0p%2B0,318,5.616,4.844239999999999,4.7149192650167935,2.594070605998847,defined,0.049852434503574676,sensitivity_only
id:x%3A0x0.0p%2B0,319,5.634,4.85576,4.985080734983206,2.594070605998847,defined,-0.049852434503574676,sensitivity_only
id:x%3A0x0.0p%2B0,320,5.652,4.86728,4.737959265016794,2.594070605998847,defined,0.049852434503574676,sensitivity_only
id:x%3A0x0.0p%2B0,321,5.67,4.8788,5.008120734983206,2.594070605998847,defined,-0.049852434503574676,sensitivity_only
id:x%3A0x0.0p%2B0,322,5.688,4.89032,4.760999265016794,2.594070605998847,defined,0.049852434503574676,sensitivity_only
id:x%3A0x0.0p%2B0,323,5.706,4.90184,5.031160734983206,2.594070605998847,defined,-0.049852434503574676,sensitivity_only
id:x%3A0x0.0p%2B0,324,5.724,4.913360000000001,4.784039265016795,2.594070605998847,defined,0.049852434503574676,sensitivity_only
id:x%3A0x0.0p%2B0,325,5.742,4.92488,5.054200734983206,2.594070605998847,defined,-0.049852434503574676,sensitivity_only
id:x%3A0x0.0p%2B0,326,5.76,4.9364,4.807079265016794,2.594070605998847,defined,0.049852434503574676,sensitivity_only
id:x%3A0x0.0p%2B0,327,5.778,4.94792,5.077240734983206,2.594070605998847,defined,-0.049852434503574676,sensitivity_only
id:x%3A0x0.0p%2B0,328,5.796,4.959440000000001,4.830119265016795,2.594070605998847,defined,0.049852434503574676,sensitivity_only
id:x%3A0x0.0p%2B0,329,5.814,4.97096,5.1002807349832056,2.594070605998847,defined,-0.049852434503574676,sensitivity_only
id:x%3A0x0.0p%2B0,330,5.832,4.98248,4.853159265016794,2.594070605998847,defined,0.049852434503574676,sensitivity_only
id:x%3A0x0.0p%2B0,331,5.85,4.994,5.1233207349832055,2.594070605998847,defined,-0.049852434503574676,sensitivity_only
id:x%3A0x0.0p%2B0,332,5.868,5.005520000000001,4.876199265016795,2.594070605998847,defined,0.049852434503574676,sensitivity_only
id:x%3A0x0.0p%2B0,333,5.886,5.01704,5.1463607349832055,2.594070605998847,defined,-0.049852434503574676,sensitivity_only
id:x%3A0x0.0p%2B0,334,5.904,5.028560000000001,4.899239265016795,2.594070605998847,defined,0.049852434503574676,sensitivity_only
id:x%3A0x0.0p%2B0,335,5.922,5.04008,5.169400734983205,2.594070605998847,defined,-0.049852434503574676,sensitivity_only
id:x%3A0x0.0p%2B0,336,5.94,5.0516000000000005,4.922279265016795,2.594070605998847,defined,0.049852434503574676,sensitivity_only
id:x%3A0x0.0p%2B0,337,5.958,5.06312,5.192440734983205,2.594070605998847,defined,-0.049852434503574676,sensitivity_only
id:x%3A0x0.0p%2B0,338,5.976,5.0746400000000005,4.945319265016795,2.594070605998847,defined,0.049852434503574676,sensitivity_only
id:x%3A0x0.0p%2B0,339,5.994,5.08616,5.215480734983205,2.594070605998847,defined,-0.049852434503574676,sensitivity_only
id:x%3A0x0.0p%2B0,340,6.0,5.09,4.960679265016794,2.594070605998847,defined,0.049852434503574676,sensitivity_only
id:x%3A0x0.0p%2B0,341,6.012,5.09768,5.227000734983206,2.594070605998847,defined,-0.049852434503574676,sensitivity_only
id:x%3A0x0.0p%2B0,342,6.03,5.1092,4.979879265016795,2.594070605998847,defined,0.049852434503574676,sensitivity_only
id:x%3A0x0.0p%2B0,343,6.048,5.12072,5.250040734983206,2.594070605998847,defined,-0.049852434503574676,sensitivity_only
id:x%3A0x0.0p%2B0,344,6.066,5.1322399999999995,5.002919265016794,2.594070605998847,defined,0.049852434503574676,sensitivity_only
id:x%3A0x0.0p%2B0,345,6.084,5.14376,5.273080734983206,2.594070605998847,defined,-0.049852434503574676,sensitivity_only
id:x%3A0x0.0p%2B0,346,6.102,5.15528,5.025959265016795,2.594070605998847,defined,0.049852434503574676,sensitivity_only
id:x%3A0x0.0p%2B0,347,6.12,5.1668,5.296120734983206,2.594070605998847,defined,-0.049852434503574676,sensitivity_only
id:x%3A0x0.0p%2B0,348,6.138,5.178319999999999,5.048999265016794,2.594070605998847,defined,0.049852434503574676,sensitivity_only
id:x%3A0x0.0p%2B0,349,6.156,5.18984,5.319160734983206,2.594070605998847,defined,-0.049852434503574676,sensitivity_only
id:x%3A0x0.0p%2B0,350,6.174,5.20136,5.0720392650167945,2.594070605998847,defined,0.049852434503574676,sensitivity_only
id:x%3A0x0.0p%2B0,351,6.192,5.21288,5.342200734983206,2.594070605998847,defined,-0.049852434503574676,sensitivity_only
id:x%3A0x0.0p%2B0,352,6.21,5.2244,5.095079265016794,2.594070605998847,defined,0.049852434503574676,sensitivity_only
id:x%3A0x0.0p%2B0,353,6.228,5.23592,5.365240734983206,2.594070605998847,defined,-0.049852434503574676,sensitivity_only
id:x%3A0x0.0p%2B0,354,6.246,5.247440000000001,5.118119265016795,2.594070605998847,defined,0.049852434503574676,sensitivity_only
id:x%3A0x0.0p%2B0,355,6.264,5.25896,5.388280734983206,2.594070605998847,defined,-0.049852434503574676,sensitivity_only
id:x%3A0x0.0p%2B0,356,6.282,5.27048,5.141159265016794,2.594070605998847,defined,0.049852434503574676,sensitivity_only
id:x%3A0x0.0p%2B0,357,6.3,5.282,5.411320734983206,2.594070605998847,defined,-0.049852434503574676,sensitivity_only
id:x%3A0x0.0p%2B0,358,6.318,5.29352,5.164199265016794,2.594070605998847,defined,0.049852434503574676,sensitivity_only
id:x%3A0x0.0p%2B0,359,6.336,5.30504,5.434360734983206,2.594070605998847,defined,-0.049852434503574676,sensitivity_only
id:x%3A0x0.0p%2B0,360,6.354,5.31656,5.187239265016794,2.594070605998847,defined,0.049852434503574676,sensitivity_only
id:x%3A0x0.0p%2B0,361,6.372,5.32808,5.457400734983206,2.594070605998847,defined,-0.049852434503574676,sensitivity_only
id:x%3A0x0.0p%2B0,362,6.39,5.3396,5.210279265016794,2.594070605998847,defined,0.049852434503574676,sensitivity_only
id:x%3A0x0.0p%2B0,363,6.408,5.35112,5.480440734983206,2.594070605998847,defined,-0.049852434503574676,sensitivity_only
id:x%3A0x0.0p%2B0,364,6.426,5.36264,5.233319265016794,2.594070605998847,defined,0.049852434503574676,sensitivity_only
id:x%3A0x0.0p%2B0,365,6.444,5.37416,5.503480734983206,2.594070605998847,defined,-0.049852434503574676,sensitivity_only
id:x%3A0x0.0p%2B0,366,6.462,5.38568,5.256359265016794,2.594070605998847,defined,0.049852434503574676,sensitivity_only
id:x%3A0x0.0p%2B0,367,6.48,5.397200000000001,5.526520734983206,2.594070605998847,defined,-0.049852434503574676,sensitivity_only
id:x%3A0x0.0p%2B0,368,6.498,5.408720000000001,5.279399265016795,2.594070605998847,defined,0.049852434503574676,sensitivity_only
id:x%3A0x0.0p%2B0,369,6.516,5.42024,5.537804304530187,2.3582460054534993,defined,-0.049852434503574676,sensitivity_only
id:x%3A0x0.0p%2B0,370,6.534,5.43176,5.314195695469812,2.3582460054534993,defined,0.049852434503574676,sensitivity_only
id:x%3A0x0.0p%2B0,371,6.552,5.44328,5.560844304530187,2.3582460054534993,defined,-0.049852434503574676,sensitivity_only
id:x%3A0x0.0p%2B0,372,6.57,5.4548000000000005,5.337235695469813,2.3582460054534993,defined,0.049852434503574676,sensitivity_only
id:x%3A0x0.0p%2B0,373,6.588,5.4663200000000005,5.583884304530188,2.3582460054534993,defined,-0.049852434503574676,sensitivity_only
id:x%3A0x0.0p%2B0,374,6.606,5.47784,5.360275695469812,2.3582460054534993,defined,0.049852434503574676,sensitivity_only
id:x%3A0x0.0p%2B0,375,6.624,5.48936,5.606924304530187,2.3582460054534993,defined,-0.049852434503574676,sensitivity_only
id:x%3A0x0.0p%2B0,376,6.642,5.50088,5.383315695469813,2.3582460054534993,defined,0.049852434503574676,sensitivity_only
id:x%3A0x0.0p%2B0,377,6.66,5.5124,5.629964304530188,2.3582460054534993,defined,-0.049852434503574676,sensitivity_only
id:x%3A0x0.0p%2B0,378,6.678,5.52392,5.406355695469813,2.3582460054534993,defined,0.049852434503574676,sensitivity_only
id:x%3A0x0.0p%2B0,379,6.696,5.53544,5.653004304530188,2.3582460054534993,defined,-0.049852434503574676,sensitivity_only
id:x%3A0x0.0p%2B0,380,6.714,5.54696,5.429395695469813,2.3582460054534993,defined,0.049852434503574676,sensitivity_only
id:x%3A0x0.0p%2B0,381,6.732,5.55848,5.676044304530188,2.3582460054534993,defined,-0.049852434503574676,sensitivity_only
id:x%3A0x0.0p%2B0,382,6.75,5.57,5.452435695469813,2.3582460054534993,defined,0.049852434503574676,sensitivity_only
id:x%3A0x0.0p%2B0,383,6.768,5.58152,5.699084304530188,2.3582460054534993,defined,-0.049852434503574676,sensitivity_only
id:x%3A0x0.0p%2B0,384,6.786,5.59304,5.475475695469813,2.3582460054534993,defined,0.049852434503574676,sensitivity_only
id:x%3A0x0.0p%2B0,385,6.804,5.60456,5.722124304530188,2.3582460054534993,defined,-0.049852434503574676,sensitivity_only
id:x%3A0x0.0p%2B0,386,6.822,5.61608,5.498515695469813,2.3582460054534993,defined,0.049852434503574676,sensitivity_only
id:x%3A0x0.0p%2B0,387,6.84,5.6276,5.745164304530188,2.3582460054534993,defined,-0.049852434503574676,sensitivity_only
id:x%3A0x0.0p%2B0,388,6.858,5.63912,5.521555695469813,2.3582460054534993,defined,0.049852434503574676,sensitivity_only
id:x%3A0x0.0p%2B0,389,6.876,5.65064,5.768204304530188,2.3582460054534993,defined,-0.049852434503574676,sensitivity_only
id:x%3A0x0.0p%2B0,390,6.894,5.66216,5.544595695469813,2.3582460054534993,defined,0.049852434503574676,sensitivity_only
id:x%3A0x0.0p%2B0,391,6.912,5.67368,5.791244304530188,2.3582460054534993,defined,-0.049852434503574676,sensitivity_only
id:x%3A0x0.0p%2B0,392,6.93,5.6852,5.5676356954698125,2.3582460054534993,defined,0.049852434503574676,sensitivity_only
id:x%3A0x0.0p%2B0,393,6.948,5.69672,5.8142843045301875,2.3582460054534993,defined,-0.049852434503574676,sensitivity_only
id:x%3A0x0.0p%2B0,394,6.966,5.70824,5.5906756954698125,2.3582460054534993,defined,0.049852434503574676,sensitivity_only
id:x%3A0x0.0p%2B0,395,6.984,5.71976,5.8373243045301875,2.3582460054534993,defined,-0.049852434503574676,sensitivity_only
id:x%3A0x0.0p%2B0,396,7.0,5.73,5.612435695469813,2.3582460054534993,defined,0.049852434503574676,sensitivity_only
id:x%3A0x0.0p%2B0,397,7.002,5.73128,5.848844304530187,2.3582460054534993,defined,-0.049852434503574676,sensitivity_only
id:x%3A0x0.0p%2B0,398,7.02,5.7428,5.625235695469812,2.3582460054534993,defined,0.049852434503574676,sensitivity_only
id:x%3A0x0.0p%2B0,399,7.038,5.75432,5.871884304530187,2.3582460054534993,defined,-0.049852434503574676,sensitivity_only
id:x%3A0x0.0p%2B0,400,7.056,5.76584,5.648275695469812,2.3582460054534993,defined,0.049852434503574676,sensitivity_only
id:x%3A0x0.0p%2B0,401,7.074,5.77736,5.894924304530187,2.3582460054534993,defined,-0.049852434503574676,sensitivity_only
id:x%3A0x0.0p%2B0,402,7.092,5.78888,5.671315695469812,2.3582460054534993,defined,0.049852434503574676,sensitivity_only
id:x%3A0x0.0p%2B0,403,7.11,5.800400000000001,5.917964304530188,2.3582460054534993,defined,-0.049852434503574676,sensitivity_only
id:x%3A0x0.0p%2B0,404,7.128,5.81192,5.694355695469812,2.3582460054534993,defined,0.049852434503574676,sensitivity_only
id:x%3A0x0.0p%2B0,405,7.146,5.82344,5.941004304530187,2.3582460054534993,defined,-0.049852434503574676,sensitivity_only
id:x%3A0x0.0p%2B0,406,7.164,5.83496,5.717395695469812,2.3582460054534993,defined,0.049852434503574676,sensitivity_only
id:x%3A0x0.0p%2B0,407,7.182,5.846480000000001,5.964044304530188,2.3582460054534993,defined,-0.049852434503574676,sensitivity_only
id:x%3A0x0.0p%2B0,408,7.2,5.8580000000000005,5.740435695469813,2.3582460054534993,defined,0.049852434503574676,sensitivity_only
id:x%3A0x0.0p%2B0,409,7.218,5.8695200000000005,5.987084304530188,2.3582460054534993,defined,-0.049852434503574676,sensitivity_only
id:x%3A0x0.0p%2B0,410,7.236,5.88104,5.763475695469812,2.3582460054534993,defined,0.049852434503574676,sensitivity_only
id:x%3A0x0.0p%2B0,411,7.254,5.89256,6.010124304530187,2.3582460054534993,defined,-0.049852434503574676,sensitivity_only
id:x%3A0x0.0p%2B0,412,7.272,5.90408,5.786515695469813,2.3582460054534993,defined,0.049852434503574676,sensitivity_only
id:x%3A0x0.0p%2B0,413,7.29,5.9156,6.033164304530188,2.3582460054534993,defined,-0.049852434503574676,sensitivity_only
id:x%3A0x0.0p%2B0,414,7.308,5.92712,5.809555695469813,2.3582460054534993,defined,0.049852434503574676,sensitivity_only
id:x%3A0x0.0p%2B0,415,7.326,5.9386399999999995,6.056204304530187,2.3582460054534993,defined,-0.049852434503574676,sensitivity_only
id:x%3A0x0.0p%2B0,416,7.344,5.95016,5.832595695469813,2.3582460054534993,defined,0.049852434503574676,sensitivity_only
id:x%3A0x0.0p%2B0,417,7.362,5.96168,6.079244304530188,2.3582460054534993,defined,-0.049852434503574676,sensitivity_only
id:x%3A0x0.0p%2B0,418,7.38,5.9732,5.855635695469813,2.3582460054534993,defined,0.049852434503574676,sensitivity_only
id:x%3A0x0.0p%2B0,419,7.398,5.98472,6.102284304530188,2.3582460054534993,defined,-0.049852434503574676,sensitivity_only
id:x%3A0x0.0p%2B0,420,7.416,5.99624,5.878675695469813,2.3582460054534993,defined,0.049852434503574676,sensitivity_only
id:x%3A0x0.0p%2B0,421,7.434,6.00776,6.125324304530188,2.3582460054534993,defined,-0.049852434503574676,sensitivity_only
id:x%3A0x0.0p%2B0,422,7.452,6.01928,5.901715695469813,2.3582460054534993,defined,0.049852434503574676,sensitivity_only
id:x%3A0x0.0p%2B0,423,7.47,6.0308,6.148364304530188,2.3582460054534993,defined,-0.049852434503574676,sensitivity_only
id:x%3A0x0.0p%2B0,424,7.488,6.04232,5.924755695469813,2.3582460054534993,defined,0.049852434503574676,sensitivity_only
id:x%3A0x0.0p%2B0,425,7.506,6.05384,6.171404304530188,2.358246005453502,defined,-0.049852434503574676,sensitivity_only
id:x%3A0x0.0p%2B0,426,7.524,6.06536,5.947795695469813,2.358246005453502,defined,0.049852434503574676,sensitivity_only
id:x%3A0x0.0p%2B0,427,7.542,6.07688,6.194444304530188,2.358246005453502,defined,-0.049852434503574676,sensitivity_only
id:x%3A0x0.0p%2B0,428,7.56,6.0884,5.9708356954698125,2.358246005453502,defined,0.049852434503574676,sensitivity_only
id:x%3A0x0.0p%2B0,429,7.578,6.09992,6.2174843045301875,2.358246005453502,defined,-0.049852434503574676,sensitivity_only
id:x%3A0x0.0p%2B0,430,7.596,6.11144,5.9938756954698125,2.358246005453502,defined,0.049852434503574676,sensitivity_only
id:x%3A0x0.0p%2B0,431,7.614,6.12296,6.2405243045301875,2.358246005453502,defined,-0.049852434503574676,sensitivity_only
id:x%3A0x0.0p%2B0,432,7.632,6.13448,6.016915695469812,2.358246005453502,defined,0.049852434503574676,sensitivity_only
id:x%3A0x0.0p%2B0,433,7.65,6.146,6.263564304530187,2.358246005453502,defined,-0.049852434503574676,sensitivity_only
id:x%3A0x0.0p%2B0,434,7.668,6.15752,6.039955695469812,2.358246005453502,defined,0.049852434503574676,sensitivity_only
id:x%3A0x0.0p%2B0,435,7.686,6.16904,6.286604304530187,2.358246005453502,defined,-0.049852434503574676,sensitivity_only
id:x%3A0x0.0p%2B0,436,7.704,6.18056,6.062995695469812,2.358246005453502,defined,0.049852434503574676,sensitivity_only
id:x%3A0x0.0p%2B0,437,7.722,6.192080000000001,6.309644304530188,2.358246005453502,defined,-0.049852434503574676,sensitivity_only
id:x%3A0x0.0p%2B0,438,7.74,6.203600000000001,6.086035695469813,2.358246005453502,defined,0.049852434503574676,sensitivity_only
id:x%3A0x0.0p%2B0,439,7.758,6.21512,6.332684304530187,2.358246005453502,defined,-0.049852434503574676,sensitivity_only
id:x%3A0x0.0p%2B0,440,7.776,6.22664,6.109075695469812,2.358246005453502,defined,0.049852434503574676,sensitivity_only
id:x%3A0x0.0p%2B0,441,7.794,6.23816,6.355724304530187,2.358246005453502,defined,-0.049852434503574676,sensitivity_only
id:x%3A0x0.0p%2B0,442,7.812,6.249680000000001,6.132115695469813,2.358246005453502,defined,0.049852434503574676,sensitivity_only
id:x%3A0x0.0p%2B0,443,7.83,6.2612000000000005,6.378764304530188,2.358246005453502,defined,-0.049852434503574676,sensitivity_only
id:x%3A0x0.0p%2B0,444,7.848,6.27272,6.155155695469812,2.358246005453502,defined,0.049852434503574676,sensitivity_only
id:x%3A0x0.0p%2B0,445,7.866,6.28424,6.401804304530187,2.358246005453502,defined,-0.049852434503574676,sensitivity_only
id:x%3A0x0.0p%2B0,446,7.884,6.2957600000000005,6.178195695469813,2.358246005453502,defined,0.049852434503574676,sensitivity_only
id:x%3A0x0.0p%2B0,447,7.902,6.30728,6.424844304530188,2.358246005453502,defined,-0.049852434503574676,sensitivity_only
id:x%3A0x0.0p%2B0,448,7.92,6.3188,6.201235695469813,2.358246005453502,defined,0.049852434503574676,sensitivity_only
id:x%3A0x0.0p%2B0,449,7.938,6.3303199999999995,6.447884304530187,2.358246005453502,defined,-0.049852434503574676,sensitivity_only
id:x%3A0x0.0p%2B0,450,7.956,6.34184,6.224275695469813,2.358246005453502,defined,0.049852434503574676,sensitivity_only
id:x%3A0x0.0p%2B0,451,7.974,6.35336,6.470924304530188,2.358246005453502,defined,-0.049852434503574676,sensitivity_only
id:x%3A0x0.0p%2B0,452,7.992,6.36488,6.247315695469813,2.358246005453502,defined,0.049852434503574676,sensitivity_only
id:x%3A0x0.0p%2B0,453,8.0,6.37,6.487564304530188,2.358246005453502,defined,-0.049852434503574676,sensitivity_only
id:x%3A0x0.0p%2B0,454,8.01,6.3764,6.258835695469813,2.358246005453502,defined,0.049852434503574676,sensitivity_only
id:x%3A0x0.0p%2B0,455,8.028,6.38792,6.505484304530188,2.358246005453502,defined,-0.049852434503574676,sensitivity_only
id:x%3A0x0.0p%2B0,456,8.046,6.399439999999999,6.281875695469812,2.358246005453502,defined,0.049852434503574676,sensitivity_only
id:x%3A0x0.0p%2B0,457,8.064,6.41096,6.528524304530188,2.358246005453502,defined,-0.049852434503574676,sensitivity_only
id:x%3A0x0.0p%2B0,458,8.082,6.42248,6.304915695469813,2.358246005453502,defined,0.049852434503574676,sensitivity_only
id:x%3A0x0.0p%2B0,459,8.1,6.434,6.551564304530188,2.358246005453502,defined,-0.049852434503574676,sensitivity_only
id:x%3A0x0.0p%2B0,460,8.118,6.44552,6.327955695469813,2.358246005453502,defined,0.049852434503574676,sensitivity_only
id:x%3A0x0.0p%2B0,461,8.136,6.457039999999999,6.574604304530187,2.358246005453502,defined,-0.049852434503574676,sensitivity_only
id:x%3A0x0.0p%2B0,462,8.154,6.46856,6.350995695469813,2.358246005453502,defined,0.049852434503574676,sensitivity_only
id:x%3A0x0.0p%2B0,463,8.172,6.48008,6.597644304530188,2.358246005453502,defined,-0.049852434503574676,sensitivity_only
id:x%3A0x0.0p%2B0,464,8.19,6.4916,6.3740356954698125,2.358246005453502,defined,0.049852434503574676,sensitivity_only
id:x%3A0x0.0p%2B0,465,8.208,6.50312,6.6206843045301875,2.358246005453502,defined,-0.049852434503574676,sensitivity_only
id:x%3A0x0.0p%2B0,466,8.226,6.514640000000001,6.397075695469813,2.358246005453502,defined,0.049852434503574676,sensitivity_only
id:x%3A0x0.0p%2B0,467,8.244,6.52616,6.6437243045301875,2.358246005453502,defined,-0.049852434503574676,sensitivity_only
id:x%3A0x0.0p%2B0,468,8.262,6.537680000000001,6.420115695469813,2.358246005453502,defined,0.049852434503574676,sensitivity_only
id:x%3A0x0.0p%2B0,469,8.28,6.5492,6.666764304530187,2.358246005453502,defined,-0.049852434503574676,sensitivity_only
id:x%3A0x0.0p%2B0,470,8.298,6.56072,6.443155695469812,2.358246005453502,defined,0.049852434503574676,sensitivity_only
id:x%3A0x0.0p%2B0,471,8.316,6.572240000000001,6.689804304530188,2.358246005453502,defined,-0.049852434503574676,sensitivity_only
id:x%3A0x0.0p%2B0,472,8.334,6.58376,6.466195695469812,2.358246005453502,defined,0.049852434503574676,sensitivity_only
id:x%3A0x0.0p%2B0,473,8.352,6.595280000000001,6.712844304530188,2.358246005453502,defined,-0.049852434503574676,sensitivity_only
id:x%3A0x0.0p%2B0,474,8.37,6.6068,6.489235695469812,2.358246005453502,defined,0.049852434503574676,sensitivity_only
id:x%3A0x0.0p%2B0,475,8.388,6.61832,6.735884304530187,2.358246005453502,defined,-0.049852434503574676,sensitivity_only
id:x%3A0x0.0p%2B0,476,8.406,6.629840000000001,6.512275695469813,2.358246005453502,defined,0.049852434503574676,sensitivity_only
id:x%3A0x0.0p%2B0,477,8.424,6.64136,6.758924304530187,2.358246005453502,defined,-0.049852434503574676,sensitivity_only
id:x%3A0x0.0p%2B0,478,8.442,6.652880000000001,6.535315695469813,2.358246005453502,defined,0.049852434503574676,sensitivity_only
id:x%3A0x0.0p%2B0,479,8.46,6.6644000000000005,6.781964304530188,2.358246005453502,defined,-0.049852434503574676,sensitivity_only
id:x%3A0x0.0p%2B0,480,8.478,6.67592,6.558355695469812,2.358246005453502,defined,0.049852434503574676,sensitivity_only
id:x%3A0x0.0p%2B0,481,8.496,6.6874400000000005,6.805004304530188,2.358246005453502,defined,-0.049852434503574676,sensitivity_only
id:x%3A0x0.0p%2B0,482,8.514,6.69896,6.581395695469812,2.358246005453502,defined,0.049852434503574676,sensitivity_only
id:x%3A0x0.0p%2B0,483,8.532,6.7104800000000004,6.828044304530188,2.358246005453502,defined,-0.049852434503574676,sensitivity_only
id:x%3A0x0.0p%2B0,484,8.55,6.722,6.604435695469813,2.358246005453502,defined,0.049852434503574676,sensitivity_only
id:x%3A0x0.0p%2B0,485,8.568,6.7335199999999995,6.851084304530187,2.358246005453502,defined,-0.049852434503574676,sensitivity_only
id:x%3A0x0.0p%2B0,486,8.586,6.74504,6.627475695469813,2.358246005453502,defined,0.049852434503574676,sensitivity_only
id:x%3A0x0.0p%2B0,487,8.604,6.7565599999999995,6.874124304530187,2.358246005453502,defined,-0.049852434503574676,sensitivity_only
id:x%3A0x0.0p%2B0,488,8.622,6.76808,6.650515695469813,2.358246005453502,defined,0.049852434503574676,sensitivity_only
id:x%3A0x0.0p%2B0,489,8.64,6.7796,6.897164304530188,2.358246005453502,defined,-0.049852434503574676,sensitivity_only
id:x%3A0x0.0p%2B0,490,8.658,6.791119999999999,6.673555695469812,2.358246005453502,defined,0.049852434503574676,sensitivity_only
id:x%3A0x0.0p%2B0,491,8.676,6.80264,6.920204304530188,2.358246005453502,defined,-0.049852434503574676,sensitivity_only
id:x%3A0x0.0p%2B0,492,8.694,6.81416,6.696595695469813,2.358246005453502,defined,0.049852434503574676,sensitivity_only
id:x%3A0x0.0p%2B0,493,8.712,6.82568,6.943244304530188,2.358246005453502,defined,-0.049852434503574676,sensitivity_only
id:x%3A0x0.0p%2B0,494,8.73,6.8372,6.719635695469813,2.358246005453502,defined,0.049852434503574676,sensitivity_only
id:x%3A0x0.0p%2B0,495,8.748,6.848719999999999,6.966284304530187,2.358246005453502,defined,-0.049852434503574676,sensitivity_only
id:x%3A0x0.0p%2B0,496,8.766,6.86024,6.742675695469813,2.358246005453502,defined,0.049852434503574676,sensitivity_only
id:x%3A0x0.0p%2B0,497,8.784,6.871760000000001,6.9893243045301885,2.358246005453502,defined,-0.049852434503574676,sensitivity_only
id:x%3A0x0.0p%2B0,498,8.802,6.88328,6.7657156954698126,2.358246005453502,defined,0.049852434503574676,sensitivity_only
id:x%3A0x0.0p%2B0,499,8.82,6.8948,7.0123643045301876,2.358246005453502,defined,-0.049852434503574676,sensitivity_only
id:x%3A0x0.0p%2B0,500,8.838,6.90632,6.7887556954698125,2.358246005453502,defined,0.049852434503574676,sensitivity_only
id:x%3A0x0.0p%2B0,501,8.856,6.91784,7.0354043045301875,2.358246005453502,defined,-0.049852434503574676,sensitivity_only
id:x%3A0x0.0p%2B0,502,8.874,6.929360000000001,6.811795695469813,2.358246005453502,defined,0.049852434503574676,sensitivity_only
id:x%3A0x0.0p%2B0,503,8.892,6.94088,7.0584443045301875,2.358246005453502,defined,-0.049852434503574676,sensitivity_only
id:x%3A0x0.0p%2B0,504,8.91,6.9524,6.834835695469812,2.358246005453502,defined,0.049852434503574676,sensitivity_only
id:x%3A0x0.0p%2B0,505,8.928,6.963920000000001,7.081484304530188,2.358246005453502,defined,-0.049852434503574676,sensitivity_only
id:x%3A0x0.0p%2B0,506,8.946,6.97544,6.857875695469812,2.358246005453502,defined,0.049852434503574676,sensitivity_only
id:x%3A0x0.0p%2B0,507,8.964,6.986960000000001,7.104524304530188,2.358246005453502,defined,-0.049852434503574676,sensitivity_only
id:x%3A0x0.0p%2B0,508,8.982,6.99848,6.880915695469812,2.358246005453502,defined,0.049852434503574676,sensitivity_only
id:x%3A0x0.0p%2B0,509,9.0,7.01,7.127564304530187,2.358246005453502,defined,-0.049852434503574676,sensitivity_only
id:x%3A0x1.0000000000000p%2B0,0,0.0,1.25,1.0021221420934434,2.594070605998847,defined,0.09555555555555556,sensitivity_only
id:x%3A0x1.0000000000000p%2B0,1,0.018,1.26152,1.38509314676173,2.594070605998847,defined,-0.04763677074786024,sensitivity_only
id:x%3A0x1.0000000000000p%2B0,2,0.036,1.27304,1.14946685323827,2.594070605998847,defined,0.04763677074786024,sensitivity_only
id:x%3A0x1.0000000000000p%2B0,3,0.054,1.28456,1.40813314676173,2.594070605998847,defined,-0.04763677074786024,sensitivity_only
id:x%3A0x1.0000000000000p%2B0,4,0.072,1.29608,1.1725068532382699,2.594070605998847,defined,0.04763677074786024,sensitivity_only
id:x%3A0x1.0000000000000p%2B0,5,0.09,1.3076,1.4311731467617301,2.594070605998847,defined,-0.04763677074786024,sensitivity_only
id:x%3A0x1.0000000000000p%2B0,6,0.108,1.31912,1.19554685323827,2.594070605998847,defined,0.04763677074786024,sensitivity_only
id:x%3A0x1.0000000000000p%2B0,7,0.126,1.33064,1.45421314676173,2.594070605998847,defined,-0.04763677074786024,sensitivity_only
id:x%3A0x1.0000000000000p%2B0,8,0.144,1.34216,1.21858685323827,2.594070605998847,defined,0.04763677074786024,sensitivity_only
id:x%3A0x1.0000000000000p%2B0,9,0.162,1.35368,1.47725314676173,2.594070605998847,defined,-0.04763677074786024,sensitivity_only
id:x%3A0x1.0000000000000p%2B0,10,0.18,1.3652,1.24162685323827,2.594070605998847,defined,0.04763677074786024,sensitivity_only
id:x%3A0x1.0000000000000p%2B0,11,0.198,1.37672,1.50029314676173,2.594070605998847,defined,-0.04763677074786024,sensitivity_only
id:x%3A0x1.0000000000000p%2B0,12,0.216,1.38824,1.2646668532382699,2.594070605998847,defined,0.04763677074786024,sensitivity_only
id:x%3A0x1.0000000000000p%2B0,13,0.234,1.3997600000000001,1.5233331467617302,2.594070605998847,defined,-0.04763677074786024,sensitivity_only
id:x%3A0x1.0000000000000p%2B0,14,0.252,1.41128,1.28770685323827,2.594070605998847,defined,0.04763677074786024,sensitivity_only
id:x%3A0x1.0000000000000p%2B0,15,0.27,1.4228,1.54637314676173,2.594070605998847,defined,-0.04763677074786024,sensitivity_only
id:x%3A0x1.0000000000000p%2B0,16,0.288,1.43432,1.31074685323827,2.594070605998847,defined,0.04763677074786024,sensitivity_only
id:x%3A0x1.0000000000000p%2B0,17,0.306,1.44584,1.56941314676173,2.594070605998847,defined,-0.04763677074786024,sensitivity_only
id:x%3A0x1.0000000000000p%2B0,18,0.324,1.45736,1.33378685323827,2.594070605998847,defined,0.04763677074786024,sensitivity_only
id:x%3A0x1.0000000000000p%2B0,19,0.342,1.46888,1.59245314676173,2.594070605998847,defined,-0.04763677074786024,sensitivity_only
id:x%3A0x1.0000000000000p%2B0,20,0.36,1.4804,1.35682685323827,2.594070605998847,defined,0.04763677074786024,sensitivity_only
id:x%3A0x1.0000000000000p%2B0,21,0.378,1.49192,1.61549314676173,2.594070605998847,defined,-0.04763677074786024,sensitivity_only
id:x%3A0x1.0000000000000p%2B0,22,0.396,1.5034399999999999,1.3798668532382699,2.594070605998847,defined,0.04763677074786024,sensitivity_only
id:x%3A0x1.0000000000000p%2B0,23,0.414,1.5149599999999999,1.63853314676173,2.594070605998847,defined,-0.04763677074786024,sensitivity_only
id:x%3A0x1.0000000000000p%2B0,24,0.432,1.52648,1.40290685323827,2.594070605998847,defined,0.04763677074786024,sensitivity_only
id:x%3A0x1.0000000000000p%2B0,25,0.45,1.538,1.66157314676173,2.594070605998847,defined,-0.04763677074786024,sensitivity_only
id:x%3A0x1.0000000000000p%2B0,26,0.468,1.54952,1.42594685323827,2.594070605998847,defined,0.04763677074786024,sensitivity_only
id:x%3A0x1.0000000000000p%2B0,27,0.486,1.56104,1.68461314676173,2.594070605998847,defined,-0.04763677074786024,sensitivity_only
id:x%3A0x1.0000000000000p%2B0,28,0.504,1.57256,1.4602207756711545,2.3582460054534993,defined,0.04763677074786024,sensitivity_only
id:x%3A0x1.0000000000000p%2B0,29,0.522,1.5840800000000002,1.6964192243288456,2.3582460054534993,defined,-0.04763677074786024,sensitivity_only
id:x%3A0x1.0000000000000p%2B0,30,0.54,1.5956000000000001,1.4832607756711547,2.3582460054534993,defined,0.04763677074786024,sensitivity_only
id:x%3A0x1.0000000000000p%2B0,31,0.558,1.60712,1.7194592243288456,2.3582460054534993,defined,-0.04763677074786024,sensitivity_only
id:x%3A0x1.0000000000000p%2B0,32,0.576,1.61864,1.5063007756711546,2.3582460054534993,defined,0.04763677074786024,sensitivity_only
id:x%3A0x1.0000000000000p%2B0,33,0.594,1.63016,1.7424992243288455,2.3582460054534993,defined,-0.04763677074786024,sensitivity_only
id:x%3A0x1.0000000000000p%2B0,34,0.612,1.64168,1.5293407756711546,2.3582460054534993,defined,0.04763677074786024,sensitivity_only
id:x%3A0x1.0000000000000p%2B0,35,0.63,1.6532,1.7655392243288455,2.3582460054534993,defined,-0.04763677074786024,sensitivity_only
id:x%3A0x1.0000000000000p%2B0,36,0.648,1.66472,1.5523807756711545,2.3582460054534993,defined,0.04763677074786024,sensitivity_only
id:x%3A0x1.0000000000000p%2B0,37,0.666,1.67624,1.7885792243288454,2.3582460054534993,defined,-0.04763677074786024,sensitivity_only
id:x%3A0x1.0000000000000p%2B0,38,0.684,1.68776,1.5754207756711545,2.3582460054534993,defined,0.04763677074786024,sensitivity_only
id:x%3A0x1.0000000000000p%2B0,39,0.702,1.69928,1.8116192243288454,2.3582460054534993,defined,-0.04763677074786024,sensitivity_only
id:x%3A0x1.0000000000000p%2B0,40,0.72,1.7107999999999999,1.5984607756711544,2.3582460054534993,defined,0.04763677074786024,sensitivity_only
id:x%3A0x1.0000000000000p%2B0,41,0.738,1.72232,1.8346592243288455,2.3582460054534993,defined,-0.04763677074786024,sensitivity_only
id:x%3A0x1.0000000000000p%2B0,42,0.756,1.73384,1.6215007756711546,2.3582460054534993,defined,0.04763677074786024,sensitivity_only
id:x%3A0x1.0000000000000p%2B0,43,0.774,1.74536,1.8576992243288455,2.3582460054534993,defined,-0.04763677074786024,sensitivity_only
id:x%3A0x1.0000000000000p%2B0,44,0.792,1.75688,1.6445407756711545,2.3582460054534993,defined,0.04763677074786024,sensitivity_only
id:x%3A0x1.0000000000000p%2B0,45,0.81,1.7684000000000002,1.8807392243288457,2.3582460054534993,defined,-0.04763677074786024,sensitivity_only
id:x%3A0x1.0000000000000p%2B0,46,0.828,1.77992,1.6675807756711545,2.3582460054534993,defined,0.04763677074786024,sensitivity_only
id:x%3A0x1.0000000000000p%2B0,47,0.846,1.7914400000000001,1.9037792243288456,2.3582460054534993,defined,-0.04763677074786024,sensitivity_only
id:x%3A0x1.0000000000000p%2B0,48,0.864,1.8029600000000001,1.6906207756711547,2.3582460054534993,defined,0.04763677074786024,sensitivity_only
id:x%3A0x1.0000000000000p%2B0,49,0.882,1.81448,1.9268192243288456,2.3582460054534993,defined,-0.04763677074786024,sensitivity_only
id:x%3A0x1.0000000000000p%2B0,50,0.9,1.826,1.7136607756711546,2.3582460054534993,defined,0.04763677074786024,sensitivity_only
id:x%3A0x1.0000000000000p%2B0,51,0.918,1.83752,1.9498592243288455,2.3582460054534993,defined,-0.04763677074786024,sensitivity_only
id:x%3A0x1.0000000000000p%2B0,52,0.936,1.84904,1.7367007756711546,2.3582460054534993,defined,0.04763677074786024,sensitivity_only
id:x%3A0x1.0000000000000p%2B0,53,0.954,1.86056,1.9728992243288455,2.3582460054534993,defined,-0.04763677074786024,sensitivity_only
id:x%3A0x1.0000000000000p%2B0,54,0.972,1.87208,1.7597407756711545,2.3582460054534993,defined,0.04763677074786024,sensitivity_only
id:x%3A0x1.0000000000000p%2B0,55,0.99,1.8836,1.9959392243288454,2.3582460054534993,defined,-0.04763677074786024,sensitivity_only
id:x%3A0x1.0000000000000p%2B0,56,1.0,1.8900000000000001,1.7776607756711547,2.3582460054534993,defined,0.04763677074786024,sensitivity_only
id:x%3A0x1.0000000000000p%2B0,57,1.008,1.89512,2.0074592243288456,2.3582460054534993,defined,-0.04763677074786024,sensitivity_only
id:x%3A0x1.0000000000000p%2B0,58,1.026,1.90664,1.7943007756711544,2.3582460054534993,defined,0.04763677074786024,sensitivity_only
id:x%3A0x1.0000000000000p%2B0,59,1.044,1.91816,2.0304992243288456,2.3582460054534993,defined,-0.04763677074786024,sensitivity_only
id:x%3A0x1.0000000000000p%2B0,60,1.062,1.92968,1.8173407756711546,2.3582460054534993,defined,0.04763677074786024,sensitivity_only
id:x%3A0x1.0000000000000p%2B0,61,1.08,1.9412,2.0535392243288455,2.3582460054534993,defined,-0.04763677074786024,sensitivity_only
id:x%3A0x1.0000000000000p%2B0,62,1.098,1.9527200000000002,1.8403807756711548,2.3582460054534993,defined,0.04763677074786024,sensitivity_only
id:x%3A0x1.0000000000000p%2B0,63,1.116,1.9642400000000002,2.076579224328846,2.3582460054534993,defined,-0.04763677074786024,sensitivity_only
id:x%3A0x1.0000000000000p%2B0,64,1.134,1.97576,1.8634207756711545,2.3582460054534993,defined,0.04763677074786024,sensitivity_only
id:x%3A0x1.0000000000000p%2B0,65,1.152,1.98728,2.0996192243288454,2.3582460054534993,defined,-0.04763677074786024,sensitivity_only
id:x%3A0x1.0000000000000p%2B0,66,1.17,1.9988000000000001,1.8864607756711547,2.3582460054534993,defined,0.04763677074786024,sensitivity_only
id:x%3A0x1.0000000000000p%2B0,67,1.188,2.01032,2.122659224328846,2.3582460054534993,defined,-0.04763677074786024,sensitivity_only
id:x%3A0x1.0000000000000p%2B0,68,1.206,2.02184,1.9095007756711546,2.3582460054534993,defined,0.04763677074786024,sensitivity_only
id:x%3A0x1.0000000000000p%2B0,69,1.224,2.03336,2.1456992243288457,2.3582460054534993,defined,-0.04763677074786024,sensitivity_only
id:x%3A0x1.0000000000000p%2B0,70,1.242,2.04488,1.9325407756711546,2.3582460054534993,defined,0.04763677074786024,sensitivity_only
id:x%3A0x1.0000000000000p%2B0,71,1.26,2.0564,2.1687392243288457,2.3582460054534993,defined,-0.04763677074786024,sensitivity_only
id:x%3A0x1.0000000000000p%2B0,72,1.278,2.06792,1.9555807756711545,2.3582460054534993,defined,0.04763677074786024,sensitivity_only
id:x%3A0x1.0000000000000p%2B0,73,1.296,2.07944,2.1917792243288456,2.3582460054534993,defined,-0.04763677074786024,sensitivity_only
id:x%3A0x1.0000000000000p%2B0,74,1.314,2.09096,1.9786207756711545,2.3582460054534993,defined,0.04763677074786024,sensitivity_only
id:x%3A0x1.0000000000000p%2B0,75,1.332,2.10248,2.2148192243288456,2.3582460054534993,defined,-0.04763677074786024,sensitivity_only
id:x%3A0x1.0000000000000p%2B0,76,1.35,2.114,2.001660775671154,2.3582460054534993,defined,0.04763677074786024,sensitivity_only
id:x%3A0x1.0000000000000p%2B0,77,1.368,2.12552,2.2378592243288455,2.3582460054534993,defined,-0.04763677074786024,sensitivity_only
id:x%3A0x1.0000000000000p%2B0,78,1.386,2.13704,2.024700775671154,2.3582460054534993,defined,0.04763677074786024,sensitivity_only
id:x%3A0x1.0000000000000p%2B0,79,1.404,2.14856,2.2608992243288455,2.3582460054534993,defined,-0.04763677074786024,sensitivity_only
id:x%3A0x1.0000000000000p%2B0,80,1.422,2.16008,2.047740775671154,2.3582460054534993,defined,0.04763677074786024,sensitivity_only
id:x%3A0x1.0000000000000p%2B0,81,1.44,2.1715999999999998,2.2839392243288454,2.3582460054534993,defined,-0.04763677074786024,sensitivity_only
id:x%3A0x1.0000000000000p%2B0,82,1.458,2.1831199999999997,2.070780775671154,2.3582460054534993,defined,0.04763677074786024,sensitivity_only
id:x%3A0x1.0000000000000p%2B0,83,1.476,2.19464,2.306979224328846,2.3582460054534993,defined,-0.04763677074786024,sensitivity_only
id:x%3A0x1.0000000000000p%2B0,84,1.494,2.20616,2.0938207756711544,2.3582460054534993,defined,0.04763677074786024,sensitivity_only
id:x%3A0x1.0000000000000p%2B0,85,1.512,2.21768,2.330019224328846,2.3582460054534997,defined,-0.04763677074786024,sensitivity_only
id:x%3A0x1.0000000000000p%2B0,86,1.53,2.2292,2.1168607756711544,2.3582460054534997,defined,0.04763677074786024,sensitivity_only
id:x%3A0x1.0000000000000p%2B0,87,1.548,2.24072,2.3530592243288457,2.3582460054534997,defined,-0.04763677074786024,sensitivity_only
id:x%3A0x1.0000000000000p%2B0,88,1.566,2.25224,2.1399007756711543,2.3582460054534997,defined,0.04763677074786024,sensitivity_only
id:x%3A0x1.0000000000000p%2B0,89,1.584,2.26376,2.3760992243288457,2.3582460054534997,defined,-0.04763677074786024,sensitivity_only
id:x%3A0x1.0000000000000p%2B0,90,1.602,2.27528,2.1629407756711543,2.3582460054534997,defined,0.04763677074786024,sensitivity_only
id:x%3A0x1.0000000000000p%2B0,91,1.62,2.2868000000000004,2.399139224328846,2.3582460054534997,defined,-0.04763677074786024,sensitivity_only
id:x%3A0x1.0000000000000p%2B0,92,1.638,2.29832,2.1859807756711542,2.3582460054534997,defined,0.04763677074786024,sensitivity_only
id:x%3A0x1.0000000000000p%2B0,93,1.656,2.30984,2.4221792243288456,2.3582460054534997,defined,-0.04763677074786024,sensitivity_only
id:x%3A0x1.0000000000000p%2B0,94,1.674,2.3213600000000003,2.2090207756711546,2.3582460054534997,defined,0.04763677074786024,sensitivity_only
id:x%3A0x1.0000000000000p%2B0,95,1.692,2.3328800000000003,2.445219224328846,2.3582460054534997,defined,-0.04763677074786024,sensitivity_only
id:x%3A0x1.0000000000000p%2B0,96,1.71,2.3444000000000003,2.2320607756711546,2.3582460054534997,defined,0.04763677074786024,sensitivity_only
id:x%3A0x1.0000000000000p%2B0,97,1.728,2.3559200000000002,2.468259224328846,2.3582460054534997,defined,-0.04763677074786024,sensitivity_only
id:x%3A0x1.0000000000000p%2B0,98,1.746,2.36744,2.2551007756711545,2.3582460054534997,defined,0.04763677074786024,sensitivity_only
id:x%3A0x1.0000000000000p%2B0,99,1.764,2.37896,2.491299224328846,2.3582460054534997,defined,-0.04763677074786024,sensitivity_only
id:x%3A0x1.0000000000000p%2B0,100,1.782,2.39048,2.2781407756711545,2.3582460054534997,defined,0.04763677074786024,sensitivity_only
id:x%3A0x1.0000000000000p%2B0,101,1.8,2.402,2.514339224328846,2.3582460054534997,defined,-0.04763677074786024,sensitivity_only
id:x%3A0x1.0000000000000p%2B0,102,1.818,2.41352,2.3011807756711544,2.3582460054534997,defined,0.04763677074786024,sensitivity_only
id:x%3A0x1.0000000000000p%2B0,103,1.836,2.42504,2.5373792243288458,2.3582460054534997,defined,-0.04763677074786024,sensitivity_only
id:x%3A0x1.0000000000000p%2B0,104,1.854,2.43656,2.3242207756711544,2.3582460054534997,defined,0.04763677074786024,sensitivity_only
id:x%3A0x1.0000000000000p%2B0,105,1.872,2.44808,2.5604192243288457,2.3582460054534997,defined,-0.04763677074786024,sensitivity_only
id:x%3A0x1.0000000000000p%2B0,106,1.89,2.4596,2.3472607756711543,2.3582460054534997,defined,0.04763677074786024,sensitivity_only
id:x%3A0x1.0000000000000p%2B0,107,1.908,2.47112,2.5834592243288457,2.3582460054534997,defined,-0.04763677074786024,sensitivity_only
id:x%3A0x1.0000000000000p%2B0,108,1.926,2.48264,2.3703007756711543,2.3582460054534997,defined,0.04763677074786024,sensitivity_only
id:x%3A0x1.0000000000000p%2B0,109,1.944,2.49416,2.6064992243288456,2.3582460054534997,defined,-0.04763677074786024,sensitivity_only
id:x%3A0x1.0000000000000p%2B0,110,1.962,2.50568,2.393340775671154,2.3582460054534997,defined,0.04763677074786024,sensitivity_only
id:x%3A0x1.0000000000000p%2B0,111,1.98,2.5172,2.6295392243288456,2.3582460054534997,defined,-0.04763677074786024,sensitivity_only
id:x%3A0x1.0000000000000p%2B0,112,1.998,2.52872,2.416380775671154,2.3582460054534997,defined,0.04763677074786024,sensitivity_only
id:x%3A0x1.0000000000000p%2B0,113,2.0,2.5300000000000002,2.642339224328846,2.3582460054534997,defined,-0.04763677074786024,sensitivity_only
id:x%3A0x1.0000000000000p%2B0,114,2.016,2.54024,2.427900775671154,2.3582460054534997,defined,0.04763677074786024,sensitivity_only
id:x%3A0x1.0000000000000p%2B0,115,2.034,2.55176,2.6640992243288455,2.3582460054534997,defined,-0.04763677074786024,sensitivity_only
id:x%3A0x1.0000000000000p%2B0,116,2.052,2.56328,2.450940775671154,2.3582460054534997,defined,0.04763677074786024,sensitivity_only
id:x%3A0x1.0000000000000p%2B0,117,2.07,2.5747999999999998,2.6871392243288454,2.3582460054534997,defined,-0.04763677074786024,sensitivity_only
id:x%3A0x1.0000000000000p%2B0,118,2.088,2.58632,2.4739807756711545,2.3582460054534997,defined,0.04763677074786024,sensitivity_only
id:x%3A0x1.0000000000000p%2B0,119,2.106,2.5978399999999997,2.7101792243288454,2.3582460054534997,defined,-0.04763677074786024,sensitivity_only
id:x%3A0x1.0000000000000p%2B0,120,2.124,2.60936,2.4970207756711544,2.3582460054534997,defined,0.04763677074786024,sensitivity_only
id:x%3A0x1.0000000000000p%2B0,121,2.142,2.6208799999999997,2.7332192243288453,2.3582460054534997,defined,-0.04763677074786024,sensitivity_only
id:x%3A0x1.0000000000000p%2B0,122,2.16,2.6324,2.5200607756711544,2.3582460054534997,defined,0.04763677074786024,sensitivity_only
id:x%3A0x1.0000000000000p%2B0,123,2.178,2.64392,2.7562592243288457,2.3582460054534997,defined,-0.04763677074786024,sensitivity_only
id:x%3A0x1.0000000000000p%2B0,124,2.196,2.6554400000000005,2.543100775671155,2.3582460054534997,defined,0.04763677074786024,sensitivity_only
id:x%3A0x1.0000000000000p%2B0,125,2.214,2.66696,2.7792992243288457,2.3582460054534997,defined,-0.04763677074786024,sensitivity_only
id:x%3A0x1.0000000000000p%2B0,126,2.232,2.6784800000000004,2.5661407756711547,2.3582460054534997,defined,0.04763677074786024,sensitivity_only
id:x%3A0x1.0000000000000p%2B0,127,2.25,2.69,2.8023392243288456,2.3582460054534997,defined,-0.04763677074786024,sensitivity_only
id:x%3A0x1.0000000000000p%2B0,128,2.268,2.70152,2.5891807756711542,2.3582460054534997,defined,0.04763677074786024,sensitivity_only
id:x%3A0x1.0000000000000p%2B0,129,2.286,2.7130400000000003,2.825379224328846,2.3582460054534997,defined,-0.04763677074786024,sensitivity_only
id:x%3A0x1.0000000000000p%2B0,130,2.304,2.72456,2.612220775671154,2.3582460054534997,defined,0.04763677074786024,sensitivity_only
id:x%3A0x1.0000000000000p%2B0,131,2.322,2.7360800000000003,2.848419224328846,2.3582460054534997,defined,-0.04763677074786024,sensitivity_only
id:x%3A0x1.0000000000000p%2B0,132,2.34,2.7476000000000003,2.6352607756711546,2.3582460054534997,defined,0.04763677074786024,sensitivity_only
id:x%3A0x1.0000000000000p%2B0,133,2.358,2.7591200000000002,2.871459224328846,2.3582460054534997,defined,-0.04763677074786024,sensitivity_only
id:x%3A0x1.0000000000000p%2B0,134,2.376,2.77064,2.6583007756711545,2.3582460054534997,defined,0.04763677074786024,sensitivity_only
id:x%3A0x1.0000000000000p%2B0,135,2.394,2.78216,2.894499224328846,2.3582460054534997,defined,-0.04763677074786024,sensitivity_only
id:x%3A0x1.0000000000000p%2B0,136,2.412,2.79368,2.6813407756711545,2.3582460054534997,defined,0.04763677074786024,sensitivity_only
id:x%3A0x1.0000000000000p%2B0,137,2.43,2.8052,2.917539224328846,2.3582460054534997,defined,-0.04763677074786024,sensitivity_only
id:x%3A0x1.0000000000000p%2B0,138,2.448,2.81672,2.7043807756711544,2.3582460054534997,defined,0.04763677074786024,sensitivity_only
id:x%3A0x1.0000000000000p%2B0,139,2.466,2.82824,2.9405792243288458,2.3582460054534997,defined,-0.04763677074786024,sensitivity_only
id:x%3A0x1.0000000000000p%2B0,140,2.484,2.83976,2.7274207756711544,2.3582460054534997,defined,0.04763677074786024,sensitivity_only
id:x%3A0x1.0000000000000p%2B0,141,2.502,2.85128,2.9636192243288457,2.3582460054534997,defined,-0.04763677074786024,sensitivity_only
id:x%3A0x1.0000000000000p%2B0,142,2.52,2.8628,2.7504607756711543,2.3582460054534997,defined,0.04763677074786024,sensitivity_only
id:x%3A0x1.0000000000000p%2B0,143,2.538,2.87432,2.9866592243288457,2.3582460054534997,defined,-0.04763677074786024,sensitivity_only
id:x%3A0x1.0000000000000p%2B0,144,2.556,2.88584,2.7735007756711543,2.3582460054534997,defined,0.04763677074786024,sensitivity_only
id:x%3A0x1.0000000000000p%2B0,145,2.574,2.89736,3.0096992243288456,2.3582460054534997,defined,-0.04763677074786024,sensitivity_only
id:x%3A0x1.0000000000000p%2B0,146,2.592,2.90888,2.796540775671154,2.3582460054534997,defined,0.04763677074786024,sensitivity_only
id:x%3A0x1.0000000000000p%2B0,147,2.61,2.9204,3.0327392243288456,2.3582460054534997,defined,-0.04763677074786024,sensitivity_only
id:x%3A0x1.0000000000000p%2B0,148,2.628,2.93192,2.819580775671154,2.3582460054534997,defined,0.04763677074786024,sensitivity_only
id:x%3A0x1.0000000000000p%2B0,149,2.646,2.94344,3.0557792243288455,2.3582460054534997,defined,-0.04763677074786024,sensitivity_only
id:x%3A0x1.0000000000000p%2B0,150,2.664,2.95496,2.842620775671154,2.3582460054534997,defined,0.04763677074786024,sensitivity_only
id:x%3A0x1.0000000000000p%2B0,151,2.682,2.96648,3.0788192243288455,2.3582460054534997,defined,-0.04763677074786024,sensitivity_only
id:x%3A0x1.0000000000000p%2B0,152,2.7,2.978,2.8656607756711545,2.3582460054534997,defined,0.04763677074786024,sensitivity_only
id:x%3A0x1.0000000000000p%2B0,153,2.718,2.9895199999999997,3.1018592243288454,2.3582460054534997,defined,-0.04763677074786024,sensitivity_only
id:x%3A0x1.0000000000000p%2B0,154,2.736,3.00104,2.8887007756711545,2.3582460054534997,defined,0.04763677074786024,sensitivity_only
id:x%3A0x1.0000000000000p%2B0,155,2.754,3.01256,3.124899224328846,2.3582460054534997,defined,-0.04763677074786024,sensitivity_only
id:x%3A0x1.0000000000000p%2B0,156,2.772,3.0240799999999997,2.911740775671154,2.3582460054534997,defined,0.04763677074786024,sensitivity_only
id:x%3A0x1.0000000000000p%2B0,157,2.79,3.0356,3.1479392243288458,2.3582460054534997,defined,-0.04763677074786024,sensitivity_only
id:x%3A0x1.0000000000000p%2B0,158,2.808,3.0471199999999996,2.934780775671154,2.3582460054534997,defined,0.04763677074786024,sensitivity_only
id:x%3A0x1.0000000000000p%2B0,159,2.826,3.05864,3.1709792243288457,2.3582460054534997,defined,-0.04763677074786024,sensitivity_only
id:x%3A0x1.0000000000000p%2B0,160,2.844,3.07016,2.9578207756711543,2.3582460054534997,defined,0.04763677074786024,sensitivity_only
id:x%3A0x1.0000000000000p%2B0,161,2.862,3.0816800000000004,3.194019224328846,2.3582460054534997,defined,-0.04763677074786024,sensitivity_only
id:x%3A0x1.0000000000000p%2B0,162,2.88,3.0932,2.9808607756711543,2.3582460054534997,defined,0.04763677074786024,sensitivity_only
id:x%3A0x1.0000000000000p%2B0,163,2.898,3.1047200000000004,3.217059224328846,2.3582460054534997,defined,-0.04763677074786024,sensitivity_only
id:x%3A0x1.0000000000000p%2B0,164,2.916,3.11624,3.003900775671154,2.3582460054534997,defined,0.04763677074786024,sensitivity_only
id:x%3A0x1.0000000000000p%2B0,165,2.934,3.1277600000000003,3.240099224328846,2.3582460054534997,defined,-0.04763677074786024,sensitivity_only
id:x%3A0x1.0000000000000p%2B0,166,2.952,3.1392800000000003,3.0269407756711546,2.3582460054534997,defined,0.04763677074786024,sensitivity_only
id:x%3A0x1.0000000000000p%2B0,167,2.97,3.1508000000000003,3.263139224328846,2.3582460054534997,defined,-0.04763677074786024,sensitivity_only
id:x%3A0x1.0000000000000p%2B0,168,2.988,3.1623200000000002,3.0499807756711546,2.3582460054534997,defined,0.04763677074786024,sensitivity_only
id:x%3A0x1.0000000000000p%2B0,169,3.0,3.17,3.2823392243288456,2.3582460054534997,defined,-0.04763677074786024,sensitivity_only
id:x%3A0x1.0000000000000p%2B0,170,3.006,3.17384,3.0615007756711545,2.3582460054534997,defined,0.04763677074786024,sensitivity_only
id:x%3A0x1.0000000000000p%2B0,171,3.024,3.18536,3.297699224328846,2.3582460054534997,defined,-0.04763677074786024,sensitivity_only
id:x%3A0x1.0000000000000p%2B0,172,3.042,3.19688,3.0845407756711545,2.3582460054534997,defined,0.04763677074786024,sensitivity_only
id:x%3A0x1.0000000000000p%2B0,173,3.06,3.2084,3.320739224328846,2.3582460054534997,defined,-0.04763677074786024,sensitivity_only
id:x%3A0x1.0000000000000p%2B0,174,3.078,3.21992,3.1075807756711544,2.3582460054534997,defined,0.04763677074786024,sensitivity_only
id:x%3A0x1.0000000000000p%2B0,175,3.096,3.23144,3.343779224328846,2.3582460054534997,defined,-0.04763677074786024,sensitivity_only
id:x%3A0x1.0000000000000p%2B0,176,3.114,3.24296,3.1306207756711544,2.3582460054534997,defined,0.04763677074786024,sensitivity_only
id:x%3A0x1.0000000000000p%2B0,177,3.132,3.25448,3.3668192243288457,2.3582460054534997,defined,-0.04763677074786024,sensitivity_only
id:x%3A0x1.0000000000000p%2B0,178,3.15,3.266,3.1536607756711543,2.3582460054534997,defined,0.04763677074786024,sensitivity_only
id:x%3A0x1.0000000000000p%2B0,179,3.168,3.27752,3.3898592243288457,2.3582460054534997,defined,-0.04763677074786024,sensitivity_only
id:x%3A0x1.0000000000000p%2B0,180,3.186,3.28904,3.1767007756711543,2.3582460054534997,defined,0.04763677074786024,sensitivity_only
id:x%3A0x1.0000000000000p%2B0,181,3.204,3.30056,3.4128992243288456,2.3582460054534997,defined,-0.04763677074786024,sensitivity_only
id:x%3A0x1.0000000000000p%2B0,182,3.222,3.31208,3.1997407756711542,2.3582460054534997,defined,0.04763677074786024,sensitivity_only
id:x%3A0x1.0000000000000p%2B0,183,3.24,3.3236000000000003,3.435939224328846,2.3582460054534997,defined,-0.04763677074786024,sensitivity_only
id:x%3A0x1.0000000000000p%2B0,184,3.258,3.33512,3.222780775671154,2.3582460054534997,defined,0.04763677074786024,sensitivity_only
id:x%3A0x1.0000000000000p%2B0,185,3.276,3.34664,3.4589792243288455,2.3582460054534997,defined,-0.04763677074786024,sensitivity_only
id:x%3A0x1.0000000000000p%2B0,186,3.294,3.3581600000000003,3.2458207756711546,2.3582460054534997,defined,0.04763677074786024,sensitivity_only
id:x%3A0x1.0000000000000p%2B0,187,3.312,3.36968,3.4820192243288455,2.3582460054534997,defined,-0.04763677074786024,sensitivity_only
id:x%3A0x1.0000000000000p%2B0,188,3.33,3.3812,3.2688607756711545,2.3582460054534997,defined,0.04763677074786024,sensitivity_only
id:x%3A0x1.0000000000000p%2B0,189,3.348,3.39272,3.505059224328846,2.3582460054534997,defined,-0.04763677074786024,sensitivity_only
id:x%3A0x1.0000000000000p%2B0,190,3.366,3.40424,3.2919007756711545,2.3582460054534997,defined,0.04763677074786024,sensitivity_only
id:x%3A0x1.0000000000000p%2B0,191,3.384,3.41576,3.528099224328846,2.3582460054534997,defined,-0.04763677074786024,sensitivity_only
id:x%3A0x1.0000000000000p%2B0,192,3.402,3.42728,3.3149407756711544,2.3582460054534997,defined,0.04763677074786024,sensitivity_only
id:x%3A0x1.0000000000000p%2B0,193,3.42,3.4388,3.5511392243288458,2.3582460054534997,defined,-0.04763677074786024,sensitivity_only
id:x%3A0x1.0000000000000p%2B0,194,3.438,3.45032,3.3379807756711544,2.3582460054534997,defined,0.04763677074786024,sensitivity_only
id:x%3A0x1.0000000000000p%2B0,195,3.456,3.46184,3.5741792243288457,2.3582460054534997,defined,-0.04763677074786024,sensitivity_only
id:x%3A0x1.0000000000000p%2B0,196,3.474,3.47336,3.3610207756711543,2.3582460054534997,defined,0.04763677074786024,sensitivity_only
id:x%3A0x1.0000000000000p%2B0,197,3.492,3.48488,3.5972192243288457,2.3582460054534997,defined,-0.04763677074786024,sensitivity_only
id:x%3A0x1.0000000000000p%2B0,198,3.51,3.4964,3.3840607756711543,2.358246005453502,defined,0.04763677074786024,sensitivity_only
id:x%3A0x1.0000000000000p%2B0,199,3.528,3.50792,3.6202592243288456,2.358246005453502,defined,-0.04763677074786024,sensitivity_only
id:x%3A0x1.0000000000000p%2B0,200,3.546,3.51944,3.407100775671154,2.358246005453502,defined,0.04763677074786024,sensitivity_only
id:x%3A0x1.0000000000000p%2B0,201,3.564,3.53096,3.6432992243288456,2.358246005453502,defined,-0.04763677074786024,sensitivity_only
id:x%3A0x1.0000000000000p%2B0,202,3.582,3.54248,3.430140775671154,2.358246005453502,defined,0.04763677074786024,sensitivity_only
id:x%3A0x1.0000000000000p%2B0,203,3.6,3.5540000000000003,3.666339224328846,2.358246005453502,defined,-0.04763677074786024,sensitivity_only
id:x%3A0x1.0000000000000p%2B0,204,3.618,3.56552,3.453180775671154,2.358246005453502,defined,0.04763677074786024,sensitivity_only
id:x%3A0x1.0000000000000p%2B0,205,3.636,3.57704,3.689379224328846,2.358246005453502,defined,-0.04763677074786024,sensitivity_only
id:x%3A0x1.0000000000000p%2B0,206,3.654,3.58856,3.4762207756711545,2.358246005453502,defined,0.04763677074786024,sensitivity_only
id:x%3A0x1.0000000000000p%2B0,207,3.672,3.60008,3.712419224328846,2.358246005453502,defined,-0.04763677074786024,sensitivity_only
id:x%3A0x1.0000000000000p%2B0,208,3.69,3.6116,3.4992607756711545,2.358246005453502,defined,0.04763677074786024,sensitivity_only
id:x%3A0x1.0000000000000p%2B0,209,3.708,3.62312,3.735459224328846,2.358246005453502,defined,-0.04763677074786024,sensitivity_only
id:x%3A0x1.0000000000000p%2B0,210,3.726,3.63464,3.5223007756711544,2.358246005453502,defined,0.04763677074786024,sensitivity_only
id:x%3A0x1.0000000000000p%2B0,211,3.744,3.64616,3.7584992243288458,2.358246005453502,defined,-0.04763677074786024,sensitivity_only
id:x%3A0x1.0000000000000p%2B0,212,3.762,3.65768,3.5453407756711544,2.358246005453502,defined,0.04763677074786024,sensitivity_only
id:x%3A0x1.0000000000000p%2B0,213,3.78,3.6692,3.7815392243288457,2.358246005453502,defined,-0.04763677074786024,sensitivity_only
id:x%3A0x1.0000000000000p%2B0,214,3.798,3.68072,3.5683807756711543,2.358246005453502,defined,0.04763677074786024,sensitivity_only
id:x%3A0x1.0000000000000p%2B0,215,3.816,3.69224,3.8045792243288457,2.358246005453502,defined,-0.04763677074786024,sensitivity_only
id:x%3A0x1.0000000000000p%2B0,216,3.834,3.70376,3.5914207756711543,2.358246005453502,defined,0.04763677074786024,sensitivity_only
id:x%3A0x1.0000000000000p%2B0,217,3.852,3.71528,3.8276192243288456,2.358246005453502,defined,-0.04763677074786024,sensitivity_only
id:x%3A0x1.0000000000000p%2B0,218,3.87,3.7268000000000003,3.6144607756711546,2.358246005453502,defined,0.04763677074786024,sensitivity_only
id:x%3A0x1.0000000000000p%2B0,219,3.888,3.73832,3.8506592243288456,2.358246005453502,defined,-0.04763677074786024,sensitivity_only
id:x%3A0x1.0000000000000p%2B0,220,3.906,3.7498400000000003,3.6375007756711546,2.358246005453502,defined,0.04763677074786024,sensitivity_only
id:x%3A0x1.0000000000000p%2B0,221,3.924,3.76136,3.8736992243288455,2.358246005453502,defined,-0.04763677074786024,sensitivity_only
id:x%3A0x1.0000000000000p%2B0,222,3.942,3.7728800000000002,3.6605407756711545,2.358246005453502,defined,0.04763677074786024,sensitivity_only
id:x%3A0x1.0000000000000p%2B0,223,3.96,3.7844,3.896739224328846,2.358246005453502,defined,-0.04763677074786024,sensitivity_only
id:x%3A0x1.0000000000000p%2B0,224,3.978,3.79592,3.6835807756711545,2.358246005453502,defined,0.04763677074786024,sensitivity_only
id:x%3A0x1.0000000000000p%2B0,225,3.996,3.80744,3.919779224328846,2.358246005453502,defined,-0.04763677074786024,sensitivity_only
id:x%3A0x1.0000000000000p%2B0,226,4.0,3.81,3.6976607756711544,2.358246005453502,defined,0.04763677074786024,sensitivity_only
id:x%3A0x1.0000000000000p%2B0,227,4.014,3.81896,3.931299224328846,2.358246005453502,defined,-0.04763677074786024,sensitivity_only
id:x%3A0x1.0000000000000p%2B0,228,4.032,3.83048,3.7181407756711544,2.358246005453502,defined,0.04763677074786024,sensitivity_only
id:x%3A0x1.0000000000000p%2B0,229,4.05,3.842,3.9543392243288458,2.358246005453502,defined,-0.04763677074786024,sensitivity_only
id:x%3A0x1.0000000000000p%2B0,230,4.068,3.8535199999999996,3.741180775671154,2.358246005453502,defined,0.04763677074786024,sensitivity_only
id:x%3A0x1.0000000000000p%2B0,231,4.086,3.86504,3.9773792243288457,2.358246005453502,defined,-0.04763677074786024,sensitivity_only
id:x%3A0x1.0000000000000p%2B0,232,4.104,3.87656,3.7642207756711543,2.358246005453502,defined,0.04763677074786024,sensitivity_only
id:x%3A0x1.0000000000000p%2B0,233,4.122,3.88808,4.000419224328845,2.358246005453502,defined,-0.04763677074786024,sensitivity_only
id:x%3A0x1.0000000000000p%2B0,234,4.14,3.8996,3.7872607756711543,2.358246005453502,defined,0.04763677074786024,sensitivity_only
id:x%3A0x1.0000000000000p%2B0,235,4.158,3.9111200000000004,4.023459224328846,2.358246005453502,defined,-0.04763677074786024,sensitivity_only
id:x%3A0x1.0000000000000p%2B0,236,4.176,3.9226400000000003,3.8103007756711547,2.358246005453502,defined,0.04763677074786024,sensitivity_only
id:x%3A0x1.0000000000000p%2B0,237,4.194,3.93416,4.046499224328845,2.358246005453502,defined,-0.04763677074786024,sensitivity_only
id:x%3A0x1.0000000000000p%2B0,238,4.212,3.94568,3.833340775671154,2.358246005453502,defined,0.04763677074786024,sensitivity_only
id:x%3A0x1.0000000000000p%2B0,239,4.23,3.9572000000000003,4.069539224328846,2.358246005453502,defined,-0.04763677074786024,sensitivity_only
id:x%3A0x1.0000000000000p%2B0,240,4.248,3.9687200000000002,3.8563807756711546,2.358246005453502,defined,0.04763677074786024,sensitivity_only
id:x%3A0x1.0000000000000p%2B0,241,4.266,3.9802400000000002,4.092579224328846,2.358246005453502,defined,-0.04763677074786024,sensitivity_only
id:x%3A0x1.0000000000000p%2B0,242,4.284,3.9917599999999998,3.879420775671154,2.358246005453502,defined,0.04763677074786024,sensitivity_only
id:x%3A0x1.0000000000000p%2B0,243,4.302,4.00328,4.115619224328846,2.358246005453502,defined,-0.04763677074786024,sensitivity_only
id:x%3A0x1.0000000000000p%2B0,244,4.32,4.0148,3.9024607756711545,2.358246005453502,defined,0.04763677074786024,sensitivity_only
id:x%3A0x1.0000000000000p%2B0,245,4.338,4.02632,4.138659224328846,2.358246005453502,defined,-0.04763677074786024,sensitivity_only
id:x%3A0x1.0000000000000p%2B0,246,4.356,4.03784,3.9255007756711544,2.358246005453502,defined,0.04763677074786024,sensitivity_only
id:x%3A0x1.0000000000000p%2B0,247,4.374,4.04936,4.161699224328846,2.358246005453502,defined,-0.04763677074786024,sensitivity_only
id:x%3A0x1.0000000000000p%2B0,248,4.392,4.060880000000001,3.9485407756711552,2.358246005453502,defined,0.04763677074786024,sensitivity_only
id:x%3A0x1.0000000000000p%2B0,249,4.41,4.0724,4.184739224328846,2.358246005453502,defined,-0.04763677074786024,sensitivity_only
id:x%3A0x1.0000000000000p%2B0,250,4.428,4.08392,3.9715807756711543,2.358246005453502,defined,0.04763677074786024,sensitivity_only
id:x%3A0x1.0000000000000p%2B0,251,4.446,4.09544,4.207779224328846,2.358246005453502,defined,-0.04763677074786024,sensitivity_only
id:x%3A0x1.0000000000000p%2B0,252,4.464,4.106960000000001,3.994620775671155,2.358246005453502,defined,0.04763677074786024,sensitivity_only
id:x%3A0x1.0000000000000p%2B0,253,4.482,4.11848,4.230819224328846,2.358246005453502,defined,-0.04763677074786024,sensitivity_only
id:x%3A0x1.0000000000000p%2B0,254,4.5,4.13,4.017660775671154,2.358246005453502,defined,0.04763677074786024,sensitivity_only
id:x%3A0x1.0000000000000p%2B0,255,4.518,4.14152,4.231391379463076,1.8865968043627994,defined,-0.04763677074786024,sensitivity_only
id:x%3A0x1.0000000000000p%2B0,256,4.536,4.15304,4.063168620536923,1.8865968043627994,defined,0.04763677074786024,sensitivity_only
id:x%3A0x1.0000000000000p%2B0,257,4.554,4.16456,4.254431379463076,1.8865968043627994,defined,-0.04763677074786024,sensitivity_only
id:x%3A0x1.0000000000000p%2B0,258,4.572,4.176080000000001,4.086208620536924,1.8865968043627994,defined,0.04763677074786024,sensitivity_only
id:x%3A0x1.0000000000000p%2B0,259,4.59,4.1876,4.277471379463076,1.8865968043627994,defined,-0.04763677074786024,sensitivity_only
id:x%3A0x1.0000000000000p%2B0,260,4.608,4.19912,4.109248620536923,1.8865968043627994,defined,0.04763677074786024,sensitivity_only
id:x%3A0x1.0000000000000p%2B0,261,4.626,4.21064,4.300511379463076,1.8865968043627994,defined,-0.04763677074786024,sensitivity_only
id:x%3A0x1.0000000000000p%2B0,262,4.644,4.222160000000001,4.132288620536924,1.8865968043627994,defined,0.04763677074786024,sensitivity_only
id:x%3A0x1.0000000000000p%2B0,263,4.662,4.23368,4.323551379463076,1.8865968043627994,defined,-0.04763677074786024,sensitivity_only
id:x%3A0x1.0000000000000p%2B0,264,4.68,4.2452000000000005,4.155328620536924,1.8865968043627994,defined,0.04763677074786024,sensitivity_only
id:x%3A0x1.0000000000000p%2B0,265,4.698,4.2567200000000005,4.346591379463077,1.8865968043627994,defined,-0.04763677074786024,sensitivity_only
id:x%3A0x1.0000000000000p%2B0,266,4.716,4.2682400000000005,4.178368620536924,1.8865968043627994,defined,0.04763677074786024,sensitivity_only
id:x%3A0x1.0000000000000p%2B0,267,4.734,4.27976,4.369631379463076,1.8865968043627994,defined,-0.04763677074786024,sensitivity_only
id:x%3A0x1.0000000000000p%2B0,268,4.752,4.29128,4.201408620536924,1.8865968043627994,defined,0.04763677074786024,sensitivity_only
id:x%3A0x1.0000000000000p%2B0,269,4.77,4.3027999999999995,4.392671379463076,1.8865968043627994,defined,-0.04763677074786024,sensitivity_only
id:x%3A0x1.0000000000000p%2B0,270,4.788,4.31432,4.224448620536924,1.8865968043627994,defined,0.04763677074786024,sensitivity_only
id:x%3A0x1.0000000000000p%2B0,271,4.806,4.3258399999999995,4.415711379463076,1.8865968043627994,defined,-0.04763677074786024,sensitivity_only
id:x%3A0x1.0000000000000p%2B0,272,4.824,4.33736,4.247488620536924,1.8865968043627994,defined,0.04763677074786024,sensitivity_only
id:x%3A0x1.0000000000000p%2B0,273,4.842,4.348879999999999,4.438751379463076,1.8865968043627994,defined,-0.04763677074786024,sensitivity_only
id:x%3A0x1.0000000000000p%2B0,274,4.86,4.3604,4.270528620536924,1.8865968043627994,defined,0.04763677074786024,sensitivity_only
id:x%3A0x1.0000000000000p%2B0,275,4.878,4.37192,4.461791379463077,1.8865968043627994,defined,-0.04763677074786024,sensitivity_only
id:x%3A0x1.0000000000000p%2B0,276,4.896,4.38344,4.293568620536924,1.8865968043627994,defined,0.04763677074786024,sensitivity_only
id:x%3A0x1.0000000000000p%2B0,277,4.914,4.394959999999999,4.484831379463076,1.8865968043627994,defined,-0.04763677074786024,sensitivity_only
id:x%3A0x1.0000000000000p%2B0,278,4.932,4.40648,4.316608620536924,1.8865968043627994,defined,0.04763677074786024,sensitivity_only
id:x%3A0x1.0000000000000p%2B0,279,4.95,4.418,4.507871379463077,1.8865968043627994,defined,-0.04763677074786024,sensitivity_only
id:x%3A0x1.0000000000000p%2B0,280,4.968,4.42952,4.339648620536924,1.8865968043627994,defined,0.04763677074786024,sensitivity_only
id:x%3A0x1.0000000000000p%2B0,281,4.986,4.44104,4.530911379463077,1.8865968043627994,defined,-0.04763677074786024,sensitivity_only
id:x%3A0x1.0000000000000p%2B0,282,5.0,4.45,4.360128620536924,1.8865968043627994,defined,0.04763677074786024,sensitivity_only
id:x%3A0x1.0000000000000p%2B0,283,5.004,4.45256,4.542431379463077,1.8865968043627994,defined,-0.04763677074786024,sensitivity_only
id:x%3A0x1.0000000000000p%2B0,284,5.022,4.46408,4.3742086205369235,1.8865968043627994,defined,0.04763677074786024,sensitivity_only
id:x%3A0x1.0000000000000p%2B0,285,5.04,4.4756,4.565471379463077,1.8865968043627994,defined,-0.04763677074786024,sensitivity_only
id:x%3A0x1.0000000000000p%2B0,286,5.058,4.48712,4.3972486205369234,1.8865968043627994,defined,0.04763677074786024,sensitivity_only
id:x%3A0x1.0000000000000p%2B0,287,5.076,4.49864,4.5885113794630765,1.8865968043627994,defined,-0.04763677074786024,sensitivity_only
id:x%3A0x1.0000000000000p%2B0,288,5.094,4.510160000000001,4.420288620536924,1.8865968043627994,defined,0.04763677074786024,sensitivity_only
id:x%3A0x1.0000000000000p%2B0,289,5.112,4.52168,4.6115513794630765,1.8865968043627994,defined,-0.04763677074786024,sensitivity_only
id:x%3A0x1.0000000000000p%2B0,290,5.13,4.5332,4.443328620536923,1.8865968043627994,defined,0.04763677074786024,sensitivity_only
id:x%3A0x1.0000000000000p%2B0,291,5.148,4.54472,4.634591379463076,1.8865968043627994,defined,-0.04763677074786024,sensitivity_only
id:x%3A0x1.0000000000000p%2B0,292,5.166,4.556240000000001,4.466368620536924,1.8865968043627994,defined,0.04763677074786024,sensitivity_only
id:x%3A0x1.0000000000000p%2B0,293,5.184,4.56776,4.657631379463076,1.8865968043627994,defined,-0.04763677074786024,sensitivity_only
id:x%3A0x1.0000000000000p%2B0,294,5.202,4.579280000000001,4.489408620536924,1.8865968043627994,defined,0.04763677074786024,sensitivity_only
id:x%3A0x1.0000000000000p%2B0,295,5.22,4.5908,4.680671379463076,1.8865968043627994,defined,-0.04763677074786024,sensitivity_only
id:x%3A0x1.0000000000000p%2B0,296,5.238,4.602320000000001,4.512448620536924,1.8865968043627994,defined,0.04763677074786024,sensitivity_only
id:x%3A0x1.0000000000000p%2B0,297,5.256,4.61384,4.703711379463076,1.8865968043627994,defined,-0.04763677074786024,sensitivity_only
id:x%3A0x1.0000000000000p%2B0,298,5.274,4.625360000000001,4.535488620536924,1.8865968043627994,defined,0.04763677074786024,sensitivity_only
id:x%3A0x1.0000000000000p%2B0,299,5.292,4.63688,4.726751379463076,1.8865968043627994,defined,-0.04763677074786024,sensitivity_only
id:x%3A0x1.0000000000000p%2B0,300,5.31,4.6484,4.558528620536923,1.8865968043627994,defined,0.04763677074786024,sensitivity_only
id:x%3A0x1.0000000000000p%2B0,301,5.328,4.65992,4.749791379463076,1.8865968043627994,defined,-0.04763677074786024,sensitivity_only
id:x%3A0x1.0000000000000p%2B0,302,5.346,4.6714400000000005,4.581568620536924,1.8865968043627994,defined,0.04763677074786024,sensitivity_only
id:x%3A0x1.0000000000000p%2B0,303,5.364,4.68296,4.772831379463076,1.8865968043627994,defined,-0.04763677074786024,sensitivity_only
id:x%3A0x1.0000000000000p%2B0,304,5.382,4.69448,4.604608620536924,1.8865968043627994,defined,0.04763677074786024,sensitivity_only
id:x%3A0x1.0000000000000p%2B0,305,5.4,4.706,4.795871379463077,1.8865968043627994,defined,-0.04763677074786024,sensitivity_only
id:x%3A0x1.0000000000000p%2B0,306,5.418,4.71752,4.627648620536924,1.8865968043627994,defined,0.04763677074786024,sensitivity_only
id:x%3A0x1.0000000000000p%2B0,307,5.436,4.7290399999999995,4.818911379463076,1.8865968043627994,defined,-0.04763677074786024,sensitivity_only
id:x%3A0x1.0000000000000p%2B0,308,5.454,4.74056,4.650688620536924,1.8865968043627994,defined,0.04763677074786024,sensitivity_only
id:x%3A0x1.0000000000000p%2B0,309,5.472,4.75208,4.841951379463077,1.8865968043627994,defined,-0.04763677074786024,sensitivity_only
id:x%3A0x1.0000000000000p%2B0,310,5.49,4.7636,4.673728620536924,1.8865968043627994,defined,0.04763677074786024,sensitivity_only
id:x%3A0x1.0000000000000p%2B0,311,5.5,4.77,4.859871379463076,1.8865968043627994,defined,-0.04763677074786024,sensitivity_only
id:x%3A0x1.0000000000000p%2B0,312,5.508,4.77512,4.65154685323827,2.594070605998847,defined,0.04763677074786024,sensitivity_only
id:x%3A0x1.0000000000000p%2B0,313,5.526,4.78664,4.9102131467617305,2.594070605998847,defined,-0.04763677074786024,sensitivity_only
id:x%3A0x1.0000000000000p%2B0,314,5.544,4.798159999999999,4.674586853238269,2.594070605998847,defined,0.04763677074786024,sensitivity_only
id:x%3A0x1.0000000000000p%2B0,315,5.562,4.80968,4.93325314676173,2.594070605998847,defined,-0.04763677074786024,sensitivity_only
id:x%3A0x1.0000000000000p%2B0,316,5.58,4.8212,4.69762685323827,2.594070605998847,defined,0.04763677074786024,sensitivity_only
id:x%3A0x1.0000000000000p%2B0,317,5.598,4.83272,4.95629314676173,2.594070605998847,defined,-0.04763677074786024,sensitivity_only
id:x%3A0x1.0000000000000p%2B0,318,5.616,4.844239999999999,4.720666853238269,2.594070605998847,defined,0.04763677074786024,sensitivity_only
id:x%3A0x1.0000000000000p%2B0,319,5.634,4.85576,4.97933314676173,2.594070605998847,defined,-0.04763677074786024,sensitivity_only
id:x%3A0x1.0000000000000p%2B0,320,5.652,4.86728,4.74370685323827,2.594070605998847,defined,0.04763677074786024,sensitivity_only
id:x%3A0x1.0000000000000p%2B0,321,5.67,4.8788,5.00237314676173,2.594070605998847,defined,-0.04763677074786024,sensitivity_only
id:x%3A0x1.0000000000000p%2B0,322,5.688,4.89032,4.76674685323827,2.594070605998847,defined,0.04763677074786024,sensitivity_only
id:x%3A0x1.0000000000000p%2B0,323,5.706,4.90184,5.02541314676173,2.594070605998847,defined,-0.04763677074786024,sensitivity_only
id:x%3A0x1.0000000000000p%2B0,324,5.724,4.913360000000001,4.789786853238271,2.594070605998847,defined,0.04763677074786024,sensitivity_only
id:x%3A0x1.0000000000000p%2B0,325,5.742,4.92488,5.04845314676173,2.594070605998847,defined,-0.04763677074786024,sensitivity_only
id:x%3A0x1.0000000000000p%2B0,326,5.76,4.9364,4.81282685323827,2.594070605998847,defined,0.04763677074786024,sensitivity_only
id:x%3A0x1.0000000000000p%2B0,327,5.778,4.94792,5.07149314676173,2.594070605998847,defined,-0.04763677074786024,sensitivity_only
id:x%3A0x1.0000000000000p%2B0,328,5.796,4.959440000000001,4.8358668532382705,2.594070605998847,defined,0.04763677074786024,sensitivity_only
id:x%3A0x1.0000000000000p%2B0,329,5.814,4.97096,5.09453314676173,2.594070605998847,defined,-0.04763677074786024,sensitivity_only
id:x%3A0x1.0000000000000p%2B0,330,5.832,4.98248,4.8589068532382695,2.594070605998847,defined,0.04763677074786024,sensitivity_only
id:x%3A0x1.0000000000000p%2B0,331,5.85,4.994,5.11757314676173,2.594070605998847,defined,-0.04763677074786024,sensitivity_only
id:x%3A0x1.0000000000000p%2B0,332,5.868,5.005520000000001,4.88194685323827,2.594070605998847,defined,0.04763677074786024,sensitivity_only
id:x%3A0x1.0000000000000p%2B0,333,5.886,5.01704,5.14061314676173,2.594070605998847,defined,-0.04763677074786024,sensitivity_only
id:x%3A0x1.0000000000000p%2B0,334,5.904,5.028560000000001,4.90498685323827,2.594070605998847,defined,0.04763677074786024,sensitivity_only
id:x%3A0x1.0000000000000p%2B0,335,5.922,5.04008,5.16365314676173,2.594070605998847,defined,-0.04763677074786024,sensitivity_only
id:x%3A0x1.0000000000000p%2B0,336,5.94,5.0516000000000005,4.92802685323827,2.594070605998847,defined,0.04763677074786024,sensitivity_only
id:x%3A0x1.0000000000000p%2B0,337,5.958,5.06312,5.18669314676173,2.594070605998847,defined,-0.04763677074786024,sensitivity_only
id:x%3A0x1.0000000000000p%2B0,338,5.976,5.0746400000000005,4.95106685323827,2.594070605998847,defined,0.04763677074786024,sensitivity_only
id:x%3A0x1.0000000000000p%2B0,339,5.994,5.08616,5.20973314676173,2.594070605998847,defined,-0.04763677074786024,sensitivity_only
id:x%3A0x1.0000000000000p%2B0,340,6.0,5.09,4.96642685323827,2.594070605998847,defined,0.04763677074786024,sensitivity_only
id:x%3A0x1.0000000000000p%2B0,341,6.012,5.09768,5.221253146761731,2.594070605998847,defined,-0.04763677074786024,sensitivity_only
id:x%3A0x1.0000000000000p%2B0,342,6.03,5.1092,4.98562685323827,2.594070605998847,defined,0.04763677074786024,sensitivity_only
id:x%3A0x1.0000000000000p%2B0,343,6.048,5.12072,5.244293146761731,2.594070605998847,defined,-0.04763677074786024,sensitivity_only
id:x%3A0x1.0000000000000p%2B0,344,6.066,5.1322399999999995,5.008666853238269,2.594070605998847,defined,0.04763677074786024,sensitivity_only
id:x%3A0x1.0000000000000p%2B0,345,6.084,5.14376,5.267333146761731,2.594070605998847,defined,-0.04763677074786024,sensitivity_only
id:x%3A0x1.0000000000000p%2B0,346,6.102,5.15528,5.03170685323827,2.594070605998847,defined,0.04763677074786024,sensitivity_only
id:x%3A0x1.0000000000000p%2B0,347,6.12,5.1668,5.2903731467617305,2.594070605998847,defined,-0.04763677074786024,sensitivity_only
id:x%3A0x1.0000000000000p%2B0,348,6.138,5.178319999999999,5.054746853238269,2.594070605998847,defined,0.04763677074786024,sensitivity_only
id:x%3A0x1.0000000000000p%2B0,349,6.156,5.18984,5.3134131467617305,2.594070605998847,defined,-0.04763677074786024,sensitivity_only
id:x%3A0x1.0000000000000p%2B0,350,6.174,5.20136,5.07778685323827,2.594070605998847,defined,0.04763677074786024,sensitivity_only
id:x%3A0x1.0000000000000p%2B0,351,6.192,5.21288,5.33645314676173,2.594070605998847,defined,-0.04763677074786024,sensitivity_only
id:x%3A0x1.0000000000000p%2B0,352,6.21,5.2244,5.10082685323827,2.594070605998847,defined,0.04763677074786024,sensitivity_only
id:x%3A0x1.0000000000000p%2B0,353,6.228,5.23592,5.35949314676173,2.594070605998847,defined,-0.04763677074786024,sensitivity_only
id:x%3A0x1.0000000000000p%2B0,354,6.246,5.247440000000001,5.123866853238271,2.594070605998847,defined,0.04763677074786024,sensitivity_only
id:x%3A0x1.0000000000000p%2B0,355,6.264,5.25896,5.38253314676173,2.594070605998847,defined,-0.04763677074786024,sensitivity_only
id:x%3A0x1.0000000000000p%2B0,356,6.282,5.27048,5.14690685323827,2.594070605998847,defined,0.04763677074786024,sensitivity_only
id:x%3A0x1.0000000000000p%2B0,357,6.3,5.282,5.40557314676173,2.594070605998847,defined,-0.04763677074786024,sensitivity_only
id:x%3A0x1.0000000000000p%2B0,358,6.318,5.29352,5.16994685323827,2.594070605998847,defined,0.04763677074786024,sensitivity_only
id:x%3A0x1.0000000000000p%2B0,359,6.336,5.30504,5.42861314676173,2.594070605998847,defined,-0.04763677074786024,sensitivity_only
id:x%3A0x1.0000000000000p%2B0,360,6.354,5.31656,5.19298685323827,2.594070605998847,defined,0.04763677074786024,sensitivity_only
id:x%3A0x1.0000000000000p%2B0,361,6.372,5.32808,5.45165314676173,2.594070605998847,defined,-0.04763677074786024,sensitivity_only
id:x%3A0x1.0000000000000p%2B0,362,6.39,5.3396,5.21602685323827,2.594070605998847,defined,0.04763677074786024,sensitivity_only
id:x%3A0x1.0000000000000p%2B0,363,6.408,5.35112,5.47469314676173,2.594070605998847,defined,-0.04763677074786024,sensitivity_only
id:x%3A0x1.0000000000000p%2B0,364,6.426,5.36264,5.23906685323827,2.594070605998847,defined,0.04763677074786024,sensitivity_only
id:x%3A0x1.0000000000000p%2B0,365,6.444,5.37416,5.49773314676173,2.594070605998847,defined,-0.04763677074786024,sensitivity_only
id:x%3A0x1.0000000000000p%2B0,366,6.462,5.38568,5.2621068532382695,2.594070605998847,defined,0.04763677074786024,sensitivity_only
id:x%3A0x1.0000000000000p%2B0,367,6.48,5.397200000000001,5.520773146761731,2.594070605998847,defined,-0.04763677074786024,sensitivity_only
id:x%3A0x1.0000000000000p%2B0,368,6.498,5.408720000000001,5.28514685323827,2.594070605998847,defined,0.04763677074786024,sensitivity_only
id:x%3A0x1.0000000000000p%2B0,369,6.516,5.42024,5.532579224328845,2.3582460054534993,defined,-0.04763677074786024,sensitivity_only
id:x%3A0x1.0000000000000p%2B0,370,6.534,5.43176,5.319420775671154,2.3582460054534993,defined,0.04763677074786024,sensitivity_only
id:x%3A0x1.0000000000000p%2B0,371,6.552,5.44328,5.555619224328845,2.3582460054534993,defined,-0.04763677074786024,sensitivity_only
id:x%3A0x1.0000000000000p%2B0,372,6.57,5.4548000000000005,5.342460775671155,2.3582460054534993,defined,0.04763677074786024,sensitivity_only
id:x%3A0x1.0000000000000p%2B0,373,6.588,5.4663200000000005,5.578659224328846,2.3582460054534993,defined,-0.04763677074786024,sensitivity_only
id:x%3A0x1.0000000000000p%2B0,374,6.606,5.47784,5.365500775671154,2.3582460054534993,defined,0.04763677074786024,sensitivity_only
id:x%3A0x1.0000000000000p%2B0,375,6.624,5.48936,5.601699224328845,2.3582460054534993,defined,-0.04763677074786024,sensitivity_only
id:x%3A0x1.0000000000000p%2B0,376,6.642,5.50088,5.388540775671155,2.3582460054534993,defined,0.04763677074786024,sensitivity_only
id:x%3A0x1.0000000000000p%2B0,377,6.66,5.5124,5.624739224328846,2.3582460054534993,defined,-0.04763677074786024,sensitivity_only
id:x%3A0x1.0000000000000p%2B0,378,6.678,5.52392,5.411580775671155,2.3582460054534993,defined,0.04763677074786024,sensitivity_only
id:x%3A0x1.0000000000000p%2B0,379,6.696,5.53544,5.647779224328846,2.3582460054534993,defined,-0.04763677074786024,sensitivity_only
id:x%3A0x1.0000000000000p%2B0,380,6.714,5.54696,5.434620775671155,2.3582460054534993,defined,0.04763677074786024,sensitivity_only
id:x%3A0x1.0000000000000p%2B0,381,6.732,5.55848,5.670819224328846,2.3582460054534993,defined,-0.04763677074786024,sensitivity_only
id:x%3A0x1.0000000000000p%2B0,382,6.75,5.57,5.457660775671155,2.3582460054534993,defined,0.04763677074786024,sensitivity_only
id:x%3A0x1.0000000000000p%2B0,383,6.768,5.58152,5.693859224328846,2.3582460054534993,defined,-0.04763677074786024,sensitivity_only
id:x%3A0x1.0000000000000p%2B0,384,6.786,5.59304,5.4807007756711545,2.3582460054534993,defined,0.04763677074786024,sensitivity_only
id:x%3A0x1.0000000000000p%2B0,385,6.804,5.60456,5.716899224328846,2.3582460054534993,defined,-0.04763677074786024,sensitivity_only
id:x%3A0x1.0000000000000p%2B0,386,6.822,5.61608,5.5037407756711545,2.3582460054534993,defined,0.04763677074786024,sensitivity_only
id:x%3A0x1.0000000000000p%2B0,387,6.84,5.6276,5.739939224328846,2.3582460054534993,defined,-0.04763677074786024,sensitivity_only
id:x%3A0x1.0000000000000p%2B0,388,6.858,5.63912,5.5267807756711544,2.3582460054534993,defined,0.04763677074786024,sensitivity_only
id:x%3A0x1.0000000000000p%2B0,389,6.876,5.65064,5.762979224328846,2.3582460054534993,defined,-0.04763677074786024,sensitivity_only
id:x%3A0x1.0000000000000p%2B0,390,6.894,5.66216,5.549820775671154,2.3582460054534993,defined,0.04763677074786024,sensitivity_only
id:x%3A0x1.0000000000000p%2B0,391,6.912,5.67368,5.786019224328846,2.3582460054534993,defined,-0.04763677074786024,sensitivity_only
id:x%3A0x1.0000000000000p%2B0,392,6.93,5.6852,5.572860775671154,2.3582460054534993,defined,0.04763677074786024,sensitivity_only
id:x%3A0x1.0000000000000p%2B0,393,6.948,5.69672,5.809059224328846,2.3582460054534993,defined,-0.04763677074786024,sensitivity_only
id:x%3A0x1.0000000000000p%2B0,394,6.966,5.70824,5.595900775671154,2.3582460054534993,defined,0.04763677074786024,sensitivity_only
id:x%3A0x1.0000000000000p%2B0,395,6.984,5.71976,5.832099224328846,2.3582460054534993,defined,-0.04763677074786024,sensitivity_only
id:x%3A0x1.0000000000000p%2B0,396,7.0,5.73,5.617660775671155,2.3582460054534993,defined,0.04763677074786024,sensitivity_only
id:x%3A0x1.0000000000000p%2B0,397,7.002,5.73128,5.843619224328846,2.3582460054534993,defined,-0.04763677074786024,sensitivity_only
id:x%3A0x1.0000000000000p%2B0,398,7.02,5.7428,5.630460775671154,2.3582460054534993,defined,0.04763677074786024,sensitivity_only
id:x%3A0x1.0000000000000p%2B0,399,7.038,5.75432,5.866659224328846,2.3582460054534993,defined,-0.04763677074786024,sensitivity_only
id:x%3A0x1.0000000000000p%2B0,400,7.056,5.76584,5.653500775671154,2.3582460054534993,defined,0.04763677074786024,sensitivity_only
id:x%3A0x1.0000000000000p%2B0,401,7.074,5.77736,5.8896992243288455,2.3582460054534993,defined,-0.04763677074786024,sensitivity_only
id:x%3A0x1.0000000000000p%2B0,402,7.092,5.78888,5.676540775671154,2.3582460054534993,defined,0.04763677074786024,sensitivity_only
id:x%3A0x1.0000000000000p%2B0,403,7.11,5.800400000000001,5.912739224328846,2.3582460054534993,defined,-0.04763677074786024,sensitivity_only
id:x%3A0x1.0000000000000p%2B0,404,7.128,5.81192,5.699580775671154,2.3582460054534993,defined,0.04763677074786024,sensitivity_only
id:x%3A0x1.0000000000000p%2B0,405,7.146,5.82344,5.935779224328845,2.3582460054534993,defined,-0.04763677074786024,sensitivity_only
id:x%3A0x1.0000000000000p%2B0,406,7.164,5.83496,5.722620775671154,2.3582460054534993,defined,0.04763677074786024,sensitivity_only
id:x%3A0x1.0000000000000p%2B0,407,7.182,5.846480000000001,5.958819224328846,2.3582460054534993,defined,-0.04763677074786024,sensitivity_only
id:x%3A0x1.0000000000000p%2B0,408,7.2,5.8580000000000005,5.745660775671155,2.3582460054534993,defined,0.04763677074786024,sensitivity_only
id:x%3A0x1.0000000000000p%2B0,409,7.218,5.8695200000000005,5.981859224328846,2.3582460054534993,defined,-0.04763677074786024,sensitivity_only
id:x%3A0x1.0000000000000p%2B0,410,7.236,5.88104,5.768700775671154,2.3582460054534993,defined,0.04763677074786024,sensitivity_only
id:x%3A0x1.0000000000000p%2B0,411,7.254,5.89256,6.004899224328845,2.3582460054534993,defined,-0.04763677074786024,sensitivity_only
id:x%3A0x1.0000000000000p%2B0,412,7.272,5.90408,5.791740775671155,2.3582460054534993,defined,0.04763677074786024,sensitivity_only
id:x%3A0x1.0000000000000p%2B0,413,7.29,5.9156,6.027939224328846,2.3582460054534993,defined,-0.04763677074786024,sensitivity_only
id:x%3A0x1.0000000000000p%2B0,414,7.308,5.92712,5.814780775671155,2.3582460054534993,defined,0.04763677074786024,sensitivity_only
id:x%3A0x1.0000000000000p%2B0,415,7.326,5.9386399999999995,6.050979224328845,2.3582460054534993,defined,-0.04763677074786024,sensitivity_only
id:x%3A0x1.0000000000000p%2B0,416,7.344,5.95016,5.837820775671155,2.3582460054534993,defined,0.04763677074786024,sensitivity_only
id:x%3A0x1.0000000000000p%2B0,417,7.362,5.96168,6.074019224328846,2.3582460054534993,defined,-0.04763677074786024,sensitivity_only
id:x%3A0x1.0000000000000p%2B0,418,7.38,5.9732,5.860860775671155,2.3582460054534993,defined,0.04763677074786024,sensitivity_only
id:x%3A0x1.0000000000000p%2B0,419,7.398,5.98472,6.097059224328846,2.3582460054534993,defined,-0.04763677074786024,sensitivity_only
id:x%3A0x1.0000000000000p%2B0,420,7.416,5.99624,5.8839007756711545,2.3582460054534993,defined,0.04763677074786024,sensitivity_only
id:x%3A0x1.0000000000000p%2B0,421,7.434,6.00776,6.120099224328846,2.3582460054534993,defined,-0.04763677074786024,sensitivity_only
id:x%3A0x1.0000000000000p%2B0,422,7.452,6.01928,5.9069407756711545,2.3582460054534993,defined,0.04763677074786024,sensitivity_only
id:x%3A0x1.0000000000000p%2B0,423,7.47,6.0308,6.143139224328846,2.3582460054534993,defined,-0.04763677074786024,sensitivity_only
id:x%3A0x1.0000000000000p%2B0,424,7.488,6.04232,5.9299807756711544,2.3582460054534993,defined,0.04763677074786024,sensitivity_only
id:x%3A0x1.0000000000000p%2B0,425,7.506,6.05384,6.166179224328846,2.358246005453502,defined,-0.04763677074786024,sensitivity_only
id:x%3A0x1.0000000000000p%2B0,426,7.524,6.06536,5.953020775671154,2.358246005453502,defined,0.04763677074786024,sensitivity_only
id:x%3A0x1.0000000000000p%2B0,427,7.542,6.07688,6.189219224328846,2.358246005453502,defined,-0.04763677074786024,sensitivity_only
id:x%3A0x1.0000000000000p%2B0,428,7.56,6.0884,5.976060775671154,2.358246005453502,defined,0.04763677074786024,sensitivity_only
id:x%3A0x1.0000000000000p%2B0,429,7.578,6.09992,6.212259224328846,2.358246005453502,defined,-0.04763677074786024,sensitivity_only
id:x%3A0x1.0000000000000p%2B0,430,7.596,6.11144,5.999100775671154,2.358246005453502,defined,0.04763677074786024,sensitivity_only
id:x%3A0x1.0000000000000p%2B0,431,7.614,6.12296,6.235299224328846,2.358246005453502,defined,-0.04763677074786024,sensitivity_only
id:x%3A0x1.0000000000000p%2B0,432,7.632,6.13448,6.022140775671154,2.358246005453502,defined,0.04763677074786024,sensitivity_only
id:x%3A0x1.0000000000000p%2B0,433,7.65,6.146,6.258339224328846,2.358246005453502,defined,-0.04763677074786024,sensitivity_only
id:x%3A0x1.0000000000000p%2B0,434,7.668,6.15752,6.045180775671154,2.358246005453502,defined,0.04763677074786024,sensitivity_only
id:x%3A0x1.0000000000000p%2B0,435,7.686,6.16904,6.2813792243288455,2.358246005453502,defined,-0.04763677074786024,sensitivity_only
id:x%3A0x1.0000000000000p%2B0,436,7.704,6.18056,6.068220775671154,2.358246005453502,defined,0.04763677074786024,sensitivity_only
id:x%3A0x1.0000000000000p%2B0,437,7.722,6.192080000000001,6.304419224328846,2.358246005453502,defined,-0.04763677074786024,sensitivity_only
id:x%3A0x1.0000000000000p%2B0,438,7.74,6.203600000000001,6.091260775671155,2.358246005453502,defined,0.04763677074786024,sensitivity_only
id:x%3A0x1.0000000000000p%2B0,439,7.758,6.21512,6.327459224328845,2.358246005453502,defined,-0.04763677074786024,sensitivity_only
id:x%3A0x1.0000000000000p%2B0,440,7.776,6.22664,6.114300775671154,2.358246005453502,defined,0.04763677074786024,sensitivity_only
id:x%3A0x1.0000000000000p%2B0,441,7.794,6.23816,6.350499224328845,2.358246005453502,defined,-0.04763677074786024,sensitivity_only
id:x%3A0x1.0000000000000p%2B0,442,7.812,6.249680000000001,6.137340775671155,2.358246005453502,defined,0.04763677074786024,sensitivity_only
id:x%3A0x1.0000000000000p%2B0,443,7.83,6.2612000000000005,6.373539224328846,2.358246005453502,defined,-0.04763677074786024,sensitivity_only
id:x%3A0x1.0000000000000p%2B0,444,7.848,6.27272,6.160380775671154,2.358246005453502,defined,0.04763677074786024,sensitivity_only
id:x%3A0x1.0000000000000p%2B0,445,7.866,6.28424,6.396579224328845,2.358246005453502,defined,-0.04763677074786024,sensitivity_only
id:x%3A0x1.0000000000000p%2B0,446,7.884,6.2957600000000005,6.183420775671155,2.358246005453502,defined,0.04763677074786024,sensitivity_only
id:x%3A0x1.0000000000000p%2B0,447,7.902,6.30728,6.419619224328846,2.358246005453502,defined,-0.04763677074786024,sensitivity_only
id:x%3A0x1.0000000000000p%2B0,448,7.92,6.3188,6.206460775671155,2.358246005453502,defined,0.04763677074786024,sensitivity_only
id:x%3A0x1.0000000000000p%2B0,449,7.938,6.3303199999999995,6.442659224328845,2.358246005453502,defined,-0.04763677074786024,sensitivity_only
id:x%3A0x1.0000000000000p%2B0,450,7.956,6.34184,6.229500775671155,2.358246005453502,defined,0.04763677074786024,sensitivity_only
id:x%3A0x1.0000000000000p%2B0,451,7.974,6.35336,6.465699224328846,2.358246005453502,defined,-0.04763677074786024,sensitivity_only
id:x%3A0x1.0000000000000p%2B0,452,7.992,6.36488,6.252540775671155,2.358246005453502,defined,0.04763677074786024,sensitivity_only
id:x%3A0x1.0000000000000p%2B0,453,8.0,6.37,6.482339224328846,2.358246005453502,defined,-0.04763677074786024,sensitivity_only
id:x%3A0x1.0000000000000p%2B0,454,8.01,6.3764,6.264060775671155,2.358246005453502,defined,0.04763677074786024,sensitivity_only
id:x%3A0x1.0000000000000p%2B0,455,8.028,6.38792,6.500259224328846,2.358246005453502,defined,-0.04763677074786024,sensitivity_only
id:x%3A0x1.0000000000000p%2B0,456,8.046,6.399439999999999,6.287100775671154,2.358246005453502,defined,0.04763677074786024,sensitivity_only
id:x%3A0x1.0000000000000p%2B0,457,8.064,6.41096,6.523299224328846,2.358246005453502,defined,-0.04763677074786024,sensitivity_only
id:x%3A0x1.0000000000000p%2B0,458,8.082,6.42248,6.3101407756711545,2.358246005453502,defined,0.04763677074786024,sensitivity_only
id:x%3A0x1.0000000000000p%2B0,459,8.1,6.434,6.546339224328846,2.358246005453502,defined,-0.04763677074786024,sensitivity_only
id:x%3A0x1.0000000000000p%2B0,460,8.118,6.44552,6.3331807756711544,2.358246005453502,defined,0.04763677074786024,sensitivity_only
id:x%3A0x1.0000000000000p%2B0,461,8.136,6.457039999999999,6.569379224328845,2.358246005453502,defined,-0.04763677074786024,sensitivity_only
id:x%3A0x1.0000000000000p%2B0,462,8.154,6.46856,6.356220775671154,2.358246005453502,defined,0.04763677074786024,sensitivity_only
id:x%3A0x1.0000000000000p%2B0,463,8.172,6.48008,6.592419224328846,2.358246005453502,defined,-0.04763677074786024,sensitivity_only
id:x%3A0x1.0000000000000p%2B0,464,8.19,6.4916,6.379260775671154,2.358246005453502,defined,0.04763677074786024,sensitivity_only
id:x%3A0x1.0000000000000p%2B0,465,8.208,6.50312,6.615459224328846,2.358246005453502,defined,-0.04763677074786024,sensitivity_only
id:x%3A0x1.0000000000000p%2B0,466,8.226,6.514640000000001,6.402300775671155,2.358246005453502,defined,0.04763677074786024,sensitivity_only
id:x%3A0x1.0000000000000p%2B0,467,8.244,6.52616,6.638499224328846,2.358246005453502,defined,-0.04763677074786024,sensitivity_only
id:x%3A0x1.0000000000000p%2B0,468,8.262,6.537680000000001,6.425340775671155,2.358246005453502,defined,0.04763677074786024,sensitivity_only
id:x%3A0x1.0000000000000p%2B0,469,8.28,6.5492,6.661539224328846,2.358246005453502,defined,-0.04763677074786024,sensitivity_only
id:x%3A0x1.0000000000000p%2B0,470,8.298,6.56072,6.448380775671154,2.358246005453502,defined,0.04763677074786024,sensitivity_only
id:x%3A0x1.0000000000000p%2B0,471,8.316,6.572240000000001,6.684579224328846,2.358246005453502,defined,-0.04763677074786024,sensitivity_only
id:x%3A0x1.0000000000000p%2B0,472,8.334,6.58376,6.471420775671154,2.358246005453502,defined,0.04763677074786024,sensitivity_only
id:x%3A0x1.0000000000000p%2B0,473,8.352,6.595280000000001,6.707619224328846,2.358246005453502,defined,-0.04763677074786024,sensitivity_only
id:x%3A0x1.0000000000000p%2B0,474,8.37,6.6068,6.494460775671154,2.358246005453502,defined,0.04763677074786024,sensitivity_only
id:x%3A0x1.0000000000000p%2B0,475,8.388,6.61832,6.7306592243288454,2.358246005453502,defined,-0.04763677074786024,sensitivity_only
id:x%3A0x1.0000000000000p%2B0,476,8.406,6.629840000000001,6.517500775671155,2.358246005453502,defined,0.04763677074786024,sensitivity_only
id:x%3A0x1.0000000000000p%2B0,477,8.424,6.64136,6.753699224328845,2.358246005453502,defined,-0.04763677074786024,sensitivity_only
id:x%3A0x1.0000000000000p%2B0,478,8.442,6.652880000000001,6.540540775671155,2.358246005453502,defined,0.04763677074786024,sensitivity_only
id:x%3A0x1.0000000000000p%2B0,479,8.46,6.6644000000000005,6.776739224328846,2.358246005453502,defined,-0.04763677074786024,sensitivity_only
id:x%3A0x1.0000000000000p%2B0,480,8.478,6.67592,6.563580775671154,2.358246005453502,defined,0.04763677074786024,sensitivity_only
id:x%3A0x1.0000000000000p%2B0,481,8.496,6.6874400000000005,6.799779224328846,2.358246005453502,defined,-0.04763677074786024,sensitivity_only
id:x%3A0x1.0000000000000p%2B0,482,8.514,6.69896,6.586620775671154,2.358246005453502,defined,0.04763677074786024,sensitivity_only
id:x%3A0x1.0000000000000p%2B0,483,8.532,6.7104800000000004,6.822819224328846,2.358246005453502,defined,-0.04763677074786024,sensitivity_only
id:x%3A0x1.0000000000000p%2B0,484,8.55,6.722,6.609660775671155,2.358246005453502,defined,0.04763677074786024,sensitivity_only
id:x%3A0x1.0000000000000p%2B0,485,8.568,6.7335199999999995,6.845859224328845,2.358246005453502,defined,-0.04763677074786024,sensitivity_only
id:x%3A0x1.0000000000000p%2B0,486,8.586,6.74504,6.632700775671155,2.358246005453502,defined,0.04763677074786024,sensitivity_only
id:x%3A0x1.0000000000000p%2B0,487,8.604,6.7565599999999995,6.868899224328845,2.358246005453502,defined,-0.04763677074786024,sensitivity_only
id:x%3A0x1.0000000000000p%2B0,488,8.622,6.76808,6.655740775671155,2.358246005453502,defined,0.04763677074786024,sensitivity_only
id:x%3A0x1.0000000000000p%2B0,489,8.64,6.7796,6.891939224328846,2.358246005453502,defined,-0.04763677074786024,sensitivity_only
id:x%3A0x1.0000000000000p%2B0,490,8.658,6.791119999999999,6.678780775671154,2.358246005453502,defined,0.04763677074786024,sensitivity_only
id:x%3A0x1.0000000000000p%2B0,491,8.676,6.80264,6.914979224328846,2.358246005453502,defined,-0.04763677074786024,sensitivity_only
id:x%3A0x1.0000000000000p%2B0,492,8.694,6.81416,6.7018207756711545,2.358246005453502,defined,0.04763677074786024,sensitivity_only
id:x%3A0x1.0000000000000p%2B0,493,8.712,6.82568,6.938019224328846,2.358246005453502,defined,-0.04763677074786024,sensitivity_only
id:x%3A0x1.0000000000000p%2B0,494,8.73,6.8372,6.7248607756711545,2.358246005453502,defined,0.04763677074786024,sensitivity_only
id:x%3A0x1.0000000000000p%2B0,495,8.748,6.848719999999999,6.961059224328845,2.358246005453502,defined,-0.04763677074786024,sensitivity_only
id:x%3A0x1.0000000000000p%2B0,496,8.766,6.86024,6.747900775671154,2.358246005453502,defined,0.04763677074786024,sensitivity_only
id:x%3A0x1.0000000000000p%2B0,497,8.784,6.871760000000001,6.984099224328847,2.358246005453502,defined,-0.04763677074786024,sensitivity_only
id:x%3A0x1.0000000000000p%2B0,498,8.802,6.88328,6.770940775671154,2.358246005453502,defined,0.04763677074786024,sensitivity_only
id:x%3A0x1.0000000000000p%2B0,499,8.82,6.8948,7.007139224328846,2.358246005453502,defined,-0.04763677074786024,sensitivity_only
id:x%3A0x1.0000000000000p%2B0,500,8.838,6.90632,6.793980775671154,2.358246005453502,defined,0.04763677074786024,sensitivity_only
id:x%3A0x1.0000000000000p%2B0,501,8.856,6.91784,7.030179224328846,2.358246005453502,defined,-0.04763677074786024,sensitivity_only
id:x%3A0x1.0000000000000p%2B0,502,8.874,6.929360000000001,6.817020775671155,2.358246005453502,defined,0.04763677074786024,sensitivity_only
id:x%3A0x1.0000000000000p%2B0,503,8.892,6.94088,7.053219224328846,2.358246005453502,defined,-0.04763677074786024,sensitivity_only
id:x%3A0x1.0000000000000p%2B0,504,8.91,6.9524,6.840060775671154,2.358246005453502,defined,0.04763677074786024,sensitivity_only
id:x%3A0x1.0000000000000p%2B0,505,8.928,6.963920000000001,7.0762592243288465,2.358246005453502,defined,-0.04763677074786024,sensitivity_only
id:x%3A0x1.0000000000000p%2B0,506,8.946,6.97544,6.863100775671154,2.358246005453502,defined,0.04763677074786024,sensitivity_only
id:x%3A0x1.0000000000000p%2B0,507,8.964,6.986960000000001,7.099299224328846,2.358246005453502,defined,-0.04763677074786024,sensitivity_only
id:x%3A0x1.0000000000000p%2B0,508,8.982,6.99848,6.886140775671154,2.358246005453502,defined,0.04763677074786024,sensitivity_only
id:x%3A0x1.0000000000000p%2B0,509,9.0,7.01,7.1223392243288455,2.358246005453502,defined,-0.04763677074786024,sensitivity_only
id:x%3A0x1.0000000000000p%2B1,0,0.0,1.25,1.0136513447867717,2.594070605998847,defined,0.09111111111111111,sensitivity_only
id:x%3A0x1.0000000000000p%2B1,1,0.018,1.26152,1.379345558540254,2.594070605998847,defined,-0.04542110699214581,sensitivity_only
id:x%3A0x1.0000000000000p%2B1,2,0.036,1.27304,1.1552144414597458,2.594070605998847,defined,0.04542110699214581,sensitivity_only
id:x%3A0x1.0000000000000p%2B1,3,0.054,1.28456,1.402385558540254,2.594070605998847,defined,-0.04542110699214581,sensitivity_only
id:x%3A0x1.0000000000000p%2B1,4,0.072,1.29608,1.1782544414597458,2.594070605998847,defined,0.04542110699214581,sensitivity_only
id:x%3A0x1.0000000000000p%2B1,5,0.09,1.3076,1.4254255585402542,2.594070605998847,defined,-0.04542110699214581,sensitivity_only
id:x%3A0x1.0000000000000p%2B1,6,0.108,1.31912,1.201294441459746,2.594070605998847,defined,0.04542110699214581,sensitivity_only
id:x%3A0x1.0000000000000p%2B1,7,0.126,1.33064,1.4484655585402542,2.594070605998847,defined,-0.04542110699214581,sensitivity_only
id:x%3A0x1.0000000000000p%2B1,8,0.144,1.34216,1.224334441459746,2.594070605998847,defined,0.04542110699214581,sensitivity_only
id:x%3A0x1.0000000000000p%2B1,9,0.162,1.35368,1.471505558540254,2.594070605998847,defined,-0.04542110699214581,sensitivity_only
id:x%3A0x1.0000000000000p%2B1,10,0.18,1.3652,1.2473744414597459,2.594070605998847,defined,0.04542110699214581,sensitivity_only
id:x%3A0x1.0000000000000p%2B1,11,0.198,1.37672,1.494545558540254,2.594070605998847,defined,-0.04542110699214581,sensitivity_only
id:x%3A0x1.0000000000000p%2B1,12,0.216,1.38824,1.2704144414597458,2.594070605998847,defined,0.04542110699214581,sensitivity_only
id:x%3A0x1.0000000000000p%2B1,13,0.234,1.3997600000000001,1.5175855585402542,2.594070605998847,defined,-0.04542110699214581,sensitivity_only
id:x%3A0x1.0000000000000p%2B1,14,0.252,1.41128,1.293454441459746,2.594070605998847,defined,0.04542110699214581,sensitivity_only
id:x%3A0x1.0000000000000p%2B1,15,0.27,1.4228,1.5406255585402542,2.594070605998847,defined,-0.04542110699214581,sensitivity_only
id:x%3A0x1.0000000000000p%2B1,16,0.288,1.43432,1.316494441459746,2.594070605998847,defined,0.04542110699214581,sensitivity_only
id:x%3A0x1.0000000000000p%2B1,17,0.306,1.44584,1.5636655585402541,2.594070605998847,defined,-0.04542110699214581,sensitivity_only
id:x%3A0x1.0000000000000p%2B1,18,0.324,1.45736,1.3395344414597459,2.594070605998847,defined,0.04542110699214581,sensitivity_only
id:x%3A0x1.0000000000000p%2B1,19,0.342,1.46888,1.586705558540254,2.594070605998847,defined,-0.04542110699214581,sensitivity_only
id:x%3A0x1.0000000000000p%2B1,20,0.36,1.4804,1.3625744414597458,2.594070605998847,defined,0.04542110699214581,sensitivity_only
id:x%3A0x1.0000000000000p%2B1,21,0.378,1.49192,1.609745558540254,2.594070605998847,defined,-0.04542110699214581,sensitivity_only
id:x%3A0x1.0000000000000p%2B1,22,0.396,1.5034399999999999,1.3856144414597458,2.594070605998847,defined,0.04542110699214581,sensitivity_only
id:x%3A0x1.0000000000000p%2B1,23,0.414,1.5149599999999999,1.632785558540254,2.594070605998847,defined,-0.04542110699214581,sensitivity_only
id:x%3A0x1.0000000000000p%2B1,24,0.432,1.52648,1.408654441459746,2.594070605998847,defined,0.04542110699214581,sensitivity_only
id:x%3A0x1.0000000000000p%2B1,25,0.45,1.538,1.6558255585402541,2.594070605998847,defined,-0.04542110699214581,sensitivity_only
id:x%3A0x1.0000000000000p%2B1,26,0.468,1.54952,1.431694441459746,2.594070605998847,defined,0.04542110699214581,sensitivity_only
id:x%3A0x1.0000000000000p%2B1,27,0.486,1.56104,1.678865558540254,2.594070605998847,defined,-0.04542110699214581,sensitivity_only
id:x%3A0x1.0000000000000p%2B1,28,0.504,1.57256,1.465445855872496,2.3582460054534993,defined,0.04542110699214581,sensitivity_only
id:x%3A0x1.0000000000000p%2B1,29,0.522,1.5840800000000002,1.691194144127504,2.3582460054534993,defined,-0.04542110699214581,sensitivity_only
id:x%3A0x1.0000000000000p%2B1,30,0.54,1.5956000000000001,1.4884858558724963,2.3582460054534993,defined,0.04542110699214581,sensitivity_only
id:x%3A0x1.0000000000000p%2B1,31,0.558,1.60712,1.714234144127504,2.3582460054534993,defined,-0.04542110699214581,sensitivity_only
id:x%3A0x1.0000000000000p%2B1,32,0.576,1.61864,1.5115258558724962,2.3582460054534993,defined,0.04542110699214581,sensitivity_only
id:x%3A0x1.0000000000000p%2B1,33,0.594,1.63016,1.737274144127504,2.3582460054534993,defined,-0.04542110699214581,sensitivity_only
id:x%3A0x1.0000000000000p%2B1,34,0.612,1.64168,1.5345658558724962,2.3582460054534993,defined,0.04542110699214581,sensitivity_only
id:x%3A0x1.0000000000000p%2B1,35,0.63,1.6532,1.7603141441275039,2.3582460054534993,defined,-0.04542110699214581,sensitivity_only
id:x%3A0x1.0000000000000p%2B1,36,0.648,1.66472,1.5576058558724961,2.3582460054534993,defined,0.04542110699214581,sensitivity_only
id:x%3A0x1.0000000000000p%2B1,37,0.666,1.67624,1.7833541441275038,2.3582460054534993,defined,-0.04542110699214581,sensitivity_only
id:x%3A0x1.0000000000000p%2B1,38,0.684,1.68776,1.580645855872496,2.3582460054534993,defined,0.04542110699214581,sensitivity_only
id:x%3A0x1.0000000000000p%2B1,39,0.702,1.69928,1.8063941441275038,2.3582460054534993,defined,-0.04542110699214581,sensitivity_only
id:x%3A0x1.0000000000000p%2B1,40,0.72,1.7107999999999999,1.603685855872496,2.3582460054534993,defined,0.04542110699214581,sensitivity_only
id:x%3A0x1.0000000000000p%2B1,41,0.738,1.72232,1.829434144127504,2.3582460054534993,defined,-0.04542110699214581,sensitivity_only
id:x%3A0x1.0000000000000p%2B1,42,0.756,1.73384,1.6267258558724962,2.3582460054534993,defined,0.04542110699214581,sensitivity_only
id:x%3A0x1.0000000000000p%2B1,43,0.774,1.74536,1.8524741441275039,2.3582460054534993,defined,-0.04542110699214581,sensitivity_only
id:x%3A0x1.0000000000000p%2B1,44,0.792,1.75688,1.6497658558724961,2.3582460054534993,defined,0.04542110699214581,sensitivity_only
id:x%3A0x1.0000000000000p%2B1,45,0.81,1.7684000000000002,1.875514144127504,2.3582460054534993,defined,-0.04542110699214581,sensitivity_only
id:x%3A0x1.0000000000000p%2B1,46,0.828,1.77992,1.672805855872496,2.3582460054534993,defined,0.04542110699214581,sensitivity_only
id:x%3A0x1.0000000000000p%2B1,47,0.846,1.7914400000000001,1.898554144127504,2.3582460054534993,defined,-0.04542110699214581,sensitivity_only
id:x%3A0x1.0000000000000p%2B1,48,0.864,1.8029600000000001,1.6958458558724963,2.3582460054534993,defined,0.04542110699214581,sensitivity_only
id:x%3A0x1.0000000000000p%2B1,49,0.882,1.81448,1.921594144127504,2.3582460054534993,defined,-0.04542110699214581,sensitivity_only
id:x%3A0x1.0000000000000p%2B1,50,0.9,1.826,1.7188858558724962,2.3582460054534993,defined,0.04542110699214581,sensitivity_only
id:x%3A0x1.0000000000000p%2B1,51,0.918,1.83752,1.944634144127504,2.3582460054534993,defined,-0.04542110699214581,sensitivity_only
id:x%3A0x1.0000000000000p%2B1,52,0.936,1.84904,1.7419258558724962,2.3582460054534993,defined,0.04542110699214581,sensitivity_only
id:x%3A0x1.0000000000000p%2B1,53,0.954,1.86056,1.9676741441275039,2.3582460054534993,defined,-0.04542110699214581,sensitivity_only
id:x%3A0x1.0000000000000p%2B1,54,0.972,1.87208,1.764965855872496,2.3582460054534993,defined,0.04542110699214581,sensitivity_only
id:x%3A0x1.0000000000000p%2B1,55,0.99,1.8836,1.9907141441275038,2.3582460054534993,defined,-0.04542110699214581,sensitivity_only
id:x%3A0x1.0000000000000p%2B1,56,1.0,1.8900000000000001,1.7828858558724963,2.3582460054534993,defined,0.04542110699214581,sensitivity_only
id:x%3A0x1.0000000000000p%2B1,57,1.008,1.89512,2.002234144127504,2.3582460054534993,defined,-0.04542110699214581,sensitivity_only
id:x%3A0x1.0000000000000p%2B1,58,1.026,1.90664,1.799525855872496,2.3582460054534993,defined,0.04542110699214581,sensitivity_only
id:x%3A0x1.0000000000000p%2B1,59,1.044,1.91816,2.025274144127504,2.3582460054534993,defined,-0.04542110699214581,sensitivity_only
id:x%3A0x1.0000000000000p%2B1,60,1.062,1.92968,1.8225658558724962,2.3582460054534993,defined,0.04542110699214581,sensitivity_only
id:x%3A0x1.0000000000000p%2B1,61,1.08,1.9412,2.048314144127504,2.3582460054534993,defined,-0.04542110699214581,sensitivity_only
id:x%3A0x1.0000000000000p%2B1,62,1.098,1.9527200000000002,1.8456058558724964,2.3582460054534993,defined,0.04542110699214581,sensitivity_only
id:x%3A0x1.0000000000000p%2B1,63,1.116,1.9642400000000002,2.071354144127504,2.3582460054534993,defined,-0.04542110699214581,sensitivity_only
id:x%3A0x1.0000000000000p%2B1,64,1.134,1.97576,1.868645855872496,2.3582460054534993,defined,0.04542110699214581,sensitivity_only
id:x%3A0x1.0000000000000p%2B1,65,1.152,1.98728,2.094394144127504,2.3582460054534993,defined,-0.04542110699214581,sensitivity_only
id:x%3A0x1.0000000000000p%2B1,66,1.17,1.9988000000000001,1.8916858558724963,2.3582460054534993,defined,0.04542110699214581,sensitivity_only
id:x%3A0x1.0000000000000p%2B1,67,1.188,2.01032,2.117434144127504,2.3582460054534993,defined,-0.04542110699214581,sensitivity_only
id:x%3A0x1.0000000000000p%2B1,68,1.206,2.02184,1.9147258558724962,2.3582460054534993,defined,0.04542110699214581,sensitivity_only
id:x%3A0x1.0000000000000p%2B1,69,1.224,2.03336,2.140474144127504,2.3582460054534993,defined,-0.04542110699214581,sensitivity_only
id:x%3A0x1.0000000000000p%2B1,70,1.242,2.04488,1.9377658558724962,2.3582460054534993,defined,0.04542110699214581,sensitivity_only
id:x%3A0x1.0000000000000p%2B1,71,1.26,2.0564,2.163514144127504,2.3582460054534993,defined,-0.04542110699214581,sensitivity_only
id:x%3A0x1.0000000000000p%2B1,72,1.278,2.06792,1.9608058558724961,2.3582460054534993,defined,0.04542110699214581,sensitivity_only
id:x%3A0x1.0000000000000p%2B1,73,1.296,2.07944,2.186554144127504,2.3582460054534993,defined,-0.04542110699214581,sensitivity_only
id:x%3A0x1.0000000000000p%2B1,74,1.314,2.09096,1.983845855872496,2.3582460054534993,defined,0.04542110699214581,sensitivity_only
id:x%3A0x1.0000000000000p%2B1,75,1.332,2.10248,2.2095941441275038,2.3582460054534993,defined,-0.04542110699214581,sensitivity_only
id:x%3A0x1.0000000000000p%2B1,76,1.35,2.114,2.006885855872496,2.3582460054534993,defined,0.04542110699214581,sensitivity_only
id:x%3A0x1.0000000000000p%2B1,77,1.368,2.12552,2.2326341441275037,2.3582460054534993,defined,-0.04542110699214581,sensitivity_only
id:x%3A0x1.0000000000000p%2B1,78,1.386,2.13704,2.029925855872496,2.3582460054534993,defined,0.04542110699214581,sensitivity_only
id:x%3A0x1.0000000000000p%2B1,79,1.404,2.14856,2.2556741441275037,2.3582460054534993,defined,-0.04542110699214581,sensitivity_only
id:x%3A0x1.0000000000000p%2B1,80,1.422,2.16008,2.052965855872496,2.3582460054534993,defined,0.04542110699214581,sensitivity_only
id:x%3A0x1.0000000000000p%2B1,81,1.44,2.1715999999999998,2.2787141441275036,2.3582460054534993,defined,-0.04542110699214581,sensitivity_only
id:x%3A0x1.0000000000000p%2B1,82,1.458,2.1831199999999997,2.076005855872496,2.3582460054534993,defined,0.04542110699214581,sensitivity_only
id:x%3A0x1.0000000000000p%2B1,83,1.476,2.19464,2.301754144127504,2.3582460054534993,defined,-0.04542110699214581,sensitivity_only
id:x%3A0x1.0000000000000p%2B1,84,1.494,2.20616,2.0990458558724963,2.3582460054534993,defined,0.04542110699214581,sensitivity_only
id:x%3A0x1.0000000000000p%2B1,85,1.512,2.21768,2.324794144127504,2.3582460054534997,defined,-0.04542110699214581,sensitivity_only
id:x%3A0x1.0000000000000p%2B1,86,1.53,2.2292,2.122085855872496,2.3582460054534997,defined,0.04542110699214581,sensitivity_only
id:x%3A0x1.0000000000000p%2B1,87,1.548,2.24072,2.347834144127504,2.3582460054534997,defined,-0.04542110699214581,sensitivity_only
id:x%3A0x1.0000000000000p%2B1,88,1.566,2.25224,2.145125855872496,2.3582460054534997,defined,0.04542110699214581,sensitivity_only
id:x%3A0x1.0000000000000p%2B1,89,1.584,2.26376,2.370874144127504,2.3582460054534997,defined,-0.04542110699214581,sensitivity_only
id:x%3A0x1.0000000000000p%2B1,90,1.602,2.27528,2.168165855872496,2.3582460054534997,defined,0.04542110699214581,sensitivity_only
id:x%3A0x1.0000000000000p%2B1,91,1.62,2.2868000000000004,2.3939141441275043,2.3582460054534997,defined,-0.04542110699214581,sensitivity_only
id:x%3A0x1.0000000000000p%2B1,92,1.638,2.29832,2.191205855872496,2.3582460054534997,defined,0.04542110699214581,sensitivity_only
id:x%3A0x1.0000000000000p%2B1,93,1.656,2.30984,2.4169541441275038,2.3582460054534997,defined,-0.04542110699214581,sensitivity_only
id:x%3A0x1.0000000000000p%2B1,94,1.674,2.3213600000000003,2.2142458558724964,2.3582460054534997,defined,0.04542110699214581,sensitivity_only
id:x%3A0x1.0000000000000p%2B1,95,1.692,2.3328800000000003,2.439994144127504,2.3582460054534997,defined,-0.04542110699214581,sensitivity_only
id:x%3A0x1.0000000000000p%2B1,96,1.71,2.3444000000000003,2.2372858558724964,2.3582460054534997,defined,0.04542110699214581,sensitivity_only
id:x%3A0x1.0000000000000p%2B1,97,1.728,2.3559200000000002,2.463034144127504,2.3582460054534997,defined,-0.04542110699214581,sensitivity_only
id:x%3A0x1.0000000000000p%2B1,98,1.746,2.36744,2.2603258558724963,2.3582460054534997,defined,0.04542110699214581,sensitivity_only
id:x%3A0x1.0000000000000p%2B1,99,1.764,2.37896,2.486074144127504,2.3582460054534997,defined,-0.04542110699214581,sensitivity_only
id:x%3A0x1.0000000000000p%2B1,100,1.782,2.39048,2.2833658558724963,2.3582460054534997,defined,0.04542110699214581,sensitivity_only
id:x%3A0x1.0000000000000p%2B1,101,1.8,2.402,2.509114144127504,2.3582460054534997,defined,-0.04542110699214581,sensitivity_only
id:x%3A0x1.0000000000000p%2B1,102,1.818,2.41352,2.3064058558724962,2.3582460054534997,defined,0.04542110699214581,sensitivity_only
id:x%3A0x1.0000000000000p%2B1,103,1.836,2.42504,2.532154144127504,2.3582460054534997,defined,-0.04542110699214581,sensitivity_only
id:x%3A0x1.0000000000000p%2B1,104,1.854,2.43656,2.329445855872496,2.3582460054534997,defined,0.04542110699214581,sensitivity_only
id:x%3A0x1.0000000000000p%2B1,105,1.872,2.44808,2.555194144127504,2.3582460054534997,defined,-0.04542110699214581,sensitivity_only
id:x%3A0x1.0000000000000p%2B1,106,1.89,2.4596,2.352485855872496,2.3582460054534997,defined,0.04542110699214581,sensitivity_only
id:x%3A0x1.0000000000000p%2B1,107,1.908,2.47112,2.578234144127504,2.3582460054534997,defined,-0.04542110699214581,sensitivity_only
id:x%3A0x1.0000000000000p%2B1,108,1.926,2.48264,2.375525855872496,2.3582460054534997,defined,0.04542110699214581,sensitivity_only
id:x%3A0x1.0000000000000p%2B1,109,1.944,2.49416,2.601274144127504,2.3582460054534997,defined,-0.04542110699214581,sensitivity_only
id:x%3A0x1.0000000000000p%2B1,110,1.962,2.50568,2.398565855872496,2.3582460054534997,defined,0.04542110699214581,sensitivity_only
id:x%3A0x1.0000000000000p%2B1,111,1.98,2.5172,2.6243141441275037,2.3582460054534997,defined,-0.04542110699214581,sensitivity_only
id:x%3A0x1.0000000000000p%2B1,112,1.998,2.52872,2.421605855872496,2.3582460054534997,defined,0.04542110699214581,sensitivity_only
id:x%3A0x1.0000000000000p%2B1,113,2.0,2.5300000000000002,2.637114144127504,2.3582460054534997,defined,-0.04542110699214581,sensitivity_only
id:x%3A0x1.0000000000000p%2B1,114,2.016,2.54024,2.433125855872496,2.3582460054534997,defined,0.04542110699214581,sensitivity_only
id:x%3A0x1.0000000000000p%2B1,115,2.034,2.55176,2.6588741441275037,2.3582460054534997,defined,-0.04542110699214581,sensitivity_only
id:x%3A0x1.0000000000000p%2B1,116,2.052,2.56328,2.456165855872496,2.3582460054534997,defined,0.04542110699214581,sensitivity_only
id:x%3A0x1.0000000000000p%2B1,117,2.07,2.5747999999999998,2.6819141441275036,2.3582460054534997,defined,-0.04542110699214581,sensitivity_only
id:x%3A0x1.0000000000000p%2B1,118,2.088,2.58632,2.4792058558724963,2.3582460054534997,defined,0.04542110699214581,sensitivity_only
id:x%3A0x1.0000000000000p%2B1,119,2.106,2.5978399999999997,2.7049541441275036,2.3582460054534997,defined,-0.04542110699214581,sensitivity_only
id:x%3A0x1.0000000000000p%2B1,120,2.124,2.60936,2.5022458558724963,2.3582460054534997,defined,0.04542110699214581,sensitivity_only
id:x%3A0x1.0000000000000p%2B1,121,2.142,2.6208799999999997,2.7279941441275035,2.3582460054534997,defined,-0.04542110699214581,sensitivity_only
id:x%3A0x1.0000000000000p%2B1,122,2.16,2.6324,2.525285855872496,2.3582460054534997,defined,0.04542110699214581,sensitivity_only
id:x%3A0x1.0000000000000p%2B1,123,2.178,2.64392,2.751034144127504,2.3582460054534997,defined,-0.04542110699214581,sensitivity_only
id:x%3A0x1.0000000000000p%2B1,124,2.196,2.6554400000000005,2.5483258558724966,2.3582460054534997,defined,0.04542110699214581,sensitivity_only
id:x%3A0x1.0000000000000p%2B1,125,2.214,2.66696,2.774074144127504,2.3582460054534997,defined,-0.04542110699214581,sensitivity_only
id:x%3A0x1.0000000000000p%2B1,126,2.232,2.6784800000000004,2.5713658558724966,2.3582460054534997,defined,0.04542110699214581,sensitivity_only
id:x%3A0x1.0000000000000p%2B1,127,2.25,2.69,2.797114144127504,2.3582460054534997,defined,-0.04542110699214581,sensitivity_only
id:x%3A0x1.0000000000000p%2B1,128,2.268,2.70152,2.594405855872496,2.3582460054534997,defined,0.04542110699214581,sensitivity_only
id:x%3A0x1.0000000000000p%2B1,129,2.286,2.7130400000000003,2.820154144127504,2.3582460054534997,defined,-0.04542110699214581,sensitivity_only
id:x%3A0x1.0000000000000p%2B1,130,2.304,2.72456,2.617445855872496,2.3582460054534997,defined,0.04542110699214581,sensitivity_only
id:x%3A0x1.0000000000000p%2B1,131,2.322,2.7360800000000003,2.843194144127504,2.3582460054534997,defined,-0.04542110699214581,sensitivity_only
id:x%3A0x1.0000000000000p%2B1,132,2.34,2.7476000000000003,2.6404858558724964,2.3582460054534997,defined,0.04542110699214581,sensitivity_only
id:x%3A0x1.0000000000000p%2B1,133,2.358,2.7591200000000002,2.866234144127504,2.3582460054534997,defined,-0.04542110699214581,sensitivity_only
id:x%3A0x1.0000000000000p%2B1,134,2.376,2.77064,2.6635258558724964,2.3582460054534997,defined,0.04542110699214581,sensitivity_only
id:x%3A0x1.0000000000000p%2B1,135,2.394,2.78216,2.889274144127504,2.3582460054534997,defined,-0.04542110699214581,sensitivity_only
id:x%3A0x1.0000000000000p%2B1,136,2.412,2.79368,2.6865658558724963,2.3582460054534997,defined,0.04542110699214581,sensitivity_only
id:x%3A0x1.0000000000000p%2B1,137,2.43,2.8052,2.912314144127504,2.3582460054534997,defined,-0.04542110699214581,sensitivity_only
id:x%3A0x1.0000000000000p%2B1,138,2.448,2.81672,2.7096058558724962,2.3582460054534997,defined,0.04542110699214581,sensitivity_only
id:x%3A0x1.0000000000000p%2B1,139,2.466,2.82824,2.935354144127504,2.3582460054534997,defined,-0.04542110699214581,sensitivity_only
id:x%3A0x1.0000000000000p%2B1,140,2.484,2.83976,2.732645855872496,2.3582460054534997,defined,0.04542110699214581,sensitivity_only
id:x%3A0x1.0000000000000p%2B1,141,2.502,2.85128,2.958394144127504,2.3582460054534997,defined,-0.04542110699214581,sensitivity_only
id:x%3A0x1.0000000000000p%2B1,142,2.52,2.8628,2.755685855872496,2.3582460054534997,defined,0.04542110699214581,sensitivity_only
id:x%3A0x1.0000000000000p%2B1,143,2.538,2.87432,2.981434144127504,2.3582460054534997,defined,-0.04542110699214581,sensitivity_only
id:x%3A0x1.0000000000000p%2B1,144,2.556,2.88584,2.778725855872496,2.3582460054534997,defined,0.04542110699214581,sensitivity_only
id:x%3A0x1.0000000000000p%2B1,145,2.574,2.89736,3.004474144127504,2.3582460054534997,defined,-0.04542110699214581,sensitivity_only
id:x%3A0x1.0000000000000p%2B1,146,2.592,2.90888,2.801765855872496,2.3582460054534997,defined,0.04542110699214581,sensitivity_only
id:x%3A0x1.0000000000000p%2B1,147,2.61,2.9204,3.0275141441275037,2.3582460054534997,defined,-0.04542110699214581,sensitivity_only
id:x%3A0x1.0000000000000p%2B1,148,2.628,2.93192,2.824805855872496,2.3582460054534997,defined,0.04542110699214581,sensitivity_only
id:x%3A0x1.0000000000000p%2B1,149,2.646,2.94344,3.0505541441275037,2.3582460054534997,defined,-0.04542110699214581,sensitivity_only
id:x%3A0x1.0000000000000p%2B1,150,2.664,2.95496,2.847845855872496,2.3582460054534997,defined,0.04542110699214581,sensitivity_only
id:x%3A0x1.0000000000000p%2B1,151,2.682,2.96648,3.0735941441275036,2.3582460054534997,defined,-0.04542110699214581,sensitivity_only
id:x%3A0x1.0000000000000p%2B1,152,2.7,2.978,2.8708858558724963,2.3582460054534997,defined,0.04542110699214581,sensitivity_only
id:x%3A0x1.0000000000000p%2B1,153,2.718,2.9895199999999997,3.0966341441275036,2.3582460054534997,defined,-0.04542110699214581,sensitivity_only
id:x%3A0x1.0000000000000p%2B1,154,2.736,3.00104,2.8939258558724963,2.3582460054534997,defined,0.04542110699214581,sensitivity_only
id:x%3A0x1.0000000000000p%2B1,155,2.754,3.01256,3.119674144127504,2.3582460054534997,defined,-0.04542110699214581,sensitivity_only
id:x%3A0x1.0000000000000p%2B1,156,2.772,3.0240799999999997,2.916965855872496,2.3582460054534997,defined,0.04542110699214581,sensitivity_only
id:x%3A0x1.0000000000000p%2B1,157,2.79,3.0356,3.142714144127504,2.3582460054534997,defined,-0.04542110699214581,sensitivity_only
id:x%3A0x1.0000000000000p%2B1,158,2.808,3.0471199999999996,2.9400058558724957,2.3582460054534997,defined,0.04542110699214581,sensitivity_only
id:x%3A0x1.0000000000000p%2B1,159,2.826,3.05864,3.165754144127504,2.3582460054534997,defined,-0.04542110699214581,sensitivity_only
id:x%3A0x1.0000000000000p%2B1,160,2.844,3.07016,2.963045855872496,2.3582460054534997,defined,0.04542110699214581,sensitivity_only
id:x%3A0x1.0000000000000p%2B1,161,2.862,3.0816800000000004,3.1887941441275043,2.3582460054534997,defined,-0.04542110699214581,sensitivity_only
id:x%3A0x1.0000000000000p%2B1,162,2.88,3.0932,2.986085855872496,2.3582460054534997,defined,0.04542110699214581,sensitivity_only
id:x%3A0x1.0000000000000p%2B1,163,2.898,3.1047200000000004,3.2118341441275042,2.3582460054534997,defined,-0.04542110699214581,sensitivity_only
id:x%3A0x1.0000000000000p%2B1,164,2.916,3.11624,3.009125855872496,2.3582460054534997,defined,0.04542110699214581,sensitivity_only
id:x%3A0x1.0000000000000p%2B1,165,2.934,3.1277600000000003,3.234874144127504,2.3582460054534997,defined,-0.04542110699214581,sensitivity_only
id:x%3A0x1.0000000000000p%2B1,166,2.952,3.1392800000000003,3.0321658558724964,2.3582460054534997,defined,0.04542110699214581,sensitivity_only
id:x%3A0x1.0000000000000p%2B1,167,2.97,3.1508000000000003,3.257914144127504,2.3582460054534997,defined,-0.04542110699214581,sensitivity_only
id:x%3A0x1.0000000000000p%2B1,168,2.988,3.1623200000000002,3.0552058558724964,2.3582460054534997,defined,0.04542110699214581,sensitivity_only
id:x%3A0x1.0000000000000p%2B1,169,3.0,3.17,3.277114144127504,2.3582460054534997,defined,-0.04542110699214581,sensitivity_only
id:x%3A0x1.0000000000000p%2B1,170,3.006,3.17384,3.0667258558724964,2.3582460054534997,defined,0.04542110699214581,sensitivity_only
id:x%3A0x1.0000000000000p%2B1,171,3.024,3.18536,3.292474144127504,2.3582460054534997,defined,-0.04542110699214581,sensitivity_only
id:x%3A0x1.0000000000000p%2B1,172,3.042,3.19688,3.0897658558724963,2.3582460054534997,defined,0.04542110699214581,sensitivity_only
id:x%3A0x1.0000000000000p%2B1,173,3.06,3.2084,3.315514144127504,2.3582460054534997,defined,-0.04542110699214581,sensitivity_only
id:x%3A0x1.0000000000000p%2B1,174,3.078,3.21992,3.1128058558724963,2.3582460054534997,defined,0.04542110699214581,sensitivity_only
id:x%3A0x1.0000000000000p%2B1,175,3.096,3.23144,3.338554144127504,2.3582460054534997,defined,-0.04542110699214581,sensitivity_only
id:x%3A0x1.0000000000000p%2B1,176,3.114,3.24296,3.135845855872496,2.3582460054534997,defined,0.04542110699214581,sensitivity_only
id:x%3A0x1.0000000000000p%2B1,177,3.132,3.25448,3.361594144127504,2.3582460054534997,defined,-0.04542110699214581,sensitivity_only
id:x%3A0x1.0000000000000p%2B1,178,3.15,3.266,3.158885855872496,2.3582460054534997,defined,0.04542110699214581,sensitivity_only
id:x%3A0x1.0000000000000p%2B1,179,3.168,3.27752,3.384634144127504,2.3582460054534997,defined,-0.04542110699214581,sensitivity_only
id:x%3A0x1.0000000000000p%2B1,180,3.186,3.28904,3.181925855872496,2.3582460054534997,defined,0.04542110699214581,sensitivity_only
id:x%3A0x1.0000000000000p%2B1,181,3.204,3.30056,3.407674144127504,2.3582460054534997,defined,-0.04542110699214581,sensitivity_only
id:x%3A0x1.0000000000000p%2B1,182,3.222,3.31208,3.204965855872496,2.3582460054534997,defined,0.04542110699214581,sensitivity_only
id:x%3A0x1.0000000000000p%2B1,183,3.24,3.3236000000000003,3.430714144127504,2.3582460054534997,defined,-0.04542110699214581,sensitivity_only
id:x%3A0x1.0000000000000p%2B1,184,3.258,3.33512,3.228005855872496,2.3582460054534997,defined,0.04542110699214581,sensitivity_only
id:x%3A0x1.0000000000000p%2B1,185,3.276,3.34664,3.4537541441275037,2.3582460054534997,defined,-0.04542110699214581,sensitivity_only
id:x%3A0x1.0000000000000p%2B1,186,3.294,3.3581600000000003,3.2510458558724964,2.3582460054534997,defined,0.04542110699214581,sensitivity_only
id:x%3A0x1.0000000000000p%2B1,187,3.312,3.36968,3.4767941441275036,2.3582460054534997,defined,-0.04542110699214581,sensitivity_only
id:x%3A0x1.0000000000000p%2B1,188,3.33,3.3812,3.2740858558724963,2.3582460054534997,defined,0.04542110699214581,sensitivity_only
id:x%3A0x1.0000000000000p%2B1,189,3.348,3.39272,3.499834144127504,2.3582460054534997,defined,-0.04542110699214581,sensitivity_only
id:x%3A0x1.0000000000000p%2B1,190,3.366,3.40424,3.2971258558724963,2.3582460054534997,defined,0.04542110699214581,sensitivity_only
id:x%3A0x1.0000000000000p%2B1,191,3.384,3.41576,3.522874144127504,2.3582460054534997,defined,-0.04542110699214581,sensitivity_only
id:x%3A0x1.0000000000000p%2B1,192,3.402,3.42728,3.3201658558724962,2.3582460054534997,defined,0.04542110699214581,sensitivity_only
id:x%3A0x1.0000000000000p%2B1,193,3.42,3.4388,3.545914144127504,2.3582460054534997,defined,-0.04542110699214581,sensitivity_only
id:x%3A0x1.0000000000000p%2B1,194,3.438,3.45032,3.343205855872496,2.3582460054534997,defined,0.04542110699214581,sensitivity_only
id:x%3A0x1.0000000000000p%2B1,195,3.456,3.46184,3.568954144127504,2.3582460054534997,defined,-0.04542110699214581,sensitivity_only
id:x%3A0x1.0000000000000p%2B1,196,3.474,3.47336,3.366245855872496,2.3582460054534997,defined,0.04542110699214581,sensitivity_only
id:x%3A0x1.0000000000000p%2B1,197,3.492,3.48488,3.591994144127504,2.3582460054534997,defined,-0.04542110699214581,sensitivity_only
id:x%3A0x1.0000000000000p%2B1,198,3.51,3.4964,3.389285855872496,2.358246005453502,defined,0.04542110699214581,sensitivity_only
id:x%3A0x1.0000000000000p%2B1,199,3.528,3.50792,3.615034144127504,2.358246005453502,defined,-0.04542110699214581,sensitivity_only
id:x%3A0x1.0000000000000p%2B1,200,3.546,3.51944,3.412325855872496,2.358246005453502,defined,0.04542110699214581,sensitivity_only
id:x%3A0x1.0000000000000p%2B1,201,3.564,3.53096,3.6380741441275037,2.358246005453502,defined,-0.04542110699214581,sensitivity_only
id:x%3A0x1.0000000000000p%2B1,202,3.582,3.54248,3.435365855872496,2.358246005453502,defined,0.04542110699214581,sensitivity_only
id:x%3A0x1.0000000000000p%2B1,203,3.6,3.5540000000000003,3.661114144127504,2.358246005453502,defined,-0.04542110699214581,sensitivity_only
id:x%3A0x1.0000000000000p%2B1,204,3.618,3.56552,3.458405855872496,2.358246005453502,defined,0.04542110699214581,sensitivity_only
id:x%3A0x1.0000000000000p%2B1,205,3.636,3.57704,3.684154144127504,2.358246005453502,defined,-0.04542110699214581,sensitivity_only
id:x%3A0x1.0000000000000p%2B1,206,3.654,3.58856,3.4814458558724963,2.358246005453502,defined,0.04542110699214581,sensitivity_only
id:x%3A0x1.0000000000000p%2B1,207,3.672,3.60008,3.707194144127504,2.358246005453502,defined,-0.04542110699214581,sensitivity_only
id:x%3A0x1.0000000000000p%2B1,208,3.69,3.6116,3.5044858558724963,2.358246005453502,defined,0.04542110699214581,sensitivity_only
id:x%3A0x1.0000000000000p%2B1,209,3.708,3.62312,3.730234144127504,2.358246005453502,defined,-0.04542110699214581,sensitivity_only
id:x%3A0x1.0000000000000p%2B1,210,3.726,3.63464,3.5275258558724962,2.358246005453502,defined,0.04542110699214581,sensitivity_only
id:x%3A0x1.0000000000000p%2B1,211,3.744,3.64616,3.753274144127504,2.358246005453502,defined,-0.04542110699214581,sensitivity_only
id:x%3A0x1.0000000000000p%2B1,212,3.762,3.65768,3.550565855872496,2.358246005453502,defined,0.04542110699214581,sensitivity_only
id:x%3A0x1.0000000000000p%2B1,213,3.78,3.6692,3.776314144127504,2.358246005453502,defined,-0.04542110699214581,sensitivity_only
id:x%3A0x1.0000000000000p%2B1,214,3.798,3.68072,3.573605855872496,2.358246005453502,defined,0.04542110699214581,sensitivity_only
id:x%3A0x1.0000000000000p%2B1,215,3.816,3.69224,3.799354144127504,2.358246005453502,defined,-0.04542110699214581,sensitivity_only
id:x%3A0x1.0000000000000p%2B1,216,3.834,3.70376,3.596645855872496,2.358246005453502,defined,0.04542110699214581,sensitivity_only
id:x%3A0x1.0000000000000p%2B1,217,3.852,3.71528,3.822394144127504,2.358246005453502,defined,-0.04542110699214581,sensitivity_only
id:x%3A0x1.0000000000000p%2B1,218,3.87,3.7268000000000003,3.6196858558724965,2.358246005453502,defined,0.04542110699214581,sensitivity_only
id:x%3A0x1.0000000000000p%2B1,219,3.888,3.73832,3.8454341441275037,2.358246005453502,defined,-0.04542110699214581,sensitivity_only
id:x%3A0x1.0000000000000p%2B1,220,3.906,3.7498400000000003,3.6427258558724964,2.358246005453502,defined,0.04542110699214581,sensitivity_only
id:x%3A0x1.0000000000000p%2B1,221,3.924,3.76136,3.8684741441275037,2.358246005453502,defined,-0.04542110699214581,sensitivity_only
id:x%3A0x1.0000000000000p%2B1,222,3.942,3.7728800000000002,3.6657658558724964,2.358246005453502,defined,0.04542110699214581,sensitivity_only
id:x%3A0x1.0000000000000p%2B1,223,3.96,3.7844,3.891514144127504,2.358246005453502,defined,-0.04542110699214581,sensitivity_only
id:x%3A0x1.0000000000000p%2B1,224,3.978,3.79592,3.6888058558724963,2.358246005453502,defined,0.04542110699214581,sensitivity_only
id:x%3A0x1.0000000000000p%2B1,225,3.996,3.80744,3.914554144127504,2.358246005453502,defined,-0.04542110699214581,sensitivity_only
id:x%3A0x1.0000000000000p%2B1,226,4.0,3.81,3.702885855872496,2.358246005453502,defined,0.04542110699214581,sensitivity_only
id:x%3A0x1.0000000000000p%2B1,227,4.014,3.81896,3.926074144127504,2.358246005453502,defined,-0.04542110699214581,sensitivity_only
id:x%3A0x1.0000000000000p%2B1,228,4.032,3.83048,3.7233658558724962,2.358246005453502,defined,0.04542110699214581,sensitivity_only
id:x%3A0x1.0000000000000p%2B1,229,4.05,3.842,3.949114144127504,2.358246005453502,defined,-0.04542110699214581,sensitivity_only
id:x%3A0x1.0000000000000p%2B1,230,4.068,3.8535199999999996,3.7464058558724957,2.358246005453502,defined,0.04542110699214581,sensitivity_only
id:x%3A0x1.0000000000000p%2B1,231,4.086,3.86504,3.972154144127504,2.358246005453502,defined,-0.04542110699214581,sensitivity_only
id:x%3A0x1.0000000000000p%2B1,232,4.104,3.87656,3.769445855872496,2.358246005453502,defined,0.04542110699214581,sensitivity_only
id:x%3A0x1.0000000000000p%2B1,233,4.122,3.88808,3.995194144127504,2.358246005453502,defined,-0.04542110699214581,sensitivity_only
id:x%3A0x1.0000000000000p%2B1,234,4.14,3.8996,3.792485855872496,2.358246005453502,defined,0.04542110699214581,sensitivity_only
id:x%3A0x1.0000000000000p%2B1,235,4.158,3.9111200000000004,4.018234144127504,2.358246005453502,defined,-0.04542110699214581,sensitivity_only
id:x%3A0x1.0000000000000p%2B1,236,4.176,3.9226400000000003,3.8155258558724965,2.358246005453502,defined,0.04542110699214581,sensitivity_only
id:x%3A0x1.0000000000000p%2B1,237,4.194,3.93416,4.041274144127504,2.358246005453502,defined,-0.04542110699214581,sensitivity_only
id:x%3A0x1.0000000000000p%2B1,238,4.212,3.94568,3.838565855872496,2.358246005453502,defined,0.04542110699214581,sensitivity_only
id:x%3A0x1.0000000000000p%2B1,239,4.23,3.9572000000000003,4.064314144127504,2.358246005453502,defined,-0.04542110699214581,sensitivity_only
id:x%3A0x1.0000000000000p%2B1,240,4.248,3.9687200000000002,3.8616058558724964,2.358246005453502,defined,0.04542110699214581,sensitivity_only
id:x%3A0x1.0000000000000p%2B1,241,4.266,3.9802400000000002,4.087354144127504,2.358246005453502,defined,-0.04542110699214581,sensitivity_only
id:x%3A0x1.0000000000000p%2B1,242,4.284,3.9917599999999998,3.884645855872496,2.358246005453502,defined,0.04542110699214581,sensitivity_only
id:x%3A0x1.0000000000000p%2B1,243,4.302,4.00328,4.110394144127504,2.358246005453502,defined,-0.04542110699214581,sensitivity_only
id:x%3A0x1.0000000000000p%2B1,244,4.32,4.0148,3.9076858558724963,2.358246005453502,defined,0.04542110699214581,sensitivity_only
id:x%3A0x1.0000000000000p%2B1,245,4.338,4.02632,4.133434144127504,2.358246005453502,defined,-0.04542110699214581,sensitivity_only
id:x%3A0x1.0000000000000p%2B1,246,4.356,4.03784,3.9307258558724962,2.358246005453502,defined,0.04542110699214581,sensitivity_only
id:x%3A0x1.0000000000000p%2B1,247,4.374,4.04936,4.156474144127504,2.358246005453502,defined,-0.04542110699214581,sensitivity_only
id:x%3A0x1.0000000000000p%2B1,248,4.392,4.060880000000001,3.953765855872497,2.358246005453502,defined,0.04542110699214581,sensitivity_only
id:x%3A0x1.0000000000000p%2B1,249,4.41,4.0724,4.179514144127504,2.358246005453502,defined,-0.04542110699214581,sensitivity_only
id:x%3A0x1.0000000000000p%2B1,250,4.428,4.08392,3.976805855872496,2.358246005453502,defined,0.04542110699214581,sensitivity_only
id:x%3A0x1.0000000000000p%2B1,251,4.446,4.09544,4.202554144127504,2.358246005453502,defined,-0.04542110699214581,sensitivity_only
id:x%3A0x1.0000000000000p%2B1,252,4.464,4.106960000000001,3.999845855872497,2.358246005453502,defined,0.04542110699214581,sensitivity_only
id:x%3A0x1.0000000000000p%2B1,253,4.482,4.11848,4.225594144127504,2.358246005453502,defined,-0.04542110699214581,sensitivity_only
id:x%3A0x1.0000000000000p%2B1,254,4.5,4.13,4.022885855872496,2.358246005453502,defined,0.04542110699214581,sensitivity_only
id:x%3A0x1.0000000000000p%2B1,255,4.518,4.14152,4.227211315302003,1.8865968043627994,defined,-0.04542110699214581,sensitivity_only
id:x%3A0x1.0000000000000p%2B1,256,4.536,4.15304,4.067348684697997,1.8865968043627994,defined,0.04542110699214581,sensitivity_only
id:x%3A0x1.0000000000000p%2B1,257,4.554,4.16456,4.250251315302003,1.8865968043627994,defined,-0.04542110699214581,sensitivity_only
id:x%3A0x1.0000000000000p%2B1,258,4.572,4.176080000000001,4.090388684697998,1.8865968043627994,defined,0.04542110699214581,sensitivity_only
id:x%3A0x1.0000000000000p%2B1,259,4.59,4.1876,4.273291315302003,1.8865968043627994,defined,-0.04542110699214581,sensitivity_only
id:x%3A0x1.0000000000000p%2B1,260,4.608,4.19912,4.113428684697997,1.8865968043627994,defined,0.04542110699214581,sensitivity_only
id:x%3A0x1.0000000000000p%2B1,261,4.626,4.21064,4.296331315302003,1.8865968043627994,defined,-0.04542110699214581,sensitivity_only
id:x%3A0x1.0000000000000p%2B1,262,4.644,4.222160000000001,4.136468684697998,1.8865968043627994,defined,0.04542110699214581,sensitivity_only
id:x%3A0x1.0000000000000p%2B1,263,4.662,4.23368,4.319371315302003,1.8865968043627994,defined,-0.04542110699214581,sensitivity_only
id:x%3A0x1.0000000000000p%2B1,264,4.68,4.2452000000000005,4.159508684697998,1.8865968043627994,defined,0.04542110699214581,sensitivity_only
id:x%3A0x1.0000000000000p%2B1,265,4.698,4.2567200000000005,4.342411315302003,1.8865968043627994,defined,-0.04542110699214581,sensitivity_only
id:x%3A0x1.0000000000000p%2B1,266,4.716,4.2682400000000005,4.182548684697998,1.8865968043627994,defined,0.04542110699214581,sensitivity_only
id:x%3A0x1.0000000000000p%2B1,267,4.734,4.27976,4.3654513153020025,1.8865968043627994,defined,-0.04542110699214581,sensitivity_only
id:x%3A0x1.0000000000000p%2B1,268,4.752,4.29128,4.2055886846979975,1.8865968043627994,defined,0.04542110699214581,sensitivity_only
id:x%3A0x1.0000000000000p%2B1,269,4.77,4.3027999999999995,4.388491315302002,1.8865968043627994,defined,-0.04542110699214581,sensitivity_only
id:x%3A0x1.0000000000000p%2B1,270,4.788,4.31432,4.2286286846979975,1.8865968043627994,defined,0.04542110699214581,sensitivity_only
id:x%3A0x1.0000000000000p%2B1,271,4.806,4.3258399999999995,4.411531315302002,1.8865968043627994,defined,-0.04542110699214581,sensitivity_only
id:x%3A0x1.0000000000000p%2B1,272,4.824,4.33736,4.251668684697997,1.8865968043627994,defined,0.04542110699214581,sensitivity_only
id:x%3A0x1.0000000000000p%2B1,273,4.842,4.348879999999999,4.434571315302002,1.8865968043627994,defined,-0.04542110699214581,sensitivity_only
id:x%3A0x1.0000000000000p%2B1,274,4.86,4.3604,4.274708684697997,1.8865968043627994,defined,0.04542110699214581,sensitivity_only
id:x%3A0x1.0000000000000p%2B1,275,4.878,4.37192,4.457611315302003,1.8865968043627994,defined,-0.04542110699214581,sensitivity_only
id:x%3A0x1.0000000000000p%2B1,276,4.896,4.38344,4.297748684697997,1.8865968043627994,defined,0.04542110699214581,sensitivity_only
id:x%3A0x1.0000000000000p%2B1,277,4.914,4.394959999999999,4.480651315302002,1.8865968043627994,defined,-0.04542110699214581,sensitivity_only
id:x%3A0x1.0000000000000p%2B1,278,4.932,4.40648,4.320788684697997,1.8865968043627994,defined,0.04542110699214581,sensitivity_only
id:x%3A0x1.0000000000000p%2B1,279,4.95,4.418,4.503691315302003,1.8865968043627994,defined,-0.04542110699214581,sensitivity_only
id:x%3A0x1.0000000000000p%2B1,280,4.968,4.42952,4.343828684697997,1.8865968043627994,defined,0.04542110699214581,sensitivity_only
id:x%3A0x1.0000000000000p%2B1,281,4.986,4.44104,4.526731315302003,1.8865968043627994,defined,-0.04542110699214581,sensitivity_only
id:x%3A0x1.0000000000000p%2B1,282,5.0,4.45,4.364308684697997,1.8865968043627994,defined,0.04542110699214581,sensitivity_only
id:x%3A0x1.0000000000000p%2B1,283,5.004,4.45256,4.538251315302003,1.8865968043627994,defined,-0.04542110699214581,sensitivity_only
id:x%3A0x1.0000000000000p%2B1,284,5.022,4.46408,4.378388684697997,1.8865968043627994,defined,0.04542110699214581,sensitivity_only
id:x%3A0x1.0000000000000p%2B1,285,5.04,4.4756,4.561291315302003,1.8865968043627994,defined,-0.04542110699214581,sensitivity_only
id:x%3A0x1.0000000000000p%2B1,286,5.058,4.48712,4.401428684697997,1.8865968043627994,defined,0.04542110699214581,sensitivity_only
id:x%3A0x1.0000000000000p%2B1,287,5.076,4.49864,4.584331315302003,1.8865968043627994,defined,-0.04542110699214581,sensitivity_only
id:x%3A0x1.0000000000000p%2B1,288,5.094,4.510160000000001,4.424468684697998,1.8865968043627994,defined,0.04542110699214581,sensitivity_only
id:x%3A0x1.0000000000000p%2B1,289,5.112,4.52168,4.607371315302003,1.8865968043627994,defined,-0.04542110699214581,sensitivity_only
id:x%3A0x1.0000000000000p%2B1,290,5.13,4.5332,4.447508684697997,1.8865968043627994,defined,0.04542110699214581,sensitivity_only
id:x%3A0x1.0000000000000p%2B1,291,5.148,4.54472,4.630411315302003,1.8865968043627994,defined,-0.04542110699214581,sensitivity_only
id:x%3A0x1.0000000000000p%2B1,292,5.166,4.556240000000001,4.470548684697998,1.8865968043627994,defined,0.04542110699214581,sensitivity_only
id:x%3A0x1.0000000000000p%2B1,293,5.184,4.56776,4.653451315302003,1.8865968043627994,defined,-0.04542110699214581,sensitivity_only
id:x%3A0x1.0000000000000p%2B1,294,5.202,4.579280000000001,4.493588684697998,1.8865968043627994,defined,0.04542110699214581,sensitivity_only
id:x%3A0x1.0000000000000p%2B1,295,5.22,4.5908,4.676491315302003,1.8865968043627994,defined,-0.04542110699214581,sensitivity_only
id:x%3A0x1.0000000000000p%2B1,296,5.238,4.602320000000001,4.516628684697998,1.8865968043627994,defined,0.04542110699214581,sensitivity_only
id:x%3A0x1.0000000000000p%2B1,297,5.256,4.61384,4.699531315302003,1.8865968043627994,defined,-0.04542110699214581,sensitivity_only
id:x%3A0x1.0000000000000p%2B1,298,5.274,4.625360000000001,4.539668684697998,1.8865968043627994,defined,0.04542110699214581,sensitivity_only
id:x%3A0x1.0000000000000p%2B1,299,5.292,4.63688,4.722571315302003,1.8865968043627994,defined,-0.04542110699214581,sensitivity_only
id:x%3A0x1.0000000000000p%2B1,300,5.31,4.6484,4.562708684697997,1.8865968043627994,defined,0.04542110699214581,sensitivity_only
id:x%3A0x1.0000000000000p%2B1,301,5.328,4.65992,4.7456113153020025,1.8865968043627994,defined,-0.04542110699214581,sensitivity_only
id:x%3A0x1.0000000000000p%2B1,302,5.346,4.6714400000000005,4.585748684697998,1.8865968043627994,defined,0.04542110699214581,sensitivity_only
id:x%3A0x1.0000000000000p%2B1,303,5.364,4.68296,4.7686513153020025,1.8865968043627994,defined,-0.04542110699214581,sensitivity_only
id:x%3A0x1.0000000000000p%2B1,304,5.382,4.69448,4.6087886846979975,1.8865968043627994,defined,0.04542110699214581,sensitivity_only
id:x%3A0x1.0000000000000p%2B1,305,5.4,4.706,4.791691315302003,1.8865968043627994,defined,-0.04542110699214581,sensitivity_only
id:x%3A0x1.0000000000000p%2B1,306,5.418,4.71752,4.6318286846979975,1.8865968043627994,defined,0.04542110699214581,sensitivity_only
id:x%3A0x1.0000000000000p%2B1,307,5.436,4.7290399999999995,4.814731315302002,1.8865968043627994,defined,-0.04542110699214581,sensitivity_only
id:x%3A0x1.0000000000000p%2B1,308,5.454,4.74056,4.654868684697997,1.8865968043627994,defined,0.04542110699214581,sensitivity_only
id:x%3A0x1.0000000000000p%2B1,309,5.472,4.75208,4.837771315302003,1.8865968043627994,defined,-0.04542110699214581,sensitivity_only
id:x%3A0x1.0000000000000p%2B1,310,5.49,4.7636,4.677908684697997,1.8865968043627994,defined,0.04542110699214581,sensitivity_only
id:x%3A0x1.0000000000000p%2B1,311,5.5,4.77,4.8556913153020025,1.8865968043627994,defined,-0.04542110699214581,sensitivity_only
id:x%3A0x1.0000000000000p%2B1,312,5.508,4.77512,4.657294441459746,2.594070605998847,defined,0.04542110699214581,sensitivity_only
id:x%3A0x1.0000000000000p%2B1,313,5.526,4.78664,4.904465558540254,2.594070605998847,defined,-0.04542110699214581,sensitivity_only
id:x%3A0x1.0000000000000p%2B1,314,5.544,4.798159999999999,4.680334441459745,2.594070605998847,defined,0.04542110699214581,sensitivity_only
id:x%3A0x1.0000000000000p%2B1,315,5.562,4.80968,4.927505558540254,2.594070605998847,defined,-0.04542110699214581,sensitivity_only
id:x%3A0x1.0000000000000p%2B1,316,5.58,4.8212,4.703374441459746,2.594070605998847,defined,0.04542110699214581,sensitivity_only
id:x%3A0x1.0000000000000p%2B1,317,5.598,4.83272,4.950545558540254,2.594070605998847,defined,-0.04542110699214581,sensitivity_only
id:x%3A0x1.0000000000000p%2B1,318,5.616,4.844239999999999,4.726414441459745,2.594070605998847,defined,0.04542110699214581,sensitivity_only
id:x%3A0x1.0000000000000p%2B1,319,5.634,4.85576,4.973585558540254,2.594070605998847,defined,-0.04542110699214581,sensitivity_only
id:x%3A0x1.0000000000000p%2B1,320,5.652,4.86728,4.749454441459746,2.594070605998847,defined,0.04542110699214581,sensitivity_only
id:x%3A0x1.0000000000000p%2B1,321,5.67,4.8788,4.996625558540254,2.594070605998847,defined,-0.04542110699214581,sensitivity_only
id:x%3A0x1.0000000000000p%2B1,322,5.688,4.89032,4.772494441459746,2.594070605998847,defined,0.04542110699214581,sensitivity_only
id:x%3A0x1.0000000000000p%2B1,323,5.706,4.90184,5.019665558540254,2.594070605998847,defined,-0.04542110699214581,sensitivity_only
id:x%3A0x1.0000000000000p%2B1,324,5.724,4.913360000000001,4.795534441459747,2.594070605998847,defined,0.04542110699214581,sensitivity_only
id:x%3A0x1.0000000000000p%2B1,325,5.742,4.92488,5.042705558540254,2.594070605998847,defined,-0.04542110699214581,sensitivity_only
id:x%3A0x1.0000000000000p%2B1,326,5.76,4.9364,4.818574441459746,2.594070605998847,defined,0.04542110699214581,sensitivity_only
id:x%3A0x1.0000000000000p%2B1,327,5.778,4.94792,5.065745558540254,2.594070605998847,defined,-0.04542110699214581,sensitivity_only
id:x%3A0x1.0000000000000p%2B1,328,5.796,4.959440000000001,4.841614441459747,2.594070605998847,defined,0.04542110699214581,sensitivity_only
id:x%3A0x1.0000000000000p%2B1,329,5.814,4.97096,5.088785558540254,2.594070605998847,defined,-0.04542110699214581,sensitivity_only
id:x%3A0x1.0000000000000p%2B1,330,5.832,4.98248,4.864654441459746,2.594070605998847,defined,0.04542110699214581,sensitivity_only
id:x%3A0x1.0000000000000p%2B1,331,5.85,4.994,5.111825558540254,2.594070605998847,defined,-0.04542110699214581,sensitivity_only
id:x%3A0x1.0000000000000p%2B1,332,5.868,5.005520000000001,4.887694441459747,2.594070605998847,defined,0.04542110699214581,sensitivity_only
id:x%3A0x1.0000000000000p%2B1,333,5.886,5.01704,5.134865558540254,2.594070605998847,defined,-0.04542110699214581,sensitivity_only
id:x%3A0x1.0000000000000p%2B1,334,5.904,5.028560000000001,4.910734441459747,2.594070605998847,defined,0.04542110699214581,sensitivity_only
id:x%3A0x1.0000000000000p%2B1,335,5.922,5.04008,5.157905558540254,2.594070605998847,defined,-0.04542110699214581,sensitivity_only
id:x%3A0x1.0000000000000p%2B1,336,5.94,5.0516000000000005,4.933774441459747,2.594070605998847,defined,0.04542110699214581,sensitivity_only
id:x%3A0x1.0000000000000p%2B1,337,5.958,5.06312,5.1809455585402535,2.594070605998847,defined,-0.04542110699214581,sensitivity_only
id:x%3A0x1.0000000000000p%2B1,338,5.976,5.0746400000000005,4.956814441459747,2.594070605998847,defined,0.04542110699214581,sensitivity_only
id:x%3A0x1.0000000000000p%2B1,339,5.994,5.08616,5.2039855585402535,2.594070605998847,defined,-0.04542110699214581,sensitivity_only
id:x%3A0x1.0000000000000p%2B1,340,6.0,5.09,4.972174441459746,2.594070605998847,defined,0.04542110699214581,sensitivity_only
id:x%3A0x1.0000000000000p%2B1,341,6.012,5.09768,5.215505558540254,2.594070605998847,defined,-0.04542110699214581,sensitivity_only
id:x%3A0x1.0000000000000p%2B1,342,6.03,5.1092,4.9913744414597465,2.594070605998847,defined,0.04542110699214581,sensitivity_only
id:x%3A0x1.0000000000000p%2B1,343,6.048,5.12072,5.238545558540254,2.594070605998847,defined,-0.04542110699214581,sensitivity_only
id:x%3A0x1.0000000000000p%2B1,344,6.066,5.1322399999999995,5.014414441459746,2.594070605998847,defined,0.04542110699214581,sensitivity_only
id:x%3A0x1.0000000000000p%2B1,345,6.084,5.14376,5.261585558540254,2.594070605998847,defined,-0.04542110699214581,sensitivity_only
id:x%3A0x1.0000000000000p%2B1,346,6.102,5.15528,5.037454441459746,2.594070605998847,defined,0.04542110699214581,sensitivity_only
id:x%3A0x1.0000000000000p%2B1,347,6.12,5.1668,5.284625558540254,2.594070605998847,defined,-0.04542110699214581,sensitivity_only
id:x%3A0x1.0000000000000p%2B1,348,6.138,5.178319999999999,5.0604944414597455,2.594070605998847,defined,0.04542110699214581,sensitivity_only
id:x%3A0x1.0000000000000p%2B1,349,6.156,5.18984,5.307665558540254,2.594070605998847,defined,-0.04542110699214581,sensitivity_only
id:x%3A0x1.0000000000000p%2B1,350,6.174,5.20136,5.083534441459746,2.594070605998847,defined,0.04542110699214581,sensitivity_only
id:x%3A0x1.0000000000000p%2B1,351,6.192,5.21288,5.330705558540254,2.594070605998847,defined,-0.04542110699214581,sensitivity_only
id:x%3A0x1.0000000000000p%2B1,352,6.21,5.2244,5.106574441459746,2.594070605998847,defined,0.04542110699214581,sensitivity_only
id:x%3A0x1.0000000000000p%2B1,353,6.228,5.23592,5.353745558540254,2.594070605998847,defined,-0.04542110699214581,sensitivity_only
id:x%3A0x1.0000000000000p%2B1,354,6.246,5.247440000000001,5.129614441459747,2.594070605998847,defined,0.04542110699214581,sensitivity_only
id:x%3A0x1.0000000000000p%2B1,355,6.264,5.25896,5.376785558540254,2.594070605998847,defined,-0.04542110699214581,sensitivity_only
id:x%3A0x1.0000000000000p%2B1,356,6.282,5.27048,5.152654441459746,2.594070605998847,defined,0.04542110699214581,sensitivity_only
id:x%3A0x1.0000000000000p%2B1,357,6.3,5.282,5.399825558540254,2.594070605998847,defined,-0.04542110699214581,sensitivity_only
id:x%3A0x1.0000000000000p%2B1,358,6.318,5.29352,5.175694441459746,2.594070605998847,defined,0.04542110699214581,sensitivity_only
id:x%3A0x1.0000000000000p%2B1,359,6.336,5.30504,5.422865558540254,2.594070605998847,defined,-0.04542110699214581,sensitivity_only
id:x%3A0x1.0000000000000p%2B1,360,6.354,5.31656,5.198734441459746,2.594070605998847,defined,0.04542110699214581,sensitivity_only
id:x%3A0x1.0000000000000p%2B1,361,6.372,5.32808,5.445905558540254,2.594070605998847,defined,-0.04542110699214581,sensitivity_only
id:x%3A0x1.0000000000000p%2B1,362,6.39,5.3396,5.221774441459746,2.594070605998847,defined,0.04542110699214581,sensitivity_only
id:x%3A0x1.0000000000000p%2B1,363,6.408,5.35112,5.468945558540254,2.594070605998847,defined,-0.04542110699214581,sensitivity_only
id:x%3A0x1.0000000000000p%2B1,364,6.426,5.36264,5.244814441459746,2.594070605998847,defined,0.04542110699214581,sensitivity_only
id:x%3A0x1.0000000000000p%2B1,365,6.444,5.37416,5.491985558540254,2.594070605998847,defined,-0.04542110699214581,sensitivity_only
id:x%3A0x1.0000000000000p%2B1,366,6.462,5.38568,5.267854441459746,2.594070605998847,defined,0.04542110699214581,sensitivity_only
id:x%3A0x1.0000000000000p%2B1,367,6.48,5.397200000000001,5.515025558540255,2.594070605998847,defined,-0.04542110699214581,sensitivity_only
id:x%3A0x1.0000000000000p%2B1,368,6.498,5.408720000000001,5.290894441459747,2.594070605998847,defined,0.04542110699214581,sensitivity_only
id:x%3A0x1.0000000000000p%2B1,369,6.516,5.42024,5.527354144127504,2.3582460054534993,defined,-0.04542110699214581,sensitivity_only
id:x%3A0x1.0000000000000p%2B1,370,6.534,5.43176,5.324645855872496,2.3582460054534993,defined,0.04542110699214581,sensitivity_only
id:x%3A0x1.0000000000000p%2B1,371,6.552,5.44328,5.5503941441275035,2.3582460054534993,defined,-0.04542110699214581,sensitivity_only
id:x%3A0x1.0000000000000p%2B1,372,6.57,5.4548000000000005,5.347685855872497,2.3582460054534993,defined,0.04542110699214581,sensitivity_only
id:x%3A0x1.0000000000000p%2B1,373,6.588,5.4663200000000005,5.573434144127504,2.3582460054534993,defined,-0.04542110699214581,sensitivity_only
id:x%3A0x1.0000000000000p%2B1,374,6.606,5.47784,5.370725855872496,2.3582460054534993,defined,0.04542110699214581,sensitivity_only
id:x%3A0x1.0000000000000p%2B1,375,6.624,5.48936,5.596474144127503,2.3582460054534993,defined,-0.04542110699214581,sensitivity_only
id:x%3A0x1.0000000000000p%2B1,376,6.642,5.50088,5.393765855872497,2.3582460054534993,defined,0.04542110699214581,sensitivity_only
id:x%3A0x1.0000000000000p%2B1,377,6.66,5.5124,5.619514144127504,2.3582460054534993,defined,-0.04542110699214581,sensitivity_only
id:x%3A0x1.0000000000000p%2B1,378,6.678,5.52392,5.4168058558724965,2.3582460054534993,defined,0.04542110699214581,sensitivity_only
id:x%3A0x1.0000000000000p%2B1,379,6.696,5.53544,5.642554144127504,2.3582460054534993,defined,-0.04542110699214581,sensitivity_only
id:x%3A0x1.0000000000000p%2B1,380,6.714,5.54696,5.4398458558724965,2.3582460054534993,defined,0.04542110699214581,sensitivity_only
id:x%3A0x1.0000000000000p%2B1,381,6.732,5.55848,5.665594144127504,2.3582460054534993,defined,-0.04542110699214581,sensitivity_only
id:x%3A0x1.0000000000000p%2B1,382,6.75,5.57,5.462885855872496,2.3582460054534993,defined,0.04542110699214581,sensitivity_only
id:x%3A0x1.0000000000000p%2B1,383,6.768,5.58152,5.688634144127504,2.3582460054534993,defined,-0.04542110699214581,sensitivity_only
id:x%3A0x1.0000000000000p%2B1,384,6.786,5.59304,5.485925855872496,2.3582460054534993,defined,0.04542110699214581,sensitivity_only
id:x%3A0x1.0000000000000p%2B1,385,6.804,5.60456,5.711674144127504,2.3582460054534993,defined,-0.04542110699214581,sensitivity_only
id:x%3A0x1.0000000000000p%2B1,386,6.822,5.61608,5.508965855872496,2.3582460054534993,defined,0.04542110699214581,sensitivity_only
id:x%3A0x1.0000000000000p%2B1,387,6.84,5.6276,5.734714144127504,2.3582460054534993,defined,-0.04542110699214581,sensitivity_only
id:x%3A0x1.0000000000000p%2B1,388,6.858,5.63912,5.532005855872496,2.3582460054534993,defined,0.04542110699214581,sensitivity_only
id:x%3A0x1.0000000000000p%2B1,389,6.876,5.65064,5.757754144127504,2.3582460054534993,defined,-0.04542110699214581,sensitivity_only
id:x%3A0x1.0000000000000p%2B1,390,6.894,5.66216,5.555045855872496,2.3582460054534993,defined,0.04542110699214581,sensitivity_only
id:x%3A0x1.0000000000000p%2B1,391,6.912,5.67368,5.780794144127504,2.3582460054534993,defined,-0.04542110699214581,sensitivity_only
id:x%3A0x1.0000000000000p%2B1,392,6.93,5.6852,5.578085855872496,2.3582460054534993,defined,0.04542110699214581,sensitivity_only
id:x%3A0x1.0000000000000p%2B1,393,6.948,5.69672,5.803834144127504,2.3582460054534993,defined,-0.04542110699214581,sensitivity_only
id:x%3A0x1.0000000000000p%2B1,394,6.966,5.70824,5.601125855872496,2.3582460054534993,defined,0.04542110699214581,sensitivity_only
id:x%3A0x1.0000000000000p%2B1,395,6.984,5.71976,5.826874144127504,2.3582460054534993,defined,-0.04542110699214581,sensitivity_only
id:x%3A0x1.0000000000000p%2B1,396,7.0,5.73,5.622885855872497,2.3582460054534993,defined,0.04542110699214581,sensitivity_only
id:x%3A0x1.0000000000000p%2B1,397,7.002,5.73128,5.838394144127504,2.3582460054534993,defined,-0.04542110699214581,sensitivity_only
id:x%3A0x1.0000000000000p%2B1,398,7.02,5.7428,5.635685855872496,2.3582460054534993,defined,0.04542110699214581,sensitivity_only
id:x%3A0x1.0000000000000p%2B1,399,7.038,5.75432,5.861434144127504,2.3582460054534993,defined,-0.04542110699214581,sensitivity_only
id:x%3A0x1.0000000000000p%2B1,400,7.056,5.76584,5.658725855872496,2.3582460054534993,defined,0.04542110699214581,sensitivity_only
id:x%3A0x1.0000000000000p%2B1,401,7.074,5.77736,5.884474144127504,2.3582460054534993,defined,-0.04542110699214581,sensitivity_only
id:x%3A0x1.0000000000000p%2B1,402,7.092,5.78888,5.681765855872496,2.3582460054534993,defined,0.04542110699214581,sensitivity_only
id:x%3A0x1.0000000000000p%2B1,403,7.11,5.800400000000001,5.9075141441275045,2.3582460054534993,defined,-0.04542110699214581,sensitivity_only
id:x%3A0x1.0000000000000p%2B1,404,7.128,5.81192,5.704805855872496,2.3582460054534993,defined,0.04542110699214581,sensitivity_only
id:x%3A0x1.0000000000000p%2B1,405,7.146,5.82344,5.930554144127504,2.3582460054534993,defined,-0.04542110699214581,sensitivity_only
id:x%3A0x1.0000000000000p%2B1,406,7.164,5.83496,5.727845855872496,2.3582460054534993,defined,0.04542110699214581,sensitivity_only
id:x%3A0x1.0000000000000p%2B1,407,7.182,5.846480000000001,5.953594144127504,2.3582460054534993,defined,-0.04542110699214581,sensitivity_only
id:x%3A0x1.0000000000000p%2B1,408,7.2,5.8580000000000005,5.750885855872497,2.3582460054534993,defined,0.04542110699214581,sensitivity_only
id:x%3A0x1.0000000000000p%2B1,409,7.218,5.8695200000000005,5.976634144127504,2.3582460054534993,defined,-0.04542110699214581,sensitivity_only
id:x%3A0x1.0000000000000p%2B1,410,7.236,5.88104,5.773925855872496,2.3582460054534993,defined,0.04542110699214581,sensitivity_only
id:x%3A0x1.0000000000000p%2B1,411,7.254,5.89256,5.999674144127503,2.3582460054534993,defined,-0.04542110699214581,sensitivity_only
id:x%3A0x1.0000000000000p%2B1,412,7.272,5.90408,5.796965855872497,2.3582460054534993,defined,0.04542110699214581,sensitivity_only
id:x%3A0x1.0000000000000p%2B1,413,7.29,5.9156,6.022714144127504,2.3582460054534993,defined,-0.04542110699214581,sensitivity_only
id:x%3A0x1.0000000000000p%2B1,414,7.308,5.92712,5.8200058558724965,2.3582460054534993,defined,0.04542110699214581,sensitivity_only
id:x%3A0x1.0000000000000p%2B1,415,7.326,5.9386399999999995,6.045754144127503,2.3582460054534993,defined,-0.04542110699214581,sensitivity_only
id:x%3A0x1.0000000000000p%2B1,416,7.344,5.95016,5.8430458558724965,2.3582460054534993,defined,0.04542110699214581,sensitivity_only
id:x%3A0x1.0000000000000p%2B1,417,7.362,5.96168,6.068794144127504,2.3582460054534993,defined,-0.04542110699214581,sensitivity_only
id:x%3A0x1.0000000000000p%2B1,418,7.38,5.9732,5.866085855872496,2.3582460054534993,defined,0.04542110699214581,sensitivity_only
id:x%3A0x1.0000000000000p%2B1,419,7.398,5.98472,6.091834144127504,2.3582460054534993,defined,-0.04542110699214581,sensitivity_only
id:x%3A0x1.0000000000000p%2B1,420,7.416,5.99624,5.889125855872496,2.3582460054534993,defined,0.04542110699214581,sensitivity_only
id:x%3A0x1.0000000000000p%2B1,421,7.434,6.00776,6.114874144127504,2.3582460054534993,defined,-0.04542110699214581,sensitivity_only
id:x%3A0x1.0000000000000p%2B1,422,7.452,6.01928,5.912165855872496,2.3582460054534993,defined,0.04542110699214581,sensitivity_only
id:x%3A0x1.0000000000000p%2B1,423,7.47,6.0308,6.137914144127504,2.3582460054534993,defined,-0.04542110699214581,sensitivity_only
id:x%3A0x1.0000000000000p%2B1,424,7.488,6.04232,5.935205855872496,2.3582460054534993,defined,0.04542110699214581,sensitivity_only
id:x%3A0x1.0000000000000p%2B1,425,7.506,6.05384,6.160954144127504,2.358246005453502,defined,-0.04542110699214581,sensitivity_only
id:x%3A0x1.0000000000000p%2B1,426,7.524,6.06536,5.958245855872496,2.358246005453502,defined,0.04542110699214581,sensitivity_only
id:x%3A0x1.0000000000000p%2B1,427,7.542,6.07688,6.183994144127504,2.358246005453502,defined,-0.04542110699214581,sensitivity_only
id:x%3A0x1.0000000000000p%2B1,428,7.56,6.0884,5.981285855872496,2.358246005453502,defined,0.04542110699214581,sensitivity_only
id:x%3A0x1.0000000000000p%2B1,429,7.578,6.09992,6.207034144127504,2.358246005453502,defined,-0.04542110699214581,sensitivity_only
id:x%3A0x1.0000000000000p%2B1,430,7.596,6.11144,6.004325855872496,2.358246005453502,defined,0.04542110699214581,sensitivity_only
id:x%3A0x1.0000000000000p%2B1,431,7.614,6.12296,6.230074144127504,2.358246005453502,defined,-0.04542110699214581,sensitivity_only
id:x%3A0x1.0000000000000p%2B1,432,7.632,6.13448,6.027365855872496,2.358246005453502,defined,0.04542110699214581,sensitivity_only
id:x%3A0x1.0000000000000p%2B1,433,7.65,6.146,6.253114144127504,2.358246005453502,defined,-0.04542110699214581,sensitivity_only
id:x%3A0x1.0000000000000p%2B1,434,7.668,6.15752,6.050405855872496,2.358246005453502,defined,0.04542110699214581,sensitivity_only
id:x%3A0x1.0000000000000p%2B1,435,7.686,6.16904,6.276154144127504,2.358246005453502,defined,-0.04542110699214581,sensitivity_only
id:x%3A0x1.0000000000000p%2B1,436,7.704,6.18056,6.073445855872496,2.358246005453502,defined,0.04542110699214581,sensitivity_only
id:x%3A0x1.0000000000000p%2B1,437,7.722,6.192080000000001,6.299194144127505,2.358246005453502,defined,-0.04542110699214581,sensitivity_only
id:x%3A0x1.0000000000000p%2B1,438,7.74,6.203600000000001,6.096485855872497,2.358246005453502,defined,0.04542110699214581,sensitivity_only
id:x%3A0x1.0000000000000p%2B1,439,7.758,6.21512,6.322234144127504,2.358246005453502,defined,-0.04542110699214581,sensitivity_only
id:x%3A0x1.0000000000000p%2B1,440,7.776,6.22664,6.119525855872496,2.358246005453502,defined,0.04542110699214581,sensitivity_only
id:x%3A0x1.0000000000000p%2B1,441,7.794,6.23816,6.345274144127504,2.358246005453502,defined,-0.04542110699214581,sensitivity_only
id:x%3A0x1.0000000000000p%2B1,442,7.812,6.249680000000001,6.142565855872497,2.358246005453502,defined,0.04542110699214581,sensitivity_only
id:x%3A0x1.0000000000000p%2B1,443,7.83,6.2612000000000005,6.368314144127504,2.358246005453502,defined,-0.04542110699214581,sensitivity_only
id:x%3A0x1.0000000000000p%2B1,444,7.848,6.27272,6.165605855872496,2.358246005453502,defined,0.04542110699214581,sensitivity_only
id:x%3A0x1.0000000000000p%2B1,445,7.866,6.28424,6.3913541441275035,2.358246005453502,defined,-0.04542110699214581,sensitivity_only
id:x%3A0x1.0000000000000p%2B1,446,7.884,6.2957600000000005,6.188645855872497,2.358246005453502,defined,0.04542110699214581,sensitivity_only
id:x%3A0x1.0000000000000p%2B1,447,7.902,6.30728,6.414394144127504,2.358246005453502,defined,-0.04542110699214581,sensitivity_only
id:x%3A0x1.0000000000000p%2B1,448,7.92,6.3188,6.2116858558724966,2.358246005453502,defined,0.04542110699214581,sensitivity_only
id:x%3A0x1.0000000000000p%2B1,449,7.938,6.3303199999999995,6.437434144127503,2.358246005453502,defined,-0.04542110699214581,sensitivity_only
id:x%3A0x1.0000000000000p%2B1,450,7.956,6.34184,6.2347258558724965,2.358246005453502,defined,0.04542110699214581,sensitivity_only
id:x%3A0x1.0000000000000p%2B1,451,7.974,6.35336,6.460474144127504,2.358246005453502,defined,-0.04542110699214581,sensitivity_only
id:x%3A0x1.0000000000000p%2B1,452,7.992,6.36488,6.2577658558724965,2.358246005453502,defined,0.04542110699214581,sensitivity_only
id:x%3A0x1.0000000000000p%2B1,453,8.0,6.37,6.477114144127504,2.358246005453502,defined,-0.04542110699214581,sensitivity_only
id:x%3A0x1.0000000000000p%2B1,454,8.01,6.3764,6.269285855872496,2.358246005453502,defined,0.04542110699214581,sensitivity_only
id:x%3A0x1.0000000000000p%2B1,455,8.028,6.38792,6.495034144127504,2.358246005453502,defined,-0.04542110699214581,sensitivity_only
id:x%3A0x1.0000000000000p%2B1,456,8.046,6.399439999999999,6.2923258558724955,2.358246005453502,defined,0.04542110699214581,sensitivity_only
id:x%3A0x1.0000000000000p%2B1,457,8.064,6.41096,6.518074144127504,2.358246005453502,defined,-0.04542110699214581,sensitivity_only
id:x%3A0x1.0000000000000p%2B1,458,8.082,6.42248,6.315365855872496,2.358246005453502,defined,0.04542110699214581,sensitivity_only
id:x%3A0x1.0000000000000p%2B1,459,8.1,6.434,6.541114144127504,2.358246005453502,defined,-0.04542110699214581,sensitivity_only
id:x%3A0x1.0000000000000p%2B1,460,8.118,6.44552,6.338405855872496,2.358246005453502,defined,0.04542110699214581,sensitivity_only
id:x%3A0x1.0000000000000p%2B1,461,8.136,6.457039999999999,6.564154144127503,2.358246005453502,defined,-0.04542110699214581,sensitivity_only
id:x%3A0x1.0000000000000p%2B1,462,8.154,6.46856,6.361445855872496,2.358246005453502,defined,0.04542110699214581,sensitivity_only
id:x%3A0x1.0000000000000p%2B1,463,8.172,6.48008,6.587194144127504,2.358246005453502,defined,-0.04542110699214581,sensitivity_only
id:x%3A0x1.0000000000000p%2B1,464,8.19,6.4916,6.384485855872496,2.358246005453502,defined,0.04542110699214581,sensitivity_only
id:x%3A0x1.0000000000000p%2B1,465,8.208,6.50312,6.610234144127504,2.358246005453502,defined,-0.04542110699214581,sensitivity_only
id:x%3A0x1.0000000000000p%2B1,466,8.226,6.514640000000001,6.407525855872497,2.358246005453502,defined,0.04542110699214581,sensitivity_only
id:x%3A0x1.0000000000000p%2B1,467,8.244,6.52616,6.633274144127504,2.358246005453502,defined,-0.04542110699214581,sensitivity_only
id:x%3A0x1.0000000000000p%2B1,468,8.262,6.537680000000001,6.430565855872497,2.358246005453502,defined,0.04542110699214581,sensitivity_only
id:x%3A0x1.0000000000000p%2B1,469,8.28,6.5492,6.656314144127504,2.358246005453502,defined,-0.04542110699214581,sensitivity_only
id:x%3A0x1.0000000000000p%2B1,470,8.298,6.56072,6.453605855872496,2.358246005453502,defined,0.04542110699214581,sensitivity_only
id:x%3A0x1.0000000000000p%2B1,471,8.316,6.572240000000001,6.679354144127505,2.358246005453502,defined,-0.04542110699214581,sensitivity_only
id:x%3A0x1.0000000000000p%2B1,472,8.334,6.58376,6.476645855872496,2.358246005453502,defined,0.04542110699214581,sensitivity_only
id:x%3A0x1.0000000000000p%2B1,473,8.352,6.595280000000001,6.702394144127505,2.358246005453502,defined,-0.04542110699214581,sensitivity_only
id:x%3A0x1.0000000000000p%2B1,474,8.37,6.6068,6.499685855872496,2.358246005453502,defined,0.04542110699214581,sensitivity_only
id:x%3A0x1.0000000000000p%2B1,475,8.388,6.61832,6.725434144127504,2.358246005453502,defined,-0.04542110699214581,sensitivity_only
id:x%3A0x1.0000000000000p%2B1,476,8.406,6.629840000000001,6.522725855872497,2.358246005453502,defined,0.04542110699214581,sensitivity_only
id:x%3A0x1.0000000000000p%2B1,477,8.424,6.64136,6.748474144127504,2.358246005453502,defined,-0.04542110699214581,sensitivity_only
id:x%3A0x1.0000000000000p%2B1,478,8.442,6.652880000000001,6.545765855872497,2.358246005453502,defined,0.04542110699214581,sensitivity_only
id:x%3A0x1.0000000000000p%2B1,479,8.46,6.6644000000000005,6.771514144127504,2.358246005453502,defined,-0.04542110699214581,sensitivity_only
id:x%3A0x1.0000000000000p%2B1,480,8.478,6.67592,6.568805855872496,2.358246005453502,defined,0.04542110699214581,sensitivity_only
id:x%3A0x1.0000000000000p%2B1,481,8.496,6.6874400000000005,6.794554144127504,2.358246005453502,defined,-0.04542110699214581,sensitivity_only
id:x%3A0x1.0000000000000p%2B1,482,8.514,6.69896,6.591845855872496,2.358246005453502,defined,0.04542110699214581,sensitivity_only
id:x%3A0x1.0000000000000p%2B1,483,8.532,6.7104800000000004,6.817594144127504,2.358246005453502,defined,-0.04542110699214581,sensitivity_only
id:x%3A0x1.0000000000000p%2B1,484,8.55,6.722,6.614885855872497,2.358246005453502,defined,0.04542110699214581,sensitivity_only
id:x%3A0x1.0000000000000p%2B1,485,8.568,6.7335199999999995,6.840634144127503,2.358246005453502,defined,-0.04542110699214581,sensitivity_only
id:x%3A0x1.0000000000000p%2B1,486,8.586,6.74504,6.6379258558724965,2.358246005453502,defined,0.04542110699214581,sensitivity_only
id:x%3A0x1.0000000000000p%2B1,487,8.604,6.7565599999999995,6.863674144127503,2.358246005453502,defined,-0.04542110699214581,sensitivity_only
id:x%3A0x1.0000000000000p%2B1,488,8.622,6.76808,6.6609658558724965,2.358246005453502,defined,0.04542110699214581,sensitivity_only
id:x%3A0x1.0000000000000p%2B1,489,8.64,6.7796,6.886714144127504,2.358246005453502,defined,-0.04542110699214581,sensitivity_only
id:x%3A0x1.0000000000000p%2B1,490,8.658,6.791119999999999,6.6840058558724955,2.358246005453502,defined,0.04542110699214581,sensitivity_only
id:x%3A0x1.0000000000000p%2B1,491,8.676,6.80264,6.909754144127504,2.358246005453502,defined,-0.04542110699214581,sensitivity_only
id:x%3A0x1.0000000000000p%2B1,492,8.694,6.81416,6.707045855872496,2.358246005453502,defined,0.04542110699214581,sensitivity_only
id:x%3A0x1.0000000000000p%2B1,493,8.712,6.82568,6.932794144127504,2.358246005453502,defined,-0.04542110699214581,sensitivity_only
id:x%3A0x1.0000000000000p%2B1,494,8.73,6.8372,6.730085855872496,2.358246005453502,defined,0.04542110699214581,sensitivity_only
id:x%3A0x1.0000000000000p%2B1,495,8.748,6.848719999999999,6.955834144127503,2.358246005453502,defined,-0.04542110699214581,sensitivity_only
id:x%3A0x1.0000000000000p%2B1,496,8.766,6.86024,6.753125855872496,2.358246005453502,defined,0.04542110699214581,sensitivity_only
id:x%3A0x1.0000000000000p%2B1,497,8.784,6.871760000000001,6.978874144127505,2.358246005453502,defined,-0.04542110699214581,sensitivity_only
id:x%3A0x1.0000000000000p%2B1,498,8.802,6.88328,6.776165855872496,2.358246005453502,defined,0.04542110699214581,sensitivity_only
id:x%3A0x1.0000000000000p%2B1,499,8.82,6.8948,7.001914144127504,2.358246005453502,defined,-0.04542110699214581,sensitivity_only
id:x%3A0x1.0000000000000p%2B1,500,8.838,6.90632,6.799205855872496,2.358246005453502,defined,0.04542110699214581,sensitivity_only
id:x%3A0x1.0000000000000p%2B1,501,8.856,6.91784,7.024954144127504,2.358246005453502,defined,-0.04542110699214581,sensitivity_only
id:x%3A0x1.0000000000000p%2B1,502,8.874,6.929360000000001,6.822245855872497,2.358246005453502,defined,0.04542110699214581,sensitivity_only
id:x%3A0x1.0000000000000p%2B1,503,8.892,6.94088,7.047994144127504,2.358246005453502,defined,-0.04542110699214581,sensitivity_only
id:x%3A0x1.0000000000000p%2B1,504,8.91,6.9524,6.845285855872496,2.358246005453502,defined,0.04542110699214581,sensitivity_only
id:x%3A0x1.0000000000000p%2B1,505,8.928,6.963920000000001,7.071034144127505,2.358246005453502,defined,-0.04542110699214581,sensitivity_only
id:x%3A0x1.0000000000000p%2B1,506,8.946,6.97544,6.868325855872496,2.358246005453502,defined,0.04542110699214581,sensitivity_only
id:x%3A0x1.0000000000000p%2B1,507,8.964,6.986960000000001,7.094074144127505,2.358246005453502,defined,-0.04542110699214581,sensitivity_only
id:x%3A0x1.0000000000000p%2B1,508,8.982,6.99848,6.891365855872496,2.358246005453502,defined,0.04542110699214581,sensitivity_only
id:x%3A0x1.0000000000000p%2B1,509,9.0,7.01,7.117114144127504,2.358246005453502,defined,-0.04542110699214581,sensitivity_only
id:x%3A0x1.8000000000000p%2B1,0,0.0,1.25,1.0251805474801,2.594070605998847,defined,0.08666666666666667,sensitivity_only
id:x%3A0x1.8000000000000p%2B1,1,0.018,1.26152,1.3735979703187784,2.594070605998847,defined,-0.043205443236431385,sensitivity_only
id:x%3A0x1.8000000000000p%2B1,2,0.036,1.27304,1.1609620296812215,2.594070605998847,defined,0.043205443236431385,sensitivity_only
id:x%3A0x1.8000000000000p%2B1,3,0.054,1.28456,1.3966379703187783,2.594070605998847,defined,-0.043205443236431385,sensitivity_only
id:x%3A0x1.8000000000000p%2B1,4,0.072,1.29608,1.1840020296812215,2.594070605998847,defined,0.043205443236431385,sensitivity_only
id:x%3A0x1.8000000000000p%2B1,5,0.09,1.3076,1.4196779703187785,2.594070605998847,defined,-0.043205443236431385,sensitivity_only
id:x%3A0x1.8000000000000p%2B1,6,0.108,1.31912,1.2070420296812217,2.594070605998847,defined,0.043205443236431385,sensitivity_only
id:x%3A0x1.8000000000000p%2B1,7,0.126,1.33064,1.4427179703187785,2.594070605998847,defined,-0.043205443236431385,sensitivity_only
id:x%3A0x1.8000000000000p%2B1,8,0.144,1.34216,1.2300820296812216,2.594070605998847,defined,0.043205443236431385,sensitivity_only
id:x%3A0x1.8000000000000p%2B1,9,0.162,1.35368,1.4657579703187784,2.594070605998847,defined,-0.043205443236431385,sensitivity_only
id:x%3A0x1.8000000000000p%2B1,10,0.18,1.3652,1.2531220296812215,2.594070605998847,defined,0.043205443236431385,sensitivity_only
id:x%3A0x1.8000000000000p%2B1,11,0.198,1.37672,1.4887979703187784,2.594070605998847,defined,-0.043205443236431385,sensitivity_only
id:x%3A0x1.8000000000000p%2B1,12,0.216,1.38824,1.2761620296812215,2.594070605998847,defined,0.043205443236431385,sensitivity_only
id:x%3A0x1.8000000000000p%2B1,13,0.234,1.3997600000000001,1.5118379703187785,2.594070605998847,defined,-0.043205443236431385,sensitivity_only
id:x%3A0x1.8000000000000p%2B1,14,0.252,1.41128,1.2992020296812217,2.594070605998847,defined,0.043205443236431385,sensitivity_only
id:x%3A0x1.8000000000000p%2B1,15,0.27,1.4228,1.5348779703187785,2.594070605998847,defined,-0.043205443236431385,sensitivity_only
id:x%3A0x1.8000000000000p%2B1,16,0.288,1.43432,1.3222420296812216,2.594070605998847,defined,0.043205443236431385,sensitivity_only
id:x%3A0x1.8000000000000p%2B1,17,0.306,1.44584,1.5579179703187784,2.594070605998847,defined,-0.043205443236431385,sensitivity_only
id:x%3A0x1.8000000000000p%2B1,18,0.324,1.45736,1.3452820296812216,2.594070605998847,defined,0.043205443236431385,sensitivity_only
id:x%3A0x1.8000000000000p%2B1,19,0.342,1.46888,1.5809579703187784,2.594070605998847,defined,-0.043205443236431385,sensitivity_only
id:x%3A0x1.8000000000000p%2B1,20,0.36,1.4804,1.3683220296812215,2.594070605998847,defined,0.043205443236431385,sensitivity_only
id:x%3A0x1.8000000000000p%2B1,21,0.378,1.49192,1.6039979703187783,2.594070605998847,defined,-0.043205443236431385,sensitivity_only
id:x%3A0x1.8000000000000p%2B1,22,0.396,1.5034399999999999,1.3913620296812215,2.594070605998847,defined,0.043205443236431385,sensitivity_only
id:x%3A0x1.8000000000000p%2B1,23,0.414,1.5149599999999999,1.6270379703187783,2.594070605998847,defined,-0.043205443236431385,sensitivity_only
id:x%3A0x1.8000000000000p%2B1,24,0.432,1.52648,1.4144020296812216,2.594070605998847,defined,0.043205443236431385,sensitivity_only
id:x%3A0x1.8000000000000p%2B1,25,0.45,1.538,1.6500779703187785,2.594070605998847,defined,-0.043205443236431385,sensitivity_only
id:x%3A0x1.8000000000000p%2B1,26,0.468,1.54952,1.4374420296812216,2.594070605998847,defined,0.043205443236431385,sensitivity_only
id:x%3A0x1.8000000000000p%2B1,27,0.486,1.56104,1.6731179703187784,2.594070605998847,defined,-0.043205443236431385,sensitivity_only
id:x%3A0x1.8000000000000p%2B1,28,0.504,1.57256,1.4706709360738377,2.3582460054534993,defined,0.043205443236431385,sensitivity_only
id:x%3A0x1.8000000000000p%2B1,29,0.522,1.5840800000000002,1.6859690639261624,2.3582460054534993,defined,-0.043205443236431385,sensitivity_only
id:x%3A0x1.8000000000000p%2B1,30,0.54,1.5956000000000001,1.4937109360738379,2.3582460054534993,defined,0.043205443236431385,sensitivity_only
id:x%3A0x1.8000000000000p%2B1,31,0.558,1.60712,1.7090090639261624,2.3582460054534993,defined,-0.043205443236431385,sensitivity_only
id:x%3A0x1.8000000000000p%2B1,32,0.576,1.61864,1.5167509360738378,2.3582460054534993,defined,0.043205443236431385,sensitivity_only
id:x%3A0x1.8000000000000p%2B1,33,0.594,1.63016,1.7320490639261623,2.3582460054534993,defined,-0.043205443236431385,sensitivity_only
id:x%3A0x1.8000000000000p%2B1,34,0.612,1.64168,1.5397909360738378,2.3582460054534993,defined,0.043205443236431385,sensitivity_only
id:x%3A0x1.8000000000000p%2B1,35,0.63,1.6532,1.7550890639261623,2.3582460054534993,defined,-0.043205443236431385,sensitivity_only
id:x%3A0x1.8000000000000p%2B1,36,0.648,1.66472,1.5628309360738377,2.3582460054534993,defined,0.043205443236431385,sensitivity_only
id:x%3A0x1.8000000000000p%2B1,37,0.666,1.67624,1.7781290639261622,2.3582460054534993,defined,-0.043205443236431385,sensitivity_only
id:x%3A0x1.8000000000000p%2B1,38,0.684,1.68776,1.5858709360738377,2.3582460054534993,defined,0.043205443236431385,sensitivity_only
id:x%3A0x1.8000000000000p%2B1,39,0.702,1.69928,1.8011690639261622,2.3582460054534993,defined,-0.043205443236431385,sensitivity_only
id:x%3A0x1.8000000000000p%2B1,40,0.72,1.7107999999999999,1.6089109360738376,2.3582460054534993,defined,0.043205443236431385,sensitivity_only
id:x%3A0x1.8000000000000p%2B1,41,0.738,1.72232,1.8242090639261623,2.3582460054534993,defined,-0.043205443236431385,sensitivity_only
id:x%3A0x1.8000000000000p%2B1,42,0.756,1.73384,1.6319509360738378,2.3582460054534993,defined,0.043205443236431385,sensitivity_only
id:x%3A0x1.8000000000000p%2B1,43,0.774,1.74536,1.8472490639261623,2.3582460054534993,defined,-0.043205443236431385,sensitivity_only
id:x%3A0x1.8000000000000p%2B1,44,0.792,1.75688,1.6549909360738377,2.3582460054534993,defined,0.043205443236431385,sensitivity_only
id:x%3A0x1.8000000000000p%2B1,45,0.81,1.7684000000000002,1.8702890639261625,2.3582460054534993,defined,-0.043205443236431385,sensitivity_only
id:x%3A0x1.8000000000000p%2B1,46,0.828,1.77992,1.6780309360738377,2.3582460054534993,defined,0.043205443236431385,sensitivity_only
id:x%3A0x1.8000000000000p%2B1,47,0.846,1.7914400000000001,1.8933290639261624,2.3582460054534993,defined,-0.043205443236431385,sensitivity_only
id:x%3A0x1.8000000000000p%2B1,48,0.864,1.8029600000000001,1.7010709360738379,2.3582460054534993,defined,0.043205443236431385,sensitivity_only
id:x%3A0x1.8000000000000p%2B1,49,0.882,1.81448,1.9163690639261624,2.3582460054534993,defined,-0.043205443236431385,sensitivity_only
id:x%3A0x1.8000000000000p%2B1,50,0.9,1.826,1.7241109360738378,2.3582460054534993,defined,0.043205443236431385,sensitivity_only
id:x%3A0x1.8000000000000p%2B1,51,0.918,1.83752,1.9394090639261623,2.3582460054534993,defined,-0.043205443236431385,sensitivity_only
id:x%3A0x1.8000000000000p%2B1,52,0.936,1.84904,1.7471509360738378,2.3582460054534993,defined,0.043205443236431385,sensitivity_only
id:x%3A0x1.8000000000000p%2B1,53,0.954,1.86056,1.9624490639261623,2.3582460054534993,defined,-0.043205443236431385,sensitivity_only
id:x%3A0x1.8000000000000p%2B1,54,0.972,1.87208,1.7701909360738377,2.3582460054534993,defined,0.043205443236431385,sensitivity_only
id:x%3A0x1.8000000000000p%2B1,55,0.99,1.8836,1.9854890639261622,2.3582460054534993,defined,-0.043205443236431385,sensitivity_only
id:x%3A0x1.8000000000000p%2B1,56,1.0,1.8900000000000001,1.7881109360738379,2.3582460054534993,defined,0.043205443236431385,sensitivity_only
id:x%3A0x1.8000000000000p%2B1,57,1.008,1.89512,1.9970090639261622,2.3582460054534993,defined,-0.043205443236431385,sensitivity_only
id:x%3A0x1.8000000000000p%2B1,58,1.026,1.90664,1.8047509360738376,2.3582460054534993,defined,0.043205443236431385,sensitivity_only
id:x%3A0x1.8000000000000p%2B1,59,1.044,1.91816,2.0200490639261623,2.3582460054534993,defined,-0.043205443236431385,sensitivity_only
id:x%3A0x1.8000000000000p%2B1,60,1.062,1.92968,1.8277909360738378,2.3582460054534993,defined,0.043205443236431385,sensitivity_only
id:x%3A0x1.8000000000000p%2B1,61,1.08,1.9412,2.0430890639261623,2.3582460054534993,defined,-0.043205443236431385,sensitivity_only
id:x%3A0x1.8000000000000p%2B1,62,1.098,1.9527200000000002,1.850830936073838,2.3582460054534993,defined,0.043205443236431385,sensitivity_only
id:x%3A0x1.8000000000000p%2B1,63,1.116,1.9642400000000002,2.0661290639261622,2.3582460054534993,defined,-0.043205443236431385,sensitivity_only
id:x%3A0x1.8000000000000p%2B1,64,1.134,1.97576,1.8738709360738377,2.3582460054534993,defined,0.043205443236431385,sensitivity_only
id:x%3A0x1.8000000000000p%2B1,65,1.152,1.98728,2.089169063926162,2.3582460054534993,defined,-0.043205443236431385,sensitivity_only
id:x%3A0x1.8000000000000p%2B1,66,1.17,1.9988000000000001,1.8969109360738379,2.3582460054534993,defined,0.043205443236431385,sensitivity_only
id:x%3A0x1.8000000000000p%2B1,67,1.188,2.01032,2.112209063926162,2.3582460054534993,defined,-0.043205443236431385,sensitivity_only
id:x%3A0x1.8000000000000p%2B1,68,1.206,2.02184,1.9199509360738378,2.3582460054534993,defined,0.043205443236431385,sensitivity_only
id:x%3A0x1.8000000000000p%2B1,69,1.224,2.03336,2.135249063926162,2.3582460054534993,defined,-0.043205443236431385,sensitivity_only
id:x%3A0x1.8000000000000p%2B1,70,1.242,2.04488,1.9429909360738378,2.3582460054534993,defined,0.043205443236431385,sensitivity_only
id:x%3A0x1.8000000000000p%2B1,71,1.26,2.0564,2.158289063926162,2.3582460054534993,defined,-0.043205443236431385,sensitivity_only
id:x%3A0x1.8000000000000p%2B1,72,1.278,2.06792,1.9660309360738377,2.3582460054534993,defined,0.043205443236431385,sensitivity_only
id:x%3A0x1.8000000000000p%2B1,73,1.296,2.07944,2.181329063926162,2.3582460054534993,defined,-0.043205443236431385,sensitivity_only
id:x%3A0x1.8000000000000p%2B1,74,1.314,2.09096,1.9890709360738377,2.3582460054534993,defined,0.043205443236431385,sensitivity_only
id:x%3A0x1.8000000000000p%2B1,75,1.332,2.10248,2.204369063926162,2.3582460054534993,defined,-0.043205443236431385,sensitivity_only
id:x%3A0x1.8000000000000p%2B1,76,1.35,2.114,2.012110936073838,2.3582460054534993,defined,0.043205443236431385,sensitivity_only
id:x%3A0x1.8000000000000p%2B1,77,1.368,2.12552,2.227409063926162,2.3582460054534993,defined,-0.043205443236431385,sensitivity_only
id:x%3A0x1.8000000000000p%2B1,78,1.386,2.13704,2.035150936073838,2.3582460054534993,defined,0.043205443236431385,sensitivity_only
id:x%3A0x1.8000000000000p%2B1,79,1.404,2.14856,2.250449063926162,2.3582460054534993,defined,-0.043205443236431385,sensitivity_only
id:x%3A0x1.8000000000000p%2B1,80,1.422,2.16008,2.0581909360738377,2.3582460054534993,defined,0.043205443236431385,sensitivity_only
id:x%3A0x1.8000000000000p%2B1,81,1.44,2.1715999999999998,2.273489063926162,2.3582460054534993,defined,-0.043205443236431385,sensitivity_only
id:x%3A0x1.8000000000000p%2B1,82,1.458,2.1831199999999997,2.0812309360738377,2.3582460054534993,defined,0.043205443236431385,sensitivity_only
id:x%3A0x1.8000000000000p%2B1,83,1.476,2.19464,2.296529063926162,2.3582460054534993,defined,-0.043205443236431385,sensitivity_only
id:x%3A0x1.8000000000000p%2B1,84,1.494,2.20616,2.104270936073838,2.3582460054534993,defined,0.043205443236431385,sensitivity_only
id:x%3A0x1.8000000000000p%2B1,85,1.512,2.21768,2.319569063926162,2.3582460054534997,defined,-0.043205443236431385,sensitivity_only
id:x%3A0x1.8000000000000p%2B1,86,1.53,2.2292,2.127310936073838,2.3582460054534997,defined,0.043205443236431385,sensitivity_only
id:x%3A0x1.8000000000000p%2B1,87,1.548,2.24072,2.342609063926162,2.3582460054534997,defined,-0.043205443236431385,sensitivity_only
id:x%3A0x1.8000000000000p%2B1,88,1.566,2.25224,2.150350936073838,2.3582460054534997,defined,0.043205443236431385,sensitivity_only
id:x%3A0x1.8000000000000p%2B1,89,1.584,2.26376,2.365649063926162,2.3582460054534997,defined,-0.043205443236431385,sensitivity_only
id:x%3A0x1.8000000000000p%2B1,90,1.602,2.27528,2.173390936073838,2.3582460054534997,defined,0.043205443236431385,sensitivity_only
id:x%3A0x1.8000000000000p%2B1,91,1.62,2.2868000000000004,2.3886890639261624,2.3582460054534997,defined,-0.043205443236431385,sensitivity_only
id:x%3A0x1.8000000000000p%2B1,92,1.638,2.29832,2.196430936073838,2.3582460054534997,defined,0.043205443236431385,sensitivity_only
id:x%3A0x1.8000000000000p%2B1,93,1.656,2.30984,2.411729063926162,2.3582460054534997,defined,-0.043205443236431385,sensitivity_only
id:x%3A0x1.8000000000000p%2B1,94,1.674,2.3213600000000003,2.2194709360738383,2.3582460054534997,defined,0.043205443236431385,sensitivity_only
id:x%3A0x1.8000000000000p%2B1,95,1.692,2.3328800000000003,2.4347690639261623,2.3582460054534997,defined,-0.043205443236431385,sensitivity_only
id:x%3A0x1.8000000000000p%2B1,96,1.71,2.3444000000000003,2.2425109360738382,2.3582460054534997,defined,0.043205443236431385,sensitivity_only
id:x%3A0x1.8000000000000p%2B1,97,1.728,2.3559200000000002,2.4578090639261623,2.3582460054534997,defined,-0.043205443236431385,sensitivity_only
id:x%3A0x1.8000000000000p%2B1,98,1.746,2.36744,2.265550936073838,2.3582460054534997,defined,0.043205443236431385,sensitivity_only
id:x%3A0x1.8000000000000p%2B1,99,1.764,2.37896,2.4808490639261622,2.3582460054534997,defined,-0.043205443236431385,sensitivity_only
id:x%3A0x1.8000000000000p%2B1,100,1.782,2.39048,2.288590936073838,2.3582460054534997,defined,0.043205443236431385,sensitivity_only
id:x%3A0x1.8000000000000p%2B1,101,1.8,2.402,2.503889063926162,2.3582460054534997,defined,-0.043205443236431385,sensitivity_only
id:x%3A0x1.8000000000000p%2B1,102,1.818,2.41352,2.311630936073838,2.3582460054534997,defined,0.043205443236431385,sensitivity_only
id:x%3A0x1.8000000000000p%2B1,103,1.836,2.42504,2.526929063926162,2.3582460054534997,defined,-0.043205443236431385,sensitivity_only
id:x%3A0x1.8000000000000p%2B1,104,1.854,2.43656,2.334670936073838,2.3582460054534997,defined,0.043205443236431385,sensitivity_only
id:x%3A0x1.8000000000000p%2B1,105,1.872,2.44808,2.549969063926162,2.3582460054534997,defined,-0.043205443236431385,sensitivity_only
id:x%3A0x1.8000000000000p%2B1,106,1.89,2.4596,2.357710936073838,2.3582460054534997,defined,0.043205443236431385,sensitivity_only
id:x%3A0x1.8000000000000p%2B1,107,1.908,2.47112,2.573009063926162,2.3582460054534997,defined,-0.043205443236431385,sensitivity_only
id:x%3A0x1.8000000000000p%2B1,108,1.926,2.48264,2.380750936073838,2.3582460054534997,defined,0.043205443236431385,sensitivity_only
id:x%3A0x1.8000000000000p%2B1,109,1.944,2.49416,2.596049063926162,2.3582460054534997,defined,-0.043205443236431385,sensitivity_only
id:x%3A0x1.8000000000000p%2B1,110,1.962,2.50568,2.403790936073838,2.3582460054534997,defined,0.043205443236431385,sensitivity_only
id:x%3A0x1.8000000000000p%2B1,111,1.98,2.5172,2.619089063926162,2.3582460054534997,defined,-0.043205443236431385,sensitivity_only
id:x%3A0x1.8000000000000p%2B1,112,1.998,2.52872,2.426830936073838,2.3582460054534997,defined,0.043205443236431385,sensitivity_only
id:x%3A0x1.8000000000000p%2B1,113,2.0,2.5300000000000002,2.6318890639261623,2.3582460054534997,defined,-0.043205443236431385,sensitivity_only
id:x%3A0x1.8000000000000p%2B1,114,2.016,2.54024,2.438350936073838,2.3582460054534997,defined,0.043205443236431385,sensitivity_only
id:x%3A0x1.8000000000000p%2B1,115,2.034,2.55176,2.653649063926162,2.3582460054534997,defined,-0.043205443236431385,sensitivity_only
id:x%3A0x1.8000000000000p%2B1,116,2.052,2.56328,2.4613909360738377,2.3582460054534997,defined,0.043205443236431385,sensitivity_only
id:x%3A0x1.8000000000000p%2B1,117,2.07,2.5747999999999998,2.676689063926162,2.3582460054534997,defined,-0.043205443236431385,sensitivity_only
id:x%3A0x1.8000000000000p%2B1,118,2.088,2.58632,2.484430936073838,2.3582460054534997,defined,0.043205443236431385,sensitivity_only
id:x%3A0x1.8000000000000p%2B1,119,2.106,2.5978399999999997,2.6997290639261617,2.3582460054534997,defined,-0.043205443236431385,sensitivity_only
id:x%3A0x1.8000000000000p%2B1,120,2.124,2.60936,2.507470936073838,2.3582460054534997,defined,0.043205443236431385,sensitivity_only
id:x%3A0x1.8000000000000p%2B1,121,2.142,2.6208799999999997,2.7227690639261617,2.3582460054534997,defined,-0.043205443236431385,sensitivity_only
id:x%3A0x1.8000000000000p%2B1,122,2.16,2.6324,2.530510936073838,2.3582460054534997,defined,0.043205443236431385,sensitivity_only
id:x%3A0x1.8000000000000p%2B1,123,2.178,2.64392,2.745809063926162,2.3582460054534997,defined,-0.043205443236431385,sensitivity_only
id:x%3A0x1.8000000000000p%2B1,124,2.196,2.6554400000000005,2.5535509360738384,2.3582460054534997,defined,0.043205443236431385,sensitivity_only
id:x%3A0x1.8000000000000p%2B1,125,2.214,2.66696,2.768849063926162,2.3582460054534997,defined,-0.043205443236431385,sensitivity_only
id:x%3A0x1.8000000000000p%2B1,126,2.232,2.6784800000000004,2.5765909360738384,2.3582460054534997,defined,0.043205443236431385,sensitivity_only
id:x%3A0x1.8000000000000p%2B1,127,2.25,2.69,2.791889063926162,2.3582460054534997,defined,-0.043205443236431385,sensitivity_only
id:x%3A0x1.8000000000000p%2B1,128,2.268,2.70152,2.599630936073838,2.3582460054534997,defined,0.043205443236431385,sensitivity_only
id:x%3A0x1.8000000000000p%2B1,129,2.286,2.7130400000000003,2.8149290639261624,2.3582460054534997,defined,-0.043205443236431385,sensitivity_only
id:x%3A0x1.8000000000000p%2B1,130,2.304,2.72456,2.622670936073838,2.3582460054534997,defined,0.043205443236431385,sensitivity_only
id:x%3A0x1.8000000000000p%2B1,131,2.322,2.7360800000000003,2.8379690639261623,2.3582460054534997,defined,-0.043205443236431385,sensitivity_only
id:x%3A0x1.8000000000000p%2B1,132,2.34,2.7476000000000003,2.6457109360738382,2.3582460054534997,defined,0.043205443236431385,sensitivity_only
id:x%3A0x1.8000000000000p%2B1,133,2.358,2.7591200000000002,2.8610090639261623,2.3582460054534997,defined,-0.043205443236431385,sensitivity_only
id:x%3A0x1.8000000000000p%2B1,134,2.376,2.77064,2.668750936073838,2.3582460054534997,defined,0.043205443236431385,sensitivity_only
id:x%3A0x1.8000000000000p%2B1,135,2.394,2.78216,2.8840490639261622,2.3582460054534997,defined,-0.043205443236431385,sensitivity_only
id:x%3A0x1.8000000000000p%2B1,136,2.412,2.79368,2.691790936073838,2.3582460054534997,defined,0.043205443236431385,sensitivity_only
id:x%3A0x1.8000000000000p%2B1,137,2.43,2.8052,2.907089063926162,2.3582460054534997,defined,-0.043205443236431385,sensitivity_only
id:x%3A0x1.8000000000000p%2B1,138,2.448,2.81672,2.714830936073838,2.3582460054534997,defined,0.043205443236431385,sensitivity_only
id:x%3A0x1.8000000000000p%2B1,139,2.466,2.82824,2.930129063926162,2.3582460054534997,defined,-0.043205443236431385,sensitivity_only
id:x%3A0x1.8000000000000p%2B1,140,2.484,2.83976,2.737870936073838,2.3582460054534997,defined,0.043205443236431385,sensitivity_only
id:x%3A0x1.8000000000000p%2B1,141,2.502,2.85128,2.953169063926162,2.3582460054534997,defined,-0.043205443236431385,sensitivity_only
id:x%3A0x1.8000000000000p%2B1,142,2.52,2.8628,2.760910936073838,2.3582460054534997,defined,0.043205443236431385,sensitivity_only
id:x%3A0x1.8000000000000p%2B1,143,2.538,2.87432,2.976209063926162,2.3582460054534997,defined,-0.043205443236431385,sensitivity_only
id:x%3A0x1.8000000000000p%2B1,144,2.556,2.88584,2.783950936073838,2.3582460054534997,defined,0.043205443236431385,sensitivity_only
id:x%3A0x1.8000000000000p%2B1,145,2.574,2.89736,2.999249063926162,2.3582460054534997,defined,-0.043205443236431385,sensitivity_only
id:x%3A0x1.8000000000000p%2B1,146,2.592,2.90888,2.806990936073838,2.3582460054534997,defined,0.043205443236431385,sensitivity_only
id:x%3A0x1.8000000000000p%2B1,147,2.61,2.9204,3.022289063926162,2.3582460054534997,defined,-0.043205443236431385,sensitivity_only
id:x%3A0x1.8000000000000p%2B1,148,2.628,2.93192,2.830030936073838,2.3582460054534997,defined,0.043205443236431385,sensitivity_only
id:x%3A0x1.8000000000000p%2B1,149,2.646,2.94344,3.045329063926162,2.3582460054534997,defined,-0.043205443236431385,sensitivity_only
id:x%3A0x1.8000000000000p%2B1,150,2.664,2.95496,2.8530709360738378,2.3582460054534997,defined,0.043205443236431385,sensitivity_only
id:x%3A0x1.8000000000000p%2B1,151,2.682,2.96648,3.068369063926162,2.3582460054534997,defined,-0.043205443236431385,sensitivity_only
id:x%3A0x1.8000000000000p%2B1,152,2.7,2.978,2.876110936073838,2.3582460054534997,defined,0.043205443236431385,sensitivity_only
id:x%3A0x1.8000000000000p%2B1,153,2.718,2.9895199999999997,3.0914090639261618,2.3582460054534997,defined,-0.043205443236431385,sensitivity_only
id:x%3A0x1.8000000000000p%2B1,154,2.736,3.00104,2.899150936073838,2.3582460054534997,defined,0.043205443236431385,sensitivity_only
id:x%3A0x1.8000000000000p%2B1,155,2.754,3.01256,3.114449063926162,2.3582460054534997,defined,-0.043205443236431385,sensitivity_only
id:x%3A0x1.8000000000000p%2B1,156,2.772,3.0240799999999997,2.9221909360738376,2.3582460054534997,defined,0.043205443236431385,sensitivity_only
id:x%3A0x1.8000000000000p%2B1,157,2.79,3.0356,3.137489063926162,2.3582460054534997,defined,-0.043205443236431385,sensitivity_only
id:x%3A0x1.8000000000000p%2B1,158,2.808,3.0471199999999996,2.9452309360738376,2.3582460054534997,defined,0.043205443236431385,sensitivity_only
id:x%3A0x1.8000000000000p%2B1,159,2.826,3.05864,3.160529063926162,2.3582460054534997,defined,-0.043205443236431385,sensitivity_only
id:x%3A0x1.8000000000000p%2B1,160,2.844,3.07016,2.968270936073838,2.3582460054534997,defined,0.043205443236431385,sensitivity_only
id:x%3A0x1.8000000000000p%2B1,161,2.862,3.0816800000000004,3.1835690639261625,2.3582460054534997,defined,-0.043205443236431385,sensitivity_only
id:x%3A0x1.8000000000000p%2B1,162,2.88,3.0932,2.991310936073838,2.3582460054534997,defined,0.043205443236431385,sensitivity_only
id:x%3A0x1.8000000000000p%2B1,163,2.898,3.1047200000000004,3.2066090639261624,2.3582460054534997,defined,-0.043205443236431385,sensitivity_only
id:x%3A0x1.8000000000000p%2B1,164,2.916,3.11624,3.014350936073838,2.3582460054534997,defined,0.043205443236431385,sensitivity_only
id:x%3A0x1.8000000000000p%2B1,165,2.934,3.1277600000000003,3.2296490639261624,2.3582460054534997,defined,-0.043205443236431385,sensitivity_only
id:x%3A0x1.8000000000000p%2B1,166,2.952,3.1392800000000003,3.0373909360738383,2.3582460054534997,defined,0.043205443236431385,sensitivity_only
id:x%3A0x1.8000000000000p%2B1,167,2.97,3.1508000000000003,3.2526890639261623,2.3582460054534997,defined,-0.043205443236431385,sensitivity_only
id:x%3A0x1.8000000000000p%2B1,168,2.988,3.1623200000000002,3.060430936073838,2.3582460054534997,defined,0.043205443236431385,sensitivity_only
id:x%3A0x1.8000000000000p%2B1,169,3.0,3.17,3.271889063926162,2.3582460054534997,defined,-0.043205443236431385,sensitivity_only
id:x%3A0x1.8000000000000p%2B1,170,3.006,3.17384,3.071950936073838,2.3582460054534997,defined,0.043205443236431385,sensitivity_only
id:x%3A0x1.8000000000000p%2B1,171,3.024,3.18536,3.2872490639261622,2.3582460054534997,defined,-0.043205443236431385,sensitivity_only
id:x%3A0x1.8000000000000p%2B1,172,3.042,3.19688,3.094990936073838,2.3582460054534997,defined,0.043205443236431385,sensitivity_only
id:x%3A0x1.8000000000000p%2B1,173,3.06,3.2084,3.310289063926162,2.3582460054534997,defined,-0.043205443236431385,sensitivity_only
id:x%3A0x1.8000000000000p%2B1,174,3.078,3.21992,3.118030936073838,2.3582460054534997,defined,0.043205443236431385,sensitivity_only
id:x%3A0x1.8000000000000p%2B1,175,3.096,3.23144,3.333329063926162,2.3582460054534997,defined,-0.043205443236431385,sensitivity_only
id:x%3A0x1.8000000000000p%2B1,176,3.114,3.24296,3.141070936073838,2.3582460054534997,defined,0.043205443236431385,sensitivity_only
id:x%3A0x1.8000000000000p%2B1,177,3.132,3.25448,3.356369063926162,2.3582460054534997,defined,-0.043205443236431385,sensitivity_only
id:x%3A0x1.8000000000000p%2B1,178,3.15,3.266,3.164110936073838,2.3582460054534997,defined,0.043205443236431385,sensitivity_only
id:x%3A0x1.8000000000000p%2B1,179,3.168,3.27752,3.379409063926162,2.3582460054534997,defined,-0.043205443236431385,sensitivity_only
id:x%3A0x1.8000000000000p%2B1,180,3.186,3.28904,3.187150936073838,2.3582460054534997,defined,0.043205443236431385,sensitivity_only
id:x%3A0x1.8000000000000p%2B1,181,3.204,3.30056,3.402449063926162,2.3582460054534997,defined,-0.043205443236431385,sensitivity_only
id:x%3A0x1.8000000000000p%2B1,182,3.222,3.31208,3.210190936073838,2.3582460054534997,defined,0.043205443236431385,sensitivity_only
id:x%3A0x1.8000000000000p%2B1,183,3.24,3.3236000000000003,3.4254890639261624,2.3582460054534997,defined,-0.043205443236431385,sensitivity_only
id:x%3A0x1.8000000000000p%2B1,184,3.258,3.33512,3.233230936073838,2.3582460054534997,defined,0.043205443236431385,sensitivity_only
id:x%3A0x1.8000000000000p%2B1,185,3.276,3.34664,3.448529063926162,2.3582460054534997,defined,-0.043205443236431385,sensitivity_only
id:x%3A0x1.8000000000000p%2B1,186,3.294,3.3581600000000003,3.256270936073838,2.3582460054534997,defined,0.043205443236431385,sensitivity_only
id:x%3A0x1.8000000000000p%2B1,187,3.312,3.36968,3.471569063926162,2.3582460054534997,defined,-0.043205443236431385,sensitivity_only
id:x%3A0x1.8000000000000p%2B1,188,3.33,3.3812,3.279310936073838,2.3582460054534997,defined,0.043205443236431385,sensitivity_only
id:x%3A0x1.8000000000000p%2B1,189,3.348,3.39272,3.494609063926162,2.3582460054534997,defined,-0.043205443236431385,sensitivity_only
id:x%3A0x1.8000000000000p%2B1,190,3.366,3.40424,3.302350936073838,2.3582460054534997,defined,0.043205443236431385,sensitivity_only
id:x%3A0x1.8000000000000p%2B1,191,3.384,3.41576,3.517649063926162,2.3582460054534997,defined,-0.043205443236431385,sensitivity_only
id:x%3A0x1.8000000000000p%2B1,192,3.402,3.42728,3.325390936073838,2.3582460054534997,defined,0.043205443236431385,sensitivity_only
id:x%3A0x1.8000000000000p%2B1,193,3.42,3.4388,3.540689063926162,2.3582460054534997,defined,-0.043205443236431385,sensitivity_only
id:x%3A0x1.8000000000000p%2B1,194,3.438,3.45032,3.348430936073838,2.3582460054534997,defined,0.043205443236431385,sensitivity_only
id:x%3A0x1.8000000000000p%2B1,195,3.456,3.46184,3.563729063926162,2.3582460054534997,defined,-0.043205443236431385,sensitivity_only
id:x%3A0x1.8000000000000p%2B1,196,3.474,3.47336,3.371470936073838,2.3582460054534997,defined,0.043205443236431385,sensitivity_only
id:x%3A0x1.8000000000000p%2B1,197,3.492,3.48488,3.586769063926162,2.3582460054534997,defined,-0.043205443236431385,sensitivity_only
id:x%3A0x1.8000000000000p%2B1,198,3.51,3.4964,3.3945109360738375,2.358246005453502,defined,0.043205443236431385,sensitivity_only
id:x%3A0x1.8000000000000p%2B1,199,3.528,3.50792,3.6098090639261624,2.358246005453502,defined,-0.043205443236431385,sensitivity_only
id:x%3A0x1.8000000000000p%2B1,200,3.546,3.51944,3.4175509360738374,2.358246005453502,defined,0.043205443236431385,sensitivity_only
id:x%3A0x1.8000000000000p%2B1,201,3.564,3.53096,3.6328490639261624,2.358246005453502,defined,-0.043205443236431385,sensitivity_only
id:x%3A0x1.8000000000000p%2B1,202,3.582,3.54248,3.4405909360738374,2.358246005453502,defined,0.043205443236431385,sensitivity_only
id:x%3A0x1.8000000000000p%2B1,203,3.6,3.5540000000000003,3.6558890639261628,2.358246005453502,defined,-0.043205443236431385,sensitivity_only
id:x%3A0x1.8000000000000p%2B1,204,3.618,3.56552,3.4636309360738373,2.358246005453502,defined,0.043205443236431385,sensitivity_only
id:x%3A0x1.8000000000000p%2B1,205,3.636,3.57704,3.6789290639261627,2.358246005453502,defined,-0.043205443236431385,sensitivity_only
id:x%3A0x1.8000000000000p%2B1,206,3.654,3.58856,3.4866709360738377,2.358246005453502,defined,0.043205443236431385,sensitivity_only
id:x%3A0x1.8000000000000p%2B1,207,3.672,3.60008,3.7019690639261627,2.358246005453502,defined,-0.043205443236431385,sensitivity_only
id:x%3A0x1.8000000000000p%2B1,208,3.69,3.6116,3.5097109360738377,2.358246005453502,defined,0.043205443236431385,sensitivity_only
id:x%3A0x1.8000000000000p%2B1,209,3.708,3.62312,3.7250090639261626,2.358246005453502,defined,-0.043205443236431385,sensitivity_only
id:x%3A0x1.8000000000000p%2B1,210,3.726,3.63464,3.5327509360738376,2.358246005453502,defined,0.043205443236431385,sensitivity_only
id:x%3A0x1.8000000000000p%2B1,211,3.744,3.64616,3.7480490639261625,2.358246005453502,defined,-0.043205443236431385,sensitivity_only
id:x%3A0x1.8000000000000p%2B1,212,3.762,3.65768,3.5557909360738376,2.358246005453502,defined,0.043205443236431385,sensitivity_only
id:x%3A0x1.8000000000000p%2B1,213,3.78,3.6692,3.7710890639261625,2.358246005453502,defined,-0.043205443236431385,sensitivity_only
id:x%3A0x1.8000000000000p%2B1,214,3.798,3.68072,3.5788309360738375,2.358246005453502,defined,0.043205443236431385,sensitivity_only
id:x%3A0x1.8000000000000p%2B1,215,3.816,3.69224,3.7941290639261624,2.358246005453502,defined,-0.043205443236431385,sensitivity_only
id:x%3A0x1.8000000000000p%2B1,216,3.834,3.70376,3.6018709360738375,2.358246005453502,defined,0.043205443236431385,sensitivity_only
id:x%3A0x1.8000000000000p%2B1,217,3.852,3.71528,3.8171690639261624,2.358246005453502,defined,-0.043205443236431385,sensitivity_only
id:x%3A0x1.8000000000000p%2B1,218,3.87,3.7268000000000003,3.624910936073838,2.358246005453502,defined,0.043205443236431385,sensitivity_only
id:x%3A0x1.8000000000000p%2B1,219,3.888,3.73832,3.8402090639261623,2.358246005453502,defined,-0.043205443236431385,sensitivity_only
id:x%3A0x1.8000000000000p%2B1,220,3.906,3.7498400000000003,3.647950936073838,2.358246005453502,defined,0.043205443236431385,sensitivity_only
id:x%3A0x1.8000000000000p%2B1,221,3.924,3.76136,3.8632490639261623,2.358246005453502,defined,-0.043205443236431385,sensitivity_only
id:x%3A0x1.8000000000000p%2B1,222,3.942,3.7728800000000002,3.6709909360738378,2.358246005453502,defined,0.043205443236431385,sensitivity_only
id:x%3A0x1.8000000000000p%2B1,223,3.96,3.7844,3.8862890639261627,2.358246005453502,defined,-0.043205443236431385,sensitivity_only
id:x%3A0x1.8000000000000p%2B1,224,3.978,3.79592,3.6940309360738377,2.358246005453502,defined,0.043205443236431385,sensitivity_only
id:x%3A0x1.8000000000000p%2B1,225,3.996,3.80744,3.9093290639261626,2.358246005453502,defined,-0.043205443236431385,sensitivity_only
id:x%3A0x1.8000000000000p%2B1,226,4.0,3.81,3.7081109360738376,2.358246005453502,defined,0.043205443236431385,sensitivity_only
id:x%3A0x1.8000000000000p%2B1,227,4.014,3.81896,3.9208490639261626,2.358246005453502,defined,-0.043205443236431385,sensitivity_only
id:x%3A0x1.8000000000000p%2B1,228,4.032,3.83048,3.7285909360738376,2.358246005453502,defined,0.043205443236431385,sensitivity_only
id:x%3A0x1.8000000000000p%2B1,229,4.05,3.842,3.9438890639261626,2.358246005453502,defined,-0.043205443236431385,sensitivity_only
id:x%3A0x1.8000000000000p%2B1,230,4.068,3.8535199999999996,3.751630936073837,2.358246005453502,defined,0.043205443236431385,sensitivity_only
id:x%3A0x1.8000000000000p%2B1,231,4.086,3.86504,3.9669290639261625,2.358246005453502,defined,-0.043205443236431385,sensitivity_only
id:x%3A0x1.8000000000000p%2B1,232,4.104,3.87656,3.7746709360738375,2.358246005453502,defined,0.043205443236431385,sensitivity_only
id:x%3A0x1.8000000000000p%2B1,233,4.122,3.88808,3.9899690639261625,2.358246005453502,defined,-0.043205443236431385,sensitivity_only
id:x%3A0x1.8000000000000p%2B1,234,4.14,3.8996,3.7977109360738375,2.358246005453502,defined,0.043205443236431385,sensitivity_only
id:x%3A0x1.8000000000000p%2B1,235,4.158,3.9111200000000004,4.013009063926162,2.358246005453502,defined,-0.043205443236431385,sensitivity_only
id:x%3A0x1.8000000000000p%2B1,236,4.176,3.9226400000000003,3.820750936073838,2.358246005453502,defined,0.043205443236431385,sensitivity_only
id:x%3A0x1.8000000000000p%2B1,237,4.194,3.93416,4.036049063926162,2.358246005453502,defined,-0.043205443236431385,sensitivity_only
id:x%3A0x1.8000000000000p%2B1,238,4.212,3.94568,3.8437909360738374,2.358246005453502,defined,0.043205443236431385,sensitivity_only
id:x%3A0x1.8000000000000p%2B1,239,4.23,3.9572000000000003,4.059089063926162,2.358246005453502,defined,-0.043205443236431385,sensitivity_only
id:x%3A0x1.8000000000000p%2B1,240,4.248,3.9687200000000002,3.8668309360738378,2.358246005453502,defined,0.043205443236431385,sensitivity_only
id:x%3A0x1.8000000000000p%2B1,241,4.266,3.9802400000000002,4.082129063926162,2.358246005453502,defined,-0.043205443236431385,sensitivity_only
id:x%3A0x1.8000000000000p%2B1,242,4.284,3.9917599999999998,3.8898709360738373,2.358246005453502,defined,0.043205443236431385,sensitivity_only
id:x%3A0x1.8000000000000p%2B1,243,4.302,4.00328,4.105169063926162,2.358246005453502,defined,-0.043205443236431385,sensitivity_only
id:x%3A0x1.8000000000000p%2B1,244,4.32,4.0148,3.9129109360738377,2.358246005453502,defined,0.043205443236431385,sensitivity_only
id:x%3A0x1.8000000000000p%2B1,245,4.338,4.02632,4.128209063926162,2.358246005453502,defined,-0.043205443236431385,sensitivity_only
id:x%3A0x1.8000000000000p%2B1,246,4.356,4.03784,3.9359509360738376,2.358246005453502,defined,0.043205443236431385,sensitivity_only
id:x%3A0x1.8000000000000p%2B1,247,4.374,4.04936,4.151249063926162,2.358246005453502,defined,-0.043205443236431385,sensitivity_only
id:x%3A0x1.8000000000000p%2B1,248,4.392,4.060880000000001,3.9589909360738385,2.358246005453502,defined,0.043205443236431385,sensitivity_only
id:x%3A0x1.8000000000000p%2B1,249,4.41,4.0724,4.174289063926162,2.358246005453502,defined,-0.043205443236431385,sensitivity_only
id:x%3A0x1.8000000000000p%2B1,250,4.428,4.08392,3.9820309360738375,2.358246005453502,defined,0.043205443236431385,sensitivity_only
id:x%3A0x1.8000000000000p%2B1,251,4.446,4.09544,4.197329063926162,2.358246005453502,defined,-0.043205443236431385,sensitivity_only
id:x%3A0x1.8000000000000p%2B1,252,4.464,4.106960000000001,4.005070936073839,2.358246005453502,defined,0.043205443236431385,sensitivity_only
id:x%3A0x1.8000000000000p%2B1,253,4.482,4.11848,4.220369063926162,2.358246005453502,defined,-0.043205443236431385,sensitivity_only
id:x%3A0x1.8000000000000p%2B1,254,4.5,4.13,4.028110936073838,2.358246005453502,defined,0.043205443236431385,sensitivity_only
id:x%3A0x1.8000000000000p%2B1,255,4.518,4.14152,4.22303125114093,1.8865968043627994,defined,-0.043205443236431385,sensitivity_only
id:x%3A0x1.8000000000000p%2B1,256,4.536,4.15304,4.07152874885907,1.8865968043627994,defined,0.043205443236431385,sensitivity_only
id:x%3A0x1.8000000000000p%2B1,257,4.554,4.16456,4.24607125114093,1.8865968043627994,defined,-0.043205443236431385,sensitivity_only
id:x%3A0x1.8000000000000p%2B1,258,4.572,4.176080000000001,4.0945687488590705,1.8865968043627994,defined,0.043205443236431385,sensitivity_only
id:x%3A0x1.8000000000000p%2B1,259,4.59,4.1876,4.26911125114093,1.8865968043627994,defined,-0.043205443236431385,sensitivity_only
id:x%3A0x1.8000000000000p%2B1,260,4.608,4.19912,4.11760874885907,1.8865968043627994,defined,0.043205443236431385,sensitivity_only
id:x%3A0x1.8000000000000p%2B1,261,4.626,4.21064,4.29215125114093,1.8865968043627994,defined,-0.043205443236431385,sensitivity_only
id:x%3A0x1.8000000000000p%2B1,262,4.644,4.222160000000001,4.14064874885907,1.8865968043627994,defined,0.043205443236431385,sensitivity_only
id:x%3A0x1.8000000000000p%2B1,263,4.662,4.23368,4.31519125114093,1.8865968043627994,defined,-0.043205443236431385,sensitivity_only
id:x%3A0x1.8000000000000p%2B1,264,4.68,4.2452000000000005,4.16368874885907,1.8865968043627994,defined,0.043205443236431385,sensitivity_only
id:x%3A0x1.8000000000000p%2B1,265,4.698,4.2567200000000005,4.338231251140931,1.8865968043627994,defined,-0.043205443236431385,sensitivity_only
id:x%3A0x1.8000000000000p%2B1,266,4.716,4.2682400000000005,4.18672874885907,1.8865968043627994,defined,0.043205443236431385,sensitivity_only
id:x%3A0x1.8000000000000p%2B1,267,4.734,4.27976,4.36127125114093,1.8865968043627994,defined,-0.043205443236431385,sensitivity_only
id:x%3A0x1.8000000000000p%2B1,268,4.752,4.29128,4.20976874885907,1.8865968043627994,defined,0.043205443236431385,sensitivity_only
id:x%3A0x1.8000000000000p%2B1,269,4.77,4.3027999999999995,4.38431125114093,1.8865968043627994,defined,-0.043205443236431385,sensitivity_only
id:x%3A0x1.8000000000000p%2B1,270,4.788,4.31432,4.23280874885907,1.8865968043627994,defined,0.043205443236431385,sensitivity_only
id:x%3A0x1.8000000000000p%2B1,271,4.806,4.3258399999999995,4.40735125114093,1.8865968043627994,defined,-0.043205443236431385,sensitivity_only
id:x%3A0x1.8000000000000p%2B1,272,4.824,4.33736,4.25584874885907,1.8865968043627994,defined,0.043205443236431385,sensitivity_only
id:x%3A0x1.8000000000000p%2B1,273,4.842,4.348879999999999,4.43039125114093,1.8865968043627994,defined,-0.043205443236431385,sensitivity_only
id:x%3A0x1.8000000000000p%2B1,274,4.86,4.3604,4.27888874885907,1.8865968043627994,defined,0.043205443236431385,sensitivity_only
id:x%3A0x1.8000000000000p%2B1,275,4.878,4.37192,4.45343125114093,1.8865968043627994,defined,-0.043205443236431385,sensitivity_only
id:x%3A0x1.8000000000000p%2B1,276,4.896,4.38344,4.30192874885907,1.8865968043627994,defined,0.043205443236431385,sensitivity_only
id:x%3A0x1.8000000000000p%2B1,277,4.914,4.394959999999999,4.4764712511409295,1.8865968043627994,defined,-0.043205443236431385,sensitivity_only
id:x%3A0x1.8000000000000p%2B1,278,4.932,4.40648,4.32496874885907,1.8865968043627994,defined,0.043205443236431385,sensitivity_only
id:x%3A0x1.8000000000000p%2B1,279,4.95,4.418,4.49951125114093,1.8865968043627994,defined,-0.043205443236431385,sensitivity_only
id:x%3A0x1.8000000000000p%2B1,280,4.968,4.42952,4.34800874885907,1.8865968043627994,defined,0.043205443236431385,sensitivity_only
id:x%3A0x1.8000000000000p%2B1,281,4.986,4.44104,4.52255125114093,1.8865968043627994,defined,-0.043205443236431385,sensitivity_only
id:x%3A0x1.8000000000000p%2B1,282,5.0,4.45,4.36848874885907,1.8865968043627994,defined,0.043205443236431385,sensitivity_only
id:x%3A0x1.8000000000000p%2B1,283,5.004,4.45256,4.53407125114093,1.8865968043627994,defined,-0.043205443236431385,sensitivity_only
id:x%3A0x1.8000000000000p%2B1,284,5.022,4.46408,4.38256874885907,1.8865968043627994,defined,0.043205443236431385,sensitivity_only
id:x%3A0x1.8000000000000p%2B1,285,5.04,4.4756,4.55711125114093,1.8865968043627994,defined,-0.043205443236431385,sensitivity_only
id:x%3A0x1.8000000000000p%2B1,286,5.058,4.48712,4.40560874885907,1.8865968043627994,defined,0.043205443236431385,sensitivity_only
id:x%3A0x1.8000000000000p%2B1,287,5.076,4.49864,4.58015125114093,1.8865968043627994,defined,-0.043205443236431385,sensitivity_only
id:x%3A0x1.8000000000000p%2B1,288,5.094,4.510160000000001,4.428648748859071,1.8865968043627994,defined,0.043205443236431385,sensitivity_only
id:x%3A0x1.8000000000000p%2B1,289,5.112,4.52168,4.60319125114093,1.8865968043627994,defined,-0.043205443236431385,sensitivity_only
id:x%3A0x1.8000000000000p%2B1,290,5.13,4.5332,4.45168874885907,1.8865968043627994,defined,0.043205443236431385,sensitivity_only
id:x%3A0x1.8000000000000p%2B1,291,5.148,4.54472,4.62623125114093,1.8865968043627994,defined,-0.043205443236431385,sensitivity_only
id:x%3A0x1.8000000000000p%2B1,292,5.166,4.556240000000001,4.474728748859071,1.8865968043627994,defined,0.043205443236431385,sensitivity_only
id:x%3A0x1.8000000000000p%2B1,293,5.184,4.56776,4.64927125114093,1.8865968043627994,defined,-0.043205443236431385,sensitivity_only
id:x%3A0x1.8000000000000p%2B1,294,5.202,4.579280000000001,4.4977687488590705,1.8865968043627994,defined,0.043205443236431385,sensitivity_only
id:x%3A0x1.8000000000000p%2B1,295,5.22,4.5908,4.67231125114093,1.8865968043627994,defined,-0.043205443236431385,sensitivity_only
id:x%3A0x1.8000000000000p%2B1,296,5.238,4.602320000000001,4.5208087488590705,1.8865968043627994,defined,0.043205443236431385,sensitivity_only
id:x%3A0x1.8000000000000p%2B1,297,5.256,4.61384,4.69535125114093,1.8865968043627994,defined,-0.043205443236431385,sensitivity_only
id:x%3A0x1.8000000000000p%2B1,298,5.274,4.625360000000001,4.54384874885907,1.8865968043627994,defined,0.043205443236431385,sensitivity_only
id:x%3A0x1.8000000000000p%2B1,299,5.292,4.63688,4.71839125114093,1.8865968043627994,defined,-0.043205443236431385,sensitivity_only
id:x%3A0x1.8000000000000p%2B1,300,5.31,4.6484,4.5668887488590695,1.8865968043627994,defined,0.043205443236431385,sensitivity_only
id:x%3A0x1.8000000000000p%2B1,301,5.328,4.65992,4.74143125114093,1.8865968043627994,defined,-0.043205443236431385,sensitivity_only
id:x%3A0x1.8000000000000p%2B1,302,5.346,4.6714400000000005,4.58992874885907,1.8865968043627994,defined,0.043205443236431385,sensitivity_only
id:x%3A0x1.8000000000000p%2B1,303,5.364,4.68296,4.76447125114093,1.8865968043627994,defined,-0.043205443236431385,sensitivity_only
id:x%3A0x1.8000000000000p%2B1,304,5.382,4.69448,4.61296874885907,1.8865968043627994,defined,0.043205443236431385,sensitivity_only
id:x%3A0x1.8000000000000p%2B1,305,5.4,4.706,4.787511251140931,1.8865968043627994,defined,-0.043205443236431385,sensitivity_only
id:x%3A0x1.8000000000000p%2B1,306,5.418,4.71752,4.63600874885907,1.8865968043627994,defined,0.043205443236431385,sensitivity_only
id:x%3A0x1.8000000000000p%2B1,307,5.436,4.7290399999999995,4.81055125114093,1.8865968043627994,defined,-0.043205443236431385,sensitivity_only
id:x%3A0x1.8000000000000p%2B1,308,5.454,4.74056,4.65904874885907,1.8865968043627994,defined,0.043205443236431385,sensitivity_only
id:x%3A0x1.8000000000000p%2B1,309,5.472,4.75208,4.8335912511409305,1.8865968043627994,defined,-0.043205443236431385,sensitivity_only
id:x%3A0x1.8000000000000p%2B1,310,5.49,4.7636,4.68208874885907,1.8865968043627994,defined,0.043205443236431385,sensitivity_only
id:x%3A0x1.8000000000000p%2B1,311,5.5,4.77,4.85151125114093,1.8865968043627994,defined,-0.043205443236431385,sensitivity_only
id:x%3A0x1.8000000000000p%2B1,312,5.508,4.77512,4.663042029681222,2.594070605998847,defined,0.043205443236431385,sensitivity_only
id:x%3A0x1.8000000000000p%2B1,313,5.526,4.78664,4.898717970318779,2.594070605998847,defined,-0.043205443236431385,sensitivity_only
id:x%3A0x1.8000000000000p%2B1,314,5.544,4.798159999999999,4.686082029681221,2.594070605998847,defined,0.043205443236431385,sensitivity_only
id:x%3A0x1.8000000000000p%2B1,315,5.562,4.80968,4.921757970318779,2.594070605998847,defined,-0.043205443236431385,sensitivity_only
id:x%3A0x1.8000000000000p%2B1,316,5.58,4.8212,4.709122029681222,2.594070605998847,defined,0.043205443236431385,sensitivity_only
id:x%3A0x1.8000000000000p%2B1,317,5.598,4.83272,4.9447979703187785,2.594070605998847,defined,-0.043205443236431385,sensitivity_only
id:x%3A0x1.8000000000000p%2B1,318,5.616,4.844239999999999,4.732162029681221,2.594070605998847,defined,0.043205443236431385,sensitivity_only
id:x%3A0x1.8000000000000p%2B1,319,5.634,4.85576,4.9678379703187785,2.594070605998847,defined,-0.043205443236431385,sensitivity_only
id:x%3A0x1.8000000000000p%2B1,320,5.652,4.86728,4.755202029681222,2.594070605998847,defined,0.043205443236431385,sensitivity_only
id:x%3A0x1.8000000000000p%2B1,321,5.67,4.8788,4.9908779703187784,2.594070605998847,defined,-0.043205443236431385,sensitivity_only
id:x%3A0x1.8000000000000p%2B1,322,5.688,4.89032,4.778242029681222,2.594070605998847,defined,0.043205443236431385,sensitivity_only
id:x%3A0x1.8000000000000p%2B1,323,5.706,4.90184,5.013917970318778,2.594070605998847,defined,-0.043205443236431385,sensitivity_only
id:x%3A0x1.8000000000000p%2B1,324,5.724,4.913360000000001,4.801282029681222,2.594070605998847,defined,0.043205443236431385,sensitivity_only
id:x%3A0x1.8000000000000p%2B1,325,5.742,4.92488,5.036957970318778,2.594070605998847,defined,-0.043205443236431385,sensitivity_only
id:x%3A0x1.8000000000000p%2B1,326,5.76,4.9364,4.8243220296812215,2.594070605998847,defined,0.043205443236431385,sensitivity_only
id:x%3A0x1.8000000000000p%2B1,327,5.778,4.94792,5.059997970318778,2.594070605998847,defined,-0.043205443236431385,sensitivity_only
id:x%3A0x1.8000000000000p%2B1,328,5.796,4.959440000000001,4.847362029681222,2.594070605998847,defined,0.043205443236431385,sensitivity_only
id:x%3A0x1.8000000000000p%2B1,329,5.814,4.97096,5.083037970318778,2.594070605998847,defined,-0.043205443236431385,sensitivity_only
id:x%3A0x1.8000000000000p%2B1,330,5.832,4.98248,4.870402029681221,2.594070605998847,defined,0.043205443236431385,sensitivity_only
id:x%3A0x1.8000000000000p%2B1,331,5.85,4.994,5.106077970318778,2.594070605998847,defined,-0.043205443236431385,sensitivity_only
id:x%3A0x1.8000000000000p%2B1,332,5.868,5.005520000000001,4.893442029681222,2.594070605998847,defined,0.043205443236431385,sensitivity_only
id:x%3A0x1.8000000000000p%2B1,333,5.886,5.01704,5.129117970318778,2.594070605998847,defined,-0.043205443236431385,sensitivity_only
id:x%3A0x1.8000000000000p%2B1,334,5.904,5.028560000000001,4.916482029681222,2.594070605998847,defined,0.043205443236431385,sensitivity_only
id:x%3A0x1.8000000000000p%2B1,335,5.922,5.04008,5.152157970318778,2.594070605998847,defined,-0.043205443236431385,sensitivity_only
id:x%3A0x1.8000000000000p%2B1,336,5.94,5.0516000000000005,4.939522029681222,2.594070605998847,defined,0.043205443236431385,sensitivity_only
id:x%3A0x1.8000000000000p%2B1,337,5.958,5.06312,5.175197970318778,2.594070605998847,defined,-0.043205443236431385,sensitivity_only
id:x%3A0x1.8000000000000p%2B1,338,5.976,5.0746400000000005,4.962562029681222,2.594070605998847,defined,0.043205443236431385,sensitivity_only
id:x%3A0x1.8000000000000p%2B1,339,5.994,5.08616,5.198237970318778,2.594070605998847,defined,-0.043205443236431385,sensitivity_only
id:x%3A0x1.8000000000000p%2B1,340,6.0,5.09,4.977922029681221,2.594070605998847,defined,0.043205443236431385,sensitivity_only
id:x%3A0x1.8000000000000p%2B1,341,6.012,5.09768,5.209757970318779,2.594070605998847,defined,-0.043205443236431385,sensitivity_only
id:x%3A0x1.8000000000000p%2B1,342,6.03,5.1092,4.997122029681222,2.594070605998847,defined,0.043205443236431385,sensitivity_only
id:x%3A0x1.8000000000000p%2B1,343,6.048,5.12072,5.232797970318779,2.594070605998847,defined,-0.043205443236431385,sensitivity_only
id:x%3A0x1.8000000000000p%2B1,344,6.066,5.1322399999999995,5.020162029681221,2.594070605998847,defined,0.043205443236431385,sensitivity_only
id:x%3A0x1.8000000000000p%2B1,345,6.084,5.14376,5.255837970318779,2.594070605998847,defined,-0.043205443236431385,sensitivity_only
id:x%3A0x1.8000000000000p%2B1,346,6.102,5.15528,5.043202029681222,2.594070605998847,defined,0.043205443236431385,sensitivity_only
id:x%3A0x1.8000000000000p%2B1,347,6.12,5.1668,5.278877970318779,2.594070605998847,defined,-0.043205443236431385,sensitivity_only
id:x%3A0x1.8000000000000p%2B1,348,6.138,5.178319999999999,5.066242029681221,2.594070605998847,defined,0.043205443236431385,sensitivity_only
id:x%3A0x1.8000000000000p%2B1,349,6.156,5.18984,5.301917970318779,2.594070605998847,defined,-0.043205443236431385,sensitivity_only
id:x%3A0x1.8000000000000p%2B1,350,6.174,5.20136,5.089282029681222,2.594070605998847,defined,0.043205443236431385,sensitivity_only
id:x%3A0x1.8000000000000p%2B1,351,6.192,5.21288,5.324957970318779,2.594070605998847,defined,-0.043205443236431385,sensitivity_only
id:x%3A0x1.8000000000000p%2B1,352,6.21,5.2244,5.112322029681222,2.594070605998847,defined,0.043205443236431385,sensitivity_only
id:x%3A0x1.8000000000000p%2B1,353,6.228,5.23592,5.3479979703187785,2.594070605998847,defined,-0.043205443236431385,sensitivity_only
id:x%3A0x1.8000000000000p%2B1,354,6.246,5.247440000000001,5.135362029681223,2.594070605998847,defined,0.043205443236431385,sensitivity_only
id:x%3A0x1.8000000000000p%2B1,355,6.264,5.25896,5.3710379703187785,2.594070605998847,defined,-0.043205443236431385,sensitivity_only
id:x%3A0x1.8000000000000p%2B1,356,6.282,5.27048,5.158402029681222,2.594070605998847,defined,0.043205443236431385,sensitivity_only
id:x%3A0x1.8000000000000p%2B1,357,6.3,5.282,5.3940779703187784,2.594070605998847,defined,-0.043205443236431385,sensitivity_only
id:x%3A0x1.8000000000000p%2B1,358,6.318,5.29352,5.181442029681222,2.594070605998847,defined,0.043205443236431385,sensitivity_only
id:x%3A0x1.8000000000000p%2B1,359,6.336,5.30504,5.417117970318778,2.594070605998847,defined,-0.043205443236431385,sensitivity_only
id:x%3A0x1.8000000000000p%2B1,360,6.354,5.31656,5.2044820296812215,2.594070605998847,defined,0.043205443236431385,sensitivity_only
id:x%3A0x1.8000000000000p%2B1,361,6.372,5.32808,5.440157970318778,2.594070605998847,defined,-0.043205443236431385,sensitivity_only
id:x%3A0x1.8000000000000p%2B1,362,6.39,5.3396,5.2275220296812215,2.594070605998847,defined,0.043205443236431385,sensitivity_only
id:x%3A0x1.8000000000000p%2B1,363,6.408,5.35112,5.463197970318778,2.594070605998847,defined,-0.043205443236431385,sensitivity_only
id:x%3A0x1.8000000000000p%2B1,364,6.426,5.36264,5.250562029681221,2.594070605998847,defined,0.043205443236431385,sensitivity_only
id:x%3A0x1.8000000000000p%2B1,365,6.444,5.37416,5.486237970318778,2.594070605998847,defined,-0.043205443236431385,sensitivity_only
id:x%3A0x1.8000000000000p%2B1,366,6.462,5.38568,5.273602029681221,2.594070605998847,defined,0.043205443236431385,sensitivity_only
id:x%3A0x1.8000000000000p%2B1,367,6.48,5.397200000000001,5.509277970318779,2.594070605998847,defined,-0.043205443236431385,sensitivity_only
id:x%3A0x1.8000000000000p%2B1,368,6.498,5.408720000000001,5.296642029681222,2.594070605998847,defined,0.043205443236431385,sensitivity_only
id:x%3A0x1.8000000000000p%2B1,369,6.516,5.42024,5.522129063926162,2.3582460054534993,defined,-0.043205443236431385,sensitivity_only
id:x%3A0x1.8000000000000p%2B1,370,6.534,5.43176,5.329870936073838,2.3582460054534993,defined,0.043205443236431385,sensitivity_only
id:x%3A0x1.8000000000000p%2B1,371,6.552,5.44328,5.545169063926162,2.3582460054534993,defined,-0.043205443236431385,sensitivity_only
id:x%3A0x1.8000000000000p%2B1,372,6.57,5.4548000000000005,5.3529109360738385,2.3582460054534993,defined,0.043205443236431385,sensitivity_only
id:x%3A0x1.8000000000000p%2B1,373,6.588,5.4663200000000005,5.5682090639261625,2.3582460054534993,defined,-0.043205443236431385,sensitivity_only
id:x%3A0x1.8000000000000p%2B1,374,6.606,5.47784,5.375950936073838,2.3582460054534993,defined,0.043205443236431385,sensitivity_only
id:x%3A0x1.8000000000000p%2B1,375,6.624,5.48936,5.591249063926162,2.3582460054534993,defined,-0.043205443236431385,sensitivity_only
id:x%3A0x1.8000000000000p%2B1,376,6.642,5.50088,5.398990936073838,2.3582460054534993,defined,0.043205443236431385,sensitivity_only
id:x%3A0x1.8000000000000p%2B1,377,6.66,5.5124,5.6142890639261624,2.3582460054534993,defined,-0.043205443236431385,sensitivity_only
id:x%3A0x1.8000000000000p%2B1,378,6.678,5.52392,5.422030936073838,2.3582460054534993,defined,0.043205443236431385,sensitivity_only
id:x%3A0x1.8000000000000p%2B1,379,6.696,5.53544,5.637329063926162,2.3582460054534993,defined,-0.043205443236431385,sensitivity_only
id:x%3A0x1.8000000000000p%2B1,380,6.714,5.54696,5.445070936073838,2.3582460054534993,defined,0.043205443236431385,sensitivity_only
id:x%3A0x1.8000000000000p%2B1,381,6.732,5.55848,5.660369063926162,2.3582460054534993,defined,-0.043205443236431385,sensitivity_only
id:x%3A0x1.8000000000000p%2B1,382,6.75,5.57,5.468110936073838,2.3582460054534993,defined,0.043205443236431385,sensitivity_only
id:x%3A0x1.8000000000000p%2B1,383,6.768,5.58152,5.683409063926162,2.3582460054534993,defined,-0.043205443236431385,sensitivity_only
id:x%3A0x1.8000000000000p%2B1,384,6.786,5.59304,5.491150936073838,2.3582460054534993,defined,0.043205443236431385,sensitivity_only
id:x%3A0x1.8000000000000p%2B1,385,6.804,5.60456,5.706449063926162,2.3582460054534993,defined,-0.043205443236431385,sensitivity_only
id:x%3A0x1.8000000000000p%2B1,386,6.822,5.61608,5.514190936073838,2.3582460054534993,defined,0.043205443236431385,sensitivity_only
id:x%3A0x1.8000000000000p%2B1,387,6.84,5.6276,5.729489063926162,2.3582460054534993,defined,-0.043205443236431385,sensitivity_only
id:x%3A0x1.8000000000000p%2B1,388,6.858,5.63912,5.537230936073838,2.3582460054534993,defined,0.043205443236431385,sensitivity_only
id:x%3A0x1.8000000000000p%2B1,389,6.876,5.65064,5.752529063926162,2.3582460054534993,defined,-0.043205443236431385,sensitivity_only
id:x%3A0x1.8000000000000p%2B1,390,6.894,5.66216,5.560270936073838,2.3582460054534993,defined,0.043205443236431385,sensitivity_only
id:x%3A0x1.8000000000000p%2B1,391,6.912,5.67368,5.775569063926162,2.3582460054534993,defined,-0.043205443236431385,sensitivity_only
id:x%3A0x1.8000000000000p%2B1,392,6.93,5.6852,5.583310936073838,2.3582460054534993,defined,0.043205443236431385,sensitivity_only
id:x%3A0x1.8000000000000p%2B1,393,6.948,5.69672,5.798609063926162,2.3582460054534993,defined,-0.043205443236431385,sensitivity_only
id:x%3A0x1.8000000000000p%2B1,394,6.966,5.70824,5.606350936073838,2.3582460054534993,defined,0.043205443236431385,sensitivity_only
id:x%3A0x1.8000000000000p%2B1,395,6.984,5.71976,5.821649063926162,2.3582460054534993,defined,-0.043205443236431385,sensitivity_only
id:x%3A0x1.8000000000000p%2B1,396,7.0,5.73,5.628110936073838,2.3582460054534993,defined,0.043205443236431385,sensitivity_only
id:x%3A0x1.8000000000000p%2B1,397,7.002,5.73128,5.833169063926162,2.3582460054534993,defined,-0.043205443236431385,sensitivity_only
id:x%3A0x1.8000000000000p%2B1,398,7.02,5.7428,5.640910936073838,2.3582460054534993,defined,0.043205443236431385,sensitivity_only
id:x%3A0x1.8000000000000p%2B1,399,7.038,5.75432,5.856209063926162,2.3582460054534993,defined,-0.043205443236431385,sensitivity_only
id:x%3A0x1.8000000000000p%2B1,400,7.056,5.76584,5.663950936073838,2.3582460054534993,defined,0.043205443236431385,sensitivity_only
id:x%3A0x1.8000000000000p%2B1,401,7.074,5.77736,5.879249063926162,2.3582460054534993,defined,-0.043205443236431385,sensitivity_only
id:x%3A0x1.8000000000000p%2B1,402,7.092,5.78888,5.686990936073838,2.3582460054534993,defined,0.043205443236431385,sensitivity_only
id:x%3A0x1.8000000000000p%2B1,403,7.11,5.800400000000001,5.902289063926163,2.3582460054534993,defined,-0.043205443236431385,sensitivity_only
id:x%3A0x1.8000000000000p%2B1,404,7.128,5.81192,5.710030936073838,2.3582460054534993,defined,0.043205443236431385,sensitivity_only
id:x%3A0x1.8000000000000p%2B1,405,7.146,5.82344,5.925329063926162,2.3582460054534993,defined,-0.043205443236431385,sensitivity_only
id:x%3A0x1.8000000000000p%2B1,406,7.164,5.83496,5.733070936073838,2.3582460054534993,defined,0.043205443236431385,sensitivity_only
id:x%3A0x1.8000000000000p%2B1,407,7.182,5.846480000000001,5.948369063926163,2.3582460054534993,defined,-0.043205443236431385,sensitivity_only
id:x%3A0x1.8000000000000p%2B1,408,7.2,5.8580000000000005,5.7561109360738385,2.3582460054534993,defined,0.043205443236431385,sensitivity_only
id:x%3A0x1.8000000000000p%2B1,409,7.218,5.8695200000000005,5.9714090639261626,2.3582460054534993,defined,-0.043205443236431385,sensitivity_only
id:x%3A0x1.8000000000000p%2B1,410,7.236,5.88104,5.779150936073838,2.3582460054534993,defined,0.043205443236431385,sensitivity_only
id:x%3A0x1.8000000000000p%2B1,411,7.254,5.89256,5.994449063926162,2.3582460054534993,defined,-0.043205443236431385,sensitivity_only
id:x%3A0x1.8000000000000p%2B1,412,7.272,5.90408,5.802190936073838,2.3582460054534993,defined,0.043205443236431385,sensitivity_only
id:x%3A0x1.8000000000000p%2B1,413,7.29,5.9156,6.0174890639261625,2.3582460054534993,defined,-0.043205443236431385,sensitivity_only
id:x%3A0x1.8000000000000p%2B1,414,7.308,5.92712,5.825230936073838,2.3582460054534993,defined,0.043205443236431385,sensitivity_only
id:x%3A0x1.8000000000000p%2B1,415,7.326,5.9386399999999995,6.0405290639261615,2.3582460054534993,defined,-0.043205443236431385,sensitivity_only
id:x%3A0x1.8000000000000p%2B1,416,7.344,5.95016,5.848270936073838,2.3582460054534993,defined,0.043205443236431385,sensitivity_only
id:x%3A0x1.8000000000000p%2B1,417,7.362,5.96168,6.063569063926162,2.3582460054534993,defined,-0.043205443236431385,sensitivity_only
id:x%3A0x1.8000000000000p%2B1,418,7.38,5.9732,5.871310936073838,2.3582460054534993,defined,0.043205443236431385,sensitivity_only
id:x%3A0x1.8000000000000p%2B1,419,7.398,5.98472,6.086609063926162,2.3582460054534993,defined,-0.043205443236431385,sensitivity_only
id:x%3A0x1.8000000000000p%2B1,420,7.416,5.99624,5.894350936073838,2.3582460054534993,defined,0.043205443236431385,sensitivity_only
id:x%3A0x1.8000000000000p%2B1,421,7.434,6.00776,6.109649063926162,2.3582460054534993,defined,-0.043205443236431385,sensitivity_only
id:x%3A0x1.8000000000000p%2B1,422,7.452,6.01928,5.917390936073838,2.3582460054534993,defined,0.043205443236431385,sensitivity_only
id:x%3A0x1.8000000000000p%2B1,423,7.47,6.0308,6.132689063926162,2.3582460054534993,defined,-0.043205443236431385,sensitivity_only
id:x%3A0x1.8000000000000p%2B1,424,7.488,6.04232,5.940430936073838,2.3582460054534993,defined,0.043205443236431385,sensitivity_only
id:x%3A0x1.8000000000000p%2B1,425,7.506,6.05384,6.155729063926162,2.358246005453502,defined,-0.043205443236431385,sensitivity_only
id:x%3A0x1.8000000000000p%2B1,426,7.524,6.06536,5.963470936073838,2.358246005453502,defined,0.043205443236431385,sensitivity_only
id:x%3A0x1.8000000000000p%2B1,427,7.542,6.07688,6.178769063926162,2.358246005453502,defined,-0.043205443236431385,sensitivity_only
id:x%3A0x1.8000000000000p%2B1,428,7.56,6.0884,5.986510936073838,2.358246005453502,defined,0.043205443236431385,sensitivity_only
id:x%3A0x1.8000000000000p%2B1,429,7.578,6.09992,6.201809063926162,2.358246005453502,defined,-0.043205443236431385,sensitivity_only
id:x%3A0x1.8000000000000p%2B1,430,7.596,6.11144,6.009550936073838,2.358246005453502,defined,0.043205443236431385,sensitivity_only
id:x%3A0x1.8000000000000p%2B1,431,7.614,6.12296,6.224849063926162,2.358246005453502,defined,-0.043205443236431385,sensitivity_only
id:x%3A0x1.8000000000000p%2B1,432,7.632,6.13448,6.032590936073838,2.358246005453502,defined,0.043205443236431385,sensitivity_only
id:x%3A0x1.8000000000000p%2B1,433,7.65,6.146,6.247889063926162,2.358246005453502,defined,-0.043205443236431385,sensitivity_only
id:x%3A0x1.8000000000000p%2B1,434,7.668,6.15752,6.055630936073838,2.358246005453502,defined,0.043205443236431385,sensitivity_only
id:x%3A0x1.8000000000000p%2B1,435,7.686,6.16904,6.270929063926162,2.358246005453502,defined,-0.043205443236431385,sensitivity_only
id:x%3A0x1.8000000000000p%2B1,436,7.704,6.18056,6.078670936073838,2.358246005453502,defined,0.043205443236431385,sensitivity_only
id:x%3A0x1.8000000000000p%2B1,437,7.722,6.192080000000001,6.293969063926163,2.358246005453502,defined,-0.043205443236431385,sensitivity_only
id:x%3A0x1.8000000000000p%2B1,438,7.74,6.203600000000001,6.101710936073839,2.358246005453502,defined,0.043205443236431385,sensitivity_only
id:x%3A0x1.8000000000000p%2B1,439,7.758,6.21512,6.317009063926162,2.358246005453502,defined,-0.043205443236431385,sensitivity_only
id:x%3A0x1.8000000000000p%2B1,440,7.776,6.22664,6.124750936073838,2.358246005453502,defined,0.043205443236431385,sensitivity_only
id:x%3A0x1.8000000000000p%2B1,441,7.794,6.23816,6.340049063926162,2.358246005453502,defined,-0.043205443236431385,sensitivity_only
id:x%3A0x1.8000000000000p%2B1,442,7.812,6.249680000000001,6.1477909360738385,2.358246005453502,defined,0.043205443236431385,sensitivity_only
id:x%3A0x1.8000000000000p%2B1,443,7.83,6.2612000000000005,6.363089063926163,2.358246005453502,defined,-0.043205443236431385,sensitivity_only
id:x%3A0x1.8000000000000p%2B1,444,7.848,6.27272,6.170830936073838,2.358246005453502,defined,0.043205443236431385,sensitivity_only
id:x%3A0x1.8000000000000p%2B1,445,7.866,6.28424,6.386129063926162,2.358246005453502,defined,-0.043205443236431385,sensitivity_only
id:x%3A0x1.8000000000000p%2B1,446,7.884,6.2957600000000005,6.193870936073838,2.358246005453502,defined,0.043205443236431385,sensitivity_only
id:x%3A0x1.8000000000000p%2B1,447,7.902,6.30728,6.4091690639261625,2.358246005453502,defined,-0.043205443236431385,sensitivity_only
id:x%3A0x1.8000000000000p%2B1,448,7.92,6.3188,6.216910936073838,2.358246005453502,defined,0.043205443236431385,sensitivity_only
id:x%3A0x1.8000000000000p%2B1,449,7.938,6.3303199999999995,6.4322090639261615,2.358246005453502,defined,-0.043205443236431385,sensitivity_only
id:x%3A0x1.8000000000000p%2B1,450,7.956,6.34184,6.239950936073838,2.358246005453502,defined,0.043205443236431385,sensitivity_only
id:x%3A0x1.8000000000000p%2B1,451,7.974,6.35336,6.455249063926162,2.358246005453502,defined,-0.043205443236431385,sensitivity_only
id:x%3A0x1.8000000000000p%2B1,452,7.992,6.36488,6.262990936073838,2.358246005453502,defined,0.043205443236431385,sensitivity_only
id:x%3A0x1.8000000000000p%2B1,453,8.0,6.37,6.471889063926162,2.358246005453502,defined,-0.043205443236431385,sensitivity_only
id:x%3A0x1.8000000000000p%2B1,454,8.01,6.3764,6.274510936073838,2.358246005453502,defined,0.043205443236431385,sensitivity_only
id:x%3A0x1.8000000000000p%2B1,455,8.028,6.38792,6.489809063926162,2.358246005453502,defined,-0.043205443236431385,sensitivity_only
id:x%3A0x1.8000000000000p%2B1,456,8.046,6.399439999999999,6.297550936073837,2.358246005453502,defined,0.043205443236431385,sensitivity_only
id:x%3A0x1.8000000000000p%2B1,457,8.064,6.41096,6.512849063926162,2.358246005453502,defined,-0.043205443236431385,sensitivity_only
id:x%3A0x1.8000000000000p%2B1,458,8.082,6.42248,6.320590936073838,2.358246005453502,defined,0.043205443236431385,sensitivity_only
id:x%3A0x1.8000000000000p%2B1,459,8.1,6.434,6.535889063926162,2.358246005453502,defined,-0.043205443236431385,sensitivity_only
id:x%3A0x1.8000000000000p%2B1,460,8.118,6.44552,6.343630936073838,2.358246005453502,defined,0.043205443236431385,sensitivity_only
id:x%3A0x1.8000000000000p%2B1,461,8.136,6.457039999999999,6.558929063926161,2.358246005453502,defined,-0.043205443236431385,sensitivity_only
id:x%3A0x1.8000000000000p%2B1,462,8.154,6.46856,6.366670936073838,2.358246005453502,defined,0.043205443236431385,sensitivity_only
id:x%3A0x1.8000000000000p%2B1,463,8.172,6.48008,6.581969063926162,2.358246005453502,defined,-0.043205443236431385,sensitivity_only
id:x%3A0x1.8000000000000p%2B1,464,8.19,6.4916,6.389710936073838,2.358246005453502,defined,0.043205443236431385,sensitivity_only
id:x%3A0x1.8000000000000p%2B1,465,8.208,6.50312,6.605009063926162,2.358246005453502,defined,-0.043205443236431385,sensitivity_only
id:x%3A0x1.8000000000000p%2B1,466,8.226,6.514640000000001,6.412750936073839,2.358246005453502,defined,0.043205443236431385,sensitivity_only
id:x%3A0x1.8000000000000p%2B1,467,8.244,6.52616,6.628049063926162,2.358246005453502,defined,-0.043205443236431385,sensitivity_only
id:x%3A0x1.8000000000000p%2B1,468,8.262,6.537680000000001,6.435790936073839,2.358246005453502,defined,0.043205443236431385,sensitivity_only
id:x%3A0x1.8000000000000p%2B1,469,8.28,6.5492,6.651089063926162,2.358246005453502,defined,-0.043205443236431385,sensitivity_only
id:x%3A0x1.8000000000000p%2B1,470,8.298,6.56072,6.458830936073838,2.358246005453502,defined,0.043205443236431385,sensitivity_only
id:x%3A0x1.8000000000000p%2B1,471,8.316,6.572240000000001,6.674129063926163,2.358246005453502,defined,-0.043205443236431385,sensitivity_only
id:x%3A0x1.8000000000000p%2B1,472,8.334,6.58376,6.481870936073838,2.358246005453502,defined,0.043205443236431385,sensitivity_only
id:x%3A0x1.8000000000000p%2B1,473,8.352,6.595280000000001,6.697169063926163,2.358246005453502,defined,-0.043205443236431385,sensitivity_only
id:x%3A0x1.8000000000000p%2B1,474,8.37,6.6068,6.504910936073838,2.358246005453502,defined,0.043205443236431385,sensitivity_only
id:x%3A0x1.8000000000000p%2B1,475,8.388,6.61832,6.720209063926162,2.358246005453502,defined,-0.043205443236431385,sensitivity_only
id:x%3A0x1.8000000000000p%2B1,476,8.406,6.629840000000001,6.527950936073839,2.358246005453502,defined,0.043205443236431385,sensitivity_only
id:x%3A0x1.8000000000000p%2B1,477,8.424,6.64136,6.743249063926162,2.358246005453502,defined,-0.043205443236431385,sensitivity_only
id:x%3A0x1.8000000000000p%2B1,478,8.442,6.652880000000001,6.5509909360738385,2.358246005453502,defined,0.043205443236431385,sensitivity_only
id:x%3A0x1.8000000000000p%2B1,479,8.46,6.6644000000000005,6.766289063926163,2.358246005453502,defined,-0.043205443236431385,sensitivity_only
id:x%3A0x1.8000000000000p%2B1,480,8.478,6.67592,6.574030936073838,2.358246005453502,defined,0.043205443236431385,sensitivity_only
id:x%3A0x1.8000000000000p%2B1,481,8.496,6.6874400000000005,6.7893290639261625,2.358246005453502,defined,-0.043205443236431385,sensitivity_only
id:x%3A0x1.8000000000000p%2B1,482,8.514,6.69896,6.5970709360738375,2.358246005453502,defined,0.043205443236431385,sensitivity_only
id:x%3A0x1.8000000000000p%2B1,483,8.532,6.7104800000000004,6.8123690639261625,2.358246005453502,defined,-0.043205443236431385,sensitivity_only
id:x%3A0x1.8000000000000p%2B1,484,8.55,6.722,6.620110936073838,2.358246005453502,defined,0.043205443236431385,sensitivity_only
id:x%3A0x1.8000000000000p%2B1,485,8.568,6.7335199999999995,6.8354090639261615,2.358246005453502,defined,-0.043205443236431385,sensitivity_only
id:x%3A0x1.8000000000000p%2B1,486,8.586,6.74504,6.643150936073838,2.358246005453502,defined,0.043205443236431385,sensitivity_only
id:x%3A0x1.8000000000000p%2B1,487,8.604,6.7565599999999995,6.8584490639261615,2.358246005453502,defined,-0.043205443236431385,sensitivity_only
id:x%3A0x1.8000000000000p%2B1,488,8.622,6.76808,6.666190936073838,2.358246005453502,defined,0.043205443236431385,sensitivity_only
id:x%3A0x1.8000000000000p%2B1,489,8.64,6.7796,6.881489063926162,2.358246005453502,defined,-0.043205443236431385,sensitivity_only
id:x%3A0x1.8000000000000p%2B1,490,8.658,6.791119999999999,6.689230936073837,2.358246005453502,defined,0.043205443236431385,sensitivity_only
id:x%3A0x1.8000000000000p%2B1,491,8.676,6.80264,6.904529063926162,2.358246005453502,defined,-0.043205443236431385,sensitivity_only
id:x%3A0x1.8000000000000p%2B1,492,8.694,6.81416,6.712270936073838,2.358246005453502,defined,0.043205443236431385,sensitivity_only
id:x%3A0x1.8000000000000p%2B1,493,8.712,6.82568,6.927569063926162,2.358246005453502,defined,-0.043205443236431385,sensitivity_only
id:x%3A0x1.8000000000000p%2B1,494,8.73,6.8372,6.735310936073838,2.358246005453502,defined,0.043205443236431385,sensitivity_only
id:x%3A0x1.8000000000000p%2B1,495,8.748,6.848719999999999,6.950609063926161,2.358246005453502,defined,-0.043205443236431385,sensitivity_only
id:x%3A0x1.8000000000000p%2B1,496,8.766,6.86024,6.758350936073838,2.358246005453502,defined,0.043205443236431385,sensitivity_only
id:x%3A0x1.8000000000000p%2B1,497,8.784,6.871760000000001,6.973649063926163,2.358246005453502,defined,-0.043205443236431385,sensitivity_only
id:x%3A0x1.8000000000000p%2B1,498,8.802,6.88328,6.781390936073838,2.358246005453502,defined,0.043205443236431385,sensitivity_only
id:x%3A0x1.8000000000000p%2B1,499,8.82,6.8948,6.996689063926162,2.358246005453502,defined,-0.043205443236431385,sensitivity_only
id:x%3A0x1.8000000000000p%2B1,500,8.838,6.90632,6.804430936073838,2.358246005453502,defined,0.043205443236431385,sensitivity_only
id:x%3A0x1.8000000000000p%2B1,501,8.856,6.91784,7.019729063926162,2.358246005453502,defined,-0.043205443236431385,sensitivity_only
id:x%3A0x1.8000000000000p%2B1,502,8.874,6.929360000000001,6.827470936073839,2.358246005453502,defined,0.043205443236431385,sensitivity_only
id:x%3A0x1.8000000000000p%2B1,503,8.892,6.94088,7.042769063926162,2.358246005453502,defined,-0.043205443236431385,sensitivity_only
id:x%3A0x1.8000000000000p%2B1,504,8.91,6.9524,6.850510936073838,2.358246005453502,defined,0.043205443236431385,sensitivity_only
id:x%3A0x1.8000000000000p%2B1,505,8.928,6.963920000000001,7.065809063926163,2.358246005453502,defined,-0.043205443236431385,sensitivity_only
id:x%3A0x1.8000000000000p%2B1,506,8.946,6.97544,6.873550936073838,2.358246005453502,defined,0.043205443236431385,sensitivity_only
id:x%3A0x1.8000000000000p%2B1,507,8.964,6.986960000000001,7.088849063926163,2.358246005453502,defined,-0.043205443236431385,sensitivity_only
id:x%3A0x1.8000000000000p%2B1,508,8.982,6.99848,6.896590936073838,2.358246005453502,defined,0.043205443236431385,sensitivity_only
id:x%3A0x1.8000000000000p%2B1,509,9.0,7.01,7.111889063926162,2.358246005453502,defined,-0.043205443236431385,sensitivity_only
id:x%3A0x1.0000000000000p%2B2,0,0.0,1.25,1.0367097501734281,2.594070605998847,defined,0.08222222222222222,sensitivity_only
id:x%3A0x1.0000000000000p%2B2,1,0.018,1.26152,1.3678503820973025,2.594070605998847,defined,-0.040989779480716956,sensitivity_only
id:x%3A0x1.0000000000000p%2B2,2,0.036,1.27304,1.1667096179026974,2.594070605998847,defined,0.040989779480716956,sensitivity_only
id:x%3A0x1.0000000000000p%2B2,3,0.054,1.28456,1.3908903820973024,2.594070605998847,defined,-0.040989779480716956,sensitivity_only
id:x%3A0x1.0000000000000p%2B2,4,0.072,1.29608,1.1897496179026974,2.594070605998847,defined,0.040989779480716956,sensitivity_only
id:x%3A0x1.0000000000000p%2B2,5,0.09,1.3076,1.4139303820973026,2.594070605998847,defined,-0.040989779480716956,sensitivity_only
id:x%3A0x1.0000000000000p%2B2,6,0.108,1.31912,1.2127896179026976,2.594070605998847,defined,0.040989779480716956,sensitivity_only
id:x%3A0x1.0000000000000p%2B2,7,0.126,1.33064,1.4369703820973025,2.594070605998847,defined,-0.040989779480716956,sensitivity_only
id:x%3A0x1.0000000000000p%2B2,8,0.144,1.34216,1.2358296179026975,2.594070605998847,defined,0.040989779480716956,sensitivity_only
id:x%3A0x1.0000000000000p%2B2,9,0.162,1.35368,1.4600103820973025,2.594070605998847,defined,-0.040989779480716956,sensitivity_only
id:x%3A0x1.0000000000000p%2B2,10,0.18,1.3652,1.2588696179026975,2.594070605998847,defined,0.040989779480716956,sensitivity_only
id:x%3A0x1.0000000000000p%2B2,11,0.198,1.37672,1.4830503820973024,2.594070605998847,defined,-0.040989779480716956,sensitivity_only
id:x%3A0x1.0000000000000p%2B2,12,0.216,1.38824,1.2819096179026974,2.594070605998847,defined,0.040989779480716956,sensitivity_only
id:x%3A0x1.0000000000000p%2B2,13,0.234,1.3997600000000001,1.5060903820973026,2.594070605998847,defined,-0.040989779480716956,sensitivity_only
id:x%3A0x1.0000000000000p%2B2,14,0.252,1.41128,1.3049496179026976,2.594070605998847,defined,0.040989779480716956,sensitivity_only
id:x%3A0x1.0000000000000p%2B2,15,0.27,1.4228,1.5291303820973026,2.594070605998847,defined,-0.040989779480716956,sensitivity_only
id:x%3A0x1.0000000000000p%2B2,16,0.288,1.43432,1.3279896179026975,2.594070605998847,defined,0.040989779480716956,sensitivity_only
id:x%3A0x1.0000000000000p%2B2,17,0.306,1.44584,1.5521703820973025,2.594070605998847,defined,-0.040989779480716956,sensitivity_only
id:x%3A0x1.0000000000000p%2B2,18,0.324,1.45736,1.3510296179026975,2.594070605998847,defined,0.040989779480716956,sensitivity_only
id:x%3A0x1.0000000000000p%2B2,19,0.342,1.46888,1.5752103820973025,2.594070605998847,defined,-0.040989779480716956,sensitivity_only
id:x%3A0x1.0000000000000p%2B2,20,0.36,1.4804,1.3740696179026974,2.594070605998847,defined,0.040989779480716956,sensitivity_only
id:x%3A0x1.0000000000000p%2B2,21,0.378,1.49192,1.5982503820973024,2.594070605998847,defined,-0.040989779480716956,sensitivity_only
id:x%3A0x1.0000000000000p%2B2,22,0.396,1.5034399999999999,1.3971096179026974,2.594070605998847,defined,0.040989779480716956,sensitivity_only
id:x%3A0x1.0000000000000p%2B2,23,0.414,1.5149599999999999,1.6212903820973024,2.594070605998847,defined,-0.040989779480716956,sensitivity_only
id:x%3A0x1.0000000000000p%2B2,24,0.432,1.52648,1.4201496179026976,2.594070605998847,defined,0.040989779480716956,sensitivity_only
id:x%3A0x1.0000000000000p%2B2,25,0.45,1.538,1.6443303820973025,2.594070605998847,defined,-0.040989779480716956,sensitivity_only
id:x%3A0x1.0000000000000p%2B2,26,0.468,1.54952,1.4431896179026975,2.594070605998847,defined,0.040989779480716956,sensitivity_only
id:x%3A0x1.0000000000000p%2B2,27,0.486,1.56104,1.6673703820973025,2.594070605998847,defined,-0.040989779480716956,sensitivity_only
id:x%3A0x1.0000000000000p%2B2,28,0.504,1.57256,1.4758960162751793,2.3582460054534993,defined,0.040989779480716956,sensitivity_only
id:x%3A0x1.0000000000000p%2B2,29,0.522,1.5840800000000002,1.6807439837248208,2.3582460054534993,defined,-0.040989779480716956,sensitivity_only
id:x%3A0x1.0000000000000p%2B2,30,0.54,1.5956000000000001,1.4989360162751795,2.3582460054534993,defined,0.040989779480716956,sensitivity_only
id:x%3A0x1.0000000000000p%2B2,31,0.558,1.60712,1.7037839837248208,2.3582460054534993,defined,-0.040989779480716956,sensitivity_only
id:x%3A0x1.0000000000000p%2B2,32,0.576,1.61864,1.5219760162751794,2.3582460054534993,defined,0.040989779480716956,sensitivity_only
id:x%3A0x1.0000000000000p%2B2,33,0.594,1.63016,1.7268239837248207,2.3582460054534993,defined,-0.040989779480716956,sensitivity_only
id:x%3A0x1.0000000000000p%2B2,34,0.612,1.64168,1.5450160162751794,2.3582460054534993,defined,0.040989779480716956,sensitivity_only
id:x%3A0x1.0000000000000p%2B2,35,0.63,1.6532,1.7498639837248207,2.3582460054534993,defined,-0.040989779480716956,sensitivity_only
id:x%3A0x1.0000000000000p%2B2,36,0.648,1.66472,1.5680560162751793,2.3582460054534993,defined,0.040989779480716956,sensitivity_only
id:x%3A0x1.0000000000000p%2B2,37,0.666,1.67624,1.7729039837248206,2.3582460054534993,defined,-0.040989779480716956,sensitivity_only
id:x%3A0x1.0000000000000p%2B2,38,0.684,1.68776,1.5910960162751793,2.3582460054534993,defined,0.040989779480716956,sensitivity_only
id:x%3A0x1.0000000000000p%2B2,39,0.702,1.69928,1.7959439837248206,2.3582460054534993,defined,-0.040989779480716956,sensitivity_only
id:x%3A0x1.0000000000000p%2B2,40,0.72,1.7107999999999999,1.6141360162751792,2.3582460054534993,defined,0.040989779480716956,sensitivity_only
id:x%3A0x1.0000000000000p%2B2,41,0.738,1.72232,1.8189839837248207,2.3582460054534993,defined,-0.040989779480716956,sensitivity_only
id:x%3A0x1.0000000000000p%2B2,42,0.756,1.73384,1.6371760162751794,2.3582460054534993,defined,0.040989779480716956,sensitivity_only
id:x%3A0x1.0000000000000p%2B2,43,0.774,1.74536,1.8420239837248207,2.3582460054534993,defined,-0.040989779480716956,sensitivity_only
id:x%3A0x1.0000000000000p%2B2,44,0.792,1.75688,1.6602160162751793,2.3582460054534993,defined,0.040989779480716956,sensitivity_only
id:x%3A0x1.0000000000000p%2B2,45,0.81,1.7684000000000002,1.8650639837248209,2.3582460054534993,defined,-0.040989779480716956,sensitivity_only
id:x%3A0x1.0000000000000p%2B2,46,0.828,1.77992,1.6832560162751793,2.3582460054534993,defined,0.040989779480716956,sensitivity_only
id:x%3A0x1.0000000000000p%2B2,47,0.846,1.7914400000000001,1.8881039837248208,2.3582460054534993,defined,-0.040989779480716956,sensitivity_only
id:x%3A0x1.0000000000000p%2B2,48,0.864,1.8029600000000001,1.7062960162751795,2.3582460054534993,defined,0.040989779480716956,sensitivity_only
id:x%3A0x1.0000000000000p%2B2,49,0.882,1.81448,1.9111439837248207,2.3582460054534993,defined,-0.040989779480716956,sensitivity_only
id:x%3A0x1.0000000000000p%2B2,50,0.9,1.826,1.7293360162751794,2.3582460054534993,defined,0.040989779480716956,sensitivity_only
id:x%3A0x1.0000000000000p%2B2,51,0.918,1.83752,1.9341839837248207,2.3582460054534993,defined,-0.040989779480716956,sensitivity_only
id:x%3A0x1.0000000000000p%2B2,52,0.936,1.84904,1.7523760162751794,2.3582460054534993,defined,0.040989779480716956,sensitivity_only
id:x%3A0x1.0000000000000p%2B2,53,0.954,1.86056,1.9572239837248206,2.3582460054534993,defined,-0.040989779480716956,sensitivity_only
id:x%3A0x1.0000000000000p%2B2,54,0.972,1.87208,1.7754160162751793,2.3582460054534993,defined,0.040989779480716956,sensitivity_only
id:x%3A0x1.0000000000000p%2B2,55,0.99,1.8836,1.9802639837248206,2.3582460054534993,defined,-0.040989779480716956,sensitivity_only
id:x%3A0x1.0000000000000p%2B2,56,1.0,1.8900000000000001,1.7933360162751795,2.3582460054534993,defined,0.040989779480716956,sensitivity_only
id:x%3A0x1.0000000000000p%2B2,57,1.008,1.89512,1.9917839837248206,2.3582460054534993,defined,-0.040989779480716956,sensitivity_only
id:x%3A0x1.0000000000000p%2B2,58,1.026,1.90664,1.8099760162751792,2.3582460054534993,defined,0.040989779480716956,sensitivity_only
id:x%3A0x1.0000000000000p%2B2,59,1.044,1.91816,2.0148239837248205,2.3582460054534993,defined,-0.040989779480716956,sensitivity_only
id:x%3A0x1.0000000000000p%2B2,60,1.062,1.92968,1.8330160162751794,2.3582460054534993,defined,0.040989779480716956,sensitivity_only
id:x%3A0x1.0000000000000p%2B2,61,1.08,1.9412,2.0378639837248205,2.3582460054534993,defined,-0.040989779480716956,sensitivity_only
id:x%3A0x1.0000000000000p%2B2,62,1.098,1.9527200000000002,1.8560560162751796,2.3582460054534993,defined,0.040989779480716956,sensitivity_only
id:x%3A0x1.0000000000000p%2B2,63,1.116,1.9642400000000002,2.060903983724821,2.3582460054534993,defined,-0.040989779480716956,sensitivity_only
id:x%3A0x1.0000000000000p%2B2,64,1.134,1.97576,1.8790960162751793,2.3582460054534993,defined,0.040989779480716956,sensitivity_only
id:x%3A0x1.0000000000000p%2B2,65,1.152,1.98728,2.0839439837248204,2.3582460054534993,defined,-0.040989779480716956,sensitivity_only
id:x%3A0x1.0000000000000p%2B2,66,1.17,1.9988000000000001,1.9021360162751795,2.3582460054534993,defined,0.040989779480716956,sensitivity_only
id:x%3A0x1.0000000000000p%2B2,67,1.188,2.01032,2.1069839837248208,2.3582460054534993,defined,-0.040989779480716956,sensitivity_only
id:x%3A0x1.0000000000000p%2B2,68,1.206,2.02184,1.9251760162751794,2.3582460054534993,defined,0.040989779480716956,sensitivity_only
id:x%3A0x1.0000000000000p%2B2,69,1.224,2.03336,2.1300239837248207,2.3582460054534993,defined,-0.040989779480716956,sensitivity_only
id:x%3A0x1.0000000000000p%2B2,70,1.242,2.04488,1.9482160162751794,2.3582460054534993,defined,0.040989779480716956,sensitivity_only
id:x%3A0x1.0000000000000p%2B2,71,1.26,2.0564,2.1530639837248207,2.3582460054534993,defined,-0.040989779480716956,sensitivity_only
id:x%3A0x1.0000000000000p%2B2,72,1.278,2.06792,1.9712560162751793,2.3582460054534993,defined,0.040989779480716956,sensitivity_only
id:x%3A0x1.0000000000000p%2B2,73,1.296,2.07944,2.1761039837248206,2.3582460054534993,defined,-0.040989779480716956,sensitivity_only
id:x%3A0x1.0000000000000p%2B2,74,1.314,2.09096,1.9942960162751793,2.3582460054534993,defined,0.040989779480716956,sensitivity_only
id:x%3A0x1.0000000000000p%2B2,75,1.332,2.10248,2.1991439837248206,2.3582460054534993,defined,-0.040989779480716956,sensitivity_only
id:x%3A0x1.0000000000000p%2B2,76,1.35,2.114,2.0173360162751792,2.3582460054534993,defined,0.040989779480716956,sensitivity_only
id:x%3A0x1.0000000000000p%2B2,77,1.368,2.12552,2.2221839837248205,2.3582460054534993,defined,-0.040989779480716956,sensitivity_only
id:x%3A0x1.0000000000000p%2B2,78,1.386,2.13704,2.040376016275179,2.3582460054534993,defined,0.040989779480716956,sensitivity_only
id:x%3A0x1.0000000000000p%2B2,79,1.404,2.14856,2.2452239837248205,2.3582460054534993,defined,-0.040989779480716956,sensitivity_only
id:x%3A0x1.0000000000000p%2B2,80,1.422,2.16008,2.063416016275179,2.3582460054534993,defined,0.040989779480716956,sensitivity_only
id:x%3A0x1.0000000000000p%2B2,81,1.44,2.1715999999999998,2.2682639837248204,2.3582460054534993,defined,-0.040989779480716956,sensitivity_only
id:x%3A0x1.0000000000000p%2B2,82,1.458,2.1831199999999997,2.086456016275179,2.3582460054534993,defined,0.040989779480716956,sensitivity_only
id:x%3A0x1.0000000000000p%2B2,83,1.476,2.19464,2.291303983724821,2.3582460054534993,defined,-0.040989779480716956,sensitivity_only
id:x%3A0x1.0000000000000p%2B2,84,1.494,2.20616,2.1094960162751795,2.3582460054534993,defined,0.040989779480716956,sensitivity_only
id:x%3A0x1.0000000000000p%2B2,85,1.512,2.21768,2.3143439837248208,2.3582460054534997,defined,-0.040989779480716956,sensitivity_only
id:x%3A0x1.0000000000000p%2B2,86,1.53,2.2292,2.1325360162751794,2.3582460054534997,defined,0.040989779480716956,sensitivity_only
id:x%3A0x1.0000000000000p%2B2,87,1.548,2.24072,2.3373839837248207,2.3582460054534997,defined,-0.040989779480716956,sensitivity_only
id:x%3A0x1.0000000000000p%2B2,88,1.566,2.25224,2.1555760162751794,2.3582460054534997,defined,0.040989779480716956,sensitivity_only
id:x%3A0x1.0000000000000p%2B2,89,1.584,2.26376,2.3604239837248207,2.3582460054534997,defined,-0.040989779480716956,sensitivity_only
id:x%3A0x1.0000000000000p%2B2,90,1.602,2.27528,2.1786160162751793,2.3582460054534997,defined,0.040989779480716956,sensitivity_only
id:x%3A0x1.0000000000000p%2B2,91,1.62,2.2868000000000004,2.383463983724821,2.3582460054534997,defined,-0.040989779480716956,sensitivity_only
id:x%3A0x1.0000000000000p%2B2,92,1.638,2.29832,2.2016560162751793,2.3582460054534997,defined,0.040989779480716956,sensitivity_only
id:x%3A0x1.0000000000000p%2B2,93,1.656,2.30984,2.4065039837248206,2.3582460054534997,defined,-0.040989779480716956,sensitivity_only
id:x%3A0x1.0000000000000p%2B2,94,1.674,2.3213600000000003,2.2246960162751797,2.3582460054534997,defined,0.040989779480716956,sensitivity_only
id:x%3A0x1.0000000000000p%2B2,95,1.692,2.3328800000000003,2.429543983724821,2.3582460054534997,defined,-0.040989779480716956,sensitivity_only
id:x%3A0x1.0000000000000p%2B2,96,1.71,2.3444000000000003,2.2477360162751796,2.3582460054534997,defined,0.040989779480716956,sensitivity_only
id:x%3A0x1.0000000000000p%2B2,97,1.728,2.3559200000000002,2.452583983724821,2.3582460054534997,defined,-0.040989779480716956,sensitivity_only
id:x%3A0x1.0000000000000p%2B2,98,1.746,2.36744,2.2707760162751796,2.3582460054534997,defined,0.040989779480716956,sensitivity_only
id:x%3A0x1.0000000000000p%2B2,99,1.764,2.37896,2.475623983724821,2.3582460054534997,defined,-0.040989779480716956,sensitivity_only
id:x%3A0x1.0000000000000p%2B2,100,1.782,2.39048,2.2938160162751795,2.3582460054534997,defined,0.040989779480716956,sensitivity_only
id:x%3A0x1.0000000000000p%2B2,101,1.8,2.402,2.498663983724821,2.3582460054534997,defined,-0.040989779480716956,sensitivity_only
id:x%3A0x1.0000000000000p%2B2,102,1.818,2.41352,2.3168560162751795,2.3582460054534997,defined,0.040989779480716956,sensitivity_only
id:x%3A0x1.0000000000000p%2B2,103,1.836,2.42504,2.5217039837248207,2.3582460054534997,defined,-0.040989779480716956,sensitivity_only
id:x%3A0x1.0000000000000p%2B2,104,1.854,2.43656,2.3398960162751794,2.3582460054534997,defined,0.040989779480716956,sensitivity_only
id:x%3A0x1.0000000000000p%2B2,105,1.872,2.44808,2.5447439837248207,2.3582460054534997,defined,-0.040989779480716956,sensitivity_only
id:x%3A0x1.0000000000000p%2B2,106,1.89,2.4596,2.3629360162751794,2.3582460054534997,defined,0.040989779480716956,sensitivity_only
id:x%3A0x1.0000000000000p%2B2,107,1.908,2.47112,2.5677839837248206,2.3582460054534997,defined,-0.040989779480716956,sensitivity_only
id:x%3A0x1.0000000000000p%2B2,108,1.926,2.48264,2.3859760162751793,2.3582460054534997,defined,0.040989779480716956,sensitivity_only
id:x%3A0x1.0000000000000p%2B2,109,1.944,2.49416,2.5908239837248206,2.3582460054534997,defined,-0.040989779480716956,sensitivity_only
id:x%3A0x1.0000000000000p%2B2,110,1.962,2.50568,2.4090160162751793,2.3582460054534997,defined,0.040989779480716956,sensitivity_only
id:x%3A0x1.0000000000000p%2B2,111,1.98,2.5172,2.6138639837248205,2.3582460054534997,defined,-0.040989779480716956,sensitivity_only
id:x%3A0x1.0000000000000p%2B2,112,1.998,2.52872,2.432056016275179,2.3582460054534997,defined,0.040989779480716956,sensitivity_only
id:x%3A0x1.0000000000000p%2B2,113,2.0,2.5300000000000002,2.626663983724821,2.3582460054534997,defined,-0.040989779480716956,sensitivity_only
id:x%3A0x1.0000000000000p%2B2,114,2.016,2.54024,2.443576016275179,2.3582460054534997,defined,0.040989779480716956,sensitivity_only
id:x%3A0x1.0000000000000p%2B2,115,2.034,2.55176,2.6484239837248205,2.3582460054534997,defined,-0.040989779480716956,sensitivity_only
id:x%3A0x1.0000000000000p%2B2,116,2.052,2.56328,2.466616016275179,2.3582460054534997,defined,0.040989779480716956,sensitivity_only
id:x%3A0x1.0000000000000p%2B2,117,2.07,2.5747999999999998,2.6714639837248204,2.3582460054534997,defined,-0.040989779480716956,sensitivity_only
id:x%3A0x1.0000000000000p%2B2,118,2.088,2.58632,2.4896560162751795,2.3582460054534997,defined,0.040989779480716956,sensitivity_only
id:x%3A0x1.0000000000000p%2B2,119,2.106,2.5978399999999997,2.6945039837248204,2.3582460054534997,defined,-0.040989779480716956,sensitivity_only
id:x%3A0x1.0000000000000p%2B2,120,2.124,2.60936,2.5126960162751795,2.3582460054534997,defined,0.040989779480716956,sensitivity_only
id:x%3A0x1.0000000000000p%2B2,121,2.142,2.6208799999999997,2.7175439837248203,2.3582460054534997,defined,-0.040989779480716956,sensitivity_only
id:x%3A0x1.0000000000000p%2B2,122,2.16,2.6324,2.5357360162751794,2.3582460054534997,defined,0.040989779480716956,sensitivity_only
id:x%3A0x1.0000000000000p%2B2,123,2.178,2.64392,2.7405839837248207,2.3582460054534997,defined,-0.040989779480716956,sensitivity_only
id:x%3A0x1.0000000000000p%2B2,124,2.196,2.6554400000000005,2.55877601627518,2.3582460054534997,defined,0.040989779480716956,sensitivity_only
id:x%3A0x1.0000000000000p%2B2,125,2.214,2.66696,2.7636239837248207,2.3582460054534997,defined,-0.040989779480716956,sensitivity_only
id:x%3A0x1.0000000000000p%2B2,126,2.232,2.6784800000000004,2.5818160162751798,2.3582460054534997,defined,0.040989779480716956,sensitivity_only
id:x%3A0x1.0000000000000p%2B2,127,2.25,2.69,2.7866639837248206,2.3582460054534997,defined,-0.040989779480716956,sensitivity_only
id:x%3A0x1.0000000000000p%2B2,128,2.268,2.70152,2.6048560162751793,2.3582460054534997,defined,0.040989779480716956,sensitivity_only
id:x%3A0x1.0000000000000p%2B2,129,2.286,2.7130400000000003,2.809703983724821,2.3582460054534997,defined,-0.040989779480716956,sensitivity_only
id:x%3A0x1.0000000000000p%2B2,130,2.304,2.72456,2.627896016275179,2.3582460054534997,defined,0.040989779480716956,sensitivity_only
id:x%3A0x1.0000000000000p%2B2,131,2.322,2.7360800000000003,2.832743983724821,2.3582460054534997,defined,-0.040989779480716956,sensitivity_only
id:x%3A0x1.0000000000000p%2B2,132,2.34,2.7476000000000003,2.6509360162751796,2.3582460054534997,defined,0.040989779480716956,sensitivity_only
id:x%3A0x1.0000000000000p%2B2,133,2.358,2.7591200000000002,2.855783983724821,2.3582460054534997,defined,-0.040989779480716956,sensitivity_only
id:x%3A0x1.0000000000000p%2B2,134,2.376,2.77064,2.6739760162751796,2.3582460054534997,defined,0.040989779480716956,sensitivity_only
id:x%3A0x1.0000000000000p%2B2,135,2.394,2.78216,2.878823983724821,2.3582460054534997,defined,-0.040989779480716956,sensitivity_only
id:x%3A0x1.0000000000000p%2B2,136,2.412,2.79368,2.6970160162751795,2.3582460054534997,defined,0.040989779480716956,sensitivity_only
id:x%3A0x1.0000000000000p%2B2,137,2.43,2.8052,2.901863983724821,2.3582460054534997,defined,-0.040989779480716956,sensitivity_only
id:x%3A0x1.0000000000000p%2B2,138,2.448,2.81672,2.7200560162751795,2.3582460054534997,defined,0.040989779480716956,sensitivity_only
id:x%3A0x1.0000000000000p%2B2,139,2.466,2.82824,2.9249039837248207,2.3582460054534997,defined,-0.040989779480716956,sensitivity_only
id:x%3A0x1.0000000000000p%2B2,140,2.484,2.83976,2.7430960162751794,2.3582460054534997,defined,0.040989779480716956,sensitivity_only
id:x%3A0x1.0000000000000p%2B2,141,2.502,2.85128,2.9479439837248207,2.3582460054534997,defined,-0.040989779480716956,sensitivity_only
id:x%3A0x1.0000000000000p%2B2,142,2.52,2.8628,2.7661360162751794,2.3582460054534997,defined,0.040989779480716956,sensitivity_only
id:x%3A0x1.0000000000000p%2B2,143,2.538,2.87432,2.9709839837248206,2.3582460054534997,defined,-0.040989779480716956,sensitivity_only
id:x%3A0x1.0000000000000p%2B2,144,2.556,2.88584,2.7891760162751793,2.3582460054534997,defined,0.040989779480716956,sensitivity_only
id:x%3A0x1.0000000000000p%2B2,145,2.574,2.89736,2.9940239837248206,2.3582460054534997,defined,-0.040989779480716956,sensitivity_only
id:x%3A0x1.0000000000000p%2B2,146,2.592,2.90888,2.8122160162751793,2.3582460054534997,defined,0.040989779480716956,sensitivity_only
id:x%3A0x1.0000000000000p%2B2,147,2.61,2.9204,3.0170639837248205,2.3582460054534997,defined,-0.040989779480716956,sensitivity_only
id:x%3A0x1.0000000000000p%2B2,148,2.628,2.93192,2.835256016275179,2.3582460054534997,defined,0.040989779480716956,sensitivity_only
id:x%3A0x1.0000000000000p%2B2,149,2.646,2.94344,3.0401039837248205,2.3582460054534997,defined,-0.040989779480716956,sensitivity_only
id:x%3A0x1.0000000000000p%2B2,150,2.664,2.95496,2.858296016275179,2.3582460054534997,defined,0.040989779480716956,sensitivity_only
id:x%3A0x1.0000000000000p%2B2,151,2.682,2.96648,3.0631439837248204,2.3582460054534997,defined,-0.040989779480716956,sensitivity_only
id:x%3A0x1.0000000000000p%2B2,152,2.7,2.978,2.8813360162751795,2.3582460054534997,defined,0.040989779480716956,sensitivity_only
id:x%3A0x1.0000000000000p%2B2,153,2.718,2.9895199999999997,3.0861839837248204,2.3582460054534997,defined,-0.040989779480716956,sensitivity_only
id:x%3A0x1.0000000000000p%2B2,154,2.736,3.00104,2.9043760162751795,2.3582460054534997,defined,0.040989779480716956,sensitivity_only
id:x%3A0x1.0000000000000p%2B2,155,2.754,3.01256,3.109223983724821,2.3582460054534997,defined,-0.040989779480716956,sensitivity_only
id:x%3A0x1.0000000000000p%2B2,156,2.772,3.0240799999999997,2.927416016275179,2.3582460054534997,defined,0.040989779480716956,sensitivity_only
id:x%3A0x1.0000000000000p%2B2,157,2.79,3.0356,3.1322639837248207,2.3582460054534997,defined,-0.040989779480716956,sensitivity_only
id:x%3A0x1.0000000000000p%2B2,158,2.808,3.0471199999999996,2.950456016275179,2.3582460054534997,defined,0.040989779480716956,sensitivity_only
id:x%3A0x1.0000000000000p%2B2,159,2.826,3.05864,3.1553039837248207,2.3582460054534997,defined,-0.040989779480716956,sensitivity_only
id:x%3A0x1.0000000000000p%2B2,160,2.844,3.07016,2.9734960162751793,2.3582460054534997,defined,0.040989779480716956,sensitivity_only
id:x%3A0x1.0000000000000p%2B2,161,2.862,3.0816800000000004,3.178343983724821,2.3582460054534997,defined,-0.040989779480716956,sensitivity_only
id:x%3A0x1.0000000000000p%2B2,162,2.88,3.0932,2.9965360162751793,2.3582460054534997,defined,0.040989779480716956,sensitivity_only
id:x%3A0x1.0000000000000p%2B2,163,2.898,3.1047200000000004,3.201383983724821,2.3582460054534997,defined,-0.040989779480716956,sensitivity_only
id:x%3A0x1.0000000000000p%2B2,164,2.916,3.11624,3.0195760162751792,2.3582460054534997,defined,0.040989779480716956,sensitivity_only
id:x%3A0x1.0000000000000p%2B2,165,2.934,3.1277600000000003,3.224423983724821,2.3582460054534997,defined,-0.040989779480716956,sensitivity_only
id:x%3A0x1.0000000000000p%2B2,166,2.952,3.1392800000000003,3.0426160162751796,2.3582460054534997,defined,0.040989779480716956,sensitivity_only
id:x%3A0x1.0000000000000p%2B2,167,2.97,3.1508000000000003,3.247463983724821,2.3582460054534997,defined,-0.040989779480716956,sensitivity_only
id:x%3A0x1.0000000000000p%2B2,168,2.988,3.1623200000000002,3.0656560162751796,2.3582460054534997,defined,0.040989779480716956,sensitivity_only
id:x%3A0x1.0000000000000p%2B2,169,3.0,3.17,3.2666639837248206,2.3582460054534997,defined,-0.040989779480716956,sensitivity_only
id:x%3A0x1.0000000000000p%2B2,170,3.006,3.17384,3.0771760162751796,2.3582460054534997,defined,0.040989779480716956,sensitivity_only
id:x%3A0x1.0000000000000p%2B2,171,3.024,3.18536,3.282023983724821,2.3582460054534997,defined,-0.040989779480716956,sensitivity_only
id:x%3A0x1.0000000000000p%2B2,172,3.042,3.19688,3.1002160162751795,2.3582460054534997,defined,0.040989779480716956,sensitivity_only
id:x%3A0x1.0000000000000p%2B2,173,3.06,3.2084,3.305063983724821,2.3582460054534997,defined,-0.040989779480716956,sensitivity_only
id:x%3A0x1.0000000000000p%2B2,174,3.078,3.21992,3.1232560162751795,2.3582460054534997,defined,0.040989779480716956,sensitivity_only
id:x%3A0x1.0000000000000p%2B2,175,3.096,3.23144,3.3281039837248207,2.3582460054534997,defined,-0.040989779480716956,sensitivity_only
id:x%3A0x1.0000000000000p%2B2,176,3.114,3.24296,3.1462960162751794,2.3582460054534997,defined,0.040989779480716956,sensitivity_only
id:x%3A0x1.0000000000000p%2B2,177,3.132,3.25448,3.3511439837248207,2.3582460054534997,defined,-0.040989779480716956,sensitivity_only
id:x%3A0x1.0000000000000p%2B2,178,3.15,3.266,3.1693360162751794,2.3582460054534997,defined,0.040989779480716956,sensitivity_only
id:x%3A0x1.0000000000000p%2B2,179,3.168,3.27752,3.3741839837248206,2.3582460054534997,defined,-0.040989779480716956,sensitivity_only
id:x%3A0x1.0000000000000p%2B2,180,3.186,3.28904,3.1923760162751793,2.3582460054534997,defined,0.040989779480716956,sensitivity_only
id:x%3A0x1.0000000000000p%2B2,181,3.204,3.30056,3.3972239837248206,2.3582460054534997,defined,-0.040989779480716956,sensitivity_only
id:x%3A0x1.0000000000000p%2B2,182,3.222,3.31208,3.2154160162751793,2.3582460054534997,defined,0.040989779480716956,sensitivity_only
id:x%3A0x1.0000000000000p%2B2,183,3.24,3.3236000000000003,3.420263983724821,2.3582460054534997,defined,-0.040989779480716956,sensitivity_only
id:x%3A0x1.0000000000000p%2B2,184,3.258,3.33512,3.238456016275179,2.3582460054534997,defined,0.040989779480716956,sensitivity_only
id:x%3A0x1.0000000000000p%2B2,185,3.276,3.34664,3.4433039837248205,2.3582460054534997,defined,-0.040989779480716956,sensitivity_only
id:x%3A0x1.0000000000000p%2B2,186,3.294,3.3581600000000003,3.2614960162751796,2.3582460054534997,defined,0.040989779480716956,sensitivity_only
id:x%3A0x1.0000000000000p%2B2,187,3.312,3.36968,3.4663439837248204,2.3582460054534997,defined,-0.040989779480716956,sensitivity_only
id:x%3A0x1.0000000000000p%2B2,188,3.33,3.3812,3.2845360162751795,2.3582460054534997,defined,0.040989779480716956,sensitivity_only
id:x%3A0x1.0000000000000p%2B2,189,3.348,3.39272,3.489383983724821,2.3582460054534997,defined,-0.040989779480716956,sensitivity_only
id:x%3A0x1.0000000000000p%2B2,190,3.366,3.40424,3.3075760162751795,2.3582460054534997,defined,0.040989779480716956,sensitivity_only
id:x%3A0x1.0000000000000p%2B2,191,3.384,3.41576,3.512423983724821,2.3582460054534997,defined,-0.040989779480716956,sensitivity_only
id:x%3A0x1.0000000000000p%2B2,192,3.402,3.42728,3.3306160162751794,2.3582460054534997,defined,0.040989779480716956,sensitivity_only
id:x%3A0x1.0000000000000p%2B2,193,3.42,3.4388,3.5354639837248207,2.3582460054534997,defined,-0.040989779480716956,sensitivity_only
id:x%3A0x1.0000000000000p%2B2,194,3.438,3.45032,3.3536560162751794,2.3582460054534997,defined,0.040989779480716956,sensitivity_only
id:x%3A0x1.0000000000000p%2B2,195,3.456,3.46184,3.5585039837248207,2.3582460054534997,defined,-0.040989779480716956,sensitivity_only
id:x%3A0x1.0000000000000p%2B2,196,3.474,3.47336,3.3766960162751793,2.3582460054534997,defined,0.040989779480716956,sensitivity_only
id:x%3A0x1.0000000000000p%2B2,197,3.492,3.48488,3.5815439837248206,2.3582460054534997,defined,-0.040989779480716956,sensitivity_only
id:x%3A0x1.0000000000000p%2B2,198,3.51,3.4964,3.3997360162751793,2.358246005453502,defined,0.040989779480716956,sensitivity_only
id:x%3A0x1.0000000000000p%2B2,199,3.528,3.50792,3.6045839837248206,2.358246005453502,defined,-0.040989779480716956,sensitivity_only
id:x%3A0x1.0000000000000p%2B2,200,3.546,3.51944,3.4227760162751792,2.358246005453502,defined,0.040989779480716956,sensitivity_only
id:x%3A0x1.0000000000000p%2B2,201,3.564,3.53096,3.6276239837248205,2.358246005453502,defined,-0.040989779480716956,sensitivity_only
id:x%3A0x1.0000000000000p%2B2,202,3.582,3.54248,3.445816016275179,2.358246005453502,defined,0.040989779480716956,sensitivity_only
id:x%3A0x1.0000000000000p%2B2,203,3.6,3.5540000000000003,3.650663983724821,2.358246005453502,defined,-0.040989779480716956,sensitivity_only
id:x%3A0x1.0000000000000p%2B2,204,3.618,3.56552,3.468856016275179,2.358246005453502,defined,0.040989779480716956,sensitivity_only
id:x%3A0x1.0000000000000p%2B2,205,3.636,3.57704,3.673703983724821,2.358246005453502,defined,-0.040989779480716956,sensitivity_only
id:x%3A0x1.0000000000000p%2B2,206,3.654,3.58856,3.4918960162751795,2.358246005453502,defined,0.040989779480716956,sensitivity_only
id:x%3A0x1.0000000000000p%2B2,207,3.672,3.60008,3.696743983724821,2.358246005453502,defined,-0.040989779480716956,sensitivity_only
id:x%3A0x1.0000000000000p%2B2,208,3.69,3.6116,3.5149360162751795,2.358246005453502,defined,0.040989779480716956,sensitivity_only
id:x%3A0x1.0000000000000p%2B2,209,3.708,3.62312,3.7197839837248208,2.358246005453502,defined,-0.040989779480716956,sensitivity_only
id:x%3A0x1.0000000000000p%2B2,210,3.726,3.63464,3.5379760162751794,2.358246005453502,defined,0.040989779480716956,sensitivity_only
id:x%3A0x1.0000000000000p%2B2,211,3.744,3.64616,3.7428239837248207,2.358246005453502,defined,-0.040989779480716956,sensitivity_only
id:x%3A0x1.0000000000000p%2B2,212,3.762,3.65768,3.5610160162751794,2.358246005453502,defined,0.040989779480716956,sensitivity_only
id:x%3A0x1.0000000000000p%2B2,213,3.78,3.6692,3.7658639837248207,2.358246005453502,defined,-0.040989779480716956,sensitivity_only
id:x%3A0x1.0000000000000p%2B2,214,3.798,3.68072,3.5840560162751793,2.358246005453502,defined,0.040989779480716956,sensitivity_only
id:x%3A0x1.0000000000000p%2B2,215,3.816,3.69224,3.7889039837248206,2.358246005453502,defined,-0.040989779480716956,sensitivity_only
id:x%3A0x1.0000000000000p%2B2,216,3.834,3.70376,3.6070960162751793,2.358246005453502,defined,0.040989779480716956,sensitivity_only
id:x%3A0x1.0000000000000p%2B2,217,3.852,3.71528,3.8119439837248206,2.358246005453502,defined,-0.040989779480716956,sensitivity_only
id:x%3A0x1.0000000000000p%2B2,218,3.87,3.7268000000000003,3.6301360162751797,2.358246005453502,defined,0.040989779480716956,sensitivity_only
id:x%3A0x1.0000000000000p%2B2,219,3.888,3.73832,3.8349839837248205,2.358246005453502,defined,-0.040989779480716956,sensitivity_only
id:x%3A0x1.0000000000000p%2B2,220,3.906,3.7498400000000003,3.6531760162751796,2.358246005453502,defined,0.040989779480716956,sensitivity_only
id:x%3A0x1.0000000000000p%2B2,221,3.924,3.76136,3.8580239837248205,2.358246005453502,defined,-0.040989779480716956,sensitivity_only
id:x%3A0x1.0000000000000p%2B2,222,3.942,3.7728800000000002,3.6762160162751796,2.358246005453502,defined,0.040989779480716956,sensitivity_only
id:x%3A0x1.0000000000000p%2B2,223,3.96,3.7844,3.881063983724821,2.358246005453502,defined,-0.040989779480716956,sensitivity_only
id:x%3A0x1.0000000000000p%2B2,224,3.978,3.79592,3.6992560162751795,2.358246005453502,defined,0.040989779480716956,sensitivity_only
id:x%3A0x1.0000000000000p%2B2,225,3.996,3.80744,3.904103983724821,2.358246005453502,defined,-0.040989779480716956,sensitivity_only
id:x%3A0x1.0000000000000p%2B2,226,4.0,3.81,3.7133360162751794,2.358246005453502,defined,0.040989779480716956,sensitivity_only
id:x%3A0x1.0000000000000p%2B2,227,4.014,3.81896,3.915623983724821,2.358246005453502,defined,-0.040989779480716956,sensitivity_only
id:x%3A0x1.0000000000000p%2B2,228,4.032,3.83048,3.7338160162751795,2.358246005453502,defined,0.040989779480716956,sensitivity_only
id:x%3A0x1.0000000000000p%2B2,229,4.05,3.842,3.9386639837248207,2.358246005453502,defined,-0.040989779480716956,sensitivity_only
id:x%3A0x1.0000000000000p%2B2,230,4.068,3.8535199999999996,3.756856016275179,2.358246005453502,defined,0.040989779480716956,sensitivity_only
id:x%3A0x1.0000000000000p%2B2,231,4.086,3.86504,3.9617039837248207,2.358246005453502,defined,-0.040989779480716956,sensitivity_only
id:x%3A0x1.0000000000000p%2B2,232,4.104,3.87656,3.7798960162751793,2.358246005453502,defined,0.040989779480716956,sensitivity_only
id:x%3A0x1.0000000000000p%2B2,233,4.122,3.88808,3.9847439837248206,2.358246005453502,defined,-0.040989779480716956,sensitivity_only
id:x%3A0x1.0000000000000p%2B2,234,4.14,3.8996,3.8029360162751793,2.358246005453502,defined,0.040989779480716956,sensitivity_only
id:x%3A0x1.0000000000000p%2B2,235,4.158,3.9111200000000004,4.0077839837248215,2.358246005453502,defined,-0.040989779480716956,sensitivity_only
id:x%3A0x1.0000000000000p%2B2,236,4.176,3.9226400000000003,3.8259760162751797,2.358246005453502,defined,0.040989779480716956,sensitivity_only
id:x%3A0x1.0000000000000p%2B2,237,4.194,3.93416,4.0308239837248205,2.358246005453502,defined,-0.040989779480716956,sensitivity_only
id:x%3A0x1.0000000000000p%2B2,238,4.212,3.94568,3.849016016275179,2.358246005453502,defined,0.040989779480716956,sensitivity_only
id:x%3A0x1.0000000000000p%2B2,239,4.23,3.9572000000000003,4.053863983724821,2.358246005453502,defined,-0.040989779480716956,sensitivity_only
id:x%3A0x1.0000000000000p%2B2,240,4.248,3.9687200000000002,3.8720560162751796,2.358246005453502,defined,0.040989779480716956,sensitivity_only
id:x%3A0x1.0000000000000p%2B2,241,4.266,3.9802400000000002,4.076903983724821,2.358246005453502,defined,-0.040989779480716956,sensitivity_only
id:x%3A0x1.0000000000000p%2B2,242,4.284,3.9917599999999998,3.895096016275179,2.358246005453502,defined,0.040989779480716956,sensitivity_only
id:x%3A0x1.0000000000000p%2B2,243,4.302,4.00328,4.099943983724821,2.358246005453502,defined,-0.040989779480716956,sensitivity_only
id:x%3A0x1.0000000000000p%2B2,244,4.32,4.0148,3.9181360162751795,2.358246005453502,defined,0.040989779480716956,sensitivity_only
id:x%3A0x1.0000000000000p%2B2,245,4.338,4.02632,4.122983983724821,2.358246005453502,defined,-0.040989779480716956,sensitivity_only
id:x%3A0x1.0000000000000p%2B2,246,4.356,4.03784,3.9411760162751794,2.358246005453502,defined,0.040989779480716956,sensitivity_only
id:x%3A0x1.0000000000000p%2B2,247,4.374,4.04936,4.146023983724821,2.358246005453502,defined,-0.040989779480716956,sensitivity_only
id:x%3A0x1.0000000000000p%2B2,248,4.392,4.060880000000001,3.9642160162751803,2.358246005453502,defined,0.040989779480716956,sensitivity_only
id:x%3A0x1.0000000000000p%2B2,249,4.41,4.0724,4.169063983724821,2.358246005453502,defined,-0.040989779480716956,sensitivity_only
id:x%3A0x1.0000000000000p%2B2,250,4.428,4.08392,3.9872560162751793,2.358246005453502,defined,0.040989779480716956,sensitivity_only
id:x%3A0x1.0000000000000p%2B2,251,4.446,4.09544,4.192103983724821,2.358246005453502,defined,-0.040989779480716956,sensitivity_only
id:x%3A0x1.0000000000000p%2B2,252,4.464,4.106960000000001,4.01029601627518,2.358246005453502,defined,0.040989779480716956,sensitivity_only
id:x%3A0x1.0000000000000p%2B2,253,4.482,4.11848,4.215143983724821,2.358246005453502,defined,-0.040989779480716956,sensitivity_only
id:x%3A0x1.0000000000000p%2B2,254,4.5,4.13,4.033336016275179,2.358246005453502,defined,0.040989779480716956,sensitivity_only
id:x%3A0x1.0000000000000p%2B2,255,4.518,4.14152,4.218851186979856,1.8865968043627994,defined,-0.040989779480716956,sensitivity_only
id:x%3A0x1.0000000000000p%2B2,256,4.536,4.15304,4.075708813020143,1.8865968043627994,defined,0.040989779480716956,sensitivity_only
id:x%3A0x1.0000000000000p%2B2,257,4.554,4.16456,4.241891186979856,1.8865968043627994,defined,-0.040989779480716956,sensitivity_only
id:x%3A0x1.0000000000000p%2B2,258,4.572,4.176080000000001,4.098748813020144,1.8865968043627994,defined,0.040989779480716956,sensitivity_only
id:x%3A0x1.0000000000000p%2B2,259,4.59,4.1876,4.264931186979856,1.8865968043627994,defined,-0.040989779480716956,sensitivity_only
id:x%3A0x1.0000000000000p%2B2,260,4.608,4.19912,4.121788813020143,1.8865968043627994,defined,0.040989779480716956,sensitivity_only
id:x%3A0x1.0000000000000p%2B2,261,4.626,4.21064,4.287971186979856,1.8865968043627994,defined,-0.040989779480716956,sensitivity_only
id:x%3A0x1.0000000000000p%2B2,262,4.644,4.222160000000001,4.144828813020144,1.8865968043627994,defined,0.040989779480716956,sensitivity_only
id:x%3A0x1.0000000000000p%2B2,263,4.662,4.23368,4.311011186979856,1.8865968043627994,defined,-0.040989779480716956,sensitivity_only
id:x%3A0x1.0000000000000p%2B2,264,4.68,4.2452000000000005,4.167868813020144,1.8865968043627994,defined,0.040989779480716956,sensitivity_only
id:x%3A0x1.0000000000000p%2B2,265,4.698,4.2567200000000005,4.334051186979857,1.8865968043627994,defined,-0.040989779480716956,sensitivity_only
id:x%3A0x1.0000000000000p%2B2,266,4.716,4.2682400000000005,4.190908813020144,1.8865968043627994,defined,0.040989779480716956,sensitivity_only
id:x%3A0x1.0000000000000p%2B2,267,4.734,4.27976,4.357091186979856,1.8865968043627994,defined,-0.040989779480716956,sensitivity_only
id:x%3A0x1.0000000000000p%2B2,268,4.752,4.29128,4.213948813020144,1.8865968043627994,defined,0.040989779480716956,sensitivity_only
id:x%3A0x1.0000000000000p%2B2,269,4.77,4.3027999999999995,4.380131186979856,1.8865968043627994,defined,-0.040989779480716956,sensitivity_only
id:x%3A0x1.0000000000000p%2B2,270,4.788,4.31432,4.236988813020144,1.8865968043627994,defined,0.040989779480716956,sensitivity_only
id:x%3A0x1.0000000000000p%2B2,271,4.806,4.3258399999999995,4.403171186979856,1.8865968043627994,defined,-0.040989779480716956,sensitivity_only
id:x%3A0x1.0000000000000p%2B2,272,4.824,4.33736,4.260028813020144,1.8865968043627994,defined,0.040989779480716956,sensitivity_only
id:x%3A0x1.0000000000000p%2B2,273,4.842,4.348879999999999,4.426211186979856,1.8865968043627994,defined,-0.040989779480716956,sensitivity_only
id:x%3A0x1.0000000000000p%2B2,274,4.86,4.3604,4.283068813020144,1.8865968043627994,defined,0.040989779480716956,sensitivity_only
id:x%3A0x1.0000000000000p%2B2,275,4.878,4.37192,4.449251186979857,1.8865968043627994,defined,-0.040989779480716956,sensitivity_only
id:x%3A0x1.0000000000000p%2B2,276,4.896,4.38344,4.306108813020144,1.8865968043627994,defined,0.040989779480716956,sensitivity_only
id:x%3A0x1.0000000000000p%2B2,277,4.914,4.394959999999999,4.472291186979856,1.8865968043627994,defined,-0.040989779480716956,sensitivity_only
id:x%3A0x1.0000000000000p%2B2,278,4.932,4.40648,4.329148813020144,1.8865968043627994,defined,0.040989779480716956,sensitivity_only
id:x%3A0x1.0000000000000p%2B2,279,4.95,4.418,4.495331186979857,1.8865968043627994,defined,-0.040989779480716956,sensitivity_only
id:x%3A0x1.0000000000000p%2B2,280,4.968,4.42952,4.352188813020144,1.8865968043627994,defined,0.040989779480716956,sensitivity_only
id:x%3A0x1.0000000000000p%2B2,281,4.986,4.44104,4.518371186979857,1.8865968043627994,defined,-0.040989779480716956,sensitivity_only
id:x%3A0x1.0000000000000p%2B2,282,5.0,4.45,4.372668813020144,1.8865968043627994,defined,0.040989779480716956,sensitivity_only
id:x%3A0x1.0000000000000p%2B2,283,5.004,4.45256,4.529891186979857,1.8865968043627994,defined,-0.040989779480716956,sensitivity_only
id:x%3A0x1.0000000000000p%2B2,284,5.022,4.46408,4.3867488130201435,1.8865968043627994,defined,0.040989779480716956,sensitivity_only
id:x%3A0x1.0000000000000p%2B2,285,5.04,4.4756,4.5529311869798565,1.8865968043627994,defined,-0.040989779480716956,sensitivity_only
id:x%3A0x1.0000000000000p%2B2,286,5.058,4.48712,4.4097888130201435,1.8865968043627994,defined,0.040989779480716956,sensitivity_only
id:x%3A0x1.0000000000000p%2B2,287,5.076,4.49864,4.5759711869798565,1.8865968043627994,defined,-0.040989779480716956,sensitivity_only
id:x%3A0x1.0000000000000p%2B2,288,5.094,4.510160000000001,4.432828813020144,1.8865968043627994,defined,0.040989779480716956,sensitivity_only
id:x%3A0x1.0000000000000p%2B2,289,5.112,4.52168,4.5990111869798564,1.8865968043627994,defined,-0.040989779480716956,sensitivity_only
id:x%3A0x1.0000000000000p%2B2,290,5.13,4.5332,4.455868813020143,1.8865968043627994,defined,0.040989779480716956,sensitivity_only
id:x%3A0x1.0000000000000p%2B2,291,5.148,4.54472,4.622051186979856,1.8865968043627994,defined,-0.040989779480716956,sensitivity_only
id:x%3A0x1.0000000000000p%2B2,292,5.166,4.556240000000001,4.478908813020144,1.8865968043627994,defined,0.040989779480716956,sensitivity_only
id:x%3A0x1.0000000000000p%2B2,293,5.184,4.56776,4.645091186979856,1.8865968043627994,defined,-0.040989779480716956,sensitivity_only
id:x%3A0x1.0000000000000p%2B2,294,5.202,4.579280000000001,4.501948813020144,1.8865968043627994,defined,0.040989779480716956,sensitivity_only
id:x%3A0x1.0000000000000p%2B2,295,5.22,4.5908,4.668131186979856,1.8865968043627994,defined,-0.040989779480716956,sensitivity_only
id:x%3A0x1.0000000000000p%2B2,296,5.238,4.602320000000001,4.524988813020144,1.8865968043627994,defined,0.040989779480716956,sensitivity_only
id:x%3A0x1.0000000000000p%2B2,297,5.256,4.61384,4.691171186979856,1.8865968043627994,defined,-0.040989779480716956,sensitivity_only
id:x%3A0x1.0000000000000p%2B2,298,5.274,4.625360000000001,4.548028813020144,1.8865968043627994,defined,0.040989779480716956,sensitivity_only
id:x%3A0x1.0000000000000p%2B2,299,5.292,4.63688,4.714211186979856,1.8865968043627994,defined,-0.040989779480716956,sensitivity_only
id:x%3A0x1.0000000000000p%2B2,300,5.31,4.6484,4.571068813020143,1.8865968043627994,defined,0.040989779480716956,sensitivity_only
id:x%3A0x1.0000000000000p%2B2,301,5.328,4.65992,4.737251186979856,1.8865968043627994,defined,-0.040989779480716956,sensitivity_only
id:x%3A0x1.0000000000000p%2B2,302,5.346,4.6714400000000005,4.594108813020144,1.8865968043627994,defined,0.040989779480716956,sensitivity_only
id:x%3A0x1.0000000000000p%2B2,303,5.364,4.68296,4.760291186979856,1.8865968043627994,defined,-0.040989779480716956,sensitivity_only
id:x%3A0x1.0000000000000p%2B2,304,5.382,4.69448,4.617148813020144,1.8865968043627994,defined,0.040989779480716956,sensitivity_only
id:x%3A0x1.0000000000000p%2B2,305,5.4,4.706,4.783331186979857,1.8865968043627994,defined,-0.040989779480716956,sensitivity_only
id:x%3A0x1.0000000000000p%2B2,306,5.418,4.71752,4.640188813020144,1.8865968043627994,defined,0.040989779480716956,sensitivity_only
id:x%3A0x1.0000000000000p%2B2,307,5.436,4.7290399999999995,4.806371186979856,1.8865968043627994,defined,-0.040989779480716956,sensitivity_only
id:x%3A0x1.0000000000000p%2B2,308,5.454,4.74056,4.663228813020144,1.8865968043627994,defined,0.040989779480716956,sensitivity_only
id:x%3A0x1.0000000000000p%2B2,309,5.472,4.75208,4.829411186979857,1.8865968043627994,defined,-0.040989779480716956,sensitivity_only
id:x%3A0x1.0000000000000p%2B2,310,5.49,4.7636,4.686268813020144,1.8865968043627994,defined,0.040989779480716956,sensitivity_only
id:x%3A0x1.0000000000000p%2B2,311,5.5,4.77,4.847331186979856,1.8865968043627994,defined,-0.040989779480716956,sensitivity_only
id:x%3A0x1.0000000000000p%2B2,312,5.508,4.77512,4.668789617902697,2.594070605998847,defined,0.040989779480716956,sensitivity_only
id:x%3A0x1.0000000000000p%2B2,313,5.526,4.78664,4.892970382097303,2.594070605998847,defined,-0.040989779480716956,sensitivity_only
id:x%3A0x1.0000000000000p%2B2,314,5.544,4.798159999999999,4.691829617902696,2.594070605998847,defined,0.040989779480716956,sensitivity_only
id:x%3A0x1.0000000000000p%2B2,315,5.562,4.80968,4.916010382097303,2.594070605998847,defined,-0.040989779480716956,sensitivity_only
id:x%3A0x1.0000000000000p%2B2,316,5.58,4.8212,4.714869617902697,2.594070605998847,defined,0.040989779480716956,sensitivity_only
id:x%3A0x1.0000000000000p%2B2,317,5.598,4.83272,4.939050382097303,2.594070605998847,defined,-0.040989779480716956,sensitivity_only
id:x%3A0x1.0000000000000p%2B2,318,5.616,4.844239999999999,4.737909617902696,2.594070605998847,defined,0.040989779480716956,sensitivity_only
id:x%3A0x1.0000000000000p%2B2,319,5.634,4.85576,4.962090382097303,2.594070605998847,defined,-0.040989779480716956,sensitivity_only
id:x%3A0x1.0000000000000p%2B2,320,5.652,4.86728,4.760949617902697,2.594070605998847,defined,0.040989779480716956,sensitivity_only
id:x%3A0x1.0000000000000p%2B2,321,5.67,4.8788,4.985130382097303,2.594070605998847,defined,-0.040989779480716956,sensitivity_only
id:x%3A0x1.0000000000000p%2B2,322,5.688,4.89032,4.783989617902697,2.594070605998847,defined,0.040989779480716956,sensitivity_only
id:x%3A0x1.0000000000000p%2B2,323,5.706,4.90184,5.008170382097303,2.594070605998847,defined,-0.040989779480716956,sensitivity_only
id:x%3A0x1.0000000000000p%2B2,324,5.724,4.913360000000001,4.807029617902698,2.594070605998847,defined,0.040989779480716956,sensitivity_only
id:x%3A0x1.0000000000000p%2B2,325,5.742,4.92488,5.031210382097303,2.594070605998847,defined,-0.040989779480716956,sensitivity_only
id:x%3A0x1.0000000000000p%2B2,326,5.76,4.9364,4.830069617902697,2.594070605998847,defined,0.040989779480716956,sensitivity_only
id:x%3A0x1.0000000000000p%2B2,327,5.778,4.94792,5.054250382097303,2.594070605998847,defined,-0.040989779480716956,sensitivity_only
id:x%3A0x1.0000000000000p%2B2,328,5.796,4.959440000000001,4.853109617902698,2.594070605998847,defined,0.040989779480716956,sensitivity_only
id:x%3A0x1.0000000000000p%2B2,329,5.814,4.97096,5.077290382097303,2.594070605998847,defined,-0.040989779480716956,sensitivity_only
id:x%3A0x1.0000000000000p%2B2,330,5.832,4.98248,4.876149617902697,2.594070605998847,defined,0.040989779480716956,sensitivity_only
id:x%3A0x1.0000000000000p%2B2,331,5.85,4.994,5.100330382097303,2.594070605998847,defined,-0.040989779480716956,sensitivity_only
id:x%3A0x1.0000000000000p%2B2,332,5.868,5.005520000000001,4.899189617902698,2.594070605998847,defined,0.040989779480716956,sensitivity_only
id:x%3A0x1.0000000000000p%2B2,333,5.886,5.01704,5.123370382097303,2.594070605998847,defined,-0.040989779480716956,sensitivity_only
id:x%3A0x1.0000000000000p%2B2,334,5.904,5.028560000000001,4.922229617902698,2.594070605998847,defined,0.040989779480716956,sensitivity_only
id:x%3A0x1.0000000000000p%2B2,335,5.922,5.04008,5.146410382097303,2.594070605998847,defined,-0.040989779480716956,sensitivity_only
id:x%3A0x1.0000000000000p%2B2,336,5.94,5.0516000000000005,4.945269617902698,2.594070605998847,defined,0.040989779480716956,sensitivity_only
id:x%3A0x1.0000000000000p%2B2,337,5.958,5.06312,5.169450382097303,2.594070605998847,defined,-0.040989779480716956,sensitivity_only
id:x%3A0x1.0000000000000p%2B2,338,5.976,5.0746400000000005,4.9683096179026975,2.594070605998847,defined,0.040989779480716956,sensitivity_only
id:x%3A0x1.0000000000000p%2B2,339,5.994,5.08616,5.1924903820973025,2.594070605998847,defined,-0.040989779480716956,sensitivity_only
id:x%3A0x1.0000000000000p%2B2,340,6.0,5.09,4.983669617902697,2.594070605998847,defined,0.040989779480716956,sensitivity_only
id:x%3A0x1.0000000000000p%2B2,341,6.012,5.09768,5.204010382097303,2.594070605998847,defined,-0.040989779480716956,sensitivity_only
id:x%3A0x1.0000000000000p%2B2,342,6.03,5.1092,5.0028696179026975,2.594070605998847,defined,0.040989779480716956,sensitivity_only
id:x%3A0x1.0000000000000p%2B2,343,6.048,5.12072,5.227050382097303,2.594070605998847,defined,-0.040989779480716956,sensitivity_only
id:x%3A0x1.0000000000000p%2B2,344,6.066,5.1322399999999995,5.0259096179026965,2.594070605998847,defined,0.040989779480716956,sensitivity_only
id:x%3A0x1.0000000000000p%2B2,345,6.084,5.14376,5.250090382097303,2.594070605998847,defined,-0.040989779480716956,sensitivity_only
id:x%3A0x1.0000000000000p%2B2,346,6.102,5.15528,5.048949617902697,2.594070605998847,defined,0.040989779480716956,sensitivity_only
id:x%3A0x1.0000000000000p%2B2,347,6.12,5.1668,5.273130382097303,2.594070605998847,defined,-0.040989779480716956,sensitivity_only
id:x%3A0x1.0000000000000p%2B2,348,6.138,5.178319999999999,5.071989617902696,2.594070605998847,defined,0.040989779480716956,sensitivity_only
id:x%3A0x1.0000000000000p%2B2,349,6.156,5.18984,5.296170382097303,2.594070605998847,defined,-0.040989779480716956,sensitivity_only
id:x%3A0x1.0000000000000p%2B2,350,6.174,5.20136,5.095029617902697,2.594070605998847,defined,0.040989779480716956,sensitivity_only
id:x%3A0x1.0000000000000p%2B2,351,6.192,5.21288,5.319210382097303,2.594070605998847,defined,-0.040989779480716956,sensitivity_only
id:x%3A0x1.0000000000000p%2B2,352,6.21,5.2244,5.118069617902697,2.594070605998847,defined,0.040989779480716956,sensitivity_only
id:x%3A0x1.0000000000000p%2B2,353,6.228,5.23592,5.342250382097303,2.594070605998847,defined,-0.040989779480716956,sensitivity_only
id:x%3A0x1.0000000000000p%2B2,354,6.246,5.247440000000001,5.141109617902698,2.594070605998847,defined,0.040989779480716956,sensitivity_only
id:x%3A0x1.0000000000000p%2B2,355,6.264,5.25896,5.365290382097303,2.594070605998847,defined,-0.040989779480716956,sensitivity_only
id:x%3A0x1.0000000000000p%2B2,356,6.282,5.27048,5.164149617902697,2.594070605998847,defined,0.040989779480716956,sensitivity_only
id:x%3A0x1.0000000000000p%2B2,357,6.3,5.282,5.388330382097303,2.594070605998847,defined,-0.040989779480716956,sensitivity_only
id:x%3A0x1.0000000000000p%2B2,358,6.318,5.29352,5.187189617902697,2.594070605998847,defined,0.040989779480716956,sensitivity_only
id:x%3A0x1.0000000000000p%2B2,359,6.336,5.30504,5.411370382097303,2.594070605998847,defined,-0.040989779480716956,sensitivity_only
id:x%3A0x1.0000000000000p%2B2,360,6.354,5.31656,5.210229617902697,2.594070605998847,defined,0.040989779480716956,sensitivity_only
id:x%3A0x1.0000000000000p%2B2,361,6.372,5.32808,5.434410382097303,2.594070605998847,defined,-0.040989779480716956,sensitivity_only
id:x%3A0x1.0000000000000p%2B2,362,6.39,5.3396,5.233269617902697,2.594070605998847,defined,0.040989779480716956,sensitivity_only
id:x%3A0x1.0000000000000p%2B2,363,6.408,5.35112,5.457450382097303,2.594070605998847,defined,-0.040989779480716956,sensitivity_only
id:x%3A0x1.0000000000000p%2B2,364,6.426,5.36264,5.256309617902697,2.594070605998847,defined,0.040989779480716956,sensitivity_only
id:x%3A0x1.0000000000000p%2B2,365,6.444,5.37416,5.480490382097303,2.594070605998847,defined,-0.040989779480716956,sensitivity_only
id:x%3A0x1.0000000000000p%2B2,366,6.462,5.38568,5.279349617902697,2.594070605998847,defined,0.040989779480716956,sensitivity_only
id:x%3A0x1.0000000000000p%2B2,367,6.48,5.397200000000001,5.503530382097304,2.594070605998847,defined,-0.040989779480716956,sensitivity_only
id:x%3A0x1.0000000000000p%2B2,368,6.498,5.408720000000001,5.302389617902698,2.594070605998847,defined,0.040989779480716956,sensitivity_only
id:x%3A0x1.0000000000000p%2B2,369,6.516,5.42024,5.51690398372482,2.3582460054534993,defined,-0.040989779480716956,sensitivity_only
id:x%3A0x1.0000000000000p%2B2,370,6.534,5.43176,5.3350960162751795,2.3582460054534993,defined,0.040989779480716956,sensitivity_only
id:x%3A0x1.0000000000000p%2B2,371,6.552,5.44328,5.53994398372482,2.3582460054534993,defined,-0.040989779480716956,sensitivity_only
id:x%3A0x1.0000000000000p%2B2,372,6.57,5.4548000000000005,5.35813601627518,2.3582460054534993,defined,0.040989779480716956,sensitivity_only
id:x%3A0x1.0000000000000p%2B2,373,6.588,5.4663200000000005,5.562983983724821,2.3582460054534993,defined,-0.040989779480716956,sensitivity_only
id:x%3A0x1.0000000000000p%2B2,374,6.606,5.47784,5.381176016275179,2.3582460054534993,defined,0.040989779480716956,sensitivity_only
id:x%3A0x1.0000000000000p%2B2,375,6.624,5.48936,5.58602398372482,2.3582460054534993,defined,-0.040989779480716956,sensitivity_only
id:x%3A0x1.0000000000000p%2B2,376,6.642,5.50088,5.40421601627518,2.3582460054534993,defined,0.040989779480716956,sensitivity_only
id:x%3A0x1.0000000000000p%2B2,377,6.66,5.5124,5.609063983724821,2.3582460054534993,defined,-0.040989779480716956,sensitivity_only
id:x%3A0x1.0000000000000p%2B2,378,6.678,5.52392,5.42725601627518,2.3582460054534993,defined,0.040989779480716956,sensitivity_only
id:x%3A0x1.0000000000000p%2B2,379,6.696,5.53544,5.632103983724821,2.3582460054534993,defined,-0.040989779480716956,sensitivity_only
id:x%3A0x1.0000000000000p%2B2,380,6.714,5.54696,5.45029601627518,2.3582460054534993,defined,0.040989779480716956,sensitivity_only
id:x%3A0x1.0000000000000p%2B2,381,6.732,5.55848,5.6551439837248205,2.3582460054534993,defined,-0.040989779480716956,sensitivity_only
id:x%3A0x1.0000000000000p%2B2,382,6.75,5.57,5.47333601627518,2.3582460054534993,defined,0.040989779480716956,sensitivity_only
id:x%3A0x1.0000000000000p%2B2,383,6.768,5.58152,5.6781839837248205,2.3582460054534993,defined,-0.040989779480716956,sensitivity_only
id:x%3A0x1.0000000000000p%2B2,384,6.786,5.59304,5.49637601627518,2.3582460054534993,defined,0.040989779480716956,sensitivity_only
id:x%3A0x1.0000000000000p%2B2,385,6.804,5.60456,5.70122398372482,2.3582460054534993,defined,-0.040989779480716956,sensitivity_only
id:x%3A0x1.0000000000000p%2B2,386,6.822,5.61608,5.51941601627518,2.3582460054534993,defined,0.040989779480716956,sensitivity_only
id:x%3A0x1.0000000000000p%2B2,387,6.84,5.6276,5.72426398372482,2.3582460054534993,defined,-0.040989779480716956,sensitivity_only
id:x%3A0x1.0000000000000p%2B2,388,6.858,5.63912,5.54245601627518,2.3582460054534993,defined,0.040989779480716956,sensitivity_only
id:x%3A0x1.0000000000000p%2B2,389,6.876,5.65064,5.74730398372482,2.3582460054534993,defined,-0.040989779480716956,sensitivity_only
id:x%3A0x1.0000000000000p%2B2,390,6.894,5.66216,5.56549601627518,2.3582460054534993,defined,0.040989779480716956,sensitivity_only
id:x%3A0x1.0000000000000p%2B2,391,6.912,5.67368,5.77034398372482,2.3582460054534993,defined,-0.040989779480716956,sensitivity_only
id:x%3A0x1.0000000000000p%2B2,392,6.93,5.6852,5.58853601627518,2.3582460054534993,defined,0.040989779480716956,sensitivity_only
id:x%3A0x1.0000000000000p%2B2,393,6.948,5.69672,5.79338398372482,2.3582460054534993,defined,-0.040989779480716956,sensitivity_only
id:x%3A0x1.0000000000000p%2B2,394,6.966,5.70824,5.61157601627518,2.3582460054534993,defined,0.040989779480716956,sensitivity_only
id:x%3A0x1.0000000000000p%2B2,395,6.984,5.71976,5.81642398372482,2.3582460054534993,defined,-0.040989779480716956,sensitivity_only
id:x%3A0x1.0000000000000p%2B2,396,7.0,5.73,5.63333601627518,2.3582460054534993,defined,0.040989779480716956,sensitivity_only
id:x%3A0x1.0000000000000p%2B2,397,7.002,5.73128,5.82794398372482,2.3582460054534993,defined,-0.040989779480716956,sensitivity_only
id:x%3A0x1.0000000000000p%2B2,398,7.02,5.7428,5.64613601627518,2.3582460054534993,defined,0.040989779480716956,sensitivity_only
id:x%3A0x1.0000000000000p%2B2,399,7.038,5.75432,5.85098398372482,2.3582460054534993,defined,-0.040989779480716956,sensitivity_only
id:x%3A0x1.0000000000000p%2B2,400,7.056,5.76584,5.66917601627518,2.3582460054534993,defined,0.040989779480716956,sensitivity_only
id:x%3A0x1.0000000000000p%2B2,401,7.074,5.77736,5.87402398372482,2.3582460054534993,defined,-0.040989779480716956,sensitivity_only
id:x%3A0x1.0000000000000p%2B2,402,7.092,5.78888,5.69221601627518,2.3582460054534993,defined,0.040989779480716956,sensitivity_only
id:x%3A0x1.0000000000000p%2B2,403,7.11,5.800400000000001,5.897063983724821,2.3582460054534993,defined,-0.040989779480716956,sensitivity_only
id:x%3A0x1.0000000000000p%2B2,404,7.128,5.81192,5.7152560162751795,2.3582460054534993,defined,0.040989779480716956,sensitivity_only
id:x%3A0x1.0000000000000p%2B2,405,7.146,5.82344,5.92010398372482,2.3582460054534993,defined,-0.040989779480716956,sensitivity_only
id:x%3A0x1.0000000000000p%2B2,406,7.164,5.83496,5.7382960162751795,2.3582460054534993,defined,0.040989779480716956,sensitivity_only
id:x%3A0x1.0000000000000p%2B2,407,7.182,5.846480000000001,5.943143983724821,2.3582460054534993,defined,-0.040989779480716956,sensitivity_only
id:x%3A0x1.0000000000000p%2B2,408,7.2,5.8580000000000005,5.76133601627518,2.3582460054534993,defined,0.040989779480716956,sensitivity_only
id:x%3A0x1.0000000000000p%2B2,409,7.218,5.8695200000000005,5.966183983724821,2.3582460054534993,defined,-0.040989779480716956,sensitivity_only
id:x%3A0x1.0000000000000p%2B2,410,7.236,5.88104,5.784376016275179,2.3582460054534993,defined,0.040989779480716956,sensitivity_only
id:x%3A0x1.0000000000000p%2B2,411,7.254,5.89256,5.98922398372482,2.3582460054534993,defined,-0.040989779480716956,sensitivity_only
id:x%3A0x1.0000000000000p%2B2,412,7.272,5.90408,5.80741601627518,2.3582460054534993,defined,0.040989779480716956,sensitivity_only
id:x%3A0x1.0000000000000p%2B2,413,7.29,5.9156,6.012263983724821,2.3582460054534993,defined,-0.040989779480716956,sensitivity_only
id:x%3A0x1.0000000000000p%2B2,414,7.308,5.92712,5.83045601627518,2.3582460054534993,defined,0.040989779480716956,sensitivity_only
id:x%3A0x1.0000000000000p%2B2,415,7.326,5.9386399999999995,6.03530398372482,2.3582460054534993,defined,-0.040989779480716956,sensitivity_only
id:x%3A0x1.0000000000000p%2B2,416,7.344,5.95016,5.85349601627518,2.3582460054534993,defined,0.040989779480716956,sensitivity_only
id:x%3A0x1.0000000000000p%2B2,417,7.362,5.96168,6.0583439837248205,2.3582460054534993,defined,-0.040989779480716956,sensitivity_only
id:x%3A0x1.0000000000000p%2B2,418,7.38,5.9732,5.87653601627518,2.3582460054534993,defined,0.040989779480716956,sensitivity_only
id:x%3A0x1.0000000000000p%2B2,419,7.398,5.98472,6.0813839837248205,2.3582460054534993,defined,-0.040989779480716956,sensitivity_only
id:x%3A0x1.0000000000000p%2B2,420,7.416,5.99624,5.89957601627518,2.3582460054534993,defined,0.040989779480716956,sensitivity_only
id:x%3A0x1.0000000000000p%2B2,421,7.434,6.00776,6.10442398372482,2.3582460054534993,defined,-0.040989779480716956,sensitivity_only
id:x%3A0x1.0000000000000p%2B2,422,7.452,6.01928,5.92261601627518,2.3582460054534993,defined,0.040989779480716956,sensitivity_only
id:x%3A0x1.0000000000000p%2B2,423,7.47,6.0308,6.12746398372482,2.3582460054534993,defined,-0.040989779480716956,sensitivity_only
id:x%3A0x1.0000000000000p%2B2,424,7.488,6.04232,5.94565601627518,2.3582460054534993,defined,0.040989779480716956,sensitivity_only
id:x%3A0x1.0000000000000p%2B2,425,7.506,6.05384,6.150503983724821,2.358246005453502,defined,-0.040989779480716956,sensitivity_only
id:x%3A0x1.0000000000000p%2B2,426,7.524,6.06536,5.968696016275179,2.358246005453502,defined,0.040989779480716956,sensitivity_only
id:x%3A0x1.0000000000000p%2B2,427,7.542,6.07688,6.173543983724821,2.358246005453502,defined,-0.040989779480716956,sensitivity_only
id:x%3A0x1.0000000000000p%2B2,428,7.56,6.0884,5.991736016275179,2.358246005453502,defined,0.040989779480716956,sensitivity_only
id:x%3A0x1.0000000000000p%2B2,429,7.578,6.09992,6.196583983724821,2.358246005453502,defined,-0.040989779480716956,sensitivity_only
id:x%3A0x1.0000000000000p%2B2,430,7.596,6.11144,6.014776016275179,2.358246005453502,defined,0.040989779480716956,sensitivity_only
id:x%3A0x1.0000000000000p%2B2,431,7.614,6.12296,6.219623983724821,2.358246005453502,defined,-0.040989779480716956,sensitivity_only
id:x%3A0x1.0000000000000p%2B2,432,7.632,6.13448,6.037816016275179,2.358246005453502,defined,0.040989779480716956,sensitivity_only
id:x%3A0x1.0000000000000p%2B2,433,7.65,6.146,6.242663983724821,2.358246005453502,defined,-0.040989779480716956,sensitivity_only
id:x%3A0x1.0000000000000p%2B2,434,7.668,6.15752,6.060856016275179,2.358246005453502,defined,0.040989779480716956,sensitivity_only
id:x%3A0x1.0000000000000p%2B2,435,7.686,6.16904,6.265703983724821,2.358246005453502,defined,-0.040989779480716956,sensitivity_only
id:x%3A0x1.0000000000000p%2B2,436,7.704,6.18056,6.083896016275179,2.358246005453502,defined,0.040989779480716956,sensitivity_only
id:x%3A0x1.0000000000000p%2B2,437,7.722,6.192080000000001,6.288743983724822,2.358246005453502,defined,-0.040989779480716956,sensitivity_only
id:x%3A0x1.0000000000000p%2B2,438,7.74,6.203600000000001,6.10693601627518,2.358246005453502,defined,0.040989779480716956,sensitivity_only
id:x%3A0x1.0000000000000p%2B2,439,7.758,6.21512,6.311783983724821,2.358246005453502,defined,-0.040989779480716956,sensitivity_only
id:x%3A0x1.0000000000000p%2B2,440,7.776,6.22664,6.129976016275179,2.358246005453502,defined,0.040989779480716956,sensitivity_only
id:x%3A0x1.0000000000000p%2B2,441,7.794,6.23816,6.334823983724821,2.358246005453502,defined,-0.040989779480716956,sensitivity_only
id:x%3A0x1.0000000000000p%2B2,442,7.812,6.249680000000001,6.1530160162751795,2.358246005453502,defined,0.040989779480716956,sensitivity_only
id:x%3A0x1.0000000000000p%2B2,443,7.83,6.2612000000000005,6.357863983724822,2.358246005453502,defined,-0.040989779480716956,sensitivity_only
id:x%3A0x1.0000000000000p%2B2,444,7.848,6.27272,6.1760560162751785,2.358246005453502,defined,0.040989779480716956,sensitivity_only
id:x%3A0x1.0000000000000p%2B2,445,7.866,6.28424,6.380903983724821,2.358246005453502,defined,-0.040989779480716956,sensitivity_only
id:x%3A0x1.0000000000000p%2B2,446,7.884,6.2957600000000005,6.199096016275179,2.358246005453502,defined,0.040989779480716956,sensitivity_only
id:x%3A0x1.0000000000000p%2B2,447,7.902,6.30728,6.4039439837248215,2.358246005453502,defined,-0.040989779480716956,sensitivity_only
id:x%3A0x1.0000000000000p%2B2,448,7.92,6.3188,6.222136016275179,2.358246005453502,defined,0.040989779480716956,sensitivity_only
id:x%3A0x1.0000000000000p%2B2,449,7.938,6.3303199999999995,6.426983983724821,2.358246005453502,defined,-0.040989779480716956,sensitivity_only
id:x%3A0x1.0000000000000p%2B2,450,7.956,6.34184,6.245176016275179,2.358246005453502,defined,0.040989779480716956,sensitivity_only
id:x%3A0x1.0000000000000p%2B2,451,7.974,6.35336,6.450023983724821,2.358246005453502,defined,-0.040989779480716956,sensitivity_only
id:x%3A0x1.0000000000000p%2B2,452,7.992,6.36488,6.268216016275179,2.358246005453502,defined,0.040989779480716956,sensitivity_only
id:x%3A0x1.0000000000000p%2B2,453,8.0,6.37,6.466663983724821,2.358246005453502,defined,-0.040989779480716956,sensitivity_only
id:x%3A0x1.0000000000000p%2B2,454,8.01,6.3764,6.279736016275179,2.358246005453502,defined,0.040989779480716956,sensitivity_only
id:x%3A0x1.0000000000000p%2B2,455,8.028,6.38792,6.484583983724821,2.358246005453502,defined,-0.040989779480716956,sensitivity_only
id:x%3A0x1.0000000000000p%2B2,456,8.046,6.399439999999999,6.302776016275178,2.358246005453502,defined,0.040989779480716956,sensitivity_only
id:x%3A0x1.0000000000000p%2B2,457,8.064,6.41096,6.507623983724821,2.358246005453502,defined,-0.040989779480716956,sensitivity_only
id:x%3A0x1.0000000000000p%2B2,458,8.082,6.42248,6.325816016275179,2.358246005453502,defined,0.040989779480716956,sensitivity_only
id:x%3A0x1.0000000000000p%2B2,459,8.1,6.434,6.530663983724821,2.358246005453502,defined,-0.040989779480716956,sensitivity_only
id:x%3A0x1.0000000000000p%2B2,460,8.118,6.44552,6.348856016275179,2.358246005453502,defined,0.040989779480716956,sensitivity_only
id:x%3A0x1.0000000000000p%2B2,461,8.136,6.457039999999999,6.55370398372482,2.358246005453502,defined,-0.040989779480716956,sensitivity_only
id:x%3A0x1.0000000000000p%2B2,462,8.154,6.46856,6.371896016275179,2.358246005453502,defined,0.040989779480716956,sensitivity_only
id:x%3A0x1.0000000000000p%2B2,463,8.172,6.48008,6.576743983724821,2.358246005453502,defined,-0.040989779480716956,sensitivity_only
id:x%3A0x1.0000000000000p%2B2,464,8.19,6.4916,6.394936016275179,2.358246005453502,defined,0.040989779480716956,sensitivity_only
id:x%3A0x1.0000000000000p%2B2,465,8.208,6.50312,6.599783983724821,2.358246005453502,defined,-0.040989779480716956,sensitivity_only
id:x%3A0x1.0000000000000p%2B2,466,8.226,6.514640000000001,6.41797601627518,2.358246005453502,defined,0.040989779480716956,sensitivity_only
id:x%3A0x1.0000000000000p%2B2,467,8.244,6.52616,6.622823983724821,2.358246005453502,defined,-0.040989779480716956,sensitivity_only
id:x%3A0x1.0000000000000p%2B2,468,8.262,6.537680000000001,6.44101601627518,2.358246005453502,defined,0.040989779480716956,sensitivity_only
id:x%3A0x1.0000000000000p%2B2,469,8.28,6.5492,6.645863983724821,2.358246005453502,defined,-0.040989779480716956,sensitivity_only
id:x%3A0x1.0000000000000p%2B2,470,8.298,6.56072,6.464056016275179,2.358246005453502,defined,0.040989779480716956,sensitivity_only
id:x%3A0x1.0000000000000p%2B2,471,8.316,6.572240000000001,6.668903983724822,2.358246005453502,defined,-0.040989779480716956,sensitivity_only
id:x%3A0x1.0000000000000p%2B2,472,8.334,6.58376,6.487096016275179,2.358246005453502,defined,0.040989779480716956,sensitivity_only
id:x%3A0x1.0000000000000p%2B2,473,8.352,6.595280000000001,6.691943983724822,2.358246005453502,defined,-0.040989779480716956,sensitivity_only
id:x%3A0x1.0000000000000p%2B2,474,8.37,6.6068,6.510136016275179,2.358246005453502,defined,0.040989779480716956,sensitivity_only
id:x%3A0x1.0000000000000p%2B2,475,8.388,6.61832,6.714983983724821,2.358246005453502,defined,-0.040989779480716956,sensitivity_only
id:x%3A0x1.0000000000000p%2B2,476,8.406,6.629840000000001,6.5331760162751795,2.358246005453502,defined,0.040989779480716956,sensitivity_only
id:x%3A0x1.0000000000000p%2B2,477,8.424,6.64136,6.738023983724821,2.358246005453502,defined,-0.040989779480716956,sensitivity_only
id:x%3A0x1.0000000000000p%2B2,478,8.442,6.652880000000001,6.5562160162751795,2.358246005453502,defined,0.040989779480716956,sensitivity_only
id:x%3A0x1.0000000000000p%2B2,479,8.46,6.6644000000000005,6.761063983724822,2.358246005453502,defined,-0.040989779480716956,sensitivity_only
id:x%3A0x1.0000000000000p%2B2,480,8.478,6.67592,6.5792560162751785,2.358246005453502,defined,0.040989779480716956,sensitivity_only
id:x%3A0x1.0000000000000p%2B2,481,8.496,6.6874400000000005,6.784103983724822,2.358246005453502,defined,-0.040989779480716956,sensitivity_only
id:x%3A0x1.0000000000000p%2B2,482,8.514,6.69896,6.6022960162751785,2.358246005453502,defined,0.040989779480716956,sensitivity_only
id:x%3A0x1.0000000000000p%2B2,483,8.532,6.7104800000000004,6.8071439837248215,2.358246005453502,defined,-0.040989779480716956,sensitivity_only
id:x%3A0x1.0000000000000p%2B2,484,8.55,6.722,6.625336016275179,2.358246005453502,defined,0.040989779480716956,sensitivity_only
id:x%3A0x1.0000000000000p%2B2,485,8.568,6.7335199999999995,6.830183983724821,2.358246005453502,defined,-0.040989779480716956,sensitivity_only
id:x%3A0x1.0000000000000p%2B2,486,8.586,6.74504,6.648376016275179,2.358246005453502,defined,0.040989779480716956,sensitivity_only
id:x%3A0x1.0000000000000p%2B2,487,8.604,6.7565599999999995,6.853223983724821,2.358246005453502,defined,-0.040989779480716956,sensitivity_only
id:x%3A0x1.0000000000000p%2B2,488,8.622,6.76808,6.671416016275179,2.358246005453502,defined,0.040989779480716956,sensitivity_only
id:x%3A0x1.0000000000000p%2B2,489,8.64,6.7796,6.876263983724821,2.358246005453502,defined,-0.040989779480716956,sensitivity_only
id:x%3A0x1.0000000000000p%2B2,490,8.658,6.791119999999999,6.694456016275178,2.358246005453502,defined,0.040989779480716956,sensitivity_only
id:x%3A0x1.0000000000000p%2B2,491,8.676,6.80264,6.899303983724821,2.358246005453502,defined,-0.040989779480716956,sensitivity_only
id:x%3A0x1.0000000000000p%2B2,492,8.694,6.81416,6.717496016275179,2.358246005453502,defined,0.040989779480716956,sensitivity_only
id:x%3A0x1.0000000000000p%2B2,493,8.712,6.82568,6.922343983724821,2.358246005453502,defined,-0.040989779480716956,sensitivity_only
id:x%3A0x1.0000000000000p%2B2,494,8.73,6.8372,6.740536016275179,2.358246005453502,defined,0.040989779480716956,sensitivity_only
id:x%3A0x1.0000000000000p%2B2,495,8.748,6.848719999999999,6.94538398372482,2.358246005453502,defined,-0.040989779480716956,sensitivity_only
id:x%3A0x1.0000000000000p%2B2,496,8.766,6.86024,6.763576016275179,2.358246005453502,defined,0.040989779480716956,sensitivity_only
id:x%3A0x1.0000000000000p%2B2,497,8.784,6.871760000000001,6.968423983724822,2.358246005453502,defined,-0.040989779480716956,sensitivity_only
id:x%3A0x1.0000000000000p%2B2,498,8.802,6.88328,6.786616016275179,2.358246005453502,defined,0.040989779480716956,sensitivity_only
id:x%3A0x1.0000000000000p%2B2,499,8.82,6.8948,6.991463983724821,2.358246005453502,defined,-0.040989779480716956,sensitivity_only
id:x%3A0x1.0000000000000p%2B2,500,8.838,6.90632,6.809656016275179,2.358246005453502,defined,0.040989779480716956,sensitivity_only
id:x%3A0x1.0000000000000p%2B2,501,8.856,6.91784,7.014503983724821,2.358246005453502,defined,-0.040989779480716956,sensitivity_only
id:x%3A0x1.0000000000000p%2B2,502,8.874,6.929360000000001,6.83269601627518,2.358246005453502,defined,0.040989779480716956,sensitivity_only
id:x%3A0x1.0000000000000p%2B2,503,8.892,6.94088,7.037543983724821,2.358246005453502,defined,-0.040989779480716956,sensitivity_only
id:x%3A0x1.0000000000000p%2B2,504,8.91,6.9524,6.855736016275179,2.358246005453502,defined,0.040989779480716956,sensitivity_only
id:x%3A0x1.0000000000000p%2B2,505,8.928,6.963920000000001,7.060583983724822,2.358246005453502,defined,-0.040989779480716956,sensitivity_only
id:x%3A0x1.0000000000000p%2B2,506,8.946,6.97544,6.878776016275179,2.358246005453502,defined,0.040989779480716956,sensitivity_only
id:x%3A0x1.0000000000000p%2B2,507,8.964,6.986960000000001,7.083623983724822,2.358246005453502,defined,-0.040989779480716956,sensitivity_only
id:x%3A0x1.0000000000000p%2B2,508,8.982,6.99848,6.901816016275179,2.358246005453502,defined,0.040989779480716956,sensitivity_only
id:x%3A0x1.0000000000000p%2B2,509,9.0,7.01,7.106663983724821,2.358246005453502,defined,-0.040989779480716956,sensitivity_only
id:x%3A0x1.4000000000000p%2B2,0,0.0,1.25,1.0367097501734281,2.594070605998847,defined,0.08222222222222222,sensitivity_only
id:x%3A0x1.4000000000000p%2B2,1,0.018,1.26152,1.3678503820973025,2.594070605998847,defined,-0.040989779480716956,sensitivity_only
id:x%3A0x1.4000000000000p%2B2,2,0.036,1.27304,1.1667096179026974,2.594070605998847,defined,0.040989779480716956,sensitivity_only
id:x%3A0x1.4000000000000p%2B2,3,0.054,1.28456,1.3908903820973024,2.594070605998847,defined,-0.040989779480716956,sensitivity_only
id:x%3A0x1.4000000000000p%2B2,4,0.072,1.29608,1.1897496179026974,2.594070605998847,defined,0.040989779480716956,sensitivity_only
id:x%3A0x1.4000000000000p%2B2,5,0.09,1.3076,1.4139303820973026,2.594070605998847,defined,-0.040989779480716956,sensitivity_only
id:x%3A0x1.4000000000000p%2B2,6,0.108,1.31912,1.2127896179026976,2.594070605998847,defined,0.040989779480716956,sensitivity_only
id:x%3A0x1.4000000000000p%2B2,7,0.126,1.33064,1.4369703820973025,2.594070605998847,defined,-0.040989779480716956,sensitivity_only
id:x%3A0x1.4000000000000p%2B2,8,0.144,1.34216,1.2358296179026975,2.594070605998847,defined,0.040989779480716956,sensitivity_only
id:x%3A0x1.4000000000000p%2B2,9,0.162,1.35368,1.4600103820973025,2.594070605998847,defined,-0.040989779480716956,sensitivity_only
id:x%3A0x1.4000000000000p%2B2,10,0.18,1.3652,1.2588696179026975,2.594070605998847,defined,0.040989779480716956,sensitivity_only
id:x%3A0x1.4000000000000p%2B2,11,0.198,1.37672,1.4830503820973024,2.594070605998847,defined,-0.040989779480716956,sensitivity_only
id:x%3A0x1.4000000000000p%2B2,12,0.216,1.38824,1.2819096179026974,2.594070605998847,defined,0.040989779480716956,sensitivity_only
id:x%3A0x1.4000000000000p%2B2,13,0.234,1.3997600000000001,1.5060903820973026,2.594070605998847,defined,-0.040989779480716956,sensitivity_only
id:x%3A0x1.4000000000000p%2B2,14,0.252,1.41128,1.3049496179026976,2.594070605998847,defined,0.040989779480716956,sensitivity_only
id:x%3A0x1.4000000000000p%2B2,15,0.27,1.4228,1.5291303820973026,2.594070605998847,defined,-0.040989779480716956,sensitivity_only
id:x%3A0x1.4000000000000p%2B2,16,0.288,1.43432,1.3279896179026975,2.594070605998847,defined,0.040989779480716956,sensitivity_only
id:x%3A0x1.4000000000000p%2B2,17,0.306,1.44584,1.5521703820973025,2.594070605998847,defined,-0.040989779480716956,sensitivity_only
id:x%3A0x1.4000000000000p%2B2,18,0.324,1.45736,1.3510296179026975,2.594070605998847,defined,0.040989779480716956,sensitivity_only
id:x%3A0x1.4000000000000p%2B2,19,0.342,1.46888,1.5752103820973025,2.594070605998847,defined,-0.040989779480716956,sensitivity_only
id:x%3A0x1.4000000000000p%2B2,20,0.36,1.4804,1.3740696179026974,2.594070605998847,defined,0.040989779480716956,sensitivity_only
id:x%3A0x1.4000000000000p%2B2,21,0.378,1.49192,1.5982503820973024,2.594070605998847,defined,-0.040989779480716956,sensitivity_only
id:x%3A0x1.4000000000000p%2B2,22,0.396,1.5034399999999999,1.3971096179026974,2.594070605998847,defined,0.040989779480716956,sensitivity_only
id:x%3A0x1.4000000000000p%2B2,23,0.414,1.5149599999999999,1.6212903820973024,2.594070605998847,defined,-0.040989779480716956,sensitivity_only
id:x%3A0x1.4000000000000p%2B2,24,0.432,1.52648,1.4201496179026976,2.594070605998847,defined,0.040989779480716956,sensitivity_only
id:x%3A0x1.4000000000000p%2B2,25,0.45,1.538,1.6443303820973025,2.594070605998847,defined,-0.040989779480716956,sensitivity_only
id:x%3A0x1.4000000000000p%2B2,26,0.468,1.54952,1.4431896179026975,2.594070605998847,defined,0.040989779480716956,sensitivity_only
id:x%3A0x1.4000000000000p%2B2,27,0.486,1.56104,1.6673703820973025,2.594070605998847,defined,-0.040989779480716956,sensitivity_only
id:x%3A0x1.4000000000000p%2B2,28,0.504,1.57256,1.4758960162751793,2.3582460054534993,defined,0.040989779480716956,sensitivity_only
id:x%3A0x1.4000000000000p%2B2,29,0.522,1.5840800000000002,1.6807439837248208,2.3582460054534993,defined,-0.040989779480716956,sensitivity_only
id:x%3A0x1.4000000000000p%2B2,30,0.54,1.5956000000000001,1.4989360162751795,2.3582460054534993,defined,0.040989779480716956,sensitivity_only
id:x%3A0x1.4000000000000p%2B2,31,0.558,1.60712,1.7037839837248208,2.3582460054534993,defined,-0.040989779480716956,sensitivity_only
id:x%3A0x1.4000000000000p%2B2,32,0.576,1.61864,1.5219760162751794,2.3582460054534993,defined,0.040989779480716956,sensitivity_only
id:x%3A0x1.4000000000000p%2B2,33,0.594,1.63016,1.7268239837248207,2.3582460054534993,defined,-0.040989779480716956,sensitivity_only
id:x%3A0x1.4000000000000p%2B2,34,0.612,1.64168,1.5450160162751794,2.3582460054534993,defined,0.040989779480716956,sensitivity_only
id:x%3A0x1.4000000000000p%2B2,35,0.63,1.6532,1.7498639837248207,2.3582460054534993,defined,-0.040989779480716956,sensitivity_only
id:x%3A0x1.4000000000000p%2B2,36,0.648,1.66472,1.5680560162751793,2.3582460054534993,defined,0.040989779480716956,sensitivity_only
id:x%3A0x1.4000000000000p%2B2,37,0.666,1.67624,1.7729039837248206,2.3582460054534993,defined,-0.040989779480716956,sensitivity_only
id:x%3A0x1.4000000000000p%2B2,38,0.684,1.68776,1.5910960162751793,2.3582460054534993,defined,0.040989779480716956,sensitivity_only
id:x%3A0x1.4000000000000p%2B2,39,0.702,1.69928,1.7959439837248206,2.3582460054534993,defined,-0.040989779480716956,sensitivity_only
id:x%3A0x1.4000000000000p%2B2,40,0.72,1.7107999999999999,1.6141360162751792,2.3582460054534993,defined,0.040989779480716956,sensitivity_only
id:x%3A0x1.4000000000000p%2B2,41,0.738,1.72232,1.8189839837248207,2.3582460054534993,defined,-0.040989779480716956,sensitivity_only
id:x%3A0x1.4000000000000p%2B2,42,0.756,1.73384,1.6371760162751794,2.3582460054534993,defined,0.040989779480716956,sensitivity_only
id:x%3A0x1.4000000000000p%2B2,43,0.774,1.74536,1.8420239837248207,2.3582460054534993,defined,-0.040989779480716956,sensitivity_only
id:x%3A0x1.4000000000000p%2B2,44,0.792,1.75688,1.6602160162751793,2.3582460054534993,defined,0.040989779480716956,sensitivity_only
id:x%3A0x1.4000000000000p%2B2,45,0.81,1.7684000000000002,1.8650639837248209,2.3582460054534993,defined,-0.040989779480716956,sensitivity_only
id:x%3A0x1.4000000000000p%2B2,46,0.828,1.77992,1.6832560162751793,2.3582460054534993,defined,0.040989779480716956,sensitivity_only
id:x%3A0x1.4000000000000p%2B2,47,0.846,1.7914400000000001,1.8881039837248208,2.3582460054534993,defined,-0.040989779480716956,sensitivity_only
id:x%3A0x1.4000000000000p%2B2,48,0.864,1.8029600000000001,1.7062960162751795,2.3582460054534993,defined,0.040989779480716956,sensitivity_only
id:x%3A0x1.4000000000000p%2B2,49,0.882,1.81448,1.9111439837248207,2.3582460054534993,defined,-0.040989779480716956,sensitivity_only
id:x%3A0x1.4000000000000p%2B2,50,0.9,1.826,1.7293360162751794,2.3582460054534993,defined,0.040989779480716956,sensitivity_only
id:x%3A0x1.4000000000000p%2B2,51,0.918,1.83752,1.9341839837248207,2.3582460054534993,defined,-0.040989779480716956,sensitivity_only
id:x%3A0x1.4000000000000p%2B2,52,0.936,1.84904,1.7523760162751794,2.3582460054534993,defined,0.040989779480716956,sensitivity_only
id:x%3A0x1.4000000000000p%2B2,53,0.954,1.86056,1.9572239837248206,2.3582460054534993,defined,-0.040989779480716956,sensitivity_only
id:x%3A0x1.4000000000000p%2B2,54,0.972,1.87208,1.7754160162751793,2.3582460054534993,defined,0.040989779480716956,sensitivity_only
id:x%3A0x1.4000000000000p%2B2,55,0.99,1.8836,1.9802639837248206,2.3582460054534993,defined,-0.040989779480716956,sensitivity_only
id:x%3A0x1.4000000000000p%2B2,56,1.0,1.8900000000000001,1.7933360162751795,2.3582460054534993,defined,0.040989779480716956,sensitivity_only
id:x%3A0x1.4000000000000p%2B2,57,1.008,1.89512,1.9917839837248206,2.3582460054534993,defined,-0.040989779480716956,sensitivity_only
id:x%3A0x1.4000000000000p%2B2,58,1.026,1.90664,1.8099760162751792,2.3582460054534993,defined,0.040989779480716956,sensitivity_only
id:x%3A0x1.4000000000000p%2B2,59,1.044,1.91816,2.0148239837248205,2.3582460054534993,defined,-0.040989779480716956,sensitivity_only
id:x%3A0x1.4000000000000p%2B2,60,1.062,1.92968,1.8330160162751794,2.3582460054534993,defined,0.040989779480716956,sensitivity_only
id:x%3A0x1.4000000000000p%2B2,61,1.08,1.9412,2.0378639837248205,2.3582460054534993,defined,-0.040989779480716956,sensitivity_only
id:x%3A0x1.4000000000000p%2B2,62,1.098,1.9527200000000002,1.8560560162751796,2.3582460054534993,defined,0.040989779480716956,sensitivity_only
id:x%3A0x1.4000000000000p%2B2,63,1.116,1.9642400000000002,2.060903983724821,2.3582460054534993,defined,-0.040989779480716956,sensitivity_only
id:x%3A0x1.4000000000000p%2B2,64,1.134,1.97576,1.8790960162751793,2.3582460054534993,defined,0.040989779480716956,sensitivity_only
id:x%3A0x1.4000000000000p%2B2,65,1.152,1.98728,2.0839439837248204,2.3582460054534993,defined,-0.040989779480716956,sensitivity_only
id:x%3A0x1.4000000000000p%2B2,66,1.17,1.9988000000000001,1.9021360162751795,2.3582460054534993,defined,0.040989779480716956,sensitivity_only
id:x%3A0x1.4000000000000p%2B2,67,1.188,2.01032,2.1069839837248208,2.3582460054534993,defined,-0.040989779480716956,sensitivity_only
id:x%3A0x1.4000000000000p%2B2,68,1.206,2.02184,1.9251760162751794,2.3582460054534993,defined,0.040989779480716956,sensitivity_only
id:x%3A0x1.4000000000000p%2B2,69,1.224,2.03336,2.1300239837248207,2.3582460054534993,defined,-0.040989779480716956,sensitivity_only
id:x%3A0x1.4000000000000p%2B2,70,1.242,2.04488,1.9482160162751794,2.3582460054534993,defined,0.040989779480716956,sensitivity_only
id:x%3A0x1.4000000000000p%2B2,71,1.26,2.0564,2.1530639837248207,2.3582460054534993,defined,-0.040989779480716956,sensitivity_only
id:x%3A0x1.4000000000000p%2B2,72,1.278,2.06792,1.9712560162751793,2.3582460054534993,defined,0.040989779480716956,sensitivity_only
id:x%3A0x1.4000000000000p%2B2,73,1.296,2.07944,2.1761039837248206,2.3582460054534993,defined,-0.040989779480716956,sensitivity_only
id:x%3A0x1.4000000000000p%2B2,74,1.314,2.09096,1.9942960162751793,2.3582460054534993,defined,0.040989779480716956,sensitivity_only
id:x%3A0x1.4000000000000p%2B2,75,1.332,2.10248,2.1991439837248206,2.3582460054534993,defined,-0.040989779480716956,sensitivity_only
id:x%3A0x1.4000000000000p%2B2,76,1.35,2.114,2.0173360162751792,2.3582460054534993,defined,0.040989779480716956,sensitivity_only
id:x%3A0x1.4000000000000p%2B2,77,1.368,2.12552,2.2221839837248205,2.3582460054534993,defined,-0.040989779480716956,sensitivity_only
id:x%3A0x1.4000000000000p%2B2,78,1.386,2.13704,2.040376016275179,2.3582460054534993,defined,0.040989779480716956,sensitivity_only
id:x%3A0x1.4000000000000p%2B2,79,1.404,2.14856,2.2452239837248205,2.3582460054534993,defined,-0.040989779480716956,sensitivity_only
id:x%3A0x1.4000000000000p%2B2,80,1.422,2.16008,2.063416016275179,2.3582460054534993,defined,0.040989779480716956,sensitivity_only
id:x%3A0x1.4000000000000p%2B2,81,1.44,2.1715999999999998,2.2682639837248204,2.3582460054534993,defined,-0.040989779480716956,sensitivity_only
id:x%3A0x1.4000000000000p%2B2,82,1.458,2.1831199999999997,2.086456016275179,2.3582460054534993,defined,0.040989779480716956,sensitivity_only
id:x%3A0x1.4000000000000p%2B2,83,1.476,2.19464,2.291303983724821,2.3582460054534993,defined,-0.040989779480716956,sensitivity_only
id:x%3A0x1.4000000000000p%2B2,84,1.494,2.20616,2.1094960162751795,2.3582460054534993,defined,0.040989779480716956,sensitivity_only
id:x%3A0x1.4000000000000p%2B2,85,1.512,2.21768,2.3143439837248208,2.3582460054534997,defined,-0.040989779480716956,sensitivity_only
id:x%3A0x1.4000000000000p%2B2,86,1.53,2.2292,2.1325360162751794,2.3582460054534997,defined,0.040989779480716956,sensitivity_only
id:x%3A0x1.4000000000000p%2B2,87,1.548,2.24072,2.3373839837248207,2.3582460054534997,defined,-0.040989779480716956,sensitivity_only
id:x%3A0x1.4000000000000p%2B2,88,1.566,2.25224,2.1555760162751794,2.3582460054534997,defined,0.040989779480716956,sensitivity_only
id:x%3A0x1.4000000000000p%2B2,89,1.584,2.26376,2.3604239837248207,2.3582460054534997,defined,-0.040989779480716956,sensitivity_only
id:x%3A0x1.4000000000000p%2B2,90,1.602,2.27528,2.1786160162751793,2.3582460054534997,defined,0.040989779480716956,sensitivity_only
id:x%3A0x1.4000000000000p%2B2,91,1.62,2.2868000000000004,2.383463983724821,2.3582460054534997,defined,-0.040989779480716956,sensitivity_only
id:x%3A0x1.4000000000000p%2B2,92,1.638,2.29832,2.2016560162751793,2.3582460054534997,defined,0.040989779480716956,sensitivity_only
id:x%3A0x1.4000000000000p%2B2,93,1.656,2.30984,2.4065039837248206,2.3582460054534997,defined,-0.040989779480716956,sensitivity_only
id:x%3A0x1.4000000000000p%2B2,94,1.674,2.3213600000000003,2.2246960162751797,2.3582460054534997,defined,0.040989779480716956,sensitivity_only
id:x%3A0x1.4000000000000p%2B2,95,1.692,2.3328800000000003,2.429543983724821,2.3582460054534997,defined,-0.040989779480716956,sensitivity_only
id:x%3A0x1.4000000000000p%2B2,96,1.71,2.3444000000000003,2.2477360162751796,2.3582460054534997,defined,0.040989779480716956,sensitivity_only
id:x%3A0x1.4000000000000p%2B2,97,1.728,2.3559200000000002,2.452583983724821,2.3582460054534997,defined,-0.040989779480716956,sensitivity_only
id:x%3A0x1.4000000000000p%2B2,98,1.746,2.36744,2.2707760162751796,2.3582460054534997,defined,0.040989779480716956,sensitivity_only
id:x%3A0x1.4000000000000p%2B2,99,1.764,2.37896,2.475623983724821,2.3582460054534997,defined,-0.040989779480716956,sensitivity_only
id:x%3A0x1.4000000000000p%2B2,100,1.782,2.39048,2.2938160162751795,2.3582460054534997,defined,0.040989779480716956,sensitivity_only
id:x%3A0x1.4000000000000p%2B2,101,1.8,2.402,2.498663983724821,2.3582460054534997,defined,-0.040989779480716956,sensitivity_only
id:x%3A0x1.4000000000000p%2B2,102,1.818,2.41352,2.3168560162751795,2.3582460054534997,defined,0.040989779480716956,sensitivity_only
id:x%3A0x1.4000000000000p%2B2,103,1.836,2.42504,2.5217039837248207,2.3582460054534997,defined,-0.040989779480716956,sensitivity_only
id:x%3A0x1.4000000000000p%2B2,104,1.854,2.43656,2.3398960162751794,2.3582460054534997,defined,0.040989779480716956,sensitivity_only
id:x%3A0x1.4000000000000p%2B2,105,1.872,2.44808,2.5447439837248207,2.3582460054534997,defined,-0.040989779480716956,sensitivity_only
id:x%3A0x1.4000000000000p%2B2,106,1.89,2.4596,2.3629360162751794,2.3582460054534997,defined,0.040989779480716956,sensitivity_only
id:x%3A0x1.4000000000000p%2B2,107,1.908,2.47112,2.5677839837248206,2.3582460054534997,defined,-0.040989779480716956,sensitivity_only
id:x%3A0x1.4000000000000p%2B2,108,1.926,2.48264,2.3859760162751793,2.3582460054534997,defined,0.040989779480716956,sensitivity_only
id:x%3A0x1.4000000000000p%2B2,109,1.944,2.49416,2.5908239837248206,2.3582460054534997,defined,-0.040989779480716956,sensitivity_only
id:x%3A0x1.4000000000000p%2B2,110,1.962,2.50568,2.4090160162751793,2.3582460054534997,defined,0.040989779480716956,sensitivity_only
id:x%3A0x1.4000000000000p%2B2,111,1.98,2.5172,2.6138639837248205,2.3582460054534997,defined,-0.040989779480716956,sensitivity_only
id:x%3A0x1.4000000000000p%2B2,112,1.998,2.52872,2.432056016275179,2.3582460054534997,defined,0.040989779480716956,sensitivity_only
id:x%3A0x1.4000000000000p%2B2,113,2.0,2.5300000000000002,2.626663983724821,2.3582460054534997,defined,-0.040989779480716956,sensitivity_only
id:x%3A0x1.4000000000000p%2B2,114,2.016,2.54024,2.443576016275179,2.3582460054534997,defined,0.040989779480716956,sensitivity_only
id:x%3A0x1.4000000000000p%2B2,115,2.034,2.55176,2.6484239837248205,2.3582460054534997,defined,-0.040989779480716956,sensitivity_only
id:x%3A0x1.4000000000000p%2B2,116,2.052,2.56328,2.466616016275179,2.3582460054534997,defined,0.040989779480716956,sensitivity_only
id:x%3A0x1.4000000000000p%2B2,117,2.07,2.5747999999999998,2.6714639837248204,2.3582460054534997,defined,-0.040989779480716956,sensitivity_only
id:x%3A0x1.4000000000000p%2B2,118,2.088,2.58632,2.4896560162751795,2.3582460054534997,defined,0.040989779480716956,sensitivity_only
id:x%3A0x1.4000000000000p%2B2,119,2.106,2.5978399999999997,2.6945039837248204,2.3582460054534997,defined,-0.040989779480716956,sensitivity_only
id:x%3A0x1.4000000000000p%2B2,120,2.124,2.60936,2.5126960162751795,2.3582460054534997,defined,0.040989779480716956,sensitivity_only
id:x%3A0x1.4000000000000p%2B2,121,2.142,2.6208799999999997,2.7175439837248203,2.3582460054534997,defined,-0.040989779480716956,sensitivity_only
id:x%3A0x1.4000000000000p%2B2,122,2.16,2.6324,2.5357360162751794,2.3582460054534997,defined,0.040989779480716956,sensitivity_only
id:x%3A0x1.4000000000000p%2B2,123,2.178,2.64392,2.7405839837248207,2.3582460054534997,defined,-0.040989779480716956,sensitivity_only
id:x%3A0x1.4000000000000p%2B2,124,2.196,2.6554400000000005,2.55877601627518,2.3582460054534997,defined,0.040989779480716956,sensitivity_only
id:x%3A0x1.4000000000000p%2B2,125,2.214,2.66696,2.7636239837248207,2.3582460054534997,defined,-0.040989779480716956,sensitivity_only
id:x%3A0x1.4000000000000p%2B2,126,2.232,2.6784800000000004,2.5818160162751798,2.3582460054534997,defined,0.040989779480716956,sensitivity_only
id:x%3A0x1.4000000000000p%2B2,127,2.25,2.69,2.7866639837248206,2.3582460054534997,defined,-0.040989779480716956,sensitivity_only
id:x%3A0x1.4000000000000p%2B2,128,2.268,2.70152,2.6048560162751793,2.3582460054534997,defined,0.040989779480716956,sensitivity_only
id:x%3A0x1.4000000000000p%2B2,129,2.286,2.7130400000000003,2.809703983724821,2.3582460054534997,defined,-0.040989779480716956,sensitivity_only
id:x%3A0x1.4000000000000p%2B2,130,2.304,2.72456,2.627896016275179,2.3582460054534997,defined,0.040989779480716956,sensitivity_only
id:x%3A0x1.4000000000000p%2B2,131,2.322,2.7360800000000003,2.832743983724821,2.3582460054534997,defined,-0.040989779480716956,sensitivity_only
id:x%3A0x1.4000000000000p%2B2,132,2.34,2.7476000000000003,2.6509360162751796,2.3582460054534997,defined,0.040989779480716956,sensitivity_only
id:x%3A0x1.4000000000000p%2B2,133,2.358,2.7591200000000002,2.855783983724821,2.3582460054534997,defined,-0.040989779480716956,sensitivity_only
id:x%3A0x1.4000000000000p%2B2,134,2.376,2.77064,2.6739760162751796,2.3582460054534997,defined,0.040989779480716956,sensitivity_only
id:x%3A0x1.4000000000000p%2B2,135,2.394,2.78216,2.878823983724821,2.3582460054534997,defined,-0.040989779480716956,sensitivity_only
id:x%3A0x1.4000000000000p%2B2,136,2.412,2.79368,2.6970160162751795,2.3582460054534997,defined,0.040989779480716956,sensitivity_only
id:x%3A0x1.4000000000000p%2B2,137,2.43,2.8052,2.901863983724821,2.3582460054534997,defined,-0.040989779480716956,sensitivity_only
id:x%3A0x1.4000000000000p%2B2,138,2.448,2.81672,2.7200560162751795,2.3582460054534997,defined,0.040989779480716956,sensitivity_only
id:x%3A0x1.4000000000000p%2B2,139,2.466,2.82824,2.9249039837248207,2.3582460054534997,defined,-0.040989779480716956,sensitivity_only
id:x%3A0x1.4000000000000p%2B2,140,2.484,2.83976,2.7430960162751794,2.3582460054534997,defined,0.040989779480716956,sensitivity_only
id:x%3A0x1.4000000000000p%2B2,141,2.502,2.85128,2.9479439837248207,2.3582460054534997,defined,-0.040989779480716956,sensitivity_only
id:x%3A0x1.4000000000000p%2B2,142,2.52,2.8628,2.7661360162751794,2.3582460054534997,defined,0.040989779480716956,sensitivity_only
id:x%3A0x1.4000000000000p%2B2,143,2.538,2.87432,2.9709839837248206,2.3582460054534997,defined,-0.040989779480716956,sensitivity_only
id:x%3A0x1.4000000000000p%2B2,144,2.556,2.88584,2.7891760162751793,2.3582460054534997,defined,0.040989779480716956,sensitivity_only
id:x%3A0x1.4000000000000p%2B2,145,2.574,2.89736,2.9940239837248206,2.3582460054534997,defined,-0.040989779480716956,sensitivity_only
id:x%3A0x1.4000000000000p%2B2,146,2.592,2.90888,2.8122160162751793,2.3582460054534997,defined,0.040989779480716956,sensitivity_only
id:x%3A0x1.4000000000000p%2B2,147,2.61,2.9204,3.0170639837248205,2.3582460054534997,defined,-0.040989779480716956,sensitivity_only
id:x%3A0x1.4000000000000p%2B2,148,2.628,2.93192,2.835256016275179,2.3582460054534997,defined,0.040989779480716956,sensitivity_only
id:x%3A0x1.4000000000000p%2B2,149,2.646,2.94344,3.0401039837248205,2.3582460054534997,defined,-0.040989779480716956,sensitivity_only
id:x%3A0x1.4000000000000p%2B2,150,2.664,2.95496,2.858296016275179,2.3582460054534997,defined,0.040989779480716956,sensitivity_only
id:x%3A0x1.4000000000000p%2B2,151,2.682,2.96648,3.0631439837248204,2.3582460054534997,defined,-0.040989779480716956,sensitivity_only
id:x%3A0x1.4000000000000p%2B2,152,2.7,2.978,2.8813360162751795,2.3582460054534997,defined,0.040989779480716956,sensitivity_only
id:x%3A0x1.4000000000000p%2B2,153,2.718,2.9895199999999997,3.0861839837248204,2.3582460054534997,defined,-0.040989779480716956,sensitivity_only
id:x%3A0x1.4000000000000p%2B2,154,2.736,3.00104,2.9043760162751795,2.3582460054534997,defined,0.040989779480716956,sensitivity_only
id:x%3A0x1.4000000000000p%2B2,155,2.754,3.01256,3.109223983724821,2.3582460054534997,defined,-0.040989779480716956,sensitivity_only
id:x%3A0x1.4000000000000p%2B2,156,2.772,3.0240799999999997,2.927416016275179,2.3582460054534997,defined,0.040989779480716956,sensitivity_only
id:x%3A0x1.4000000000000p%2B2,157,2.79,3.0356,3.1322639837248207,2.3582460054534997,defined,-0.040989779480716956,sensitivity_only
id:x%3A0x1.4000000000000p%2B2,158,2.808,3.0471199999999996,2.950456016275179,2.3582460054534997,defined,0.040989779480716956,sensitivity_only
id:x%3A0x1.4000000000000p%2B2,159,2.826,3.05864,3.1553039837248207,2.3582460054534997,defined,-0.040989779480716956,sensitivity_only
id:x%3A0x1.4000000000000p%2B2,160,2.844,3.07016,2.9734960162751793,2.3582460054534997,defined,0.040989779480716956,sensitivity_only
id:x%3A0x1.4000000000000p%2B2,161,2.862,3.0816800000000004,3.178343983724821,2.3582460054534997,defined,-0.040989779480716956,sensitivity_only
id:x%3A0x1.4000000000000p%2B2,162,2.88,3.0932,2.9965360162751793,2.3582460054534997,defined,0.040989779480716956,sensitivity_only
id:x%3A0x1.4000000000000p%2B2,163,2.898,3.1047200000000004,3.201383983724821,2.3582460054534997,defined,-0.040989779480716956,sensitivity_only
id:x%3A0x1.4000000000000p%2B2,164,2.916,3.11624,3.0195760162751792,2.3582460054534997,defined,0.040989779480716956,sensitivity_only
id:x%3A0x1.4000000000000p%2B2,165,2.934,3.1277600000000003,3.224423983724821,2.3582460054534997,defined,-0.040989779480716956,sensitivity_only
id:x%3A0x1.4000000000000p%2B2,166,2.952,3.1392800000000003,3.0426160162751796,2.3582460054534997,defined,0.040989779480716956,sensitivity_only
id:x%3A0x1.4000000000000p%2B2,167,2.97,3.1508000000000003,3.247463983724821,2.3582460054534997,defined,-0.040989779480716956,sensitivity_only
id:x%3A0x1.4000000000000p%2B2,168,2.988,3.1623200000000002,3.0656560162751796,2.3582460054534997,defined,0.040989779480716956,sensitivity_only
id:x%3A0x1.4000000000000p%2B2,169,3.0,3.17,3.2666639837248206,2.3582460054534997,defined,-0.040989779480716956,sensitivity_only
id:x%3A0x1.4000000000000p%2B2,170,3.006,3.17384,3.0771760162751796,2.3582460054534997,defined,0.040989779480716956,sensitivity_only
id:x%3A0x1.4000000000000p%2B2,171,3.024,3.18536,3.282023983724821,2.3582460054534997,defined,-0.040989779480716956,sensitivity_only
id:x%3A0x1.4000000000000p%2B2,172,3.042,3.19688,3.1002160162751795,2.3582460054534997,defined,0.040989779480716956,sensitivity_only
id:x%3A0x1.4000000000000p%2B2,173,3.06,3.2084,3.305063983724821,2.3582460054534997,defined,-0.040989779480716956,sensitivity_only
id:x%3A0x1.4000000000000p%2B2,174,3.078,3.21992,3.1232560162751795,2.3582460054534997,defined,0.040989779480716956,sensitivity_only
id:x%3A0x1.4000000000000p%2B2,175,3.096,3.23144,3.3281039837248207,2.3582460054534997,defined,-0.040989779480716956,sensitivity_only
id:x%3A0x1.4000000000000p%2B2,176,3.114,3.24296,3.1462960162751794,2.3582460054534997,defined,0.040989779480716956,sensitivity_only
id:x%3A0x1.4000000000000p%2B2,177,3.132,3.25448,3.3511439837248207,2.3582460054534997,defined,-0.040989779480716956,sensitivity_only
id:x%3A0x1.4000000000000p%2B2,178,3.15,3.266,3.1693360162751794,2.3582460054534997,defined,0.040989779480716956,sensitivity_only
id:x%3A0x1.4000000000000p%2B2,179,3.168,3.27752,3.3741839837248206,2.3582460054534997,defined,-0.040989779480716956,sensitivity_only
id:x%3A0x1.4000000000000p%2B2,180,3.186,3.28904,3.1923760162751793,2.3582460054534997,defined,0.040989779480716956,sensitivity_only
id:x%3A0x1.4000000000000p%2B2,181,3.204,3.30056,3.3972239837248206,2.3582460054534997,defined,-0.040989779480716956,sensitivity_only
id:x%3A0x1.4000000000000p%2B2,182,3.222,3.31208,3.2154160162751793,2.3582460054534997,defined,0.040989779480716956,sensitivity_only
id:x%3A0x1.4000000000000p%2B2,183,3.24,3.3236000000000003,3.420263983724821,2.3582460054534997,defined,-0.040989779480716956,sensitivity_only
id:x%3A0x1.4000000000000p%2B2,184,3.258,3.33512,3.238456016275179,2.3582460054534997,defined,0.040989779480716956,sensitivity_only
id:x%3A0x1.4000000000000p%2B2,185,3.276,3.34664,3.4433039837248205,2.3582460054534997,defined,-0.040989779480716956,sensitivity_only
id:x%3A0x1.4000000000000p%2B2,186,3.294,3.3581600000000003,3.2614960162751796,2.3582460054534997,defined,0.040989779480716956,sensitivity_only
id:x%3A0x1.4000000000000p%2B2,187,3.312,3.36968,3.4663439837248204,2.3582460054534997,defined,-0.040989779480716956,sensitivity_only
id:x%3A0x1.4000000000000p%2B2,188,3.33,3.3812,3.2845360162751795,2.3582460054534997,defined,0.040989779480716956,sensitivity_only
id:x%3A0x1.4000000000000p%2B2,189,3.348,3.39272,3.489383983724821,2.3582460054534997,defined,-0.040989779480716956,sensitivity_only
id:x%3A0x1.4000000000000p%2B2,190,3.366,3.40424,3.3075760162751795,2.3582460054534997,defined,0.040989779480716956,sensitivity_only
id:x%3A0x1.4000000000000p%2B2,191,3.384,3.41576,3.512423983724821,2.3582460054534997,defined,-0.040989779480716956,sensitivity_only
id:x%3A0x1.4000000000000p%2B2,192,3.402,3.42728,3.3306160162751794,2.3582460054534997,defined,0.040989779480716956,sensitivity_only
id:x%3A0x1.4000000000000p%2B2,193,3.42,3.4388,3.5354639837248207,2.3582460054534997,defined,-0.040989779480716956,sensitivity_only
id:x%3A0x1.4000000000000p%2B2,194,3.438,3.45032,3.3536560162751794,2.3582460054534997,defined,0.040989779480716956,sensitivity_only
id:x%3A0x1.4000000000000p%2B2,195,3.456,3.46184,3.5585039837248207,2.3582460054534997,defined,-0.040989779480716956,sensitivity_only
id:x%3A0x1.4000000000000p%2B2,196,3.474,3.47336,3.3766960162751793,2.3582460054534997,defined,0.040989779480716956,sensitivity_only
id:x%3A0x1.4000000000000p%2B2,197,3.492,3.48488,3.5815439837248206,2.3582460054534997,defined,-0.040989779480716956,sensitivity_only
id:x%3A0x1.4000000000000p%2B2,198,3.51,3.4964,3.3997360162751793,2.358246005453502,defined,0.040989779480716956,sensitivity_only
id:x%3A0x1.4000000000000p%2B2,199,3.528,3.50792,3.6045839837248206,2.358246005453502,defined,-0.040989779480716956,sensitivity_only
id:x%3A0x1.4000000000000p%2B2,200,3.546,3.51944,3.4227760162751792,2.358246005453502,defined,0.040989779480716956,sensitivity_only
id:x%3A0x1.4000000000000p%2B2,201,3.564,3.53096,3.6276239837248205,2.358246005453502,defined,-0.040989779480716956,sensitivity_only
id:x%3A0x1.4000000000000p%2B2,202,3.582,3.54248,3.445816016275179,2.358246005453502,defined,0.040989779480716956,sensitivity_only
id:x%3A0x1.4000000000000p%2B2,203,3.6,3.5540000000000003,3.650663983724821,2.358246005453502,defined,-0.040989779480716956,sensitivity_only
id:x%3A0x1.4000000000000p%2B2,204,3.618,3.56552,3.468856016275179,2.358246005453502,defined,0.040989779480716956,sensitivity_only
id:x%3A0x1.4000000000000p%2B2,205,3.636,3.57704,3.673703983724821,2.358246005453502,defined,-0.040989779480716956,sensitivity_only
id:x%3A0x1.4000000000000p%2B2,206,3.654,3.58856,3.4918960162751795,2.358246005453502,defined,0.040989779480716956,sensitivity_only
id:x%3A0x1.4000000000000p%2B2,207,3.672,3.60008,3.696743983724821,2.358246005453502,defined,-0.040989779480716956,sensitivity_only
id:x%3A0x1.4000000000000p%2B2,208,3.69,3.6116,3.5149360162751795,2.358246005453502,defined,0.040989779480716956,sensitivity_only
id:x%3A0x1.4000000000000p%2B2,209,3.708,3.62312,3.7197839837248208,2.358246005453502,defined,-0.040989779480716956,sensitivity_only
id:x%3A0x1.4000000000000p%2B2,210,3.726,3.63464,3.5379760162751794,2.358246005453502,defined,0.040989779480716956,sensitivity_only
id:x%3A0x1.4000000000000p%2B2,211,3.744,3.64616,3.7428239837248207,2.358246005453502,defined,-0.040989779480716956,sensitivity_only
id:x%3A0x1.4000000000000p%2B2,212,3.762,3.65768,3.5610160162751794,2.358246005453502,defined,0.040989779480716956,sensitivity_only
id:x%3A0x1.4000000000000p%2B2,213,3.78,3.6692,3.7658639837248207,2.358246005453502,defined,-0.040989779480716956,sensitivity_only
id:x%3A0x1.4000000000000p%2B2,214,3.798,3.68072,3.5840560162751793,2.358246005453502,defined,0.040989779480716956,sensitivity_only
id:x%3A0x1.4000000000000p%2B2,215,3.816,3.69224,3.7889039837248206,2.358246005453502,defined,-0.040989779480716956,sensitivity_only
id:x%3A0x1.4000000000000p%2B2,216,3.834,3.70376,3.6070960162751793,2.358246005453502,defined,0.040989779480716956,sensitivity_only
id:x%3A0x1.4000000000000p%2B2,217,3.852,3.71528,3.8119439837248206,2.358246005453502,defined,-0.040989779480716956,sensitivity_only
id:x%3A0x1.4000000000000p%2B2,218,3.87,3.7268000000000003,3.6301360162751797,2.358246005453502,defined,0.040989779480716956,sensitivity_only
id:x%3A0x1.4000000000000p%2B2,219,3.888,3.73832,3.8349839837248205,2.358246005453502,defined,-0.040989779480716956,sensitivity_only
id:x%3A0x1.4000000000000p%2B2,220,3.906,3.7498400000000003,3.6531760162751796,2.358246005453502,defined,0.040989779480716956,sensitivity_only
id:x%3A0x1.4000000000000p%2B2,221,3.924,3.76136,3.8580239837248205,2.358246005453502,defined,-0.040989779480716956,sensitivity_only
id:x%3A0x1.4000000000000p%2B2,222,3.942,3.7728800000000002,3.6762160162751796,2.358246005453502,defined,0.040989779480716956,sensitivity_only
id:x%3A0x1.4000000000000p%2B2,223,3.96,3.7844,3.881063983724821,2.358246005453502,defined,-0.040989779480716956,sensitivity_only
id:x%3A0x1.4000000000000p%2B2,224,3.978,3.79592,3.6992560162751795,2.358246005453502,defined,0.040989779480716956,sensitivity_only
id:x%3A0x1.4000000000000p%2B2,225,3.996,3.80744,3.904103983724821,2.358246005453502,defined,-0.040989779480716956,sensitivity_only
id:x%3A0x1.4000000000000p%2B2,226,4.0,3.81,3.7133360162751794,2.358246005453502,defined,0.040989779480716956,sensitivity_only
id:x%3A0x1.4000000000000p%2B2,227,4.014,3.81896,3.915623983724821,2.358246005453502,defined,-0.040989779480716956,sensitivity_only
id:x%3A0x1.4000000000000p%2B2,228,4.032,3.83048,3.7338160162751795,2.358246005453502,defined,0.040989779480716956,sensitivity_only
id:x%3A0x1.4000000000000p%2B2,229,4.05,3.842,3.9386639837248207,2.358246005453502,defined,-0.040989779480716956,sensitivity_only
id:x%3A0x1.4000000000000p%2B2,230,4.068,3.8535199999999996,3.756856016275179,2.358246005453502,defined,0.040989779480716956,sensitivity_only
id:x%3A0x1.4000000000000p%2B2,231,4.086,3.86504,3.9617039837248207,2.358246005453502,defined,-0.040989779480716956,sensitivity_only
id:x%3A0x1.4000000000000p%2B2,232,4.104,3.87656,3.7798960162751793,2.358246005453502,defined,0.040989779480716956,sensitivity_only
id:x%3A0x1.4000000000000p%2B2,233,4.122,3.88808,3.9847439837248206,2.358246005453502,defined,-0.040989779480716956,sensitivity_only
id:x%3A0x1.4000000000000p%2B2,234,4.14,3.8996,3.8029360162751793,2.358246005453502,defined,0.040989779480716956,sensitivity_only
id:x%3A0x1.4000000000000p%2B2,235,4.158,3.9111200000000004,4.0077839837248215,2.358246005453502,defined,-0.040989779480716956,sensitivity_only
id:x%3A0x1.4000000000000p%2B2,236,4.176,3.9226400000000003,3.8259760162751797,2.358246005453502,defined,0.040989779480716956,sensitivity_only
id:x%3A0x1.4000000000000p%2B2,237,4.194,3.93416,4.0308239837248205,2.358246005453502,defined,-0.040989779480716956,sensitivity_only
id:x%3A0x1.4000000000000p%2B2,238,4.212,3.94568,3.849016016275179,2.358246005453502,defined,0.040989779480716956,sensitivity_only
id:x%3A0x1.4000000000000p%2B2,239,4.23,3.9572000000000003,4.053863983724821,2.358246005453502,defined,-0.040989779480716956,sensitivity_only
id:x%3A0x1.4000000000000p%2B2,240,4.248,3.9687200000000002,3.8720560162751796,2.358246005453502,defined,0.040989779480716956,sensitivity_only
id:x%3A0x1.4000000000000p%2B2,241,4.266,3.9802400000000002,4.076903983724821,2.358246005453502,defined,-0.040989779480716956,sensitivity_only
id:x%3A0x1.4000000000000p%2B2,242,4.284,3.9917599999999998,3.895096016275179,2.358246005453502,defined,0.040989779480716956,sensitivity_only
id:x%3A0x1.4000000000000p%2B2,243,4.302,4.00328,4.099943983724821,2.358246005453502,defined,-0.040989779480716956,sensitivity_only
id:x%3A0x1.4000000000000p%2B2,244,4.32,4.0148,3.9181360162751795,2.358246005453502,defined,0.040989779480716956,sensitivity_only
id:x%3A0x1.4000000000000p%2B2,245,4.338,4.02632,4.122983983724821,2.358246005453502,defined,-0.040989779480716956,sensitivity_only
id:x%3A0x1.4000000000000p%2B2,246,4.356,4.03784,3.9411760162751794,2.358246005453502,defined,0.040989779480716956,sensitivity_only
id:x%3A0x1.4000000000000p%2B2,247,4.374,4.04936,4.146023983724821,2.358246005453502,defined,-0.040989779480716956,sensitivity_only
id:x%3A0x1.4000000000000p%2B2,248,4.392,4.060880000000001,3.9642160162751803,2.358246005453502,defined,0.040989779480716956,sensitivity_only
id:x%3A0x1.4000000000000p%2B2,249,4.41,4.0724,4.169063983724821,2.358246005453502,defined,-0.040989779480716956,sensitivity_only
id:x%3A0x1.4000000000000p%2B2,250,4.428,4.08392,3.9872560162751793,2.358246005453502,defined,0.040989779480716956,sensitivity_only
id:x%3A0x1.4000000000000p%2B2,251,4.446,4.09544,4.192103983724821,2.358246005453502,defined,-0.040989779480716956,sensitivity_only
id:x%3A0x1.4000000000000p%2B2,252,4.464,4.106960000000001,4.01029601627518,2.358246005453502,defined,0.040989779480716956,sensitivity_only
id:x%3A0x1.4000000000000p%2B2,253,4.482,4.11848,4.215143983724821,2.358246005453502,defined,-0.040989779480716956,sensitivity_only
id:x%3A0x1.4000000000000p%2B2,254,4.5,4.13,4.033336016275179,2.358246005453502,defined,0.040989779480716956,sensitivity_only
id:x%3A0x1.4000000000000p%2B2,255,4.518,4.14152,4.218851186979856,1.8865968043627994,defined,-0.040989779480716956,sensitivity_only
id:x%3A0x1.4000000000000p%2B2,256,4.536,4.15304,4.075708813020143,1.8865968043627994,defined,0.040989779480716956,sensitivity_only
id:x%3A0x1.4000000000000p%2B2,257,4.554,4.16456,4.241891186979856,1.8865968043627994,defined,-0.040989779480716956,sensitivity_only
id:x%3A0x1.4000000000000p%2B2,258,4.572,4.176080000000001,4.098748813020144,1.8865968043627994,defined,0.040989779480716956,sensitivity_only
id:x%3A0x1.4000000000000p%2B2,259,4.59,4.1876,4.264931186979856,1.8865968043627994,defined,-0.040989779480716956,sensitivity_only
id:x%3A0x1.4000000000000p%2B2,260,4.608,4.19912,4.121788813020143,1.8865968043627994,defined,0.040989779480716956,sensitivity_only
id:x%3A0x1.4000000000000p%2B2,261,4.626,4.21064,4.287971186979856,1.8865968043627994,defined,-0.040989779480716956,sensitivity_only
id:x%3A0x1.4000000000000p%2B2,262,4.644,4.222160000000001,4.144828813020144,1.8865968043627994,defined,0.040989779480716956,sensitivity_only
id:x%3A0x1.4000000000000p%2B2,263,4.662,4.23368,4.311011186979856,1.8865968043627994,defined,-0.040989779480716956,sensitivity_only
id:x%3A0x1.4000000000000p%2B2,264,4.68,4.2452000000000005,4.167868813020144,1.8865968043627994,defined,0.040989779480716956,sensitivity_only
id:x%3A0x1.4000000000000p%2B2,265,4.698,4.2567200000000005,4.334051186979857,1.8865968043627994,defined,-0.040989779480716956,sensitivity_only
id:x%3A0x1.4000000000000p%2B2,266,4.716,4.2682400000000005,4.190908813020144,1.8865968043627994,defined,0.040989779480716956,sensitivity_only
id:x%3A0x1.4000000000000p%2B2,267,4.734,4.27976,4.357091186979856,1.8865968043627994,defined,-0.040989779480716956,sensitivity_only
id:x%3A0x1.4000000000000p%2B2,268,4.752,4.29128,4.213948813020144,1.8865968043627994,defined,0.040989779480716956,sensitivity_only
id:x%3A0x1.4000000000000p%2B2,269,4.77,4.3027999999999995,4.380131186979856,1.8865968043627994,defined,-0.040989779480716956,sensitivity_only
id:x%3A0x1.4000000000000p%2B2,270,4.788,4.31432,4.236988813020144,1.8865968043627994,defined,0.040989779480716956,sensitivity_only
id:x%3A0x1.4000000000000p%2B2,271,4.806,4.3258399999999995,4.403171186979856,1.8865968043627994,defined,-0.040989779480716956,sensitivity_only
id:x%3A0x1.4000000000000p%2B2,272,4.824,4.33736,4.260028813020144,1.8865968043627994,defined,0.040989779480716956,sensitivity_only
id:x%3A0x1.4000000000000p%2B2,273,4.842,4.348879999999999,4.426211186979856,1.8865968043627994,defined,-0.040989779480716956,sensitivity_only
id:x%3A0x1.4000000000000p%2B2,274,4.86,4.3604,4.283068813020144,1.8865968043627994,defined,0.040989779480716956,sensitivity_only
id:x%3A0x1.4000000000000p%2B2,275,4.878,4.37192,4.449251186979857,1.8865968043627994,defined,-0.040989779480716956,sensitivity_only
id:x%3A0x1.4000000000000p%2B2,276,4.896,4.38344,4.306108813020144,1.8865968043627994,defined,0.040989779480716956,sensitivity_only
id:x%3A0x1.4000000000000p%2B2,277,4.914,4.394959999999999,4.472291186979856,1.8865968043627994,defined,-0.040989779480716956,sensitivity_only
id:x%3A0x1.4000000000000p%2B2,278,4.932,4.40648,4.329148813020144,1.8865968043627994,defined,0.040989779480716956,sensitivity_only
id:x%3A0x1.4000000000000p%2B2,279,4.95,4.418,4.495331186979857,1.8865968043627994,defined,-0.040989779480716956,sensitivity_only
id:x%3A0x1.4000000000000p%2B2,280,4.968,4.42952,4.352188813020144,1.8865968043627994,defined,0.040989779480716956,sensitivity_only
id:x%3A0x1.4000000000000p%2B2,281,4.986,4.44104,4.518371186979857,1.8865968043627994,defined,-0.040989779480716956,sensitivity_only
id:x%3A0x1.4000000000000p%2B2,282,5.0,4.45,4.372668813020144,1.8865968043627994,defined,0.040989779480716956,sensitivity_only
id:x%3A0x1.4000000000000p%2B2,283,5.004,4.45256,4.529891186979857,1.8865968043627994,defined,-0.040989779480716956,sensitivity_only
id:x%3A0x1.4000000000000p%2B2,284,5.022,4.46408,4.3867488130201435,1.8865968043627994,defined,0.040989779480716956,sensitivity_only
id:x%3A0x1.4000000000000p%2B2,285,5.04,4.4756,4.5529311869798565,1.8865968043627994,defined,-0.040989779480716956,sensitivity_only
id:x%3A0x1.4000000000000p%2B2,286,5.058,4.48712,4.4097888130201435,1.8865968043627994,defined,0.040989779480716956,sensitivity_only
id:x%3A0x1.4000000000000p%2B2,287,5.076,4.49864,4.5759711869798565,1.8865968043627994,defined,-0.040989779480716956,sensitivity_only
id:x%3A0x1.4000000000000p%2B2,288,5.094,4.510160000000001,4.432828813020144,1.8865968043627994,defined,0.040989779480716956,sensitivity_only
id:x%3A0x1.4000000000000p%2B2,289,5.112,4.52168,4.5990111869798564,1.8865968043627994,defined,-0.040989779480716956,sensitivity_only
id:x%3A0x1.4000000000000p%2B2,290,5.13,4.5332,4.455868813020143,1.8865968043627994,defined,0.040989779480716956,sensitivity_only
id:x%3A0x1.4000000000000p%2B2,291,5.148,4.54472,4.622051186979856,1.8865968043627994,defined,-0.040989779480716956,sensitivity_only
id:x%3A0x1.4000000000000p%2B2,292,5.166,4.556240000000001,4.478908813020144,1.8865968043627994,defined,0.040989779480716956,sensitivity_only
id:x%3A0x1.4000000000000p%2B2,293,5.184,4.56776,4.645091186979856,1.8865968043627994,defined,-0.040989779480716956,sensitivity_only
id:x%3A0x1.4000000000000p%2B2,294,5.202,4.579280000000001,4.501948813020144,1.8865968043627994,defined,0.040989779480716956,sensitivity_only
id:x%3A0x1.4000000000000p%2B2,295,5.22,4.5908,4.668131186979856,1.8865968043627994,defined,-0.040989779480716956,sensitivity_only
id:x%3A0x1.4000000000000p%2B2,296,5.238,4.602320000000001,4.524988813020144,1.8865968043627994,defined,0.040989779480716956,sensitivity_only
id:x%3A0x1.4000000000000p%2B2,297,5.256,4.61384,4.691171186979856,1.8865968043627994,defined,-0.040989779480716956,sensitivity_only
id:x%3A0x1.4000000000000p%2B2,298,5.274,4.625360000000001,4.548028813020144,1.8865968043627994,defined,0.040989779480716956,sensitivity_only
id:x%3A0x1.4000000000000p%2B2,299,5.292,4.63688,4.714211186979856,1.8865968043627994,defined,-0.040989779480716956,sensitivity_only
id:x%3A0x1.4000000000000p%2B2,300,5.31,4.6484,4.571068813020143,1.8865968043627994,defined,0.040989779480716956,sensitivity_only
id:x%3A0x1.4000000000000p%2B2,301,5.328,4.65992,4.737251186979856,1.8865968043627994,defined,-0.040989779480716956,sensitivity_only
id:x%3A0x1.4000000000000p%2B2,302,5.346,4.6714400000000005,4.594108813020144,1.8865968043627994,defined,0.040989779480716956,sensitivity_only
id:x%3A0x1.4000000000000p%2B2,303,5.364,4.68296,4.760291186979856,1.8865968043627994,defined,-0.040989779480716956,sensitivity_only
id:x%3A0x1.4000000000000p%2B2,304,5.382,4.69448,4.617148813020144,1.8865968043627994,defined,0.040989779480716956,sensitivity_only
id:x%3A0x1.4000000000000p%2B2,305,5.4,4.706,4.783331186979857,1.8865968043627994,defined,-0.040989779480716956,sensitivity_only
id:x%3A0x1.4000000000000p%2B2,306,5.418,4.71752,4.640188813020144,1.8865968043627994,defined,0.040989779480716956,sensitivity_only
id:x%3A0x1.4000000000000p%2B2,307,5.436,4.7290399999999995,4.806371186979856,1.8865968043627994,defined,-0.040989779480716956,sensitivity_only
id:x%3A0x1.4000000000000p%2B2,308,5.454,4.74056,4.663228813020144,1.8865968043627994,defined,0.040989779480716956,sensitivity_only
id:x%3A0x1.4000000000000p%2B2,309,5.472,4.75208,4.829411186979857,1.8865968043627994,defined,-0.040989779480716956,sensitivity_only
id:x%3A0x1.4000000000000p%2B2,310,5.49,4.7636,4.686268813020144,1.8865968043627994,defined,0.040989779480716956,sensitivity_only
id:x%3A0x1.4000000000000p%2B2,311,5.5,4.77,4.847331186979856,1.8865968043627994,defined,-0.040989779480716956,sensitivity_only
id:x%3A0x1.4000000000000p%2B2,312,5.508,4.77512,4.668789617902697,2.594070605998847,defined,0.040989779480716956,sensitivity_only
id:x%3A0x1.4000000000000p%2B2,313,5.526,4.78664,4.892970382097303,2.594070605998847,defined,-0.040989779480716956,sensitivity_only
id:x%3A0x1.4000000000000p%2B2,314,5.544,4.798159999999999,4.691829617902696,2.594070605998847,defined,0.040989779480716956,sensitivity_only
id:x%3A0x1.4000000000000p%2B2,315,5.562,4.80968,4.916010382097303,2.594070605998847,defined,-0.040989779480716956,sensitivity_only
id:x%3A0x1.4000000000000p%2B2,316,5.58,4.8212,4.714869617902697,2.594070605998847,defined,0.040989779480716956,sensitivity_only
id:x%3A0x1.4000000000000p%2B2,317,5.598,4.83272,4.939050382097303,2.594070605998847,defined,-0.040989779480716956,sensitivity_only
id:x%3A0x1.4000000000000p%2B2,318,5.616,4.844239999999999,4.737909617902696,2.594070605998847,defined,0.040989779480716956,sensitivity_only
id:x%3A0x1.4000000000000p%2B2,319,5.634,4.85576,4.962090382097303,2.594070605998847,defined,-0.040989779480716956,sensitivity_only
id:x%3A0x1.4000000000000p%2B2,320,5.652,4.86728,4.760949617902697,2.594070605998847,defined,0.040989779480716956,sensitivity_only
id:x%3A0x1.4000000000000p%2B2,321,5.67,4.8788,4.985130382097303,2.594070605998847,defined,-0.040989779480716956,sensitivity_only
id:x%3A0x1.4000000000000p%2B2,322,5.688,4.89032,4.783989617902697,2.594070605998847,defined,0.040989779480716956,sensitivity_only
id:x%3A0x1.4000000000000p%2B2,323,5.706,4.90184,5.008170382097303,2.594070605998847,defined,-0.040989779480716956,sensitivity_only
id:x%3A0x1.4000000000000p%2B2,324,5.724,4.913360000000001,4.807029617902698,2.594070605998847,defined,0.040989779480716956,sensitivity_only
id:x%3A0x1.4000000000000p%2B2,325,5.742,4.92488,5.031210382097303,2.594070605998847,defined,-0.040989779480716956,sensitivity_only
id:x%3A0x1.4000000000000p%2B2,326,5.76,4.9364,4.830069617902697,2.594070605998847,defined,0.040989779480716956,sensitivity_only
id:x%3A0x1.4000000000000p%2B2,327,5.778,4.94792,5.054250382097303,2.594070605998847,defined,-0.040989779480716956,sensitivity_only
id:x%3A0x1.4000000000000p%2B2,328,5.796,4.959440000000001,4.853109617902698,2.594070605998847,defined,0.040989779480716956,sensitivity_only
id:x%3A0x1.4000000000000p%2B2,329,5.814,4.97096,5.077290382097303,2.594070605998847,defined,-0.040989779480716956,sensitivity_only
id:x%3A0x1.4000000000000p%2B2,330,5.832,4.98248,4.876149617902697,2.594070605998847,defined,0.040989779480716956,sensitivity_only
id:x%3A0x1.4000000000000p%2B2,331,5.85,4.994,5.100330382097303,2.594070605998847,defined,-0.040989779480716956,sensitivity_only
id:x%3A0x1.4000000000000p%2B2,332,5.868,5.005520000000001,4.899189617902698,2.594070605998847,defined,0.040989779480716956,sensitivity_only
id:x%3A0x1.4000000000000p%2B2,333,5.886,5.01704,5.123370382097303,2.594070605998847,defined,-0.040989779480716956,sensitivity_only
id:x%3A0x1.4000000000000p%2B2,334,5.904,5.028560000000001,4.922229617902698,2.594070605998847,defined,0.040989779480716956,sensitivity_only
id:x%3A0x1.4000000000000p%2B2,335,5.922,5.04008,5.146410382097303,2.594070605998847,defined,-0.040989779480716956,sensitivity_only
id:x%3A0x1.4000000000000p%2B2,336,5.94,5.0516000000000005,4.945269617902698,2.594070605998847,defined,0.040989779480716956,sensitivity_only
id:x%3A0x1.4000000000000p%2B2,337,5.958,5.06312,5.169450382097303,2.594070605998847,defined,-0.040989779480716956,sensitivity_only
id:x%3A0x1.4000000000000p%2B2,338,5.976,5.0746400000000005,4.9683096179026975,2.594070605998847,defined,0.040989779480716956,sensitivity_only
id:x%3A0x1.4000000000000p%2B2,339,5.994,5.08616,5.1924903820973025,2.594070605998847,defined,-0.040989779480716956,sensitivity_only
id:x%3A0x1.4000000000000p%2B2,340,6.0,5.09,4.983669617902697,2.594070605998847,defined,0.040989779480716956,sensitivity_only
id:x%3A0x1.4000000000000p%2B2,341,6.012,5.09768,5.204010382097303,2.594070605998847,defined,-0.040989779480716956,sensitivity_only
id:x%3A0x1.4000000000000p%2B2,342,6.03,5.1092,5.0028696179026975,2.594070605998847,defined,0.040989779480716956,sensitivity_only
id:x%3A0x1.4000000000000p%2B2,343,6.048,5.12072,5.227050382097303,2.594070605998847,defined,-0.040989779480716956,sensitivity_only
id:x%3A0x1.4000000000000p%2B2,344,6.066,5.1322399999999995,5.0259096179026965,2.594070605998847,defined,0.040989779480716956,sensitivity_only
id:x%3A0x1.4000000000000p%2B2,345,6.084,5.14376,5.250090382097303,2.594070605998847,defined,-0.040989779480716956,sensitivity_only
id:x%3A0x1.4000000000000p%2B2,346,6.102,5.15528,5.048949617902697,2.594070605998847,defined,0.040989779480716956,sensitivity_only
id:x%3A0x1.4000000000000p%2B2,347,6.12,5.1668,5.273130382097303,2.594070605998847,defined,-0.040989779480716956,sensitivity_only
id:x%3A0x1.4000000000000p%2B2,348,6.138,5.178319999999999,5.071989617902696,2.594070605998847,defined,0.040989779480716956,sensitivity_only
id:x%3A0x1.4000000000000p%2B2,349,6.156,5.18984,5.296170382097303,2.594070605998847,defined,-0.040989779480716956,sensitivity_only
id:x%3A0x1.4000000000000p%2B2,350,6.174,5.20136,5.095029617902697,2.594070605998847,defined,0.040989779480716956,sensitivity_only
id:x%3A0x1.4000000000000p%2B2,351,6.192,5.21288,5.319210382097303,2.594070605998847,defined,-0.040989779480716956,sensitivity_only
id:x%3A0x1.4000000000000p%2B2,352,6.21,5.2244,5.118069617902697,2.594070605998847,defined,0.040989779480716956,sensitivity_only
id:x%3A0x1.4000000000000p%2B2,353,6.228,5.23592,5.342250382097303,2.594070605998847,defined,-0.040989779480716956,sensitivity_only
id:x%3A0x1.4000000000000p%2B2,354,6.246,5.247440000000001,5.141109617902698,2.594070605998847,defined,0.040989779480716956,sensitivity_only
id:x%3A0x1.4000000000000p%2B2,355,6.264,5.25896,5.365290382097303,2.594070605998847,defined,-0.040989779480716956,sensitivity_only
id:x%3A0x1.4000000000000p%2B2,356,6.282,5.27048,5.164149617902697,2.594070605998847,defined,0.040989779480716956,sensitivity_only
id:x%3A0x1.4000000000000p%2B2,357,6.3,5.282,5.388330382097303,2.594070605998847,defined,-0.040989779480716956,sensitivity_only
id:x%3A0x1.4000000000000p%2B2,358,6.318,5.29352,5.187189617902697,2.594070605998847,defined,0.040989779480716956,sensitivity_only
id:x%3A0x1.4000000000000p%2B2,359,6.336,5.30504,5.411370382097303,2.594070605998847,defined,-0.040989779480716956,sensitivity_only
id:x%3A0x1.4000000000000p%2B2,360,6.354,5.31656,5.210229617902697,2.594070605998847,defined,0.040989779480716956,sensitivity_only
id:x%3A0x1.4000000000000p%2B2,361,6.372,5.32808,5.434410382097303,2.594070605998847,defined,-0.040989779480716956,sensitivity_only
id:x%3A0x1.4000000000000p%2B2,362,6.39,5.3396,5.233269617902697,2.594070605998847,defined,0.040989779480716956,sensitivity_only
id:x%3A0x1.4000000000000p%2B2,363,6.408,5.35112,5.457450382097303,2.594070605998847,defined,-0.040989779480716956,sensitivity_only
id:x%3A0x1.4000000000000p%2B2,364,6.426,5.36264,5.256309617902697,2.594070605998847,defined,0.040989779480716956,sensitivity_only
id:x%3A0x1.4000000000000p%2B2,365,6.444,5.37416,5.480490382097303,2.594070605998847,defined,-0.040989779480716956,sensitivity_only
id:x%3A0x1.4000000000000p%2B2,366,6.462,5.38568,5.279349617902697,2.594070605998847,defined,0.040989779480716956,sensitivity_only
id:x%3A0x1.4000000000000p%2B2,367,6.48,5.397200000000001,5.503530382097304,2.594070605998847,defined,-0.040989779480716956,sensitivity_only
id:x%3A0x1.4000000000000p%2B2,368,6.498,5.408720000000001,5.302389617902698,2.594070605998847,defined,0.040989779480716956,sensitivity_only
id:x%3A0x1.4000000000000p%2B2,369,6.516,5.42024,5.51690398372482,2.3582460054534993,defined,-0.040989779480716956,sensitivity_only
id:x%3A0x1.4000000000000p%2B2,370,6.534,5.43176,5.3350960162751795,2.3582460054534993,defined,0.040989779480716956,sensitivity_only
id:x%3A0x1.4000000000000p%2B2,371,6.552,5.44328,5.53994398372482,2.3582460054534993,defined,-0.040989779480716956,sensitivity_only
id:x%3A0x1.4000000000000p%2B2,372,6.57,5.4548000000000005,5.35813601627518,2.3582460054534993,defined,0.040989779480716956,sensitivity_only
id:x%3A0x1.4000000000000p%2B2,373,6.588,5.4663200000000005,5.562983983724821,2.3582460054534993,defined,-0.040989779480716956,sensitivity_only
id:x%3A0x1.4000000000000p%2B2,374,6.606,5.47784,5.381176016275179,2.3582460054534993,defined,0.040989779480716956,sensitivity_only
id:x%3A0x1.4000000000000p%2B2,375,6.624,5.48936,5.58602398372482,2.3582460054534993,defined,-0.040989779480716956,sensitivity_only
id:x%3A0x1.4000000000000p%2B2,376,6.642,5.50088,5.40421601627518,2.3582460054534993,defined,0.040989779480716956,sensitivity_only
id:x%3A0x1.4000000000000p%2B2,377,6.66,5.5124,5.609063983724821,2.3582460054534993,defined,-0.040989779480716956,sensitivity_only
id:x%3A0x1.4000000000000p%2B2,378,6.678,5.52392,5.42725601627518,2.3582460054534993,defined,0.040989779480716956,sensitivity_only
id:x%3A0x1.4000000000000p%2B2,379,6.696,5.53544,5.632103983724821,2.3582460054534993,defined,-0.040989779480716956,sensitivity_only
id:x%3A0x1.4000000000000p%2B2,380,6.714,5.54696,5.45029601627518,2.3582460054534993,defined,0.040989779480716956,sensitivity_only
id:x%3A0x1.4000000000000p%2B2,381,6.732,5.55848,5.6551439837248205,2.3582460054534993,defined,-0.040989779480716956,sensitivity_only
id:x%3A0x1.4000000000000p%2B2,382,6.75,5.57,5.47333601627518,2.3582460054534993,defined,0.040989779480716956,sensitivity_only
id:x%3A0x1.4000000000000p%2B2,383,6.768,5.58152,5.6781839837248205,2.3582460054534993,defined,-0.040989779480716956,sensitivity_only
id:x%3A0x1.4000000000000p%2B2,384,6.786,5.59304,5.49637601627518,2.3582460054534993,defined,0.040989779480716956,sensitivity_only
id:x%3A0x1.4000000000000p%2B2,385,6.804,5.60456,5.70122398372482,2.3582460054534993,defined,-0.040989779480716956,sensitivity_only
id:x%3A0x1.4000000000000p%2B2,386,6.822,5.61608,5.51941601627518,2.3582460054534993,defined,0.040989779480716956,sensitivity_only
id:x%3A0x1.4000000000000p%2B2,387,6.84,5.6276,5.72426398372482,2.3582460054534993,defined,-0.040989779480716956,sensitivity_only
id:x%3A0x1.4000000000000p%2B2,388,6.858,5.63912,5.54245601627518,2.3582460054534993,defined,0.040989779480716956,sensitivity_only
id:x%3A0x1.4000000000000p%2B2,389,6.876,5.65064,5.74730398372482,2.3582460054534993,defined,-0.040989779480716956,sensitivity_only
id:x%3A0x1.4000000000000p%2B2,390,6.894,5.66216,5.56549601627518,2.3582460054534993,defined,0.040989779480716956,sensitivity_only
id:x%3A0x1.4000000000000p%2B2,391,6.912,5.67368,5.77034398372482,2.3582460054534993,defined,-0.040989779480716956,sensitivity_only
id:x%3A0x1.4000000000000p%2B2,392,6.93,5.6852,5.58853601627518,2.3582460054534993,defined,0.040989779480716956,sensitivity_only
id:x%3A0x1.4000000000000p%2B2,393,6.948,5.69672,5.79338398372482,2.3582460054534993,defined,-0.040989779480716956,sensitivity_only
id:x%3A0x1.4000000000000p%2B2,394,6.966,5.70824,5.61157601627518,2.3582460054534993,defined,0.040989779480716956,sensitivity_only
id:x%3A0x1.4000000000000p%2B2,395,6.984,5.71976,5.81642398372482,2.3582460054534993,defined,-0.040989779480716956,sensitivity_only
id:x%3A0x1.4000000000000p%2B2,396,7.0,5.73,5.63333601627518,2.3582460054534993,defined,0.040989779480716956,sensitivity_only
id:x%3A0x1.4000000000000p%2B2,397,7.002,5.73128,5.82794398372482,2.3582460054534993,defined,-0.040989779480716956,sensitivity_only
id:x%3A0x1.4000000000000p%2B2,398,7.02,5.7428,5.64613601627518,2.3582460054534993,defined,0.040989779480716956,sensitivity_only
id:x%3A0x1.4000000000000p%2B2,399,7.038,5.75432,5.85098398372482,2.3582460054534993,defined,-0.040989779480716956,sensitivity_only
id:x%3A0x1.4000000000000p%2B2,400,7.056,5.76584,5.66917601627518,2.3582460054534993,defined,0.040989779480716956,sensitivity_only
id:x%3A0x1.4000000000000p%2B2,401,7.074,5.77736,5.87402398372482,2.3582460054534993,defined,-0.040989779480716956,sensitivity_only
id:x%3A0x1.4000000000000p%2B2,402,7.092,5.78888,5.69221601627518,2.3582460054534993,defined,0.040989779480716956,sensitivity_only
id:x%3A0x1.4000000000000p%2B2,403,7.11,5.800400000000001,5.897063983724821,2.3582460054534993,defined,-0.040989779480716956,sensitivity_only
id:x%3A0x1.4000000000000p%2B2,404,7.128,5.81192,5.7152560162751795,2.3582460054534993,defined,0.040989779480716956,sensitivity_only
id:x%3A0x1.4000000000000p%2B2,405,7.146,5.82344,5.92010398372482,2.3582460054534993,defined,-0.040989779480716956,sensitivity_only
id:x%3A0x1.4000000000000p%2B2,406,7.164,5.83496,5.7382960162751795,2.3582460054534993,defined,0.040989779480716956,sensitivity_only
id:x%3A0x1.4000000000000p%2B2,407,7.182,5.846480000000001,5.943143983724821,2.3582460054534993,defined,-0.040989779480716956,sensitivity_only
id:x%3A0x1.4000000000000p%2B2,408,7.2,5.8580000000000005,5.76133601627518,2.3582460054534993,defined,0.040989779480716956,sensitivity_only
id:x%3A0x1.4000000000000p%2B2,409,7.218,5.8695200000000005,5.966183983724821,2.3582460054534993,defined,-0.040989779480716956,sensitivity_only
id:x%3A0x1.4000000000000p%2B2,410,7.236,5.88104,5.784376016275179,2.3582460054534993,defined,0.040989779480716956,sensitivity_only
id:x%3A0x1.4000000000000p%2B2,411,7.254,5.89256,5.98922398372482,2.3582460054534993,defined,-0.040989779480716956,sensitivity_only
id:x%3A0x1.4000000000000p%2B2,412,7.272,5.90408,5.80741601627518,2.3582460054534993,defined,0.040989779480716956,sensitivity_only
id:x%3A0x1.4000000000000p%2B2,413,7.29,5.9156,6.012263983724821,2.3582460054534993,defined,-0.040989779480716956,sensitivity_only
id:x%3A0x1.4000000000000p%2B2,414,7.308,5.92712,5.83045601627518,2.3582460054534993,defined,0.040989779480716956,sensitivity_only
id:x%3A0x1.4000000000000p%2B2,415,7.326,5.9386399999999995,6.03530398372482,2.3582460054534993,defined,-0.040989779480716956,sensitivity_only
id:x%3A0x1.4000000000000p%2B2,416,7.344,5.95016,5.85349601627518,2.3582460054534993,defined,0.040989779480716956,sensitivity_only
id:x%3A0x1.4000000000000p%2B2,417,7.362,5.96168,6.0583439837248205,2.3582460054534993,defined,-0.040989779480716956,sensitivity_only
id:x%3A0x1.4000000000000p%2B2,418,7.38,5.9732,5.87653601627518,2.3582460054534993,defined,0.040989779480716956,sensitivity_only
id:x%3A0x1.4000000000000p%2B2,419,7.398,5.98472,6.0813839837248205,2.3582460054534993,defined,-0.040989779480716956,sensitivity_only
id:x%3A0x1.4000000000000p%2B2,420,7.416,5.99624,5.89957601627518,2.3582460054534993,defined,0.040989779480716956,sensitivity_only
id:x%3A0x1.4000000000000p%2B2,421,7.434,6.00776,6.10442398372482,2.3582460054534993,defined,-0.040989779480716956,sensitivity_only
id:x%3A0x1.4000000000000p%2B2,422,7.452,6.01928,5.92261601627518,2.3582460054534993,defined,0.040989779480716956,sensitivity_only
id:x%3A0x1.4000000000000p%2B2,423,7.47,6.0308,6.12746398372482,2.3582460054534993,defined,-0.040989779480716956,sensitivity_only
id:x%3A0x1.4000000000000p%2B2,424,7.488,6.04232,5.94565601627518,2.3582460054534993,defined,0.040989779480716956,sensitivity_only
id:x%3A0x1.4000000000000p%2B2,425,7.506,6.05384,6.150503983724821,2.358246005453502,defined,-0.040989779480716956,sensitivity_only
id:x%3A0x1.4000000000000p%2B2,426,7.524,6.06536,5.968696016275179,2.358246005453502,defined,0.040989779480716956,sensitivity_only
id:x%3A0x1.4000000000000p%2B2,427,7.542,6.07688,6.173543983724821,2.358246005453502,defined,-0.040989779480716956,sensitivity_only
id:x%3A0x1.4000000000000p%2B2,428,7.56,6.0884,5.991736016275179,2.358246005453502,defined,0.040989779480716956,sensitivity_only
id:x%3A0x1.4000000000000p%2B2,429,7.578,6.09992,6.196583983724821,2.358246005453502,defined,-0.040989779480716956,sensitivity_only
id:x%3A0x1.4000000000000p%2B2,430,7.596,6.11144,6.014776016275179,2.358246005453502,defined,0.040989779480716956,sensitivity_only
id:x%3A0x1.4000000000000p%2B2,431,7.614,6.12296,6.219623983724821,2.358246005453502,defined,-0.040989779480716956,sensitivity_only
id:x%3A0x1.4000000000000p%2B2,432,7.632,6.13448,6.037816016275179,2.358246005453502,defined,0.040989779480716956,sensitivity_only
id:x%3A0x1.4000000000000p%2B2,433,7.65,6.146,6.242663983724821,2.358246005453502,defined,-0.040989779480716956,sensitivity_only
id:x%3A0x1.4000000000000p%2B2,434,7.668,6.15752,6.060856016275179,2.358246005453502,defined,0.040989779480716956,sensitivity_only
id:x%3A0x1.4000000000000p%2B2,435,7.686,6.16904,6.265703983724821,2.358246005453502,defined,-0.040989779480716956,sensitivity_only
id:x%3A0x1.4000000000000p%2B2,436,7.704,6.18056,6.083896016275179,2.358246005453502,defined,0.040989779480716956,sensitivity_only
id:x%3A0x1.4000000000000p%2B2,437,7.722,6.192080000000001,6.288743983724822,2.358246005453502,defined,-0.040989779480716956,sensitivity_only
id:x%3A0x1.4000000000000p%2B2,438,7.74,6.203600000000001,6.10693601627518,2.358246005453502,defined,0.040989779480716956,sensitivity_only
id:x%3A0x1.4000000000000p%2B2,439,7.758,6.21512,6.311783983724821,2.358246005453502,defined,-0.040989779480716956,sensitivity_only
id:x%3A0x1.4000000000000p%2B2,440,7.776,6.22664,6.129976016275179,2.358246005453502,defined,0.040989779480716956,sensitivity_only
id:x%3A0x1.4000000000000p%2B2,441,7.794,6.23816,6.334823983724821,2.358246005453502,defined,-0.040989779480716956,sensitivity_only
id:x%3A0x1.4000000000000p%2B2,442,7.812,6.249680000000001,6.1530160162751795,2.358246005453502,defined,0.040989779480716956,sensitivity_only
id:x%3A0x1.4000000000000p%2B2,443,7.83,6.2612000000000005,6.357863983724822,2.358246005453502,defined,-0.040989779480716956,sensitivity_only
id:x%3A0x1.4000000000000p%2B2,444,7.848,6.27272,6.1760560162751785,2.358246005453502,defined,0.040989779480716956,sensitivity_only
id:x%3A0x1.4000000000000p%2B2,445,7.866,6.28424,6.380903983724821,2.358246005453502,defined,-0.040989779480716956,sensitivity_only
id:x%3A0x1.4000000000000p%2B2,446,7.884,6.2957600000000005,6.199096016275179,2.358246005453502,defined,0.040989779480716956,sensitivity_only
id:x%3A0x1.4000000000000p%2B2,447,7.902,6.30728,6.4039439837248215,2.358246005453502,defined,-0.040989779480716956,sensitivity_only
id:x%3A0x1.4000000000000p%2B2,448,7.92,6.3188,6.222136016275179,2.358246005453502,defined,0.040989779480716956,sensitivity_only
id:x%3A0x1.4000000000000p%2B2,449,7.938,6.3303199999999995,6.426983983724821,2.358246005453502,defined,-0.040989779480716956,sensitivity_only
id:x%3A0x1.4000000000000p%2B2,450,7.956,6.34184,6.245176016275179,2.358246005453502,defined,0.040989779480716956,sensitivity_only
id:x%3A0x1.4000000000000p%2B2,451,7.974,6.35336,6.450023983724821,2.358246005453502,defined,-0.040989779480716956,sensitivity_only
id:x%3A0x1.4000000000000p%2B2,452,7.992,6.36488,6.268216016275179,2.358246005453502,defined,0.040989779480716956,sensitivity_only
id:x%3A0x1.4000000000000p%2B2,453,8.0,6.37,6.466663983724821,2.358246005453502,defined,-0.040989779480716956,sensitivity_only
id:x%3A0x1.4000000000000p%2B2,454,8.01,6.3764,6.279736016275179,2.358246005453502,defined,0.040989779480716956,sensitivity_only
id:x%3A0x1.4000000000000p%2B2,455,8.028,6.38792,6.484583983724821,2.358246005453502,defined,-0.040989779480716956,sensitivity_only
id:x%3A0x1.4000000000000p%2B2,456,8.046,6.399439999999999,6.302776016275178,2.358246005453502,defined,0.040989779480716956,sensitivity_only
id:x%3A0x1.4000000000000p%2B2,457,8.064,6.41096,6.507623983724821,2.358246005453502,defined,-0.040989779480716956,sensitivity_only
id:x%3A0x1.4000000000000p%2B2,458,8.082,6.42248,6.325816016275179,2.358246005453502,defined,0.040989779480716956,sensitivity_only
id:x%3A0x1.4000000000000p%2B2,459,8.1,6.434,6.530663983724821,2.358246005453502,defined,-0.040989779480716956,sensitivity_only
id:x%3A0x1.4000000000000p%2B2,460,8.118,6.44552,6.348856016275179,2.358246005453502,defined,0.040989779480716956,sensitivity_only
id:x%3A0x1.4000000000000p%2B2,461,8.136,6.457039999999999,6.55370398372482,2.358246005453502,defined,-0.040989779480716956,sensitivity_only
id:x%3A0x1.4000000000000p%2B2,462,8.154,6.46856,6.371896016275179,2.358246005453502,defined,0.040989779480716956,sensitivity_only
id:x%3A0x1.4000000000000p%2B2,463,8.172,6.48008,6.576743983724821,2.358246005453502,defined,-0.040989779480716956,sensitivity_only
id:x%3A0x1.4000000000000p%2B2,464,8.19,6.4916,6.394936016275179,2.358246005453502,defined,0.040989779480716956,sensitivity_only
id:x%3A0x1.4000000000000p%2B2,465,8.208,6.50312,6.599783983724821,2.358246005453502,defined,-0.040989779480716956,sensitivity_only
id:x%3A0x1.4000000000000p%2B2,466,8.226,6.514640000000001,6.41797601627518,2.358246005453502,defined,0.040989779480716956,sensitivity_only
id:x%3A0x1.4000000000000p%2B2,467,8.244,6.52616,6.622823983724821,2.358246005453502,defined,-0.040989779480716956,sensitivity_only
id:x%3A0x1.4000000000000p%2B2,468,8.262,6.537680000000001,6.44101601627518,2.358246005453502,defined,0.040989779480716956,sensitivity_only
id:x%3A0x1.4000000000000p%2B2,469,8.28,6.5492,6.645863983724821,2.358246005453502,defined,-0.040989779480716956,sensitivity_only
id:x%3A0x1.4000000000000p%2B2,470,8.298,6.56072,6.464056016275179,2.358246005453502,defined,0.040989779480716956,sensitivity_only
id:x%3A0x1.4000000000000p%2B2,471,8.316,6.572240000000001,6.668903983724822,2.358246005453502,defined,-0.040989779480716956,sensitivity_only
id:x%3A0x1.4000000000000p%2B2,472,8.334,6.58376,6.487096016275179,2.358246005453502,defined,0.040989779480716956,sensitivity_only
id:x%3A0x1.4000000000000p%2B2,473,8.352,6.595280000000001,6.691943983724822,2.358246005453502,defined,-0.040989779480716956,sensitivity_only
id:x%3A0x1.4000000000000p%2B2,474,8.37,6.6068,6.510136016275179,2.358246005453502,defined,0.040989779480716956,sensitivity_only
id:x%3A0x1.4000000000000p%2B2,475,8.388,6.61832,6.714983983724821,2.358246005453502,defined,-0.040989779480716956,sensitivity_only
id:x%3A0x1.4000000000000p%2B2,476,8.406,6.629840000000001,6.5331760162751795,2.358246005453502,defined,0.040989779480716956,sensitivity_only
id:x%3A0x1.4000000000000p%2B2,477,8.424,6.64136,6.738023983724821,2.358246005453502,defined,-0.040989779480716956,sensitivity_only
id:x%3A0x1.4000000000000p%2B2,478,8.442,6.652880000000001,6.5562160162751795,2.358246005453502,defined,0.040989779480716956,sensitivity_only
id:x%3A0x1.4000000000000p%2B2,479,8.46,6.6644000000000005,6.761063983724822,2.358246005453502,defined,-0.040989779480716956,sensitivity_only
id:x%3A0x1.4000000000000p%2B2,480,8.478,6.67592,6.5792560162751785,2.358246005453502,defined,0.040989779480716956,sensitivity_only
id:x%3A0x1.4000000000000p%2B2,481,8.496,6.6874400000000005,6.784103983724822,2.358246005453502,defined,-0.040989779480716956,sensitivity_only
id:x%3A0x1.4000000000000p%2B2,482,8.514,6.69896,6.6022960162751785,2.358246005453502,defined,0.040989779480716956,sensitivity_only
id:x%3A0x1.4000000000000p%2B2,483,8.532,6.7104800000000004,6.8071439837248215,2.358246005453502,defined,-0.040989779480716956,sensitivity_only
id:x%3A0x1.4000000000000p%2B2,484,8.55,6.722,6.625336016275179,2.358246005453502,defined,0.040989779480716956,sensitivity_only
id:x%3A0x1.4000000000000p%2B2,485,8.568,6.7335199999999995,6.830183983724821,2.358246005453502,defined,-0.040989779480716956,sensitivity_only
id:x%3A0x1.4000000000000p%2B2,486,8.586,6.74504,6.648376016275179,2.358246005453502,defined,0.040989779480716956,sensitivity_only
id:x%3A0x1.4000000000000p%2B2,487,8.604,6.7565599999999995,6.853223983724821,2.358246005453502,defined,-0.040989779480716956,sensitivity_only
id:x%3A0x1.4000000000000p%2B2,488,8.622,6.76808,6.671416016275179,2.358246005453502,defined,0.040989779480716956,sensitivity_only
id:x%3A0x1.4000000000000p%2B2,489,8.64,6.7796,6.876263983724821,2.358246005453502,defined,-0.040989779480716956,sensitivity_only
id:x%3A0x1.4000000000000p%2B2,490,8.658,6.791119999999999,6.694456016275178,2.358246005453502,defined,0.040989779480716956,sensitivity_only
id:x%3A0x1.4000000000000p%2B2,491,8.676,6.80264,6.899303983724821,2.358246005453502,defined,-0.040989779480716956,sensitivity_only
id:x%3A0x1.4000000000000p%2B2,492,8.694,6.81416,6.717496016275179,2.358246005453502,defined,0.040989779480716956,sensitivity_only
id:x%3A0x1.4000000000000p%2B2,493,8.712,6.82568,6.922343983724821,2.358246005453502,defined,-0.040989779480716956,sensitivity_only
id:x%3A0x1.4000000000000p%2B2,494,8.73,6.8372,6.740536016275179,2.358246005453502,defined,0.040989779480716956,sensitivity_only
id:x%3A0x1.4000000000000p%2B2,495,8.748,6.848719999999999,6.94538398372482,2.358246005453502,defined,-0.040989779480716956,sensitivity_only
id:x%3A0x1.4000000000000p%2B2,496,8.766,6.86024,6.763576016275179,2.358246005453502,defined,0.040989779480716956,sensitivity_only
id:x%3A0x1.4000000000000p%2B2,497,8.784,6.871760000000001,6.968423983724822,2.358246005453502,defined,-0.040989779480716956,sensitivity_only
id:x%3A0x1.4000000000000p%2B2,498,8.802,6.88328,6.786616016275179,2.358246005453502,defined,0.040989779480716956,sensitivity_only
id:x%3A0x1.4000000000000p%2B2,499,8.82,6.8948,6.991463983724821,2.358246005453502,defined,-0.040989779480716956,sensitivity_only
id:x%3A0x1.4000000000000p%2B2,500,8.838,6.90632,6.809656016275179,2.358246005453502,defined,0.040989779480716956,sensitivity_only
id:x%3A0x1.4000000000000p%2B2,501,8.856,6.91784,7.014503983724821,2.358246005453502,defined,-0.040989779480716956,sensitivity_only
id:x%3A0x1.4000000000000p%2B2,502,8.874,6.929360000000001,6.83269601627518,2.358246005453502,defined,0.040989779480716956,sensitivity_only
id:x%3A0x1.4000000000000p%2B2,503,8.892,6.94088,7.037543983724821,2.358246005453502,defined,-0.040989779480716956,sensitivity_only
id:x%3A0x1.4000000000000p%2B2,504,8.91,6.9524,6.855736016275179,2.358246005453502,defined,0.040989779480716956,sensitivity_only
id:x%3A0x1.4000000000000p%2B2,505,8.928,6.963920000000001,7.060583983724822,2.358246005453502,defined,-0.040989779480716956,sensitivity_only
id:x%3A0x1.4000000000000p%2B2,506,8.946,6.97544,6.878776016275179,2.358246005453502,defined,0.040989779480716956,sensitivity_only
id:x%3A0x1.4000000000000p%2B2,507,8.964,6.986960000000001,7.083623983724822,2.358246005453502,defined,-0.040989779480716956,sensitivity_only
id:x%3A0x1.4000000000000p%2B2,508,8.982,6.99848,6.901816016275179,2.358246005453502,defined,0.040989779480716956,sensitivity_only
id:x%3A0x1.4000000000000p%2B2,509,9.0,7.01,7.106663983724821,2.358246005453502,defined,-0.040989779480716956,sensitivity_only
id:x%3A0x1.8000000000000p%2B2,0,0.0,1.25,1.0251805474801,2.594070605998847,defined,0.08666666666666667,sensitivity_only
id:x%3A0x1.8000000000000p%2B2,1,0.018,1.26152,1.3735979703187784,2.594070605998847,defined,-0.043205443236431385,sensitivity_only
id:x%3A0x1.8000000000000p%2B2,2,0.036,1.27304,1.1609620296812215,2.594070605998847,defined,0.043205443236431385,sensitivity_only
id:x%3A0x1.8000000000000p%2B2,3,0.054,1.28456,1.3966379703187783,2.594070605998847,defined,-0.043205443236431385,sensitivity_only
id:x%3A0x1.8000000000000p%2B2,4,0.072,1.29608,1.1840020296812215,2.594070605998847,defined,0.043205443236431385,sensitivity_only
id:x%3A0x1.8000000000000p%2B2,5,0.09,1.3076,1.4196779703187785,2.594070605998847,defined,-0.043205443236431385,sensitivity_only
id:x%3A0x1.8000000000000p%2B2,6,0.108,1.31912,1.2070420296812217,2.594070605998847,defined,0.043205443236431385,sensitivity_only
id:x%3A0x1.8000000000000p%2B2,7,0.126,1.33064,1.4427179703187785,2.594070605998847,defined,-0.043205443236431385,sensitivity_only
id:x%3A0x1.8000000000000p%2B2,8,0.144,1.34216,1.2300820296812216,2.594070605998847,defined,0.043205443236431385,sensitivity_only
id:x%3A0x1.8000000000000p%2B2,9,0.162,1.35368,1.4657579703187784,2.594070605998847,defined,-0.043205443236431385,sensitivity_only
id:x%3A0x1.8000000000000p%2B2,10,0.18,1.3652,1.2531220296812215,2.594070605998847,defined,0.043205443236431385,sensitivity_only
id:x%3A0x1.8000000000000p%2B2,11,0.198,1.37672,1.4887979703187784,2.594070605998847,defined,-0.043205443236431385,sensitivity_only
id:x%3A0x1.8000000000000p%2B2,12,0.216,1.38824,1.2761620296812215,2.594070605998847,defined,0.043205443236431385,sensitivity_only
id:x%3A0x1.8000000000000p%2B2,13,0.234,1.3997600000000001,1.5118379703187785,2.594070605998847,defined,-0.043205443236431385,sensitivity_only
id:x%3A0x1.8000000000000p%2B2,14,0.252,1.41128,1.2992020296812217,2.594070605998847,defined,0.043205443236431385,sensitivity_only
id:x%3A0x1.8000000000000p%2B2,15,0.27,1.4228,1.5348779703187785,2.594070605998847,defined,-0.043205443236431385,sensitivity_only
id:x%3A0x1.8000000000000p%2B2,16,0.288,1.43432,1.3222420296812216,2.594070605998847,defined,0.043205443236431385,sensitivity_only
id:x%3A0x1.8000000000000p%2B2,17,0.306,1.44584,1.5579179703187784,2.594070605998847,defined,-0.043205443236431385,sensitivity_only
id:x%3A0x1.8000000000000p%2B2,18,0.324,1.45736,1.3452820296812216,2.594070605998847,defined,0.043205443236431385,sensitivity_only
id:x%3A0x1.8000000000000p%2B2,19,0.342,1.46888,1.5809579703187784,2.594070605998847,defined,-0.043205443236431385,sensitivity_only
id:x%3A0x1.8000000000000p%2B2,20,0.36,1.4804,1.3683220296812215,2.594070605998847,defined,0.043205443236431385,sensitivity_only
id:x%3A0x1.8000000000000p%2B2,21,0.378,1.49192,1.6039979703187783,2.594070605998847,defined,-0.043205443236431385,sensitivity_only
id:x%3A0x1.8000000000000p%2B2,22,0.396,1.5034399999999999,1.3913620296812215,2.594070605998847,defined,0.043205443236431385,sensitivity_only
id:x%3A0x1.8000000000000p%2B2,23,0.414,1.5149599999999999,1.6270379703187783,2.594070605998847,defined,-0.043205443236431385,sensitivity_only
id:x%3A0x1.8000000000000p%2B2,24,0.432,1.52648,1.4144020296812216,2.594070605998847,defined,0.043205443236431385,sensitivity_only
id:x%3A0x1.8000000000000p%2B2,25,0.45,1.538,1.6500779703187785,2.594070605998847,defined,-0.043205443236431385,sensitivity_only
id:x%3A0x1.8000000000000p%2B2,26,0.468,1.54952,1.4374420296812216,2.594070605998847,defined,0.043205443236431385,sensitivity_only
id:x%3A0x1.8000000000000p%2B2,27,0.486,1.56104,1.6731179703187784,2.594070605998847,defined,-0.043205443236431385,sensitivity_only
id:x%3A0x1.8000000000000p%2B2,28,0.504,1.57256,1.4706709360738377,2.3582460054534993,defined,0.043205443236431385,sensitivity_only
id:x%3A0x1.8000000000000p%2B2,29,0.522,1.5840800000000002,1.6859690639261624,2.3582460054534993,defined,-0.043205443236431385,sensitivity_only
id:x%3A0x1.8000000000000p%2B2,30,0.54,1.5956000000000001,1.4937109360738379,2.3582460054534993,defined,0.043205443236431385,sensitivity_only
id:x%3A0x1.8000000000000p%2B2,31,0.558,1.60712,1.7090090639261624,2.3582460054534993,defined,-0.043205443236431385,sensitivity_only
id:x%3A0x1.8000000000000p%2B2,32,0.576,1.61864,1.5167509360738378,2.3582460054534993,defined,0.043205443236431385,sensitivity_only
id:x%3A0x1.8000000000000p%2B2,33,0.594,1.63016,1.7320490639261623,2.3582460054534993,defined,-0.043205443236431385,sensitivity_only
id:x%3A0x1.8000000000000p%2B2,34,0.612,1.64168,1.5397909360738378,2.3582460054534993,defined,0.043205443236431385,sensitivity_only
id:x%3A0x1.8000000000000p%2B2,35,0.63,1.6532,1.7550890639261623,2.3582460054534993,defined,-0.043205443236431385,sensitivity_only
id:x%3A0x1.8000000000000p%2B2,36,0.648,1.66472,1.5628309360738377,2.3582460054534993,defined,0.043205443236431385,sensitivity_only
id:x%3A0x1.8000000000000p%2B2,37,0.666,1.67624,1.7781290639261622,2.3582460054534993,defined,-0.043205443236431385,sensitivity_only
id:x%3A0x1.8000000000000p%2B2,38,0.684,1.68776,1.5858709360738377,2.3582460054534993,defined,0.043205443236431385,sensitivity_only
id:x%3A0x1.8000000000000p%2B2,39,0.702,1.69928,1.8011690639261622,2.3582460054534993,defined,-0.043205443236431385,sensitivity_only
id:x%3A0x1.8000000000000p%2B2,40,0.72,1.7107999999999999,1.6089109360738376,2.3582460054534993,defined,0.043205443236431385,sensitivity_only
id:x%3A0x1.8000000000000p%2B2,41,0.738,1.72232,1.8242090639261623,2.3582460054534993,defined,-0.043205443236431385,sensitivity_only
id:x%3A0x1.8000000000000p%2B2,42,0.756,1.73384,1.6319509360738378,2.3582460054534993,defined,0.043205443236431385,sensitivity_only
id:x%3A0x1.8000000000000p%2B2,43,0.774,1.74536,1.8472490639261623,2.3582460054534993,defined,-0.043205443236431385,sensitivity_only
id:x%3A0x1.8000000000000p%2B2,44,0.792,1.75688,1.6549909360738377,2.3582460054534993,defined,0.043205443236431385,sensitivity_only
id:x%3A0x1.8000000000000p%2B2,45,0.81,1.7684000000000002,1.8702890639261625,2.3582460054534993,defined,-0.043205443236431385,sensitivity_only
id:x%3A0x1.8000000000000p%2B2,46,0.828,1.77992,1.6780309360738377,2.3582460054534993,defined,0.043205443236431385,sensitivity_only
id:x%3A0x1.8000000000000p%2B2,47,0.846,1.7914400000000001,1.8933290639261624,2.3582460054534993,defined,-0.043205443236431385,sensitivity_only
id:x%3A0x1.8000000000000p%2B2,48,0.864,1.8029600000000001,1.7010709360738379,2.3582460054534993,defined,0.043205443236431385,sensitivity_only
id:x%3A0x1.8000000000000p%2B2,49,0.882,1.81448,1.9163690639261624,2.3582460054534993,defined,-0.043205443236431385,sensitivity_only
id:x%3A0x1.8000000000000p%2B2,50,0.9,1.826,1.7241109360738378,2.3582460054534993,defined,0.043205443236431385,sensitivity_only
id:x%3A0x1.8000000000000p%2B2,51,0.918,1.83752,1.9394090639261623,2.3582460054534993,defined,-0.043205443236431385,sensitivity_only
id:x%3A0x1.8000000000000p%2B2,52,0.936,1.84904,1.7471509360738378,2.3582460054534993,defined,0.043205443236431385,sensitivity_only
id:x%3A0x1.8000000000000p%2B2,53,0.954,1.86056,1.9624490639261623,2.3582460054534993,defined,-0.043205443236431385,sensitivity_only
id:x%3A0x1.8000000000000p%2B2,54,0.972,1.87208,1.7701909360738377,2.3582460054534993,defined,0.043205443236431385,sensitivity_only
id:x%3A0x1.8000000000000p%2B2,55,0.99,1.8836,1.9854890639261622,2.3582460054534993,defined,-0.043205443236431385,sensitivity_only
id:x%3A0x1.8000000000000p%2B2,56,1.0,1.8900000000000001,1.7881109360738379,2.3582460054534993,defined,0.043205443236431385,sensitivity_only
id:x%3A0x1.8000000000000p%2B2,57,1.008,1.89512,1.9970090639261622,2.3582460054534993,defined,-0.043205443236431385,sensitivity_only
id:x%3A0x1.8000000000000p%2B2,58,1.026,1.90664,1.8047509360738376,2.3582460054534993,defined,0.043205443236431385,sensitivity_only
id:x%3A0x1.8000000000000p%2B2,59,1.044,1.91816,2.0200490639261623,2.3582460054534993,defined,-0.043205443236431385,sensitivity_only
id:x%3A0x1.8000000000000p%2B2,60,1.062,1.92968,1.8277909360738378,2.3582460054534993,defined,0.043205443236431385,sensitivity_only
id:x%3A0x1.8000000000000p%2B2,61,1.08,1.9412,2.0430890639261623,2.3582460054534993,defined,-0.043205443236431385,sensitivity_only
id:x%3A0x1.8000000000000p%2B2,62,1.098,1.9527200000000002,1.850830936073838,2.3582460054534993,defined,0.043205443236431385,sensitivity_only
id:x%3A0x1.8000000000000p%2B2,63,1.116,1.9642400000000002,2.0661290639261622,2.3582460054534993,defined,-0.043205443236431385,sensitivity_only
id:x%3A0x1.8000000000000p%2B2,64,1.134,1.97576,1.8738709360738377,2.3582460054534993,defined,0.043205443236431385,sensitivity_only
id:x%3A0x1.8000000000000p%2B2,65,1.152,1.98728,2.089169063926162,2.3582460054534993,defined,-0.043205443236431385,sensitivity_only
id:x%3A0x1.8000000000000p%2B2,66,1.17,1.9988000000000001,1.8969109360738379,2.3582460054534993,defined,0.043205443236431385,sensitivity_only
id:x%3A0x1.8000000000000p%2B2,67,1.188,2.01032,2.112209063926162,2.3582460054534993,defined,-0.043205443236431385,sensitivity_only
id:x%3A0x1.8000000000000p%2B2,68,1.206,2.02184,1.9199509360738378,2.3582460054534993,defined,0.043205443236431385,sensitivity_only
id:x%3A0x1.8000000000000p%2B2,69,1.224,2.03336,2.135249063926162,2.3582460054534993,defined,-0.043205443236431385,sensitivity_only
id:x%3A0x1.8000000000000p%2B2,70,1.242,2.04488,1.9429909360738378,2.3582460054534993,defined,0.043205443236431385,sensitivity_only
id:x%3A0x1.8000000000000p%2B2,71,1.26,2.0564,2.158289063926162,2.3582460054534993,defined,-0.043205443236431385,sensitivity_only
id:x%3A0x1.8000000000000p%2B2,72,1.278,2.06792,1.9660309360738377,2.3582460054534993,defined,0.043205443236431385,sensitivity_only
id:x%3A0x1.8000000000000p%2B2,73,1.296,2.07944,2.181329063926162,2.3582460054534993,defined,-0.043205443236431385,sensitivity_only
id:x%3A0x1.8000000000000p%2B2,74,1.314,2.09096,1.9890709360738377,2.3582460054534993,defined,0.043205443236431385,sensitivity_only
id:x%3A0x1.8000000000000p%2B2,75,1.332,2.10248,2.204369063926162,2.3582460054534993,defined,-0.043205443236431385,sensitivity_only
id:x%3A0x1.8000000000000p%2B2,76,1.35,2.114,2.012110936073838,2.3582460054534993,defined,0.043205443236431385,sensitivity_only
id:x%3A0x1.8000000000000p%2B2,77,1.368,2.12552,2.227409063926162,2.3582460054534993,defined,-0.043205443236431385,sensitivity_only
id:x%3A0x1.8000000000000p%2B2,78,1.386,2.13704,2.035150936073838,2.3582460054534993,defined,0.043205443236431385,sensitivity_only
id:x%3A0x1.8000000000000p%2B2,79,1.404,2.14856,2.250449063926162,2.3582460054534993,defined,-0.043205443236431385,sensitivity_only
id:x%3A0x1.8000000000000p%2B2,80,1.422,2.16008,2.0581909360738377,2.3582460054534993,defined,0.043205443236431385,sensitivity_only
id:x%3A0x1.8000000000000p%2B2,81,1.44,2.1715999999999998,2.273489063926162,2.3582460054534993,defined,-0.043205443236431385,sensitivity_only
id:x%3A0x1.8000000000000p%2B2,82,1.458,2.1831199999999997,2.0812309360738377,2.3582460054534993,defined,0.043205443236431385,sensitivity_only
id:x%3A0x1.8000000000000p%2B2,83,1.476,2.19464,2.296529063926162,2.3582460054534993,defined,-0.043205443236431385,sensitivity_only
id:x%3A0x1.8000000000000p%2B2,84,1.494,2.20616,2.104270936073838,2.3582460054534993,defined,0.043205443236431385,sensitivity_only
id:x%3A0x1.8000000000000p%2B2,85,1.512,2.21768,2.319569063926162,2.3582460054534997,defined,-0.043205443236431385,sensitivity_only
id:x%3A0x1.8000000000000p%2B2,86,1.53,2.2292,2.127310936073838,2.3582460054534997,defined,0.043205443236431385,sensitivity_only
id:x%3A0x1.8000000000000p%2B2,87,1.548,2.24072,2.342609063926162,2.3582460054534997,defined,-0.043205443236431385,sensitivity_only
id:x%3A0x1.8000000000000p%2B2,88,1.566,2.25224,2.150350936073838,2.3582460054534997,defined,0.043205443236431385,sensitivity_only
id:x%3A0x1.8000000000000p%2B2,89,1.584,2.26376,2.365649063926162,2.3582460054534997,defined,-0.043205443236431385,sensitivity_only
id:x%3A0x1.8000000000000p%2B2,90,1.602,2.27528,2.173390936073838,2.3582460054534997,defined,0.043205443236431385,sensitivity_only
id:x%3A0x1.8000000000000p%2B2,91,1.62,2.2868000000000004,2.3886890639261624,2.3582460054534997,defined,-0.043205443236431385,sensitivity_only
id:x%3A0x1.8000000000000p%2B2,92,1.638,2.29832,2.196430936073838,2.3582460054534997,defined,0.043205443236431385,sensitivity_only
id:x%3A0x1.8000000000000p%2B2,93,1.656,2.30984,2.411729063926162,2.3582460054534997,defined,-0.043205443236431385,sensitivity_only
id:x%3A0x1.8000000000000p%2B2,94,1.674,2.3213600000000003,2.2194709360738383,2.3582460054534997,defined,0.043205443236431385,sensitivity_only
id:x%3A0x1.8000000000000p%2B2,95,1.692,2.3328800000000003,2.4347690639261623,2.3582460054534997,defined,-0.043205443236431385,sensitivity_only
id:x%3A0x1.8000000000000p%2B2,96,1.71,2.3444000000000003,2.2425109360738382,2.3582460054534997,defined,0.043205443236431385,sensitivity_only
id:x%3A0x1.8000000000000p%2B2,97,1.728,2.3559200000000002,2.4578090639261623,2.3582460054534997,defined,-0.043205443236431385,sensitivity_only
id:x%3A0x1.8000000000000p%2B2,98,1.746,2.36744,2.265550936073838,2.3582460054534997,defined,0.043205443236431385,sensitivity_only
id:x%3A0x1.8000000000000p%2B2,99,1.764,2.37896,2.4808490639261622,2.3582460054534997,defined,-0.043205443236431385,sensitivity_only
id:x%3A0x1.8000000000000p%2B2,100,1.782,2.39048,2.288590936073838,2.3582460054534997,defined,0.043205443236431385,sensitivity_only
id:x%3A0x1.8000000000000p%2B2,101,1.8,2.402,2.503889063926162,2.3582460054534997,defined,-0.043205443236431385,sensitivity_only
id:x%3A0x1.8000000000000p%2B2,102,1.818,2.41352,2.311630936073838,2.3582460054534997,defined,0.043205443236431385,sensitivity_only
id:x%3A0x1.8000000000000p%2B2,103,1.836,2.42504,2.526929063926162,2.3582460054534997,defined,-0.043205443236431385,sensitivity_only
id:x%3A0x1.8000000000000p%2B2,104,1.854,2.43656,2.334670936073838,2.3582460054534997,defined,0.043205443236431385,sensitivity_only
id:x%3A0x1.8000000000000p%2B2,105,1.872,2.44808,2.549969063926162,2.3582460054534997,defined,-0.043205443236431385,sensitivity_only
id:x%3A0x1.8000000000000p%2B2,106,1.89,2.4596,2.357710936073838,2.3582460054534997,defined,0.043205443236431385,sensitivity_only
id:x%3A0x1.8000000000000p%2B2,107,1.908,2.47112,2.573009063926162,2.3582460054534997,defined,-0.043205443236431385,sensitivity_only
id:x%3A0x1.8000000000000p%2B2,108,1.926,2.48264,2.380750936073838,2.3582460054534997,defined,0.043205443236431385,sensitivity_only
id:x%3A0x1.8000000000000p%2B2,109,1.944,2.49416,2.596049063926162,2.3582460054534997,defined,-0.043205443236431385,sensitivity_only
id:x%3A0x1.8000000000000p%2B2,110,1.962,2.50568,2.403790936073838,2.3582460054534997,defined,0.043205443236431385,sensitivity_only
id:x%3A0x1.8000000000000p%2B2,111,1.98,2.5172,2.619089063926162,2.3582460054534997,defined,-0.043205443236431385,sensitivity_only
id:x%3A0x1.8000000000000p%2B2,112,1.998,2.52872,2.426830936073838,2.3582460054534997,defined,0.043205443236431385,sensitivity_only
id:x%3A0x1.8000000000000p%2B2,113,2.0,2.5300000000000002,2.6318890639261623,2.3582460054534997,defined,-0.043205443236431385,sensitivity_only
id:x%3A0x1.8000000000000p%2B2,114,2.016,2.54024,2.438350936073838,2.3582460054534997,defined,0.043205443236431385,sensitivity_only
id:x%3A0x1.8000000000000p%2B2,115,2.034,2.55176,2.653649063926162,2.3582460054534997,defined,-0.043205443236431385,sensitivity_only
id:x%3A0x1.8000000000000p%2B2,116,2.052,2.56328,2.4613909360738377,2.3582460054534997,defined,0.043205443236431385,sensitivity_only
id:x%3A0x1.8000000000000p%2B2,117,2.07,2.5747999999999998,2.676689063926162,2.3582460054534997,defined,-0.043205443236431385,sensitivity_only
id:x%3A0x1.8000000000000p%2B2,118,2.088,2.58632,2.484430936073838,2.3582460054534997,defined,0.043205443236431385,sensitivity_only
id:x%3A0x1.8000000000000p%2B2,119,2.106,2.5978399999999997,2.6997290639261617,2.3582460054534997,defined,-0.043205443236431385,sensitivity_only
id:x%3A0x1.8000000000000p%2B2,120,2.124,2.60936,2.507470936073838,2.3582460054534997,defined,0.043205443236431385,sensitivity_only
id:x%3A0x1.8000000000000p%2B2,121,2.142,2.6208799999999997,2.7227690639261617,2.3582460054534997,defined,-0.043205443236431385,sensitivity_only
id:x%3A0x1.8000000000000p%2B2,122,2.16,2.6324,2.530510936073838,2.3582460054534997,defined,0.043205443236431385,sensitivity_only
id:x%3A0x1.8000000000000p%2B2,123,2.178,2.64392,2.745809063926162,2.3582460054534997,defined,-0.043205443236431385,sensitivity_only
id:x%3A0x1.8000000000000p%2B2,124,2.196,2.6554400000000005,2.5535509360738384,2.3582460054534997,defined,0.043205443236431385,sensitivity_only
id:x%3A0x1.8000000000000p%2B2,125,2.214,2.66696,2.768849063926162,2.3582460054534997,defined,-0.043205443236431385,sensitivity_only
id:x%3A0x1.8000000000000p%2B2,126,2.232,2.6784800000000004,2.5765909360738384,2.3582460054534997,defined,0.043205443236431385,sensitivity_only
id:x%3A0x1.8000000000000p%2B2,127,2.25,2.69,2.791889063926162,2.3582460054534997,defined,-0.043205443236431385,sensitivity_only
id:x%3A0x1.8000000000000p%2B2,128,2.268,2.70152,2.599630936073838,2.3582460054534997,defined,0.043205443236431385,sensitivity_only
id:x%3A0x1.8000000000000p%2B2,129,2.286,2.7130400000000003,2.8149290639261624,2.3582460054534997,defined,-0.043205443236431385,sensitivity_only
id:x%3A0x1.8000000000000p%2B2,130,2.304,2.72456,2.622670936073838,2.3582460054534997,defined,0.043205443236431385,sensitivity_only
id:x%3A0x1.8000000000000p%2B2,131,2.322,2.7360800000000003,2.8379690639261623,2.3582460054534997,defined,-0.043205443236431385,sensitivity_only
id:x%3A0x1.8000000000000p%2B2,132,2.34,2.7476000000000003,2.6457109360738382,2.3582460054534997,defined,0.043205443236431385,sensitivity_only
id:x%3A0x1.8000000000000p%2B2,133,2.358,2.7591200000000002,2.8610090639261623,2.3582460054534997,defined,-0.043205443236431385,sensitivity_only
id:x%3A0x1.8000000000000p%2B2,134,2.376,2.77064,2.668750936073838,2.3582460054534997,defined,0.043205443236431385,sensitivity_only
id:x%3A0x1.8000000000000p%2B2,135,2.394,2.78216,2.8840490639261622,2.3582460054534997,defined,-0.043205443236431385,sensitivity_only
id:x%3A0x1.8000000000000p%2B2,136,2.412,2.79368,2.691790936073838,2.3582460054534997,defined,0.043205443236431385,sensitivity_only
id:x%3A0x1.8000000000000p%2B2,137,2.43,2.8052,2.907089063926162,2.3582460054534997,defined,-0.043205443236431385,sensitivity_only
id:x%3A0x1.8000000000000p%2B2,138,2.448,2.81672,2.714830936073838,2.3582460054534997,defined,0.043205443236431385,sensitivity_only
id:x%3A0x1.8000000000000p%2B2,139,2.466,2.82824,2.930129063926162,2.3582460054534997,defined,-0.043205443236431385,sensitivity_only
id:x%3A0x1.8000000000000p%2B2,140,2.484,2.83976,2.737870936073838,2.3582460054534997,defined,0.043205443236431385,sensitivity_only
id:x%3A0x1.8000000000000p%2B2,141,2.502,2.85128,2.953169063926162,2.3582460054534997,defined,-0.043205443236431385,sensitivity_only
id:x%3A0x1.8000000000000p%2B2,142,2.52,2.8628,2.760910936073838,2.3582460054534997,defined,0.043205443236431385,sensitivity_only
id:x%3A0x1.8000000000000p%2B2,143,2.538,2.87432,2.976209063926162,2.3582460054534997,defined,-0.043205443236431385,sensitivity_only
id:x%3A0x1.8000000000000p%2B2,144,2.556,2.88584,2.783950936073838,2.3582460054534997,defined,0.043205443236431385,sensitivity_only
id:x%3A0x1.8000000000000p%2B2,145,2.574,2.89736,2.999249063926162,2.3582460054534997,defined,-0.043205443236431385,sensitivity_only
id:x%3A0x1.8000000000000p%2B2,146,2.592,2.90888,2.806990936073838,2.3582460054534997,defined,0.043205443236431385,sensitivity_only
id:x%3A0x1.8000000000000p%2B2,147,2.61,2.9204,3.022289063926162,2.3582460054534997,defined,-0.043205443236431385,sensitivity_only
id:x%3A0x1.8000000000000p%2B2,148,2.628,2.93192,2.830030936073838,2.3582460054534997,defined,0.043205443236431385,sensitivity_only
id:x%3A0x1.8000000000000p%2B2,149,2.646,2.94344,3.045329063926162,2.3582460054534997,defined,-0.043205443236431385,sensitivity_only
id:x%3A0x1.8000000000000p%2B2,150,2.664,2.95496,2.8530709360738378,2.3582460054534997,defined,0.043205443236431385,sensitivity_only
id:x%3A0x1.8000000000000p%2B2,151,2.682,2.96648,3.068369063926162,2.3582460054534997,defined,-0.043205443236431385,sensitivity_only
id:x%3A0x1.8000000000000p%2B2,152,2.7,2.978,2.876110936073838,2.3582460054534997,defined,0.043205443236431385,sensitivity_only
id:x%3A0x1.8000000000000p%2B2,153,2.718,2.9895199999999997,3.0914090639261618,2.3582460054534997,defined,-0.043205443236431385,sensitivity_only
id:x%3A0x1.8000000000000p%2B2,154,2.736,3.00104,2.899150936073838,2.3582460054534997,defined,0.043205443236431385,sensitivity_only
id:x%3A0x1.8000000000000p%2B2,155,2.754,3.01256,3.114449063926162,2.3582460054534997,defined,-0.043205443236431385,sensitivity_only
id:x%3A0x1.8000000000000p%2B2,156,2.772,3.0240799999999997,2.9221909360738376,2.3582460054534997,defined,0.043205443236431385,sensitivity_only
id:x%3A0x1.8000000000000p%2B2,157,2.79,3.0356,3.137489063926162,2.3582460054534997,defined,-0.043205443236431385,sensitivity_only
id:x%3A0x1.8000000000000p%2B2,158,2.808,3.0471199999999996,2.9452309360738376,2.3582460054534997,defined,0.043205443236431385,sensitivity_only
id:x%3A0x1.8000000000000p%2B2,159,2.826,3.05864,3.160529063926162,2.3582460054534997,defined,-0.043205443236431385,sensitivity_only
id:x%3A0x1.8000000000000p%2B2,160,2.844,3.07016,2.968270936073838,2.3582460054534997,defined,0.043205443236431385,sensitivity_only
id:x%3A0x1.8000000000000p%2B2,161,2.862,3.0816800000000004,3.1835690639261625,2.3582460054534997,defined,-0.043205443236431385,sensitivity_only
id:x%3A0x1.8000000000000p%2B2,162,2.88,3.0932,2.991310936073838,2.3582460054534997,defined,0.043205443236431385,sensitivity_only
id:x%3A0x1.8000000000000p%2B2,163,2.898,3.1047200000000004,3.2066090639261624,2.3582460054534997,defined,-0.043205443236431385,sensitivity_only
id:x%3A0x1.8000000000000p%2B2,164,2.916,3.11624,3.014350936073838,2.3582460054534997,defined,0.043205443236431385,sensitivity_only
id:x%3A0x1.8000000000000p%2B2,165,2.934,3.1277600000000003,3.2296490639261624,2.3582460054534997,defined,-0.043205443236431385,sensitivity_only
id:x%3A0x1.8000000000000p%2B2,166,2.952,3.1392800000000003,3.0373909360738383,2.3582460054534997,defined,0.043205443236431385,sensitivity_only
id:x%3A0x1.8000000000000p%2B2,167,2.97,3.1508000000000003,3.2526890639261623,2.3582460054534997,defined,-0.043205443236431385,sensitivity_only
id:x%3A0x1.8000000000000p%2B2,168,2.988,3.1623200000000002,3.060430936073838,2.3582460054534997,defined,0.043205443236431385,sensitivity_only
id:x%3A0x1.8000000000000p%2B2,169,3.0,3.17,3.271889063926162,2.3582460054534997,defined,-0.043205443236431385,sensitivity_only
id:x%3A0x1.8000000000000p%2B2,170,3.006,3.17384,3.071950936073838,2.3582460054534997,defined,0.043205443236431385,sensitivity_only
id:x%3A0x1.8000000000000p%2B2,171,3.024,3.18536,3.2872490639261622,2.3582460054534997,defined,-0.043205443236431385,sensitivity_only
id:x%3A0x1.8000000000000p%2B2,172,3.042,3.19688,3.094990936073838,2.3582460054534997,defined,0.043205443236431385,sensitivity_only
id:x%3A0x1.8000000000000p%2B2,173,3.06,3.2084,3.310289063926162,2.3582460054534997,defined,-0.043205443236431385,sensitivity_only
id:x%3A0x1.8000000000000p%2B2,174,3.078,3.21992,3.118030936073838,2.3582460054534997,defined,0.043205443236431385,sensitivity_only
id:x%3A0x1.8000000000000p%2B2,175,3.096,3.23144,3.333329063926162,2.3582460054534997,defined,-0.043205443236431385,sensitivity_only
id:x%3A0x1.8000000000000p%2B2,176,3.114,3.24296,3.141070936073838,2.3582460054534997,defined,0.043205443236431385,sensitivity_only
id:x%3A0x1.8000000000000p%2B2,177,3.132,3.25448,3.356369063926162,2.3582460054534997,defined,-0.043205443236431385,sensitivity_only
id:x%3A0x1.8000000000000p%2B2,178,3.15,3.266,3.164110936073838,2.3582460054534997,defined,0.043205443236431385,sensitivity_only
id:x%3A0x1.8000000000000p%2B2,179,3.168,3.27752,3.379409063926162,2.3582460054534997,defined,-0.043205443236431385,sensitivity_only
id:x%3A0x1.8000000000000p%2B2,180,3.186,3.28904,3.187150936073838,2.3582460054534997,defined,0.043205443236431385,sensitivity_only
id:x%3A0x1.8000000000000p%2B2,181,3.204,3.30056,3.402449063926162,2.3582460054534997,defined,-0.043205443236431385,sensitivity_only
id:x%3A0x1.8000000000000p%2B2,182,3.222,3.31208,3.210190936073838,2.3582460054534997,defined,0.043205443236431385,sensitivity_only
id:x%3A0x1.8000000000000p%2B2,183,3.24,3.3236000000000003,3.4254890639261624,2.3582460054534997,defined,-0.043205443236431385,sensitivity_only
id:x%3A0x1.8000000000000p%2B2,184,3.258,3.33512,3.233230936073838,2.3582460054534997,defined,0.043205443236431385,sensitivity_only
id:x%3A0x1.8000000000000p%2B2,185,3.276,3.34664,3.448529063926162,2.3582460054534997,defined,-0.043205443236431385,sensitivity_only
id:x%3A0x1.8000000000000p%2B2,186,3.294,3.3581600000000003,3.256270936073838,2.3582460054534997,defined,0.043205443236431385,sensitivity_only
id:x%3A0x1.8000000000000p%2B2,187,3.312,3.36968,3.471569063926162,2.3582460054534997,defined,-0.043205443236431385,sensitivity_only
id:x%3A0x1.8000000000000p%2B2,188,3.33,3.3812,3.279310936073838,2.3582460054534997,defined,0.043205443236431385,sensitivity_only
id:x%3A0x1.8000000000000p%2B2,189,3.348,3.39272,3.494609063926162,2.3582460054534997,defined,-0.043205443236431385,sensitivity_only
id:x%3A0x1.8000000000000p%2B2,190,3.366,3.40424,3.302350936073838,2.3582460054534997,defined,0.043205443236431385,sensitivity_only
id:x%3A0x1.8000000000000p%2B2,191,3.384,3.41576,3.517649063926162,2.3582460054534997,defined,-0.043205443236431385,sensitivity_only
id:x%3A0x1.8000000000000p%2B2,192,3.402,3.42728,3.325390936073838,2.3582460054534997,defined,0.043205443236431385,sensitivity_only
id:x%3A0x1.8000000000000p%2B2,193,3.42,3.4388,3.540689063926162,2.3582460054534997,defined,-0.043205443236431385,sensitivity_only
id:x%3A0x1.8000000000000p%2B2,194,3.438,3.45032,3.348430936073838,2.3582460054534997,defined,0.043205443236431385,sensitivity_only
id:x%3A0x1.8000000000000p%2B2,195,3.456,3.46184,3.563729063926162,2.3582460054534997,defined,-0.043205443236431385,sensitivity_only
id:x%3A0x1.8000000000000p%2B2,196,3.474,3.47336,3.371470936073838,2.3582460054534997,defined,0.043205443236431385,sensitivity_only
id:x%3A0x1.8000000000000p%2B2,197,3.492,3.48488,3.586769063926162,2.3582460054534997,defined,-0.043205443236431385,sensitivity_only
id:x%3A0x1.8000000000000p%2B2,198,3.51,3.4964,3.3945109360738375,2.358246005453502,defined,0.043205443236431385,sensitivity_only
id:x%3A0x1.8000000000000p%2B2,199,3.528,3.50792,3.6098090639261624,2.358246005453502,defined,-0.043205443236431385,sensitivity_only
id:x%3A0x1.8000000000000p%2B2,200,3.546,3.51944,3.4175509360738374,2.358246005453502,defined,0.043205443236431385,sensitivity_only
id:x%3A0x1.8000000000000p%2B2,201,3.564,3.53096,3.6328490639261624,2.358246005453502,defined,-0.043205443236431385,sensitivity_only
id:x%3A0x1.8000000000000p%2B2,202,3.582,3.54248,3.4405909360738374,2.358246005453502,defined,0.043205443236431385,sensitivity_only
id:x%3A0x1.8000000000000p%2B2,203,3.6,3.5540000000000003,3.6558890639261628,2.358246005453502,defined,-0.043205443236431385,sensitivity_only
id:x%3A0x1.8000000000000p%2B2,204,3.618,3.56552,3.4636309360738373,2.358246005453502,defined,0.043205443236431385,sensitivity_only
id:x%3A0x1.8000000000000p%2B2,205,3.636,3.57704,3.6789290639261627,2.358246005453502,defined,-0.043205443236431385,sensitivity_only
id:x%3A0x1.8000000000000p%2B2,206,3.654,3.58856,3.4866709360738377,2.358246005453502,defined,0.043205443236431385,sensitivity_only
id:x%3A0x1.8000000000000p%2B2,207,3.672,3.60008,3.7019690639261627,2.358246005453502,defined,-0.043205443236431385,sensitivity_only
id:x%3A0x1.8000000000000p%2B2,208,3.69,3.6116,3.5097109360738377,2.358246005453502,defined,0.043205443236431385,sensitivity_only
id:x%3A0x1.8000000000000p%2B2,209,3.708,3.62312,3.7250090639261626,2.358246005453502,defined,-0.043205443236431385,sensitivity_only
id:x%3A0x1.8000000000000p%2B2,210,3.726,3.63464,3.5327509360738376,2.358246005453502,defined,0.043205443236431385,sensitivity_only
id:x%3A0x1.8000000000000p%2B2,211,3.744,3.64616,3.7480490639261625,2.358246005453502,defined,-0.043205443236431385,sensitivity_only
id:x%3A0x1.8000000000000p%2B2,212,3.762,3.65768,3.5557909360738376,2.358246005453502,defined,0.043205443236431385,sensitivity_only
id:x%3A0x1.8000000000000p%2B2,213,3.78,3.6692,3.7710890639261625,2.358246005453502,defined,-0.043205443236431385,sensitivity_only
id:x%3A0x1.8000000000000p%2B2,214,3.798,3.68072,3.5788309360738375,2.358246005453502,defined,0.043205443236431385,sensitivity_only
id:x%3A0x1.8000000000000p%2B2,215,3.816,3.69224,3.7941290639261624,2.358246005453502,defined,-0.043205443236431385,sensitivity_only
id:x%3A0x1.8000000000000p%2B2,216,3.834,3.70376,3.6018709360738375,2.358246005453502,defined,0.043205443236431385,sensitivity_only
id:x%3A0x1.8000000000000p%2B2,217,3.852,3.71528,3.8171690639261624,2.358246005453502,defined,-0.043205443236431385,sensitivity_only
id:x%3A0x1.8000000000000p%2B2,218,3.87,3.7268000000000003,3.624910936073838,2.358246005453502,defined,0.043205443236431385,sensitivity_only
id:x%3A0x1.8000000000000p%2B2,219,3.888,3.73832,3.8402090639261623,2.358246005453502,defined,-0.043205443236431385,sensitivity_only
id:x%3A0x1.8000000000000p%2B2,220,3.906,3.7498400000000003,3.647950936073838,2.358246005453502,defined,0.043205443236431385,sensitivity_only
id:x%3A0x1.8000000000000p%2B2,221,3.924,3.76136,3.8632490639261623,2.358246005453502,defined,-0.043205443236431385,sensitivity_only
id:x%3A0x1.8000000000000p%2B2,222,3.942,3.7728800000000002,3.6709909360738378,2.358246005453502,defined,0.043205443236431385,sensitivity_only
id:x%3A0x1.8000000000000p%2B2,223,3.96,3.7844,3.8862890639261627,2.358246005453502,defined,-0.043205443236431385,sensitivity_only
id:x%3A0x1.8000000000000p%2B2,224,3.978,3.79592,3.6940309360738377,2.358246005453502,defined,0.043205443236431385,sensitivity_only
id:x%3A0x1.8000000000000p%2B2,225,3.996,3.80744,3.9093290639261626,2.358246005453502,defined,-0.043205443236431385,sensitivity_only
id:x%3A0x1.8000000000000p%2B2,226,4.0,3.81,3.7081109360738376,2.358246005453502,defined,0.043205443236431385,sensitivity_only
id:x%3A0x1.8000000000000p%2B2,227,4.014,3.81896,3.9208490639261626,2.358246005453502,defined,-0.043205443236431385,sensitivity_only
id:x%3A0x1.8000000000000p%2B2,228,4.032,3.83048,3.7285909360738376,2.358246005453502,defined,0.043205443236431385,sensitivity_only
id:x%3A0x1.8000000000000p%2B2,229,4.05,3.842,3.9438890639261626,2.358246005453502,defined,-0.043205443236431385,sensitivity_only
id:x%3A0x1.8000000000000p%2B2,230,4.068,3.8535199999999996,3.751630936073837,2.358246005453502,defined,0.043205443236431385,sensitivity_only
id:x%3A0x1.8000000000000p%2B2,231,4.086,3.86504,3.9669290639261625,2.358246005453502,defined,-0.043205443236431385,sensitivity_only
id:x%3A0x1.8000000000000p%2B2,232,4.104,3.87656,3.7746709360738375,2.358246005453502,defined,0.043205443236431385,sensitivity_only
id:x%3A0x1.8000000000000p%2B2,233,4.122,3.88808,3.9899690639261625,2.358246005453502,defined,-0.043205443236431385,sensitivity_only
id:x%3A0x1.8000000000000p%2B2,234,4.14,3.8996,3.7977109360738375,2.358246005453502,defined,0.043205443236431385,sensitivity_only
id:x%3A0x1.8000000000000p%2B2,235,4.158,3.9111200000000004,4.013009063926162,2.358246005453502,defined,-0.043205443236431385,sensitivity_only
id:x%3A0x1.8000000000000p%2B2,236,4.176,3.9226400000000003,3.820750936073838,2.358246005453502,defined,0.043205443236431385,sensitivity_only
id:x%3A0x1.8000000000000p%2B2,237,4.194,3.93416,4.036049063926162,2.358246005453502,defined,-0.043205443236431385,sensitivity_only
id:x%3A0x1.8000000000000p%2B2,238,4.212,3.94568,3.8437909360738374,2.358246005453502,defined,0.043205443236431385,sensitivity_only
id:x%3A0x1.8000000000000p%2B2,239,4.23,3.9572000000000003,4.059089063926162,2.358246005453502,defined,-0.043205443236431385,sensitivity_only
id:x%3A0x1.8000000000000p%2B2,240,4.248,3.9687200000000002,3.8668309360738378,2.358246005453502,defined,0.043205443236431385,sensitivity_only
id:x%3A0x1.8000000000000p%2B2,241,4.266,3.9802400000000002,4.082129063926162,2.358246005453502,defined,-0.043205443236431385,sensitivity_only
id:x%3A0x1.8000000000000p%2B2,242,4.284,3.9917599999999998,3.8898709360738373,2.358246005453502,defined,0.043205443236431385,sensitivity_only
id:x%3A0x1.8000000000000p%2B2,243,4.302,4.00328,4.105169063926162,2.358246005453502,defined,-0.043205443236431385,sensitivity_only
id:x%3A0x1.8000000000000p%2B2,244,4.32,4.0148,3.9129109360738377,2.358246005453502,defined,0.043205443236431385,sensitivity_only
id:x%3A0x1.8000000000000p%2B2,245,4.338,4.02632,4.128209063926162,2.358246005453502,defined,-0.043205443236431385,sensitivity_only
id:x%3A0x1.8000000000000p%2B2,246,4.356,4.03784,3.9359509360738376,2.358246005453502,defined,0.043205443236431385,sensitivity_only
id:x%3A0x1.8000000000000p%2B2,247,4.374,4.04936,4.151249063926162,2.358246005453502,defined,-0.043205443236431385,sensitivity_only
id:x%3A0x1.8000000000000p%2B2,248,4.392,4.060880000000001,3.9589909360738385,2.358246005453502,defined,0.043205443236431385,sensitivity_only
id:x%3A0x1.8000000000000p%2B2,249,4.41,4.0724,4.174289063926162,2.358246005453502,defined,-0.043205443236431385,sensitivity_only
id:x%3A0x1.8000000000000p%2B2,250,4.428,4.08392,3.9820309360738375,2.358246005453502,defined,0.043205443236431385,sensitivity_only
id:x%3A0x1.8000000000000p%2B2,251,4.446,4.09544,4.197329063926162,2.358246005453502,defined,-0.043205443236431385,sensitivity_only
id:x%3A0x1.8000000000000p%2B2,252,4.464,4.106960000000001,4.005070936073839,2.358246005453502,defined,0.043205443236431385,sensitivity_only
id:x%3A0x1.8000000000000p%2B2,253,4.482,4.11848,4.220369063926162,2.358246005453502,defined,-0.043205443236431385,sensitivity_only
id:x%3A0x1.8000000000000p%2B2,254,4.5,4.13,4.028110936073838,2.358246005453502,defined,0.043205443236431385,sensitivity_only
id:x%3A0x1.8000000000000p%2B2,255,4.518,4.14152,4.22303125114093,1.8865968043627994,defined,-0.043205443236431385,sensitivity_only
id:x%3A0x1.8000000000000p%2B2,256,4.536,4.15304,4.07152874885907,1.8865968043627994,defined,0.043205443236431385,sensitivity_only
id:x%3A0x1.8000000000000p%2B2,257,4.554,4.16456,4.24607125114093,1.8865968043627994,defined,-0.043205443236431385,sensitivity_only
id:x%3A0x1.8000000000000p%2B2,258,4.572,4.176080000000001,4.0945687488590705,1.8865968043627994,defined,0.043205443236431385,sensitivity_only
id:x%3A0x1.8000000000000p%2B2,259,4.59,4.1876,4.26911125114093,1.8865968043627994,defined,-0.043205443236431385,sensitivity_only
id:x%3A0x1.8000000000000p%2B2,260,4.608,4.19912,4.11760874885907,1.8865968043627994,defined,0.043205443236431385,sensitivity_only
id:x%3A0x1.8000000000000p%2B2,261,4.626,4.21064,4.29215125114093,1.8865968043627994,defined,-0.043205443236431385,sensitivity_only
id:x%3A0x1.8000000000000p%2B2,262,4.644,4.222160000000001,4.14064874885907,1.8865968043627994,defined,0.043205443236431385,sensitivity_only
id:x%3A0x1.8000000000000p%2B2,263,4.662,4.23368,4.31519125114093,1.8865968043627994,defined,-0.043205443236431385,sensitivity_only
id:x%3A0x1.8000000000000p%2B2,264,4.68,4.2452000000000005,4.16368874885907,1.8865968043627994,defined,0.043205443236431385,sensitivity_only
id:x%3A0x1.8000000000000p%2B2,265,4.698,4.2567200000000005,4.338231251140931,1.8865968043627994,defined,-0.043205443236431385,sensitivity_only
id:x%3A0x1.8000000000000p%2B2,266,4.716,4.2682400000000005,4.18672874885907,1.8865968043627994,defined,0.043205443236431385,sensitivity_only
id:x%3A0x1.8000000000000p%2B2,267,4.734,4.27976,4.36127125114093,1.8865968043627994,defined,-0.043205443236431385,sensitivity_only
id:x%3A0x1.8000000000000p%2B2,268,4.752,4.29128,4.20976874885907,1.8865968043627994,defined,0.043205443236431385,sensitivity_only
id:x%3A0x1.8000000000000p%2B2,269,4.77,4.3027999999999995,4.38431125114093,1.8865968043627994,defined,-0.043205443236431385,sensitivity_only
id:x%3A0x1.8000000000000p%2B2,270,4.788,4.31432,4.23280874885907,1.8865968043627994,defined,0.043205443236431385,sensitivity_only
id:x%3A0x1.8000000000000p%2B2,271,4.806,4.3258399999999995,4.40735125114093,1.8865968043627994,defined,-0.043205443236431385,sensitivity_only
id:x%3A0x1.8000000000000p%2B2,272,4.824,4.33736,4.25584874885907,1.8865968043627994,defined,0.043205443236431385,sensitivity_only
id:x%3A0x1.8000000000000p%2B2,273,4.842,4.348879999999999,4.43039125114093,1.8865968043627994,defined,-0.043205443236431385,sensitivity_only
id:x%3A0x1.8000000000000p%2B2,274,4.86,4.3604,4.27888874885907,1.8865968043627994,defined,0.043205443236431385,sensitivity_only
id:x%3A0x1.8000000000000p%2B2,275,4.878,4.37192,4.45343125114093,1.8865968043627994,defined,-0.043205443236431385,sensitivity_only
id:x%3A0x1.8000000000000p%2B2,276,4.896,4.38344,4.30192874885907,1.8865968043627994,defined,0.043205443236431385,sensitivity_only
id:x%3A0x1.8000000000000p%2B2,277,4.914,4.394959999999999,4.4764712511409295,1.8865968043627994,defined,-0.043205443236431385,sensitivity_only
id:x%3A0x1.8000000000000p%2B2,278,4.932,4.40648,4.32496874885907,1.8865968043627994,defined,0.043205443236431385,sensitivity_only
id:x%3A0x1.8000000000000p%2B2,279,4.95,4.418,4.49951125114093,1.8865968043627994,defined,-0.043205443236431385,sensitivity_only
id:x%3A0x1.8000000000000p%2B2,280,4.968,4.42952,4.34800874885907,1.8865968043627994,defined,0.043205443236431385,sensitivity_only
id:x%3A0x1.8000000000000p%2B2,281,4.986,4.44104,4.52255125114093,1.8865968043627994,defined,-0.043205443236431385,sensitivity_only
id:x%3A0x1.8000000000000p%2B2,282,5.0,4.45,4.36848874885907,1.8865968043627994,defined,0.043205443236431385,sensitivity_only
id:x%3A0x1.8000000000000p%2B2,283,5.004,4.45256,4.53407125114093,1.8865968043627994,defined,-0.043205443236431385,sensitivity_only
id:x%3A0x1.8000000000000p%2B2,284,5.022,4.46408,4.38256874885907,1.8865968043627994,defined,0.043205443236431385,sensitivity_only
id:x%3A0x1.8000000000000p%2B2,285,5.04,4.4756,4.55711125114093,1.8865968043627994,defined,-0.043205443236431385,sensitivity_only
id:x%3A0x1.8000000000000p%2B2,286,5.058,4.48712,4.40560874885907,1.8865968043627994,defined,0.043205443236431385,sensitivity_only
id:x%3A0x1.8000000000000p%2B2,287,5.076,4.49864,4.58015125114093,1.8865968043627994,defined,-0.043205443236431385,sensitivity_only
id:x%3A0x1.8000000000000p%2B2,288,5.094,4.510160000000001,4.428648748859071,1.8865968043627994,defined,0.043205443236431385,sensitivity_only
id:x%3A0x1.8000000000000p%2B2,289,5.112,4.52168,4.60319125114093,1.8865968043627994,defined,-0.043205443236431385,sensitivity_only
id:x%3A0x1.8000000000000p%2B2,290,5.13,4.5332,4.45168874885907,1.8865968043627994,defined,0.043205443236431385,sensitivity_only
id:x%3A0x1.8000000000000p%2B2,291,5.148,4.54472,4.62623125114093,1.8865968043627994,defined,-0.043205443236431385,sensitivity_only
id:x%3A0x1.8000000000000p%2B2,292,5.166,4.556240000000001,4.474728748859071,1.8865968043627994,defined,0.043205443236431385,sensitivity_only
id:x%3A0x1.8000000000000p%2B2,293,5.184,4.56776,4.64927125114093,1.8865968043627994,defined,-0.043205443236431385,sensitivity_only
id:x%3A0x1.8000000000000p%2B2,294,5.202,4.579280000000001,4.4977687488590705,1.8865968043627994,defined,0.043205443236431385,sensitivity_only
id:x%3A0x1.8000000000000p%2B2,295,5.22,4.5908,4.67231125114093,1.8865968043627994,defined,-0.043205443236431385,sensitivity_only
id:x%3A0x1.8000000000000p%2B2,296,5.238,4.602320000000001,4.5208087488590705,1.8865968043627994,defined,0.043205443236431385,sensitivity_only
id:x%3A0x1.8000000000000p%2B2,297,5.256,4.61384,4.69535125114093,1.8865968043627994,defined,-0.043205443236431385,sensitivity_only
id:x%3A0x1.8000000000000p%2B2,298,5.274,4.625360000000001,4.54384874885907,1.8865968043627994,defined,0.043205443236431385,sensitivity_only
id:x%3A0x1.8000000000000p%2B2,299,5.292,4.63688,4.71839125114093,1.8865968043627994,defined,-0.043205443236431385,sensitivity_only
id:x%3A0x1.8000000000000p%2B2,300,5.31,4.6484,4.5668887488590695,1.8865968043627994,defined,0.043205443236431385,sensitivity_only
id:x%3A0x1.8000000000000p%2B2,301,5.328,4.65992,4.74143125114093,1.8865968043627994,defined,-0.043205443236431385,sensitivity_only
id:x%3A0x1.8000000000000p%2B2,302,5.346,4.6714400000000005,4.58992874885907,1.8865968043627994,defined,0.043205443236431385,sensitivity_only
id:x%3A0x1.8000000000000p%2B2,303,5.364,4.68296,4.76447125114093,1.8865968043627994,defined,-0.043205443236431385,sensitivity_only
id:x%3A0x1.8000000000000p%2B2,304,5.382,4.69448,4.61296874885907,1.8865968043627994,defined,0.043205443236431385,sensitivity_only
id:x%3A0x1.8000000000000p%2B2,305,5.4,4.706,4.787511251140931,1.8865968043627994,defined,-0.043205443236431385,sensitivity_only
id:x%3A0x1.8000000000000p%2B2,306,5.418,4.71752,4.63600874885907,1.8865968043627994,defined,0.043205443236431385,sensitivity_only
id:x%3A0x1.8000000000000p%2B2,307,5.436,4.7290399999999995,4.81055125114093,1.8865968043627994,defined,-0.043205443236431385,sensitivity_only
id:x%3A0x1.8000000000000p%2B2,308,5.454,4.74056,4.65904874885907,1.8865968043627994,defined,0.043205443236431385,sensitivity_only
id:x%3A0x1.8000000000000p%2B2,309,5.472,4.75208,4.8335912511409305,1.8865968043627994,defined,-0.043205443236431385,sensitivity_only
id:x%3A0x1.8000000000000p%2B2,310,5.49,4.7636,4.68208874885907,1.8865968043627994,defined,0.043205443236431385,sensitivity_only
id:x%3A0x1.8000000000000p%2B2,311,5.5,4.77,4.85151125114093,1.8865968043627994,defined,-0.043205443236431385,sensitivity_only
id:x%3A0x1.8000000000000p%2B2,312,5.508,4.77512,4.663042029681222,2.594070605998847,defined,0.043205443236431385,sensitivity_only
id:x%3A0x1.8000000000000p%2B2,313,5.526,4.78664,4.898717970318779,2.594070605998847,defined,-0.043205443236431385,sensitivity_only
id:x%3A0x1.8000000000000p%2B2,314,5.544,4.798159999999999,4.686082029681221,2.594070605998847,defined,0.043205443236431385,sensitivity_only
id:x%3A0x1.8000000000000p%2B2,315,5.562,4.80968,4.921757970318779,2.594070605998847,defined,-0.043205443236431385,sensitivity_only
id:x%3A0x1.8000000000000p%2B2,316,5.58,4.8212,4.709122029681222,2.594070605998847,defined,0.043205443236431385,sensitivity_only
id:x%3A0x1.8000000000000p%2B2,317,5.598,4.83272,4.9447979703187785,2.594070605998847,defined,-0.043205443236431385,sensitivity_only
id:x%3A0x1.8000000000000p%2B2,318,5.616,4.844239999999999,4.732162029681221,2.594070605998847,defined,0.043205443236431385,sensitivity_only
id:x%3A0x1.8000000000000p%2B2,319,5.634,4.85576,4.9678379703187785,2.594070605998847,defined,-0.043205443236431385,sensitivity_only
id:x%3A0x1.8000000000000p%2B2,320,5.652,4.86728,4.755202029681222,2.594070605998847,defined,0.043205443236431385,sensitivity_only
id:x%3A0x1.8000000000000p%2B2,321,5.67,4.8788,4.9908779703187784,2.594070605998847,defined,-0.043205443236431385,sensitivity_only
id:x%3A0x1.8000000000000p%2B2,322,5.688,4.89032,4.778242029681222,2.594070605998847,defined,0.043205443236431385,sensitivity_only
id:x%3A0x1.8000000000000p%2B2,323,5.706,4.90184,5.013917970318778,2.594070605998847,defined,-0.043205443236431385,sensitivity_only
id:x%3A0x1.8000000000000p%2B2,324,5.724,4.913360000000001,4.801282029681222,2.594070605998847,defined,0.043205443236431385,sensitivity_only
id:x%3A0x1.8000000000000p%2B2,325,5.742,4.92488,5.036957970318778,2.594070605998847,defined,-0.043205443236431385,sensitivity_only
id:x%3A0x1.8000000000000p%2B2,326,5.76,4.9364,4.8243220296812215,2.594070605998847,defined,0.043205443236431385,sensitivity_only
id:x%3A0x1.8000000000000p%2B2,327,5.778,4.94792,5.059997970318778,2.594070605998847,defined,-0.043205443236431385,sensitivity_only
id:x%3A0x1.8000000000000p%2B2,328,5.796,4.959440000000001,4.847362029681222,2.594070605998847,defined,0.043205443236431385,sensitivity_only
id:x%3A0x1.8000000000000p%2B2,329,5.814,4.97096,5.083037970318778,2.594070605998847,defined,-0.043205443236431385,sensitivity_only
id:x%3A0x1.8000000000000p%2B2,330,5.832,4.98248,4.870402029681221,2.594070605998847,defined,0.043205443236431385,sensitivity_only
id:x%3A0x1.8000000000000p%2B2,331,5.85,4.994,5.106077970318778,2.594070605998847,defined,-0.043205443236431385,sensitivity_only
id:x%3A0x1.8000000000000p%2B2,332,5.868,5.005520000000001,4.893442029681222,2.594070605998847,defined,0.043205443236431385,sensitivity_only
id:x%3A0x1.8000000000000p%2B2,333,5.886,5.01704,5.129117970318778,2.594070605998847,defined,-0.043205443236431385,sensitivity_only
id:x%3A0x1.8000000000000p%2B2,334,5.904,5.028560000000001,4.916482029681222,2.594070605998847,defined,0.043205443236431385,sensitivity_only
id:x%3A0x1.8000000000000p%2B2,335,5.922,5.04008,5.152157970318778,2.594070605998847,defined,-0.043205443236431385,sensitivity_only
id:x%3A0x1.8000000000000p%2B2,336,5.94,5.0516000000000005,4.939522029681222,2.594070605998847,defined,0.043205443236431385,sensitivity_only
id:x%3A0x1.8000000000000p%2B2,337,5.958,5.06312,5.175197970318778,2.594070605998847,defined,-0.043205443236431385,sensitivity_only
id:x%3A0x1.8000000000000p%2B2,338,5.976,5.0746400000000005,4.962562029681222,2.594070605998847,defined,0.043205443236431385,sensitivity_only
id:x%3A0x1.8000000000000p%2B2,339,5.994,5.08616,5.198237970318778,2.594070605998847,defined,-0.043205443236431385,sensitivity_only
id:x%3A0x1.8000000000000p%2B2,340,6.0,5.09,4.977922029681221,2.594070605998847,defined,0.043205443236431385,sensitivity_only
id:x%3A0x1.8000000000000p%2B2,341,6.012,5.09768,5.209757970318779,2.594070605998847,defined,-0.043205443236431385,sensitivity_only
id:x%3A0x1.8000000000000p%2B2,342,6.03,5.1092,4.997122029681222,2.594070605998847,defined,0.043205443236431385,sensitivity_only
id:x%3A0x1.8000000000000p%2B2,343,6.048,5.12072,5.232797970318779,2.594070605998847,defined,-0.043205443236431385,sensitivity_only
id:x%3A0x1.8000000000000p%2B2,344,6.066,5.1322399999999995,5.020162029681221,2.594070605998847,defined,0.043205443236431385,sensitivity_only
id:x%3A0x1.8000000000000p%2B2,345,6.084,5.14376,5.255837970318779,2.594070605998847,defined,-0.043205443236431385,sensitivity_only
id:x%3A0x1.8000000000000p%2B2,346,6.102,5.15528,5.043202029681222,2.594070605998847,defined,0.043205443236431385,sensitivity_only
id:x%3A0x1.8000000000000p%2B2,347,6.12,5.1668,5.278877970318779,2.594070605998847,defined,-0.043205443236431385,sensitivity_only
id:x%3A0x1.8000000000000p%2B2,348,6.138,5.178319999999999,5.066242029681221,2.594070605998847,defined,0.043205443236431385,sensitivity_only
id:x%3A0x1.8000000000000p%2B2,349,6.156,5.18984,5.301917970318779,2.594070605998847,defined,-0.043205443236431385,sensitivity_only
id:x%3A0x1.8000000000000p%2B2,350,6.174,5.20136,5.089282029681222,2.594070605998847,defined,0.043205443236431385,sensitivity_only
id:x%3A0x1.8000000000000p%2B2,351,6.192,5.21288,5.324957970318779,2.594070605998847,defined,-0.043205443236431385,sensitivity_only
id:x%3A0x1.8000000000000p%2B2,352,6.21,5.2244,5.112322029681222,2.594070605998847,defined,0.043205443236431385,sensitivity_only
id:x%3A0x1.8000000000000p%2B2,353,6.228,5.23592,5.3479979703187785,2.594070605998847,defined,-0.043205443236431385,sensitivity_only
id:x%3A0x1.8000000000000p%2B2,354,6.246,5.247440000000001,5.135362029681223,2.594070605998847,defined,0.043205443236431385,sensitivity_only
id:x%3A0x1.8000000000000p%2B2,355,6.264,5.25896,5.3710379703187785,2.594070605998847,defined,-0.043205443236431385,sensitivity_only
id:x%3A0x1.8000000000000p%2B2,356,6.282,5.27048,5.158402029681222,2.594070605998847,defined,0.043205443236431385,sensitivity_only
id:x%3A0x1.8000000000000p%2B2,357,6.3,5.282,5.3940779703187784,2.594070605998847,defined,-0.043205443236431385,sensitivity_only
id:x%3A0x1.8000000000000p%2B2,358,6.318,5.29352,5.181442029681222,2.594070605998847,defined,0.043205443236431385,sensitivity_only
id:x%3A0x1.8000000000000p%2B2,359,6.336,5.30504,5.417117970318778,2.594070605998847,defined,-0.043205443236431385,sensitivity_only
id:x%3A0x1.8000000000000p%2B2,360,6.354,5.31656,5.2044820296812215,2.594070605998847,defined,0.043205443236431385,sensitivity_only
id:x%3A0x1.8000000000000p%2B2,361,6.372,5.32808,5.440157970318778,2.594070605998847,defined,-0.043205443236431385,sensitivity_only
id:x%3A0x1.8000000000000p%2B2,362,6.39,5.3396,5.2275220296812215,2.594070605998847,defined,0.043205443236431385,sensitivity_only
id:x%3A0x1.8000000000000p%2B2,363,6.408,5.35112,5.463197970318778,2.594070605998847,defined,-0.043205443236431385,sensitivity_only
id:x%3A0x1.8000000000000p%2B2,364,6.426,5.36264,5.250562029681221,2.594070605998847,defined,0.043205443236431385,sensitivity_only
id:x%3A0x1.8000000000000p%2B2,365,6.444,5.37416,5.486237970318778,2.594070605998847,defined,-0.043205443236431385,sensitivity_only
id:x%3A0x1.8000000000000p%2B2,366,6.462,5.38568,5.273602029681221,2.594070605998847,defined,0.043205443236431385,sensitivity_only
id:x%3A0x1.8000000000000p%2B2,367,6.48,5.397200000000001,5.509277970318779,2.594070605998847,defined,-0.043205443236431385,sensitivity_only
id:x%3A0x1.8000000000000p%2B2,368,6.498,5.408720000000001,5.296642029681222,2.594070605998847,defined,0.043205443236431385,sensitivity_only
id:x%3A0x1.8000000000000p%2B2,369,6.516,5.42024,5.522129063926162,2.3582460054534993,defined,-0.043205443236431385,sensitivity_only
id:x%3A0x1.8000000000000p%2B2,370,6.534,5.43176,5.329870936073838,2.3582460054534993,defined,0.043205443236431385,sensitivity_only
id:x%3A0x1.8000000000000p%2B2,371,6.552,5.44328,5.545169063926162,2.3582460054534993,defined,-0.043205443236431385,sensitivity_only
id:x%3A0x1.8000000000000p%2B2,372,6.57,5.4548000000000005,5.3529109360738385,2.3582460054534993,defined,0.043205443236431385,sensitivity_only
id:x%3A0x1.8000000000000p%2B2,373,6.588,5.4663200000000005,5.5682090639261625,2.3582460054534993,defined,-0.043205443236431385,sensitivity_only
id:x%3A0x1.8000000000000p%2B2,374,6.606,5.47784,5.375950936073838,2.3582460054534993,defined,0.043205443236431385,sensitivity_only
id:x%3A0x1.8000000000000p%2B2,375,6.624,5.48936,5.591249063926162,2.3582460054534993,defined,-0.043205443236431385,sensitivity_only
id:x%3A0x1.8000000000000p%2B2,376,6.642,5.50088,5.398990936073838,2.3582460054534993,defined,0.043205443236431385,sensitivity_only
id:x%3A0x1.8000000000000p%2B2,377,6.66,5.5124,5.6142890639261624,2.3582460054534993,defined,-0.043205443236431385,sensitivity_only
id:x%3A0x1.8000000000000p%2B2,378,6.678,5.52392,5.422030936073838,2.3582460054534993,defined,0.043205443236431385,sensitivity_only
id:x%3A0x1.8000000000000p%2B2,379,6.696,5.53544,5.637329063926162,2.3582460054534993,defined,-0.043205443236431385,sensitivity_only
id:x%3A0x1.8000000000000p%2B2,380,6.714,5.54696,5.445070936073838,2.3582460054534993,defined,0.043205443236431385,sensitivity_only
id:x%3A0x1.8000000000000p%2B2,381,6.732,5.55848,5.660369063926162,2.3582460054534993,defined,-0.043205443236431385,sensitivity_only
id:x%3A0x1.8000000000000p%2B2,382,6.75,5.57,5.468110936073838,2.3582460054534993,defined,0.043205443236431385,sensitivity_only
id:x%3A0x1.8000000000000p%2B2,383,6.768,5.58152,5.683409063926162,2.3582460054534993,defined,-0.043205443236431385,sensitivity_only
id:x%3A0x1.8000000000000p%2B2,384,6.786,5.59304,5.491150936073838,2.3582460054534993,defined,0.043205443236431385,sensitivity_only
id:x%3A0x1.8000000000000p%2B2,385,6.804,5.60456,5.706449063926162,2.3582460054534993,defined,-0.043205443236431385,sensitivity_only
id:x%3A0x1.8000000000000p%2B2,386,6.822,5.61608,5.514190936073838,2.3582460054534993,defined,0.043205443236431385,sensitivity_only
id:x%3A0x1.8000000000000p%2B2,387,6.84,5.6276,5.729489063926162,2.3582460054534993,defined,-0.043205443236431385,sensitivity_only
id:x%3A0x1.8000000000000p%2B2,388,6.858,5.63912,5.537230936073838,2.3582460054534993,defined,0.043205443236431385,sensitivity_only
id:x%3A0x1.8000000000000p%2B2,389,6.876,5.65064,5.752529063926162,2.3582460054534993,defined,-0.043205443236431385,sensitivity_only
id:x%3A0x1.8000000000000p%2B2,390,6.894,5.66216,5.560270936073838,2.3582460054534993,defined,0.043205443236431385,sensitivity_only
id:x%3A0x1.8000000000000p%2B2,391,6.912,5.67368,5.775569063926162,2.3582460054534993,defined,-0.043205443236431385,sensitivity_only
id:x%3A0x1.8000000000000p%2B2,392,6.93,5.6852,5.583310936073838,2.3582460054534993,defined,0.043205443236431385,sensitivity_only
id:x%3A0x1.8000000000000p%2B2,393,6.948,5.69672,5.798609063926162,2.3582460054534993,defined,-0.043205443236431385,sensitivity_only
id:x%3A0x1.8000000000000p%2B2,394,6.966,5.70824,5.606350936073838,2.3582460054534993,defined,0.043205443236431385,sensitivity_only
id:x%3A0x1.8000000000000p%2B2,395,6.984,5.71976,5.821649063926162,2.3582460054534993,defined,-0.043205443236431385,sensitivity_only
id:x%3A0x1.8000000000000p%2B2,396,7.0,5.73,5.628110936073838,2.3582460054534993,defined,0.043205443236431385,sensitivity_only
id:x%3A0x1.8000000000000p%2B2,397,7.002,5.73128,5.833169063926162,2.3582460054534993,defined,-0.043205443236431385,sensitivity_only
id:x%3A0x1.8000000000000p%2B2,398,7.02,5.7428,5.640910936073838,2.3582460054534993,defined,0.043205443236431385,sensitivity_only
id:x%3A0x1.8000000000000p%2B2,399,7.038,5.75432,5.856209063926162,2.3582460054534993,defined,-0.043205443236431385,sensitivity_only
id:x%3A0x1.8000000000000p%2B2,400,7.056,5.76584,5.663950936073838,2.3582460054534993,defined,0.043205443236431385,sensitivity_only
id:x%3A0x1.8000000000000p%2B2,401,7.074,5.77736,5.879249063926162,2.3582460054534993,defined,-0.043205443236431385,sensitivity_only
id:x%3A0x1.8000000000000p%2B2,402,7.092,5.78888,5.686990936073838,2.3582460054534993,defined,0.043205443236431385,sensitivity_only
id:x%3A0x1.8000000000000p%2B2,403,7.11,5.800400000000001,5.902289063926163,2.3582460054534993,defined,-0.043205443236431385,sensitivity_only
id:x%3A0x1.8000000000000p%2B2,404,7.128,5.81192,5.710030936073838,2.3582460054534993,defined,0.043205443236431385,sensitivity_only
id:x%3A0x1.8000000000000p%2B2,405,7.146,5.82344,5.925329063926162,2.3582460054534993,defined,-0.043205443236431385,sensitivity_only
id:x%3A0x1.8000000000000p%2B2,406,7.164,5.83496,5.733070936073838,2.3582460054534993,defined,0.043205443236431385,sensitivity_only
id:x%3A0x1.8000000000000p%2B2,407,7.182,5.846480000000001,5.948369063926163,2.3582460054534993,defined,-0.043205443236431385,sensitivity_only
id:x%3A0x1.8000000000000p%2B2,408,7.2,5.8580000000000005,5.7561109360738385,2.3582460054534993,defined,0.043205443236431385,sensitivity_only
id:x%3A0x1.8000000000000p%2B2,409,7.218,5.8695200000000005,5.9714090639261626,2.3582460054534993,defined,-0.043205443236431385,sensitivity_only
id:x%3A0x1.8000000000000p%2B2,410,7.236,5.88104,5.779150936073838,2.3582460054534993,defined,0.043205443236431385,sensitivity_only
id:x%3A0x1.8000000000000p%2B2,411,7.254,5.89256,5.994449063926162,2.3582460054534993,defined,-0.043205443236431385,sensitivity_only
id:x%3A0x1.8000000000000p%2B2,412,7.272,5.90408,5.802190936073838,2.3582460054534993,defined,0.043205443236431385,sensitivity_only
id:x%3A0x1.8000000000000p%2B2,413,7.29,5.9156,6.0174890639261625,2.3582460054534993,defined,-0.043205443236431385,sensitivity_only
id:x%3A0x1.8000000000000p%2B2,414,7.308,5.92712,5.825230936073838,2.3582460054534993,defined,0.043205443236431385,sensitivity_only
id:x%3A0x1.8000000000000p%2B2,415,7.326,5.9386399999999995,6.0405290639261615,2.3582460054534993,defined,-0.043205443236431385,sensitivity_only
id:x%3A0x1.8000000000000p%2B2,416,7.344,5.95016,5.848270936073838,2.3582460054534993,defined,0.043205443236431385,sensitivity_only
id:x%3A0x1.8000000000000p%2B2,417,7.362,5.96168,6.063569063926162,2.3582460054534993,defined,-0.043205443236431385,sensitivity_only
id:x%3A0x1.8000000000000p%2B2,418,7.38,5.9732,5.871310936073838,2.3582460054534993,defined,0.043205443236431385,sensitivity_only
id:x%3A0x1.8000000000000p%2B2,419,7.398,5.98472,6.086609063926162,2.3582460054534993,defined,-0.043205443236431385,sensitivity_only
id:x%3A0x1.8000000000000p%2B2,420,7.416,5.99624,5.894350936073838,2.3582460054534993,defined,0.043205443236431385,sensitivity_only
id:x%3A0x1.8000000000000p%2B2,421,7.434,6.00776,6.109649063926162,2.3582460054534993,defined,-0.043205443236431385,sensitivity_only
id:x%3A0x1.8000000000000p%2B2,422,7.452,6.01928,5.917390936073838,2.3582460054534993,defined,0.043205443236431385,sensitivity_only
id:x%3A0x1.8000000000000p%2B2,423,7.47,6.0308,6.132689063926162,2.3582460054534993,defined,-0.043205443236431385,sensitivity_only
id:x%3A0x1.8000000000000p%2B2,424,7.488,6.04232,5.940430936073838,2.3582460054534993,defined,0.043205443236431385,sensitivity_only
id:x%3A0x1.8000000000000p%2B2,425,7.506,6.05384,6.155729063926162,2.358246005453502,defined,-0.043205443236431385,sensitivity_only
id:x%3A0x1.8000000000000p%2B2,426,7.524,6.06536,5.963470936073838,2.358246005453502,defined,0.043205443236431385,sensitivity_only
id:x%3A0x1.8000000000000p%2B2,427,7.542,6.07688,6.178769063926162,2.358246005453502,defined,-0.043205443236431385,sensitivity_only
id:x%3A0x1.8000000000000p%2B2,428,7.56,6.0884,5.986510936073838,2.358246005453502,defined,0.043205443236431385,sensitivity_only
id:x%3A0x1.8000000000000p%2B2,429,7.578,6.09992,6.201809063926162,2.358246005453502,defined,-0.043205443236431385,sensitivity_only
id:x%3A0x1.8000000000000p%2B2,430,7.596,6.11144,6.009550936073838,2.358246005453502,defined,0.043205443236431385,sensitivity_only
id:x%3A0x1.8000000000000p%2B2,431,7.614,6.12296,6.224849063926162,2.358246005453502,defined,-0.043205443236431385,sensitivity_only
id:x%3A0x1.8000000000000p%2B2,432,7.632,6.13448,6.032590936073838,2.358246005453502,defined,0.043205443236431385,sensitivity_only
id:x%3A0x1.8000000000000p%2B2,433,7.65,6.146,6.247889063926162,2.358246005453502,defined,-0.043205443236431385,sensitivity_only
id:x%3A0x1.8000000000000p%2B2,434,7.668,6.15752,6.055630936073838,2.358246005453502,defined,0.043205443236431385,sensitivity_only
id:x%3A0x1.8000000000000p%2B2,435,7.686,6.16904,6.270929063926162,2.358246005453502,defined,-0.043205443236431385,sensitivity_only
id:x%3A0x1.8000000000000p%2B2,436,7.704,6.18056,6.078670936073838,2.358246005453502,defined,0.043205443236431385,sensitivity_only
id:x%3A0x1.8000000000000p%2B2,437,7.722,6.192080000000001,6.293969063926163,2.358246005453502,defined,-0.043205443236431385,sensitivity_only
id:x%3A0x1.8000000000000p%2B2,438,7.74,6.203600000000001,6.101710936073839,2.358246005453502,defined,0.043205443236431385,sensitivity_only
id:x%3A0x1.8000000000000p%2B2,439,7.758,6.21512,6.317009063926162,2.358246005453502,defined,-0.043205443236431385,sensitivity_only
id:x%3A0x1.8000000000000p%2B2,440,7.776,6.22664,6.124750936073838,2.358246005453502,defined,0.043205443236431385,sensitivity_only
id:x%3A0x1.8000000000000p%2B2,441,7.794,6.23816,6.340049063926162,2.358246005453502,defined,-0.043205443236431385,sensitivity_only
id:x%3A0x1.8000000000000p%2B2,442,7.812,6.249680000000001,6.1477909360738385,2.358246005453502,defined,0.043205443236431385,sensitivity_only
id:x%3A0x1.8000000000000p%2B2,443,7.83,6.2612000000000005,6.363089063926163,2.358246005453502,defined,-0.043205443236431385,sensitivity_only
id:x%3A0x1.8000000000000p%2B2,444,7.848,6.27272,6.170830936073838,2.358246005453502,defined,0.043205443236431385,sensitivity_only
id:x%3A0x1.8000000000000p%2B2,445,7.866,6.28424,6.386129063926162,2.358246005453502,defined,-0.043205443236431385,sensitivity_only
id:x%3A0x1.8000000000000p%2B2,446,7.884,6.2957600000000005,6.193870936073838,2.358246005453502,defined,0.043205443236431385,sensitivity_only
id:x%3A0x1.8000000000000p%2B2,447,7.902,6.30728,6.4091690639261625,2.358246005453502,defined,-0.043205443236431385,sensitivity_only
id:x%3A0x1.8000000000000p%2B2,448,7.92,6.3188,6.216910936073838,2.358246005453502,defined,0.043205443236431385,sensitivity_only
id:x%3A0x1.8000000000000p%2B2,449,7.938,6.3303199999999995,6.4322090639261615,2.358246005453502,defined,-0.043205443236431385,sensitivity_only
id:x%3A0x1.8000000000000p%2B2,450,7.956,6.34184,6.239950936073838,2.358246005453502,defined,0.043205443236431385,sensitivity_only
id:x%3A0x1.8000000000000p%2B2,451,7.974,6.35336,6.455249063926162,2.358246005453502,defined,-0.043205443236431385,sensitivity_only
id:x%3A0x1.8000000000000p%2B2,452,7.992,6.36488,6.262990936073838,2.358246005453502,defined,0.043205443236431385,sensitivity_only
id:x%3A0x1.8000000000000p%2B2,453,8.0,6.37,6.471889063926162,2.358246005453502,defined,-0.043205443236431385,sensitivity_only
id:x%3A0x1.8000000000000p%2B2,454,8.01,6.3764,6.274510936073838,2.358246005453502,defined,0.043205443236431385,sensitivity_only
id:x%3A0x1.8000000000000p%2B2,455,8.028,6.38792,6.489809063926162,2.358246005453502,defined,-0.043205443236431385,sensitivity_only
id:x%3A0x1.8000000000000p%2B2,456,8.046,6.399439999999999,6.297550936073837,2.358246005453502,defined,0.043205443236431385,sensitivity_only
id:x%3A0x1.8000000000000p%2B2,457,8.064,6.41096,6.512849063926162,2.358246005453502,defined,-0.043205443236431385,sensitivity_only
id:x%3A0x1.8000000000000p%2B2,458,8.082,6.42248,6.320590936073838,2.358246005453502,defined,0.043205443236431385,sensitivity_only
id:x%3A0x1.8000000000000p%2B2,459,8.1,6.434,6.535889063926162,2.358246005453502,defined,-0.043205443236431385,sensitivity_only
id:x%3A0x1.8000000000000p%2B2,460,8.118,6.44552,6.343630936073838,2.358246005453502,defined,0.043205443236431385,sensitivity_only
id:x%3A0x1.8000000000000p%2B2,461,8.136,6.457039999999999,6.558929063926161,2.358246005453502,defined,-0.043205443236431385,sensitivity_only
id:x%3A0x1.8000000000000p%2B2,462,8.154,6.46856,6.366670936073838,2.358246005453502,defined,0.043205443236431385,sensitivity_only
id:x%3A0x1.8000000000000p%2B2,463,8.172,6.48008,6.581969063926162,2.358246005453502,defined,-0.043205443236431385,sensitivity_only
id:x%3A0x1.8000000000000p%2B2,464,8.19,6.4916,6.389710936073838,2.358246005453502,defined,0.043205443236431385,sensitivity_only
id:x%3A0x1.8000000000000p%2B2,465,8.208,6.50312,6.605009063926162,2.358246005453502,defined,-0.043205443236431385,sensitivity_only
id:x%3A0x1.8000000000000p%2B2,466,8.226,6.514640000000001,6.412750936073839,2.358246005453502,defined,0.043205443236431385,sensitivity_only
id:x%3A0x1.8000000000000p%2B2,467,8.244,6.52616,6.628049063926162,2.358246005453502,defined,-0.043205443236431385,sensitivity_only
id:x%3A0x1.8000000000000p%2B2,468,8.262,6.537680000000001,6.435790936073839,2.358246005453502,defined,0.043205443236431385,sensitivity_only
id:x%3A0x1.8000000000000p%2B2,469,8.28,6.5492,6.651089063926162,2.358246005453502,defined,-0.043205443236431385,sensitivity_only
id:x%3A0x1.8000000000000p%2B2,470,8.298,6.56072,6.458830936073838,2.358246005453502,defined,0.043205443236431385,sensitivity_only
id:x%3A0x1.8000000000000p%2B2,471,8.316,6.572240000000001,6.674129063926163,2.358246005453502,defined,-0.043205443236431385,sensitivity_only
id:x%3A0x1.8000000000000p%2B2,472,8.334,6.58376,6.481870936073838,2.358246005453502,defined,0.043205443236431385,sensitivity_only
id:x%3A0x1.8000000000000p%2B2,473,8.352,6.595280000000001,6.697169063926163,2.358246005453502,defined,-0.043205443236431385,sensitivity_only
id:x%3A0x1.8000000000000p%2B2,474,8.37,6.6068,6.504910936073838,2.358246005453502,defined,0.043205443236431385,sensitivity_only
id:x%3A0x1.8000000000000p%2B2,475,8.388,6.61832,6.720209063926162,2.358246005453502,defined,-0.043205443236431385,sensitivity_only
id:x%3A0x1.8000000000000p%2B2,476,8.406,6.629840000000001,6.527950936073839,2.358246005453502,defined,0.043205443236431385,sensitivity_only
id:x%3A0x1.8000000000000p%2B2,477,8.424,6.64136,6.743249063926162,2.358246005453502,defined,-0.043205443236431385,sensitivity_only
id:x%3A0x1.8000000000000p%2B2,478,8.442,6.652880000000001,6.5509909360738385,2.358246005453502,defined,0.043205443236431385,sensitivity_only
id:x%3A0x1.8000000000000p%2B2,479,8.46,6.6644000000000005,6.766289063926163,2.358246005453502,defined,-0.043205443236431385,sensitivity_only
id:x%3A0x1.8000000000000p%2B2,480,8.478,6.67592,6.574030936073838,2.358246005453502,defined,0.043205443236431385,sensitivity_only
id:x%3A0x1.8000000000000p%2B2,481,8.496,6.6874400000000005,6.7893290639261625,2.358246005453502,defined,-0.043205443236431385,sensitivity_only
id:x%3A0x1.8000000000000p%2B2,482,8.514,6.69896,6.5970709360738375,2.358246005453502,defined,0.043205443236431385,sensitivity_only
id:x%3A0x1.8000000000000p%2B2,483,8.532,6.7104800000000004,6.8123690639261625,2.358246005453502,defined,-0.043205443236431385,sensitivity_only
id:x%3A0x1.8000000000000p%2B2,484,8.55,6.722,6.620110936073838,2.358246005453502,defined,0.043205443236431385,sensitivity_only
id:x%3A0x1.8000000000000p%2B2,485,8.568,6.7335199999999995,6.8354090639261615,2.358246005453502,defined,-0.043205443236431385,sensitivity_only
id:x%3A0x1.8000000000000p%2B2,486,8.586,6.74504,6.643150936073838,2.358246005453502,defined,0.043205443236431385,sensitivity_only
id:x%3A0x1.8000000000000p%2B2,487,8.604,6.7565599999999995,6.8584490639261615,2.358246005453502,defined,-0.043205443236431385,sensitivity_only
id:x%3A0x1.8000000000000p%2B2,488,8.622,6.76808,6.666190936073838,2.358246005453502,defined,0.043205443236431385,sensitivity_only
id:x%3A0x1.8000000000000p%2B2,489,8.64,6.7796,6.881489063926162,2.358246005453502,defined,-0.043205443236431385,sensitivity_only
id:x%3A0x1.8000000000000p%2B2,490,8.658,6.791119999999999,6.689230936073837,2.358246005453502,defined,0.043205443236431385,sensitivity_only
id:x%3A0x1.8000000000000p%2B2,491,8.676,6.80264,6.904529063926162,2.358246005453502,defined,-0.043205443236431385,sensitivity_only
id:x%3A0x1.8000000000000p%2B2,492,8.694,6.81416,6.712270936073838,2.358246005453502,defined,0.043205443236431385,sensitivity_only
id:x%3A0x1.8000000000000p%2B2,493,8.712,6.82568,6.927569063926162,2.358246005453502,defined,-0.043205443236431385,sensitivity_only
id:x%3A0x1.8000000000000p%2B2,494,8.73,6.8372,6.735310936073838,2.358246005453502,defined,0.043205443236431385,sensitivity_only
id:x%3A0x1.8000000000000p%2B2,495,8.748,6.848719999999999,6.950609063926161,2.358246005453502,defined,-0.043205443236431385,sensitivity_only
id:x%3A0x1.8000000000000p%2B2,496,8.766,6.86024,6.758350936073838,2.358246005453502,defined,0.043205443236431385,sensitivity_only
id:x%3A0x1.8000000000000p%2B2,497,8.784,6.871760000000001,6.973649063926163,2.358246005453502,defined,-0.043205443236431385,sensitivity_only
id:x%3A0x1.8000000000000p%2B2,498,8.802,6.88328,6.781390936073838,2.358246005453502,defined,0.043205443236431385,sensitivity_only
id:x%3A0x1.8000000000000p%2B2,499,8.82,6.8948,6.996689063926162,2.358246005453502,defined,-0.043205443236431385,sensitivity_only
id:x%3A0x1.8000000000000p%2B2,500,8.838,6.90632,6.804430936073838,2.358246005453502,defined,0.043205443236431385,sensitivity_only
id:x%3A0x1.8000000000000p%2B2,501,8.856,6.91784,7.019729063926162,2.358246005453502,defined,-0.043205443236431385,sensitivity_only
id:x%3A0x1.8000000000000p%2B2,502,8.874,6.929360000000001,6.827470936073839,2.358246005453502,defined,0.043205443236431385,sensitivity_only
id:x%3A0x1.8000000000000p%2B2,503,8.892,6.94088,7.042769063926162,2.358246005453502,defined,-0.043205443236431385,sensitivity_only
id:x%3A0x1.8000000000000p%2B2,504,8.91,6.9524,6.850510936073838,2.358246005453502,defined,0.043205443236431385,sensitivity_only
id:x%3A0x1.8000000000000p%2B2,505,8.928,6.963920000000001,7.065809063926163,2.358246005453502,defined,-0.043205443236431385,sensitivity_only
id:x%3A0x1.8000000000000p%2B2,506,8.946,6.97544,6.873550936073838,2.358246005453502,defined,0.043205443236431385,sensitivity_only
id:x%3A0x1.8000000000000p%2B2,507,8.964,6.986960000000001,7.088849063926163,2.358246005453502,defined,-0.043205443236431385,sensitivity_only
id:x%3A0x1.8000000000000p%2B2,508,8.982,6.99848,6.896590936073838,2.358246005453502,defined,0.043205443236431385,sensitivity_only
id:x%3A0x1.8000000000000p%2B2,509,9.0,7.01,7.111889063926162,2.358246005453502,defined,-0.043205443236431385,sensitivity_only
id:x%3A0x1.c000000000000p%2B2,0,0.0,1.25,1.0136513447867717,2.594070605998847,defined,0.09111111111111111,sensitivity_only
id:x%3A0x1.c000000000000p%2B2,1,0.018,1.26152,1.379345558540254,2.594070605998847,defined,-0.04542110699214581,sensitivity_only
id:x%3A0x1.c000000000000p%2B2,2,0.036,1.27304,1.1552144414597458,2.594070605998847,defined,0.04542110699214581,sensitivity_only
id:x%3A0x1.c000000000000p%2B2,3,0.054,1.28456,1.402385558540254,2.594070605998847,defined,-0.04542110699214581,sensitivity_only
id:x%3A0x1.c000000000000p%2B2,4,0.072,1.29608,1.1782544414597458,2.594070605998847,defined,0.04542110699214581,sensitivity_only
id:x%3A0x1.c000000000000p%2B2,5,0.09,1.3076,1.4254255585402542,2.594070605998847,defined,-0.04542110699214581,sensitivity_only
id:x%3A0x1.c000000000000p%2B2,6,0.108,1.31912,1.201294441459746,2.594070605998847,defined,0.04542110699214581,sensitivity_only
id:x%3A0x1.c000000000000p%2B2,7,0.126,1.33064,1.4484655585402542,2.594070605998847,defined,-0.04542110699214581,sensitivity_only
id:x%3A0x1.c000000000000p%2B2,8,0.144,1.34216,1.224334441459746,2.594070605998847,defined,0.04542110699214581,sensitivity_only
id:x%3A0x1.c000000000000p%2B2,9,0.162,1.35368,1.471505558540254,2.594070605998847,defined,-0.04542110699214581,sensitivity_only
id:x%3A0x1.c000000000000p%2B2,10,0.18,1.3652,1.2473744414597459,2.594070605998847,defined,0.04542110699214581,sensitivity_only
id:x%3A0x1.c000000000000p%2B2,11,0.198,1.37672,1.494545558540254,2.594070605998847,defined,-0.04542110699214581,sensitivity_only
id:x%3A0x1.c000000000000p%2B2,12,0.216,1.38824,1.2704144414597458,2.594070605998847,defined,0.04542110699214581,sensitivity_only
id:x%3A0x1.c000000000000p%2B2,13,0.234,1.3997600000000001,1.5175855585402542,2.594070605998847,defined,-0.04542110699214581,sensitivity_only
id:x%3A0x1.c000000000000p%2B2,14,0.252,1.41128,1.293454441459746,2.594070605998847,defined,0.04542110699214581,sensitivity_only
id:x%3A0x1.c000000000000p%2B2,15,0.27,1.4228,1.5406255585402542,2.594070605998847,defined,-0.04542110699214581,sensitivity_only
id:x%3A0x1.c000000000000p%2B2,16,0.288,1.43432,1.316494441459746,2.594070605998847,defined,0.04542110699214581,sensitivity_only
id:x%3A0x1.c000000000000p%2B2,17,0.306,1.44584,1.5636655585402541,2.594070605998847,defined,-0.04542110699214581,sensitivity_only
id:x%3A0x1.c000000000000p%2B2,18,0.324,1.45736,1.3395344414597459,2.594070605998847,defined,0.04542110699214581,sensitivity_only
id:x%3A0x1.c000000000000p%2B2,19,0.342,1.46888,1.586705558540254,2.594070605998847,defined,-0.04542110699214581,sensitivity_only
id:x%3A0x1.c000000000000p%2B2,20,0.36,1.4804,1.3625744414597458,2.594070605998847,defined,0.04542110699214581,sensitivity_only
id:x%3A0x1.c000000000000p%2B2,21,0.378,1.49192,1.609745558540254,2.594070605998847,defined,-0.04542110699214581,sensitivity_only
id:x%3A0x1.c000000000000p%2B2,22,0.396,1.5034399999999999,1.3856144414597458,2.594070605998847,defined,0.04542110699214581,sensitivity_only
id:x%3A0x1.c000000000000p%2B2,23,0.414,1.5149599999999999,1.632785558540254,2.594070605998847,defined,-0.04542110699214581,sensitivity_only
id:x%3A0x1.c000000000000p%2B2,24,0.432,1.52648,1.408654441459746,2.594070605998847,defined,0.04542110699214581,sensitivity_only
id:x%3A0x1.c000000000000p%2B2,25,0.45,1.538,1.6558255585402541,2.594070605998847,defined,-0.04542110699214581,sensitivity_only
id:x%3A0x1.c000000000000p%2B2,26,0.468,1.54952,1.431694441459746,2.594070605998847,defined,0.04542110699214581,sensitivity_only
id:x%3A0x1.c000000000000p%2B2,27,0.486,1.56104,1.678865558540254,2.594070605998847,defined,-0.04542110699214581,sensitivity_only
id:x%3A0x1.c000000000000p%2B2,28,0.504,1.57256,1.465445855872496,2.3582460054534993,defined,0.04542110699214581,sensitivity_only
id:x%3A0x1.c000000000000p%2B2,29,0.522,1.5840800000000002,1.691194144127504,2.3582460054534993,defined,-0.04542110699214581,sensitivity_only
id:x%3A0x1.c000000000000p%2B2,30,0.54,1.5956000000000001,1.4884858558724963,2.3582460054534993,defined,0.04542110699214581,sensitivity_only
id:x%3A0x1.c000000000000p%2B2,31,0.558,1.60712,1.714234144127504,2.3582460054534993,defined,-0.04542110699214581,sensitivity_only
id:x%3A0x1.c000000000000p%2B2,32,0.576,1.61864,1.5115258558724962,2.3582460054534993,defined,0.04542110699214581,sensitivity_only
id:x%3A0x1.c000000000000p%2B2,33,0.594,1.63016,1.737274144127504,2.3582460054534993,defined,-0.04542110699214581,sensitivity_only
id:x%3A0x1.c000000000000p%2B2,34,0.612,1.64168,1.5345658558724962,2.3582460054534993,defined,0.04542110699214581,sensitivity_only
id:x%3A0x1.c000000000000p%2B2,35,0.63,1.6532,1.7603141441275039,2.3582460054534993,defined,-0.04542110699214581,sensitivity_only
id:x%3A0x1.c000000000000p%2B2,36,0.648,1.66472,1.5576058558724961,2.3582460054534993,defined,0.04542110699214581,sensitivity_only
id:x%3A0x1.c000000000000p%2B2,37,0.666,1.67624,1.7833541441275038,2.3582460054534993,defined,-0.04542110699214581,sensitivity_only
id:x%3A0x1.c000000000000p%2B2,38,0.684,1.68776,1.580645855872496,2.3582460054534993,defined,0.04542110699214581,sensitivity_only
id:x%3A0x1.c000000000000p%2B2,39,0.702,1.69928,1.8063941441275038,2.3582460054534993,defined,-0.04542110699214581,sensitivity_only
id:x%3A0x1.c000000000000p%2B2,40,0.72,1.7107999999999999,1.603685855872496,2.3582460054534993,defined,0.04542110699214581,sensitivity_only
id:x%3A0x1.c000000000000p%2B2,41,0.738,1.72232,1.829434144127504,2.3582460054534993,defined,-0.04542110699214581,sensitivity_only
id:x%3A0x1.c000000000000p%2B2,42,0.756,1.73384,1.6267258558724962,2.3582460054534993,defined,0.04542110699214581,sensitivity_only
id:x%3A0x1.c000000000000p%2B2,43,0.774,1.74536,1.8524741441275039,2.3582460054534993,defined,-0.04542110699214581,sensitivity_only
id:x%3A0x1.c000000000000p%2B2,44,0.792,1.75688,1.6497658558724961,2.3582460054534993,defined,0.04542110699214581,sensitivity_only
id:x%3A0x1.c000000000000p%2B2,45,0.81,1.7684000000000002,1.875514144127504,2.3582460054534993,defined,-0.04542110699214581,sensitivity_only
id:x%3A0x1.c000000000000p%2B2,46,0.828,1.77992,1.672805855872496,2.3582460054534993,defined,0.04542110699214581,sensitivity_only
id:x%3A0x1.c000000000000p%2B2,47,0.846,1.7914400000000001,1.898554144127504,2.3582460054534993,defined,-0.04542110699214581,sensitivity_only
id:x%3A0x1.c000000000000p%2B2,48,0.864,1.8029600000000001,1.6958458558724963,2.3582460054534993,defined,0.04542110699214581,sensitivity_only
id:x%3A0x1.c000000000000p%2B2,49,0.882,1.81448,1.921594144127504,2.3582460054534993,defined,-0.04542110699214581,sensitivity_only
id:x%3A0x1.c000000000000p%2B2,50,0.9,1.826,1.7188858558724962,2.3582460054534993,defined,0.04542110699214581,sensitivity_only
id:x%3A0x1.c000000000000p%2B2,51,0.918,1.83752,1.944634144127504,2.3582460054534993,defined,-0.04542110699214581,sensitivity_only
id:x%3A0x1.c000000000000p%2B2,52,0.936,1.84904,1.7419258558724962,2.3582460054534993,defined,0.04542110699214581,sensitivity_only
id:x%3A0x1.c000000000000p%2B2,53,0.954,1.86056,1.9676741441275039,2.3582460054534993,defined,-0.04542110699214581,sensitivity_only
id:x%3A0x1.c000000000000p%2B2,54,0.972,1.87208,1.764965855872496,2.3582460054534993,defined,0.04542110699214581,sensitivity_only
id:x%3A0x1.c000000000000p%2B2,55,0.99,1.8836,1.9907141441275038,2.3582460054534993,defined,-0.04542110699214581,sensitivity_only
id:x%3A0x1.c000000000000p%2B2,56,1.0,1.8900000000000001,1.7828858558724963,2.3582460054534993,defined,0.04542110699214581,sensitivity_only
id:x%3A0x1.c000000000000p%2B2,57,1.008,1.89512,2.002234144127504,2.3582460054534993,defined,-0.04542110699214581,sensitivity_only
id:x%3A0x1.c000000000000p%2B2,58,1.026,1.90664,1.799525855872496,2.3582460054534993,defined,0.04542110699214581,sensitivity_only
id:x%3A0x1.c000000000000p%2B2,59,1.044,1.91816,2.025274144127504,2.3582460054534993,defined,-0.04542110699214581,sensitivity_only
id:x%3A0x1.c000000000000p%2B2,60,1.062,1.92968,1.8225658558724962,2.3582460054534993,defined,0.04542110699214581,sensitivity_only
id:x%3A0x1.c000000000000p%2B2,61,1.08,1.9412,2.048314144127504,2.3582460054534993,defined,-0.04542110699214581,sensitivity_only
id:x%3A0x1.c000000000000p%2B2,62,1.098,1.9527200000000002,1.8456058558724964,2.3582460054534993,defined,0.04542110699214581,sensitivity_only
id:x%3A0x1.c000000000000p%2B2,63,1.116,1.9642400000000002,2.071354144127504,2.3582460054534993,defined,-0.04542110699214581,sensitivity_only
id:x%3A0x1.c000000000000p%2B2,64,1.134,1.97576,1.868645855872496,2.3582460054534993,defined,0.04542110699214581,sensitivity_only
id:x%3A0x1.c000000000000p%2B2,65,1.152,1.98728,2.094394144127504,2.3582460054534993,defined,-0.04542110699214581,sensitivity_only
id:x%3A0x1.c000000000000p%2B2,66,1.17,1.9988000000000001,1.8916858558724963,2.3582460054534993,defined,0.04542110699214581,sensitivity_only
id:x%3A0x1.c000000000000p%2B2,67,1.188,2.01032,2.117434144127504,2.3582460054534993,defined,-0.04542110699214581,sensitivity_only
id:x%3A0x1.c000000000000p%2B2,68,1.206,2.02184,1.9147258558724962,2.3582460054534993,defined,0.04542110699214581,sensitivity_only
id:x%3A0x1.c000000000000p%2B2,69,1.224,2.03336,2.140474144127504,2.3582460054534993,defined,-0.04542110699214581,sensitivity_only
id:x%3A0x1.c000000000000p%2B2,70,1.242,2.04488,1.9377658558724962,2.3582460054534993,defined,0.04542110699214581,sensitivity_only
id:x%3A0x1.c000000000000p%2B2,71,1.26,2.0564,2.163514144127504,2.3582460054534993,defined,-0.04542110699214581,sensitivity_only
id:x%3A0x1.c000000000000p%2B2,72,1.278,2.06792,1.9608058558724961,2.3582460054534993,defined,0.04542110699214581,sensitivity_only
id:x%3A0x1.c000000000000p%2B2,73,1.296,2.07944,2.186554144127504,2.3582460054534993,defined,-0.04542110699214581,sensitivity_only
id:x%3A0x1.c000000000000p%2B2,74,1.314,2.09096,1.983845855872496,2.3582460054534993,defined,0.04542110699214581,sensitivity_only
id:x%3A0x1.c000000000000p%2B2,75,1.332,2.10248,2.2095941441275038,2.3582460054534993,defined,-0.04542110699214581,sensitivity_only
id:x%3A0x1.c000000000000p%2B2,76,1.35,2.114,2.006885855872496,2.3582460054534993,defined,0.04542110699214581,sensitivity_only
id:x%3A0x1.c000000000000p%2B2,77,1.368,2.12552,2.2326341441275037,2.3582460054534993,defined,-0.04542110699214581,sensitivity_only
id:x%3A0x1.c000000000000p%2B2,78,1.386,2.13704,2.029925855872496,2.3582460054534993,defined,0.04542110699214581,sensitivity_only
id:x%3A0x1.c000000000000p%2B2,79,1.404,2.14856,2.2556741441275037,2.3582460054534993,defined,-0.04542110699214581,sensitivity_only
id:x%3A0x1.c000000000000p%2B2,80,1.422,2.16008,2.052965855872496,2.3582460054534993,defined,0.04542110699214581,sensitivity_only
id:x%3A0x1.c000000000000p%2B2,81,1.44,2.1715999999999998,2.2787141441275036,2.3582460054534993,defined,-0.04542110699214581,sensitivity_only
id:x%3A0x1.c000000000000p%2B2,82,1.458,2.1831199999999997,2.076005855872496,2.3582460054534993,defined,0.04542110699214581,sensitivity_only
id:x%3A0x1.c000000000000p%2B2,83,1.476,2.19464,2.301754144127504,2.3582460054534993,defined,-0.04542110699214581,sensitivity_only
id:x%3A0x1.c000000000000p%2B2,84,1.494,2.20616,2.0990458558724963,2.3582460054534993,defined,0.04542110699214581,sensitivity_only
id:x%3A0x1.c000000000000p%2B2,85,1.512,2.21768,2.324794144127504,2.3582460054534997,defined,-0.04542110699214581,sensitivity_only
id:x%3A0x1.c000000000000p%2B2,86,1.53,2.2292,2.122085855872496,2.3582460054534997,defined,0.04542110699214581,sensitivity_only
id:x%3A0x1.c000000000000p%2B2,87,1.548,2.24072,2.347834144127504,2.3582460054534997,defined,-0.04542110699214581,sensitivity_only
id:x%3A0x1.c000000000000p%2B2,88,1.566,2.25224,2.145125855872496,2.3582460054534997,defined,0.04542110699214581,sensitivity_only
id:x%3A0x1.c000000000000p%2B2,89,1.584,2.26376,2.370874144127504,2.3582460054534997,defined,-0.04542110699214581,sensitivity_only
id:x%3A0x1.c000000000000p%2B2,90,1.602,2.27528,2.168165855872496,2.3582460054534997,defined,0.04542110699214581,sensitivity_only
id:x%3A0x1.c000000000000p%2B2,91,1.62,2.2868000000000004,2.3939141441275043,2.3582460054534997,defined,-0.04542110699214581,sensitivity_only
id:x%3A0x1.c000000000000p%2B2,92,1.638,2.29832,2.191205855872496,2.3582460054534997,defined,0.04542110699214581,sensitivity_only
id:x%3A0x1.c000000000000p%2B2,93,1.656,2.30984,2.4169541441275038,2.3582460054534997,defined,-0.04542110699214581,sensitivity_only
id:x%3A0x1.c000000000000p%2B2,94,1.674,2.3213600000000003,2.2142458558724964,2.3582460054534997,defined,0.04542110699214581,sensitivity_only
id:x%3A0x1.c000000000000p%2B2,95,1.692,2.3328800000000003,2.439994144127504,2.3582460054534997,defined,-0.04542110699214581,sensitivity_only
id:x%3A0x1.c000000000000p%2B2,96,1.71,2.3444000000000003,2.2372858558724964,2.3582460054534997,defined,0.04542110699214581,sensitivity_only
id:x%3A0x1.c000000000000p%2B2,97,1.728,2.3559200000000002,2.463034144127504,2.3582460054534997,defined,-0.04542110699214581,sensitivity_only
id:x%3A0x1.c000000000000p%2B2,98,1.746,2.36744,2.2603258558724963,2.3582460054534997,defined,0.04542110699214581,sensitivity_only
id:x%3A0x1.c000000000000p%2B2,99,1.764,2.37896,2.486074144127504,2.3582460054534997,defined,-0.04542110699214581,sensitivity_only
id:x%3A0x1.c000000000000p%2B2,100,1.782,2.39048,2.2833658558724963,2.3582460054534997,defined,0.04542110699214581,sensitivity_only
id:x%3A0x1.c000000000000p%2B2,101,1.8,2.402,2.509114144127504,2.3582460054534997,defined,-0.04542110699214581,sensitivity_only
id:x%3A0x1.c000000000000p%2B2,102,1.818,2.41352,2.3064058558724962,2.3582460054534997,defined,0.04542110699214581,sensitivity_only
id:x%3A0x1.c000000000000p%2B2,103,1.836,2.42504,2.532154144127504,2.3582460054534997,defined,-0.04542110699214581,sensitivity_only
id:x%3A0x1.c000000000000p%2B2,104,1.854,2.43656,2.329445855872496,2.3582460054534997,defined,0.04542110699214581,sensitivity_only
id:x%3A0x1.c000000000000p%2B2,105,1.872,2.44808,2.555194144127504,2.3582460054534997,defined,-0.04542110699214581,sensitivity_only
id:x%3A0x1.c000000000000p%2B2,106,1.89,2.4596,2.352485855872496,2.3582460054534997,defined,0.04542110699214581,sensitivity_only
id:x%3A0x1.c000000000000p%2B2,107,1.908,2.47112,2.578234144127504,2.3582460054534997,defined,-0.04542110699214581,sensitivity_only
id:x%3A0x1.c000000000000p%2B2,108,1.926,2.48264,2.375525855872496,2.3582460054534997,defined,0.04542110699214581,sensitivity_only
id:x%3A0x1.c000000000000p%2B2,109,1.944,2.49416,2.601274144127504,2.3582460054534997,defined,-0.04542110699214581,sensitivity_only
id:x%3A0x1.c000000000000p%2B2,110,1.962,2.50568,2.398565855872496,2.3582460054534997,defined,0.04542110699214581,sensitivity_only
id:x%3A0x1.c000000000000p%2B2,111,1.98,2.5172,2.6243141441275037,2.3582460054534997,defined,-0.04542110699214581,sensitivity_only
id:x%3A0x1.c000000000000p%2B2,112,1.998,2.52872,2.421605855872496,2.3582460054534997,defined,0.04542110699214581,sensitivity_only
id:x%3A0x1.c000000000000p%2B2,113,2.0,2.5300000000000002,2.637114144127504,2.3582460054534997,defined,-0.04542110699214581,sensitivity_only
id:x%3A0x1.c000000000000p%2B2,114,2.016,2.54024,2.433125855872496,2.3582460054534997,defined,0.04542110699214581,sensitivity_only
id:x%3A0x1.c000000000000p%2B2,115,2.034,2.55176,2.6588741441275037,2.3582460054534997,defined,-0.04542110699214581,sensitivity_only
id:x%3A0x1.c000000000000p%2B2,116,2.052,2.56328,2.456165855872496,2.3582460054534997,defined,0.04542110699214581,sensitivity_only
id:x%3A0x1.c000000000000p%2B2,117,2.07,2.5747999999999998,2.6819141441275036,2.3582460054534997,defined,-0.04542110699214581,sensitivity_only
id:x%3A0x1.c000000000000p%2B2,118,2.088,2.58632,2.4792058558724963,2.3582460054534997,defined,0.04542110699214581,sensitivity_only
id:x%3A0x1.c000000000000p%2B2,119,2.106,2.5978399999999997,2.7049541441275036,2.3582460054534997,defined,-0.04542110699214581,sensitivity_only
id:x%3A0x1.c000000000000p%2B2,120,2.124,2.60936,2.5022458558724963,2.3582460054534997,defined,0.04542110699214581,sensitivity_only
id:x%3A0x1.c000000000000p%2B2,121,2.142,2.6208799999999997,2.7279941441275035,2.3582460054534997,defined,-0.04542110699214581,sensitivity_only
id:x%3A0x1.c000000000000p%2B2,122,2.16,2.6324,2.525285855872496,2.3582460054534997,defined,0.04542110699214581,sensitivity_only
id:x%3A0x1.c000000000000p%2B2,123,2.178,2.64392,2.751034144127504,2.3582460054534997,defined,-0.04542110699214581,sensitivity_only
id:x%3A0x1.c000000000000p%2B2,124,2.196,2.6554400000000005,2.5483258558724966,2.3582460054534997,defined,0.04542110699214581,sensitivity_only
id:x%3A0x1.c000000000000p%2B2,125,2.214,2.66696,2.774074144127504,2.3582460054534997,defined,-0.04542110699214581,sensitivity_only
id:x%3A0x1.c000000000000p%2B2,126,2.232,2.6784800000000004,2.5713658558724966,2.3582460054534997,defined,0.04542110699214581,sensitivity_only
id:x%3A0x1.c000000000000p%2B2,127,2.25,2.69,2.797114144127504,2.3582460054534997,defined,-0.04542110699214581,sensitivity_only
id:x%3A0x1.c000000000000p%2B2,128,2.268,2.70152,2.594405855872496,2.3582460054534997,defined,0.04542110699214581,sensitivity_only
id:x%3A0x1.c000000000000p%2B2,129,2.286,2.7130400000000003,2.820154144127504,2.3582460054534997,defined,-0.04542110699214581,sensitivity_only
id:x%3A0x1.c000000000000p%2B2,130,2.304,2.72456,2.617445855872496,2.3582460054534997,defined,0.04542110699214581,sensitivity_only
id:x%3A0x1.c000000000000p%2B2,131,2.322,2.7360800000000003,2.843194144127504,2.3582460054534997,defined,-0.04542110699214581,sensitivity_only
id:x%3A0x1.c000000000000p%2B2,132,2.34,2.7476000000000003,2.6404858558724964,2.3582460054534997,defined,0.04542110699214581,sensitivity_only
id:x%3A0x1.c000000000000p%2B2,133,2.358,2.7591200000000002,2.866234144127504,2.3582460054534997,defined,-0.04542110699214581,sensitivity_only
id:x%3A0x1.c000000000000p%2B2,134,2.376,2.77064,2.6635258558724964,2.3582460054534997,defined,0.04542110699214581,sensitivity_only
id:x%3A0x1.c000000000000p%2B2,135,2.394,2.78216,2.889274144127504,2.3582460054534997,defined,-0.04542110699214581,sensitivity_only
id:x%3A0x1.c000000000000p%2B2,136,2.412,2.79368,2.6865658558724963,2.3582460054534997,defined,0.04542110699214581,sensitivity_only
id:x%3A0x1.c000000000000p%2B2,137,2.43,2.8052,2.912314144127504,2.3582460054534997,defined,-0.04542110699214581,sensitivity_only
id:x%3A0x1.c000000000000p%2B2,138,2.448,2.81672,2.7096058558724962,2.3582460054534997,defined,0.04542110699214581,sensitivity_only
id:x%3A0x1.c000000000000p%2B2,139,2.466,2.82824,2.935354144127504,2.3582460054534997,defined,-0.04542110699214581,sensitivity_only
id:x%3A0x1.c000000000000p%2B2,140,2.484,2.83976,2.732645855872496,2.3582460054534997,defined,0.04542110699214581,sensitivity_only
id:x%3A0x1.c000000000000p%2B2,141,2.502,2.85128,2.958394144127504,2.3582460054534997,defined,-0.04542110699214581,sensitivity_only
id:x%3A0x1.c000000000000p%2B2,142,2.52,2.8628,2.755685855872496,2.3582460054534997,defined,0.04542110699214581,sensitivity_only
id:x%3A0x1.c000000000000p%2B2,143,2.538,2.87432,2.981434144127504,2.3582460054534997,defined,-0.04542110699214581,sensitivity_only
id:x%3A0x1.c000000000000p%2B2,144,2.556,2.88584,2.778725855872496,2.3582460054534997,defined,0.04542110699214581,sensitivity_only
id:x%3A0x1.c000000000000p%2B2,145,2.574,2.89736,3.004474144127504,2.3582460054534997,defined,-0.04542110699214581,sensitivity_only
id:x%3A0x1.c000000000000p%2B2,146,2.592,2.90888,2.801765855872496,2.3582460054534997,defined,0.04542110699214581,sensitivity_only
id:x%3A0x1.c000000000000p%2B2,147,2.61,2.9204,3.0275141441275037,2.3582460054534997,defined,-0.04542110699214581,sensitivity_only
id:x%3A0x1.c000000000000p%2B2,148,2.628,2.93192,2.824805855872496,2.3582460054534997,defined,0.04542110699214581,sensitivity_only
id:x%3A0x1.c000000000000p%2B2,149,2.646,2.94344,3.0505541441275037,2.3582460054534997,defined,-0.04542110699214581,sensitivity_only
id:x%3A0x1.c000000000000p%2B2,150,2.664,2.95496,2.847845855872496,2.3582460054534997,defined,0.04542110699214581,sensitivity_only
id:x%3A0x1.c000000000000p%2B2,151,2.682,2.96648,3.0735941441275036,2.3582460054534997,defined,-0.04542110699214581,sensitivity_only
id:x%3A0x1.c000000000000p%2B2,152,2.7,2.978,2.8708858558724963,2.3582460054534997,defined,0.04542110699214581,sensitivity_only
id:x%3A0x1.c000000000000p%2B2,153,2.718,2.9895199999999997,3.0966341441275036,2.3582460054534997,defined,-0.04542110699214581,sensitivity_only
id:x%3A0x1.c000000000000p%2B2,154,2.736,3.00104,2.8939258558724963,2.3582460054534997,defined,0.04542110699214581,sensitivity_only
id:x%3A0x1.c000000000000p%2B2,155,2.754,3.01256,3.119674144127504,2.3582460054534997,defined,-0.04542110699214581,sensitivity_only
id:x%3A0x1.c000000000000p%2B2,156,2.772,3.0240799999999997,2.916965855872496,2.3582460054534997,defined,0.04542110699214581,sensitivity_only
id:x%3A0x1.c000000000000p%2B2,157,2.79,3.0356,3.142714144127504,2.3582460054534997,defined,-0.04542110699214581,sensitivity_only
id:x%3A0x1.c000000000000p%2B2,158,2.808,3.0471199999999996,2.9400058558724957,2.3582460054534997,defined,0.04542110699214581,sensitivity_only
id:x%3A0x1.c000000000000p%2B2,159,2.826,3.05864,3.165754144127504,2.3582460054534997,defined,-0.04542110699214581,sensitivity_only
id:x%3A0x1.c000000000000p%2B2,160,2.844,3.07016,2.963045855872496,2.3582460054534997,defined,0.04542110699214581,sensitivity_only
id:x%3A0x1.c000000000000p%2B2,161,2.862,3.0816800000000004,3.1887941441275043,2.3582460054534997,defined,-0.04542110699214581,sensitivity_only
id:x%3A0x1.c000000000000p%2B2,162,2.88,3.0932,2.986085855872496,2.3582460054534997,defined,0.04542110699214581,sensitivity_only
id:x%3A0x1.c000000000000p%2B2,163,2.898,3.1047200000000004,3.2118341441275042,2.3582460054534997,defined,-0.04542110699214581,sensitivity_only
id:x%3A0x1.c000000000000p%2B2,164,2.916,3.11624,3.009125855872496,2.3582460054534997,defined,0.04542110699214581,sensitivity_only
id:x%3A0x1.c000000000000p%2B2,165,2.934,3.1277600000000003,3.234874144127504,2.3582460054534997,defined,-0.04542110699214581,sensitivity_only
id:x%3A0x1.c000000000000p%2B2,166,2.952,3.1392800000000003,3.0321658558724964,2.3582460054534997,defined,0.04542110699214581,sensitivity_only
id:x%3A0x1.c000000000000p%2B2,167,2.97,3.1508000000000003,3.257914144127504,2.3582460054534997,defined,-0.04542110699214581,sensitivity_only
id:x%3A0x1.c000000000000p%2B2,168,2.988,3.1623200000000002,3.0552058558724964,2.3582460054534997,defined,0.04542110699214581,sensitivity_only
id:x%3A0x1.c000000000000p%2B2,169,3.0,3.17,3.277114144127504,2.3582460054534997,defined,-0.04542110699214581,sensitivity_only
id:x%3A0x1.c000000000000p%2B2,170,3.006,3.17384,3.0667258558724964,2.3582460054534997,defined,0.04542110699214581,sensitivity_only
id:x%3A0x1.c000000000000p%2B2,171,3.024,3.18536,3.292474144127504,2.3582460054534997,defined,-0.04542110699214581,sensitivity_only
id:x%3A0x1.c000000000000p%2B2,172,3.042,3.19688,3.0897658558724963,2.3582460054534997,defined,0.04542110699214581,sensitivity_only
id:x%3A0x1.c000000000000p%2B2,173,3.06,3.2084,3.315514144127504,2.3582460054534997,defined,-0.04542110699214581,sensitivity_only
id:x%3A0x1.c000000000000p%2B2,174,3.078,3.21992,3.1128058558724963,2.3582460054534997,defined,0.04542110699214581,sensitivity_only
id:x%3A0x1.c000000000000p%2B2,175,3.096,3.23144,3.338554144127504,2.3582460054534997,defined,-0.04542110699214581,sensitivity_only
id:x%3A0x1.c000000000000p%2B2,176,3.114,3.24296,3.135845855872496,2.3582460054534997,defined,0.04542110699214581,sensitivity_only
id:x%3A0x1.c000000000000p%2B2,177,3.132,3.25448,3.361594144127504,2.3582460054534997,defined,-0.04542110699214581,sensitivity_only
id:x%3A0x1.c000000000000p%2B2,178,3.15,3.266,3.158885855872496,2.3582460054534997,defined,0.04542110699214581,sensitivity_only
id:x%3A0x1.c000000000000p%2B2,179,3.168,3.27752,3.384634144127504,2.3582460054534997,defined,-0.04542110699214581,sensitivity_only
id:x%3A0x1.c000000000000p%2B2,180,3.186,3.28904,3.181925855872496,2.3582460054534997,defined,0.04542110699214581,sensitivity_only
id:x%3A0x1.c000000000000p%2B2,181,3.204,3.30056,3.407674144127504,2.3582460054534997,defined,-0.04542110699214581,sensitivity_only
id:x%3A0x1.c000000000000p%2B2,182,3.222,3.31208,3.204965855872496,2.3582460054534997,defined,0.04542110699214581,sensitivity_only
id:x%3A0x1.c000000000000p%2B2,183,3.24,3.3236000000000003,3.430714144127504,2.3582460054534997,defined,-0.04542110699214581,sensitivity_only
id:x%3A0x1.c000000000000p%2B2,184,3.258,3.33512,3.228005855872496,2.3582460054534997,defined,0.04542110699214581,sensitivity_only
id:x%3A0x1.c000000000000p%2B2,185,3.276,3.34664,3.4537541441275037,2.3582460054534997,defined,-0.04542110699214581,sensitivity_only
id:x%3A0x1.c000000000000p%2B2,186,3.294,3.3581600000000003,3.2510458558724964,2.3582460054534997,defined,0.04542110699214581,sensitivity_only
id:x%3A0x1.c000000000000p%2B2,187,3.312,3.36968,3.4767941441275036,2.3582460054534997,defined,-0.04542110699214581,sensitivity_only
id:x%3A0x1.c000000000000p%2B2,188,3.33,3.3812,3.2740858558724963,2.3582460054534997,defined,0.04542110699214581,sensitivity_only
id:x%3A0x1.c000000000000p%2B2,189,3.348,3.39272,3.499834144127504,2.3582460054534997,defined,-0.04542110699214581,sensitivity_only
id:x%3A0x1.c000000000000p%2B2,190,3.366,3.40424,3.2971258558724963,2.3582460054534997,defined,0.04542110699214581,sensitivity_only
id:x%3A0x1.c000000000000p%2B2,191,3.384,3.41576,3.522874144127504,2.3582460054534997,defined,-0.04542110699214581,sensitivity_only
id:x%3A0x1.c000000000000p%2B2,192,3.402,3.42728,3.3201658558724962,2.3582460054534997,defined,0.04542110699214581,sensitivity_only
id:x%3A0x1.c000000000000p%2B2,193,3.42,3.4388,3.545914144127504,2.3582460054534997,defined,-0.04542110699214581,sensitivity_only
id:x%3A0x1.c000000000000p%2B2,194,3.438,3.45032,3.343205855872496,2.3582460054534997,defined,0.04542110699214581,sensitivity_only
id:x%3A0x1.c000000000000p%2B2,195,3.456,3.46184,3.568954144127504,2.3582460054534997,defined,-0.04542110699214581,sensitivity_only
id:x%3A0x1.c000000000000p%2B2,196,3.474,3.47336,3.366245855872496,2.3582460054534997,defined,0.04542110699214581,sensitivity_only
id:x%3A0x1.c000000000000p%2B2,197,3.492,3.48488,3.591994144127504,2.3582460054534997,defined,-0.04542110699214581,sensitivity_only
id:x%3A0x1.c000000000000p%2B2,198,3.51,3.4964,3.389285855872496,2.358246005453502,defined,0.04542110699214581,sensitivity_only
id:x%3A0x1.c000000000000p%2B2,199,3.528,3.50792,3.615034144127504,2.358246005453502,defined,-0.04542110699214581,sensitivity_only
id:x%3A0x1.c000000000000p%2B2,200,3.546,3.51944,3.412325855872496,2.358246005453502,defined,0.04542110699214581,sensitivity_only
id:x%3A0x1.c000000000000p%2B2,201,3.564,3.53096,3.6380741441275037,2.358246005453502,defined,-0.04542110699214581,sensitivity_only
id:x%3A0x1.c000000000000p%2B2,202,3.582,3.54248,3.435365855872496,2.358246005453502,defined,0.04542110699214581,sensitivity_only
id:x%3A0x1.c000000000000p%2B2,203,3.6,3.5540000000000003,3.661114144127504,2.358246005453502,defined,-0.04542110699214581,sensitivity_only
id:x%3A0x1.c000000000000p%2B2,204,3.618,3.56552,3.458405855872496,2.358246005453502,defined,0.04542110699214581,sensitivity_only
id:x%3A0x1.c000000000000p%2B2,205,3.636,3.57704,3.684154144127504,2.358246005453502,defined,-0.04542110699214581,sensitivity_only
id:x%3A0x1.c000000000000p%2B2,206,3.654,3.58856,3.4814458558724963,2.358246005453502,defined,0.04542110699214581,sensitivity_only
id:x%3A0x1.c000000000000p%2B2,207,3.672,3.60008,3.707194144127504,2.358246005453502,defined,-0.04542110699214581,sensitivity_only
id:x%3A0x1.c000000000000p%2B2,208,3.69,3.6116,3.5044858558724963,2.358246005453502,defined,0.04542110699214581,sensitivity_only
id:x%3A0x1.c000000000000p%2B2,209,3.708,3.62312,3.730234144127504,2.358246005453502,defined,-0.04542110699214581,sensitivity_only
id:x%3A0x1.c000000000000p%2B2,210,3.726,3.63464,3.5275258558724962,2.358246005453502,defined,0.04542110699214581,sensitivity_only
id:x%3A0x1.c000000000000p%2B2,211,3.744,3.64616,3.753274144127504,2.358246005453502,defined,-0.04542110699214581,sensitivity_only
id:x%3A0x1.c000000000000p%2B2,212,3.762,3.65768,3.550565855872496,2.358246005453502,defined,0.04542110699214581,sensitivity_only
id:x%3A0x1.c000000000000p%2B2,213,3.78,3.6692,3.776314144127504,2.358246005453502,defined,-0.04542110699214581,sensitivity_only
id:x%3A0x1.c000000000000p%2B2,214,3.798,3.68072,3.573605855872496,2.358246005453502,defined,0.04542110699214581,sensitivity_only
id:x%3A0x1.c000000000000p%2B2,215,3.816,3.69224,3.799354144127504,2.358246005453502,defined,-0.04542110699214581,sensitivity_only
id:x%3A0x1.c000000000000p%2B2,216,3.834,3.70376,3.596645855872496,2.358246005453502,defined,0.04542110699214581,sensitivity_only
id:x%3A0x1.c000000000000p%2B2,217,3.852,3.71528,3.822394144127504,2.358246005453502,defined,-0.04542110699214581,sensitivity_only
id:x%3A0x1.c000000000000p%2B2,218,3.87,3.7268000000000003,3.6196858558724965,2.358246005453502,defined,0.04542110699214581,sensitivity_only
id:x%3A0x1.c000000000000p%2B2,219,3.888,3.73832,3.8454341441275037,2.358246005453502,defined,-0.04542110699214581,sensitivity_only
id:x%3A0x1.c000000000000p%2B2,220,3.906,3.7498400000000003,3.6427258558724964,2.358246005453502,defined,0.04542110699214581,sensitivity_only
id:x%3A0x1.c000000000000p%2B2,221,3.924,3.76136,3.8684741441275037,2.358246005453502,defined,-0.04542110699214581,sensitivity_only
id:x%3A0x1.c000000000000p%2B2,222,3.942,3.7728800000000002,3.6657658558724964,2.358246005453502,defined,0.04542110699214581,sensitivity_only
id:x%3A0x1.c000000000000p%2B2,223,3.96,3.7844,3.891514144127504,2.358246005453502,defined,-0.04542110699214581,sensitivity_only
id:x%3A0x1.c000000000000p%2B2,224,3.978,3.79592,3.6888058558724963,2.358246005453502,defined,0.04542110699214581,sensitivity_only
id:x%3A0x1.c000000000000p%2B2,225,3.996,3.80744,3.914554144127504,2.358246005453502,defined,-0.04542110699214581,sensitivity_only
id:x%3A0x1.c000000000000p%2B2,226,4.0,3.81,3.702885855872496,2.358246005453502,defined,0.04542110699214581,sensitivity_only
id:x%3A0x1.c000000000000p%2B2,227,4.014,3.81896,3.926074144127504,2.358246005453502,defined,-0.04542110699214581,sensitivity_only
id:x%3A0x1.c000000000000p%2B2,228,4.032,3.83048,3.7233658558724962,2.358246005453502,defined,0.04542110699214581,sensitivity_only
id:x%3A0x1.c000000000000p%2B2,229,4.05,3.842,3.949114144127504,2.358246005453502,defined,-0.04542110699214581,sensitivity_only
id:x%3A0x1.c000000000000p%2B2,230,4.068,3.8535199999999996,3.7464058558724957,2.358246005453502,defined,0.04542110699214581,sensitivity_only
id:x%3A0x1.c000000000000p%2B2,231,4.086,3.86504,3.972154144127504,2.358246005453502,defined,-0.04542110699214581,sensitivity_only
id:x%3A0x1.c000000000000p%2B2,232,4.104,3.87656,3.769445855872496,2.358246005453502,defined,0.04542110699214581,sensitivity_only
id:x%3A0x1.c000000000000p%2B2,233,4.122,3.88808,3.995194144127504,2.358246005453502,defined,-0.04542110699214581,sensitivity_only
id:x%3A0x1.c000000000000p%2B2,234,4.14,3.8996,3.792485855872496,2.358246005453502,defined,0.04542110699214581,sensitivity_only
id:x%3A0x1.c000000000000p%2B2,235,4.158,3.9111200000000004,4.018234144127504,2.358246005453502,defined,-0.04542110699214581,sensitivity_only
id:x%3A0x1.c000000000000p%2B2,236,4.176,3.9226400000000003,3.8155258558724965,2.358246005453502,defined,0.04542110699214581,sensitivity_only
id:x%3A0x1.c000000000000p%2B2,237,4.194,3.93416,4.041274144127504,2.358246005453502,defined,-0.04542110699214581,sensitivity_only
id:x%3A0x1.c000000000000p%2B2,238,4.212,3.94568,3.838565855872496,2.358246005453502,defined,0.04542110699214581,sensitivity_only
id:x%3A0x1.c000000000000p%2B2,239,4.23,3.9572000000000003,4.064314144127504,2.358246005453502,defined,-0.04542110699214581,sensitivity_only
id:x%3A0x1.c000000000000p%2B2,240,4.248,3.9687200000000002,3.8616058558724964,2.358246005453502,defined,0.04542110699214581,sensitivity_only
id:x%3A0x1.c000000000000p%2B2,241,4.266,3.9802400000000002,4.087354144127504,2.358246005453502,defined,-0.04542110699214581,sensitivity_only
id:x%3A0x1.c000000000000p%2B2,242,4.284,3.9917599999999998,3.884645855872496,2.358246005453502,defined,0.04542110699214581,sensitivity_only
id:x%3A0x1.c000000000000p%2B2,243,4.302,4.00328,4.110394144127504,2.358246005453502,defined,-0.04542110699214581,sensitivity_only
id:x%3A0x1.c000000000000p%2B2,244,4.32,4.0148,3.9076858558724963,2.358246005453502,defined,0.04542110699214581,sensitivity_only
id:x%3A0x1.c000000000000p%2B2,245,4.338,4.02632,4.133434144127504,2.358246005453502,defined,-0.04542110699214581,sensitivity_only
id:x%3A0x1.c000000000000p%2B2,246,4.356,4.03784,3.9307258558724962,2.358246005453502,defined,0.04542110699214581,sensitivity_only
id:x%3A0x1.c000000000000p%2B2,247,4.374,4.04936,4.156474144127504,2.358246005453502,defined,-0.04542110699214581,sensitivity_only
id:x%3A0x1.c000000000000p%2B2,248,4.392,4.060880000000001,3.953765855872497,2.358246005453502,defined,0.04542110699214581,sensitivity_only
id:x%3A0x1.c000000000000p%2B2,249,4.41,4.0724,4.179514144127504,2.358246005453502,defined,-0.04542110699214581,sensitivity_only
id:x%3A0x1.c000000000000p%2B2,250,4.428,4.08392,3.976805855872496,2.358246005453502,defined,0.04542110699214581,sensitivity_only
id:x%3A0x1.c000000000000p%2B2,251,4.446,4.09544,4.202554144127504,2.358246005453502,defined,-0.04542110699214581,sensitivity_only
id:x%3A0x1.c000000000000p%2B2,252,4.464,4.106960000000001,3.999845855872497,2.358246005453502,defined,0.04542110699214581,sensitivity_only
id:x%3A0x1.c000000000000p%2B2,253,4.482,4.11848,4.225594144127504,2.358246005453502,defined,-0.04542110699214581,sensitivity_only
id:x%3A0x1.c000000000000p%2B2,254,4.5,4.13,4.022885855872496,2.358246005453502,defined,0.04542110699214581,sensitivity_only
id:x%3A0x1.c000000000000p%2B2,255,4.518,4.14152,4.227211315302003,1.8865968043627994,defined,-0.04542110699214581,sensitivity_only
id:x%3A0x1.c000000000000p%2B2,256,4.536,4.15304,4.067348684697997,1.8865968043627994,defined,0.04542110699214581,sensitivity_only
id:x%3A0x1.c000000000000p%2B2,257,4.554,4.16456,4.250251315302003,1.8865968043627994,defined,-0.04542110699214581,sensitivity_only
id:x%3A0x1.c000000000000p%2B2,258,4.572,4.176080000000001,4.090388684697998,1.8865968043627994,defined,0.04542110699214581,sensitivity_only
id:x%3A0x1.c000000000000p%2B2,259,4.59,4.1876,4.273291315302003,1.8865968043627994,defined,-0.04542110699214581,sensitivity_only
id:x%3A0x1.c000000000000p%2B2,260,4.608,4.19912,4.113428684697997,1.8865968043627994,defined,0.04542110699214581,sensitivity_only
id:x%3A0x1.c000000000000p%2B2,261,4.626,4.21064,4.296331315302003,1.8865968043627994,defined,-0.04542110699214581,sensitivity_only
id:x%3A0x1.c000000000000p%2B2,262,4.644,4.222160000000001,4.136468684697998,1.8865968043627994,defined,0.04542110699214581,sensitivity_only
id:x%3A0x1.c000000000000p%2B2,263,4.662,4.23368,4.319371315302003,1.8865968043627994,defined,-0.04542110699214581,sensitivity_only
id:x%3A0x1.c000000000000p%2B2,264,4.68,4.2452000000000005,4.159508684697998,1.8865968043627994,defined,0.04542110699214581,sensitivity_only
id:x%3A0x1.c000000000000p%2B2,265,4.698,4.2567200000000005,4.342411315302003,1.8865968043627994,defined,-0.04542110699214581,sensitivity_only
id:x%3A0x1.c000000000000p%2B2,266,4.716,4.2682400000000005,4.182548684697998,1.8865968043627994,defined,0.04542110699214581,sensitivity_only
id:x%3A0x1.c000000000000p%2B2,267,4.734,4.27976,4.3654513153020025,1.8865968043627994,defined,-0.04542110699214581,sensitivity_only
id:x%3A0x1.c000000000000p%2B2,268,4.752,4.29128,4.2055886846979975,1.8865968043627994,defined,0.04542110699214581,sensitivity_only
id:x%3A0x1.c000000000000p%2B2,269,4.77,4.3027999999999995,4.388491315302002,1.8865968043627994,defined,-0.04542110699214581,sensitivity_only
id:x%3A0x1.c000000000000p%2B2,270,4.788,4.31432,4.2286286846979975,1.8865968043627994,defined,0.04542110699214581,sensitivity_only
id:x%3A0x1.c000000000000p%2B2,271,4.806,4.3258399999999995,4.411531315302002,1.8865968043627994,defined,-0.04542110699214581,sensitivity_only
id:x%3A0x1.c000000000000p%2B2,272,4.824,4.33736,4.251668684697997,1.8865968043627994,defined,0.04542110699214581,sensitivity_only
id:x%3A0x1.c000000000000p%2B2,273,4.842,4.348879999999999,4.434571315302002,1.8865968043627994,defined,-0.04542110699214581,sensitivity_only
id:x%3A0x1.c000000000000p%2B2,274,4.86,4.3604,4.274708684697997,1.8865968043627994,defined,0.04542110699214581,sensitivity_only
id:x%3A0x1.c000000000000p%2B2,275,4.878,4.37192,4.457611315302003,1.8865968043627994,defined,-0.04542110699214581,sensitivity_only
id:x%3A0x1.c000000000000p%2B2,276,4.896,4.38344,4.297748684697997,1.8865968043627994,defined,0.04542110699214581,sensitivity_only
id:x%3A0x1.c000000000000p%2B2,277,4.914,4.394959999999999,4.480651315302002,1.8865968043627994,defined,-0.04542110699214581,sensitivity_only
id:x%3A0x1.c000000000000p%2B2,278,4.932,4.40648,4.320788684697997,1.8865968043627994,defined,0.04542110699214581,sensitivity_only
id:x%3A0x1.c000000000000p%2B2,279,4.95,4.418,4.503691315302003,1.8865968043627994,defined,-0.04542110699214581,sensitivity_only
id:x%3A0x1.c000000000000p%2B2,280,4.968,4.42952,4.343828684697997,1.8865968043627994,defined,0.04542110699214581,sensitivity_only
id:x%3A0x1.c000000000000p%2B2,281,4.986,4.44104,4.526731315302003,1.8865968043627994,defined,-0.04542110699214581,sensitivity_only
id:x%3A0x1.c000000000000p%2B2,282,5.0,4.45,4.364308684697997,1.8865968043627994,defined,0.04542110699214581,sensitivity_only
id:x%3A0x1.c000000000000p%2B2,283,5.004,4.45256,4.538251315302003,1.8865968043627994,defined,-0.04542110699214581,sensitivity_only
id:x%3A0x1.c000000000000p%2B2,284,5.022,4.46408,4.378388684697997,1.8865968043627994,defined,0.04542110699214581,sensitivity_only
id:x%3A0x1.c000000000000p%2B2,285,5.04,4.4756,4.561291315302003,1.8865968043627994,defined,-0.04542110699214581,sensitivity_only
id:x%3A0x1.c000000000000p%2B2,286,5.058,4.48712,4.401428684697997,1.8865968043627994,defined,0.04542110699214581,sensitivity_only
id:x%3A0x1.c000000000000p%2B2,287,5.076,4.49864,4.584331315302003,1.8865968043627994,defined,-0.04542110699214581,sensitivity_only
id:x%3A0x1.c000000000000p%2B2,288,5.094,4.510160000000001,4.424468684697998,1.8865968043627994,defined,0.04542110699214581,sensitivity_only
id:x%3A0x1.c000000000000p%2B2,289,5.112,4.52168,4.607371315302003,1.8865968043627994,defined,-0.04542110699214581,sensitivity_only
id:x%3A0x1.c000000000000p%2B2,290,5.13,4.5332,4.447508684697997,1.8865968043627994,defined,0.04542110699214581,sensitivity_only
id:x%3A0x1.c000000000000p%2B2,291,5.148,4.54472,4.630411315302003,1.8865968043627994,defined,-0.04542110699214581,sensitivity_only
id:x%3A0x1.c000000000000p%2B2,292,5.166,4.556240000000001,4.470548684697998,1.8865968043627994,defined,0.04542110699214581,sensitivity_only
id:x%3A0x1.c000000000000p%2B2,293,5.184,4.56776,4.653451315302003,1.8865968043627994,defined,-0.04542110699214581,sensitivity_only
id:x%3A0x1.c000000000000p%2B2,294,5.202,4.579280000000001,4.493588684697998,1.8865968043627994,defined,0.04542110699214581,sensitivity_only
id:x%3A0x1.c000000000000p%2B2,295,5.22,4.5908,4.676491315302003,1.8865968043627994,defined,-0.04542110699214581,sensitivity_only
id:x%3A0x1.c000000000000p%2B2,296,5.238,4.602320000000001,4.516628684697998,1.8865968043627994,defined,0.04542110699214581,sensitivity_only
id:x%3A0x1.c000000000000p%2B2,297,5.256,4.61384,4.699531315302003,1.8865968043627994,defined,-0.04542110699214581,sensitivity_only
id:x%3A0x1.c000000000000p%2B2,298,5.274,4.625360000000001,4.539668684697998,1.8865968043627994,defined,0.04542110699214581,sensitivity_only
id:x%3A0x1.c000000000000p%2B2,299,5.292,4.63688,4.722571315302003,1.8865968043627994,defined,-0.04542110699214581,sensitivity_only
id:x%3A0x1.c000000000000p%2B2,300,5.31,4.6484,4.562708684697997,1.8865968043627994,defined,0.04542110699214581,sensitivity_only
id:x%3A0x1.c000000000000p%2B2,301,5.328,4.65992,4.7456113153020025,1.8865968043627994,defined,-0.04542110699214581,sensitivity_only
id:x%3A0x1.c000000000000p%2B2,302,5.346,4.6714400000000005,4.585748684697998,1.8865968043627994,defined,0.04542110699214581,sensitivity_only
id:x%3A0x1.c000000000000p%2B2,303,5.364,4.68296,4.7686513153020025,1.8865968043627994,defined,-0.04542110699214581,sensitivity_only
id:x%3A0x1.c000000000000p%2B2,304,5.382,4.69448,4.6087886846979975,1.8865968043627994,defined,0.04542110699214581,sensitivity_only
id:x%3A0x1.c000000000000p%2B2,305,5.4,4.706,4.791691315302003,1.8865968043627994,defined,-0.04542110699214581,sensitivity_only
id:x%3A0x1.c000000000000p%2B2,306,5.418,4.71752,4.6318286846979975,1.8865968043627994,defined,0.04542110699214581,sensitivity_only
id:x%3A0x1.c000000000000p%2B2,307,5.436,4.7290399999999995,4.814731315302002,1.8865968043627994,defined,-0.04542110699214581,sensitivity_only
id:x%3A0x1.c000000000000p%2B2,308,5.454,4.74056,4.654868684697997,1.8865968043627994,defined,0.04542110699214581,sensitivity_only
id:x%3A0x1.c000000000000p%2B2,309,5.472,4.75208,4.837771315302003,1.8865968043627994,defined,-0.04542110699214581,sensitivity_only
id:x%3A0x1.c000000000000p%2B2,310,5.49,4.7636,4.677908684697997,1.8865968043627994,defined,0.04542110699214581,sensitivity_only
id:x%3A0x1.c000000000000p%2B2,311,5.5,4.77,4.8556913153020025,1.8865968043627994,defined,-0.04542110699214581,sensitivity_only
id:x%3A0x1.c000000000000p%2B2,312,5.508,4.77512,4.657294441459746,2.594070605998847,defined,0.04542110699214581,sensitivity_only
id:x%3A0x1.c000000000000p%2B2,313,5.526,4.78664,4.904465558540254,2.594070605998847,defined,-0.04542110699214581,sensitivity_only
id:x%3A0x1.c000000000000p%2B2,314,5.544,4.798159999999999,4.680334441459745,2.594070605998847,defined,0.04542110699214581,sensitivity_only
id:x%3A0x1.c000000000000p%2B2,315,5.562,4.80968,4.927505558540254,2.594070605998847,defined,-0.04542110699214581,sensitivity_only
id:x%3A0x1.c000000000000p%2B2,316,5.58,4.8212,4.703374441459746,2.594070605998847,defined,0.04542110699214581,sensitivity_only
id:x%3A0x1.c000000000000p%2B2,317,5.598,4.83272,4.950545558540254,2.594070605998847,defined,-0.04542110699214581,sensitivity_only
id:x%3A0x1.c000000000000p%2B2,318,5.616,4.844239999999999,4.726414441459745,2.594070605998847,defined,0.04542110699214581,sensitivity_only
id:x%3A0x1.c000000000000p%2B2,319,5.634,4.85576,4.973585558540254,2.594070605998847,defined,-0.04542110699214581,sensitivity_only
id:x%3A0x1.c000000000000p%2B2,320,5.652,4.86728,4.749454441459746,2.594070605998847,defined,0.04542110699214581,sensitivity_only
id:x%3A0x1.c000000000000p%2B2,321,5.67,4.8788,4.996625558540254,2.594070605998847,defined,-0.04542110699214581,sensitivity_only
id:x%3A0x1.c000000000000p%2B2,322,5.688,4.89032,4.772494441459746,2.594070605998847,defined,0.04542110699214581,sensitivity_only
id:x%3A0x1.c000000000000p%2B2,323,5.706,4.90184,5.019665558540254,2.594070605998847,defined,-0.04542110699214581,sensitivity_only
id:x%3A0x1.c000000000000p%2B2,324,5.724,4.913360000000001,4.795534441459747,2.594070605998847,defined,0.04542110699214581,sensitivity_only
id:x%3A0x1.c000000000000p%2B2,325,5.742,4.92488,5.042705558540254,2.594070605998847,defined,-0.04542110699214581,sensitivity_only
id:x%3A0x1.c000000000000p%2B2,326,5.76,4.9364,4.818574441459746,2.594070605998847,defined,0.04542110699214581,sensitivity_only
id:x%3A0x1.c000000000000p%2B2,327,5.778,4.94792,5.065745558540254,2.594070605998847,defined,-0.04542110699214581,sensitivity_only
id:x%3A0x1.c000000000000p%2B2,328,5.796,4.959440000000001,4.841614441459747,2.594070605998847,defined,0.04542110699214581,sensitivity_only
id:x%3A0x1.c000000000000p%2B2,329,5.814,4.97096,5.088785558540254,2.594070605998847,defined,-0.04542110699214581,sensitivity_only
id:x%3A0x1.c000000000000p%2B2,330,5.832,4.98248,4.864654441459746,2.594070605998847,defined,0.04542110699214581,sensitivity_only
id:x%3A0x1.c000000000000p%2B2,331,5.85,4.994,5.111825558540254,2.594070605998847,defined,-0.04542110699214581,sensitivity_only
id:x%3A0x1.c000000000000p%2B2,332,5.868,5.005520000000001,4.887694441459747,2.594070605998847,defined,0.04542110699214581,sensitivity_only
id:x%3A0x1.c000000000000p%2B2,333,5.886,5.01704,5.134865558540254,2.594070605998847,defined,-0.04542110699214581,sensitivity_only
id:x%3A0x1.c000000000000p%2B2,334,5.904,5.028560000000001,4.910734441459747,2.594070605998847,defined,0.04542110699214581,sensitivity_only
id:x%3A0x1.c000000000000p%2B2,335,5.922,5.04008,5.157905558540254,2.594070605998847,defined,-0.04542110699214581,sensitivity_only
id:x%3A0x1.c000000000000p%2B2,336,5.94,5.0516000000000005,4.933774441459747,2.594070605998847,defined,0.04542110699214581,sensitivity_only
id:x%3A0x1.c000000000000p%2B2,337,5.958,5.06312,5.1809455585402535,2.594070605998847,defined,-0.04542110699214581,sensitivity_only
id:x%3A0x1.c000000000000p%2B2,338,5.976,5.0746400000000005,4.956814441459747,2.594070605998847,defined,0.04542110699214581,sensitivity_only
id:x%3A0x1.c000000000000p%2B2,339,5.994,5.08616,5.2039855585402535,2.594070605998847,defined,-0.04542110699214581,sensitivity_only
id:x%3A0x1.c000000000000p%2B2,340,6.0,5.09,4.972174441459746,2.594070605998847,defined,0.04542110699214581,sensitivity_only
id:x%3A0x1.c000000000000p%2B2,341,6.012,5.09768,5.215505558540254,2.594070605998847,defined,-0.04542110699214581,sensitivity_only
id:x%3A0x1.c000000000000p%2B2,342,6.03,5.1092,4.9913744414597465,2.594070605998847,defined,0.04542110699214581,sensitivity_only
id:x%3A0x1.c000000000000p%2B2,343,6.048,5.12072,5.238545558540254,2.594070605998847,defined,-0.04542110699214581,sensitivity_only
id:x%3A0x1.c000000000000p%2B2,344,6.066,5.1322399999999995,5.014414441459746,2.594070605998847,defined,0.04542110699214581,sensitivity_only
id:x%3A0x1.c000000000000p%2B2,345,6.084,5.14376,5.261585558540254,2.594070605998847,defined,-0.04542110699214581,sensitivity_only
id:x%3A0x1.c000000000000p%2B2,346,6.102,5.15528,5.037454441459746,2.594070605998847,defined,0.04542110699214581,sensitivity_only
id:x%3A0x1.c000000000000p%2B2,347,6.12,5.1668,5.284625558540254,2.594070605998847,defined,-0.04542110699214581,sensitivity_only
id:x%3A0x1.c000000000000p%2B2,348,6.138,5.178319999999999,5.0604944414597455,2.594070605998847,defined,0.04542110699214581,sensitivity_only
id:x%3A0x1.c000000000000p%2B2,349,6.156,5.18984,5.307665558540254,2.594070605998847,defined,-0.04542110699214581,sensitivity_only
id:x%3A0x1.c000000000000p%2B2,350,6.174,5.20136,5.083534441459746,2.594070605998847,defined,0.04542110699214581,sensitivity_only
id:x%3A0x1.c000000000000p%2B2,351,6.192,5.21288,5.330705558540254,2.594070605998847,defined,-0.04542110699214581,sensitivity_only
id:x%3A0x1.c000000000000p%2B2,352,6.21,5.2244,5.106574441459746,2.594070605998847,defined,0.04542110699214581,sensitivity_only
id:x%3A0x1.c000000000000p%2B2,353,6.228,5.23592,5.353745558540254,2.594070605998847,defined,-0.04542110699214581,sensitivity_only
id:x%3A0x1.c000000000000p%2B2,354,6.246,5.247440000000001,5.129614441459747,2.594070605998847,defined,0.04542110699214581,sensitivity_only
id:x%3A0x1.c000000000000p%2B2,355,6.264,5.25896,5.376785558540254,2.594070605998847,defined,-0.04542110699214581,sensitivity_only
id:x%3A0x1.c000000000000p%2B2,356,6.282,5.27048,5.152654441459746,2.594070605998847,defined,0.04542110699214581,sensitivity_only
id:x%3A0x1.c000000000000p%2B2,357,6.3,5.282,5.399825558540254,2.594070605998847,defined,-0.04542110699214581,sensitivity_only
id:x%3A0x1.c000000000000p%2B2,358,6.318,5.29352,5.175694441459746,2.594070605998847,defined,0.04542110699214581,sensitivity_only
id:x%3A0x1.c000000000000p%2B2,359,6.336,5.30504,5.422865558540254,2.594070605998847,defined,-0.04542110699214581,sensitivity_only
id:x%3A0x1.c000000000000p%2B2,360,6.354,5.31656,5.198734441459746,2.594070605998847,defined,0.04542110699214581,sensitivity_only
id:x%3A0x1.c000000000000p%2B2,361,6.372,5.32808,5.445905558540254,2.594070605998847,defined,-0.04542110699214581,sensitivity_only
id:x%3A0x1.c000000000000p%2B2,362,6.39,5.3396,5.221774441459746,2.594070605998847,defined,0.04542110699214581,sensitivity_only
id:x%3A0x1.c000000000000p%2B2,363,6.408,5.35112,5.468945558540254,2.594070605998847,defined,-0.04542110699214581,sensitivity_only
id:x%3A0x1.c000000000000p%2B2,364,6.426,5.36264,5.244814441459746,2.594070605998847,defined,0.04542110699214581,sensitivity_only
id:x%3A0x1.c000000000000p%2B2,365,6.444,5.37416,5.491985558540254,2.594070605998847,defined,-0.04542110699214581,sensitivity_only
id:x%3A0x1.c000000000000p%2B2,366,6.462,5.38568,5.267854441459746,2.594070605998847,defined,0.04542110699214581,sensitivity_only
id:x%3A0x1.c000000000000p%2B2,367,6.48,5.397200000000001,5.515025558540255,2.594070605998847,defined,-0.04542110699214581,sensitivity_only
id:x%3A0x1.c000000000000p%2B2,368,6.498,5.408720000000001,5.290894441459747,2.594070605998847,defined,0.04542110699214581,sensitivity_only
id:x%3A0x1.c000000000000p%2B2,369,6.516,5.42024,5.527354144127504,2.3582460054534993,defined,-0.04542110699214581,sensitivity_only
id:x%3A0x1.c000000000000p%2B2,370,6.534,5.43176,5.324645855872496,2.3582460054534993,defined,0.04542110699214581,sensitivity_only
id:x%3A0x1.c000000000000p%2B2,371,6.552,5.44328,5.5503941441275035,2.3582460054534993,defined,-0.04542110699214581,sensitivity_only
id:x%3A0x1.c000000000000p%2B2,372,6.57,5.4548000000000005,5.347685855872497,2.3582460054534993,defined,0.04542110699214581,sensitivity_only
id:x%3A0x1.c000000000000p%2B2,373,6.588,5.4663200000000005,5.573434144127504,2.3582460054534993,defined,-0.04542110699214581,sensitivity_only
id:x%3A0x1.c000000000000p%2B2,374,6.606,5.47784,5.370725855872496,2.3582460054534993,defined,0.04542110699214581,sensitivity_only
id:x%3A0x1.c000000000000p%2B2,375,6.624,5.48936,5.596474144127503,2.3582460054534993,defined,-0.04542110699214581,sensitivity_only
id:x%3A0x1.c000000000000p%2B2,376,6.642,5.50088,5.393765855872497,2.3582460054534993,defined,0.04542110699214581,sensitivity_only
id:x%3A0x1.c000000000000p%2B2,377,6.66,5.5124,5.619514144127504,2.3582460054534993,defined,-0.04542110699214581,sensitivity_only
id:x%3A0x1.c000000000000p%2B2,378,6.678,5.52392,5.4168058558724965,2.3582460054534993,defined,0.04542110699214581,sensitivity_only
id:x%3A0x1.c000000000000p%2B2,379,6.696,5.53544,5.642554144127504,2.3582460054534993,defined,-0.04542110699214581,sensitivity_only
id:x%3A0x1.c000000000000p%2B2,380,6.714,5.54696,5.4398458558724965,2.3582460054534993,defined,0.04542110699214581,sensitivity_only
id:x%3A0x1.c000000000000p%2B2,381,6.732,5.55848,5.665594144127504,2.3582460054534993,defined,-0.04542110699214581,sensitivity_only
id:x%3A0x1.c000000000000p%2B2,382,6.75,5.57,5.462885855872496,2.3582460054534993,defined,0.04542110699214581,sensitivity_only
id:x%3A0x1.c000000000000p%2B2,383,6.768,5.58152,5.688634144127504,2.3582460054534993,defined,-0.04542110699214581,sensitivity_only
id:x%3A0x1.c000000000000p%2B2,384,6.786,5.59304,5.485925855872496,2.3582460054534993,defined,0.04542110699214581,sensitivity_only
id:x%3A0x1.c000000000000p%2B2,385,6.804,5.60456,5.711674144127504,2.3582460054534993,defined,-0.04542110699214581,sensitivity_only
id:x%3A0x1.c000000000000p%2B2,386,6.822,5.61608,5.508965855872496,2.3582460054534993,defined,0.04542110699214581,sensitivity_only
id:x%3A0x1.c000000000000p%2B2,387,6.84,5.6276,5.734714144127504,2.3582460054534993,defined,-0.04542110699214581,sensitivity_only
id:x%3A0x1.c000000000000p%2B2,388,6.858,5.63912,5.532005855872496,2.3582460054534993,defined,0.04542110699214581,sensitivity_only
id:x%3A0x1.c000000000000p%2B2,389,6.876,5.65064,5.757754144127504,2.3582460054534993,defined,-0.04542110699214581,sensitivity_only
id:x%3A0x1.c000000000000p%2B2,390,6.894,5.66216,5.555045855872496,2.3582460054534993,defined,0.04542110699214581,sensitivity_only
id:x%3A0x1.c000000000000p%2B2,391,6.912,5.67368,5.780794144127504,2.3582460054534993,defined,-0.04542110699214581,sensitivity_only
id:x%3A0x1.c000000000000p%2B2,392,6.93,5.6852,5.578085855872496,2.3582460054534993,defined,0.04542110699214581,sensitivity_only
id:x%3A0x1.c000000000000p%2B2,393,6.948,5.69672,5.803834144127504,2.3582460054534993,defined,-0.04542110699214581,sensitivity_only
id:x%3A0x1.c000000000000p%2B2,394,6.966,5.70824,5.601125855872496,2.3582460054534993,defined,0.04542110699214581,sensitivity_only
id:x%3A0x1.c000000000000p%2B2,395,6.984,5.71976,5.826874144127504,2.3582460054534993,defined,-0.04542110699214581,sensitivity_only
id:x%3A0x1.c000000000000p%2B2,396,7.0,5.73,5.622885855872497,2.3582460054534993,defined,0.04542110699214581,sensitivity_only
id:x%3A0x1.c000000000000p%2B2,397,7.002,5.73128,5.838394144127504,2.3582460054534993,defined,-0.04542110699214581,sensitivity_only
id:x%3A0x1.c000000000000p%2B2,398,7.02,5.7428,5.635685855872496,2.3582460054534993,defined,0.04542110699214581,sensitivity_only
id:x%3A0x1.c000000000000p%2B2,399,7.038,5.75432,5.861434144127504,2.3582460054534993,defined,-0.04542110699214581,sensitivity_only
id:x%3A0x1.c000000000000p%2B2,400,7.056,5.76584,5.658725855872496,2.3582460054534993,defined,0.04542110699214581,sensitivity_only
id:x%3A0x1.c000000000000p%2B2,401,7.074,5.77736,5.884474144127504,2.3582460054534993,defined,-0.04542110699214581,sensitivity_only
id:x%3A0x1.c000000000000p%2B2,402,7.092,5.78888,5.681765855872496,2.3582460054534993,defined,0.04542110699214581,sensitivity_only
id:x%3A0x1.c000000000000p%2B2,403,7.11,5.800400000000001,5.9075141441275045,2.3582460054534993,defined,-0.04542110699214581,sensitivity_only
id:x%3A0x1.c000000000000p%2B2,404,7.128,5.81192,5.704805855872496,2.3582460054534993,defined,0.04542110699214581,sensitivity_only
id:x%3A0x1.c000000000000p%2B2,405,7.146,5.82344,5.930554144127504,2.3582460054534993,defined,-0.04542110699214581,sensitivity_only
id:x%3A0x1.c000000000000p%2B2,406,7.164,5.83496,5.727845855872496,2.3582460054534993,defined,0.04542110699214581,sensitivity_only
id:x%3A0x1.c000000000000p%2B2,407,7.182,5.846480000000001,5.953594144127504,2.3582460054534993,defined,-0.04542110699214581,sensitivity_only
id:x%3A0x1.c000000000000p%2B2,408,7.2,5.8580000000000005,5.750885855872497,2.3582460054534993,defined,0.04542110699214581,sensitivity_only
id:x%3A0x1.c000000000000p%2B2,409,7.218,5.8695200000000005,5.976634144127504,2.3582460054534993,defined,-0.04542110699214581,sensitivity_only
id:x%3A0x1.c000000000000p%2B2,410,7.236,5.88104,5.773925855872496,2.3582460054534993,defined,0.04542110699214581,sensitivity_only
id:x%3A0x1.c000000000000p%2B2,411,7.254,5.89256,5.999674144127503,2.3582460054534993,defined,-0.04542110699214581,sensitivity_only
id:x%3A0x1.c000000000000p%2B2,412,7.272,5.90408,5.796965855872497,2.3582460054534993,defined,0.04542110699214581,sensitivity_only
id:x%3A0x1.c000000000000p%2B2,413,7.29,5.9156,6.022714144127504,2.3582460054534993,defined,-0.04542110699214581,sensitivity_only
id:x%3A0x1.c000000000000p%2B2,414,7.308,5.92712,5.8200058558724965,2.3582460054534993,defined,0.04542110699214581,sensitivity_only
id:x%3A0x1.c000000000000p%2B2,415,7.326,5.9386399999999995,6.045754144127503,2.3582460054534993,defined,-0.04542110699214581,sensitivity_only
id:x%3A0x1.c000000000000p%2B2,416,7.344,5.95016,5.8430458558724965,2.3582460054534993,defined,0.04542110699214581,sensitivity_only
id:x%3A0x1.c000000000000p%2B2,417,7.362,5.96168,6.068794144127504,2.3582460054534993,defined,-0.04542110699214581,sensitivity_only
id:x%3A0x1.c000000000000p%2B2,418,7.38,5.9732,5.866085855872496,2.3582460054534993,defined,0.04542110699214581,sensitivity_only
id:x%3A0x1.c000000000000p%2B2,419,7.398,5.98472,6.091834144127504,2.3582460054534993,defined,-0.04542110699214581,sensitivity_only
id:x%3A0x1.c000000000000p%2B2,420,7.416,5.99624,5.889125855872496,2.3582460054534993,defined,0.04542110699214581,sensitivity_only
id:x%3A0x1.c000000000000p%2B2,421,7.434,6.00776,6.114874144127504,2.3582460054534993,defined,-0.04542110699214581,sensitivity_only
id:x%3A0x1.c000000000000p%2B2,422,7.452,6.01928,5.912165855872496,2.3582460054534993,defined,0.04542110699214581,sensitivity_only
id:x%3A0x1.c000000000000p%2B2,423,7.47,6.0308,6.137914144127504,2.3582460054534993,defined,-0.04542110699214581,sensitivity_only
id:x%3A0x1.c000000000000p%2B2,424,7.488,6.04232,5.935205855872496,2.3582460054534993,defined,0.04542110699214581,sensitivity_only
id:x%3A0x1.c000000000000p%2B2,425,7.506,6.05384,6.160954144127504,2.358246005453502,defined,-0.04542110699214581,sensitivity_only
id:x%3A0x1.c000000000000p%2B2,426,7.524,6.06536,5.958245855872496,2.358246005453502,defined,0.04542110699214581,sensitivity_only
id:x%3A0x1.c000000000000p%2B2,427,7.542,6.07688,6.183994144127504,2.358246005453502,defined,-0.04542110699214581,sensitivity_only
id:x%3A0x1.c000000000000p%2B2,428,7.56,6.0884,5.981285855872496,2.358246005453502,defined,0.04542110699214581,sensitivity_only
id:x%3A0x1.c000000000000p%2B2,429,7.578,6.09992,6.207034144127504,2.358246005453502,defined,-0.04542110699214581,sensitivity_only
id:x%3A0x1.c000000000000p%2B2,430,7.596,6.11144,6.004325855872496,2.358246005453502,defined,0.04542110699214581,sensitivity_only
id:x%3A0x1.c000000000000p%2B2,431,7.614,6.12296,6.230074144127504,2.358246005453502,defined,-0.04542110699214581,sensitivity_only
id:x%3A0x1.c000000000000p%2B2,432,7.632,6.13448,6.027365855872496,2.358246005453502,defined,0.04542110699214581,sensitivity_only
id:x%3A0x1.c000000000000p%2B2,433,7.65,6.146,6.253114144127504,2.358246005453502,defined,-0.04542110699214581,sensitivity_only
id:x%3A0x1.c000000000000p%2B2,434,7.668,6.15752,6.050405855872496,2.358246005453502,defined,0.04542110699214581,sensitivity_only
id:x%3A0x1.c000000000000p%2B2,435,7.686,6.16904,6.276154144127504,2.358246005453502,defined,-0.04542110699214581,sensitivity_only
id:x%3A0x1.c000000000000p%2B2,436,7.704,6.18056,6.073445855872496,2.358246005453502,defined,0.04542110699214581,sensitivity_only
id:x%3A0x1.c000000000000p%2B2,437,7.722,6.192080000000001,6.299194144127505,2.358246005453502,defined,-0.04542110699214581,sensitivity_only
id:x%3A0x1.c000000000000p%2B2,438,7.74,6.203600000000001,6.096485855872497,2.358246005453502,defined,0.04542110699214581,sensitivity_only
id:x%3A0x1.c000000000000p%2B2,439,7.758,6.21512,6.322234144127504,2.358246005453502,defined,-0.04542110699214581,sensitivity_only
id:x%3A0x1.c000000000000p%2B2,440,7.776,6.22664,6.119525855872496,2.358246005453502,defined,0.04542110699214581,sensitivity_only
id:x%3A0x1.c000000000000p%2B2,441,7.794,6.23816,6.345274144127504,2.358246005453502,defined,-0.04542110699214581,sensitivity_only
id:x%3A0x1.c000000000000p%2B2,442,7.812,6.249680000000001,6.142565855872497,2.358246005453502,defined,0.04542110699214581,sensitivity_only
id:x%3A0x1.c000000000000p%2B2,443,7.83,6.2612000000000005,6.368314144127504,2.358246005453502,defined,-0.04542110699214581,sensitivity_only
id:x%3A0x1.c000000000000p%2B2,444,7.848,6.27272,6.165605855872496,2.358246005453502,defined,0.04542110699214581,sensitivity_only
id:x%3A0x1.c000000000000p%2B2,445,7.866,6.28424,6.3913541441275035,2.358246005453502,defined,-0.04542110699214581,sensitivity_only
id:x%3A0x1.c000000000000p%2B2,446,7.884,6.2957600000000005,6.188645855872497,2.358246005453502,defined,0.04542110699214581,sensitivity_only
id:x%3A0x1.c000000000000p%2B2,447,7.902,6.30728,6.414394144127504,2.358246005453502,defined,-0.04542110699214581,sensitivity_only
id:x%3A0x1.c000000000000p%2B2,448,7.92,6.3188,6.2116858558724966,2.358246005453502,defined,0.04542110699214581,sensitivity_only
id:x%3A0x1.c000000000000p%2B2,449,7.938,6.3303199999999995,6.437434144127503,2.358246005453502,defined,-0.04542110699214581,sensitivity_only
id:x%3A0x1.c000000000000p%2B2,450,7.956,6.34184,6.2347258558724965,2.358246005453502,defined,0.04542110699214581,sensitivity_only
id:x%3A0x1.c000000000000p%2B2,451,7.974,6.35336,6.460474144127504,2.358246005453502,defined,-0.04542110699214581,sensitivity_only
id:x%3A0x1.c000000000000p%2B2,452,7.992,6.36488,6.2577658558724965,2.358246005453502,defined,0.04542110699214581,sensitivity_only
id:x%3A0x1.c000000000000p%2B2,453,8.0,6.37,6.477114144127504,2.358246005453502,defined,-0.04542110699214581,sensitivity_only
id:x%3A0x1.c000000000000p%2B2,454,8.01,6.3764,6.269285855872496,2.358246005453502,defined,0.04542110699214581,sensitivity_only
id:x%3A0x1.c000000000000p%2B2,455,8.028,6.38792,6.495034144127504,2.358246005453502,defined,-0.04542110699214581,sensitivity_only
id:x%3A0x1.c000000000000p%2B2,456,8.046,6.399439999999999,6.2923258558724955,2.358246005453502,defined,0.04542110699214581,sensitivity_only
id:x%3A0x1.c000000000000p%2B2,457,8.064,6.41096,6.518074144127504,2.358246005453502,defined,-0.04542110699214581,sensitivity_only
id:x%3A0x1.c000000000000p%2B2,458,8.082,6.42248,6.315365855872496,2.358246005453502,defined,0.04542110699214581,sensitivity_only
id:x%3A0x1.c000000000000p%2B2,459,8.1,6.434,6.541114144127504,2.358246005453502,defined,-0.04542110699214581,sensitivity_only
id:x%3A0x1.c000000000000p%2B2,460,8.118,6.44552,6.338405855872496,2.358246005453502,defined,0.04542110699214581,sensitivity_only
id:x%3A0x1.c000000000000p%2B2,461,8.136,6.457039999999999,6.564154144127503,2.358246005453502,defined,-0.04542110699214581,sensitivity_only
id:x%3A0x1.c000000000000p%2B2,462,8.154,6.46856,6.361445855872496,2.358246005453502,defined,0.04542110699214581,sensitivity_only
id:x%3A0x1.c000000000000p%2B2,463,8.172,6.48008,6.587194144127504,2.358246005453502,defined,-0.04542110699214581,sensitivity_only
id:x%3A0x1.c000000000000p%2B2,464,8.19,6.4916,6.384485855872496,2.358246005453502,defined,0.04542110699214581,sensitivity_only
id:x%3A0x1.c000000000000p%2B2,465,8.208,6.50312,6.610234144127504,2.358246005453502,defined,-0.04542110699214581,sensitivity_only
id:x%3A0x1.c000000000000p%2B2,466,8.226,6.514640000000001,6.407525855872497,2.358246005453502,defined,0.04542110699214581,sensitivity_only
id:x%3A0x1.c000000000000p%2B2,467,8.244,6.52616,6.633274144127504,2.358246005453502,defined,-0.04542110699214581,sensitivity_only
id:x%3A0x1.c000000000000p%2B2,468,8.262,6.537680000000001,6.430565855872497,2.358246005453502,defined,0.04542110699214581,sensitivity_only
id:x%3A0x1.c000000000000p%2B2,469,8.28,6.5492,6.656314144127504,2.358246005453502,defined,-0.04542110699214581,sensitivity_only
id:x%3A0x1.c000000000000p%2B2,470,8.298,6.56072,6.453605855872496,2.358246005453502,defined,0.04542110699214581,sensitivity_only
id:x%3A0x1.c000000000000p%2B2,471,8.316,6.572240000000001,6.679354144127505,2.358246005453502,defined,-0.04542110699214581,sensitivity_only
id:x%3A0x1.c000000000000p%2B2,472,8.334,6.58376,6.476645855872496,2.358246005453502,defined,0.04542110699214581,sensitivity_only
id:x%3A0x1.c000000000000p%2B2,473,8.352,6.595280000000001,6.702394144127505,2.358246005453502,defined,-0.04542110699214581,sensitivity_only
id:x%3A0x1.c000000000000p%2B2,474,8.37,6.6068,6.499685855872496,2.358246005453502,defined,0.04542110699214581,sensitivity_only
id:x%3A0x1.c000000000000p%2B2,475,8.388,6.61832,6.725434144127504,2.358246005453502,defined,-0.04542110699214581,sensitivity_only
id:x%3A0x1.c000000000000p%2B2,476,8.406,6.629840000000001,6.522725855872497,2.358246005453502,defined,0.04542110699214581,sensitivity_only
id:x%3A0x1.c000000000000p%2B2,477,8.424,6.64136,6.748474144127504,2.358246005453502,defined,-0.04542110699214581,sensitivity_only
id:x%3A0x1.c000000000000p%2B2,478,8.442,6.652880000000001,6.545765855872497,2.358246005453502,defined,0.04542110699214581,sensitivity_only
id:x%3A0x1.c000000000000p%2B2,479,8.46,6.6644000000000005,6.771514144127504,2.358246005453502,defined,-0.04542110699214581,sensitivity_only
id:x%3A0x1.c000000000000p%2B2,480,8.478,6.67592,6.568805855872496,2.358246005453502,defined,0.04542110699214581,sensitivity_only
id:x%3A0x1.c000000000000p%2B2,481,8.496,6.6874400000000005,6.794554144127504,2.358246005453502,defined,-0.04542110699214581,sensitivity_only
id:x%3A0x1.c000000000000p%2B2,482,8.514,6.69896,6.591845855872496,2.358246005453502,defined,0.04542110699214581,sensitivity_only
id:x%3A0x1.c000000000000p%2B2,483,8.532,6.7104800000000004,6.817594144127504,2.358246005453502,defined,-0.04542110699214581,sensitivity_only
id:x%3A0x1.c000000000000p%2B2,484,8.55,6.722,6.614885855872497,2.358246005453502,defined,0.04542110699214581,sensitivity_only
id:x%3A0x1.c000000000000p%2B2,485,8.568,6.7335199999999995,6.840634144127503,2.358246005453502,defined,-0.04542110699214581,sensitivity_only
id:x%3A0x1.c000000000000p%2B2,486,8.586,6.74504,6.6379258558724965,2.358246005453502,defined,0.04542110699214581,sensitivity_only
id:x%3A0x1.c000000000000p%2B2,487,8.604,6.7565599999999995,6.863674144127503,2.358246005453502,defined,-0.04542110699214581,sensitivity_only
id:x%3A0x1.c000000000000p%2B2,488,8.622,6.76808,6.6609658558724965,2.358246005453502,defined,0.04542110699214581,sensitivity_only
id:x%3A0x1.c000000000000p%2B2,489,8.64,6.7796,6.886714144127504,2.358246005453502,defined,-0.04542110699214581,sensitivity_only
id:x%3A0x1.c000000000000p%2B2,490,8.658,6.791119999999999,6.6840058558724955,2.358246005453502,defined,0.04542110699214581,sensitivity_only
id:x%3A0x1.c000000000000p%2B2,491,8.676,6.80264,6.909754144127504,2.358246005453502,defined,-0.04542110699214581,sensitivity_only
id:x%3A0x1.c000000000000p%2B2,492,8.694,6.81416,6.707045855872496,2.358246005453502,defined,0.04542110699214581,sensitivity_only
id:x%3A0x1.c000000000000p%2B2,493,8.712,6.82568,6.932794144127504,2.358246005453502,defined,-0.04542110699214581,sensitivity_only
id:x%3A0x1.c000000000000p%2B2,494,8.73,6.8372,6.730085855872496,2.358246005453502,defined,0.04542110699214581,sensitivity_only
id:x%3A0x1.c000000000000p%2B2,495,8.748,6.848719999999999,6.955834144127503,2.358246005453502,defined,-0.04542110699214581,sensitivity_only
id:x%3A0x1.c000000000000p%2B2,496,8.766,6.86024,6.753125855872496,2.358246005453502,defined,0.04542110699214581,sensitivity_only
id:x%3A0x1.c000000000000p%2B2,497,8.784,6.871760000000001,6.978874144127505,2.358246005453502,defined,-0.04542110699214581,sensitivity_only
id:x%3A0x1.c000000000000p%2B2,498,8.802,6.88328,6.776165855872496,2.358246005453502,defined,0.04542110699214581,sensitivity_only
id:x%3A0x1.c000000000000p%2B2,499,8.82,6.8948,7.001914144127504,2.358246005453502,defined,-0.04542110699214581,sensitivity_only
id:x%3A0x1.c000000000000p%2B2,500,8.838,6.90632,6.799205855872496,2.358246005453502,defined,0.04542110699214581,sensitivity_only
id:x%3A0x1.c000000000000p%2B2,501,8.856,6.91784,7.024954144127504,2.358246005453502,defined,-0.04542110699214581,sensitivity_only
id:x%3A0x1.c000000000000p%2B2,502,8.874,6.929360000000001,6.822245855872497,2.358246005453502,defined,0.04542110699214581,sensitivity_only
id:x%3A0x1.c000000000000p%2B2,503,8.892,6.94088,7.047994144127504,2.358246005453502,defined,-0.04542110699214581,sensitivity_only
id:x%3A0x1.c000000000000p%2B2,504,8.91,6.9524,6.845285855872496,2.358246005453502,defined,0.04542110699214581,sensitivity_only
id:x%3A0x1.c000000000000p%2B2,505,8.928,6.963920000000001,7.071034144127505,2.358246005453502,defined,-0.04542110699214581,sensitivity_only
id:x%3A0x1.c000000000000p%2B2,506,8.946,6.97544,6.868325855872496,2.358246005453502,defined,0.04542110699214581,sensitivity_only
id:x%3A0x1.c000000000000p%2B2,507,8.964,6.986960000000001,7.094074144127505,2.358246005453502,defined,-0.04542110699214581,sensitivity_only
id:x%3A0x1.c000000000000p%2B2,508,8.982,6.99848,6.891365855872496,2.358246005453502,defined,0.04542110699214581,sensitivity_only
id:x%3A0x1.c000000000000p%2B2,509,9.0,7.01,7.117114144127504,2.358246005453502,defined,-0.04542110699214581,sensitivity_only
id:x%3A0x1.0000000000000p%2B3,0,0.0,1.25,1.0021221420934434,2.594070605998847,defined,0.09555555555555556,sensitivity_only
id:x%3A0x1.0000000000000p%2B3,1,0.018,1.26152,1.38509314676173,2.594070605998847,defined,-0.04763677074786024,sensitivity_only
id:x%3A0x1.0000000000000p%2B3,2,0.036,1.27304,1.14946685323827,2.594070605998847,defined,0.04763677074786024,sensitivity_only
id:x%3A0x1.0000000000000p%2B3,3,0.054,1.28456,1.40813314676173,2.594070605998847,defined,-0.04763677074786024,sensitivity_only
id:x%3A0x1.0000000000000p%2B3,4,0.072,1.29608,1.1725068532382699,2.594070605998847,defined,0.04763677074786024,sensitivity_only
id:x%3A0x1.0000000000000p%2B3,5,0.09,1.3076,1.4311731467617301,2.594070605998847,defined,-0.04763677074786024,sensitivity_only
id:x%3A0x1.0000000000000p%2B3,6,0.108,1.31912,1.19554685323827,2.594070605998847,defined,0.04763677074786024,sensitivity_only
id:x%3A0x1.0000000000000p%2B3,7,0.126,1.33064,1.45421314676173,2.594070605998847,defined,-0.04763677074786024,sensitivity_only
id:x%3A0x1.0000000000000p%2B3,8,0.144,1.34216,1.21858685323827,2.594070605998847,defined,0.04763677074786024,sensitivity_only
id:x%3A0x1.0000000000000p%2B3,9,0.162,1.35368,1.47725314676173,2.594070605998847,defined,-0.04763677074786024,sensitivity_only
id:x%3A0x1.0000000000000p%2B3,10,0.18,1.3652,1.24162685323827,2.594070605998847,defined,0.04763677074786024,sensitivity_only
id:x%3A0x1.0000000000000p%2B3,11,0.198,1.37672,1.50029314676173,2.594070605998847,defined,-0.04763677074786024,sensitivity_only
id:x%3A0x1.0000000000000p%2B3,12,0.216,1.38824,1.2646668532382699,2.594070605998847,defined,0.04763677074786024,sensitivity_only
id:x%3A0x1.0000000000000p%2B3,13,0.234,1.3997600000000001,1.5233331467617302,2.594070605998847,defined,-0.04763677074786024,sensitivity_only
id:x%3A0x1.0000000000000p%2B3,14,0.252,1.41128,1.28770685323827,2.594070605998847,defined,0.04763677074786024,sensitivity_only
id:x%3A0x1.0000000000000p%2B3,15,0.27,1.4228,1.54637314676173,2.594070605998847,defined,-0.04763677074786024,sensitivity_only
id:x%3A0x1.0000000000000p%2B3,16,0.288,1.43432,1.31074685323827,2.594070605998847,defined,0.04763677074786024,sensitivity_only
id:x%3A0x1.0000000000000p%2B3,17,0.306,1.44584,1.56941314676173,2.594070605998847,defined,-0.04763677074786024,sensitivity_only
id:x%3A0x1.0000000000000p%2B3,18,0.324,1.45736,1.33378685323827,2.594070605998847,defined,0.04763677074786024,sensitivity_only
id:x%3A0x1.0000000000000p%2B3,19,0.342,1.46888,1.59245314676173,2.594070605998847,defined,-0.04763677074786024,sensitivity_only
id:x%3A0x1.0000000000000p%2B3,20,0.36,1.4804,1.35682685323827,2.594070605998847,defined,0.04763677074786024,sensitivity_only
id:x%3A0x1.0000000000000p%2B3,21,0.378,1.49192,1.61549314676173,2.594070605998847,defined,-0.04763677074786024,sensitivity_only
id:x%3A0x1.0000000000000p%2B3,22,0.396,1.5034399999999999,1.3798668532382699,2.594070605998847,defined,0.04763677074786024,sensitivity_only
id:x%3A0x1.0000000000000p%2B3,23,0.414,1.5149599999999999,1.63853314676173,2.594070605998847,defined,-0.04763677074786024,sensitivity_only
id:x%3A0x1.0000000000000p%2B3,24,0.432,1.52648,1.40290685323827,2.594070605998847,defined,0.04763677074786024,sensitivity_only
id:x%3A0x1.0000000000000p%2B3,25,0.45,1.538,1.66157314676173,2.594070605998847,defined,-0.04763677074786024,sensitivity_only
id:x%3A0x1.0000000000000p%2B3,26,0.468,1.54952,1.42594685323827,2.594070605998847,defined,0.04763677074786024,sensitivity_only
id:x%3A0x1.0000000000000p%2B3,27,0.486,1.56104,1.68461314676173,2.594070605998847,defined,-0.04763677074786024,sensitivity_only
id:x%3A0x1.0000000000000p%2B3,28,0.504,1.57256,1.4602207756711545,2.3582460054534993,defined,0.04763677074786024,sensitivity_only
id:x%3A0x1.0000000000000p%2B3,29,0.522,1.5840800000000002,1.6964192243288456,2.3582460054534993,defined,-0.04763677074786024,sensitivity_only
id:x%3A0x1.0000000000000p%2B3,30,0.54,1.5956000000000001,1.4832607756711547,2.3582460054534993,defined,0.04763677074786024,sensitivity_only
id:x%3A0x1.0000000000000p%2B3,31,0.558,1.60712,1.7194592243288456,2.3582460054534993,defined,-0.04763677074786024,sensitivity_only
id:x%3A0x1.0000000000000p%2B3,32,0.576,1.61864,1.5063007756711546,2.3582460054534993,defined,0.04763677074786024,sensitivity_only
id:x%3A0x1.0000000000000p%2B3,33,0.594,1.63016,1.7424992243288455,2.3582460054534993,defined,-0.04763677074786024,sensitivity_only
id:x%3A0x1.0000000000000p%2B3,34,0.612,1.64168,1.5293407756711546,2.3582460054534993,defined,0.04763677074786024,sensitivity_only
id:x%3A0x1.0000000000000p%2B3,35,0.63,1.6532,1.7655392243288455,2.3582460054534993,defined,-0.04763677074786024,sensitivity_only
id:x%3A0x1.0000000000000p%2B3,36,0.648,1.66472,1.5523807756711545,2.3582460054534993,defined,0.04763677074786024,sensitivity_only
id:x%3A0x1.0000000000000p%2B3,37,0.666,1.67624,1.7885792243288454,2.3582460054534993,defined,-0.04763677074786024,sensitivity_only
id:x%3A0x1.0000000000000p%2B3,38,0.684,1.68776,1.5754207756711545,2.3582460054534993,defined,0.04763677074786024,sensitivity_only
id:x%3A0x1.0000000000000p%2B3,39,0.702,1.69928,1.8116192243288454,2.3582460054534993,defined,-0.04763677074786024,sensitivity_only
id:x%3A0x1.0000000000000p%2B3,40,0.72,1.7107999999999999,1.5984607756711544,2.3582460054534993,defined,0.04763677074786024,sensitivity_only
id:x%3A0x1.0000000000000p%2B3,41,0.738,1.72232,1.8346592243288455,2.3582460054534993,defined,-0.04763677074786024,sensitivity_only
id:x%3A0x1.0000000000000p%2B3,42,0.756,1.73384,1.6215007756711546,2.3582460054534993,defined,0.04763677074786024,sensitivity_only
id:x%3A0x1.0000000000000p%2B3,43,0.774,1.74536,1.8576992243288455,2.3582460054534993,defined,-0.04763677074786024,sensitivity_only
id:x%3A0x1.0000000000000p%2B3,44,0.792,1.75688,1.6445407756711545,2.3582460054534993,defined,0.04763677074786024,sensitivity_only
id:x%3A0x1.0000000000000p%2B3,45,0.81,1.7684000000000002,1.8807392243288457,2.3582460054534993,defined,-0.04763677074786024,sensitivity_only
id:x%3A0x1.0000000000000p%2B3,46,0.828,1.77992,1.6675807756711545,2.3582460054534993,defined,0.04763677074786024,sensitivity_only
id:x%3A0x1.0000000000000p%2B3,47,0.846,1.7914400000000001,1.9037792243288456,2.3582460054534993,defined,-0.04763677074786024,sensitivity_only
id:x%3A0x1.0000000000000p%2B3,48,0.864,1.8029600000000001,1.6906207756711547,2.3582460054534993,defined,0.04763677074786024,sensitivity_only
id:x%3A0x1.0000000000000p%2B3,49,0.882,1.81448,1.9268192243288456,2.3582460054534993,defined,-0.04763677074786024,sensitivity_only
id:x%3A0x1.0000000000000p%2B3,50,0.9,1.826,1.7136607756711546,2.3582460054534993,defined,0.04763677074786024,sensitivity_only
id:x%3A0x1.0000000000000p%2B3,51,0.918,1.83752,1.9498592243288455,2.3582460054534993,defined,-0.04763677074786024,sensitivity_only
id:x%3A0x1.0000000000000p%2B3,52,0.936,1.84904,1.7367007756711546,2.3582460054534993,defined,0.04763677074786024,sensitivity_only
id:x%3A0x1.0000000000000p%2B3,53,0.954,1.86056,1.9728992243288455,2.3582460054534993,defined,-0.04763677074786024,sensitivity_only
id:x%3A0x1.0000000000000p%2B3,54,0.972,1.87208,1.7597407756711545,2.3582460054534993,defined,0.04763677074786024,sensitivity_only
id:x%3A0x1.0000000000000p%2B3,55,0.99,1.8836,1.9959392243288454,2.3582460054534993,defined,-0.04763677074786024,sensitivity_only
id:x%3A0x1.0000000000000p%2B3,56,1.0,1.8900000000000001,1.7776607756711547,2.3582460054534993,defined,0.04763677074786024,sensitivity_only
id:x%3A0x1.0000000000000p%2B3,57,1.008,1.89512,2.0074592243288456,2.3582460054534993,defined,-0.04763677074786024,sensitivity_only
id:x%3A0x1.0000000000000p%2B3,58,1.026,1.90664,1.7943007756711544,2.3582460054534993,defined,0.04763677074786024,sensitivity_only
id:x%3A0x1.0000000000000p%2B3,59,1.044,1.91816,2.0304992243288456,2.3582460054534993,defined,-0.04763677074786024,sensitivity_only
id:x%3A0x1.0000000000000p%2B3,60,1.062,1.92968,1.8173407756711546,2.3582460054534993,defined,0.04763677074786024,sensitivity_only
id:x%3A0x1.0000000000000p%2B3,61,1.08,1.9412,2.0535392243288455,2.3582460054534993,defined,-0.04763677074786024,sensitivity_only
id:x%3A0x1.0000000000000p%2B3,62,1.098,1.9527200000000002,1.8403807756711548,2.3582460054534993,defined,0.04763677074786024,sensitivity_only
id:x%3A0x1.0000000000000p%2B3,63,1.116,1.9642400000000002,2.076579224328846,2.3582460054534993,defined,-0.04763677074786024,sensitivity_only
id:x%3A0x1.0000000000000p%2B3,64,1.134,1.97576,1.8634207756711545,2.3582460054534993,defined,0.04763677074786024,sensitivity_only
id:x%3A0x1.0000000000000p%2B3,65,1.152,1.98728,2.0996192243288454,2.3582460054534993,defined,-0.04763677074786024,sensitivity_only
id:x%3A0x1.0000000000000p%2B3,66,1.17,1.9988000000000001,1.8864607756711547,2.3582460054534993,defined,0.04763677074786024,sensitivity_only
id:x%3A0x1.0000000000000p%2B3,67,1.188,2.01032,2.122659224328846,2.3582460054534993,defined,-0.04763677074786024,sensitivity_only
id:x%3A0x1.0000000000000p%2B3,68,1.206,2.02184,1.9095007756711546,2.3582460054534993,defined,0.04763677074786024,sensitivity_only
id:x%3A0x1.0000000000000p%2B3,69,1.224,2.03336,2.1456992243288457,2.3582460054534993,defined,-0.04763677074786024,sensitivity_only
id:x%3A0x1.0000000000000p%2B3,70,1.242,2.04488,1.9325407756711546,2.3582460054534993,defined,0.04763677074786024,sensitivity_only
id:x%3A0x1.0000000000000p%2B3,71,1.26,2.0564,2.1687392243288457,2.3582460054534993,defined,-0.04763677074786024,sensitivity_only
id:x%3A0x1.0000000000000p%2B3,72,1.278,2.06792,1.9555807756711545,2.3582460054534993,defined,0.04763677074786024,sensitivity_only
id:x%3A0x1.0000000000000p%2B3,73,1.296,2.07944,2.1917792243288456,2.3582460054534993,defined,-0.04763677074786024,sensitivity_only
id:x%3A0x1.0000000000000p%2B3,74,1.314,2.09096,1.9786207756711545,2.3582460054534993,defined,0.04763677074786024,sensitivity_only
id:x%3A0x1.0000000000000p%2B3,75,1.332,2.10248,2.2148192243288456,2.3582460054534993,defined,-0.04763677074786024,sensitivity_only
id:x%3A0x1.0000000000000p%2B3,76,1.35,2.114,2.001660775671154,2.3582460054534993,defined,0.04763677074786024,sensitivity_only
id:x%3A0x1.0000000000000p%2B3,77,1.368,2.12552,2.2378592243288455,2.3582460054534993,defined,-0.04763677074786024,sensitivity_only
id:x%3A0x1.0000000000000p%2B3,78,1.386,2.13704,2.024700775671154,2.3582460054534993,defined,0.04763677074786024,sensitivity_only
id:x%3A0x1.0000000000000p%2B3,79,1.404,2.14856,2.2608992243288455,2.3582460054534993,defined,-0.04763677074786024,sensitivity_only
id:x%3A0x1.0000000000000p%2B3,80,1.422,2.16008,2.047740775671154,2.3582460054534993,defined,0.04763677074786024,sensitivity_only
id:x%3A0x1.0000000000000p%2B3,81,1.44,2.1715999999999998,2.2839392243288454,2.3582460054534993,defined,-0.04763677074786024,sensitivity_only
id:x%3A0x1.0000000000000p%2B3,82,1.458,2.1831199999999997,2.070780775671154,2.3582460054534993,defined,0.04763677074786024,sensitivity_only
id:x%3A0x1.0000000000000p%2B3,83,1.476,2.19464,2.306979224328846,2.3582460054534993,defined,-0.04763677074786024,sensitivity_only
id:x%3A0x1.0000000000000p%2B3,84,1.494,2.20616,2.0938207756711544,2.3582460054534993,defined,0.04763677074786024,sensitivity_only
id:x%3A0x1.0000000000000p%2B3,85,1.512,2.21768,2.330019224328846,2.3582460054534997,defined,-0.04763677074786024,sensitivity_only
id:x%3A0x1.0000000000000p%2B3,86,1.53,2.2292,2.1168607756711544,2.3582460054534997,defined,0.04763677074786024,sensitivity_only
id:x%3A0x1.0000000000000p%2B3,87,1.548,2.24072,2.3530592243288457,2.3582460054534997,defined,-0.04763677074786024,sensitivity_only
id:x%3A0x1.0000000000000p%2B3,88,1.566,2.25224,2.1399007756711543,2.3582460054534997,defined,0.04763677074786024,sensitivity_only
id:x%3A0x1.0000000000000p%2B3,89,1.584,2.26376,2.3760992243288457,2.3582460054534997,defined,-0.04763677074786024,sensitivity_only
id:x%3A0x1.0000000000000p%2B3,90,1.602,2.27528,2.1629407756711543,2.3582460054534997,defined,0.04763677074786024,sensitivity_only
id:x%3A0x1.0000000000000p%2B3,91,1.62,2.2868000000000004,2.399139224328846,2.3582460054534997,defined,-0.04763677074786024,sensitivity_only
id:x%3A0x1.0000000000000p%2B3,92,1.638,2.29832,2.1859807756711542,2.3582460054534997,defined,0.04763677074786024,sensitivity_only
id:x%3A0x1.0000000000000p%2B3,93,1.656,2.30984,2.4221792243288456,2.3582460054534997,defined,-0.04763677074786024,sensitivity_only
id:x%3A0x1.0000000000000p%2B3,94,1.674,2.3213600000000003,2.2090207756711546,2.3582460054534997,defined,0.04763677074786024,sensitivity_only
id:x%3A0x1.0000000000000p%2B3,95,1.692,2.3328800000000003,2.445219224328846,2.3582460054534997,defined,-0.04763677074786024,sensitivity_only
id:x%3A0x1.0000000000000p%2B3,96,1.71,2.3444000000000003,2.2320607756711546,2.3582460054534997,defined,0.04763677074786024,sensitivity_only
id:x%3A0x1.0000000000000p%2B3,97,1.728,2.3559200000000002,2.468259224328846,2.3582460054534997,defined,-0.04763677074786024,sensitivity_only
id:x%3A0x1.0000000000000p%2B3,98,1.746,2.36744,2.2551007756711545,2.3582460054534997,defined,0.04763677074786024,sensitivity_only
id:x%3A0x1.0000000000000p%2B3,99,1.764,2.37896,2.491299224328846,2.3582460054534997,defined,-0.04763677074786024,sensitivity_only
id:x%3A0x1.0000000000000p%2B3,100,1.782,2.39048,2.2781407756711545,2.3582460054534997,defined,0.04763677074786024,sensitivity_only
id:x%3A0x1.0000000000000p%2B3,101,1.8,2.402,2.514339224328846,2.3582460054534997,defined,-0.04763677074786024,sensitivity_only
id:x%3A0x1.0000000000000p%2B3,102,1.818,2.41352,2.3011807756711544,2.3582460054534997,defined,0.04763677074786024,sensitivity_only
id:x%3A0x1.0000000000000p%2B3,103,1.836,2.42504,2.5373792243288458,2.3582460054534997,defined,-0.04763677074786024,sensitivity_only
id:x%3A0x1.0000000000000p%2B3,104,1.854,2.43656,2.3242207756711544,2.3582460054534997,defined,0.04763677074786024,sensitivity_only
id:x%3A0x1.0000000000000p%2B3,105,1.872,2.44808,2.5604192243288457,2.3582460054534997,defined,-0.04763677074786024,sensitivity_only
id:x%3A0x1.0000000000000p%2B3,106,1.89,2.4596,2.3472607756711543,2.3582460054534997,defined,0.04763677074786024,sensitivity_only
id:x%3A0x1.0000000000000p%2B3,107,1.908,2.47112,2.5834592243288457,2.3582460054534997,defined,-0.04763677074786024,sensitivity_only
id:x%3A0x1.0000000000000p%2B3,108,1.926,2.48264,2.3703007756711543,2.3582460054534997,defined,0.04763677074786024,sensitivity_only
id:x%3A0x1.0000000000000p%2B3,109,1.944,2.49416,2.6064992243288456,2.3582460054534997,defined,-0.04763677074786024,sensitivity_only
id:x%3A0x1.0000000000000p%2B3,110,1.962,2.50568,2.393340775671154,2.3582460054534997,defined,0.04763677074786024,sensitivity_only
id:x%3A0x1.0000000000000p%2B3,111,1.98,2.5172,2.6295392243288456,2.3582460054534997,defined,-0.04763677074786024,sensitivity_only
id:x%3A0x1.0000000000000p%2B3,112,1.998,2.52872,2.416380775671154,2.3582460054534997,defined,0.04763677074786024,sensitivity_only
id:x%3A0x1.0000000000000p%2B3,113,2.0,2.5300000000000002,2.642339224328846,2.3582460054534997,defined,-0.04763677074786024,sensitivity_only
id:x%3A0x1.0000000000000p%2B3,114,2.016,2.54024,2.427900775671154,2.3582460054534997,defined,0.04763677074786024,sensitivity_only
id:x%3A0x1.0000000000000p%2B3,115,2.034,2.55176,2.6640992243288455,2.3582460054534997,defined,-0.04763677074786024,sensitivity_only
id:x%3A0x1.0000000000000p%2B3,116,2.052,2.56328,2.450940775671154,2.3582460054534997,defined,0.04763677074786024,sensitivity_only
id:x%3A0x1.0000000000000p%2B3,117,2.07,2.5747999999999998,2.6871392243288454,2.3582460054534997,defined,-0.04763677074786024,sensitivity_only
id:x%3A0x1.0000000000000p%2B3,118,2.088,2.58632,2.4739807756711545,2.3582460054534997,defined,0.04763677074786024,sensitivity_only
id:x%3A0x1.0000000000000p%2B3,119,2.106,2.5978399999999997,2.7101792243288454,2.3582460054534997,defined,-0.04763677074786024,sensitivity_only
id:x%3A0x1.0000000000000p%2B3,120,2.124,2.60936,2.4970207756711544,2.3582460054534997,defined,0.04763677074786024,sensitivity_only
id:x%3A0x1.0000000000000p%2B3,121,2.142,2.6208799999999997,2.7332192243288453,2.3582460054534997,defined,-0.04763677074786024,sensitivity_only
id:x%3A0x1.0000000000000p%2B3,122,2.16,2.6324,2.5200607756711544,2.3582460054534997,defined,0.04763677074786024,sensitivity_only
id:x%3A0x1.0000000000000p%2B3,123,2.178,2.64392,2.7562592243288457,2.3582460054534997,defined,-0.04763677074786024,sensitivity_only
id:x%3A0x1.0000000000000p%2B3,124,2.196,2.6554400000000005,2.543100775671155,2.3582460054534997,defined,0.04763677074786024,sensitivity_only
id:x%3A0x1.0000000000000p%2B3,125,2.214,2.66696,2.7792992243288457,2.3582460054534997,defined,-0.04763677074786024,sensitivity_only
id:x%3A0x1.0000000000000p%2B3,126,2.232,2.6784800000000004,2.5661407756711547,2.3582460054534997,defined,0.04763677074786024,sensitivity_only
id:x%3A0x1.0000000000000p%2B3,127,2.25,2.69,2.8023392243288456,2.3582460054534997,defined,-0.04763677074786024,sensitivity_only
id:x%3A0x1.0000000000000p%2B3,128,2.268,2.70152,2.5891807756711542,2.3582460054534997,defined,0.04763677074786024,sensitivity_only
id:x%3A0x1.0000000000000p%2B3,129,2.286,2.7130400000000003,2.825379224328846,2.3582460054534997,defined,-0.04763677074786024,sensitivity_only
id:x%3A0x1.0000000000000p%2B3,130,2.304,2.72456,2.612220775671154,2.3582460054534997,defined,0.04763677074786024,sensitivity_only
id:x%3A0x1.0000000000000p%2B3,131,2.322,2.7360800000000003,2.848419224328846,2.3582460054534997,defined,-0.04763677074786024,sensitivity_only
id:x%3A0x1.0000000000000p%2B3,132,2.34,2.7476000000000003,2.6352607756711546,2.3582460054534997,defined,0.04763677074786024,sensitivity_only
id:x%3A0x1.0000000000000p%2B3,133,2.358,2.7591200000000002,2.871459224328846,2.3582460054534997,defined,-0.04763677074786024,sensitivity_only
id:x%3A0x1.0000000000000p%2B3,134,2.376,2.77064,2.6583007756711545,2.3582460054534997,defined,0.04763677074786024,sensitivity_only
id:x%3A0x1.0000000000000p%2B3,135,2.394,2.78216,2.894499224328846,2.3582460054534997,defined,-0.04763677074786024,sensitivity_only
id:x%3A0x1.0000000000000p%2B3,136,2.412,2.79368,2.6813407756711545,2.3582460054534997,defined,0.04763677074786024,sensitivity_only
id:x%3A0x1.0000000000000p%2B3,137,2.43,2.8052,2.917539224328846,2.3582460054534997,defined,-0.04763677074786024,sensitivity_only
id:x%3A0x1.0000000000000p%2B3,138,2.448,2.81672,2.7043807756711544,2.3582460054534997,defined,0.04763677074786024,sensitivity_only
id:x%3A0x1.0000000000000p%2B3,139,2.466,2.82824,2.9405792243288458,2.3582460054534997,defined,-0.04763677074786024,sensitivity_only
id:x%3A0x1.0000000000000p%2B3,140,2.484,2.83976,2.7274207756711544,2.3582460054534997,defined,0.04763677074786024,sensitivity_only
id:x%3A0x1.0000000000000p%2B3,141,2.502,2.85128,2.9636192243288457,2.3582460054534997,defined,-0.04763677074786024,sensitivity_only
id:x%3A0x1.0000000000000p%2B3,142,2.52,2.8628,2.7504607756711543,2.3582460054534997,defined,0.04763677074786024,sensitivity_only
id:x%3A0x1.0000000000000p%2B3,143,2.538,2.87432,2.9866592243288457,2.3582460054534997,defined,-0.04763677074786024,sensitivity_only
id:x%3A0x1.0000000000000p%2B3,144,2.556,2.88584,2.7735007756711543,2.3582460054534997,defined,0.04763677074786024,sensitivity_only
id:x%3A0x1.0000000000000p%2B3,145,2.574,2.89736,3.0096992243288456,2.3582460054534997,defined,-0.04763677074786024,sensitivity_only
id:x%3A0x1.0000000000000p%2B3,146,2.592,2.90888,2.796540775671154,2.3582460054534997,defined,0.04763677074786024,sensitivity_only
id:x%3A0x1.0000000000000p%2B3,147,2.61,2.9204,3.0327392243288456,2.3582460054534997,defined,-0.04763677074786024,sensitivity_only
id:x%3A0x1.0000000000000p%2B3,148,2.628,2.93192,2.819580775671154,2.3582460054534997,defined,0.04763677074786024,sensitivity_only
id:x%3A0x1.0000000000000p%2B3,149,2.646,2.94344,3.0557792243288455,2.3582460054534997,defined,-0.04763677074786024,sensitivity_only
id:x%3A0x1.0000000000000p%2B3,150,2.664,2.95496,2.842620775671154,2.3582460054534997,defined,0.04763677074786024,sensitivity_only
id:x%3A0x1.0000000000000p%2B3,151,2.682,2.96648,3.0788192243288455,2.3582460054534997,defined,-0.04763677074786024,sensitivity_only
id:x%3A0x1.0000000000000p%2B3,152,2.7,2.978,2.8656607756711545,2.3582460054534997,defined,0.04763677074786024,sensitivity_only
id:x%3A0x1.0000000000000p%2B3,153,2.718,2.9895199999999997,3.1018592243288454,2.3582460054534997,defined,-0.04763677074786024,sensitivity_only
id:x%3A0x1.0000000000000p%2B3,154,2.736,3.00104,2.8887007756711545,2.3582460054534997,defined,0.04763677074786024,sensitivity_only
id:x%3A0x1.0000000000000p%2B3,155,2.754,3.01256,3.124899224328846,2.3582460054534997,defined,-0.04763677074786024,sensitivity_only
id:x%3A0x1.0000000000000p%2B3,156,2.772,3.0240799999999997,2.911740775671154,2.3582460054534997,defined,0.04763677074786024,sensitivity_only
id:x%3A0x1.0000000000000p%2B3,157,2.79,3.0356,3.1479392243288458,2.3582460054534997,defined,-0.04763677074786024,sensitivity_only
id:x%3A0x1.0000000000000p%2B3,158,2.808,3.0471199999999996,2.934780775671154,2.3582460054534997,defined,0.04763677074786024,sensitivity_only
id:x%3A0x1.0000000000000p%2B3,159,2.826,3.05864,3.1709792243288457,2.3582460054534997,defined,-0.04763677074786024,sensitivity_only
id:x%3A0x1.0000000000000p%2B3,160,2.844,3.07016,2.9578207756711543,2.3582460054534997,defined,0.04763677074786024,sensitivity_only
id:x%3A0x1.0000000000000p%2B3,161,2.862,3.0816800000000004,3.194019224328846,2.3582460054534997,defined,-0.04763677074786024,sensitivity_only
id:x%3A0x1.0000000000000p%2B3,162,2.88,3.0932,2.9808607756711543,2.3582460054534997,defined,0.04763677074786024,sensitivity_only
id:x%3A0x1.0000000000000p%2B3,163,2.898,3.1047200000000004,3.217059224328846,2.3582460054534997,defined,-0.04763677074786024,sensitivity_only
id:x%3A0x1.0000000000000p%2B3,164,2.916,3.11624,3.003900775671154,2.3582460054534997,defined,0.04763677074786024,sensitivity_only
id:x%3A0x1.0000000000000p%2B3,165,2.934,3.1277600000000003,3.240099224328846,2.3582460054534997,defined,-0.04763677074786024,sensitivity_only
id:x%3A0x1.0000000000000p%2B3,166,2.952,3.1392800000000003,3.0269407756711546,2.3582460054534997,defined,0.04763677074786024,sensitivity_only
id:x%3A0x1.0000000000000p%2B3,167,2.97,3.1508000000000003,3.263139224328846,2.3582460054534997,defined,-0.04763677074786024,sensitivity_only
id:x%3A0x1.0000000000000p%2B3,168,2.988,3.1623200000000002,3.0499807756711546,2.3582460054534997,defined,0.04763677074786024,sensitivity_only
id:x%3A0x1.0000000000000p%2B3,169,3.0,3.17,3.2823392243288456,2.3582460054534997,defined,-0.04763677074786024,sensitivity_only
id:x%3A0x1.0000000000000p%2B3,170,3.006,3.17384,3.0615007756711545,2.3582460054534997,defined,0.04763677074786024,sensitivity_only
id:x%3A0x1.0000000000000p%2B3,171,3.024,3.18536,3.297699224328846,2.3582460054534997,defined,-0.04763677074786024,sensitivity_only
id:x%3A0x1.0000000000000p%2B3,172,3.042,3.19688,3.0845407756711545,2.3582460054534997,defined,0.04763677074786024,sensitivity_only
id:x%3A0x1.0000000000000p%2B3,173,3.06,3.2084,3.320739224328846,2.3582460054534997,defined,-0.04763677074786024,sensitivity_only
id:x%3A0x1.0000000000000p%2B3,174,3.078,3.21992,3.1075807756711544,2.3582460054534997,defined,0.04763677074786024,sensitivity_only
id:x%3A0x1.0000000000000p%2B3,175,3.096,3.23144,3.343779224328846,2.3582460054534997,defined,-0.04763677074786024,sensitivity_only
id:x%3A0x1.0000000000000p%2B3,176,3.114,3.24296,3.1306207756711544,2.3582460054534997,defined,0.04763677074786024,sensitivity_only
id:x%3A0x1.0000000000000p%2B3,177,3.132,3.25448,3.3668192243288457,2.3582460054534997,defined,-0.04763677074786024,sensitivity_only
id:x%3A0x1.0000000000000p%2B3,178,3.15,3.266,3.1536607756711543,2.3582460054534997,defined,0.04763677074786024,sensitivity_only
id:x%3A0x1.0000000000000p%2B3,179,3.168,3.27752,3.3898592243288457,2.3582460054534997,defined,-0.04763677074786024,sensitivity_only
id:x%3A0x1.0000000000000p%2B3,180,3.186,3.28904,3.1767007756711543,2.3582460054534997,defined,0.04763677074786024,sensitivity_only
id:x%3A0x1.0000000000000p%2B3,181,3.204,3.30056,3.4128992243288456,2.3582460054534997,defined,-0.04763677074786024,sensitivity_only
id:x%3A0x1.0000000000000p%2B3,182,3.222,3.31208,3.1997407756711542,2.3582460054534997,defined,0.04763677074786024,sensitivity_only
id:x%3A0x1.0000000000000p%2B3,183,3.24,3.3236000000000003,3.435939224328846,2.3582460054534997,defined,-0.04763677074786024,sensitivity_only
id:x%3A0x1.0000000000000p%2B3,184,3.258,3.33512,3.222780775671154,2.3582460054534997,defined,0.04763677074786024,sensitivity_only
id:x%3A0x1.0000000000000p%2B3,185,3.276,3.34664,3.4589792243288455,2.3582460054534997,defined,-0.04763677074786024,sensitivity_only
id:x%3A0x1.0000000000000p%2B3,186,3.294,3.3581600000000003,3.2458207756711546,2.3582460054534997,defined,0.04763677074786024,sensitivity_only
id:x%3A0x1.0000000000000p%2B3,187,3.312,3.36968,3.4820192243288455,2.3582460054534997,defined,-0.04763677074786024,sensitivity_only
id:x%3A0x1.0000000000000p%2B3,188,3.33,3.3812,3.2688607756711545,2.3582460054534997,defined,0.04763677074786024,sensitivity_only
id:x%3A0x1.0000000000000p%2B3,189,3.348,3.39272,3.505059224328846,2.3582460054534997,defined,-0.04763677074786024,sensitivity_only
id:x%3A0x1.0000000000000p%2B3,190,3.366,3.40424,3.2919007756711545,2.3582460054534997,defined,0.04763677074786024,sensitivity_only
id:x%3A0x1.0000000000000p%2B3,191,3.384,3.41576,3.528099224328846,2.3582460054534997,defined,-0.04763677074786024,sensitivity_only
id:x%3A0x1.0000000000000p%2B3,192,3.402,3.42728,3.3149407756711544,2.3582460054534997,defined,0.04763677074786024,sensitivity_only
id:x%3A0x1.0000000000000p%2B3,193,3.42,3.4388,3.5511392243288458,2.3582460054534997,defined,-0.04763677074786024,sensitivity_only
id:x%3A0x1.0000000000000p%2B3,194,3.438,3.45032,3.3379807756711544,2.3582460054534997,defined,0.04763677074786024,sensitivity_only
id:x%3A0x1.0000000000000p%2B3,195,3.456,3.46184,3.5741792243288457,2.3582460054534997,defined,-0.04763677074786024,sensitivity_only
id:x%3A0x1.0000000000000p%2B3,196,3.474,3.47336,3.3610207756711543,2.3582460054534997,defined,0.04763677074786024,sensitivity_only
id:x%3A0x1.0000000000000p%2B3,197,3.492,3.48488,3.5972192243288457,2.3582460054534997,defined,-0.04763677074786024,sensitivity_only
id:x%3A0x1.0000000000000p%2B3,198,3.51,3.4964,3.3840607756711543,2.358246005453502,defined,0.04763677074786024,sensitivity_only
id:x%3A0x1.0000000000000p%2B3,199,3.528,3.50792,3.6202592243288456,2.358246005453502,defined,-0.04763677074786024,sensitivity_only
id:x%3A0x1.0000000000000p%2B3,200,3.546,3.51944,3.407100775671154,2.358246005453502,defined,0.04763677074786024,sensitivity_only
id:x%3A0x1.0000000000000p%2B3,201,3.564,3.53096,3.6432992243288456,2.358246005453502,defined,-0.04763677074786024,sensitivity_only
id:x%3A0x1.0000000000000p%2B3,202,3.582,3.54248,3.430140775671154,2.358246005453502,defined,0.04763677074786024,sensitivity_only
id:x%3A0x1.0000000000000p%2B3,203,3.6,3.5540000000000003,3.666339224328846,2.358246005453502,defined,-0.04763677074786024,sensitivity_only
id:x%3A0x1.0000000000000p%2B3,204,3.618,3.56552,3.453180775671154,2.358246005453502,defined,0.04763677074786024,sensitivity_only
id:x%3A0x1.0000000000000p%2B3,205,3.636,3.57704,3.689379224328846,2.358246005453502,defined,-0.04763677074786024,sensitivity_only
id:x%3A0x1.0000000000000p%2B3,206,3.654,3.58856,3.4762207756711545,2.358246005453502,defined,0.04763677074786024,sensitivity_only
id:x%3A0x1.0000000000000p%2B3,207,3.672,3.60008,3.712419224328846,2.358246005453502,defined,-0.04763677074786024,sensitivity_only
id:x%3A0x1.0000000000000p%2B3,208,3.69,3.6116,3.4992607756711545,2.358246005453502,defined,0.04763677074786024,sensitivity_only
id:x%3A0x1.0000000000000p%2B3,209,3.708,3.62312,3.735459224328846,2.358246005453502,defined,-0.04763677074786024,sensitivity_only
id:x%3A0x1.0000000000000p%2B3,210,3.726,3.63464,3.5223007756711544,2.358246005453502,defined,0.04763677074786024,sensitivity_only
id:x%3A0x1.0000000000000p%2B3,211,3.744,3.64616,3.7584992243288458,2.358246005453502,defined,-0.04763677074786024,sensitivity_only
id:x%3A0x1.0000000000000p%2B3,212,3.762,3.65768,3.5453407756711544,2.358246005453502,defined,0.04763677074786024,sensitivity_only
id:x%3A0x1.0000000000000p%2B3,213,3.78,3.6692,3.7815392243288457,2.358246005453502,defined,-0.04763677074786024,sensitivity_only
id:x%3A0x1.0000000000000p%2B3,214,3.798,3.68072,3.5683807756711543,2.358246005453502,defined,0.04763677074786024,sensitivity_only
id:x%3A0x1.0000000000000p%2B3,215,3.816,3.69224,3.8045792243288457,2.358246005453502,defined,-0.04763677074786024,sensitivity_only
id:x%3A0x1.0000000000000p%2B3,216,3.834,3.70376,3.5914207756711543,2.358246005453502,defined,0.04763677074786024,sensitivity_only
id:x%3A0x1.0000000000000p%2B3,217,3.852,3.71528,3.8276192243288456,2.358246005453502,defined,-0.04763677074786024,sensitivity_only
id:x%3A0x1.0000000000000p%2B3,218,3.87,3.7268000000000003,3.6144607756711546,2.358246005453502,defined,0.04763677074786024,sensitivity_only
id:x%3A0x1.0000000000000p%2B3,219,3.888,3.73832,3.8506592243288456,2.358246005453502,defined,-0.04763677074786024,sensitivity_only
id:x%3A0x1.0000000000000p%2B3,220,3.906,3.7498400000000003,3.6375007756711546,2.358246005453502,defined,0.04763677074786024,sensitivity_only
id:x%3A0x1.0000000000000p%2B3,221,3.924,3.76136,3.8736992243288455,2.358246005453502,defined,-0.04763677074786024,sensitivity_only
id:x%3A0x1.0000000000000p%2B3,222,3.942,3.7728800000000002,3.6605407756711545,2.358246005453502,defined,0.04763677074786024,sensitivity_only
id:x%3A0x1.0000000000000p%2B3,223,3.96,3.7844,3.896739224328846,2.358246005453502,defined,-0.04763677074786024,sensitivity_only
id:x%3A0x1.0000000000000p%2B3,224,3.978,3.79592,3.6835807756711545,2.358246005453502,defined,0.04763677074786024,sensitivity_only
id:x%3A0x1.0000000000000p%2B3,225,3.996,3.80744,3.919779224328846,2.358246005453502,defined,-0.04763677074786024,sensitivity_only
id:x%3A0x1.0000000000000p%2B3,226,4.0,3.81,3.6976607756711544,2.358246005453502,defined,0.04763677074786024,sensitivity_only
id:x%3A0x1.0000000000000p%2B3,227,4.014,3.81896,3.931299224328846,2.358246005453502,defined,-0.04763677074786024,sensitivity_only
id:x%3A0x1.0000000000000p%2B3,228,4.032,3.83048,3.7181407756711544,2.358246005453502,defined,0.04763677074786024,sensitivity_only
id:x%3A0x1.0000000000000p%2B3,229,4.05,3.842,3.9543392243288458,2.358246005453502,defined,-0.04763677074786024,sensitivity_only
id:x%3A0x1.0000000000000p%2B3,230,4.068,3.8535199999999996,3.741180775671154,2.358246005453502,defined,0.04763677074786024,sensitivity_only
id:x%3A0x1.0000000000000p%2B3,231,4.086,3.86504,3.9773792243288457,2.358246005453502,defined,-0.04763677074786024,sensitivity_only
id:x%3A0x1.0000000000000p%2B3,232,4.104,3.87656,3.7642207756711543,2.358246005453502,defined,0.04763677074786024,sensitivity_only
id:x%3A0x1.0000000000000p%2B3,233,4.122,3.88808,4.000419224328845,2.358246005453502,defined,-0.04763677074786024,sensitivity_only
id:x%3A0x1.0000000000000p%2B3,234,4.14,3.8996,3.7872607756711543,2.358246005453502,defined,0.04763677074786024,sensitivity_only
id:x%3A0x1.0000000000000p%2B3,235,4.158,3.9111200000000004,4.023459224328846,2.358246005453502,defined,-0.04763677074786024,sensitivity_only
id:x%3A0x1.0000000000000p%2B3,236,4.176,3.9226400000000003,3.8103007756711547,2.358246005453502,defined,0.04763677074786024,sensitivity_only
id:x%3A0x1.0000000000000p%2B3,237,4.194,3.93416,4.046499224328845,2.358246005453502,defined,-0.04763677074786024,sensitivity_only
id:x%3A0x1.0000000000000p%2B3,238,4.212,3.94568,3.833340775671154,2.358246005453502,defined,0.04763677074786024,sensitivity_only
id:x%3A0x1.0000000000000p%2B3,239,4.23,3.9572000000000003,4.069539224328846,2.358246005453502,defined,-0.04763677074786024,sensitivity_only
id:x%3A0x1.0000000000000p%2B3,240,4.248,3.9687200000000002,3.8563807756711546,2.358246005453502,defined,0.04763677074786024,sensitivity_only
id:x%3A0x1.0000000000000p%2B3,241,4.266,3.9802400000000002,4.092579224328846,2.358246005453502,defined,-0.04763677074786024,sensitivity_only
id:x%3A0x1.0000000000000p%2B3,242,4.284,3.9917599999999998,3.879420775671154,2.358246005453502,defined,0.04763677074786024,sensitivity_only
id:x%3A0x1.0000000000000p%2B3,243,4.302,4.00328,4.115619224328846,2.358246005453502,defined,-0.04763677074786024,sensitivity_only
id:x%3A0x1.0000000000000p%2B3,244,4.32,4.0148,3.9024607756711545,2.358246005453502,defined,0.04763677074786024,sensitivity_only
id:x%3A0x1.0000000000000p%2B3,245,4.338,4.02632,4.138659224328846,2.358246005453502,defined,-0.04763677074786024,sensitivity_only
id:x%3A0x1.0000000000000p%2B3,246,4.356,4.03784,3.9255007756711544,2.358246005453502,defined,0.04763677074786024,sensitivity_only
id:x%3A0x1.0000000000000p%2B3,247,4.374,4.04936,4.161699224328846,2.358246005453502,defined,-0.04763677074786024,sensitivity_only
id:x%3A0x1.0000000000000p%2B3,248,4.392,4.060880000000001,3.9485407756711552,2.358246005453502,defined,0.04763677074786024,sensitivity_only
id:x%3A0x1.0000000000000p%2B3,249,4.41,4.0724,4.184739224328846,2.358246005453502,defined,-0.04763677074786024,sensitivity_only
id:x%3A0x1.0000000000000p%2B3,250,4.428,4.08392,3.9715807756711543,2.358246005453502,defined,0.04763677074786024,sensitivity_only
id:x%3A0x1.0000000000000p%2B3,251,4.446,4.09544,4.207779224328846,2.358246005453502,defined,-0.04763677074786024,sensitivity_only
id:x%3A0x1.0000000000000p%2B3,252,4.464,4.106960000000001,3.994620775671155,2.358246005453502,defined,0.04763677074786024,sensitivity_only
id:x%3A0x1.0000000000000p%2B3,253,4.482,4.11848,4.230819224328846,2.358246005453502,defined,-0.04763677074786024,sensitivity_only
id:x%3A0x1.0000000000000p%2B3,254,4.5,4.13,4.017660775671154,2.358246005453502,defined,0.04763677074786024,sensitivity_only
id:x%3A0x1.0000000000000p%2B3,255,4.518,4.14152,4.231391379463076,1.8865968043627994,defined,-0.04763677074786024,sensitivity_only
id:x%3A0x1.0000000000000p%2B3,256,4.536,4.15304,4.063168620536923,1.8865968043627994,defined,0.04763677074786024,sensitivity_only
id:x%3A0x1.0000000000000p%2B3,257,4.554,4.16456,4.254431379463076,1.8865968043627994,defined,-0.04763677074786024,sensitivity_only
id:x%3A0x1.0000000000000p%2B3,258,4.572,4.176080000000001,4.086208620536924,1.8865968043627994,defined,0.04763677074786024,sensitivity_only
id:x%3A0x1.0000000000000p%2B3,259,4.59,4.1876,4.277471379463076,1.8865968043627994,defined,-0.04763677074786024,sensitivity_only
id:x%3A0x1.0000000000000p%2B3,260,4.608,4.19912,4.109248620536923,1.8865968043627994,defined,0.04763677074786024,sensitivity_only
id:x%3A0x1.0000000000000p%2B3,261,4.626,4.21064,4.300511379463076,1.8865968043627994,defined,-0.04763677074786024,sensitivity_only
id:x%3A0x1.0000000000000p%2B3,262,4.644,4.222160000000001,4.132288620536924,1.8865968043627994,defined,0.04763677074786024,sensitivity_only
id:x%3A0x1.0000000000000p%2B3,263,4.662,4.23368,4.323551379463076,1.8865968043627994,defined,-0.04763677074786024,sensitivity_only
id:x%3A0x1.0000000000000p%2B3,264,4.68,4.2452000000000005,4.155328620536924,1.8865968043627994,defined,0.04763677074786024,sensitivity_only
id:x%3A0x1.0000000000000p%2B3,265,4.698,4.2567200000000005,4.346591379463077,1.8865968043627994,defined,-0.04763677074786024,sensitivity_only
id:x%3A0x1.0000000000000p%2B3,266,4.716,4.2682400000000005,4.178368620536924,1.8865968043627994,defined,0.04763677074786024,sensitivity_only
id:x%3A0x1.0000000000000p%2B3,267,4.734,4.27976,4.369631379463076,1.8865968043627994,defined,-0.04763677074786024,sensitivity_only
id:x%3A0x1.0000000000000p%2B3,268,4.752,4.29128,4.201408620536924,1.8865968043627994,defined,0.04763677074786024,sensitivity_only
id:x%3A0x1.0000000000000p%2B3,269,4.77,4.3027999999999995,4.392671379463076,1.8865968043627994,defined,-0.04763677074786024,sensitivity_only
id:x%3A0x1.0000000000000p%2B3,270,4.788,4.31432,4.224448620536924,1.8865968043627994,defined,0.04763677074786024,sensitivity_only
id:x%3A0x1.0000000000000p%2B3,271,4.806,4.3258399999999995,4.415711379463076,1.8865968043627994,defined,-0.04763677074786024,sensitivity_only
id:x%3A0x1.0000000000000p%2B3,272,4.824,4.33736,4.247488620536924,1.8865968043627994,defined,0.04763677074786024,sensitivity_only
id:x%3A0x1.0000000000000p%2B3,273,4.842,4.348879999999999,4.438751379463076,1.8865968043627994,defined,-0.04763677074786024,sensitivity_only
id:x%3A0x1.0000000000000p%2B3,274,4.86,4.3604,4.270528620536924,1.8865968043627994,defined,0.04763677074786024,sensitivity_only
id:x%3A0x1.0000000000000p%2B3,275,4.878,4.37192,4.461791379463077,1.8865968043627994,defined,-0.04763677074786024,sensitivity_only
id:x%3A0x1.0000000000000p%2B3,276,4.896,4.38344,4.293568620536924,1.8865968043627994,defined,0.04763677074786024,sensitivity_only
id:x%3A0x1.0000000000000p%2B3,277,4.914,4.394959999999999,4.484831379463076,1.8865968043627994,defined,-0.04763677074786024,sensitivity_only
id:x%3A0x1.0000000000000p%2B3,278,4.932,4.40648,4.316608620536924,1.8865968043627994,defined,0.04763677074786024,sensitivity_only
id:x%3A0x1.0000000000000p%2B3,279,4.95,4.418,4.507871379463077,1.8865968043627994,defined,-0.04763677074786024,sensitivity_only
id:x%3A0x1.0000000000000p%2B3,280,4.968,4.42952,4.339648620536924,1.8865968043627994,defined,0.04763677074786024,sensitivity_only
id:x%3A0x1.0000000000000p%2B3,281,4.986,4.44104,4.530911379463077,1.8865968043627994,defined,-0.04763677074786024,sensitivity_only
id:x%3A0x1.0000000000000p%2B3,282,5.0,4.45,4.360128620536924,1.8865968043627994,defined,0.04763677074786024,sensitivity_only
id:x%3A0x1.0000000000000p%2B3,283,5.004,4.45256,4.542431379463077,1.8865968043627994,defined,-0.04763677074786024,sensitivity_only
id:x%3A0x1.0000000000000p%2B3,284,5.022,4.46408,4.3742086205369235,1.8865968043627994,defined,0.04763677074786024,sensitivity_only
id:x%3A0x1.0000000000000p%2B3,285,5.04,4.4756,4.565471379463077,1.8865968043627994,defined,-0.04763677074786024,sensitivity_only
id:x%3A0x1.0000000000000p%2B3,286,5.058,4.48712,4.3972486205369234,1.8865968043627994,defined,0.04763677074786024,sensitivity_only
id:x%3A0x1.0000000000000p%2B3,287,5.076,4.49864,4.5885113794630765,1.8865968043627994,defined,-0.04763677074786024,sensitivity_only
id:x%3A0x1.0000000000000p%2B3,288,5.094,4.510160000000001,4.420288620536924,1.8865968043627994,defined,0.04763677074786024,sensitivity_only
id:x%3A0x1.0000000000000p%2B3,289,5.112,4.52168,4.6115513794630765,1.8865968043627994,defined,-0.04763677074786024,sensitivity_only
id:x%3A0x1.0000000000000p%2B3,290,5.13,4.5332,4.443328620536923,1.8865968043627994,defined,0.04763677074786024,sensitivity_only
id:x%3A0x1.0000000000000p%2B3,291,5.148,4.54472,4.634591379463076,1.8865968043627994,defined,-0.04763677074786024,sensitivity_only
id:x%3A0x1.0000000000000p%2B3,292,5.166,4.556240000000001,4.466368620536924,1.8865968043627994,defined,0.04763677074786024,sensitivity_only
id:x%3A0x1.0000000000000p%2B3,293,5.184,4.56776,4.657631379463076,1.8865968043627994,defined,-0.04763677074786024,sensitivity_only
id:x%3A0x1.0000000000000p%2B3,294,5.202,4.579280000000001,4.489408620536924,1.8865968043627994,defined,0.04763677074786024,sensitivity_only
id:x%3A0x1.0000000000000p%2B3,295,5.22,4.5908,4.680671379463076,1.8865968043627994,defined,-0.04763677074786024,sensitivity_only
id:x%3A0x1.0000000000000p%2B3,296,5.238,4.602320000000001,4.512448620536924,1.8865968043627994,defined,0.04763677074786024,sensitivity_only
id:x%3A0x1.0000000000000p%2B3,297,5.256,4.61384,4.703711379463076,1.8865968043627994,defined,-0.04763677074786024,sensitivity_only
id:x%3A0x1.0000000000000p%2B3,298,5.274,4.625360000000001,4.535488620536924,1.8865968043627994,defined,0.04763677074786024,sensitivity_only
id:x%3A0x1.0000000000000p%2B3,299,5.292,4.63688,4.726751379463076,1.8865968043627994,defined,-0.04763677074786024,sensitivity_only
id:x%3A0x1.0000000000000p%2B3,300,5.31,4.6484,4.558528620536923,1.8865968043627994,defined,0.04763677074786024,sensitivity_only
id:x%3A0x1.0000000000000p%2B3,301,5.328,4.65992,4.749791379463076,1.8865968043627994,defined,-0.04763677074786024,sensitivity_only
id:x%3A0x1.0000000000000p%2B3,302,5.346,4.6714400000000005,4.581568620536924,1.8865968043627994,defined,0.04763677074786024,sensitivity_only
id:x%3A0x1.0000000000000p%2B3,303,5.364,4.68296,4.772831379463076,1.8865968043627994,defined,-0.04763677074786024,sensitivity_only
id:x%3A0x1.0000000000000p%2B3,304,5.382,4.69448,4.604608620536924,1.8865968043627994,defined,0.04763677074786024,sensitivity_only
id:x%3A0x1.0000000000000p%2B3,305,5.4,4.706,4.795871379463077,1.8865968043627994,defined,-0.04763677074786024,sensitivity_only
id:x%3A0x1.0000000000000p%2B3,306,5.418,4.71752,4.627648620536924,1.8865968043627994,defined,0.04763677074786024,sensitivity_only
id:x%3A0x1.0000000000000p%2B3,307,5.436,4.7290399999999995,4.818911379463076,1.8865968043627994,defined,-0.04763677074786024,sensitivity_only
id:x%3A0x1.0000000000000p%2B3,308,5.454,4.74056,4.650688620536924,1.8865968043627994,defined,0.04763677074786024,sensitivity_only
id:x%3A0x1.0000000000000p%2B3,309,5.472,4.75208,4.841951379463077,1.8865968043627994,defined,-0.04763677074786024,sensitivity_only
id:x%3A0x1.0000000000000p%2B3,310,5.49,4.7636,4.673728620536924,1.8865968043627994,defined,0.04763677074786024,sensitivity_only
id:x%3A0x1.0000000000000p%2B3,311,5.5,4.77,4.859871379463076,1.8865968043627994,defined,-0.04763677074786024,sensitivity_only
id:x%3A0x1.0000000000000p%2B3,312,5.508,4.77512,4.65154685323827,2.594070605998847,defined,0.04763677074786024,sensitivity_only
id:x%3A0x1.0000000000000p%2B3,313,5.526,4.78664,4.9102131467617305,2.594070605998847,defined,-0.04763677074786024,sensitivity_only
id:x%3A0x1.0000000000000p%2B3,314,5.544,4.798159999999999,4.674586853238269,2.594070605998847,defined,0.04763677074786024,sensitivity_only
id:x%3A0x1.0000000000000p%2B3,315,5.562,4.80968,4.93325314676173,2.594070605998847,defined,-0.04763677074786024,sensitivity_only
id:x%3A0x1.0000000000000p%2B3,316,5.58,4.8212,4.69762685323827,2.594070605998847,defined,0.04763677074786024,sensitivity_only
id:x%3A0x1.0000000000000p%2B3,317,5.598,4.83272,4.95629314676173,2.594070605998847,defined,-0.04763677074786024,sensitivity_only
id:x%3A0x1.0000000000000p%2B3,318,5.616,4.844239999999999,4.720666853238269,2.594070605998847,defined,0.04763677074786024,sensitivity_only
id:x%3A0x1.0000000000000p%2B3,319,5.634,4.85576,4.97933314676173,2.594070605998847,defined,-0.04763677074786024,sensitivity_only
id:x%3A0x1.0000000000000p%2B3,320,5.652,4.86728,4.74370685323827,2.594070605998847,defined,0.04763677074786024,sensitivity_only
id:x%3A0x1.0000000000000p%2B3,321,5.67,4.8788,5.00237314676173,2.594070605998847,defined,-0.04763677074786024,sensitivity_only
id:x%3A0x1.0000000000000p%2B3,322,5.688,4.89032,4.76674685323827,2.594070605998847,defined,0.04763677074786024,sensitivity_only
id:x%3A0x1.0000000000000p%2B3,323,5.706,4.90184,5.02541314676173,2.594070605998847,defined,-0.04763677074786024,sensitivity_only
id:x%3A0x1.0000000000000p%2B3,324,5.724,4.913360000000001,4.789786853238271,2.594070605998847,defined,0.04763677074786024,sensitivity_only
id:x%3A0x1.0000000000000p%2B3,325,5.742,4.92488,5.04845314676173,2.594070605998847,defined,-0.04763677074786024,sensitivity_only
id:x%3A0x1.0000000000000p%2B3,326,5.76,4.9364,4.81282685323827,2.594070605998847,defined,0.04763677074786024,sensitivity_only
id:x%3A0x1.0000000000000p%2B3,327,5.778,4.94792,5.07149314676173,2.594070605998847,defined,-0.04763677074786024,sensitivity_only
id:x%3A0x1.0000000000000p%2B3,328,5.796,4.959440000000001,4.8358668532382705,2.594070605998847,defined,0.04763677074786024,sensitivity_only
id:x%3A0x1.0000000000000p%2B3,329,5.814,4.97096,5.09453314676173,2.594070605998847,defined,-0.04763677074786024,sensitivity_only
id:x%3A0x1.0000000000000p%2B3,330,5.832,4.98248,4.8589068532382695,2.594070605998847,defined,0.04763677074786024,sensitivity_only
id:x%3A0x1.0000000000000p%2B3,331,5.85,4.994,5.11757314676173,2.594070605998847,defined,-0.04763677074786024,sensitivity_only
id:x%3A0x1.0000000000000p%2B3,332,5.868,5.005520000000001,4.88194685323827,2.594070605998847,defined,0.04763677074786024,sensitivity_only
id:x%3A0x1.0000000000000p%2B3,333,5.886,5.01704,5.14061314676173,2.594070605998847,defined,-0.04763677074786024,sensitivity_only
id:x%3A0x1.0000000000000p%2B3,334,5.904,5.028560000000001,4.90498685323827,2.594070605998847,defined,0.04763677074786024,sensitivity_only
id:x%3A0x1.0000000000000p%2B3,335,5.922,5.04008,5.16365314676173,2.594070605998847,defined,-0.04763677074786024,sensitivity_only
id:x%3A0x1.0000000000000p%2B3,336,5.94,5.0516000000000005,4.92802685323827,2.594070605998847,defined,0.04763677074786024,sensitivity_only
id:x%3A0x1.0000000000000p%2B3,337,5.958,5.06312,5.18669314676173,2.594070605998847,defined,-0.04763677074786024,sensitivity_only
id:x%3A0x1.0000000000000p%2B3,338,5.976,5.0746400000000005,4.95106685323827,2.594070605998847,defined,0.04763677074786024,sensitivity_only
id:x%3A0x1.0000000000000p%2B3,339,5.994,5.08616,5.20973314676173,2.594070605998847,defined,-0.04763677074786024,sensitivity_only
id:x%3A0x1.0000000000000p%2B3,340,6.0,5.09,4.96642685323827,2.594070605998847,defined,0.04763677074786024,sensitivity_only
id:x%3A0x1.0000000000000p%2B3,341,6.012,5.09768,5.221253146761731,2.594070605998847,defined,-0.04763677074786024,sensitivity_only
id:x%3A0x1.0000000000000p%2B3,342,6.03,5.1092,4.98562685323827,2.594070605998847,defined,0.04763677074786024,sensitivity_only
id:x%3A0x1.0000000000000p%2B3,343,6.048,5.12072,5.244293146761731,2.594070605998847,defined,-0.04763677074786024,sensitivity_only
id:x%3A0x1.0000000000000p%2B3,344,6.066,5.1322399999999995,5.008666853238269,2.594070605998847,defined,0.04763677074786024,sensitivity_only
id:x%3A0x1.0000000000000p%2B3,345,6.084,5.14376,5.267333146761731,2.594070605998847,defined,-0.04763677074786024,sensitivity_only
id:x%3A0x1.0000000000000p%2B3,346,6.102,5.15528,5.03170685323827,2.594070605998847,defined,0.04763677074786024,sensitivity_only
id:x%3A0x1.0000000000000p%2B3,347,6.12,5.1668,5.2903731467617305,2.594070605998847,defined,-0.04763677074786024,sensitivity_only
id:x%3A0x1.0000000000000p%2B3,348,6.138,5.178319999999999,5.054746853238269,2.594070605998847,defined,0.04763677074786024,sensitivity_only
id:x%3A0x1.0000000000000p%2B3,349,6.156,5.18984,5.3134131467617305,2.594070605998847,defined,-0.04763677074786024,sensitivity_only
id:x%3A0x1.0000000000000p%2B3,350,6.174,5.20136,5.07778685323827,2.594070605998847,defined,0.04763677074786024,sensitivity_only
id:x%3A0x1.0000000000000p%2B3,351,6.192,5.21288,5.33645314676173,2.594070605998847,defined,-0.04763677074786024,sensitivity_only
id:x%3A0x1.0000000000000p%2B3,352,6.21,5.2244,5.10082685323827,2.594070605998847,defined,0.04763677074786024,sensitivity_only
id:x%3A0x1.0000000000000p%2B3,353,6.228,5.23592,5.35949314676173,2.594070605998847,defined,-0.04763677074786024,sensitivity_only
id:x%3A0x1.0000000000000p%2B3,354,6.246,5.247440000000001,5.123866853238271,2.594070605998847,defined,0.04763677074786024,sensitivity_only
id:x%3A0x1.0000000000000p%2B3,355,6.264,5.25896,5.38253314676173,2.594070605998847,defined,-0.04763677074786024,sensitivity_only
id:x%3A0x1.0000000000000p%2B3,356,6.282,5.27048,5.14690685323827,2.594070605998847,defined,0.04763677074786024,sensitivity_only
id:x%3A0x1.0000000000000p%2B3,357,6.3,5.282,5.40557314676173,2.594070605998847,defined,-0.04763677074786024,sensitivity_only
id:x%3A0x1.0000000000000p%2B3,358,6.318,5.29352,5.16994685323827,2.594070605998847,defined,0.04763677074786024,sensitivity_only
id:x%3A0x1.0000000000000p%2B3,359,6.336,5.30504,5.42861314676173,2.594070605998847,defined,-0.04763677074786024,sensitivity_only
id:x%3A0x1.0000000000000p%2B3,360,6.354,5.31656,5.19298685323827,2.594070605998847,defined,0.04763677074786024,sensitivity_only
id:x%3A0x1.0000000000000p%2B3,361,6.372,5.32808,5.45165314676173,2.594070605998847,defined,-0.04763677074786024,sensitivity_only
id:x%3A0x1.0000000000000p%2B3,362,6.39,5.3396,5.21602685323827,2.594070605998847,defined,0.04763677074786024,sensitivity_only
id:x%3A0x1.0000000000000p%2B3,363,6.408,5.35112,5.47469314676173,2.594070605998847,defined,-0.04763677074786024,sensitivity_only
id:x%3A0x1.0000000000000p%2B3,364,6.426,5.36264,5.23906685323827,2.594070605998847,defined,0.04763677074786024,sensitivity_only
id:x%3A0x1.0000000000000p%2B3,365,6.444,5.37416,5.49773314676173,2.594070605998847,defined,-0.04763677074786024,sensitivity_only
id:x%3A0x1.0000000000000p%2B3,366,6.462,5.38568,5.2621068532382695,2.594070605998847,defined,0.04763677074786024,sensitivity_only
id:x%3A0x1.0000000000000p%2B3,367,6.48,5.397200000000001,5.520773146761731,2.594070605998847,defined,-0.04763677074786024,sensitivity_only
id:x%3A0x1.0000000000000p%2B3,368,6.498,5.408720000000001,5.28514685323827,2.594070605998847,defined,0.04763677074786024,sensitivity_only
id:x%3A0x1.0000000000000p%2B3,369,6.516,5.42024,5.532579224328845,2.3582460054534993,defined,-0.04763677074786024,sensitivity_only
id:x%3A0x1.0000000000000p%2B3,370,6.534,5.43176,5.319420775671154,2.3582460054534993,defined,0.04763677074786024,sensitivity_only
id:x%3A0x1.0000000000000p%2B3,371,6.552,5.44328,5.555619224328845,2.3582460054534993,defined,-0.04763677074786024,sensitivity_only
id:x%3A0x1.0000000000000p%2B3,372,6.57,5.4548000000000005,5.342460775671155,2.3582460054534993,defined,0.04763677074786024,sensitivity_only
id:x%3A0x1.0000000000000p%2B3,373,6.588,5.4663200000000005,5.578659224328846,2.3582460054534993,defined,-0.04763677074786024,sensitivity_only
id:x%3A0x1.0000000000000p%2B3,374,6.606,5.47784,5.365500775671154,2.3582460054534993,defined,0.04763677074786024,sensitivity_only
id:x%3A0x1.0000000000000p%2B3,375,6.624,5.48936,5.601699224328845,2.3582460054534993,defined,-0.04763677074786024,sensitivity_only
id:x%3A0x1.0000000000000p%2B3,376,6.642,5.50088,5.388540775671155,2.3582460054534993,defined,0.04763677074786024,sensitivity_only
id:x%3A0x1.0000000000000p%2B3,377,6.66,5.5124,5.624739224328846,2.3582460054534993,defined,-0.04763677074786024,sensitivity_only
id:x%3A0x1.0000000000000p%2B3,378,6.678,5.52392,5.411580775671155,2.3582460054534993,defined,0.04763677074786024,sensitivity_only
id:x%3A0x1.0000000000000p%2B3,379,6.696,5.53544,5.647779224328846,2.3582460054534993,defined,-0.04763677074786024,sensitivity_only
id:x%3A0x1.0000000000000p%2B3,380,6.714,5.54696,5.434620775671155,2.3582460054534993,defined,0.04763677074786024,sensitivity_only
id:x%3A0x1.0000000000000p%2B3,381,6.732,5.55848,5.670819224328846,2.3582460054534993,defined,-0.04763677074786024,sensitivity_only
id:x%3A0x1.0000000000000p%2B3,382,6.75,5.57,5.457660775671155,2.3582460054534993,defined,0.04763677074786024,sensitivity_only
id:x%3A0x1.0000000000000p%2B3,383,6.768,5.58152,5.693859224328846,2.3582460054534993,defined,-0.04763677074786024,sensitivity_only
id:x%3A0x1.0000000000000p%2B3,384,6.786,5.59304,5.4807007756711545,2.3582460054534993,defined,0.04763677074786024,sensitivity_only
id:x%3A0x1.0000000000000p%2B3,385,6.804,5.60456,5.716899224328846,2.3582460054534993,defined,-0.04763677074786024,sensitivity_only
id:x%3A0x1.0000000000000p%2B3,386,6.822,5.61608,5.5037407756711545,2.3582460054534993,defined,0.04763677074786024,sensitivity_only
id:x%3A0x1.0000000000000p%2B3,387,6.84,5.6276,5.739939224328846,2.3582460054534993,defined,-0.04763677074786024,sensitivity_only
id:x%3A0x1.0000000000000p%2B3,388,6.858,5.63912,5.5267807756711544,2.3582460054534993,defined,0.04763677074786024,sensitivity_only
id:x%3A0x1.0000000000000p%2B3,389,6.876,5.65064,5.762979224328846,2.3582460054534993,defined,-0.04763677074786024,sensitivity_only
id:x%3A0x1.0000000000000p%2B3,390,6.894,5.66216,5.549820775671154,2.3582460054534993,defined,0.04763677074786024,sensitivity_only
id:x%3A0x1.0000000000000p%2B3,391,6.912,5.67368,5.786019224328846,2.3582460054534993,defined,-0.04763677074786024,sensitivity_only
id:x%3A0x1.0000000000000p%2B3,392,6.93,5.6852,5.572860775671154,2.3582460054534993,defined,0.04763677074786024,sensitivity_only
id:x%3A0x1.0000000000000p%2B3,393,6.948,5.69672,5.809059224328846,2.3582460054534993,defined,-0.04763677074786024,sensitivity_only
id:x%3A0x1.0000000000000p%2B3,394,6.966,5.70824,5.595900775671154,2.3582460054534993,defined,0.04763677074786024,sensitivity_only
id:x%3A0x1.0000000000000p%2B3,395,6.984,5.71976,5.832099224328846,2.3582460054534993,defined,-0.04763677074786024,sensitivity_only
id:x%3A0x1.0000000000000p%2B3,396,7.0,5.73,5.617660775671155,2.3582460054534993,defined,0.04763677074786024,sensitivity_only
id:x%3A0x1.0000000000000p%2B3,397,7.002,5.73128,5.843619224328846,2.3582460054534993,defined,-0.04763677074786024,sensitivity_only
id:x%3A0x1.0000000000000p%2B3,398,7.02,5.7428,5.630460775671154,2.3582460054534993,defined,0.04763677074786024,sensitivity_only
id:x%3A0x1.0000000000000p%2B3,399,7.038,5.75432,5.866659224328846,2.3582460054534993,defined,-0.04763677074786024,sensitivity_only
id:x%3A0x1.0000000000000p%2B3,400,7.056,5.76584,5.653500775671154,2.3582460054534993,defined,0.04763677074786024,sensitivity_only
id:x%3A0x1.0000000000000p%2B3,401,7.074,5.77736,5.8896992243288455,2.3582460054534993,defined,-0.04763677074786024,sensitivity_only
id:x%3A0x1.0000000000000p%2B3,402,7.092,5.78888,5.676540775671154,2.3582460054534993,defined,0.04763677074786024,sensitivity_only
id:x%3A0x1.0000000000000p%2B3,403,7.11,5.800400000000001,5.912739224328846,2.3582460054534993,defined,-0.04763677074786024,sensitivity_only
id:x%3A0x1.0000000000000p%2B3,404,7.128,5.81192,5.699580775671154,2.3582460054534993,defined,0.04763677074786024,sensitivity_only
id:x%3A0x1.0000000000000p%2B3,405,7.146,5.82344,5.935779224328845,2.3582460054534993,defined,-0.04763677074786024,sensitivity_only
id:x%3A0x1.0000000000000p%2B3,406,7.164,5.83496,5.722620775671154,2.3582460054534993,defined,0.04763677074786024,sensitivity_only
id:x%3A0x1.0000000000000p%2B3,407,7.182,5.846480000000001,5.958819224328846,2.3582460054534993,defined,-0.04763677074786024,sensitivity_only
id:x%3A0x1.0000000000000p%2B3,408,7.2,5.8580000000000005,5.745660775671155,2.3582460054534993,defined,0.04763677074786024,sensitivity_only
id:x%3A0x1.0000000000000p%2B3,409,7.218,5.8695200000000005,5.981859224328846,2.3582460054534993,defined,-0.04763677074786024,sensitivity_only
id:x%3A0x1.0000000000000p%2B3,410,7.236,5.88104,5.768700775671154,2.3582460054534993,defined,0.04763677074786024,sensitivity_only
id:x%3A0x1.0000000000000p%2B3,411,7.254,5.89256,6.004899224328845,2.3582460054534993,defined,-0.04763677074786024,sensitivity_only
id:x%3A0x1.0000000000000p%2B3,412,7.272,5.90408,5.791740775671155,2.3582460054534993,defined,0.04763677074786024,sensitivity_only
id:x%3A0x1.0000000000000p%2B3,413,7.29,5.9156,6.027939224328846,2.3582460054534993,defined,-0.04763677074786024,sensitivity_only
id:x%3A0x1.0000000000000p%2B3,414,7.308,5.92712,5.814780775671155,2.3582460054534993,defined,0.04763677074786024,sensitivity_only
id:x%3A0x1.0000000000000p%2B3,415,7.326,5.9386399999999995,6.050979224328845,2.3582460054534993,defined,-0.04763677074786024,sensitivity_only
id:x%3A0x1.0000000000000p%2B3,416,7.344,5.95016,5.837820775671155,2.3582460054534993,defined,0.04763677074786024,sensitivity_only
id:x%3A0x1.0000000000000p%2B3,417,7.362,5.96168,6.074019224328846,2.3582460054534993,defined,-0.04763677074786024,sensitivity_only
id:x%3A0x1.0000000000000p%2B3,418,7.38,5.9732,5.860860775671155,2.3582460054534993,defined,0.04763677074786024,sensitivity_only
id:x%3A0x1.0000000000000p%2B3,419,7.398,5.98472,6.097059224328846,2.3582460054534993,defined,-0.04763677074786024,sensitivity_only
id:x%3A0x1.0000000000000p%2B3,420,7.416,5.99624,5.8839007756711545,2.3582460054534993,defined,0.04763677074786024,sensitivity_only
id:x%3A0x1.0000000000000p%2B3,421,7.434,6.00776,6.120099224328846,2.3582460054534993,defined,-0.04763677074786024,sensitivity_only
id:x%3A0x1.0000000000000p%2B3,422,7.452,6.01928,5.9069407756711545,2.3582460054534993,defined,0.04763677074786024,sensitivity_only
id:x%3A0x1.0000000000000p%2B3,423,7.47,6.0308,6.143139224328846,2.3582460054534993,defined,-0.04763677074786024,sensitivity_only
id:x%3A0x1.0000000000000p%2B3,424,7.488,6.04232,5.9299807756711544,2.3582460054534993,defined,0.04763677074786024,sensitivity_only
id:x%3A0x1.0000000000000p%2B3,425,7.506,6.05384,6.166179224328846,2.358246005453502,defined,-0.04763677074786024,sensitivity_only
id:x%3A0x1.0000000000000p%2B3,426,7.524,6.06536,5.953020775671154,2.358246005453502,defined,0.04763677074786024,sensitivity_only
id:x%3A0x1.0000000000000p%2B3,427,7.542,6.07688,6.189219224328846,2.358246005453502,defined,-0.04763677074786024,sensitivity_only
id:x%3A0x1.0000000000000p%2B3,428,7.56,6.0884,5.976060775671154,2.358246005453502,defined,0.04763677074786024,sensitivity_only
id:x%3A0x1.0000000000000p%2B3,429,7.578,6.09992,6.212259224328846,2.358246005453502,defined,-0.04763677074786024,sensitivity_only
id:x%3A0x1.0000000000000p%2B3,430,7.596,6.11144,5.999100775671154,2.358246005453502,defined,0.04763677074786024,sensitivity_only
id:x%3A0x1.0000000000000p%2B3,431,7.614,6.12296,6.235299224328846,2.358246005453502,defined,-0.04763677074786024,sensitivity_only
id:x%3A0x1.0000000000000p%2B3,432,7.632,6.13448,6.022140775671154,2.358246005453502,defined,0.04763677074786024,sensitivity_only
id:x%3A0x1.0000000000000p%2B3,433,7.65,6.146,6.258339224328846,2.358246005453502,defined,-0.04763677074786024,sensitivity_only
id:x%3A0x1.0000000000000p%2B3,434,7.668,6.15752,6.045180775671154,2.358246005453502,defined,0.04763677074786024,sensitivity_only
id:x%3A0x1.0000000000000p%2B3,435,7.686,6.16904,6.2813792243288455,2.358246005453502,defined,-0.04763677074786024,sensitivity_only
id:x%3A0x1.0000000000000p%2B3,436,7.704,6.18056,6.068220775671154,2.358246005453502,defined,0.04763677074786024,sensitivity_only
id:x%3A0x1.0000000000000p%2B3,437,7.722,6.192080000000001,6.304419224328846,2.358246005453502,defined,-0.04763677074786024,sensitivity_only
id:x%3A0x1.0000000000000p%2B3,438,7.74,6.203600000000001,6.091260775671155,2.358246005453502,defined,0.04763677074786024,sensitivity_only
id:x%3A0x1.0000000000000p%2B3,439,7.758,6.21512,6.327459224328845,2.358246005453502,defined,-0.04763677074786024,sensitivity_only
id:x%3A0x1.0000000000000p%2B3,440,7.776,6.22664,6.114300775671154,2.358246005453502,defined,0.04763677074786024,sensitivity_only
id:x%3A0x1.0000000000000p%2B3,441,7.794,6.23816,6.350499224328845,2.358246005453502,defined,-0.04763677074786024,sensitivity_only
id:x%3A0x1.0000000000000p%2B3,442,7.812,6.249680000000001,6.137340775671155,2.358246005453502,defined,0.04763677074786024,sensitivity_only
id:x%3A0x1.0000000000000p%2B3,443,7.83,6.2612000000000005,6.373539224328846,2.358246005453502,defined,-0.04763677074786024,sensitivity_only
id:x%3A0x1.0000000000000p%2B3,444,7.848,6.27272,6.160380775671154,2.358246005453502,defined,0.04763677074786024,sensitivity_only
id:x%3A0x1.0000000000000p%2B3,445,7.866,6.28424,6.396579224328845,2.358246005453502,defined,-0.04763677074786024,sensitivity_only
id:x%3A0x1.0000000000000p%2B3,446,7.884,6.2957600000000005,6.183420775671155,2.358246005453502,defined,0.04763677074786024,sensitivity_only
id:x%3A0x1.0000000000000p%2B3,447,7.902,6.30728,6.419619224328846,2.358246005453502,defined,-0.04763677074786024,sensitivity_only
id:x%3A0x1.0000000000000p%2B3,448,7.92,6.3188,6.206460775671155,2.358246005453502,defined,0.04763677074786024,sensitivity_only
id:x%3A0x1.0000000000000p%2B3,449,7.938,6.3303199999999995,6.442659224328845,2.358246005453502,defined,-0.04763677074786024,sensitivity_only
id:x%3A0x1.0000000000000p%2B3,450,7.956,6.34184,6.229500775671155,2.358246005453502,defined,0.04763677074786024,sensitivity_only
id:x%3A0x1.0000000000000p%2B3,451,7.974,6.35336,6.465699224328846,2.358246005453502,defined,-0.04763677074786024,sensitivity_only
id:x%3A0x1.0000000000000p%2B3,452,7.992,6.36488,6.252540775671155,2.358246005453502,defined,0.04763677074786024,sensitivity_only
id:x%3A0x1.0000000000000p%2B3,453,8.0,6.37,6.482339224328846,2.358246005453502,defined,-0.04763677074786024,sensitivity_only
id:x%3A0x1.0000000000000p%2B3,454,8.01,6.3764,6.264060775671155,2.358246005453502,defined,0.04763677074786024,sensitivity_only
id:x%3A0x1.0000000000000p%2B3,455,8.028,6.38792,6.500259224328846,2.358246005453502,defined,-0.04763677074786024,sensitivity_only
id:x%3A0x1.0000000000000p%2B3,456,8.046,6.399439999999999,6.287100775671154,2.358246005453502,defined,0.04763677074786024,sensitivity_only
id:x%3A0x1.0000000000000p%2B3,457,8.064,6.41096,6.523299224328846,2.358246005453502,defined,-0.04763677074786024,sensitivity_only
id:x%3A0x1.0000000000000p%2B3,458,8.082,6.42248,6.3101407756711545,2.358246005453502,defined,0.04763677074786024,sensitivity_only
id:x%3A0x1.0000000000000p%2B3,459,8.1,6.434,6.546339224328846,2.358246005453502,defined,-0.04763677074786024,sensitivity_only
id:x%3A0x1.0000000000000p%2B3,460,8.118,6.44552,6.3331807756711544,2.358246005453502,defined,0.04763677074786024,sensitivity_only
id:x%3A0x1.0000000000000p%2B3,461,8.136,6.457039999999999,6.569379224328845,2.358246005453502,defined,-0.04763677074786024,sensitivity_only
id:x%3A0x1.0000000000000p%2B3,462,8.154,6.46856,6.356220775671154,2.358246005453502,defined,0.04763677074786024,sensitivity_only
id:x%3A0x1.0000000000000p%2B3,463,8.172,6.48008,6.592419224328846,2.358246005453502,defined,-0.04763677074786024,sensitivity_only
id:x%3A0x1.0000000000000p%2B3,464,8.19,6.4916,6.379260775671154,2.358246005453502,defined,0.04763677074786024,sensitivity_only
id:x%3A0x1.0000000000000p%2B3,465,8.208,6.50312,6.615459224328846,2.358246005453502,defined,-0.04763677074786024,sensitivity_only
id:x%3A0x1.0000000000000p%2B3,466,8.226,6.514640000000001,6.402300775671155,2.358246005453502,defined,0.04763677074786024,sensitivity_only
id:x%3A0x1.0000000000000p%2B3,467,8.244,6.52616,6.638499224328846,2.358246005453502,defined,-0.04763677074786024,sensitivity_only
id:x%3A0x1.0000000000000p%2B3,468,8.262,6.537680000000001,6.425340775671155,2.358246005453502,defined,0.04763677074786024,sensitivity_only
id:x%3A0x1.0000000000000p%2B3,469,8.28,6.5492,6.661539224328846,2.358246005453502,defined,-0.04763677074786024,sensitivity_only
id:x%3A0x1.0000000000000p%2B3,470,8.298,6.56072,6.448380775671154,2.358246005453502,defined,0.04763677074786024,sensitivity_only
id:x%3A0x1.0000000000000p%2B3,471,8.316,6.572240000000001,6.684579224328846,2.358246005453502,defined,-0.04763677074786024,sensitivity_only
id:x%3A0x1.0000000000000p%2B3,472,8.334,6.58376,6.471420775671154,2.358246005453502,defined,0.04763677074786024,sensitivity_only
id:x%3A0x1.0000000000000p%2B3,473,8.352,6.595280000000001,6.707619224328846,2.358246005453502,defined,-0.04763677074786024,sensitivity_only
id:x%3A0x1.0000000000000p%2B3,474,8.37,6.6068,6.494460775671154,2.358246005453502,defined,0.04763677074786024,sensitivity_only
id:x%3A0x1.0000000000000p%2B3,475,8.388,6.61832,6.7306592243288454,2.358246005453502,defined,-0.04763677074786024,sensitivity_only
id:x%3A0x1.0000000000000p%2B3,476,8.406,6.629840000000001,6.517500775671155,2.358246005453502,defined,0.04763677074786024,sensitivity_only
id:x%3A0x1.0000000000000p%2B3,477,8.424,6.64136,6.753699224328845,2.358246005453502,defined,-0.04763677074786024,sensitivity_only
id:x%3A0x1.0000000000000p%2B3,478,8.442,6.652880000000001,6.540540775671155,2.358246005453502,defined,0.04763677074786024,sensitivity_only
id:x%3A0x1.0000000000000p%2B3,479,8.46,6.6644000000000005,6.776739224328846,2.358246005453502,defined,-0.04763677074786024,sensitivity_only
id:x%3A0x1.0000000000000p%2B3,480,8.478,6.67592,6.563580775671154,2.358246005453502,defined,0.04763677074786024,sensitivity_only
id:x%3A0x1.0000000000000p%2B3,481,8.496,6.6874400000000005,6.799779224328846,2.358246005453502,defined,-0.04763677074786024,sensitivity_only
id:x%3A0x1.0000000000000p%2B3,482,8.514,6.69896,6.586620775671154,2.358246005453502,defined,0.04763677074786024,sensitivity_only
id:x%3A0x1.0000000000000p%2B3,483,8.532,6.7104800000000004,6.822819224328846,2.358246005453502,defined,-0.04763677074786024,sensitivity_only
id:x%3A0x1.0000000000000p%2B3,484,8.55,6.722,6.609660775671155,2.358246005453502,defined,0.04763677074786024,sensitivity_only
id:x%3A0x1.0000000000000p%2B3,485,8.568,6.7335199999999995,6.845859224328845,2.358246005453502,defined,-0.04763677074786024,sensitivity_only
id:x%3A0x1.0000000000000p%2B3,486,8.586,6.74504,6.632700775671155,2.358246005453502,defined,0.04763677074786024,sensitivity_only
id:x%3A0x1.0000000000000p%2B3,487,8.604,6.7565599999999995,6.868899224328845,2.358246005453502,defined,-0.04763677074786024,sensitivity_only
id:x%3A0x1.0000000000000p%2B3,488,8.622,6.76808,6.655740775671155,2.358246005453502,defined,0.04763677074786024,sensitivity_only
id:x%3A0x1.0000000000000p%2B3,489,8.64,6.7796,6.891939224328846,2.358246005453502,defined,-0.04763677074786024,sensitivity_only
id:x%3A0x1.0000000000000p%2B3,490,8.658,6.791119999999999,6.678780775671154,2.358246005453502,defined,0.04763677074786024,sensitivity_only
id:x%3A0x1.0000000000000p%2B3,491,8.676,6.80264,6.914979224328846,2.358246005453502,defined,-0.04763677074786024,sensitivity_only
id:x%3A0x1.0000000000000p%2B3,492,8.694,6.81416,6.7018207756711545,2.358246005453502,defined,0.04763677074786024,sensitivity_only
id:x%3A0x1.0000000000000p%2B3,493,8.712,6.82568,6.938019224328846,2.358246005453502,defined,-0.04763677074786024,sensitivity_only
id:x%3A0x1.0000000000000p%2B3,494,8.73,6.8372,6.7248607756711545,2.358246005453502,defined,0.04763677074786024,sensitivity_only
id:x%3A0x1.0000000000000p%2B3,495,8.748,6.848719999999999,6.961059224328845,2.358246005453502,defined,-0.04763677074786024,sensitivity_only
id:x%3A0x1.0000000000000p%2B3,496,8.766,6.86024,6.747900775671154,2.358246005453502,defined,0.04763677074786024,sensitivity_only
id:x%3A0x1.0000000000000p%2B3,497,8.784,6.871760000000001,6.984099224328847,2.358246005453502,defined,-0.04763677074786024,sensitivity_only
id:x%3A0x1.0000000000000p%2B3,498,8.802,6.88328,6.770940775671154,2.358246005453502,defined,0.04763677074786024,sensitivity_only
id:x%3A0x1.0000000000000p%2B3,499,8.82,6.8948,7.007139224328846,2.358246005453502,defined,-0.04763677074786024,sensitivity_only
id:x%3A0x1.0000000000000p%2B3,500,8.838,6.90632,6.793980775671154,2.358246005453502,defined,0.04763677074786024,sensitivity_only
id:x%3A0x1.0000000000000p%2B3,501,8.856,6.91784,7.030179224328846,2.358246005453502,defined,-0.04763677074786024,sensitivity_only
id:x%3A0x1.0000000000000p%2B3,502,8.874,6.929360000000001,6.817020775671155,2.358246005453502,defined,0.04763677074786024,sensitivity_only
id:x%3A0x1.0000000000000p%2B3,503,8.892,6.94088,7.053219224328846,2.358246005453502,defined,-0.04763677074786024,sensitivity_only
id:x%3A0x1.0000000000000p%2B3,504,8.91,6.9524,6.840060775671154,2.358246005453502,defined,0.04763677074786024,sensitivity_only
id:x%3A0x1.0000000000000p%2B3,505,8.928,6.963920000000001,7.0762592243288465,2.358246005453502,defined,-0.04763677074786024,sensitivity_only
id:x%3A0x1.0000000000000p%2B3,506,8.946,6.97544,6.863100775671154,2.358246005453502,defined,0.04763677074786024,sensitivity_only
id:x%3A0x1.0000000000000p%2B3,507,8.964,6.986960000000001,7.099299224328846,2.358246005453502,defined,-0.04763677074786024,sensitivity_only
id:x%3A0x1.0000000000000p%2B3,508,8.982,6.99848,6.886140775671154,2.358246005453502,defined,0.04763677074786024,sensitivity_only
id:x%3A0x1.0000000000000p%2B3,509,9.0,7.01,7.1223392243288455,2.358246005453502,defined,-0.04763677074786024,sensitivity_only
id:x%3A0x1.2000000000000p%2B3,0,0.0,1.25,0.9905929394001153,2.594070605998847,defined,0.1,sensitivity_only
id:x%3A0x1.2000000000000p%2B3,1,0.018,1.26152,1.3908407349832057,2.594070605998847,defined,-0.049852434503574676,sensitivity_only
id:x%3A0x1.2000000000000p%2B3,2,0.036,1.27304,1.1437192650167942,2.594070605998847,defined,0.049852434503574676,sensitivity_only
id:x%3A0x1.2000000000000p%2B3,3,0.054,1.28456,1.4138807349832057,2.594070605998847,defined,-0.049852434503574676,sensitivity_only
id:x%3A0x1.2000000000000p%2B3,4,0.072,1.29608,1.1667592650167942,2.594070605998847,defined,0.049852434503574676,sensitivity_only
id:x%3A0x1.2000000000000p%2B3,5,0.09,1.3076,1.4369207349832058,2.594070605998847,defined,-0.049852434503574676,sensitivity_only
id:x%3A0x1.2000000000000p%2B3,6,0.108,1.31912,1.1897992650167943,2.594070605998847,defined,0.049852434503574676,sensitivity_only
id:x%3A0x1.2000000000000p%2B3,7,0.126,1.33064,1.4599607349832058,2.594070605998847,defined,-0.049852434503574676,sensitivity_only
id:x%3A0x1.2000000000000p%2B3,8,0.144,1.34216,1.2128392650167943,2.594070605998847,defined,0.049852434503574676,sensitivity_only
id:x%3A0x1.2000000000000p%2B3,9,0.162,1.35368,1.4830007349832057,2.594070605998847,defined,-0.049852434503574676,sensitivity_only
id:x%3A0x1.2000000000000p%2B3,10,0.18,1.3652,1.2358792650167942,2.594070605998847,defined,0.049852434503574676,sensitivity_only
id:x%3A0x1.2000000000000p%2B3,11,0.198,1.37672,1.5060407349832057,2.594070605998847,defined,-0.049852434503574676,sensitivity_only
id:x%3A0x1.2000000000000p%2B3,12,0.216,1.38824,1.2589192650167942,2.594070605998847,defined,0.049852434503574676,sensitivity_only
id:x%3A0x1.2000000000000p%2B3,13,0.234,1.3997600000000001,1.5290807349832058,2.594070605998847,defined,-0.049852434503574676,sensitivity_only
id:x%3A0x1.2000000000000p%2B3,14,0.252,1.41128,1.2819592650167944,2.594070605998847,defined,0.049852434503574676,sensitivity_only
id:x%3A0x1.2000000000000p%2B3,15,0.27,1.4228,1.5521207349832058,2.594070605998847,defined,-0.049852434503574676,sensitivity_only
id:x%3A0x1.2000000000000p%2B3,16,0.288,1.43432,1.3049992650167943,2.594070605998847,defined,0.049852434503574676,sensitivity_only
id:x%3A0x1.2000000000000p%2B3,17,0.306,1.44584,1.5751607349832057,2.594070605998847,defined,-0.049852434503574676,sensitivity_only
id:x%3A0x1.2000000000000p%2B3,18,0.324,1.45736,1.3280392650167943,2.594070605998847,defined,0.049852434503574676,sensitivity_only
id:x%3A0x1.2000000000000p%2B3,19,0.342,1.46888,1.5982007349832057,2.594070605998847,defined,-0.049852434503574676,sensitivity_only
id:x%3A0x1.2000000000000p%2B3,20,0.36,1.4804,1.3510792650167942,2.594070605998847,defined,0.049852434503574676,sensitivity_only
id:x%3A0x1.2000000000000p%2B3,21,0.378,1.49192,1.6212407349832056,2.594070605998847,defined,-0.049852434503574676,sensitivity_only
id:x%3A0x1.2000000000000p%2B3,22,0.396,1.5034399999999999,1.3741192650167942,2.594070605998847,defined,0.049852434503574676,sensitivity_only
id:x%3A0x1.2000000000000p%2B3,23,0.414,1.5149599999999999,1.6442807349832056,2.594070605998847,defined,-0.049852434503574676,sensitivity_only
id:x%3A0x1.2000000000000p%2B3,24,0.432,1.52648,1.3971592650167943,2.594070605998847,defined,0.049852434503574676,sensitivity_only
id:x%3A0x1.2000000000000p%2B3,25,0.45,1.538,1.6673207349832058,2.594070605998847,defined,-0.049852434503574676,sensitivity_only
id:x%3A0x1.2000000000000p%2B3,26,0.468,1.54952,1.4201992650167943,2.594070605998847,defined,0.049852434503574676,sensitivity_only
id:x%3A0x1.2000000000000p%2B3,27,0.486,1.56104,1.6903607349832057,2.594070605998847,defined,-0.049852434503574676,sensitivity_only
id:x%3A0x1.2000000000000p%2B3,28,0.504,1.57256,1.4549956954698127,2.3582460054534993,defined,0.049852434503574676,sensitivity_only
id:x%3A0x1.2000000000000p%2B3,29,0.522,1.5840800000000002,1.7016443045301872,2.3582460054534993,defined,-0.049852434503574676,sensitivity_only
id:x%3A0x1.2000000000000p%2B3,30,0.54,1.5956000000000001,1.478035695469813,2.3582460054534993,defined,0.049852434503574676,sensitivity_only
id:x%3A0x1.2000000000000p%2B3,31,0.558,1.60712,1.7246843045301872,2.3582460054534993,defined,-0.049852434503574676,sensitivity_only
id:x%3A0x1.2000000000000p%2B3,32,0.576,1.61864,1.501075695469813,2.3582460054534993,defined,0.049852434503574676,sensitivity_only
id:x%3A0x1.2000000000000p%2B3,33,0.594,1.63016,1.7477243045301871,2.3582460054534993,defined,-0.049852434503574676,sensitivity_only
id:x%3A0x1.2000000000000p%2B3,34,0.612,1.64168,1.524115695469813,2.3582460054534993,defined,0.049852434503574676,sensitivity_only
id:x%3A0x1.2000000000000p%2B3,35,0.63,1.6532,1.770764304530187,2.3582460054534993,defined,-0.049852434503574676,sensitivity_only
id:x%3A0x1.2000000000000p%2B3,36,0.648,1.66472,1.547155695469813,2.3582460054534993,defined,0.049852434503574676,sensitivity_only
id:x%3A0x1.2000000000000p%2B3,37,0.666,1.67624,1.793804304530187,2.3582460054534993,defined,-0.049852434503574676,sensitivity_only
id:x%3A0x1.2000000000000p%2B3,38,0.684,1.68776,1.5701956954698129,2.3582460054534993,defined,0.049852434503574676,sensitivity_only
id:x%3A0x1.2000000000000p%2B3,39,0.702,1.69928,1.816844304530187,2.3582460054534993,defined,-0.049852434503574676,sensitivity_only
id:x%3A0x1.2000000000000p%2B3,40,0.72,1.7107999999999999,1.5932356954698128,2.3582460054534993,defined,0.049852434503574676,sensitivity_only
id:x%3A0x1.2000000000000p%2B3,41,0.738,1.72232,1.8398843045301874,2.3582460054534993,defined,-0.049852434503574676,sensitivity_only
id:x%3A0x1.2000000000000p%2B3,42,0.756,1.73384,1.6162756954698128,2.3582460054534993,defined,0.049852434503574676,sensitivity_only
id:x%3A0x1.2000000000000p%2B3,43,0.774,1.74536,1.8629243045301873,2.3582460054534993,defined,-0.049852434503574676,sensitivity_only
id:x%3A0x1.2000000000000p%2B3,44,0.792,1.75688,1.6393156954698127,2.3582460054534993,defined,0.049852434503574676,sensitivity_only
id:x%3A0x1.2000000000000p%2B3,45,0.81,1.7684000000000002,1.8859643045301873,2.3582460054534993,defined,-0.049852434503574676,sensitivity_only
id:x%3A0x1.2000000000000p%2B3,46,0.828,1.77992,1.6623556954698127,2.3582460054534993,defined,0.049852434503574676,sensitivity_only
id:x%3A0x1.2000000000000p%2B3,47,0.846,1.7914400000000001,1.9090043045301872,2.3582460054534993,defined,-0.049852434503574676,sensitivity_only
id:x%3A0x1.2000000000000p%2B3,48,0.864,1.8029600000000001,1.685395695469813,2.3582460054534993,defined,0.049852434503574676,sensitivity_only
id:x%3A0x1.2000000000000p%2B3,49,0.882,1.81448,1.9320443045301872,2.3582460054534993,defined,-0.049852434503574676,sensitivity_only
id:x%3A0x1.2000000000000p%2B3,50,0.9,1.826,1.708435695469813,2.3582460054534993,defined,0.049852434503574676,sensitivity_only
id:x%3A0x1.2000000000000p%2B3,51,0.918,1.83752,1.9550843045301871,2.3582460054534993,defined,-0.049852434503574676,sensitivity_only
id:x%3A0x1.2000000000000p%2B3,52,0.936,1.84904,1.731475695469813,2.3582460054534993,defined,0.049852434503574676,sensitivity_only
id:x%3A0x1.2000000000000p%2B3,53,0.954,1.86056,1.978124304530187,2.3582460054534993,defined,-0.049852434503574676,sensitivity_only
id:x%3A0x1.2000000000000p%2B3,54,0.972,1.87208,1.754515695469813,2.3582460054534993,defined,0.049852434503574676,sensitivity_only
id:x%3A0x1.2000000000000p%2B3,55,0.99,1.8836,2.001164304530187,2.3582460054534993,defined,-0.049852434503574676,sensitivity_only
id:x%3A0x1.2000000000000p%2B3,56,1.0,1.8900000000000001,1.772435695469813,2.3582460054534993,defined,0.049852434503574676,sensitivity_only
id:x%3A0x1.2000000000000p%2B3,57,1.008,1.89512,2.012684304530187,2.3582460054534993,defined,-0.049852434503574676,sensitivity_only
id:x%3A0x1.2000000000000p%2B3,58,1.026,1.90664,1.7890756954698128,2.3582460054534993,defined,0.049852434503574676,sensitivity_only
id:x%3A0x1.2000000000000p%2B3,59,1.044,1.91816,2.0357243045301874,2.3582460054534993,defined,-0.049852434503574676,sensitivity_only
id:x%3A0x1.2000000000000p%2B3,60,1.062,1.92968,1.8121156954698128,2.3582460054534993,defined,0.049852434503574676,sensitivity_only
id:x%3A0x1.2000000000000p%2B3,61,1.08,1.9412,2.0587643045301873,2.3582460054534993,defined,-0.049852434503574676,sensitivity_only
id:x%3A0x1.2000000000000p%2B3,62,1.098,1.9527200000000002,1.8351556954698132,2.3582460054534993,defined,0.049852434503574676,sensitivity_only
id:x%3A0x1.2000000000000p%2B3,63,1.116,1.9642400000000002,2.0818043045301873,2.3582460054534993,defined,-0.049852434503574676,sensitivity_only
id:x%3A0x1.2000000000000p%2B3,64,1.134,1.97576,1.8581956954698127,2.3582460054534993,defined,0.049852434503574676,sensitivity_only
id:x%3A0x1.2000000000000p%2B3,65,1.152,1.98728,2.1048443045301872,2.3582460054534993,defined,-0.049852434503574676,sensitivity_only
id:x%3A0x1.2000000000000p%2B3,66,1.17,1.9988000000000001,1.881235695469813,2.3582460054534993,defined,0.049852434503574676,sensitivity_only
id:x%3A0x1.2000000000000p%2B3,67,1.188,2.01032,2.127884304530187,2.3582460054534993,defined,-0.049852434503574676,sensitivity_only
id:x%3A0x1.2000000000000p%2B3,68,1.206,2.02184,1.904275695469813,2.3582460054534993,defined,0.049852434503574676,sensitivity_only
id:x%3A0x1.2000000000000p%2B3,69,1.224,2.03336,2.150924304530187,2.3582460054534993,defined,-0.049852434503574676,sensitivity_only
id:x%3A0x1.2000000000000p%2B3,70,1.242,2.04488,1.927315695469813,2.3582460054534993,defined,0.049852434503574676,sensitivity_only
id:x%3A0x1.2000000000000p%2B3,71,1.26,2.0564,2.173964304530187,2.3582460054534993,defined,-0.049852434503574676,sensitivity_only
id:x%3A0x1.2000000000000p%2B3,72,1.278,2.06792,1.950355695469813,2.3582460054534993,defined,0.049852434503574676,sensitivity_only
id:x%3A0x1.2000000000000p%2B3,73,1.296,2.07944,2.197004304530187,2.3582460054534993,defined,-0.049852434503574676,sensitivity_only
id:x%3A0x1.2000000000000p%2B3,74,1.314,2.09096,1.9733956954698129,2.3582460054534993,defined,0.049852434503574676,sensitivity_only
id:x%3A0x1.2000000000000p%2B3,75,1.332,2.10248,2.220044304530187,2.3582460054534993,defined,-0.049852434503574676,sensitivity_only
id:x%3A0x1.2000000000000p%2B3,76,1.35,2.114,1.9964356954698128,2.3582460054534993,defined,0.049852434503574676,sensitivity_only
id:x%3A0x1.2000000000000p%2B3,77,1.368,2.12552,2.243084304530187,2.3582460054534993,defined,-0.049852434503574676,sensitivity_only
id:x%3A0x1.2000000000000p%2B3,78,1.386,2.13704,2.0194756954698128,2.3582460054534993,defined,0.049852434503574676,sensitivity_only
id:x%3A0x1.2000000000000p%2B3,79,1.404,2.14856,2.266124304530187,2.3582460054534993,defined,-0.049852434503574676,sensitivity_only
id:x%3A0x1.2000000000000p%2B3,80,1.422,2.16008,2.0425156954698127,2.3582460054534993,defined,0.049852434503574676,sensitivity_only
id:x%3A0x1.2000000000000p%2B3,81,1.44,2.1715999999999998,2.289164304530187,2.3582460054534993,defined,-0.049852434503574676,sensitivity_only
id:x%3A0x1.2000000000000p%2B3,82,1.458,2.1831199999999997,2.0655556954698127,2.3582460054534993,defined,0.049852434503574676,sensitivity_only
id:x%3A0x1.2000000000000p%2B3,83,1.476,2.19464,2.312204304530187,2.3582460054534993,defined,-0.049852434503574676,sensitivity_only
id:x%3A0x1.2000000000000p%2B3,84,1.494,2.20616,2.088595695469813,2.3582460054534993,defined,0.049852434503574676,sensitivity_only
id:x%3A0x1.2000000000000p%2B3,85,1.512,2.21768,2.335244304530187,2.3582460054534997,defined,-0.049852434503574676,sensitivity_only
id:x%3A0x1.2000000000000p%2B3,86,1.53,2.2292,2.111635695469813,2.3582460054534997,defined,0.049852434503574676,sensitivity_only
id:x%3A0x1.2000000000000p%2B3,87,1.548,2.24072,2.358284304530187,2.3582460054534997,defined,-0.049852434503574676,sensitivity_only
id:x%3A0x1.2000000000000p%2B3,88,1.566,2.25224,2.134675695469813,2.3582460054534997,defined,0.049852434503574676,sensitivity_only
id:x%3A0x1.2000000000000p%2B3,89,1.584,2.26376,2.381324304530187,2.3582460054534997,defined,-0.049852434503574676,sensitivity_only
id:x%3A0x1.2000000000000p%2B3,90,1.602,2.27528,2.157715695469813,2.3582460054534997,defined,0.049852434503574676,sensitivity_only
id:x%3A0x1.2000000000000p%2B3,91,1.62,2.2868000000000004,2.4043643045301875,2.3582460054534997,defined,-0.049852434503574676,sensitivity_only
id:x%3A0x1.2000000000000p%2B3,92,1.638,2.29832,2.180755695469813,2.3582460054534997,defined,0.049852434503574676,sensitivity_only
id:x%3A0x1.2000000000000p%2B3,93,1.656,2.30984,2.427404304530187,2.3582460054534997,defined,-0.049852434503574676,sensitivity_only
id:x%3A0x1.2000000000000p%2B3,94,1.674,2.3213600000000003,2.2037956954698132,2.3582460054534997,defined,0.049852434503574676,sensitivity_only
id:x%3A0x1.2000000000000p%2B3,95,1.692,2.3328800000000003,2.4504443045301874,2.3582460054534997,defined,-0.049852434503574676,sensitivity_only
id:x%3A0x1.2000000000000p%2B3,96,1.71,2.3444000000000003,2.226835695469813,2.3582460054534997,defined,0.049852434503574676,sensitivity_only
id:x%3A0x1.2000000000000p%2B3,97,1.728,2.3559200000000002,2.4734843045301873,2.3582460054534997,defined,-0.049852434503574676,sensitivity_only
id:x%3A0x1.2000000000000p%2B3,98,1.746,2.36744,2.249875695469813,2.3582460054534997,defined,0.049852434503574676,sensitivity_only
id:x%3A0x1.2000000000000p%2B3,99,1.764,2.37896,2.4965243045301873,2.3582460054534997,defined,-0.049852434503574676,sensitivity_only
id:x%3A0x1.2000000000000p%2B3,100,1.782,2.39048,2.272915695469813,2.3582460054534997,defined,0.049852434503574676,sensitivity_only
id:x%3A0x1.2000000000000p%2B3,101,1.8,2.402,2.519564304530187,2.3582460054534997,defined,-0.049852434503574676,sensitivity_only
id:x%3A0x1.2000000000000p%2B3,102,1.818,2.41352,2.295955695469813,2.3582460054534997,defined,0.049852434503574676,sensitivity_only
id:x%3A0x1.2000000000000p%2B3,103,1.836,2.42504,2.542604304530187,2.3582460054534997,defined,-0.049852434503574676,sensitivity_only
id:x%3A0x1.2000000000000p%2B3,104,1.854,2.43656,2.318995695469813,2.3582460054534997,defined,0.049852434503574676,sensitivity_only
id:x%3A0x1.2000000000000p%2B3,105,1.872,2.44808,2.565644304530187,2.3582460054534997,defined,-0.049852434503574676,sensitivity_only
id:x%3A0x1.2000000000000p%2B3,106,1.89,2.4596,2.342035695469813,2.3582460054534997,defined,0.049852434503574676,sensitivity_only
id:x%3A0x1.2000000000000p%2B3,107,1.908,2.47112,2.588684304530187,2.3582460054534997,defined,-0.049852434503574676,sensitivity_only
id:x%3A0x1.2000000000000p%2B3,108,1.926,2.48264,2.365075695469813,2.3582460054534997,defined,0.049852434503574676,sensitivity_only
id:x%3A0x1.2000000000000p%2B3,109,1.944,2.49416,2.611724304530187,2.3582460054534997,defined,-0.049852434503574676,sensitivity_only
id:x%3A0x1.2000000000000p%2B3,110,1.962,2.50568,2.388115695469813,2.3582460054534997,defined,0.049852434503574676,sensitivity_only
id:x%3A0x1.2000000000000p%2B3,111,1.98,2.5172,2.634764304530187,2.3582460054534997,defined,-0.049852434503574676,sensitivity_only
id:x%3A0x1.2000000000000p%2B3,112,1.998,2.52872,2.411155695469813,2.3582460054534997,defined,0.049852434503574676,sensitivity_only
id:x%3A0x1.2000000000000p%2B3,113,2.0,2.5300000000000002,2.6475643045301873,2.3582460054534997,defined,-0.049852434503574676,sensitivity_only
id:x%3A0x1.2000000000000p%2B3,114,2.016,2.54024,2.4226756954698128,2.3582460054534997,defined,0.049852434503574676,sensitivity_only
id:x%3A0x1.2000000000000p%2B3,115,2.034,2.55176,2.669324304530187,2.3582460054534997,defined,-0.049852434503574676,sensitivity_only
id:x%3A0x1.2000000000000p%2B3,116,2.052,2.56328,2.4457156954698127,2.3582460054534997,defined,0.049852434503574676,sensitivity_only
id:x%3A0x1.2000000000000p%2B3,117,2.07,2.5747999999999998,2.692364304530187,2.3582460054534997,defined,-0.049852434503574676,sensitivity_only
id:x%3A0x1.2000000000000p%2B3,118,2.088,2.58632,2.468755695469813,2.3582460054534997,defined,0.049852434503574676,sensitivity_only
id:x%3A0x1.2000000000000p%2B3,119,2.106,2.5978399999999997,2.7154043045301868,2.3582460054534997,defined,-0.049852434503574676,sensitivity_only
id:x%3A0x1.2000000000000p%2B3,120,2.124,2.60936,2.491795695469813,2.3582460054534997,defined,0.049852434503574676,sensitivity_only
id:x%3A0x1.2000000000000p%2B3,121,2.142,2.6208799999999997,2.7384443045301867,2.3582460054534997,defined,-0.049852434503574676,sensitivity_only
id:x%3A0x1.2000000000000p%2B3,122,2.16,2.6324,2.514835695469813,2.3582460054534997,defined,0.049852434503574676,sensitivity_only
id:x%3A0x1.2000000000000p%2B3,123,2.178,2.64392,2.761484304530187,2.3582460054534997,defined,-0.049852434503574676,sensitivity_only
id:x%3A0x1.2000000000000p%2B3,124,2.196,2.6554400000000005,2.5378756954698134,2.3582460054534997,defined,0.049852434503574676,sensitivity_only
id:x%3A0x1.2000000000000p%2B3,125,2.214,2.66696,2.784524304530187,2.3582460054534997,defined,-0.049852434503574676,sensitivity_only
id:x%3A0x1.2000000000000p%2B3,126,2.232,2.6784800000000004,2.5609156954698133,2.3582460054534997,defined,0.049852434503574676,sensitivity_only
id:x%3A0x1.2000000000000p%2B3,127,2.25,2.69,2.807564304530187,2.3582460054534997,defined,-0.049852434503574676,sensitivity_only
id:x%3A0x1.2000000000000p%2B3,128,2.268,2.70152,2.583955695469813,2.3582460054534997,defined,0.049852434503574676,sensitivity_only
id:x%3A0x1.2000000000000p%2B3,129,2.286,2.7130400000000003,2.8306043045301874,2.3582460054534997,defined,-0.049852434503574676,sensitivity_only
id:x%3A0x1.2000000000000p%2B3,130,2.304,2.72456,2.606995695469813,2.3582460054534997,defined,0.049852434503574676,sensitivity_only
id:x%3A0x1.2000000000000p%2B3,131,2.322,2.7360800000000003,2.8536443045301874,2.3582460054534997,defined,-0.049852434503574676,sensitivity_only
id:x%3A0x1.2000000000000p%2B3,132,2.34,2.7476000000000003,2.630035695469813,2.3582460054534997,defined,0.049852434503574676,sensitivity_only
id:x%3A0x1.2000000000000p%2B3,133,2.358,2.7591200000000002,2.8766843045301873,2.3582460054534997,defined,-0.049852434503574676,sensitivity_only
id:x%3A0x1.2000000000000p%2B3,134,2.376,2.77064,2.653075695469813,2.3582460054534997,defined,0.049852434503574676,sensitivity_only
id:x%3A0x1.2000000000000p%2B3,135,2.394,2.78216,2.8997243045301873,2.3582460054534997,defined,-0.049852434503574676,sensitivity_only
id:x%3A0x1.2000000000000p%2B3,136,2.412,2.79368,2.676115695469813,2.3582460054534997,defined,0.049852434503574676,sensitivity_only
id:x%3A0x1.2000000000000p%2B3,137,2.43,2.8052,2.922764304530187,2.3582460054534997,defined,-0.049852434503574676,sensitivity_only
id:x%3A0x1.2000000000000p%2B3,138,2.448,2.81672,2.699155695469813,2.3582460054534997,defined,0.049852434503574676,sensitivity_only
id:x%3A0x1.2000000000000p%2B3,139,2.466,2.82824,2.945804304530187,2.3582460054534997,defined,-0.049852434503574676,sensitivity_only
id:x%3A0x1.2000000000000p%2B3,140,2.484,2.83976,2.722195695469813,2.3582460054534997,defined,0.049852434503574676,sensitivity_only
id:x%3A0x1.2000000000000p%2B3,141,2.502,2.85128,2.968844304530187,2.3582460054534997,defined,-0.049852434503574676,sensitivity_only
id:x%3A0x1.2000000000000p%2B3,142,2.52,2.8628,2.745235695469813,2.3582460054534997,defined,0.049852434503574676,sensitivity_only
id:x%3A0x1.2000000000000p%2B3,143,2.538,2.87432,2.991884304530187,2.3582460054534997,defined,-0.049852434503574676,sensitivity_only
id:x%3A0x1.2000000000000p%2B3,144,2.556,2.88584,2.768275695469813,2.3582460054534997,defined,0.049852434503574676,sensitivity_only
id:x%3A0x1.2000000000000p%2B3,145,2.574,2.89736,3.014924304530187,2.3582460054534997,defined,-0.049852434503574676,sensitivity_only
id:x%3A0x1.2000000000000p%2B3,146,2.592,2.90888,2.791315695469813,2.3582460054534997,defined,0.049852434503574676,sensitivity_only
id:x%3A0x1.2000000000000p%2B3,147,2.61,2.9204,3.037964304530187,2.3582460054534997,defined,-0.049852434503574676,sensitivity_only
id:x%3A0x1.2000000000000p%2B3,148,2.628,2.93192,2.814355695469813,2.3582460054534997,defined,0.049852434503574676,sensitivity_only
id:x%3A0x1.2000000000000p%2B3,149,2.646,2.94344,3.061004304530187,2.3582460054534997,defined,-0.049852434503574676,sensitivity_only
id:x%3A0x1.2000000000000p%2B3,150,2.664,2.95496,2.8373956954698127,2.3582460054534997,defined,0.049852434503574676,sensitivity_only
id:x%3A0x1.2000000000000p%2B3,151,2.682,2.96648,3.084044304530187,2.3582460054534997,defined,-0.049852434503574676,sensitivity_only
id:x%3A0x1.2000000000000p%2B3,152,2.7,2.978,2.860435695469813,2.3582460054534997,defined,0.049852434503574676,sensitivity_only
id:x%3A0x1.2000000000000p%2B3,153,2.718,2.9895199999999997,3.107084304530187,2.3582460054534997,defined,-0.049852434503574676,sensitivity_only
id:x%3A0x1.2000000000000p%2B3,154,2.736,3.00104,2.883475695469813,2.3582460054534997,defined,0.049852434503574676,sensitivity_only
id:x%3A0x1.2000000000000p%2B3,155,2.754,3.01256,3.130124304530187,2.3582460054534997,defined,-0.049852434503574676,sensitivity_only
id:x%3A0x1.2000000000000p%2B3,156,2.772,3.0240799999999997,2.9065156954698126,2.3582460054534997,defined,0.049852434503574676,sensitivity_only
id:x%3A0x1.2000000000000p%2B3,157,2.79,3.0356,3.153164304530187,2.3582460054534997,defined,-0.049852434503574676,sensitivity_only
id:x%3A0x1.2000000000000p%2B3,158,2.808,3.0471199999999996,2.9295556954698125,2.3582460054534997,defined,0.049852434503574676,sensitivity_only
id:x%3A0x1.2000000000000p%2B3,159,2.826,3.05864,3.176204304530187,2.3582460054534997,defined,-0.049852434503574676,sensitivity_only
id:x%3A0x1.2000000000000p%2B3,160,2.844,3.07016,2.952595695469813,2.3582460054534997,defined,0.049852434503574676,sensitivity_only
id:x%3A0x1.2000000000000p%2B3,161,2.862,3.0816800000000004,3.1992443045301875,2.3582460054534997,defined,-0.049852434503574676,sensitivity_only
id:x%3A0x1.2000000000000p%2B3,162,2.88,3.0932,2.975635695469813,2.3582460054534997,defined,0.049852434503574676,sensitivity_only
id:x%3A0x1.2000000000000p%2B3,163,2.898,3.1047200000000004,3.2222843045301874,2.3582460054534997,defined,-0.049852434503574676,sensitivity_only
id:x%3A0x1.2000000000000p%2B3,164,2.916,3.11624,2.998675695469813,2.3582460054534997,defined,0.049852434503574676,sensitivity_only
id:x%3A0x1.2000000000000p%2B3,165,2.934,3.1277600000000003,3.2453243045301874,2.3582460054534997,defined,-0.049852434503574676,sensitivity_only
id:x%3A0x1.2000000000000p%2B3,166,2.952,3.1392800000000003,3.0217156954698132,2.3582460054534997,defined,0.049852434503574676,sensitivity_only
id:x%3A0x1.2000000000000p%2B3,167,2.97,3.1508000000000003,3.2683643045301873,2.3582460054534997,defined,-0.049852434503574676,sensitivity_only
id:x%3A0x1.2000000000000p%2B3,168,2.988,3.1623200000000002,3.044755695469813,2.3582460054534997,defined,0.049852434503574676,sensitivity_only
id:x%3A0x1.2000000000000p%2B3,169,3.0,3.17,3.287564304530187,2.3582460054534997,defined,-0.049852434503574676,sensitivity_only
id:x%3A0x1.2000000000000p%2B3,170,3.006,3.17384,3.056275695469813,2.3582460054534997,defined,0.049852434503574676,sensitivity_only
id:x%3A0x1.2000000000000p%2B3,171,3.024,3.18536,3.3029243045301873,2.3582460054534997,defined,-0.049852434503574676,sensitivity_only
id:x%3A0x1.2000000000000p%2B3,172,3.042,3.19688,3.079315695469813,2.3582460054534997,defined,0.049852434503574676,sensitivity_only
id:x%3A0x1.2000000000000p%2B3,173,3.06,3.2084,3.325964304530187,2.3582460054534997,defined,-0.049852434503574676,sensitivity_only
id:x%3A0x1.2000000000000p%2B3,174,3.078,3.21992,3.102355695469813,2.3582460054534997,defined,0.049852434503574676,sensitivity_only
id:x%3A0x1.2000000000000p%2B3,175,3.096,3.23144,3.349004304530187,2.3582460054534997,defined,-0.049852434503574676,sensitivity_only
id:x%3A0x1.2000000000000p%2B3,176,3.114,3.24296,3.125395695469813,2.3582460054534997,defined,0.049852434503574676,sensitivity_only
id:x%3A0x1.2000000000000p%2B3,177,3.132,3.25448,3.372044304530187,2.3582460054534997,defined,-0.049852434503574676,sensitivity_only
id:x%3A0x1.2000000000000p%2B3,178,3.15,3.266,3.148435695469813,2.3582460054534997,defined,0.049852434503574676,sensitivity_only
id:x%3A0x1.2000000000000p%2B3,179,3.168,3.27752,3.395084304530187,2.3582460054534997,defined,-0.049852434503574676,sensitivity_only
id:x%3A0x1.2000000000000p%2B3,180,3.186,3.28904,3.171475695469813,2.3582460054534997,defined,0.049852434503574676,sensitivity_only
id:x%3A0x1.2000000000000p%2B3,181,3.204,3.30056,3.418124304530187,2.3582460054534997,defined,-0.049852434503574676,sensitivity_only
id:x%3A0x1.2000000000000p%2B3,182,3.222,3.31208,3.194515695469813,2.3582460054534997,defined,0.049852434503574676,sensitivity_only
id:x%3A0x1.2000000000000p%2B3,183,3.24,3.3236000000000003,3.4411643045301874,2.3582460054534997,defined,-0.049852434503574676,sensitivity_only
id:x%3A0x1.2000000000000p%2B3,184,3.258,3.33512,3.217555695469813,2.3582460054534997,defined,0.049852434503574676,sensitivity_only
id:x%3A0x1.2000000000000p%2B3,185,3.276,3.34664,3.464204304530187,2.3582460054534997,defined,-0.049852434503574676,sensitivity_only
id:x%3A0x1.2000000000000p%2B3,186,3.294,3.3581600000000003,3.240595695469813,2.3582460054534997,defined,0.049852434503574676,sensitivity_only
id:x%3A0x1.2000000000000p%2B3,187,3.312,3.36968,3.487244304530187,2.3582460054534997,defined,-0.049852434503574676,sensitivity_only
id:x%3A0x1.2000000000000p%2B3,188,3.33,3.3812,3.263635695469813,2.3582460054534997,defined,0.049852434503574676,sensitivity_only
id:x%3A0x1.2000000000000p%2B3,189,3.348,3.39272,3.5102843045301872,2.3582460054534997,defined,-0.049852434503574676,sensitivity_only
id:x%3A0x1.2000000000000p%2B3,190,3.366,3.40424,3.286675695469813,2.3582460054534997,defined,0.049852434503574676,sensitivity_only
id:x%3A0x1.2000000000000p%2B3,191,3.384,3.41576,3.533324304530187,2.3582460054534997,defined,-0.049852434503574676,sensitivity_only
id:x%3A0x1.2000000000000p%2B3,192,3.402,3.42728,3.309715695469813,2.3582460054534997,defined,0.049852434503574676,sensitivity_only
id:x%3A0x1.2000000000000p%2B3,193,3.42,3.4388,3.556364304530187,2.3582460054534997,defined,-0.049852434503574676,sensitivity_only
id:x%3A0x1.2000000000000p%2B3,194,3.438,3.45032,3.332755695469813,2.3582460054534997,defined,0.049852434503574676,sensitivity_only
id:x%3A0x1.2000000000000p%2B3,195,3.456,3.46184,3.579404304530187,2.3582460054534997,defined,-0.049852434503574676,sensitivity_only
id:x%3A0x1.2000000000000p%2B3,196,3.474,3.47336,3.355795695469813,2.3582460054534997,defined,0.049852434503574676,sensitivity_only
id:x%3A0x1.2000000000000p%2B3,197,3.492,3.48488,3.602444304530187,2.3582460054534997,defined,-0.049852434503574676,sensitivity_only
id:x%3A0x1.2000000000000p%2B3,198,3.51,3.4964,3.3788356954698124,2.358246005453502,defined,0.049852434503574676,sensitivity_only
id:x%3A0x1.2000000000000p%2B3,199,3.528,3.50792,3.6254843045301874,2.358246005453502,defined,-0.049852434503574676,sensitivity_only
id:x%3A0x1.2000000000000p%2B3,200,3.546,3.51944,3.4018756954698124,2.358246005453502,defined,0.049852434503574676,sensitivity_only
id:x%3A0x1.2000000000000p%2B3,201,3.564,3.53096,3.6485243045301874,2.358246005453502,defined,-0.049852434503574676,sensitivity_only
id:x%3A0x1.2000000000000p%2B3,202,3.582,3.54248,3.4249156954698123,2.358246005453502,defined,0.049852434503574676,sensitivity_only
id:x%3A0x1.2000000000000p%2B3,203,3.6,3.5540000000000003,3.671564304530188,2.358246005453502,defined,-0.049852434503574676,sensitivity_only
id:x%3A0x1.2000000000000p%2B3,204,3.618,3.56552,3.4479556954698123,2.358246005453502,defined,0.049852434503574676,sensitivity_only
id:x%3A0x1.2000000000000p%2B3,205,3.636,3.57704,3.6946043045301877,2.358246005453502,defined,-0.049852434503574676,sensitivity_only
id:x%3A0x1.2000000000000p%2B3,206,3.654,3.58856,3.4709956954698127,2.358246005453502,defined,0.049852434503574676,sensitivity_only
id:x%3A0x1.2000000000000p%2B3,207,3.672,3.60008,3.7176443045301877,2.358246005453502,defined,-0.049852434503574676,sensitivity_only
id:x%3A0x1.2000000000000p%2B3,208,3.69,3.6116,3.4940356954698126,2.358246005453502,defined,0.049852434503574676,sensitivity_only
id:x%3A0x1.2000000000000p%2B3,209,3.708,3.62312,3.7406843045301876,2.358246005453502,defined,-0.049852434503574676,sensitivity_only
id:x%3A0x1.2000000000000p%2B3,210,3.726,3.63464,3.5170756954698126,2.358246005453502,defined,0.049852434503574676,sensitivity_only
id:x%3A0x1.2000000000000p%2B3,211,3.744,3.64616,3.7637243045301876,2.358246005453502,defined,-0.049852434503574676,sensitivity_only
id:x%3A0x1.2000000000000p%2B3,212,3.762,3.65768,3.5401156954698125,2.358246005453502,defined,0.049852434503574676,sensitivity_only
id:x%3A0x1.2000000000000p%2B3,213,3.78,3.6692,3.7867643045301875,2.358246005453502,defined,-0.049852434503574676,sensitivity_only
id:x%3A0x1.2000000000000p%2B3,214,3.798,3.68072,3.5631556954698125,2.358246005453502,defined,0.049852434503574676,sensitivity_only
id:x%3A0x1.2000000000000p%2B3,215,3.816,3.69224,3.8098043045301875,2.358246005453502,defined,-0.049852434503574676,sensitivity_only
id:x%3A0x1.2000000000000p%2B3,216,3.834,3.70376,3.5861956954698124,2.358246005453502,defined,0.049852434503574676,sensitivity_only
id:x%3A0x1.2000000000000p%2B3,217,3.852,3.71528,3.8328443045301874,2.358246005453502,defined,-0.049852434503574676,sensitivity_only
id:x%3A0x1.2000000000000p%2B3,218,3.87,3.7268000000000003,3.609235695469813,2.358246005453502,defined,0.049852434503574676,sensitivity_only
id:x%3A0x1.2000000000000p%2B3,219,3.888,3.73832,3.8558843045301874,2.358246005453502,defined,-0.049852434503574676,sensitivity_only
id:x%3A0x1.2000000000000p%2B3,220,3.906,3.7498400000000003,3.6322756954698128,2.358246005453502,defined,0.049852434503574676,sensitivity_only
id:x%3A0x1.2000000000000p%2B3,221,3.924,3.76136,3.8789243045301873,2.358246005453502,defined,-0.049852434503574676,sensitivity_only
id:x%3A0x1.2000000000000p%2B3,222,3.942,3.7728800000000002,3.6553156954698127,2.358246005453502,defined,0.049852434503574676,sensitivity_only
id:x%3A0x1.2000000000000p%2B3,223,3.96,3.7844,3.9019643045301877,2.358246005453502,defined,-0.049852434503574676,sensitivity_only
id:x%3A0x1.2000000000000p%2B3,224,3.978,3.79592,3.6783556954698127,2.358246005453502,defined,0.049852434503574676,sensitivity_only
id:x%3A0x1.2000000000000p%2B3,225,3.996,3.80744,3.9250043045301877,2.358246005453502,defined,-0.049852434503574676,sensitivity_only
id:x%3A0x1.2000000000000p%2B3,226,4.0,3.81,3.6924356954698125,2.358246005453502,defined,0.049852434503574676,sensitivity_only
id:x%3A0x1.2000000000000p%2B3,227,4.014,3.81896,3.9365243045301876,2.358246005453502,defined,-0.049852434503574676,sensitivity_only
id:x%3A0x1.2000000000000p%2B3,228,4.032,3.83048,3.7129156954698126,2.358246005453502,defined,0.049852434503574676,sensitivity_only
id:x%3A0x1.2000000000000p%2B3,229,4.05,3.842,3.9595643045301876,2.358246005453502,defined,-0.049852434503574676,sensitivity_only
id:x%3A0x1.2000000000000p%2B3,230,4.068,3.8535199999999996,3.735955695469812,2.358246005453502,defined,0.049852434503574676,sensitivity_only
id:x%3A0x1.2000000000000p%2B3,231,4.086,3.86504,3.9826043045301875,2.358246005453502,defined,-0.049852434503574676,sensitivity_only
id:x%3A0x1.2000000000000p%2B3,232,4.104,3.87656,3.7589956954698125,2.358246005453502,defined,0.049852434503574676,sensitivity_only
id:x%3A0x1.2000000000000p%2B3,233,4.122,3.88808,4.005644304530187,2.358246005453502,defined,-0.049852434503574676,sensitivity_only
id:x%3A0x1.2000000000000p%2B3,234,4.14,3.8996,3.7820356954698124,2.358246005453502,defined,0.049852434503574676,sensitivity_only
id:x%3A0x1.2000000000000p%2B3,235,4.158,3.9111200000000004,4.028684304530188,2.358246005453502,defined,-0.049852434503574676,sensitivity_only
id:x%3A0x1.2000000000000p%2B3,236,4.176,3.9226400000000003,3.805075695469813,2.358246005453502,defined,0.049852434503574676,sensitivity_only
id:x%3A0x1.2000000000000p%2B3,237,4.194,3.93416,4.051724304530187,2.358246005453502,defined,-0.049852434503574676,sensitivity_only
id:x%3A0x1.2000000000000p%2B3,238,4.212,3.94568,3.8281156954698123,2.358246005453502,defined,0.049852434503574676,sensitivity_only
id:x%3A0x1.2000000000000p%2B3,239,4.23,3.9572000000000003,4.074764304530188,2.358246005453502,defined,-0.049852434503574676,sensitivity_only
id:x%3A0x1.2000000000000p%2B3,240,4.248,3.9687200000000002,3.8511556954698127,2.358246005453502,defined,0.049852434503574676,sensitivity_only
id:x%3A0x1.2000000000000p%2B3,241,4.266,3.9802400000000002,4.097804304530188,2.358246005453502,defined,-0.049852434503574676,sensitivity_only
id:x%3A0x1.2000000000000p%2B3,242,4.284,3.9917599999999998,3.8741956954698122,2.358246005453502,defined,0.049852434503574676,sensitivity_only
id:x%3A0x1.2000000000000p%2B3,243,4.302,4.00328,4.120844304530188,2.358246005453502,defined,-0.049852434503574676,sensitivity_only
id:x%3A0x1.2000000000000p%2B3,244,4.32,4.0148,3.8972356954698126,2.358246005453502,defined,0.049852434503574676,sensitivity_only
id:x%3A0x1.2000000000000p%2B3,245,4.338,4.02632,4.143884304530188,2.358246005453502,defined,-0.049852434503574676,sensitivity_only
id:x%3A0x1.2000000000000p%2B3,246,4.356,4.03784,3.9202756954698126,2.358246005453502,defined,0.049852434503574676,sensitivity_only
id:x%3A0x1.2000000000000p%2B3,247,4.374,4.04936,4.166924304530188,2.358246005453502,defined,-0.049852434503574676,sensitivity_only
id:x%3A0x1.2000000000000p%2B3,248,4.392,4.060880000000001,3.9433156954698134,2.358246005453502,defined,0.049852434503574676,sensitivity_only
id:x%3A0x1.2000000000000p%2B3,249,4.41,4.0724,4.1899643045301875,2.358246005453502,defined,-0.049852434503574676,sensitivity_only
id:x%3A0x1.2000000000000p%2B3,250,4.428,4.08392,3.9663556954698125,2.358246005453502,defined,0.049852434503574676,sensitivity_only
id:x%3A0x1.2000000000000p%2B3,251,4.446,4.09544,4.2130043045301875,2.358246005453502,defined,-0.049852434503574676,sensitivity_only
id:x%3A0x1.2000000000000p%2B3,252,4.464,4.106960000000001,3.9893956954698133,2.358246005453502,defined,0.049852434503574676,sensitivity_only
id:x%3A0x1.2000000000000p%2B3,253,4.482,4.11848,4.236044304530187,2.358246005453502,defined,-0.049852434503574676,sensitivity_only
id:x%3A0x1.2000000000000p%2B3,254,4.5,4.13,4.012435695469812,2.358246005453502,defined,0.049852434503574676,sensitivity_only
id:x%3A0x1.2000000000000p%2B3,255,4.518,4.14152,4.235571443624149,1.8865968043627994,defined,-0.049852434503574676,sensitivity_only
id:x%3A0x1.2000000000000p%2B3,256,4.536,4.15304,4.05898855637585,1.8865968043627994,defined,0.049852434503574676,sensitivity_only
id:x%3A0x1.2000000000000p%2B3,257,4.554,4.16456,4.258611443624149,1.8865968043627994,defined,-0.049852434503574676,sensitivity_only
id:x%3A0x1.2000000000000p%2B3,258,4.572,4.176080000000001,4.082028556375851,1.8865968043627994,defined,0.049852434503574676,sensitivity_only
id:x%3A0x1.2000000000000p%2B3,259,4.59,4.1876,4.281651443624149,1.8865968043627994,defined,-0.049852434503574676,sensitivity_only
id:x%3A0x1.2000000000000p%2B3,260,4.608,4.19912,4.1050685563758496,1.8865968043627994,defined,0.049852434503574676,sensitivity_only
id:x%3A0x1.2000000000000p%2B3,261,4.626,4.21064,4.304691443624149,1.8865968043627994,defined,-0.049852434503574676,sensitivity_only
id:x%3A0x1.2000000000000p%2B3,262,4.644,4.222160000000001,4.128108556375851,1.8865968043627994,defined,0.049852434503574676,sensitivity_only
id:x%3A0x1.2000000000000p%2B3,263,4.662,4.23368,4.327731443624149,1.8865968043627994,defined,-0.049852434503574676,sensitivity_only
id:x%3A0x1.2000000000000p%2B3,264,4.68,4.2452000000000005,4.151148556375851,1.8865968043627994,defined,0.049852434503574676,sensitivity_only
id:x%3A0x1.2000000000000p%2B3,265,4.698,4.2567200000000005,4.350771443624151,1.8865968043627994,defined,-0.049852434503574676,sensitivity_only
id:x%3A0x1.2000000000000p%2B3,266,4.716,4.2682400000000005,4.174188556375851,1.8865968043627994,defined,0.049852434503574676,sensitivity_only
id:x%3A0x1.2000000000000p%2B3,267,4.734,4.27976,4.373811443624149,1.8865968043627994,defined,-0.049852434503574676,sensitivity_only
id:x%3A0x1.2000000000000p%2B3,268,4.752,4.29128,4.197228556375851,1.8865968043627994,defined,0.049852434503574676,sensitivity_only
id:x%3A0x1.2000000000000p%2B3,269,4.77,4.3027999999999995,4.396851443624149,1.8865968043627994,defined,-0.049852434503574676,sensitivity_only
id:x%3A0x1.2000000000000p%2B3,270,4.788,4.31432,4.220268556375851,1.8865968043627994,defined,0.049852434503574676,sensitivity_only
id:x%3A0x1.2000000000000p%2B3,271,4.806,4.3258399999999995,4.419891443624149,1.8865968043627994,defined,-0.049852434503574676,sensitivity_only
id:x%3A0x1.2000000000000p%2B3,272,4.824,4.33736,4.243308556375851,1.8865968043627994,defined,0.049852434503574676,sensitivity_only
id:x%3A0x1.2000000000000p%2B3,273,4.842,4.348879999999999,4.442931443624149,1.8865968043627994,defined,-0.049852434503574676,sensitivity_only
id:x%3A0x1.2000000000000p%2B3,274,4.86,4.3604,4.266348556375851,1.8865968043627994,defined,0.049852434503574676,sensitivity_only
id:x%3A0x1.2000000000000p%2B3,275,4.878,4.37192,4.46597144362415,1.8865968043627994,defined,-0.049852434503574676,sensitivity_only
id:x%3A0x1.2000000000000p%2B3,276,4.896,4.38344,4.289388556375851,1.8865968043627994,defined,0.049852434503574676,sensitivity_only
id:x%3A0x1.2000000000000p%2B3,277,4.914,4.394959999999999,4.489011443624149,1.8865968043627994,defined,-0.049852434503574676,sensitivity_only
id:x%3A0x1.2000000000000p%2B3,278,4.932,4.40648,4.312428556375851,1.8865968043627994,defined,0.049852434503574676,sensitivity_only
id:x%3A0x1.2000000000000p%2B3,279,4.95,4.418,4.51205144362415,1.8865968043627994,defined,-0.049852434503574676,sensitivity_only
id:x%3A0x1.2000000000000p%2B3,280,4.968,4.42952,4.335468556375851,1.8865968043627994,defined,0.049852434503574676,sensitivity_only
id:x%3A0x1.2000000000000p%2B3,281,4.986,4.44104,4.53509144362415,1.8865968043627994,defined,-0.049852434503574676,sensitivity_only
id:x%3A0x1.2000000000000p%2B3,282,5.0,4.45,4.35594855637585,1.8865968043627994,defined,0.049852434503574676,sensitivity_only
id:x%3A0x1.2000000000000p%2B3,283,5.004,4.45256,4.546611443624149,1.8865968043627994,defined,-0.049852434503574676,sensitivity_only
id:x%3A0x1.2000000000000p%2B3,284,5.022,4.46408,4.37002855637585,1.8865968043627994,defined,0.049852434503574676,sensitivity_only
id:x%3A0x1.2000000000000p%2B3,285,5.04,4.4756,4.569651443624149,1.8865968043627994,defined,-0.049852434503574676,sensitivity_only
id:x%3A0x1.2000000000000p%2B3,286,5.058,4.48712,4.39306855637585,1.8865968043627994,defined,0.049852434503574676,sensitivity_only
id:x%3A0x1.2000000000000p%2B3,287,5.076,4.49864,4.592691443624149,1.8865968043627994,defined,-0.049852434503574676,sensitivity_only
id:x%3A0x1.2000000000000p%2B3,288,5.094,4.510160000000001,4.4161085563758515,1.8865968043627994,defined,0.049852434503574676,sensitivity_only
id:x%3A0x1.2000000000000p%2B3,289,5.112,4.52168,4.615731443624149,1.8865968043627994,defined,-0.049852434503574676,sensitivity_only
id:x%3A0x1.2000000000000p%2B3,290,5.13,4.5332,4.43914855637585,1.8865968043627994,defined,0.049852434503574676,sensitivity_only
id:x%3A0x1.2000000000000p%2B3,291,5.148,4.54472,4.638771443624149,1.8865968043627994,defined,-0.049852434503574676,sensitivity_only
id:x%3A0x1.2000000000000p%2B3,292,5.166,4.556240000000001,4.462188556375851,1.8865968043627994,defined,0.049852434503574676,sensitivity_only
id:x%3A0x1.2000000000000p%2B3,293,5.184,4.56776,4.661811443624149,1.8865968043627994,defined,-0.049852434503574676,sensitivity_only
id:x%3A0x1.2000000000000p%2B3,294,5.202,4.579280000000001,4.485228556375851,1.8865968043627994,defined,0.049852434503574676,sensitivity_only
id:x%3A0x1.2000000000000p%2B3,295,5.22,4.5908,4.684851443624149,1.8865968043627994,defined,-0.049852434503574676,sensitivity_only
id:x%3A0x1.2000000000000p%2B3,296,5.238,4.602320000000001,4.508268556375851,1.8865968043627994,defined,0.049852434503574676,sensitivity_only
id:x%3A0x1.2000000000000p%2B3,297,5.256,4.61384,4.707891443624149,1.8865968043627994,defined,-0.049852434503574676,sensitivity_only
id:x%3A0x1.2000000000000p%2B3,298,5.274,4.625360000000001,4.531308556375851,1.8865968043627994,defined,0.049852434503574676,sensitivity_only
id:x%3A0x1.2000000000000p%2B3,299,5.292,4.63688,4.730931443624149,1.8865968043627994,defined,-0.049852434503574676,sensitivity_only
id:x%3A0x1.2000000000000p%2B3,300,5.31,4.6484,4.5543485563758495,1.8865968043627994,defined,0.049852434503574676,sensitivity_only
id:x%3A0x1.2000000000000p%2B3,301,5.328,4.65992,4.753971443624149,1.8865968043627994,defined,-0.049852434503574676,sensitivity_only
id:x%3A0x1.2000000000000p%2B3,302,5.346,4.6714400000000005,4.577388556375851,1.8865968043627994,defined,0.049852434503574676,sensitivity_only
id:x%3A0x1.2000000000000p%2B3,303,5.364,4.68296,4.777011443624149,1.8865968043627994,defined,-0.049852434503574676,sensitivity_only
id:x%3A0x1.2000000000000p%2B3,304,5.382,4.69448,4.600428556375851,1.8865968043627994,defined,0.049852434503574676,sensitivity_only
id:x%3A0x1.2000000000000p%2B3,305,5.4,4.706,4.800051443624151,1.8865968043627994,defined,-0.049852434503574676,sensitivity_only
id:x%3A0x1.2000000000000p%2B3,306,5.418,4.71752,4.623468556375851,1.8865968043627994,defined,0.049852434503574676,sensitivity_only
id:x%3A0x1.2000000000000p%2B3,307,5.436,4.7290399999999995,4.823091443624149,1.8865968043627994,defined,-0.049852434503574676,sensitivity_only
id:x%3A0x1.2000000000000p%2B3,308,5.454,4.74056,4.646508556375851,1.8865968043627994,defined,0.049852434503574676,sensitivity_only
id:x%3A0x1.2000000000000p%2B3,309,5.472,4.75208,4.8461314436241505,1.8865968043627994,defined,-0.049852434503574676,sensitivity_only
id:x%3A0x1.2000000000000p%2B3,310,5.49,4.7636,4.669548556375851,1.8865968043627994,defined,0.049852434503574676,sensitivity_only
id:x%3A0x1.2000000000000p%2B3,311,5.5,4.77,4.864051443624149,1.8865968043627994,defined,-0.049852434503574676,sensitivity_only
id:x%3A0x1.2000000000000p%2B3,312,5.508,4.77512,4.6457992650167945,2.594070605998847,defined,0.049852434503574676,sensitivity_only
id:x%3A0x1.2000000000000p%2B3,313,5.526,4.78664,4.915960734983206,2.594070605998847,defined,-0.049852434503574676,sensitivity_only
id:x%3A0x1.2000000000000p%2B3,314,5.544,4.798159999999999,4.668839265016794,2.594070605998847,defined,0.049852434503574676,sensitivity_only
id:x%3A0x1.2000000000000p%2B3,315,5.562,4.80968,4.939000734983206,2.594070605998847,defined,-0.049852434503574676,sensitivity_only
id:x%3A0x1.2000000000000p%2B3,316,5.58,4.8212,4.691879265016794,2.594070605998847,defined,0.049852434503574676,sensitivity_only
id:x%3A0x1.2000000000000p%2B3,317,5.598,4.83272,4.962040734983206,2.594070605998847,defined,-0.049852434503574676,sensitivity_only
id:x%3A0x1.2000000000000p%2B3,318,5.616,4.844239999999999,4.7149192650167935,2.594070605998847,defined,0.049852434503574676,sensitivity_only
id:x%3A0x1.2000000000000p%2B3,319,5.634,4.85576,4.985080734983206,2.594070605998847,defined,-0.049852434503574676,sensitivity_only
id:x%3A0x1.2000000000000p%2B3,320,5.652,4.86728,4.737959265016794,2.594070605998847,defined,0.049852434503574676,sensitivity_only
id:x%3A0x1.2000000000000p%2B3,321,5.67,4.8788,5.008120734983206,2.594070605998847,defined,-0.049852434503574676,sensitivity_only
id:x%3A0x1.2000000000000p%2B3,322,5.688,4.89032,4.760999265016794,2.594070605998847,defined,0.049852434503574676,sensitivity_only
id:x%3A0x1.2000000000000p%2B3,323,5.706,4.90184,5.031160734983206,2.594070605998847,defined,-0.049852434503574676,sensitivity_only
id:x%3A0x1.2000000000000p%2B3,324,5.724,4.913360000000001,4.784039265016795,2.594070605998847,defined,0.049852434503574676,sensitivity_only
id:x%3A0x1.2000000000000p%2B3,325,5.742,4.92488,5.054200734983206,2.594070605998847,defined,-0.049852434503574676,sensitivity_only
id:x%3A0x1.2000000000000p%2B3,326,5.76,4.9364,4.807079265016794,2.594070605998847,defined,0.049852434503574676,sensitivity_only
id:x%3A0x1.2000000000000p%2B3,327,5.778,4.94792,5.077240734983206,2.594070605998847,defined,-0.049852434503574676,sensitivity_only
id:x%3A0x1.2000000000000p%2B3,328,5.796,4.959440000000001,4.830119265016795,2.594070605998847,defined,0.049852434503574676,sensitivity_only
id:x%3A0x1.2000000000000p%2B3,329,5.814,4.97096,5.1002807349832056,2.594070605998847,defined,-0.049852434503574676,sensitivity_only
id:x%3A0x1.2000000000000p%2B3,330,5.832,4.98248,4.853159265016794,2.594070605998847,defined,0.049852434503574676,sensitivity_only
id:x%3A0x1.2000000000000p%2B3,331,5.85,4.994,5.1233207349832055,2.594070605998847,defined,-0.049852434503574676,sensitivity_only
id:x%3A0x1.2000000000000p%2B3,332,5.868,5.005520000000001,4.876199265016795,2.594070605998847,defined,0.049852434503574676,sensitivity_only
id:x%3A0x1.2000000000000p%2B3,333,5.886,5.01704,5.1463607349832055,2.594070605998847,defined,-0.049852434503574676,sensitivity_only
id:x%3A0x1.2000000000000p%2B3,334,5.904,5.028560000000001,4.899239265016795,2.594070605998847,defined,0.049852434503574676,sensitivity_only
id:x%3A0x1.2000000000000p%2B3,335,5.922,5.04008,5.169400734983205,2.594070605998847,defined,-0.049852434503574676,sensitivity_only
id:x%3A0x1.2000000000000p%2B3,336,5.94,5.0516000000000005,4.922279265016795,2.594070605998847,defined,0.049852434503574676,sensitivity_only
id:x%3A0x1.2000000000000p%2B3,337,5.958,5.06312,5.192440734983205,2.594070605998847,defined,-0.049852434503574676,sensitivity_only
id:x%3A0x1.2000000000000p%2B3,338,5.976,5.0746400000000005,4.945319265016795,2.594070605998847,defined,0.049852434503574676,sensitivity_only
id:x%3A0x1.2000000000000p%2B3,339,5.994,5.08616,5.215480734983205,2.594070605998847,defined,-0.049852434503574676,sensitivity_only
id:x%3A0x1.2000000000000p%2B3,340,6.0,5.09,4.960679265016794,2.594070605998847,defined,0.049852434503574676,sensitivity_only
id:x%3A0x1.2000000000000p%2B3,341,6.012,5.09768,5.227000734983206,2.594070605998847,defined,-0.049852434503574676,sensitivity_only
id:x%3A0x1.2000000000000p%2B3,342,6.03,5.1092,4.979879265016795,2.594070605998847,defined,0.049852434503574676,sensitivity_only
id:x%3A0x1.2000000000000p%2B3,343,6.048,5.12072,5.250040734983206,2.594070605998847,defined,-0.049852434503574676,sensitivity_only
id:x%3A0x1.2000000000000p%2B3,344,6.066,5.1322399999999995,5.002919265016794,2.594070605998847,defined,0.049852434503574676,sensitivity_only
id:x%3A0x1.2000000000000p%2B3,345,6.084,5.14376,5.273080734983206,2.594070605998847,defined,-0.049852434503574676,sensitivity_only
id:x%3A0x1.2000000000000p%2B3,346,6.102,5.15528,5.025959265016795,2.594070605998847,defined,0.049852434503574676,sensitivity_only
id:x%3A0x1.2000000000000p%2B3,347,6.12,5.1668,5.296120734983206,2.594070605998847,defined,-0.049852434503574676,sensitivity_only
id:x%3A0x1.2000000000000p%2B3,348,6.138,5.178319999999999,5.048999265016794,2.594070605998847,defined,0.049852434503574676,sensitivity_only
id:x%3A0x1.2000000000000p%2B3,349,6.156,5.18984,5.319160734983206,2.594070605998847,defined,-0.049852434503574676,sensitivity_only
id:x%3A0x1.2000000000000p%2B3,350,6.174,5.20136,5.0720392650167945,2.594070605998847,defined,0.049852434503574676,sensitivity_only
id:x%3A0x1.2000000000000p%2B3,351,6.192,5.21288,5.342200734983206,2.594070605998847,defined,-0.049852434503574676,sensitivity_only
id:x%3A0x1.2000000000000p%2B3,352,6.21,5.2244,5.095079265016794,2.594070605998847,defined,0.049852434503574676,sensitivity_only
id:x%3A0x1.2000000000000p%2B3,353,6.228,5.23592,5.365240734983206,2.594070605998847,defined,-0.049852434503574676,sensitivity_only
id:x%3A0x1.2000000000000p%2B3,354,6.246,5.247440000000001,5.118119265016795,2.594070605998847,defined,0.049852434503574676,sensitivity_only
id:x%3A0x1.2000000000000p%2B3,355,6.264,5.25896,5.388280734983206,2.594070605998847,defined,-0.049852434503574676,sensitivity_only
id:x%3A0x1.2000000000000p%2B3,356,6.282,5.27048,5.141159265016794,2.594070605998847,defined,0.049852434503574676,sensitivity_only
id:x%3A0x1.2000000000000p%2B3,357,6.3,5.282,5.411320734983206,2.594070605998847,defined,-0.049852434503574676,sensitivity_only
id:x%3A0x1.2000000000000p%2B3,358,6.318,5.29352,5.164199265016794,2.594070605998847,defined,0.049852434503574676,sensitivity_only
id:x%3A0x1.2000000000000p%2B3,359,6.336,5.30504,5.434360734983206,2.594070605998847,defined,-0.049852434503574676,sensitivity_only
id:x%3A0x1.2000000000000p%2B3,360,6.354,5.31656,5.187239265016794,2.594070605998847,defined,0.049852434503574676,sensitivity_only
id:x%3A0x1.2000000000000p%2B3,361,6.372,5.32808,5.457400734983206,2.594070605998847,defined,-0.049852434503574676,sensitivity_only
id:x%3A0x1.2000000000000p%2B3,362,6.39,5.3396,5.210279265016794,2.594070605998847,defined,0.049852434503574676,sensitivity_only
id:x%3A0x1.2000000000000p%2B3,363,6.408,5.35112,5.480440734983206,2.594070605998847,defined,-0.049852434503574676,sensitivity_only
id:x%3A0x1.2000000000000p%2B3,364,6.426,5.36264,5.233319265016794,2.594070605998847,defined,0.049852434503574676,sensitivity_only
id:x%3A0x1.2000000000000p%2B3,365,6.444,5.37416,5.503480734983206,2.594070605998847,defined,-0.049852434503574676,sensitivity_only
id:x%3A0x1.2000000000000p%2B3,366,6.462,5.38568,5.256359265016794,2.594070605998847,defined,0.049852434503574676,sensitivity_only
id:x%3A0x1.2000000000000p%2B3,367,6.48,5.397200000000001,5.526520734983206,2.594070605998847,defined,-0.049852434503574676,sensitivity_only
id:x%3A0x1.2000000000000p%2B3,368,6.498,5.408720000000001,5.279399265016795,2.594070605998847,defined,0.049852434503574676,sensitivity_only
id:x%3A0x1.2000000000000p%2B3,369,6.516,5.42024,5.537804304530187,2.3582460054534993,defined,-0.049852434503574676,sensitivity_only
id:x%3A0x1.2000000000000p%2B3,370,6.534,5.43176,5.314195695469812,2.3582460054534993,defined,0.049852434503574676,sensitivity_only
id:x%3A0x1.2000000000000p%2B3,371,6.552,5.44328,5.560844304530187,2.3582460054534993,defined,-0.049852434503574676,sensitivity_only
id:x%3A0x1.2000000000000p%2B3,372,6.57,5.4548000000000005,5.337235695469813,2.3582460054534993,defined,0.049852434503574676,sensitivity_only
id:x%3A0x1.2000000000000p%2B3,373,6.588,5.4663200000000005,5.583884304530188,2.3582460054534993,defined,-0.049852434503574676,sensitivity_only
id:x%3A0x1.2000000000000p%2B3,374,6.606,5.47784,5.360275695469812,2.3582460054534993,defined,0.049852434503574676,sensitivity_only
id:x%3A0x1.2000000000000p%2B3,375,6.624,5.48936,5.606924304530187,2.3582460054534993,defined,-0.049852434503574676,sensitivity_only
id:x%3A0x1.2000000000000p%2B3,376,6.642,5.50088,5.383315695469813,2.3582460054534993,defined,0.049852434503574676,sensitivity_only
id:x%3A0x1.2000000000000p%2B3,377,6.66,5.5124,5.629964304530188,2.3582460054534993,defined,-0.049852434503574676,sensitivity_only
id:x%3A0x1.2000000000000p%2B3,378,6.678,5.52392,5.406355695469813,2.3582460054534993,defined,0.049852434503574676,sensitivity_only
id:x%3A0x1.2000000000000p%2B3,379,6.696,5.53544,5.653004304530188,2.3582460054534993,defined,-0.049852434503574676,sensitivity_only
id:x%3A0x1.2000000000000p%2B3,380,6.714,5.54696,5.429395695469813,2.3582460054534993,defined,0.049852434503574676,sensitivity_only
id:x%3A0x1.2000000000000p%2B3,381,6.732,5.55848,5.676044304530188,2.3582460054534993,defined,-0.049852434503574676,sensitivity_only
id:x%3A0x1.2000000000000p%2B3,382,6.75,5.57,5.452435695469813,2.3582460054534993,defined,0.049852434503574676,sensitivity_only
id:x%3A0x1.2000000000000p%2B3,383,6.768,5.58152,5.699084304530188,2.3582460054534993,defined,-0.049852434503574676,sensitivity_only
id:x%3A0x1.2000000000000p%2B3,384,6.786,5.59304,5.475475695469813,2.3582460054534993,defined,0.049852434503574676,sensitivity_only
id:x%3A0x1.2000000000000p%2B3,385,6.804,5.60456,5.722124304530188,2.3582460054534993,defined,-0.049852434503574676,sensitivity_only
id:x%3A0x1.2000000000000p%2B3,386,6.822,5.61608,5.498515695469813,2.3582460054534993,defined,0.049852434503574676,sensitivity_only
id:x%3A0x1.2000000000000p%2B3,387,6.84,5.6276,5.745164304530188,2.3582460054534993,defined,-0.049852434503574676,sensitivity_only
id:x%3A0x1.2000000000000p%2B3,388,6.858,5.63912,5.521555695469813,2.3582460054534993,defined,0.049852434503574676,sensitivity_only
id:x%3A0x1.2000000000000p%2B3,389,6.876,5.65064,5.768204304530188,2.3582460054534993,defined,-0.049852434503574676,sensitivity_only
id:x%3A0x1.2000000000000p%2B3,390,6.894,5.66216,5.544595695469813,2.3582460054534993,defined,0.049852434503574676,sensitivity_only
id:x%3A0x1.2000000000000p%2B3,391,6.912,5.67368,5.791244304530188,2.3582460054534993,defined,-0.049852434503574676,sensitivity_only
id:x%3A0x1.2000000000000p%2B3,392,6.93,5.6852,5.5676356954698125,2.3582460054534993,defined,0.049852434503574676,sensitivity_only
id:x%3A0x1.2000000000000p%2B3,393,6.948,5.69672,5.8142843045301875,2.3582460054534993,defined,-0.049852434503574676,sensitivity_only
id:x%3A0x1.2000000000000p%2B3,394,6.966,5.70824,5.5906756954698125,2.3582460054534993,defined,0.049852434503574676,sensitivity_only
id:x%3A0x1.2000000000000p%2B3,395,6.984,5.71976,5.8373243045301875,2.3582460054534993,defined,-0.049852434503574676,sensitivity_only
id:x%3A0x1.2000000000000p%2B3,396,7.0,5.73,5.612435695469813,2.3582460054534993,defined,0.049852434503574676,sensitivity_only
id:x%3A0x1.2000000000000p%2B3,397,7.002,5.73128,5.848844304530187,2.3582460054534993,defined,-0.049852434503574676,sensitivity_only
id:x%3A0x1.2000000000000p%2B3,398,7.02,5.7428,5.625235695469812,2.3582460054534993,defined,0.049852434503574676,sensitivity_only
id:x%3A0x1.2000000000000p%2B3,399,7.038,5.75432,5.871884304530187,2.3582460054534993,defined,-0.049852434503574676,sensitivity_only
id:x%3A0x1.2000000000000p%2B3,400,7.056,5.76584,5.648275695469812,2.3582460054534993,defined,0.049852434503574676,sensitivity_only
id:x%3A0x1.2000000000000p%2B3,401,7.074,5.77736,5.894924304530187,2.3582460054534993,defined,-0.049852434503574676,sensitivity_only
id:x%3A0x1.2000000000000p%2B3,402,7.092,5.78888,5.671315695469812,2.3582460054534993,defined,0.049852434503574676,sensitivity_only
id:x%3A0x1.2000000000000p%2B3,403,7.11,5.800400000000001,5.917964304530188,2.3582460054534993,defined,-0.049852434503574676,sensitivity_only
id:x%3A0x1.2000000000000p%2B3,404,7.128,5.81192,5.694355695469812,2.3582460054534993,defined,0.049852434503574676,sensitivity_only
id:x%3A0x1.2000000000000p%2B3,405,7.146,5.82344,5.941004304530187,2.3582460054534993,defined,-0.049852434503574676,sensitivity_only
id:x%3A0x1.2000000000000p%2B3,406,7.164,5.83496,5.717395695469812,2.3582460054534993,defined,0.049852434503574676,sensitivity_only
id:x%3A0x1.2000000000000p%2B3,407,7.182,5.846480000000001,5.964044304530188,2.3582460054534993,defined,-0.049852434503574676,sensitivity_only
id:x%3A0x1.2000000000000p%2B3,408,7.2,5.8580000000000005,5.740435695469813,2.3582460054534993,defined,0.049852434503574676,sensitivity_only
id:x%3A0x1.2000000000000p%2B3,409,7.218,5.8695200000000005,5.987084304530188,2.3582460054534993,defined,-0.049852434503574676,sensitivity_only
id:x%3A0x1.2000000000000p%2B3,410,7.236,5.88104,5.763475695469812,2.3582460054534993,defined,0.049852434503574676,sensitivity_only
id:x%3A0x1.2000000000000p%2B3,411,7.254,5.89256,6.010124304530187,2.3582460054534993,defined,-0.049852434503574676,sensitivity_only
id:x%3A0x1.2000000000000p%2B3,412,7.272,5.90408,5.786515695469813,2.3582460054534993,defined,0.049852434503574676,sensitivity_only
id:x%3A0x1.2000000000000p%2B3,413,7.29,5.9156,6.033164304530188,2.3582460054534993,defined,-0.049852434503574676,sensitivity_only
id:x%3A0x1.2000000000000p%2B3,414,7.308,5.92712,5.809555695469813,2.3582460054534993,defined,0.049852434503574676,sensitivity_only
id:x%3A0x1.2000000000000p%2B3,415,7.326,5.9386399999999995,6.056204304530187,2.3582460054534993,defined,-0.049852434503574676,sensitivity_only
id:x%3A0x1.2000000000000p%2B3,416,7.344,5.95016,5.832595695469813,2.3582460054534993,defined,0.049852434503574676,sensitivity_only
id:x%3A0x1.2000000000000p%2B3,417,7.362,5.96168,6.079244304530188,2.3582460054534993,defined,-0.049852434503574676,sensitivity_only
id:x%3A0x1.2000000000000p%2B3,418,7.38,5.9732,5.855635695469813,2.3582460054534993,defined,0.049852434503574676,sensitivity_only
id:x%3A0x1.2000000000000p%2B3,419,7.398,5.98472,6.102284304530188,2.3582460054534993,defined,-0.049852434503574676,sensitivity_only
id:x%3A0x1.2000000000000p%2B3,420,7.416,5.99624,5.878675695469813,2.3582460054534993,defined,0.049852434503574676,sensitivity_only
id:x%3A0x1.2000000000000p%2B3,421,7.434,6.00776,6.125324304530188,2.3582460054534993,defined,-0.049852434503574676,sensitivity_only
id:x%3A0x1.2000000000000p%2B3,422,7.452,6.01928,5.901715695469813,2.3582460054534993,defined,0.049852434503574676,sensitivity_only
id:x%3A0x1.2000000000000p%2B3,423,7.47,6.0308,6.148364304530188,2.3582460054534993,defined,-0.049852434503574676,sensitivity_only
id:x%3A0x1.2000000000000p%2B3,424,7.488,6.04232,5.924755695469813,2.3582460054534993,defined,0.049852434503574676,sensitivity_only
id:x%3A0x1.2000000000000p%2B3,425,7.506,6.05384,6.171404304530188,2.358246005453502,defined,-0.049852434503574676,sensitivity_only
id:x%3A0x1.2000000000000p%2B3,426,7.524,6.06536,5.947795695469813,2.358246005453502,defined,0.049852434503574676,sensitivity_only
id:x%3A0x1.2000000000000p%2B3,427,7.542,6.07688,6.194444304530188,2.358246005453502,defined,-0.049852434503574676,sensitivity_only
id:x%3A0x1.2000000000000p%2B3,428,7.56,6.0884,5.9708356954698125,2.358246005453502,defined,0.049852434503574676,sensitivity_only
id:x%3A0x1.2000000000000p%2B3,429,7.578,6.09992,6.2174843045301875,2.358246005453502,defined,-0.049852434503574676,sensitivity_only
id:x%3A0x1.2000000000000p%2B3,430,7.596,6.11144,5.9938756954698125,2.358246005453502,defined,0.049852434503574676,sensitivity_only
id:x%3A0x1.2000000000000p%2B3,431,7.614,6.12296,6.2405243045301875,2.358246005453502,defined,-0.049852434503574676,sensitivity_only
id:x%3A0x1.2000000000000p%2B3,432,7.632,6.13448,6.016915695469812,2.358246005453502,defined,0.049852434503574676,sensitivity_only
id:x%3A0x1.2000000000000p%2B3,433,7.65,6.146,6.263564304530187,2.358246005453502,defined,-0.049852434503574676,sensitivity_only
id:x%3A0x1.2000000000000p%2B3,434,7.668,6.15752,6.039955695469812,2.358246005453502,defined,0.049852434503574676,sensitivity_only
id:x%3A0x1.2000000000000p%2B3,435,7.686,6.16904,6.286604304530187,2.358246005453502,defined,-0.049852434503574676,sensitivity_only
id:x%3A0x1.2000000000000p%2B3,436,7.704,6.18056,6.062995695469812,2.358246005453502,defined,0.049852434503574676,sensitivity_only
id:x%3A0x1.2000000000000p%2B3,437,7.722,6.192080000000001,6.309644304530188,2.358246005453502,defined,-0.049852434503574676,sensitivity_only
id:x%3A0x1.2000000000000p%2B3,438,7.74,6.203600000000001,6.086035695469813,2.358246005453502,defined,0.049852434503574676,sensitivity_only
id:x%3A0x1.2000000000000p%2B3,439,7.758,6.21512,6.332684304530187,2.358246005453502,defined,-0.049852434503574676,sensitivity_only
id:x%3A0x1.2000000000000p%2B3,440,7.776,6.22664,6.109075695469812,2.358246005453502,defined,0.049852434503574676,sensitivity_only
id:x%3A0x1.2000000000000p%2B3,441,7.794,6.23816,6.355724304530187,2.358246005453502,defined,-0.049852434503574676,sensitivity_only
id:x%3A0x1.2000000000000p%2B3,442,7.812,6.249680000000001,6.132115695469813,2.358246005453502,defined,0.049852434503574676,sensitivity_only
id:x%3A0x1.2000000000000p%2B3,443,7.83,6.2612000000000005,6.378764304530188,2.358246005453502,defined,-0.049852434503574676,sensitivity_only
id:x%3A0x1.2000000000000p%2B3,444,7.848,6.27272,6.155155695469812,2.358246005453502,defined,0.049852434503574676,sensitivity_only
id:x%3A0x1.2000000000000p%2B3,445,7.866,6.28424,6.401804304530187,2.358246005453502,defined,-0.049852434503574676,sensitivity_only
id:x%3A0x1.2000000000000p%2B3,446,7.884,6.2957600000000005,6.178195695469813,2.358246005453502,defined,0.049852434503574676,sensitivity_only
id:x%3A0x1.2000000000000p%2B3,447,7.902,6.30728,6.424844304530188,2.358246005453502,defined,-0.049852434503574676,sensitivity_only
id:x%3A0x1.2000000000000p%2B3,448,7.92,6.3188,6.201235695469813,2.358246005453502,defined,0.049852434503574676,sensitivity_only
id:x%3A0x1.2000000000000p%2B3,449,7.938,6.3303199999999995,6.447884304530187,2.358246005453502,defined,-0.049852434503574676,sensitivity_only
id:x%3A0x1.2000000000000p%2B3,450,7.956,6.34184,6.224275695469813,2.358246005453502,defined,0.049852434503574676,sensitivity_only
id:x%3A0x1.2000000000000p%2B3,451,7.974,6.35336,6.470924304530188,2.358246005453502,defined,-0.049852434503574676,sensitivity_only
id:x%3A0x1.2000000000000p%2B3,452,7.992,6.36488,6.247315695469813,2.358246005453502,defined,0.049852434503574676,sensitivity_only
id:x%3A0x1.2000000000000p%2B3,453,8.0,6.37,6.487564304530188,2.358246005453502,defined,-0.049852434503574676,sensitivity_only
id:x%3A0x1.2000000000000p%2B3,454,8.01,6.3764,6.258835695469813,2.358246005453502,defined,0.049852434503574676,sensitivity_only
id:x%3A0x1.2000000000000p%2B3,455,8.028,6.38792,6.505484304530188,2.358246005453502,defined,-0.049852434503574676,sensitivity_only
id:x%3A0x1.2000000000000p%2B3,456,8.046,6.399439999999999,6.281875695469812,2.358246005453502,defined,0.049852434503574676,sensitivity_only
id:x%3A0x1.2000000000000p%2B3,457,8.064,6.41096,6.528524304530188,2.358246005453502,defined,-0.049852434503574676,sensitivity_only
id:x%3A0x1.2000000000000p%2B3,458,8.082,6.42248,6.304915695469813,2.358246005453502,defined,0.049852434503574676,sensitivity_only
id:x%3A0x1.2000000000000p%2B3,459,8.1,6.434,6.551564304530188,2.358246005453502,defined,-0.049852434503574676,sensitivity_only
id:x%3A0x1.2000000000000p%2B3,460,8.118,6.44552,6.327955695469813,2.358246005453502,defined,0.049852434503574676,sensitivity_only
id:x%3A0x1.2000000000000p%2B3,461,8.136,6.457039999999999,6.574604304530187,2.358246005453502,defined,-0.049852434503574676,sensitivity_only
id:x%3A0x1.2000000000000p%2B3,462,8.154,6.46856,6.350995695469813,2.358246005453502,defined,0.049852434503574676,sensitivity_only
id:x%3A0x1.2000000000000p%2B3,463,8.172,6.48008,6.597644304530188,2.358246005453502,defined,-0.049852434503574676,sensitivity_only
id:x%3A0x1.2000000000000p%2B3,464,8.19,6.4916,6.3740356954698125,2.358246005453502,defined,0.049852434503574676,sensitivity_only
id:x%3A0x1.2000000000000p%2B3,465,8.208,6.50312,6.6206843045301875,2.358246005453502,defined,-0.049852434503574676,sensitivity_only
id:x%3A0x1.2000000000000p%2B3,466,8.226,6.514640000000001,6.397075695469813,2.358246005453502,defined,0.049852434503574676,sensitivity_only
id:x%3A0x1.2000000000000p%2B3,467,8.244,6.52616,6.6437243045301875,2.358246005453502,defined,-0.049852434503574676,sensitivity_only
id:x%3A0x1.2000000000000p%2B3,468,8.262,6.537680000000001,6.420115695469813,2.358246005453502,defined,0.049852434503574676,sensitivity_only
id:x%3A0x1.2000000000000p%2B3,469,8.28,6.5492,6.666764304530187,2.358246005453502,defined,-0.049852434503574676,sensitivity_only
id:x%3A0x1.2000000000000p%2B3,470,8.298,6.56072,6.443155695469812,2.358246005453502,defined,0.049852434503574676,sensitivity_only
id:x%3A0x1.2000000000000p%2B3,471,8.316,6.572240000000001,6.689804304530188,2.358246005453502,defined,-0.049852434503574676,sensitivity_only
id:x%3A0x1.2000000000000p%2B3,472,8.334,6.58376,6.466195695469812,2.358246005453502,defined,0.049852434503574676,sensitivity_only
id:x%3A0x1.2000000000000p%2B3,473,8.352,6.595280000000001,6.712844304530188,2.358246005453502,defined,-0.049852434503574676,sensitivity_only
id:x%3A0x1.2000000000000p%2B3,474,8.37,6.6068,6.489235695469812,2.358246005453502,defined,0.049852434503574676,sensitivity_only
id:x%3A0x1.2000000000000p%2B3,475,8.388,6.61832,6.735884304530187,2.358246005453502,defined,-0.049852434503574676,sensitivity_only
id:x%3A0x1.2000000000000p%2B3,476,8.406,6.629840000000001,6.512275695469813,2.358246005453502,defined,0.049852434503574676,sensitivity_only
id:x%3A0x1.2000000000000p%2B3,477,8.424,6.64136,6.758924304530187,2.358246005453502,defined,-0.049852434503574676,sensitivity_only
id:x%3A0x1.2000000000000p%2B3,478,8.442,6.652880000000001,6.535315695469813,2.358246005453502,defined,0.049852434503574676,sensitivity_only
id:x%3A0x1.2000000000000p%2B3,479,8.46,6.6644000000000005,6.781964304530188,2.358246005453502,defined,-0.049852434503574676,sensitivity_only
id:x%3A0x1.2000000000000p%2B3,480,8.478,6.67592,6.558355695469812,2.358246005453502,defined,0.049852434503574676,sensitivity_only
id:x%3A0x1.2000000000000p%2B3,481,8.496,6.6874400000000005,6.805004304530188,2.358246005453502,defined,-0.049852434503574676,sensitivity_only
id:x%3A0x1.2000000000000p%2B3,482,8.514,6.69896,6.581395695469812,2.358246005453502,defined,0.049852434503574676,sensitivity_only
id:x%3A0x1.2000000000000p%2B3,483,8.532,6.7104800000000004,6.828044304530188,2.358246005453502,defined,-0.049852434503574676,sensitivity_only
id:x%3A0x1.2000000000000p%2B3,484,8.55,6.722,6.604435695469813,2.358246005453502,defined,0.049852434503574676,sensitivity_only
id:x%3A0x1.2000000000000p%2B3,485,8.568,6.7335199999999995,6.851084304530187,2.358246005453502,defined,-0.049852434503574676,sensitivity_only
id:x%3A0x1.2000000000000p%2B3,486,8.586,6.74504,6.627475695469813,2.358246005453502,defined,0.049852434503574676,sensitivity_only
id:x%3A0x1.2000000000000p%2B3,487,8.604,6.7565599999999995,6.874124304530187,2.358246005453502,defined,-0.049852434503574676,sensitivity_only
id:x%3A0x1.2000000000000p%2B3,488,8.622,6.76808,6.650515695469813,2.358246005453502,defined,0.049852434503574676,sensitivity_only
id:x%3A0x1.2000000000000p%2B3,489,8.64,6.7796,6.897164304530188,2.358246005453502,defined,-0.049852434503574676,sensitivity_only
id:x%3A0x1.2000000000000p%2B3,490,8.658,6.791119999999999,6.673555695469812,2.358246005453502,defined,0.049852434503574676,sensitivity_only
id:x%3A0x1.2000000000000p%2B3,491,8.676,6.80264,6.920204304530188,2.358246005453502,defined,-0.049852434503574676,sensitivity_only
id:x%3A0x1.2000000000000p%2B3,492,8.694,6.81416,6.696595695469813,2.358246005453502,defined,0.049852434503574676,sensitivity_only
id:x%3A0x1.2000000000000p%2B3,493,8.712,6.82568,6.943244304530188,2.358246005453502,defined,-0.049852434503574676,sensitivity_only
id:x%3A0x1.2000000000000p%2B3,494,8.73,6.8372,6.719635695469813,2.358246005453502,defined,0.049852434503574676,sensitivity_only
id:x%3A0x1.2000000000000p%2B3,495,8.748,6.848719999999999,6.966284304530187,2.358246005453502,defined,-0.049852434503574676,sensitivity_only
id:x%3A0x1.2000000000000p%2B3,496,8.766,6.86024,6.742675695469813,2.358246005453502,defined,0.049852434503574676,sensitivity_only
id:x%3A0x1.2000000000000p%2B3,497,8.784,6.871760000000001,6.9893243045301885,2.358246005453502,defined,-0.049852434503574676,sensitivity_only
id:x%3A0x1.2000000000000p%2B3,498,8.802,6.88328,6.7657156954698126,2.358246005453502,defined,0.049852434503574676,sensitivity_only
id:x%3A0x1.2000000000000p%2B3,499,8.82,6.8948,7.0123643045301876,2.358246005453502,defined,-0.049852434503574676,sensitivity_only
id:x%3A0x1.2000000000000p%2B3,500,8.838,6.90632,6.7887556954698125,2.358246005453502,defined,0.049852434503574676,sensitivity_only
id:x%3A0x1.2000000000000p%2B3,501,8.856,6.91784,7.0354043045301875,2.358246005453502,defined,-0.049852434503574676,sensitivity_only
id:x%3A0x1.2000000000000p%2B3,502,8.874,6.929360000000001,6.811795695469813,2.358246005453502,defined,0.049852434503574676,sensitivity_only
id:x%3A0x1.2000000000000p%2B3,503,8.892,6.94088,7.0584443045301875,2.358246005453502,defined,-0.049852434503574676,sensitivity_only
id:x%3A0x1.2000000000000p%2B3,504,8.91,6.9524,6.834835695469812,2.358246005453502,defined,0.049852434503574676,sensitivity_only
id:x%3A0x1.2000000000000p%2B3,505,8.928,6.963920000000001,7.081484304530188,2.358246005453502,defined,-0.049852434503574676,sensitivity_only
id:x%3A0x1.2000000000000p%2B3,506,8.946,6.97544,6.857875695469812,2.358246005453502,defined,0.049852434503574676,sensitivity_only
id:x%3A0x1.2000000000000p%2B3,507,8.964,6.986960000000001,7.104524304530188,2.358246005453502,defined,-0.049852434503574676,sensitivity_only
id:x%3A0x1.2000000000000p%2B3,508,8.982,6.99848,6.880915695469812,2.358246005453502,defined,0.049852434503574676,sensitivity_only
id:x%3A0x1.2000000000000p%2B3,509,9.0,7.01,7.127564304530187,2.358246005453502,defined,-0.049852434503574676,sensitivity_only
