x_group_id,grid_index,x,full_prediction,without_group_prediction,s_ref,s_ref_status,normalized_delta,status
id:x%3A0x0.0p%2B0,0,0.0,1.25,1.1630126151610862,0.8698738483891382,defined,0.1,sensitivity_only
id:x%3A0x0.0p%2B0,1,0.022,1.26408,1.3074455811178458,0.8698738483891382,defined,-0.04985272427507908,sensitivity_only
id:x%3A0x0.0p%2B0,2,0.044,1.27816,1.2347944188821542,0.8698738483891382,defined,0.04985272427507908,sensitivity_only
id:x%3A0x0.0p%2B0,3,0.066,1.29224,1.3356055811178458,0.8698738483891382,defined,-0.04985272427507908,sensitivity_only
id:x%3A0x0.0p%2B0,4,0.088,1.30632,1.2629544188821542,0.8698738483891382,defined,0.04985272427507908,sensitivity_only
id:x%3A0x0.0p%2B0,5,0.11,1.3204,1.3637655811178457,0.8698738483891382,defined,-0.04985272427507908,sensitivity_only
id:x%3A0x0.0p%2B0,6,0.132,1.33448,1.2911144188821544,0.8698738483891382,defined,0.04985272427507908,sensitivity_only
id:x%3A0x0.0p%2B0,7,0.154,1.34856,1.3919255811178457,0.8698738483891382,defined,-0.04985272427507908,sensitivity_only
id:x%3A0x0.0p%2B0,8,0.176,1.36264,1.3192744188821544,0.8698738483891382,defined,0.04985272427507908,sensitivity_only
id:x%3A0x0.0p%2B0,9,0.198,1.37672,1.4200855811178457,0.8698738483891382,defined,-0.04985272427507908,sensitivity_only
id:x%3A0x0.0p%2B0,10,0.22,1.3908,1.3474344188821543,0.8698738483891382,defined,0.04985272427507908,sensitivity_only
id:x%3A0x0.0p%2B0,11,0.242,1.40488,1.4482455811178456,0.8698738483891382,defined,-0.04985272427507908,sensitivity_only
id:x%3A0x0.0p%2B0,12,0.264,1.41896,1.3755944188821543,0.8698738483891382,defined,0.04985272427507908,sensitivity_only
id:x%3A0x0.0p%2B0,13,0.286,1.43304,1.4764055811178458,0.8698738483891382,defined,-0.04985272427507908,sensitivity_only
id:x%3A0x0.0p%2B0,14,0.308,1.44712,1.4037544188821542,0.8698738483891382,defined,0.04985272427507908,sensitivity_only
id:x%3A0x0.0p%2B0,15,0.33,1.4612,1.5045655811178458,0.8698738483891382,defined,-0.04985272427507908,sensitivity_only
id:x%3A0x0.0p%2B0,16,0.352,1.47528,1.4319144188821542,0.8698738483891382,defined,0.04985272427507908,sensitivity_only
id:x%3A0x0.0p%2B0,17,0.374,1.48936,1.5327255811178457,0.8698738483891382,defined,-0.04985272427507908,sensitivity_only
id:x%3A0x0.0p%2B0,18,0.396,1.5034399999999999,1.4600744188821542,0.8698738483891382,defined,0.04985272427507908,sensitivity_only
id:x%3A0x0.0p%2B0,19,0.418,1.51752,1.5608855811178457,0.8698738483891382,defined,-0.04985272427507908,sensitivity_only
id:x%3A0x0.0p%2B0,20,0.44,1.5316,1.4882344188821544,0.8698738483891382,defined,0.04985272427507908,sensitivity_only
id:x%3A0x0.0p%2B0,21,0.462,1.54568,1.5890455811178457,0.8698738483891382,defined,-0.04985272427507908,sensitivity_only
id:x%3A0x0.0p%2B0,22,0.484,1.55976,1.5163944188821543,0.8698738483891382,defined,0.04985272427507908,sensitivity_only
id:x%3A0x0.0p%2B0,23,0.506,1.5738400000000001,1.6172055811178458,0.8698738483891386,defined,-0.04985272427507908,sensitivity_only
id:x%3A0x0.0p%2B0,24,0.528,1.58792,1.5445544188821543,0.8698738483891386,defined,0.04985272427507908,sensitivity_only
id:x%3A0x0.0p%2B0,25,0.55,1.602,1.6453655811178458,0.8698738483891386,defined,-0.04985272427507908,sensitivity_only
id:x%3A0x0.0p%2B0,26,0.572,1.61608,1.5727144188821542,0.8698738483891386,defined,0.04985272427507908,sensitivity_only
id:x%3A0x0.0p%2B0,27,0.594,1.63016,1.6735255811178458,0.8698738483891386,defined,-0.04985272427507908,sensitivity_only
id:x%3A0x0.0p%2B0,28,0.616,1.64424,1.6008744188821542,0.8698738483891386,defined,0.04985272427507908,sensitivity_only
id:x%3A0x0.0p%2B0,29,0.638,1.65832,1.7016855811178457,0.8698738483891386,defined,-0.04985272427507908,sensitivity_only
id:x%3A0x0.0p%2B0,30,0.66,1.6724,1.6290344188821544,0.8698738483891386,defined,0.04985272427507908,sensitivity_only
id:x%3A0x0.0p%2B0,31,0.682,1.68648,1.7298455811178457,0.8698738483891386,defined,-0.04985272427507908,sensitivity_only
id:x%3A0x0.0p%2B0,32,0.704,1.7005599999999998,1.6571944188821541,0.8698738483891386,defined,0.04985272427507908,sensitivity_only
id:x%3A0x0.0p%2B0,33,0.726,1.71464,1.7580055811178457,0.8698738483891386,defined,-0.04985272427507908,sensitivity_only
id:x%3A0x0.0p%2B0,34,0.748,1.72872,1.6853544188821543,0.8698738483891386,defined,0.04985272427507908,sensitivity_only
id:x%3A0x0.0p%2B0,35,0.77,1.7428,1.7861655811178456,0.8698738483891386,defined,-0.04985272427507908,sensitivity_only
id:x%3A0x0.0p%2B0,36,0.792,1.75688,1.7135144188821543,0.8698738483891386,defined,0.04985272427507908,sensitivity_only
id:x%3A0x0.0p%2B0,37,0.814,1.77096,1.8143255811178458,0.8698738483891386,defined,-0.04985272427507908,sensitivity_only
id:x%3A0x0.0p%2B0,38,0.836,1.78504,1.7416744188821542,0.8698738483891386,defined,0.04985272427507908,sensitivity_only
id:x%3A0x0.0p%2B0,39,0.858,1.79912,1.8424855811178458,0.8698738483891386,defined,-0.04985272427507908,sensitivity_only
id:x%3A0x0.0p%2B0,40,0.88,1.8132000000000001,1.7698344188821544,0.8698738483891386,defined,0.04985272427507908,sensitivity_only
id:x%3A0x0.0p%2B0,41,0.902,1.82728,1.8706455811178457,0.8698738483891386,defined,-0.04985272427507908,sensitivity_only
id:x%3A0x0.0p%2B0,42,0.924,1.8413599999999999,1.7979944188821542,0.8698738483891386,defined,0.04985272427507908,sensitivity_only
id:x%3A0x0.0p%2B0,43,0.946,1.85544,1.8988055811178457,0.8698738483891386,defined,-0.04985272427507908,sensitivity_only
id:x%3A0x0.0p%2B0,44,0.968,1.86952,1.8261544188821544,0.8698738483891386,defined,0.04985272427507908,sensitivity_only
id:x%3A0x0.0p%2B0,45,0.99,1.8836,1.9269655811178457,0.8698738483891386,defined,-0.04985272427507908,sensitivity_only
id:x%3A0x0.0p%2B0,46,1.0,1.8900000000000001,1.8466344188821544,0.8698738483891386,defined,0.04985272427507908,sensitivity_only
id:x%3A0x0.0p%2B0,47,1.012,1.89768,1.9410455811178458,0.8698738483891386,defined,-0.04985272427507908,sensitivity_only
id:x%3A0x0.0p%2B0,48,1.034,1.9117600000000001,1.8683944188821544,0.8698738483891386,defined,0.04985272427507908,sensitivity_only
id:x%3A0x0.0p%2B0,49,1.056,1.92584,1.9692055811178457,0.8698738483891386,defined,-0.04985272427507908,sensitivity_only
id:x%3A0x0.0p%2B0,50,1.078,1.93992,1.8965544188821544,0.8698738483891386,defined,0.04985272427507908,sensitivity_only
id:x%3A0x0.0p%2B0,51,1.1,1.9540000000000002,1.997365581117846,0.8698738483891386,defined,-0.04985272427507908,sensitivity_only
id:x%3A0x0.0p%2B0,52,1.122,1.96808,1.9247144188821543,0.8698738483891386,defined,0.04985272427507908,sensitivity_only
id:x%3A0x0.0p%2B0,53,1.144,1.98216,2.0255255811178454,0.8698738483891386,defined,-0.04985272427507908,sensitivity_only
id:x%3A0x0.0p%2B0,54,1.166,1.99624,1.9528744188821543,0.8698738483891386,defined,0.04985272427507908,sensitivity_only
id:x%3A0x0.0p%2B0,55,1.188,2.01032,2.0536855811178456,0.8698738483891386,defined,-0.04985272427507908,sensitivity_only
id:x%3A0x0.0p%2B0,56,1.21,2.0244,1.9810344188821543,0.8698738483891386,defined,0.04985272427507908,sensitivity_only
id:x%3A0x0.0p%2B0,57,1.232,2.03848,2.0818455811178453,0.8698738483891386,defined,-0.04985272427507908,sensitivity_only
id:x%3A0x0.0p%2B0,58,1.254,2.05256,2.0091944188821547,0.8698738483891386,defined,0.04985272427507908,sensitivity_only
id:x%3A0x0.0p%2B0,59,1.276,2.06664,2.1100055811178455,0.8698738483891386,defined,-0.04985272427507908,sensitivity_only
id:x%3A0x0.0p%2B0,60,1.298,2.08072,2.0373544188821544,0.8698738483891386,defined,0.04985272427507908,sensitivity_only
id:x%3A0x0.0p%2B0,61,1.32,2.0948,2.1381655811178457,0.8698738483891386,defined,-0.04985272427507908,sensitivity_only
id:x%3A0x0.0p%2B0,62,1.342,2.10888,2.0655144188821546,0.8698738483891386,defined,0.04985272427507908,sensitivity_only
id:x%3A0x0.0p%2B0,63,1.364,2.12296,2.1663255811178455,0.8698738483891386,defined,-0.04985272427507908,sensitivity_only
id:x%3A0x0.0p%2B0,64,1.386,2.13704,2.0936744188821543,0.8698738483891386,defined,0.04985272427507908,sensitivity_only
id:x%3A0x0.0p%2B0,65,1.408,2.1511199999999997,2.194485581117845,0.8698738483891386,defined,-0.04985272427507908,sensitivity_only
id:x%3A0x0.0p%2B0,66,1.43,2.1652,2.1218344188821545,0.8698738483891386,defined,0.04985272427507908,sensitivity_only
id:x%3A0x0.0p%2B0,67,1.452,2.17928,2.2226455811178454,0.8698738483891386,defined,-0.04985272427507908,sensitivity_only
id:x%3A0x0.0p%2B0,68,1.474,2.19336,2.1499944188821547,0.8698738483891386,defined,0.04985272427507908,sensitivity_only
id:x%3A0x0.0p%2B0,69,1.496,2.20744,2.2508055811178456,0.8698738483891386,defined,-0.04985272427507908,sensitivity_only
id:x%3A0x0.0p%2B0,70,1.518,2.22152,2.166433991553007,1.1049748884943107,defined,0.04985272427507908,sensitivity_only
id:x%3A0x0.0p%2B0,71,1.54,2.2356,2.290686008446993,1.1049748884943107,defined,-0.04985272427507908,sensitivity_only
id:x%3A0x0.0p%2B0,72,1.562,2.24968,2.194593991553007,1.1049748884943107,defined,0.04985272427507908,sensitivity_only
id:x%3A0x0.0p%2B0,73,1.584,2.26376,2.318846008446993,1.1049748884943107,defined,-0.04985272427507908,sensitivity_only
id:x%3A0x0.0p%2B0,74,1.606,2.2778400000000003,2.2227539915530072,1.1049748884943107,defined,0.04985272427507908,sensitivity_only
id:x%3A0x0.0p%2B0,75,1.628,2.29192,2.3470060084469933,1.1049748884943107,defined,-0.04985272427507908,sensitivity_only
id:x%3A0x0.0p%2B0,76,1.65,2.306,2.250913991553007,1.1049748884943107,defined,0.04985272427507908,sensitivity_only
id:x%3A0x0.0p%2B0,77,1.672,2.32008,2.375166008446993,1.1049748884943107,defined,-0.04985272427507908,sensitivity_only
id:x%3A0x0.0p%2B0,78,1.694,2.33416,2.2790739915530067,1.1049748884943107,defined,0.04985272427507908,sensitivity_only
id:x%3A0x0.0p%2B0,79,1.716,2.34824,2.403326008446993,1.1049748884943107,defined,-0.04985272427507908,sensitivity_only
id:x%3A0x0.0p%2B0,80,1.738,2.36232,2.307233991553007,1.1049748884943107,defined,0.04985272427507908,sensitivity_only
id:x%3A0x0.0p%2B0,81,1.76,2.3764000000000003,2.4314860084469934,1.1049748884943107,defined,-0.04985272427507908,sensitivity_only
id:x%3A0x0.0p%2B0,82,1.782,2.39048,2.335393991553007,1.1049748884943107,defined,0.04985272427507908,sensitivity_only
id:x%3A0x0.0p%2B0,83,1.804,2.40456,2.459646008446993,1.1049748884943107,defined,-0.04985272427507908,sensitivity_only
id:x%3A0x0.0p%2B0,84,1.826,2.41864,2.363553991553007,1.1049748884943107,defined,0.04985272427507908,sensitivity_only
id:x%3A0x0.0p%2B0,85,1.848,2.4327199999999998,2.487806008446993,1.1049748884943107,defined,-0.04985272427507908,sensitivity_only
id:x%3A0x0.0p%2B0,86,1.87,2.4468,2.391713991553007,1.1049748884943107,defined,0.04985272427507908,sensitivity_only
id:x%3A0x0.0p%2B0,87,1.892,2.46088,2.515966008446993,1.1049748884943107,defined,-0.04985272427507908,sensitivity_only
id:x%3A0x0.0p%2B0,88,1.914,2.4749600000000003,2.419873991553007,1.1049748884943107,defined,0.04985272427507908,sensitivity_only
id:x%3A0x0.0p%2B0,89,1.936,2.48904,2.544126008446993,1.1049748884943107,defined,-0.04985272427507908,sensitivity_only
id:x%3A0x0.0p%2B0,90,1.958,2.50312,2.448033991553007,1.1049748884943107,defined,0.04985272427507908,sensitivity_only
id:x%3A0x0.0p%2B0,91,1.98,2.5172,2.572286008446993,1.1049748884943107,defined,-0.04985272427507908,sensitivity_only
id:x%3A0x0.0p%2B0,92,2.0,2.5300000000000002,2.474913991553007,1.1049748884943107,defined,0.04985272427507908,sensitivity_only
id:x%3A0x0.0p%2B0,93,2.002,2.5312799999999998,2.586366008446993,1.1049748884943107,defined,-0.04985272427507908,sensitivity_only
id:x%3A0x0.0p%2B0,94,2.024,2.54536,2.490273991553007,1.1049748884943107,defined,0.04985272427507908,sensitivity_only
id:x%3A0x0.0p%2B0,95,2.046,2.55944,2.614526008446993,1.1049748884943107,defined,-0.04985272427507908,sensitivity_only
id:x%3A0x0.0p%2B0,96,2.068,2.5735200000000003,2.518433991553007,1.1049748884943107,defined,0.04985272427507908,sensitivity_only
id:x%3A0x0.0p%2B0,97,2.09,2.5876,2.642686008446993,1.1049748884943107,defined,-0.04985272427507908,sensitivity_only
id:x%3A0x0.0p%2B0,98,2.112,2.60168,2.546593991553007,1.1049748884943107,defined,0.04985272427507908,sensitivity_only
id:x%3A0x0.0p%2B0,99,2.134,2.61576,2.670846008446993,1.1049748884943107,defined,-0.04985272427507908,sensitivity_only
id:x%3A0x0.0p%2B0,100,2.156,2.62984,2.574753991553007,1.1049748884943107,defined,0.04985272427507908,sensitivity_only
id:x%3A0x0.0p%2B0,101,2.178,2.64392,2.699006008446993,1.1049748884943107,defined,-0.04985272427507908,sensitivity_only
id:x%3A0x0.0p%2B0,102,2.2,2.6580000000000004,2.6029139915530073,1.1049748884943107,defined,0.04985272427507908,sensitivity_only
id:x%3A0x0.0p%2B0,103,2.222,2.6720800000000002,2.7271660084469933,1.1049748884943107,defined,-0.04985272427507908,sensitivity_only
id:x%3A0x0.0p%2B0,104,2.244,2.68616,2.631073991553007,1.1049748884943107,defined,0.04985272427507908,sensitivity_only
id:x%3A0x0.0p%2B0,105,2.266,2.70024,2.755326008446993,1.1049748884943107,defined,-0.04985272427507908,sensitivity_only
id:x%3A0x0.0p%2B0,106,2.288,2.71432,2.6592339915530068,1.1049748884943107,defined,0.04985272427507908,sensitivity_only
id:x%3A0x0.0p%2B0,107,2.31,2.7284,2.7834860084469932,1.1049748884943107,defined,-0.04985272427507908,sensitivity_only
id:x%3A0x0.0p%2B0,108,2.332,2.74248,2.687393991553007,1.1049748884943107,defined,0.04985272427507908,sensitivity_only
id:x%3A0x0.0p%2B0,109,2.354,2.7565600000000003,2.8116460084469934,1.1049748884943107,defined,-0.04985272427507908,sensitivity_only
id:x%3A0x0.0p%2B0,110,2.376,2.77064,2.715553991553007,1.1049748884943107,defined,0.04985272427507908,sensitivity_only
id:x%3A0x0.0p%2B0,111,2.398,2.78472,2.839806008446993,1.1049748884943107,defined,-0.04985272427507908,sensitivity_only
id:x%3A0x0.0p%2B0,112,2.42,2.7988,2.743713991553007,1.1049748884943107,defined,0.04985272427507908,sensitivity_only
id:x%3A0x0.0p%2B0,113,2.442,2.81288,2.867966008446993,1.1049748884943107,defined,-0.04985272427507908,sensitivity_only
id:x%3A0x0.0p%2B0,114,2.464,2.8269599999999997,2.7718739915530066,1.1049748884943107,defined,0.04985272427507908,sensitivity_only
id:x%3A0x0.0p%2B0,115,2.486,2.8410400000000005,2.8961260084469935,1.1049748884943107,defined,-0.04985272427507908,sensitivity_only
id:x%3A0x0.0p%2B0,116,2.508,2.8551200000000003,2.805894205217581,0.9874243684417244,defined,0.04985272427507908,sensitivity_only
id:x%3A0x0.0p%2B0,117,2.53,2.8692,2.9184257947824195,0.9874243684417244,defined,-0.04985272427507908,sensitivity_only
id:x%3A0x0.0p%2B0,118,2.552,2.88328,2.834054205217581,0.9874243684417244,defined,0.04985272427507908,sensitivity_only
id:x%3A0x0.0p%2B0,119,2.574,2.89736,2.946585794782419,0.9874243684417244,defined,-0.04985272427507908,sensitivity_only
id:x%3A0x0.0p%2B0,120,2.596,2.91144,2.8622142052175805,0.9874243684417244,defined,0.04985272427507908,sensitivity_only
id:x%3A0x0.0p%2B0,121,2.618,2.9255199999999997,2.974745794782419,0.9874243684417244,defined,-0.04985272427507908,sensitivity_only
id:x%3A0x0.0p%2B0,122,2.64,2.9396000000000004,2.890374205217581,0.9874243684417244,defined,0.04985272427507908,sensitivity_only
id:x%3A0x0.0p%2B0,123,2.662,2.9536800000000003,3.0029057947824196,0.9874243684417244,defined,-0.04985272427507908,sensitivity_only
id:x%3A0x0.0p%2B0,124,2.684,2.96776,2.918534205217581,0.9874243684417244,defined,0.04985272427507908,sensitivity_only
id:x%3A0x0.0p%2B0,125,2.706,2.98184,3.0310657947824193,0.9874243684417244,defined,-0.04985272427507908,sensitivity_only
id:x%3A0x0.0p%2B0,126,2.728,2.99592,2.9466942052175806,0.9874243684417244,defined,0.04985272427507908,sensitivity_only
id:x%3A0x0.0p%2B0,127,2.75,3.01,3.059225794782419,0.9874243684417244,defined,-0.04985272427507908,sensitivity_only
id:x%3A0x0.0p%2B0,128,2.772,3.0240799999999997,2.9748542052175804,0.9874243684417244,defined,0.04985272427507908,sensitivity_only
id:x%3A0x0.0p%2B0,129,2.794,3.03816,3.0873857947824193,0.9874243684417244,defined,-0.04985272427507908,sensitivity_only
id:x%3A0x0.0p%2B0,130,2.816,3.05224,3.0030142052175806,0.9874243684417244,defined,0.04985272427507908,sensitivity_only
id:x%3A0x0.0p%2B0,131,2.838,3.06632,3.1155457947824194,0.9874243684417244,defined,-0.04985272427507908,sensitivity_only
id:x%3A0x0.0p%2B0,132,2.86,3.0804,3.0311742052175807,0.9874243684417244,defined,0.04985272427507908,sensitivity_only
id:x%3A0x0.0p%2B0,133,2.882,3.09448,3.143705794782419,0.9874243684417244,defined,-0.04985272427507908,sensitivity_only
id:x%3A0x0.0p%2B0,134,2.904,3.1085599999999998,3.0593342052175805,0.9874243684417244,defined,0.04985272427507908,sensitivity_only
id:x%3A0x0.0p%2B0,135,2.926,3.12264,3.1718657947824194,0.9874243684417244,defined,-0.04985272427507908,sensitivity_only
id:x%3A0x0.0p%2B0,136,2.948,3.13672,3.0874942052175807,0.9874243684417244,defined,0.04985272427507908,sensitivity_only
id:x%3A0x0.0p%2B0,137,2.97,3.1508000000000003,3.2000257947824196,0.9874243684417244,defined,-0.04985272427507908,sensitivity_only
id:x%3A0x0.0p%2B0,138,2.992,3.16488,3.115654205217581,0.9874243684417244,defined,0.04985272427507908,sensitivity_only
id:x%3A0x0.0p%2B0,139,3.0,3.17,3.219225794782419,0.9874243684417244,defined,-0.04985272427507908,sensitivity_only
id:x%3A0x0.0p%2B0,140,3.014,3.17896,3.1297342052175807,0.9874243684417244,defined,0.04985272427507908,sensitivity_only
id:x%3A0x0.0p%2B0,141,3.036,3.19304,3.242265794782419,0.9874243684417244,defined,-0.04985272427507908,sensitivity_only
id:x%3A0x0.0p%2B0,142,3.058,3.2071199999999997,3.1578942052175805,0.9874243684417244,defined,0.04985272427507908,sensitivity_only
id:x%3A0x0.0p%2B0,143,3.08,3.2212,3.2704257947824193,0.9874243684417244,defined,-0.04985272427507908,sensitivity_only
id:x%3A0x0.0p%2B0,144,3.102,3.23528,3.1860542052175806,0.9874243684417244,defined,0.04985272427507908,sensitivity_only
id:x%3A0x0.0p%2B0,145,3.124,3.2493600000000002,3.2985857947824195,0.9874243684417244,defined,-0.04985272427507908,sensitivity_only
id:x%3A0x0.0p%2B0,146,3.146,3.26344,3.214214205217581,0.9874243684417244,defined,0.04985272427507908,sensitivity_only
id:x%3A0x0.0p%2B0,147,3.168,3.27752,3.3267457947824193,0.9874243684417244,defined,-0.04985272427507908,sensitivity_only
id:x%3A0x0.0p%2B0,148,3.19,3.2916,3.2423742052175806,0.9874243684417244,defined,0.04985272427507908,sensitivity_only
id:x%3A0x0.0p%2B0,149,3.212,3.30568,3.3549057947824195,0.9874243684417244,defined,-0.04985272427507908,sensitivity_only
id:x%3A0x0.0p%2B0,150,3.234,3.31976,3.2705342052175808,0.9874243684417244,defined,0.04985272427507908,sensitivity_only
id:x%3A0x0.0p%2B0,151,3.256,3.33384,3.383065794782419,0.9874243684417244,defined,-0.04985272427507908,sensitivity_only
id:x%3A0x0.0p%2B0,152,3.278,3.3479200000000002,3.298694205217581,0.9874243684417244,defined,0.04985272427507908,sensitivity_only
id:x%3A0x0.0p%2B0,153,3.3,3.362,3.4112257947824194,0.9874243684417244,defined,-0.04985272427507908,sensitivity_only
id:x%3A0x0.0p%2B0,154,3.322,3.37608,3.3268542052175807,0.9874243684417244,defined,0.04985272427507908,sensitivity_only
id:x%3A0x0.0p%2B0,155,3.344,3.39016,3.439385794782419,0.9874243684417244,defined,-0.04985272427507908,sensitivity_only
id:x%3A0x0.0p%2B0,156,3.366,3.40424,3.355014205217581,0.9874243684417244,defined,0.04985272427507908,sensitivity_only
id:x%3A0x0.0p%2B0,157,3.388,3.41832,3.4675457947824193,0.9874243684417244,defined,-0.04985272427507908,sensitivity_only
id:x%3A0x0.0p%2B0,158,3.41,3.4324000000000003,3.383174205217581,0.9874243684417244,defined,0.04985272427507908,sensitivity_only
id:x%3A0x0.0p%2B0,159,3.432,3.44648,3.4957057947824195,0.9874243684417244,defined,-0.04985272427507908,sensitivity_only
id:x%3A0x0.0p%2B0,160,3.454,3.46056,3.411334205217581,0.9874243684417244,defined,0.04985272427507908,sensitivity_only
id:x%3A0x0.0p%2B0,161,3.476,3.47464,3.5238657947824192,0.9874243684417244,defined,-0.04985272427507908,sensitivity_only
id:x%3A0x0.0p%2B0,162,3.498,3.4887200000000003,3.439494205217581,0.9874243684417244,defined,0.04985272427507908,sensitivity_only
id:x%3A0x0.0p%2B0,163,3.52,3.5028,3.5461655811178456,0.8698738483891386,defined,-0.04985272427507908,sensitivity_only
id:x%3A0x0.0p%2B0,164,3.542,3.51688,3.4735144188821545,0.8698738483891386,defined,0.04985272427507908,sensitivity_only
id:x%3A0x0.0p%2B0,165,3.564,3.53096,3.5743255811178454,0.8698738483891386,defined,-0.04985272427507908,sensitivity_only
id:x%3A0x0.0p%2B0,166,3.586,3.5450399999999997,3.5016744188821542,0.8698738483891386,defined,0.04985272427507908,sensitivity_only
id:x%3A0x0.0p%2B0,167,3.608,3.55912,3.6024855811178456,0.8698738483891386,defined,-0.04985272427507908,sensitivity_only
id:x%3A0x0.0p%2B0,168,3.63,3.5732,3.5298344188821544,0.8698738483891386,defined,0.04985272427507908,sensitivity_only
id:x%3A0x0.0p%2B0,169,3.652,3.5872800000000002,3.6306455811178457,0.8698738483891386,defined,-0.04985272427507908,sensitivity_only
id:x%3A0x0.0p%2B0,170,3.674,3.60136,3.5579944188821546,0.8698738483891386,defined,0.04985272427507908,sensitivity_only
id:x%3A0x0.0p%2B0,171,3.696,3.61544,3.6588055811178455,0.8698738483891386,defined,-0.04985272427507908,sensitivity_only
id:x%3A0x0.0p%2B0,172,3.718,3.62952,3.5861544188821544,0.8698738483891386,defined,0.04985272427507908,sensitivity_only
id:x%3A0x0.0p%2B0,173,3.74,3.6436,3.6869655811178457,0.8698738483891386,defined,-0.04985272427507908,sensitivity_only
id:x%3A0x0.0p%2B0,174,3.762,3.65768,3.6143144188821545,0.8698738483891386,defined,0.04985272427507908,sensitivity_only
id:x%3A0x0.0p%2B0,175,3.784,3.67176,3.7151255811178454,0.8698738483891386,defined,-0.04985272427507908,sensitivity_only
id:x%3A0x0.0p%2B0,176,3.806,3.6858400000000002,3.6424744188821547,0.8698738483891386,defined,0.04985272427507908,sensitivity_only
id:x%3A0x0.0p%2B0,177,3.828,3.69992,3.7432855811178456,0.8698738483891386,defined,-0.04985272427507908,sensitivity_only
id:x%3A0x0.0p%2B0,178,3.85,3.714,3.6706344188821545,0.8698738483891386,defined,0.04985272427507908,sensitivity_only
id:x%3A0x0.0p%2B0,179,3.872,3.72808,3.7714455811178453,0.8698738483891386,defined,-0.04985272427507908,sensitivity_only
id:x%3A0x0.0p%2B0,180,3.894,3.74216,3.6987944188821547,0.8698738483891386,defined,0.04985272427507908,sensitivity_only
id:x%3A0x0.0p%2B0,181,3.916,3.75624,3.7996055811178455,0.8698738483891386,defined,-0.04985272427507908,sensitivity_only
id:x%3A0x0.0p%2B0,182,3.938,3.7703200000000003,3.726954418882155,0.8698738483891386,defined,0.04985272427507908,sensitivity_only
id:x%3A0x0.0p%2B0,183,3.96,3.7844,3.8277655811178457,0.8698738483891386,defined,-0.04985272427507908,sensitivity_only
id:x%3A0x0.0p%2B0,184,3.982,3.79848,3.7551144188821546,0.8698738483891386,defined,0.04985272427507908,sensitivity_only
id:x%3A0x0.0p%2B0,185,4.0,3.81,3.8533655811178456,0.8698738483891386,defined,-0.04985272427507908,sensitivity_only
id:x%3A0x0.0p%2B0,186,4.004,3.81256,3.7691944188821545,0.8698738483891386,defined,0.04985272427507908,sensitivity_only
id:x%3A0x0.0p%2B0,187,4.026,3.82664,3.8700055811178453,0.8698738483891386,defined,-0.04985272427507908,sensitivity_only
id:x%3A0x0.0p%2B0,188,4.048,3.84072,3.7973544188821546,0.8698738483891386,defined,0.04985272427507908,sensitivity_only
id:x%3A0x0.0p%2B0,189,4.07,3.8548000000000004,3.898165581117846,0.8698738483891386,defined,-0.04985272427507908,sensitivity_only
id:x%3A0x0.0p%2B0,190,4.092,3.86888,3.8255144188821544,0.8698738483891386,defined,0.04985272427507908,sensitivity_only
id:x%3A0x0.0p%2B0,191,4.114,3.88296,3.9263255811178457,0.8698738483891386,defined,-0.04985272427507908,sensitivity_only
id:x%3A0x0.0p%2B0,192,4.136,3.89704,3.8536744188821546,0.8698738483891386,defined,0.04985272427507908,sensitivity_only
id:x%3A0x0.0p%2B0,193,4.158,3.9111200000000004,3.954485581117846,0.8698738483891386,defined,-0.04985272427507908,sensitivity_only
id:x%3A0x0.0p%2B0,194,4.18,3.9252,3.8818344188821543,0.8698738483891386,defined,0.04985272427507908,sensitivity_only
id:x%3A0x0.0p%2B0,195,4.202,3.93928,3.9826455811178456,0.8698738483891386,defined,-0.04985272427507908,sensitivity_only
id:x%3A0x0.0p%2B0,196,4.224,3.95336,3.9099944188821545,0.8698738483891386,defined,0.04985272427507908,sensitivity_only
id:x%3A0x0.0p%2B0,197,4.246,3.9674400000000003,4.010805581117846,0.8698738483891386,defined,-0.04985272427507908,sensitivity_only
id:x%3A0x0.0p%2B0,198,4.268,3.9815199999999997,3.9381544188821542,0.8698738483891386,defined,0.04985272427507908,sensitivity_only
id:x%3A0x0.0p%2B0,199,4.29,3.9956,4.0389655811178455,0.8698738483891386,defined,-0.04985272427507908,sensitivity_only
id:x%3A0x0.0p%2B0,200,4.312,4.00968,3.966314418882155,0.8698738483891386,defined,0.04985272427507908,sensitivity_only
id:x%3A0x0.0p%2B0,201,4.334,4.023759999999999,4.067125581117845,0.8698738483891386,defined,-0.04985272427507908,sensitivity_only
id:x%3A0x0.0p%2B0,202,4.356,4.03784,3.9944744188821546,0.8698738483891386,defined,0.04985272427507908,sensitivity_only
id:x%3A0x0.0p%2B0,203,4.378,4.05192,4.095285581117846,0.8698738483891386,defined,-0.04985272427507908,sensitivity_only
id:x%3A0x0.0p%2B0,204,4.4,4.066000000000001,4.022634418882155,0.8698738483891386,defined,0.04985272427507908,sensitivity_only
id:x%3A0x0.0p%2B0,205,4.422,4.08008,4.123445581117846,0.8698738483891386,defined,-0.04985272427507908,sensitivity_only
id:x%3A0x0.0p%2B0,206,4.444,4.0941600000000005,4.0507944188821545,0.8698738483891386,defined,0.04985272427507908,sensitivity_only
id:x%3A0x0.0p%2B0,207,4.466,4.10824,4.151605581117846,0.8698738483891386,defined,-0.04985272427507908,sensitivity_only
id:x%3A0x0.0p%2B0,208,4.488,4.12232,4.078954418882154,0.8698738483891386,defined,0.04985272427507908,sensitivity_only
id:x%3A0x0.0p%2B0,209,4.51,4.1364,4.185625794782419,0.9874243684417244,defined,-0.04985272427507908,sensitivity_only
id:x%3A0x0.0p%2B0,210,4.532,4.15048,4.101254205217581,0.9874243684417244,defined,0.04985272427507908,sensitivity_only
id:x%3A0x0.0p%2B0,211,4.554,4.16456,4.213785794782419,0.9874243684417244,defined,-0.04985272427507908,sensitivity_only
id:x%3A0x0.0p%2B0,212,4.576,4.17864,4.12941420521758,0.9874243684417244,defined,0.04985272427507908,sensitivity_only
id:x%3A0x0.0p%2B0,213,4.598,4.19272,4.241945794782419,0.9874243684417244,defined,-0.04985272427507908,sensitivity_only
id:x%3A0x0.0p%2B0,214,4.62,4.2068,4.157574205217581,0.9874243684417244,defined,0.04985272427507908,sensitivity_only
id:x%3A0x0.0p%2B0,215,4.642,4.22088,4.2701057947824195,0.9874243684417244,defined,-0.04985272427507908,sensitivity_only
id:x%3A0x0.0p%2B0,216,4.664,4.23496,4.185734205217581,0.9874243684417244,defined,0.04985272427507908,sensitivity_only
id:x%3A0x0.0p%2B0,217,4.686,4.24904,4.298265794782419,0.9874243684417244,defined,-0.04985272427507908,sensitivity_only
id:x%3A0x0.0p%2B0,218,4.708,4.263120000000001,4.213894205217581,0.9874243684417244,defined,0.04985272427507908,sensitivity_only
id:x%3A0x0.0p%2B0,219,4.73,4.277200000000001,4.32642579478242,0.9874243684417244,defined,-0.04985272427507908,sensitivity_only
id:x%3A0x0.0p%2B0,220,4.752,4.29128,4.242054205217581,0.9874243684417244,defined,0.04985272427507908,sensitivity_only
id:x%3A0x0.0p%2B0,221,4.774,4.30536,4.35458579478242,0.9874243684417244,defined,-0.04985272427507908,sensitivity_only
id:x%3A0x0.0p%2B0,222,4.796,4.31944,4.270214205217581,0.9874243684417244,defined,0.04985272427507908,sensitivity_only
id:x%3A0x0.0p%2B0,223,4.818,4.33352,4.382745794782419,0.9874243684417244,defined,-0.04985272427507908,sensitivity_only
id:x%3A0x0.0p%2B0,224,4.84,4.3476,4.298374205217581,0.9874243684417244,defined,0.04985272427507908,sensitivity_only
id:x%3A0x0.0p%2B0,225,4.862,4.36168,4.410905794782419,0.9874243684417244,defined,-0.04985272427507908,sensitivity_only
id:x%3A0x0.0p%2B0,226,4.884,4.37576,4.32653420521758,0.9874243684417244,defined,0.04985272427507908,sensitivity_only
id:x%3A0x0.0p%2B0,227,4.906,4.3898399999999995,4.439065794782419,0.9874243684417244,defined,-0.04985272427507908,sensitivity_only
id:x%3A0x0.0p%2B0,228,4.928,4.403919999999999,4.35469420521758,0.9874243684417244,defined,0.04985272427507908,sensitivity_only
id:x%3A0x0.0p%2B0,229,4.95,4.418,4.467225794782419,0.9874243684417244,defined,-0.04985272427507908,sensitivity_only
id:x%3A0x0.0p%2B0,230,4.972,4.432080000000001,4.382854205217582,0.9874243684417244,defined,0.04985272427507908,sensitivity_only
id:x%3A0x0.0p%2B0,231,4.994,4.44616,4.495385794782419,0.9874243684417244,defined,-0.04985272427507908,sensitivity_only
id:x%3A0x0.0p%2B0,232,5.0,4.45,4.400774205217581,0.9874243684417244,defined,0.04985272427507908,sensitivity_only
id:x%3A0x0.0p%2B0,233,5.016,4.460240000000001,4.50946579478242,0.9874243684417244,defined,-0.04985272427507908,sensitivity_only
id:x%3A0x0.0p%2B0,234,5.038,4.4743200000000005,4.425094205217581,0.9874243684417244,defined,0.04985272427507908,sensitivity_only
id:x%3A0x0.0p%2B0,235,5.06,4.4884,4.53762579478242,0.9874243684417244,defined,-0.04985272427507908,sensitivity_only
id:x%3A0x0.0p%2B0,236,5.082,4.50248,4.453254205217581,0.9874243684417244,defined,0.04985272427507908,sensitivity_only
id:x%3A0x0.0p%2B0,237,5.104,4.51656,4.565785794782419,0.9874243684417244,defined,-0.04985272427507908,sensitivity_only
id:x%3A0x0.0p%2B0,238,5.126,4.53064,4.481414205217581,0.9874243684417244,defined,0.04985272427507908,sensitivity_only
id:x%3A0x0.0p%2B0,239,5.148,4.54472,4.593945794782419,0.9874243684417244,defined,-0.04985272427507908,sensitivity_only
id:x%3A0x0.0p%2B0,240,5.17,4.5588,4.5095742052175805,0.9874243684417244,defined,0.04985272427507908,sensitivity_only
id:x%3A0x0.0p%2B0,241,5.192,4.57288,4.622105794782419,0.9874243684417244,defined,-0.04985272427507908,sensitivity_only
id:x%3A0x0.0p%2B0,242,5.214,4.58696,4.537734205217581,0.9874243684417244,defined,0.04985272427507908,sensitivity_only
id:x%3A0x0.0p%2B0,243,5.236,4.601039999999999,4.650265794782419,0.9874243684417244,defined,-0.04985272427507908,sensitivity_only
id:x%3A0x0.0p%2B0,244,5.258,4.61512,4.565894205217581,0.9874243684417244,defined,0.04985272427507908,sensitivity_only
id:x%3A0x0.0p%2B0,245,5.28,4.629200000000001,4.67842579478242,0.9874243684417244,defined,-0.04985272427507908,sensitivity_only
id:x%3A0x0.0p%2B0,246,5.302,4.64328,4.594054205217581,0.9874243684417244,defined,0.04985272427507908,sensitivity_only
id:x%3A0x0.0p%2B0,247,5.324,4.657360000000001,4.70658579478242,0.9874243684417244,defined,-0.04985272427507908,sensitivity_only
id:x%3A0x0.0p%2B0,248,5.346,4.6714400000000005,4.622214205217581,0.9874243684417244,defined,0.04985272427507908,sensitivity_only
id:x%3A0x0.0p%2B0,249,5.368,4.68552,4.73474579478242,0.9874243684417244,defined,-0.04985272427507908,sensitivity_only
id:x%3A0x0.0p%2B0,250,5.39,4.6996,4.650374205217581,0.9874243684417244,defined,0.04985272427507908,sensitivity_only
id:x%3A0x0.0p%2B0,251,5.412,4.71368,4.762905794782419,0.9874243684417244,defined,-0.04985272427507908,sensitivity_only
id:x%3A0x0.0p%2B0,252,5.434,4.72776,4.678534205217581,0.9874243684417244,defined,0.04985272427507908,sensitivity_only
id:x%3A0x0.0p%2B0,253,5.456,4.74184,4.791065794782419,0.9874243684417244,defined,-0.04985272427507908,sensitivity_only
id:x%3A0x0.0p%2B0,254,5.478,4.75592,4.70669420521758,0.9874243684417244,defined,0.04985272427507908,sensitivity_only
id:x%3A0x0.0p%2B0,255,5.5,4.77,4.819225794782419,0.9874243684417244,defined,-0.04985272427507908,sensitivity_only
id:x%3A0x0.0p%2B0,256,5.522,4.78408,4.740714418882154,0.8698738483891382,defined,0.04985272427507908,sensitivity_only
id:x%3A0x0.0p%2B0,257,5.544,4.798159999999999,4.841525581117845,0.8698738483891382,defined,-0.04985272427507908,sensitivity_only
id:x%3A0x0.0p%2B0,258,5.566,4.81224,4.768874418882154,0.8698738483891382,defined,0.04985272427507908,sensitivity_only
id:x%3A0x0.0p%2B0,259,5.588,4.82632,4.869685581117846,0.8698738483891382,defined,-0.04985272427507908,sensitivity_only
id:x%3A0x0.0p%2B0,260,5.61,4.840400000000001,4.797034418882155,0.8698738483891382,defined,0.04985272427507908,sensitivity_only
id:x%3A0x0.0p%2B0,261,5.632,4.85448,4.897845581117846,0.8698738483891382,defined,-0.04985272427507908,sensitivity_only
id:x%3A0x0.0p%2B0,262,5.654,4.86856,4.8251944188821545,0.8698738483891382,defined,0.04985272427507908,sensitivity_only
id:x%3A0x0.0p%2B0,263,5.676,4.88264,4.926005581117846,0.8698738483891382,defined,-0.04985272427507908,sensitivity_only
id:x%3A0x0.0p%2B0,264,5.698,4.89672,4.853354418882154,0.8698738483891382,defined,0.04985272427507908,sensitivity_only
id:x%3A0x0.0p%2B0,265,5.72,4.9108,4.954165581117846,0.8698738483891382,defined,-0.04985272427507908,sensitivity_only
id:x%3A0x0.0p%2B0,266,5.742,4.92488,4.881514418882154,0.8698738483891382,defined,0.04985272427507908,sensitivity_only
id:x%3A0x0.0p%2B0,267,5.764,4.93896,4.982325581117846,0.8698738483891382,defined,-0.04985272427507908,sensitivity_only
id:x%3A0x0.0p%2B0,268,5.786,4.95304,4.909674418882154,0.8698738483891382,defined,0.04985272427507908,sensitivity_only
id:x%3A0x0.0p%2B0,269,5.808,4.9671199999999995,5.0104855811178455,0.8698738483891382,defined,-0.04985272427507908,sensitivity_only
id:x%3A0x0.0p%2B0,270,5.83,4.9812,4.937834418882154,0.8698738483891382,defined,0.04985272427507908,sensitivity_only
id:x%3A0x0.0p%2B0,271,5.852,4.99528,5.038645581117846,0.8698738483891382,defined,-0.04985272427507908,sensitivity_only
id:x%3A0x0.0p%2B0,272,5.874,5.00936,4.965994418882154,0.8698738483891382,defined,0.04985272427507908,sensitivity_only
id:x%3A0x0.0p%2B0,273,5.896,5.02344,5.066805581117846,0.8698738483891382,defined,-0.04985272427507908,sensitivity_only
id:x%3A0x0.0p%2B0,274,5.918,5.037520000000001,4.994154418882155,0.8698738483891382,defined,0.04985272427507908,sensitivity_only
id:x%3A0x0.0p%2B0,275,5.94,5.0516000000000005,5.0949655811178465,0.8698738483891382,defined,-0.04985272427507908,sensitivity_only
id:x%3A0x0.0p%2B0,276,5.962,5.06568,5.0223144188821545,0.8698738483891382,defined,0.04985272427507908,sensitivity_only
id:x%3A0x0.0p%2B0,277,5.984,5.07976,5.123125581117846,0.8698738483891382,defined,-0.04985272427507908,sensitivity_only
id:x%3A0x0.0p%2B0,278,6.0,5.09,5.046634418882154,0.8698738483891382,defined,0.04985272427507908,sensitivity_only
id:x%3A0x0.0p%2B0,279,6.006,5.09384,5.137205581117846,0.8698738483891382,defined,-0.04985272427507908,sensitivity_only
id:x%3A0x0.0p%2B0,280,6.028,5.10792,5.064554418882154,0.8698738483891382,defined,0.04985272427507908,sensitivity_only
id:x%3A0x0.0p%2B0,281,6.05,5.122,5.165365581117846,0.8698738483891382,defined,-0.04985272427507908,sensitivity_only
id:x%3A0x0.0p%2B0,282,6.072,5.13608,5.092714418882154,0.8698738483891382,defined,0.04985272427507908,sensitivity_only
id:x%3A0x0.0p%2B0,283,6.094,5.15016,5.193525581117846,0.8698738483891382,defined,-0.04985272427507908,sensitivity_only
id:x%3A0x0.0p%2B0,284,6.116,5.1642399999999995,5.1208744188821536,0.8698738483891382,defined,0.04985272427507908,sensitivity_only
id:x%3A0x0.0p%2B0,285,6.138,5.178319999999999,5.221685581117845,0.8698738483891382,defined,-0.04985272427507908,sensitivity_only
id:x%3A0x0.0p%2B0,286,6.16,5.1924,5.149034418882154,0.8698738483891382,defined,0.04985272427507908,sensitivity_only
id:x%3A0x0.0p%2B0,287,6.182,5.206480000000001,5.249845581117847,0.8698738483891382,defined,-0.04985272427507908,sensitivity_only
id:x%3A0x0.0p%2B0,288,6.204,5.22056,5.177194418882154,0.8698738483891382,defined,0.04985272427507908,sensitivity_only
id:x%3A0x0.0p%2B0,289,6.226,5.234640000000001,5.278005581117847,0.8698738483891382,defined,-0.04985272427507908,sensitivity_only
id:x%3A0x0.0p%2B0,290,6.248,5.2487200000000005,5.2053544188821546,0.8698738483891382,defined,0.04985272427507908,sensitivity_only
id:x%3A0x0.0p%2B0,291,6.27,5.2627999999999995,5.306165581117845,0.8698738483891382,defined,-0.04985272427507908,sensitivity_only
id:x%3A0x0.0p%2B0,292,6.292,5.27688,5.233514418882154,0.8698738483891382,defined,0.04985272427507908,sensitivity_only
id:x%3A0x0.0p%2B0,293,6.314,5.29096,5.334325581117846,0.8698738483891382,defined,-0.04985272427507908,sensitivity_only
id:x%3A0x0.0p%2B0,294,6.336,5.30504,5.261674418882154,0.8698738483891382,defined,0.04985272427507908,sensitivity_only
id:x%3A0x0.0p%2B0,295,6.358,5.31912,5.362485581117846,0.8698738483891382,defined,-0.04985272427507908,sensitivity_only
id:x%3A0x0.0p%2B0,296,6.38,5.3332,5.289834418882154,0.8698738483891382,defined,0.04985272427507908,sensitivity_only
id:x%3A0x0.0p%2B0,297,6.402,5.3472800000000005,5.390645581117846,0.8698738483891382,defined,-0.04985272427507908,sensitivity_only
id:x%3A0x0.0p%2B0,298,6.424,5.36136,5.317994418882154,0.8698738483891382,defined,0.04985272427507908,sensitivity_only
id:x%3A0x0.0p%2B0,299,6.446,5.37544,5.418805581117846,0.8698738483891382,defined,-0.04985272427507908,sensitivity_only
id:x%3A0x0.0p%2B0,300,6.468,5.38952,5.346154418882154,0.8698738483891382,defined,0.04985272427507908,sensitivity_only
id:x%3A0x0.0p%2B0,301,6.49,5.4036,5.446965581117846,0.8698738483891382,defined,-0.04985272427507908,sensitivity_only
id:x%3A0x0.0p%2B0,302,6.512,5.41768,5.375586209932764,0.8443628844628325,defined,0.04985272427507908,sensitivity_only
id:x%3A0x0.0p%2B0,303,6.534,5.43176,5.473853790067236,0.8443628844628325,defined,-0.04985272427507908,sensitivity_only
id:x%3A0x0.0p%2B0,304,6.556,5.4458400000000005,5.403746209932764,0.8443628844628325,defined,0.04985272427507908,sensitivity_only
id:x%3A0x0.0p%2B0,305,6.578,5.45992,5.502013790067236,0.8443628844628325,defined,-0.04985272427507908,sensitivity_only
id:x%3A0x0.0p%2B0,306,6.6,5.474,5.431906209932764,0.8443628844628325,defined,0.04985272427507908,sensitivity_only
id:x%3A0x0.0p%2B0,307,6.622,5.48808,5.530173790067236,0.8443628844628325,defined,-0.04985272427507908,sensitivity_only
id:x%3A0x0.0p%2B0,308,6.644,5.50216,5.460066209932764,0.8443628844628325,defined,0.04985272427507908,sensitivity_only
id:x%3A0x0.0p%2B0,309,6.666,5.516240000000001,5.558333790067237,0.8443628844628325,defined,-0.04985272427507908,sensitivity_only
id:x%3A0x0.0p%2B0,310,6.688,5.53032,5.488226209932764,0.8443628844628325,defined,0.04985272427507908,sensitivity_only
id:x%3A0x0.0p%2B0,311,6.71,5.5444,5.5864937900672365,0.8443628844628325,defined,-0.04985272427507908,sensitivity_only
id:x%3A0x0.0p%2B0,312,6.732,5.55848,5.516386209932764,0.8443628844628325,defined,0.04985272427507908,sensitivity_only
id:x%3A0x0.0p%2B0,313,6.754,5.57256,5.614653790067236,0.8443628844628325,defined,-0.04985272427507908,sensitivity_only
id:x%3A0x0.0p%2B0,314,6.776,5.58664,5.544546209932764,0.8443628844628325,defined,0.04985272427507908,sensitivity_only
id:x%3A0x0.0p%2B0,315,6.798,5.60072,5.642813790067236,0.8443628844628325,defined,-0.04985272427507908,sensitivity_only
id:x%3A0x0.0p%2B0,316,6.82,5.614800000000001,5.572706209932765,0.8443628844628325,defined,0.04985272427507908,sensitivity_only
id:x%3A0x0.0p%2B0,317,6.842,5.62888,5.670973790067236,0.8443628844628325,defined,-0.04985272427507908,sensitivity_only
id:x%3A0x0.0p%2B0,318,6.864,5.64296,5.600866209932764,0.8443628844628325,defined,0.04985272427507908,sensitivity_only
id:x%3A0x0.0p%2B0,319,6.886,5.65704,5.699133790067236,0.8443628844628325,defined,-0.04985272427507908,sensitivity_only
id:x%3A0x0.0p%2B0,320,6.908,5.67112,5.629026209932764,0.8443628844628325,defined,0.04985272427507908,sensitivity_only
id:x%3A0x0.0p%2B0,321,6.93,5.6852,5.727293790067236,0.8443628844628325,defined,-0.04985272427507908,sensitivity_only
id:x%3A0x0.0p%2B0,322,6.952,5.69928,5.657186209932764,0.8443628844628325,defined,0.04985272427507908,sensitivity_only
id:x%3A0x0.0p%2B0,323,6.974,5.713360000000001,5.755453790067237,0.8443628844628325,defined,-0.04985272427507908,sensitivity_only
id:x%3A0x0.0p%2B0,324,6.996,5.7274400000000005,5.6853462099327645,0.8443628844628325,defined,0.04985272427507908,sensitivity_only
id:x%3A0x0.0p%2B0,325,7.0,5.73,5.772093790067236,0.8443628844628325,defined,-0.04985272427507908,sensitivity_only
id:x%3A0x0.0p%2B0,326,7.018,5.74152,5.699426209932764,0.8443628844628325,defined,0.04985272427507908,sensitivity_only
id:x%3A0x0.0p%2B0,327,7.04,5.7556,5.797693790067236,0.8443628844628325,defined,-0.04985272427507908,sensitivity_only
id:x%3A0x0.0p%2B0,328,7.062,5.76968,5.727586209932764,0.8443628844628325,defined,0.04985272427507908,sensitivity_only
id:x%3A0x0.0p%2B0,329,7.084,5.78376,5.825853790067236,0.8443628844628325,defined,-0.04985272427507908,sensitivity_only
id:x%3A0x0.0p%2B0,330,7.106,5.79784,5.755746209932764,0.8443628844628325,defined,0.04985272427507908,sensitivity_only
id:x%3A0x0.0p%2B0,331,7.128,5.81192,5.854013790067236,0.8443628844628325,defined,-0.04985272427507908,sensitivity_only
id:x%3A0x0.0p%2B0,332,7.15,5.8260000000000005,5.7839062099327645,0.8443628844628325,defined,0.04985272427507908,sensitivity_only
id:x%3A0x0.0p%2B0,333,7.172,5.8400799999999995,5.8821737900672355,0.8443628844628325,defined,-0.04985272427507908,sensitivity_only
id:x%3A0x0.0p%2B0,334,7.194,5.85416,5.812066209932764,0.8443628844628325,defined,0.04985272427507908,sensitivity_only
id:x%3A0x0.0p%2B0,335,7.216,5.86824,5.910333790067236,0.8443628844628325,defined,-0.04985272427507908,sensitivity_only
id:x%3A0x0.0p%2B0,336,7.238,5.88232,5.840226209932764,0.8443628844628325,defined,0.04985272427507908,sensitivity_only
id:x%3A0x0.0p%2B0,337,7.26,5.8964,5.938493790067236,0.8443628844628325,defined,-0.04985272427507908,sensitivity_only
id:x%3A0x0.0p%2B0,338,7.282,5.91048,5.868386209932764,0.8443628844628325,defined,0.04985272427507908,sensitivity_only
id:x%3A0x0.0p%2B0,339,7.304,5.9245600000000005,5.9666537900672365,0.8443628844628325,defined,-0.04985272427507908,sensitivity_only
id:x%3A0x0.0p%2B0,340,7.326,5.9386399999999995,5.8965462099327635,0.8443628844628325,defined,0.04985272427507908,sensitivity_only
id:x%3A0x0.0p%2B0,341,7.348,5.95272,5.994813790067236,0.8443628844628325,defined,-0.04985272427507908,sensitivity_only
id:x%3A0x0.0p%2B0,342,7.37,5.9668,5.924706209932764,0.8443628844628325,defined,0.04985272427507908,sensitivity_only
id:x%3A0x0.0p%2B0,343,7.392,5.98088,6.022973790067236,0.8443628844628325,defined,-0.04985272427507908,sensitivity_only
id:x%3A0x0.0p%2B0,344,7.414,5.99496,5.952866209932764,0.8443628844628325,defined,0.04985272427507908,sensitivity_only
id:x%3A0x0.0p%2B0,345,7.436,6.00904,6.051133790067236,0.8443628844628325,defined,-0.04985272427507908,sensitivity_only
id:x%3A0x0.0p%2B0,346,7.458,6.0231200000000005,5.9810262099327645,0.8443628844628325,defined,0.04985272427507908,sensitivity_only
id:x%3A0x0.0p%2B0,347,7.48,6.0372,6.079293790067236,0.8443628844628325,defined,-0.04985272427507908,sensitivity_only
id:x%3A0x0.0p%2B0,348,7.502,6.05128,6.011290948939013,0.8021437472571021,defined,0.04985272427507908,sensitivity_only
id:x%3A0x0.0p%2B0,349,7.524,6.06536,6.105349051060987,0.8021437472571021,defined,-0.04985272427507908,sensitivity_only
id:x%3A0x0.0p%2B0,350,7.546,6.07944,6.039450948939013,0.8021437472571021,defined,0.04985272427507908,sensitivity_only
id:x%3A0x0.0p%2B0,351,7.568,6.09352,6.133509051060987,0.8021437472571021,defined,-0.04985272427507908,sensitivity_only
id:x%3A0x0.0p%2B0,352,7.59,6.1076,6.067610948939013,0.8021437472571021,defined,0.04985272427507908,sensitivity_only
id:x%3A0x0.0p%2B0,353,7.612,6.1216800000000005,6.161669051060987,0.8021437472571021,defined,-0.04985272427507908,sensitivity_only
id:x%3A0x0.0p%2B0,354,7.634,6.13576,6.0957709489390135,0.8021437472571021,defined,0.04985272427507908,sensitivity_only
id:x%3A0x0.0p%2B0,355,7.656,6.14984,6.189829051060987,0.8021437472571021,defined,-0.04985272427507908,sensitivity_only
id:x%3A0x0.0p%2B0,356,7.678,6.16392,6.123930948939013,0.8021437472571021,defined,0.04985272427507908,sensitivity_only
id:x%3A0x0.0p%2B0,357,7.7,6.178,6.217989051060987,0.8021437472571021,defined,-0.04985272427507908,sensitivity_only
id:x%3A0x0.0p%2B0,358,7.722,6.192080000000001,6.152090948939014,0.8021437472571021,defined,0.04985272427507908,sensitivity_only
id:x%3A0x0.0p%2B0,359,7.744,6.20616,6.2461490510609865,0.8021437472571021,defined,-0.04985272427507908,sensitivity_only
id:x%3A0x0.0p%2B0,360,7.766,6.22024,6.180250948939014,0.8021437472571021,defined,0.04985272427507908,sensitivity_only
id:x%3A0x0.0p%2B0,361,7.788,6.23432,6.274309051060987,0.8021437472571021,defined,-0.04985272427507908,sensitivity_only
id:x%3A0x0.0p%2B0,362,7.81,6.2484,6.208410948939013,0.8021437472571021,defined,0.04985272427507908,sensitivity_only
id:x%3A0x0.0p%2B0,363,7.832,6.26248,6.302469051060987,0.8021437472571021,defined,-0.04985272427507908,sensitivity_only
id:x%3A0x0.0p%2B0,364,7.854,6.27656,6.236570948939013,0.8021437472571021,defined,0.04985272427507908,sensitivity_only
id:x%3A0x0.0p%2B0,365,7.876,6.290640000000001,6.3306290510609875,0.8021437472571021,defined,-0.04985272427507908,sensitivity_only
id:x%3A0x0.0p%2B0,366,7.898,6.30472,6.264730948939013,0.8021437472571021,defined,0.04985272427507908,sensitivity_only
id:x%3A0x0.0p%2B0,367,7.92,6.3188,6.358789051060987,0.8021437472571021,defined,-0.04985272427507908,sensitivity_only
id:x%3A0x0.0p%2B0,368,7.942,6.33288,6.2928909489390135,0.8021437472571021,defined,0.04985272427507908,sensitivity_only
id:x%3A0x0.0p%2B0,369,7.964,6.34696,6.386949051060987,0.8021437472571021,defined,-0.04985272427507908,sensitivity_only
id:x%3A0x0.0p%2B0,370,7.986,6.36104,6.321050948939013,0.8021437472571021,defined,0.04985272427507908,sensitivity_only
id:x%3A0x0.0p%2B0,371,8.0,6.37,6.409989051060987,0.8021437472571021,defined,-0.04985272427507908,sensitivity_only
id:x%3A0x0.0p%2B0,372,8.008,6.37512,6.335130948939013,0.8021437472571021,defined,0.04985272427507908,sensitivity_only
id:x%3A0x0.0p%2B0,373,8.03,6.3892,6.429189051060987,0.8021437472571021,defined,-0.04985272427507908,sensitivity_only
id:x%3A0x0.0p%2B0,374,8.052,6.40328,6.363290948939013,0.8021437472571021,defined,0.04985272427507908,sensitivity_only
id:x%3A0x0.0p%2B0,375,8.074,6.41736,6.457349051060987,0.8021437472571021,defined,-0.04985272427507908,sensitivity_only
id:x%3A0x0.0p%2B0,376,8.096,6.43144,6.391450948939013,0.8021437472571021,defined,0.04985272427507908,sensitivity_only
id:x%3A0x0.0p%2B0,377,8.118,6.44552,6.485509051060987,0.8021437472571021,defined,-0.04985272427507908,sensitivity_only
id:x%3A0x0.0p%2B0,378,8.14,6.459600000000001,6.419610948939014,0.8021437472571021,defined,0.04985272427507908,sensitivity_only
id:x%3A0x0.0p%2B0,379,8.162,6.473680000000001,6.513669051060988,0.8021437472571021,defined,-0.04985272427507908,sensitivity_only
id:x%3A0x0.0p%2B0,380,8.184,6.48776,6.447770948939013,0.8021437472571021,defined,0.04985272427507908,sensitivity_only
id:x%3A0x0.0p%2B0,381,8.206,6.50184,6.5418290510609864,0.8021437472571021,defined,-0.04985272427507908,sensitivity_only
id:x%3A0x0.0p%2B0,382,8.228,6.51592,6.4759309489390136,0.8021437472571021,defined,0.04985272427507908,sensitivity_only
id:x%3A0x0.0p%2B0,383,8.25,6.53,6.569989051060987,0.8021437472571021,defined,-0.04985272427507908,sensitivity_only
id:x%3A0x0.0p%2B0,384,8.272,6.54408,6.504090948939013,0.8021437472571021,defined,0.04985272427507908,sensitivity_only
id:x%3A0x0.0p%2B0,385,8.294,6.55816,6.598149051060987,0.8021437472571021,defined,-0.04985272427507908,sensitivity_only
id:x%3A0x0.0p%2B0,386,8.316,6.572240000000001,6.532250948939014,0.8021437472571021,defined,0.04985272427507908,sensitivity_only
id:x%3A0x0.0p%2B0,387,8.338,6.58632,6.6263090510609866,0.8021437472571021,defined,-0.04985272427507908,sensitivity_only
id:x%3A0x0.0p%2B0,388,8.36,6.6004,6.560410948939013,0.8021437472571021,defined,0.04985272427507908,sensitivity_only
id:x%3A0x0.0p%2B0,389,8.382,6.6144799999999995,6.654469051060986,0.8021437472571021,defined,-0.04985272427507908,sensitivity_only
id:x%3A0x0.0p%2B0,390,8.404,6.62856,6.588570948939013,0.8021437472571021,defined,0.04985272427507908,sensitivity_only
id:x%3A0x0.0p%2B0,391,8.426,6.64264,6.682629051060987,0.8021437472571021,defined,-0.04985272427507908,sensitivity_only
id:x%3A0x0.0p%2B0,392,8.448,6.65672,6.616730948939013,0.8021437472571021,defined,0.04985272427507908,sensitivity_only
id:x%3A0x0.0p%2B0,393,8.47,6.670800000000001,6.7107890510609876,0.8021437472571021,defined,-0.04985272427507908,sensitivity_only
id:x%3A0x0.0p%2B0,394,8.492,6.684880000000001,6.644890948939014,0.8021437472571021,defined,0.04985272427507908,sensitivity_only
id:x%3A0x0.0p%2B0,395,8.514,6.69896,6.734694896692797,0.7168093060595385,defined,-0.04985272427507908,sensitivity_only
id:x%3A0x0.0p%2B0,396,8.536,6.7130399999999995,6.677305103307202,0.7168093060595385,defined,0.04985272427507908,sensitivity_only
id:x%3A0x0.0p%2B0,397,8.558,6.72712,6.762854896692797,0.7168093060595385,defined,-0.04985272427507908,sensitivity_only
id:x%3A0x0.0p%2B0,398,8.58,6.7412,6.705465103307203,0.7168093060595385,defined,0.04985272427507908,sensitivity_only
id:x%3A0x0.0p%2B0,399,8.602,6.75528,6.791014896692797,0.7168093060595385,defined,-0.04985272427507908,sensitivity_only
id:x%3A0x0.0p%2B0,400,8.624,6.769360000000001,6.733625103307204,0.7168093060595385,defined,0.04985272427507908,sensitivity_only
id:x%3A0x0.0p%2B0,401,8.646,6.783440000000001,6.819174896692798,0.7168093060595385,defined,-0.04985272427507908,sensitivity_only
id:x%3A0x0.0p%2B0,402,8.668,6.79752,6.7617851033072025,0.7168093060595385,defined,0.04985272427507908,sensitivity_only
id:x%3A0x0.0p%2B0,403,8.69,6.811599999999999,6.8473348966927965,0.7168093060595385,defined,-0.04985272427507908,sensitivity_only
id:x%3A0x0.0p%2B0,404,8.712,6.82568,6.789945103307203,0.7168093060595385,defined,0.04985272427507908,sensitivity_only
id:x%3A0x0.0p%2B0,405,8.734,6.83976,6.875494896692797,0.7168093060595385,defined,-0.04985272427507908,sensitivity_only
id:x%3A0x0.0p%2B0,406,8.756,6.85384,6.818105103307203,0.7168093060595385,defined,0.04985272427507908,sensitivity_only
id:x%3A0x0.0p%2B0,407,8.778,6.867920000000001,6.903654896692798,0.7168093060595385,defined,-0.04985272427507908,sensitivity_only
id:x%3A0x0.0p%2B0,408,8.8,6.882000000000001,6.8462651033072035,0.7168093060595385,defined,0.04985272427507908,sensitivity_only
id:x%3A0x0.0p%2B0,409,8.822,6.8960799999999995,6.931814896692797,0.7168093060595385,defined,-0.04985272427507908,sensitivity_only
id:x%3A0x0.0p%2B0,410,8.844,6.910159999999999,6.874425103307202,0.7168093060595385,defined,0.04985272427507908,sensitivity_only
id:x%3A0x0.0p%2B0,411,8.866,6.92424,6.959974896692797,0.7168093060595385,defined,-0.04985272427507908,sensitivity_only
id:x%3A0x0.0p%2B0,412,8.888,6.93832,6.902585103307203,0.7168093060595385,defined,0.04985272427507908,sensitivity_only
id:x%3A0x0.0p%2B0,413,8.91,6.9524,6.988134896692797,0.7168093060595385,defined,-0.04985272427507908,sensitivity_only
id:x%3A0x0.0p%2B0,414,8.932,6.966480000000001,6.930745103307204,0.7168093060595385,defined,0.04985272427507908,sensitivity_only
id:x%3A0x0.0p%2B0,415,8.954,6.9805600000000005,7.016294896692798,0.7168093060595385,defined,-0.04985272427507908,sensitivity_only
id:x%3A0x0.0p%2B0,416,8.976,6.99464,6.958905103307203,0.7168093060595385,defined,0.04985272427507908,sensitivity_only
id:x%3A0x0.0p%2B0,417,8.998,7.008719999999999,7.0444548966927965,0.7168093060595385,defined,-0.04985272427507908,sensitivity_only
id:x%3A0x0.0p%2B0,418,9.0,7.01,6.974265103307203,0.7168093060595385,defined,0.04985272427507908,sensitivity_only
id:x%3A0x0.0p%2B0,419,9.02,7.0228,7.058534896692797,0.7168093060595385,defined,-0.04985272427507908,sensitivity_only
id:x%3A0x0.0p%2B0,420,9.042,7.03688,7.001145103307203,0.7168093060595385,defined,0.04985272427507908,sensitivity_only
id:x%3A0x0.0p%2B0,421,9.064,7.05096,7.086694896692797,0.7168093060595385,defined,-0.04985272427507908,sensitivity_only
id:x%3A0x0.0p%2B0,422,9.086,7.065040000000001,7.029305103307204,0.7168093060595385,defined,0.04985272427507908,sensitivity_only
id:x%3A0x0.0p%2B0,423,9.108,7.0791200000000005,7.114854896692798,0.7168093060595385,defined,-0.04985272427507908,sensitivity_only
id:x%3A0x0.0p%2B0,424,9.13,7.0932,7.057465103307203,0.7168093060595385,defined,0.04985272427507908,sensitivity_only
id:x%3A0x0.0p%2B0,425,9.152,7.107279999999999,7.143014896692796,0.7168093060595385,defined,-0.04985272427507908,sensitivity_only
id:x%3A0x0.0p%2B0,426,9.174,7.12136,7.085625103307203,0.7168093060595385,defined,0.04985272427507908,sensitivity_only
id:x%3A0x0.0p%2B0,427,9.196,7.13544,7.171174896692797,0.7168093060595385,defined,-0.04985272427507908,sensitivity_only
id:x%3A0x0.0p%2B0,428,9.218,7.14952,7.113785103307203,0.7168093060595385,defined,0.04985272427507908,sensitivity_only
id:x%3A0x0.0p%2B0,429,9.24,7.163600000000001,7.199334896692798,0.7168093060595385,defined,-0.04985272427507908,sensitivity_only
id:x%3A0x0.0p%2B0,430,9.262,7.1776800000000005,7.1419451033072034,0.7168093060595385,defined,0.04985272427507908,sensitivity_only
id:x%3A0x0.0p%2B0,431,9.284,7.19176,7.227494896692797,0.7168093060595385,defined,-0.04985272427507908,sensitivity_only
id:x%3A0x0.0p%2B0,432,9.306,7.205839999999999,7.170105103307202,0.7168093060595385,defined,0.04985272427507908,sensitivity_only
id:x%3A0x0.0p%2B0,433,9.328,7.21992,7.255654896692797,0.7168093060595385,defined,-0.04985272427507908,sensitivity_only
id:x%3A0x0.0p%2B0,434,9.35,7.234,7.198265103307203,0.7168093060595385,defined,0.04985272427507908,sensitivity_only
id:x%3A0x0.0p%2B0,435,9.372,7.24808,7.283814896692797,0.7168093060595385,defined,-0.04985272427507908,sensitivity_only
id:x%3A0x0.0p%2B0,436,9.394,7.262160000000001,7.226425103307204,0.7168093060595385,defined,0.04985272427507908,sensitivity_only
id:x%3A0x0.0p%2B0,437,9.416,7.2762400000000005,7.3119748966927975,0.7168093060595385,defined,-0.04985272427507908,sensitivity_only
id:x%3A0x0.0p%2B0,438,9.438,7.29032,7.254585103307203,0.7168093060595385,defined,0.04985272427507908,sensitivity_only
id:x%3A0x0.0p%2B0,439,9.46,7.304400000000001,7.340134896692798,0.7168093060595385,defined,-0.04985272427507908,sensitivity_only
id:x%3A0x0.0p%2B0,440,9.482,7.31848,7.282745103307203,0.7168093060595385,defined,0.04985272427507908,sensitivity_only
id:x%3A0x0.0p%2B0,441,9.504,7.33256,7.374653790067236,0.8443628844628325,defined,-0.04985272427507908,sensitivity_only
id:x%3A0x0.0p%2B0,442,9.526,7.34664,7.304546209932764,0.8443628844628325,defined,0.04985272427507908,sensitivity_only
id:x%3A0x0.0p%2B0,443,9.548,7.360720000000001,7.402813790067237,0.8443628844628325,defined,-0.04985272427507908,sensitivity_only
id:x%3A0x0.0p%2B0,444,9.57,7.3748000000000005,7.3327062099327645,0.8443628844628325,defined,0.04985272427507908,sensitivity_only
id:x%3A0x0.0p%2B0,445,9.592,7.38888,7.430973790067236,0.8443628844628325,defined,-0.04985272427507908,sensitivity_only
id:x%3A0x0.0p%2B0,446,9.614,7.40296,7.360866209932764,0.8443628844628325,defined,0.04985272427507908,sensitivity_only
id:x%3A0x0.0p%2B0,447,9.636,7.41704,7.459133790067236,0.8443628844628325,defined,-0.04985272427507908,sensitivity_only
id:x%3A0x0.0p%2B0,448,9.658,7.43112,7.389026209932764,0.8443628844628325,defined,0.04985272427507908,sensitivity_only
id:x%3A0x0.0p%2B0,449,9.68,7.4452,7.487293790067236,0.8443628844628325,defined,-0.04985272427507908,sensitivity_only
id:x%3A0x0.0p%2B0,450,9.702,7.45928,7.417186209932764,0.8443628844628325,defined,0.04985272427507908,sensitivity_only
id:x%3A0x0.0p%2B0,451,9.724,7.4733600000000004,7.5154537900672365,0.8443628844628325,defined,-0.04985272427507908,sensitivity_only
id:x%3A0x0.0p%2B0,452,9.746,7.48744,7.445346209932764,0.8443628844628325,defined,0.04985272427507908,sensitivity_only
id:x%3A0x0.0p%2B0,453,9.768,7.50152,7.543613790067236,0.8443628844628325,defined,-0.04985272427507908,sensitivity_only
id:x%3A0x0.0p%2B0,454,9.79,7.515599999999999,7.473506209932763,0.8443628844628325,defined,0.04985272427507908,sensitivity_only
id:x%3A0x0.0p%2B0,455,9.812,7.52968,7.571773790067236,0.8443628844628325,defined,-0.04985272427507908,sensitivity_only
id:x%3A0x0.0p%2B0,456,9.834,7.54376,7.501666209932764,0.8443628844628325,defined,0.04985272427507908,sensitivity_only
id:x%3A0x0.0p%2B0,457,9.856,7.55784,7.599933790067236,0.8443628844628325,defined,-0.04985272427507908,sensitivity_only
id:x%3A0x0.0p%2B0,458,9.878,7.57192,7.529826209932764,0.8443628844628325,defined,0.04985272427507908,sensitivity_only
id:x%3A0x0.0p%2B0,459,9.9,7.586,7.628093790067236,0.8443628844628325,defined,-0.04985272427507908,sensitivity_only
id:x%3A0x0.0p%2B0,460,9.922,7.60008,7.557986209932764,0.8443628844628325,defined,0.04985272427507908,sensitivity_only
id:x%3A0x0.0p%2B0,461,9.944,7.614160000000001,7.656253790067237,0.8443628844628325,defined,-0.04985272427507908,sensitivity_only
id:x%3A0x0.0p%2B0,462,9.966,7.62824,7.586146209932764,0.8443628844628325,defined,0.04985272427507908,sensitivity_only
id:x%3A0x0.0p%2B0,463,9.988,7.64232,7.684413790067236,0.8443628844628325,defined,-0.04985272427507908,sensitivity_only
id:x%3A0x0.0p%2B0,464,10.0,7.65,7.607906209932764,0.8443628844628325,defined,0.04985272427507908,sensitivity_only
id:x%3A0x0.0p%2B0,465,10.01,7.6564,7.698493790067236,0.8443628844628325,defined,-0.04985272427507908,sensitivity_only
id:x%3A0x0.0p%2B0,466,10.032,7.67048,7.628386209932764,0.8443628844628325,defined,0.04985272427507908,sensitivity_only
id:x%3A0x0.0p%2B0,467,10.054,7.68456,7.726653790067236,0.8443628844628325,defined,-0.04985272427507908,sensitivity_only
id:x%3A0x0.0p%2B0,468,10.076,7.69864,7.656546209932764,0.8443628844628325,defined,0.04985272427507908,sensitivity_only
id:x%3A0x0.0p%2B0,469,10.098,7.712720000000001,7.754813790067237,0.8443628844628325,defined,-0.04985272427507908,sensitivity_only
id:x%3A0x0.0p%2B0,470,10.12,7.7268,7.684706209932764,0.8443628844628325,defined,0.04985272427507908,sensitivity_only
id:x%3A0x0.0p%2B0,471,10.142,7.74088,7.782973790067236,0.8443628844628325,defined,-0.04985272427507908,sensitivity_only
id:x%3A0x0.0p%2B0,472,10.164,7.75496,7.712866209932764,0.8443628844628325,defined,0.04985272427507908,sensitivity_only
id:x%3A0x0.0p%2B0,473,10.186,7.76904,7.811133790067236,0.8443628844628325,defined,-0.04985272427507908,sensitivity_only
id:x%3A0x0.0p%2B0,474,10.208,7.78312,7.741026209932764,0.8443628844628325,defined,0.04985272427507908,sensitivity_only
id:x%3A0x0.0p%2B0,475,10.23,7.7972,7.839293790067236,0.8443628844628325,defined,-0.04985272427507908,sensitivity_only
id:x%3A0x0.0p%2B0,476,10.252,7.811280000000001,7.769186209932765,0.8443628844628325,defined,0.04985272427507908,sensitivity_only
id:x%3A0x0.0p%2B0,477,10.274,7.82536,7.867453790067236,0.8443628844628325,defined,-0.04985272427507908,sensitivity_only
id:x%3A0x0.0p%2B0,478,10.296,7.83944,7.797346209932764,0.8443628844628325,defined,0.04985272427507908,sensitivity_only
id:x%3A0x0.0p%2B0,479,10.318,7.85352,7.895613790067236,0.8443628844628325,defined,-0.04985272427507908,sensitivity_only
id:x%3A0x0.0p%2B0,480,10.34,7.8676,7.825506209932764,0.8443628844628325,defined,0.04985272427507908,sensitivity_only
id:x%3A0x0.0p%2B0,481,10.362,7.88168,7.923773790067236,0.8443628844628325,defined,-0.04985272427507908,sensitivity_only
id:x%3A0x0.0p%2B0,482,10.384,7.89576,7.853666209932764,0.8443628844628325,defined,0.04985272427507908,sensitivity_only
id:x%3A0x0.0p%2B0,483,10.406,7.909840000000001,7.951933790067237,0.8443628844628325,defined,-0.04985272427507908,sensitivity_only
id:x%3A0x0.0p%2B0,484,10.428,7.923920000000001,7.881826209932765,0.8443628844628325,defined,0.04985272427507908,sensitivity_only
id:x%3A0x0.0p%2B0,485,10.45,7.938,7.980093790067236,0.8443628844628325,defined,-0.04985272427507908,sensitivity_only
id:x%3A0x0.0p%2B0,486,10.472,7.95208,7.909986209932764,0.8443628844628325,defined,0.04985272427507908,sensitivity_only
id:x%3A0x0.0p%2B0,487,10.494,7.96616,8.008253790067236,0.8443628844628325,defined,-0.04985272427507908,sensitivity_only
id:x%3A0x0.0p%2B0,488,10.516,7.98024,7.944505103307203,0.7168093060595381,defined,0.04985272427507908,sensitivity_only
id:x%3A0x0.0p%2B0,489,10.538,7.99432,8.030054896692796,0.7168093060595381,defined,-0.04985272427507908,sensitivity_only
id:x%3A0x0.0p%2B0,490,10.56,8.008400000000002,7.972665103307205,0.7168093060595381,defined,0.04985272427507908,sensitivity_only
id:x%3A0x0.0p%2B0,491,10.582,8.022480000000002,8.058214896692798,0.7168093060595381,defined,-0.04985272427507908,sensitivity_only
id:x%3A0x0.0p%2B0,492,10.604,8.03656,8.000825103307204,0.7168093060595381,defined,0.04985272427507908,sensitivity_only
id:x%3A0x0.0p%2B0,493,10.626,8.05064,8.086374896692796,0.7168093060595381,defined,-0.04985272427507908,sensitivity_only
id:x%3A0x0.0p%2B0,494,10.648,8.064720000000001,8.028985103307205,0.7168093060595381,defined,0.04985272427507908,sensitivity_only
id:x%3A0x0.0p%2B0,495,10.67,8.078800000000001,8.114534896692797,0.7168093060595381,defined,-0.04985272427507908,sensitivity_only
id:x%3A0x0.0p%2B0,496,10.692,8.092880000000001,8.057145103307205,0.7168093060595381,defined,0.04985272427507908,sensitivity_only
id:x%3A0x0.0p%2B0,497,10.714,8.10696,8.142694896692797,0.7168093060595381,defined,-0.04985272427507908,sensitivity_only
id:x%3A0x0.0p%2B0,498,10.736,8.12104,8.085305103307205,0.7168093060595381,defined,0.04985272427507908,sensitivity_only
id:x%3A0x0.0p%2B0,499,10.758,8.13512,8.170854896692797,0.7168093060595381,defined,-0.04985272427507908,sensitivity_only
id:x%3A0x0.0p%2B0,500,10.78,8.1492,8.113465103307204,0.7168093060595381,defined,0.04985272427507908,sensitivity_only
id:x%3A0x0.0p%2B0,501,10.802,8.16328,8.199014896692796,0.7168093060595381,defined,-0.04985272427507908,sensitivity_only
id:x%3A0x0.0p%2B0,502,10.824,8.17736,8.141625103307204,0.7168093060595381,defined,0.04985272427507908,sensitivity_only
id:x%3A0x0.0p%2B0,503,10.846,8.19144,8.227174896692796,0.7168093060595381,defined,-0.04985272427507908,sensitivity_only
id:x%3A0x0.0p%2B0,504,10.868,8.20552,8.169785103307204,0.7168093060595381,defined,0.04985272427507908,sensitivity_only
id:x%3A0x0.0p%2B0,505,10.89,8.2196,8.255334896692796,0.7168093060595381,defined,-0.04985272427507908,sensitivity_only
id:x%3A0x0.0p%2B0,506,10.912,8.23368,8.197945103307203,0.7168093060595381,defined,0.04985272427507908,sensitivity_only
id:x%3A0x0.0p%2B0,507,10.934,8.24776,8.283494896692796,0.7168093060595381,defined,-0.04985272427507908,sensitivity_only
id:x%3A0x0.0p%2B0,508,10.956,8.26184,8.226105103307203,0.7168093060595381,defined,0.04985272427507908,sensitivity_only
id:x%3A0x0.0p%2B0,509,10.978,8.27592,8.311654896692795,0.7168093060595381,defined,-0.04985272427507908,sensitivity_only
id:x%3A0x0.0p%2B0,510,11.0,8.29,8.254265103307203,0.7168093060595381,defined,0.04985272427507908,sensitivity_only
id:x%3A0x1.0000000000000p%2B0,0,0.0,1.25,1.1661757927915921,0.8698738483891382,defined,0.09636363636363637,sensitivity_only
id:x%3A0x1.0000000000000p%2B0,1,0.022,1.26408,1.3058686508953787,0.8698738483891382,defined,-0.04803989793780348,sensitivity_only
id:x%3A0x1.0000000000000p%2B0,2,0.044,1.27816,1.2363713491046213,0.8698738483891382,defined,0.04803989793780348,sensitivity_only
id:x%3A0x1.0000000000000p%2B0,3,0.066,1.29224,1.3340286508953785,0.8698738483891382,defined,-0.04803989793780348,sensitivity_only
id:x%3A0x1.0000000000000p%2B0,4,0.088,1.30632,1.2645313491046215,0.8698738483891382,defined,0.04803989793780348,sensitivity_only
id:x%3A0x1.0000000000000p%2B0,5,0.11,1.3204,1.3621886508953787,0.8698738483891382,defined,-0.04803989793780348,sensitivity_only
id:x%3A0x1.0000000000000p%2B0,6,0.132,1.33448,1.2926913491046217,0.8698738483891382,defined,0.04803989793780348,sensitivity_only
id:x%3A0x1.0000000000000p%2B0,7,0.154,1.34856,1.3903486508953784,0.8698738483891382,defined,-0.04803989793780348,sensitivity_only
id:x%3A0x1.0000000000000p%2B0,8,0.176,1.36264,1.3208513491046214,0.8698738483891382,defined,0.04803989793780348,sensitivity_only
id:x%3A0x1.0000000000000p%2B0,9,0.198,1.37672,1.4185086508953786,0.8698738483891382,defined,-0.04803989793780348,sensitivity_only
id:x%3A0x1.0000000000000p%2B0,10,0.22,1.3908,1.3490113491046216,0.8698738483891382,defined,0.04803989793780348,sensitivity_only
id:x%3A0x1.0000000000000p%2B0,11,0.242,1.40488,1.4466686508953783,0.8698738483891382,defined,-0.04803989793780348,sensitivity_only
id:x%3A0x1.0000000000000p%2B0,12,0.264,1.41896,1.3771713491046214,0.8698738483891382,defined,0.04803989793780348,sensitivity_only
id:x%3A0x1.0000000000000p%2B0,13,0.286,1.43304,1.4748286508953785,0.8698738483891382,defined,-0.04803989793780348,sensitivity_only
id:x%3A0x1.0000000000000p%2B0,14,0.308,1.44712,1.4053313491046215,0.8698738483891382,defined,0.04803989793780348,sensitivity_only
id:x%3A0x1.0000000000000p%2B0,15,0.33,1.4612,1.5029886508953787,0.8698738483891382,defined,-0.04803989793780348,sensitivity_only
id:x%3A0x1.0000000000000p%2B0,16,0.352,1.47528,1.4334913491046213,0.8698738483891382,defined,0.04803989793780348,sensitivity_only
id:x%3A0x1.0000000000000p%2B0,17,0.374,1.48936,1.5311486508953784,0.8698738483891382,defined,-0.04803989793780348,sensitivity_only
id:x%3A0x1.0000000000000p%2B0,18,0.396,1.5034399999999999,1.4616513491046215,0.8698738483891382,defined,0.04803989793780348,sensitivity_only
id:x%3A0x1.0000000000000p%2B0,19,0.418,1.51752,1.5593086508953786,0.8698738483891382,defined,-0.04803989793780348,sensitivity_only
id:x%3A0x1.0000000000000p%2B0,20,0.44,1.5316,1.4898113491046217,0.8698738483891382,defined,0.04803989793780348,sensitivity_only
id:x%3A0x1.0000000000000p%2B0,21,0.462,1.54568,1.5874686508953784,0.8698738483891382,defined,-0.04803989793780348,sensitivity_only
id:x%3A0x1.0000000000000p%2B0,22,0.484,1.55976,1.5179713491046214,0.8698738483891382,defined,0.04803989793780348,sensitivity_only
id:x%3A0x1.0000000000000p%2B0,23,0.506,1.5738400000000001,1.6156286508953788,0.8698738483891386,defined,-0.04803989793780348,sensitivity_only
id:x%3A0x1.0000000000000p%2B0,24,0.528,1.58792,1.5461313491046214,0.8698738483891386,defined,0.04803989793780348,sensitivity_only
id:x%3A0x1.0000000000000p%2B0,25,0.55,1.602,1.6437886508953787,0.8698738483891386,defined,-0.04803989793780348,sensitivity_only
id:x%3A0x1.0000000000000p%2B0,26,0.572,1.61608,1.5742913491046213,0.8698738483891386,defined,0.04803989793780348,sensitivity_only
id:x%3A0x1.0000000000000p%2B0,27,0.594,1.63016,1.6719486508953787,0.8698738483891386,defined,-0.04803989793780348,sensitivity_only
id:x%3A0x1.0000000000000p%2B0,28,0.616,1.64424,1.6024513491046213,0.8698738483891386,defined,0.04803989793780348,sensitivity_only
id:x%3A0x1.0000000000000p%2B0,29,0.638,1.65832,1.7001086508953787,0.8698738483891386,defined,-0.04803989793780348,sensitivity_only
id:x%3A0x1.0000000000000p%2B0,30,0.66,1.6724,1.6306113491046215,0.8698738483891386,defined,0.04803989793780348,sensitivity_only
id:x%3A0x1.0000000000000p%2B0,31,0.682,1.68648,1.7282686508953786,0.8698738483891386,defined,-0.04803989793780348,sensitivity_only
id:x%3A0x1.0000000000000p%2B0,32,0.704,1.7005599999999998,1.6587713491046212,0.8698738483891386,defined,0.04803989793780348,sensitivity_only
id:x%3A0x1.0000000000000p%2B0,33,0.726,1.71464,1.7564286508953786,0.8698738483891386,defined,-0.04803989793780348,sensitivity_only
id:x%3A0x1.0000000000000p%2B0,34,0.748,1.72872,1.6869313491046214,0.8698738483891386,defined,0.04803989793780348,sensitivity_only
id:x%3A0x1.0000000000000p%2B0,35,0.77,1.7428,1.7845886508953785,0.8698738483891386,defined,-0.04803989793780348,sensitivity_only
id:x%3A0x1.0000000000000p%2B0,36,0.792,1.75688,1.7150913491046214,0.8698738483891386,defined,0.04803989793780348,sensitivity_only
id:x%3A0x1.0000000000000p%2B0,37,0.814,1.77096,1.8127486508953787,0.8698738483891386,defined,-0.04803989793780348,sensitivity_only
id:x%3A0x1.0000000000000p%2B0,38,0.836,1.78504,1.7432513491046213,0.8698738483891386,defined,0.04803989793780348,sensitivity_only
id:x%3A0x1.0000000000000p%2B0,39,0.858,1.79912,1.8409086508953787,0.8698738483891386,defined,-0.04803989793780348,sensitivity_only
id:x%3A0x1.0000000000000p%2B0,40,0.88,1.8132000000000001,1.7714113491046215,0.8698738483891386,defined,0.04803989793780348,sensitivity_only
id:x%3A0x1.0000000000000p%2B0,41,0.902,1.82728,1.8690686508953787,0.8698738483891386,defined,-0.04803989793780348,sensitivity_only
id:x%3A0x1.0000000000000p%2B0,42,0.924,1.8413599999999999,1.7995713491046212,0.8698738483891386,defined,0.04803989793780348,sensitivity_only
id:x%3A0x1.0000000000000p%2B0,43,0.946,1.85544,1.8972286508953786,0.8698738483891386,defined,-0.04803989793780348,sensitivity_only
id:x%3A0x1.0000000000000p%2B0,44,0.968,1.86952,1.8277313491046214,0.8698738483891386,defined,0.04803989793780348,sensitivity_only
id:x%3A0x1.0000000000000p%2B0,45,0.99,1.8836,1.9253886508953786,0.8698738483891386,defined,-0.04803989793780348,sensitivity_only
id:x%3A0x1.0000000000000p%2B0,46,1.0,1.8900000000000001,1.8482113491046215,0.8698738483891386,defined,0.04803989793780348,sensitivity_only
id:x%3A0x1.0000000000000p%2B0,47,1.012,1.89768,1.9394686508953787,0.8698738483891386,defined,-0.04803989793780348,sensitivity_only
id:x%3A0x1.0000000000000p%2B0,48,1.034,1.9117600000000001,1.8699713491046215,0.8698738483891386,defined,0.04803989793780348,sensitivity_only
id:x%3A0x1.0000000000000p%2B0,49,1.056,1.92584,1.9676286508953786,0.8698738483891386,defined,-0.04803989793780348,sensitivity_only
id:x%3A0x1.0000000000000p%2B0,50,1.078,1.93992,1.8981313491046214,0.8698738483891386,defined,0.04803989793780348,sensitivity_only
id:x%3A0x1.0000000000000p%2B0,51,1.1,1.9540000000000002,1.9957886508953788,0.8698738483891386,defined,-0.04803989793780348,sensitivity_only
id:x%3A0x1.0000000000000p%2B0,52,1.122,1.96808,1.9262913491046214,0.8698738483891386,defined,0.04803989793780348,sensitivity_only
id:x%3A0x1.0000000000000p%2B0,53,1.144,1.98216,2.0239486508953783,0.8698738483891386,defined,-0.04803989793780348,sensitivity_only
id:x%3A0x1.0000000000000p%2B0,54,1.166,1.99624,1.9544513491046214,0.8698738483891386,defined,0.04803989793780348,sensitivity_only
id:x%3A0x1.0000000000000p%2B0,55,1.188,2.01032,2.0521086508953785,0.8698738483891386,defined,-0.04803989793780348,sensitivity_only
id:x%3A0x1.0000000000000p%2B0,56,1.21,2.0244,1.9826113491046213,0.8698738483891386,defined,0.04803989793780348,sensitivity_only
id:x%3A0x1.0000000000000p%2B0,57,1.232,2.03848,2.0802686508953783,0.8698738483891386,defined,-0.04803989793780348,sensitivity_only
id:x%3A0x1.0000000000000p%2B0,58,1.254,2.05256,2.0107713491046217,0.8698738483891386,defined,0.04803989793780348,sensitivity_only
id:x%3A0x1.0000000000000p%2B0,59,1.276,2.06664,2.1084286508953785,0.8698738483891386,defined,-0.04803989793780348,sensitivity_only
id:x%3A0x1.0000000000000p%2B0,60,1.298,2.08072,2.0389313491046215,0.8698738483891386,defined,0.04803989793780348,sensitivity_only
id:x%3A0x1.0000000000000p%2B0,61,1.32,2.0948,2.1365886508953786,0.8698738483891386,defined,-0.04803989793780348,sensitivity_only
id:x%3A0x1.0000000000000p%2B0,62,1.342,2.10888,2.0670913491046217,0.8698738483891386,defined,0.04803989793780348,sensitivity_only
id:x%3A0x1.0000000000000p%2B0,63,1.364,2.12296,2.1647486508953784,0.8698738483891386,defined,-0.04803989793780348,sensitivity_only
id:x%3A0x1.0000000000000p%2B0,64,1.386,2.13704,2.0952513491046214,0.8698738483891386,defined,0.04803989793780348,sensitivity_only
id:x%3A0x1.0000000000000p%2B0,65,1.408,2.1511199999999997,2.192908650895378,0.8698738483891386,defined,-0.04803989793780348,sensitivity_only
id:x%3A0x1.0000000000000p%2B0,66,1.43,2.1652,2.1234113491046216,0.8698738483891386,defined,0.04803989793780348,sensitivity_only
id:x%3A0x1.0000000000000p%2B0,67,1.452,2.17928,2.2210686508953783,0.8698738483891386,defined,-0.04803989793780348,sensitivity_only
id:x%3A0x1.0000000000000p%2B0,68,1.474,2.19336,2.1515713491046218,0.8698738483891386,defined,0.04803989793780348,sensitivity_only
id:x%3A0x1.0000000000000p%2B0,69,1.496,2.20744,2.2492286508953785,0.8698738483891386,defined,-0.04803989793780348,sensitivity_only
id:x%3A0x1.0000000000000p%2B0,70,1.518,2.22152,2.1684371191328973,1.1049748884943107,defined,0.04803989793780348,sensitivity_only
id:x%3A0x1.0000000000000p%2B0,71,1.54,2.2356,2.2886828808671025,1.1049748884943107,defined,-0.04803989793780348,sensitivity_only
id:x%3A0x1.0000000000000p%2B0,72,1.562,2.24968,2.1965971191328975,1.1049748884943107,defined,0.04803989793780348,sensitivity_only
id:x%3A0x1.0000000000000p%2B0,73,1.584,2.26376,2.3168428808671027,1.1049748884943107,defined,-0.04803989793780348,sensitivity_only
id:x%3A0x1.0000000000000p%2B0,74,1.606,2.2778400000000003,2.2247571191328976,1.1049748884943107,defined,0.04803989793780348,sensitivity_only
id:x%3A0x1.0000000000000p%2B0,75,1.628,2.29192,2.345002880867103,1.1049748884943107,defined,-0.04803989793780348,sensitivity_only
id:x%3A0x1.0000000000000p%2B0,76,1.65,2.306,2.2529171191328974,1.1049748884943107,defined,0.04803989793780348,sensitivity_only
id:x%3A0x1.0000000000000p%2B0,77,1.672,2.32008,2.3731628808671026,1.1049748884943107,defined,-0.04803989793780348,sensitivity_only
id:x%3A0x1.0000000000000p%2B0,78,1.694,2.33416,2.281077119132897,1.1049748884943107,defined,0.04803989793780348,sensitivity_only
id:x%3A0x1.0000000000000p%2B0,79,1.716,2.34824,2.4013228808671028,1.1049748884943107,defined,-0.04803989793780348,sensitivity_only
id:x%3A0x1.0000000000000p%2B0,80,1.738,2.36232,2.3092371191328973,1.1049748884943107,defined,0.04803989793780348,sensitivity_only
id:x%3A0x1.0000000000000p%2B0,81,1.76,2.3764000000000003,2.429482880867103,1.1049748884943107,defined,-0.04803989793780348,sensitivity_only
id:x%3A0x1.0000000000000p%2B0,82,1.782,2.39048,2.3373971191328975,1.1049748884943107,defined,0.04803989793780348,sensitivity_only
id:x%3A0x1.0000000000000p%2B0,83,1.804,2.40456,2.4576428808671027,1.1049748884943107,defined,-0.04803989793780348,sensitivity_only
id:x%3A0x1.0000000000000p%2B0,84,1.826,2.41864,2.3655571191328972,1.1049748884943107,defined,0.04803989793780348,sensitivity_only
id:x%3A0x1.0000000000000p%2B0,85,1.848,2.4327199999999998,2.4858028808671024,1.1049748884943107,defined,-0.04803989793780348,sensitivity_only
id:x%3A0x1.0000000000000p%2B0,86,1.87,2.4468,2.3937171191328974,1.1049748884943107,defined,0.04803989793780348,sensitivity_only
id:x%3A0x1.0000000000000p%2B0,87,1.892,2.46088,2.5139628808671026,1.1049748884943107,defined,-0.04803989793780348,sensitivity_only
id:x%3A0x1.0000000000000p%2B0,88,1.914,2.4749600000000003,2.4218771191328976,1.1049748884943107,defined,0.04803989793780348,sensitivity_only
id:x%3A0x1.0000000000000p%2B0,89,1.936,2.48904,2.542122880867103,1.1049748884943107,defined,-0.04803989793780348,sensitivity_only
id:x%3A0x1.0000000000000p%2B0,90,1.958,2.50312,2.4500371191328973,1.1049748884943107,defined,0.04803989793780348,sensitivity_only
id:x%3A0x1.0000000000000p%2B0,91,1.98,2.5172,2.5702828808671025,1.1049748884943107,defined,-0.04803989793780348,sensitivity_only
id:x%3A0x1.0000000000000p%2B0,92,2.0,2.5300000000000002,2.4769171191328976,1.1049748884943107,defined,0.04803989793780348,sensitivity_only
id:x%3A0x1.0000000000000p%2B0,93,2.002,2.5312799999999998,2.5843628808671024,1.1049748884943107,defined,-0.04803989793780348,sensitivity_only
id:x%3A0x1.0000000000000p%2B0,94,2.024,2.54536,2.4922771191328974,1.1049748884943107,defined,0.04803989793780348,sensitivity_only
id:x%3A0x1.0000000000000p%2B0,95,2.046,2.55944,2.6125228808671026,1.1049748884943107,defined,-0.04803989793780348,sensitivity_only
id:x%3A0x1.0000000000000p%2B0,96,2.068,2.5735200000000003,2.5204371191328976,1.1049748884943107,defined,0.04803989793780348,sensitivity_only
id:x%3A0x1.0000000000000p%2B0,97,2.09,2.5876,2.640682880867103,1.1049748884943107,defined,-0.04803989793780348,sensitivity_only
id:x%3A0x1.0000000000000p%2B0,98,2.112,2.60168,2.5485971191328973,1.1049748884943107,defined,0.04803989793780348,sensitivity_only
id:x%3A0x1.0000000000000p%2B0,99,2.134,2.61576,2.6688428808671025,1.1049748884943107,defined,-0.04803989793780348,sensitivity_only
id:x%3A0x1.0000000000000p%2B0,100,2.156,2.62984,2.5767571191328975,1.1049748884943107,defined,0.04803989793780348,sensitivity_only
id:x%3A0x1.0000000000000p%2B0,101,2.178,2.64392,2.6970028808671027,1.1049748884943107,defined,-0.04803989793780348,sensitivity_only
id:x%3A0x1.0000000000000p%2B0,102,2.2,2.6580000000000004,2.6049171191328977,1.1049748884943107,defined,0.04803989793780348,sensitivity_only
id:x%3A0x1.0000000000000p%2B0,103,2.222,2.6720800000000002,2.725162880867103,1.1049748884943107,defined,-0.04803989793780348,sensitivity_only
id:x%3A0x1.0000000000000p%2B0,104,2.244,2.68616,2.6330771191328974,1.1049748884943107,defined,0.04803989793780348,sensitivity_only
id:x%3A0x1.0000000000000p%2B0,105,2.266,2.70024,2.7533228808671026,1.1049748884943107,defined,-0.04803989793780348,sensitivity_only
id:x%3A0x1.0000000000000p%2B0,106,2.288,2.71432,2.661237119132897,1.1049748884943107,defined,0.04803989793780348,sensitivity_only
id:x%3A0x1.0000000000000p%2B0,107,2.31,2.7284,2.781482880867103,1.1049748884943107,defined,-0.04803989793780348,sensitivity_only
id:x%3A0x1.0000000000000p%2B0,108,2.332,2.74248,2.6893971191328974,1.1049748884943107,defined,0.04803989793780348,sensitivity_only
id:x%3A0x1.0000000000000p%2B0,109,2.354,2.7565600000000003,2.809642880867103,1.1049748884943107,defined,-0.04803989793780348,sensitivity_only
id:x%3A0x1.0000000000000p%2B0,110,2.376,2.77064,2.7175571191328975,1.1049748884943107,defined,0.04803989793780348,sensitivity_only
id:x%3A0x1.0000000000000p%2B0,111,2.398,2.78472,2.8378028808671028,1.1049748884943107,defined,-0.04803989793780348,sensitivity_only
id:x%3A0x1.0000000000000p%2B0,112,2.42,2.7988,2.7457171191328973,1.1049748884943107,defined,0.04803989793780348,sensitivity_only
id:x%3A0x1.0000000000000p%2B0,113,2.442,2.81288,2.8659628808671025,1.1049748884943107,defined,-0.04803989793780348,sensitivity_only
id:x%3A0x1.0000000000000p%2B0,114,2.464,2.8269599999999997,2.773877119132897,1.1049748884943107,defined,0.04803989793780348,sensitivity_only
id:x%3A0x1.0000000000000p%2B0,115,2.486,2.8410400000000005,2.894122880867103,1.1049748884943107,defined,-0.04803989793780348,sensitivity_only
id:x%3A0x1.0000000000000p%2B0,116,2.508,2.8551200000000003,2.80768423411876,0.9874243684417244,defined,0.04803989793780348,sensitivity_only
id:x%3A0x1.0000000000000p%2B0,117,2.53,2.8692,2.9166357658812405,0.9874243684417244,defined,-0.04803989793780348,sensitivity_only
id:x%3A0x1.0000000000000p%2B0,118,2.552,2.88328,2.8358442341187597,0.9874243684417244,defined,0.04803989793780348,sensitivity_only
id:x%3A0x1.0000000000000p%2B0,119,2.574,2.89736,2.9447957658812403,0.9874243684417244,defined,-0.04803989793780348,sensitivity_only
id:x%3A0x1.0000000000000p%2B0,120,2.596,2.91144,2.8640042341187595,0.9874243684417244,defined,0.04803989793780348,sensitivity_only
id:x%3A0x1.0000000000000p%2B0,121,2.618,2.9255199999999997,2.97295576588124,0.9874243684417244,defined,-0.04803989793780348,sensitivity_only
id:x%3A0x1.0000000000000p%2B0,122,2.64,2.9396000000000004,2.89216423411876,0.9874243684417244,defined,0.04803989793780348,sensitivity_only
id:x%3A0x1.0000000000000p%2B0,123,2.662,2.9536800000000003,3.0011157658812406,0.9874243684417244,defined,-0.04803989793780348,sensitivity_only
id:x%3A0x1.0000000000000p%2B0,124,2.684,2.96776,2.92032423411876,0.9874243684417244,defined,0.04803989793780348,sensitivity_only
id:x%3A0x1.0000000000000p%2B0,125,2.706,2.98184,3.0292757658812404,0.9874243684417244,defined,-0.04803989793780348,sensitivity_only
id:x%3A0x1.0000000000000p%2B0,126,2.728,2.99592,2.9484842341187596,0.9874243684417244,defined,0.04803989793780348,sensitivity_only
id:x%3A0x1.0000000000000p%2B0,127,2.75,3.01,3.05743576588124,0.9874243684417244,defined,-0.04803989793780348,sensitivity_only
id:x%3A0x1.0000000000000p%2B0,128,2.772,3.0240799999999997,2.9766442341187593,0.9874243684417244,defined,0.04803989793780348,sensitivity_only
id:x%3A0x1.0000000000000p%2B0,129,2.794,3.03816,3.0855957658812403,0.9874243684417244,defined,-0.04803989793780348,sensitivity_only
id:x%3A0x1.0000000000000p%2B0,130,2.816,3.05224,3.0048042341187595,0.9874243684417244,defined,0.04803989793780348,sensitivity_only
id:x%3A0x1.0000000000000p%2B0,131,2.838,3.06632,3.1137557658812405,0.9874243684417244,defined,-0.04803989793780348,sensitivity_only
id:x%3A0x1.0000000000000p%2B0,132,2.86,3.0804,3.0329642341187597,0.9874243684417244,defined,0.04803989793780348,sensitivity_only
id:x%3A0x1.0000000000000p%2B0,133,2.882,3.09448,3.14191576588124,0.9874243684417244,defined,-0.04803989793780348,sensitivity_only
id:x%3A0x1.0000000000000p%2B0,134,2.904,3.1085599999999998,3.0611242341187594,0.9874243684417244,defined,0.04803989793780348,sensitivity_only
id:x%3A0x1.0000000000000p%2B0,135,2.926,3.12264,3.1700757658812404,0.9874243684417244,defined,-0.04803989793780348,sensitivity_only
id:x%3A0x1.0000000000000p%2B0,136,2.948,3.13672,3.0892842341187596,0.9874243684417244,defined,0.04803989793780348,sensitivity_only
id:x%3A0x1.0000000000000p%2B0,137,2.97,3.1508000000000003,3.1982357658812406,0.9874243684417244,defined,-0.04803989793780348,sensitivity_only
id:x%3A0x1.0000000000000p%2B0,138,2.992,3.16488,3.11744423411876,0.9874243684417244,defined,0.04803989793780348,sensitivity_only
id:x%3A0x1.0000000000000p%2B0,139,3.0,3.17,3.2174357658812403,0.9874243684417244,defined,-0.04803989793780348,sensitivity_only
id:x%3A0x1.0000000000000p%2B0,140,3.014,3.17896,3.1315242341187597,0.9874243684417244,defined,0.04803989793780348,sensitivity_only
id:x%3A0x1.0000000000000p%2B0,141,3.036,3.19304,3.24047576588124,0.9874243684417244,defined,-0.04803989793780348,sensitivity_only
id:x%3A0x1.0000000000000p%2B0,142,3.058,3.2071199999999997,3.1596842341187594,0.9874243684417244,defined,0.04803989793780348,sensitivity_only
id:x%3A0x1.0000000000000p%2B0,143,3.08,3.2212,3.2686357658812404,0.9874243684417244,defined,-0.04803989793780348,sensitivity_only
id:x%3A0x1.0000000000000p%2B0,144,3.102,3.23528,3.1878442341187596,0.9874243684417244,defined,0.04803989793780348,sensitivity_only
id:x%3A0x1.0000000000000p%2B0,145,3.124,3.2493600000000002,3.2967957658812406,0.9874243684417244,defined,-0.04803989793780348,sensitivity_only
id:x%3A0x1.0000000000000p%2B0,146,3.146,3.26344,3.21600423411876,0.9874243684417244,defined,0.04803989793780348,sensitivity_only
id:x%3A0x1.0000000000000p%2B0,147,3.168,3.27752,3.3249557658812403,0.9874243684417244,defined,-0.04803989793780348,sensitivity_only
id:x%3A0x1.0000000000000p%2B0,148,3.19,3.2916,3.2441642341187595,0.9874243684417244,defined,0.04803989793780348,sensitivity_only
id:x%3A0x1.0000000000000p%2B0,149,3.212,3.30568,3.3531157658812405,0.9874243684417244,defined,-0.04803989793780348,sensitivity_only
id:x%3A0x1.0000000000000p%2B0,150,3.234,3.31976,3.2723242341187597,0.9874243684417244,defined,0.04803989793780348,sensitivity_only
id:x%3A0x1.0000000000000p%2B0,151,3.256,3.33384,3.3812757658812402,0.9874243684417244,defined,-0.04803989793780348,sensitivity_only
id:x%3A0x1.0000000000000p%2B0,152,3.278,3.3479200000000002,3.30048423411876,0.9874243684417244,defined,0.04803989793780348,sensitivity_only
id:x%3A0x1.0000000000000p%2B0,153,3.3,3.362,3.4094357658812404,0.9874243684417244,defined,-0.04803989793780348,sensitivity_only
id:x%3A0x1.0000000000000p%2B0,154,3.322,3.37608,3.3286442341187596,0.9874243684417244,defined,0.04803989793780348,sensitivity_only
id:x%3A0x1.0000000000000p%2B0,155,3.344,3.39016,3.43759576588124,0.9874243684417244,defined,-0.04803989793780348,sensitivity_only
id:x%3A0x1.0000000000000p%2B0,156,3.366,3.40424,3.35680423411876,0.9874243684417244,defined,0.04803989793780348,sensitivity_only
id:x%3A0x1.0000000000000p%2B0,157,3.388,3.41832,3.4657557658812403,0.9874243684417244,defined,-0.04803989793780348,sensitivity_only
id:x%3A0x1.0000000000000p%2B0,158,3.41,3.4324000000000003,3.38496423411876,0.9874243684417244,defined,0.04803989793780348,sensitivity_only
id:x%3A0x1.0000000000000p%2B0,159,3.432,3.44648,3.4939157658812405,0.9874243684417244,defined,-0.04803989793780348,sensitivity_only
id:x%3A0x1.0000000000000p%2B0,160,3.454,3.46056,3.4131242341187598,0.9874243684417244,defined,0.04803989793780348,sensitivity_only
id:x%3A0x1.0000000000000p%2B0,161,3.476,3.47464,3.5220757658812403,0.9874243684417244,defined,-0.04803989793780348,sensitivity_only
id:x%3A0x1.0000000000000p%2B0,162,3.498,3.4887200000000003,3.44128423411876,0.9874243684417244,defined,0.04803989793780348,sensitivity_only
id:x%3A0x1.0000000000000p%2B0,163,3.52,3.5028,3.5445886508953786,0.8698738483891386,defined,-0.04803989793780348,sensitivity_only
id:x%3A0x1.0000000000000p%2B0,164,3.542,3.51688,3.4750913491046216,0.8698738483891386,defined,0.04803989793780348,sensitivity_only
id:x%3A0x1.0000000000000p%2B0,165,3.564,3.53096,3.5727486508953783,0.8698738483891386,defined,-0.04803989793780348,sensitivity_only
id:x%3A0x1.0000000000000p%2B0,166,3.586,3.5450399999999997,3.5032513491046213,0.8698738483891386,defined,0.04803989793780348,sensitivity_only
id:x%3A0x1.0000000000000p%2B0,167,3.608,3.55912,3.6009086508953785,0.8698738483891386,defined,-0.04803989793780348,sensitivity_only
id:x%3A0x1.0000000000000p%2B0,168,3.63,3.5732,3.5314113491046215,0.8698738483891386,defined,0.04803989793780348,sensitivity_only
id:x%3A0x1.0000000000000p%2B0,169,3.652,3.5872800000000002,3.6290686508953787,0.8698738483891386,defined,-0.04803989793780348,sensitivity_only
id:x%3A0x1.0000000000000p%2B0,170,3.674,3.60136,3.5595713491046217,0.8698738483891386,defined,0.04803989793780348,sensitivity_only
id:x%3A0x1.0000000000000p%2B0,171,3.696,3.61544,3.6572286508953784,0.8698738483891386,defined,-0.04803989793780348,sensitivity_only
id:x%3A0x1.0000000000000p%2B0,172,3.718,3.62952,3.5877313491046214,0.8698738483891386,defined,0.04803989793780348,sensitivity_only
id:x%3A0x1.0000000000000p%2B0,173,3.74,3.6436,3.6853886508953786,0.8698738483891386,defined,-0.04803989793780348,sensitivity_only
id:x%3A0x1.0000000000000p%2B0,174,3.762,3.65768,3.6158913491046216,0.8698738483891386,defined,0.04803989793780348,sensitivity_only
id:x%3A0x1.0000000000000p%2B0,175,3.784,3.67176,3.7135486508953783,0.8698738483891386,defined,-0.04803989793780348,sensitivity_only
id:x%3A0x1.0000000000000p%2B0,176,3.806,3.6858400000000002,3.644051349104622,0.8698738483891386,defined,0.04803989793780348,sensitivity_only
id:x%3A0x1.0000000000000p%2B0,177,3.828,3.69992,3.7417086508953785,0.8698738483891386,defined,-0.04803989793780348,sensitivity_only
id:x%3A0x1.0000000000000p%2B0,178,3.85,3.714,3.6722113491046215,0.8698738483891386,defined,0.04803989793780348,sensitivity_only
id:x%3A0x1.0000000000000p%2B0,179,3.872,3.72808,3.7698686508953783,0.8698738483891386,defined,-0.04803989793780348,sensitivity_only
id:x%3A0x1.0000000000000p%2B0,180,3.894,3.74216,3.7003713491046217,0.8698738483891386,defined,0.04803989793780348,sensitivity_only
id:x%3A0x1.0000000000000p%2B0,181,3.916,3.75624,3.7980286508953784,0.8698738483891386,defined,-0.04803989793780348,sensitivity_only
id:x%3A0x1.0000000000000p%2B0,182,3.938,3.7703200000000003,3.728531349104622,0.8698738483891386,defined,0.04803989793780348,sensitivity_only
id:x%3A0x1.0000000000000p%2B0,183,3.96,3.7844,3.8261886508953786,0.8698738483891386,defined,-0.04803989793780348,sensitivity_only
id:x%3A0x1.0000000000000p%2B0,184,3.982,3.79848,3.7566913491046217,0.8698738483891386,defined,0.04803989793780348,sensitivity_only
id:x%3A0x1.0000000000000p%2B0,185,4.0,3.81,3.8517886508953785,0.8698738483891386,defined,-0.04803989793780348,sensitivity_only
id:x%3A0x1.0000000000000p%2B0,186,4.004,3.81256,3.7707713491046215,0.8698738483891386,defined,0.04803989793780348,sensitivity_only
id:x%3A0x1.0000000000000p%2B0,187,4.026,3.82664,3.8684286508953782,0.8698738483891386,defined,-0.04803989793780348,sensitivity_only
id:x%3A0x1.0000000000000p%2B0,188,4.048,3.84072,3.7989313491046217,0.8698738483891386,defined,0.04803989793780348,sensitivity_only
id:x%3A0x1.0000000000000p%2B0,189,4.07,3.8548000000000004,3.896588650895379,0.8698738483891386,defined,-0.04803989793780348,sensitivity_only
id:x%3A0x1.0000000000000p%2B0,190,4.092,3.86888,3.8270913491046215,0.8698738483891386,defined,0.04803989793780348,sensitivity_only
id:x%3A0x1.0000000000000p%2B0,191,4.114,3.88296,3.9247486508953786,0.8698738483891386,defined,-0.04803989793780348,sensitivity_only
id:x%3A0x1.0000000000000p%2B0,192,4.136,3.89704,3.8552513491046216,0.8698738483891386,defined,0.04803989793780348,sensitivity_only
id:x%3A0x1.0000000000000p%2B0,193,4.158,3.9111200000000004,3.952908650895379,0.8698738483891386,defined,-0.04803989793780348,sensitivity_only
id:x%3A0x1.0000000000000p%2B0,194,4.18,3.9252,3.8834113491046214,0.8698738483891386,defined,0.04803989793780348,sensitivity_only
id:x%3A0x1.0000000000000p%2B0,195,4.202,3.93928,3.9810686508953785,0.8698738483891386,defined,-0.04803989793780348,sensitivity_only
id:x%3A0x1.0000000000000p%2B0,196,4.224,3.95336,3.9115713491046216,0.8698738483891386,defined,0.04803989793780348,sensitivity_only
id:x%3A0x1.0000000000000p%2B0,197,4.246,3.9674400000000003,4.009228650895379,0.8698738483891386,defined,-0.04803989793780348,sensitivity_only
id:x%3A0x1.0000000000000p%2B0,198,4.268,3.9815199999999997,3.9397313491046213,0.8698738483891386,defined,0.04803989793780348,sensitivity_only
id:x%3A0x1.0000000000000p%2B0,199,4.29,3.9956,4.0373886508953785,0.8698738483891386,defined,-0.04803989793780348,sensitivity_only
id:x%3A0x1.0000000000000p%2B0,200,4.312,4.00968,3.967891349104622,0.8698738483891386,defined,0.04803989793780348,sensitivity_only
id:x%3A0x1.0000000000000p%2B0,201,4.334,4.023759999999999,4.065548650895378,0.8698738483891386,defined,-0.04803989793780348,sensitivity_only
id:x%3A0x1.0000000000000p%2B0,202,4.356,4.03784,3.9960513491046217,0.8698738483891386,defined,0.04803989793780348,sensitivity_only
id:x%3A0x1.0000000000000p%2B0,203,4.378,4.05192,4.093708650895379,0.8698738483891386,defined,-0.04803989793780348,sensitivity_only
id:x%3A0x1.0000000000000p%2B0,204,4.4,4.066000000000001,4.024211349104622,0.8698738483891386,defined,0.04803989793780348,sensitivity_only
id:x%3A0x1.0000000000000p%2B0,205,4.422,4.08008,4.121868650895379,0.8698738483891386,defined,-0.04803989793780348,sensitivity_only
id:x%3A0x1.0000000000000p%2B0,206,4.444,4.0941600000000005,4.052371349104622,0.8698738483891386,defined,0.04803989793780348,sensitivity_only
id:x%3A0x1.0000000000000p%2B0,207,4.466,4.10824,4.150028650895379,0.8698738483891386,defined,-0.04803989793780348,sensitivity_only
id:x%3A0x1.0000000000000p%2B0,208,4.488,4.12232,4.080531349104621,0.8698738483891386,defined,0.04803989793780348,sensitivity_only
id:x%3A0x1.0000000000000p%2B0,209,4.51,4.1364,4.18383576588124,0.9874243684417244,defined,-0.04803989793780348,sensitivity_only
id:x%3A0x1.0000000000000p%2B0,210,4.532,4.15048,4.10304423411876,0.9874243684417244,defined,0.04803989793780348,sensitivity_only
id:x%3A0x1.0000000000000p%2B0,211,4.554,4.16456,4.21199576588124,0.9874243684417244,defined,-0.04803989793780348,sensitivity_only
id:x%3A0x1.0000000000000p%2B0,212,4.576,4.17864,4.131204234118759,0.9874243684417244,defined,0.04803989793780348,sensitivity_only
id:x%3A0x1.0000000000000p%2B0,213,4.598,4.19272,4.24015576588124,0.9874243684417244,defined,-0.04803989793780348,sensitivity_only
id:x%3A0x1.0000000000000p%2B0,214,4.62,4.2068,4.15936423411876,0.9874243684417244,defined,0.04803989793780348,sensitivity_only
id:x%3A0x1.0000000000000p%2B0,215,4.642,4.22088,4.2683157658812405,0.9874243684417244,defined,-0.04803989793780348,sensitivity_only
id:x%3A0x1.0000000000000p%2B0,216,4.664,4.23496,4.18752423411876,0.9874243684417244,defined,0.04803989793780348,sensitivity_only
id:x%3A0x1.0000000000000p%2B0,217,4.686,4.24904,4.29647576588124,0.9874243684417244,defined,-0.04803989793780348,sensitivity_only
id:x%3A0x1.0000000000000p%2B0,218,4.708,4.263120000000001,4.21568423411876,0.9874243684417244,defined,0.04803989793780348,sensitivity_only
id:x%3A0x1.0000000000000p%2B0,219,4.73,4.277200000000001,4.324635765881241,0.9874243684417244,defined,-0.04803989793780348,sensitivity_only
id:x%3A0x1.0000000000000p%2B0,220,4.752,4.29128,4.24384423411876,0.9874243684417244,defined,0.04803989793780348,sensitivity_only
id:x%3A0x1.0000000000000p%2B0,221,4.774,4.30536,4.352795765881241,0.9874243684417244,defined,-0.04803989793780348,sensitivity_only
id:x%3A0x1.0000000000000p%2B0,222,4.796,4.31944,4.27200423411876,0.9874243684417244,defined,0.04803989793780348,sensitivity_only
id:x%3A0x1.0000000000000p%2B0,223,4.818,4.33352,4.38095576588124,0.9874243684417244,defined,-0.04803989793780348,sensitivity_only
id:x%3A0x1.0000000000000p%2B0,224,4.84,4.3476,4.30016423411876,0.9874243684417244,defined,0.04803989793780348,sensitivity_only
id:x%3A0x1.0000000000000p%2B0,225,4.862,4.36168,4.40911576588124,0.9874243684417244,defined,-0.04803989793780348,sensitivity_only
id:x%3A0x1.0000000000000p%2B0,226,4.884,4.37576,4.328324234118759,0.9874243684417244,defined,0.04803989793780348,sensitivity_only
id:x%3A0x1.0000000000000p%2B0,227,4.906,4.3898399999999995,4.43727576588124,0.9874243684417244,defined,-0.04803989793780348,sensitivity_only
id:x%3A0x1.0000000000000p%2B0,228,4.928,4.403919999999999,4.356484234118759,0.9874243684417244,defined,0.04803989793780348,sensitivity_only
id:x%3A0x1.0000000000000p%2B0,229,4.95,4.418,4.4654357658812405,0.9874243684417244,defined,-0.04803989793780348,sensitivity_only
id:x%3A0x1.0000000000000p%2B0,230,4.972,4.432080000000001,4.384644234118761,0.9874243684417244,defined,0.04803989793780348,sensitivity_only
id:x%3A0x1.0000000000000p%2B0,231,4.994,4.44616,4.49359576588124,0.9874243684417244,defined,-0.04803989793780348,sensitivity_only
id:x%3A0x1.0000000000000p%2B0,232,5.0,4.45,4.40256423411876,0.9874243684417244,defined,0.04803989793780348,sensitivity_only
id:x%3A0x1.0000000000000p%2B0,233,5.016,4.460240000000001,4.507675765881241,0.9874243684417244,defined,-0.04803989793780348,sensitivity_only
id:x%3A0x1.0000000000000p%2B0,234,5.038,4.4743200000000005,4.42688423411876,0.9874243684417244,defined,0.04803989793780348,sensitivity_only
id:x%3A0x1.0000000000000p%2B0,235,5.06,4.4884,4.535835765881241,0.9874243684417244,defined,-0.04803989793780348,sensitivity_only
id:x%3A0x1.0000000000000p%2B0,236,5.082,4.50248,4.45504423411876,0.9874243684417244,defined,0.04803989793780348,sensitivity_only
id:x%3A0x1.0000000000000p%2B0,237,5.104,4.51656,4.5639957658812405,0.9874243684417244,defined,-0.04803989793780348,sensitivity_only
id:x%3A0x1.0000000000000p%2B0,238,5.126,4.53064,4.48320423411876,0.9874243684417244,defined,0.04803989793780348,sensitivity_only
id:x%3A0x1.0000000000000p%2B0,239,5.148,4.54472,4.59215576588124,0.9874243684417244,defined,-0.04803989793780348,sensitivity_only
id:x%3A0x1.0000000000000p%2B0,240,5.17,4.5588,4.511364234118759,0.9874243684417244,defined,0.04803989793780348,sensitivity_only
id:x%3A0x1.0000000000000p%2B0,241,5.192,4.57288,4.62031576588124,0.9874243684417244,defined,-0.04803989793780348,sensitivity_only
id:x%3A0x1.0000000000000p%2B0,242,5.214,4.58696,4.53952423411876,0.9874243684417244,defined,0.04803989793780348,sensitivity_only
id:x%3A0x1.0000000000000p%2B0,243,5.236,4.601039999999999,4.64847576588124,0.9874243684417244,defined,-0.04803989793780348,sensitivity_only
id:x%3A0x1.0000000000000p%2B0,244,5.258,4.61512,4.56768423411876,0.9874243684417244,defined,0.04803989793780348,sensitivity_only
id:x%3A0x1.0000000000000p%2B0,245,5.28,4.629200000000001,4.676635765881241,0.9874243684417244,defined,-0.04803989793780348,sensitivity_only
id:x%3A0x1.0000000000000p%2B0,246,5.302,4.64328,4.5958442341187595,0.9874243684417244,defined,0.04803989793780348,sensitivity_only
id:x%3A0x1.0000000000000p%2B0,247,5.324,4.657360000000001,4.704795765881241,0.9874243684417244,defined,-0.04803989793780348,sensitivity_only
id:x%3A0x1.0000000000000p%2B0,248,5.346,4.6714400000000005,4.62400423411876,0.9874243684417244,defined,0.04803989793780348,sensitivity_only
id:x%3A0x1.0000000000000p%2B0,249,5.368,4.68552,4.732955765881241,0.9874243684417244,defined,-0.04803989793780348,sensitivity_only
id:x%3A0x1.0000000000000p%2B0,250,5.39,4.6996,4.65216423411876,0.9874243684417244,defined,0.04803989793780348,sensitivity_only
id:x%3A0x1.0000000000000p%2B0,251,5.412,4.71368,4.76111576588124,0.9874243684417244,defined,-0.04803989793780348,sensitivity_only
id:x%3A0x1.0000000000000p%2B0,252,5.434,4.72776,4.68032423411876,0.9874243684417244,defined,0.04803989793780348,sensitivity_only
id:x%3A0x1.0000000000000p%2B0,253,5.456,4.74184,4.78927576588124,0.9874243684417244,defined,-0.04803989793780348,sensitivity_only
id:x%3A0x1.0000000000000p%2B0,254,5.478,4.75592,4.708484234118759,0.9874243684417244,defined,0.04803989793780348,sensitivity_only
id:x%3A0x1.0000000000000p%2B0,255,5.5,4.77,4.81743576588124,0.9874243684417244,defined,-0.04803989793780348,sensitivity_only
id:x%3A0x1.0000000000000p%2B0,256,5.522,4.78408,4.7422913491046215,0.8698738483891382,defined,0.04803989793780348,sensitivity_only
id:x%3A0x1.0000000000000p%2B0,257,5.544,4.798159999999999,4.839948650895378,0.8698738483891382,defined,-0.04803989793780348,sensitivity_only
id:x%3A0x1.0000000000000p%2B0,258,5.566,4.81224,4.770451349104621,0.8698738483891382,defined,0.04803989793780348,sensitivity_only
id:x%3A0x1.0000000000000p%2B0,259,5.588,4.82632,4.868108650895379,0.8698738483891382,defined,-0.04803989793780348,sensitivity_only
id:x%3A0x1.0000000000000p%2B0,260,5.61,4.840400000000001,4.798611349104622,0.8698738483891382,defined,0.04803989793780348,sensitivity_only
id:x%3A0x1.0000000000000p%2B0,261,5.632,4.85448,4.8962686508953785,0.8698738483891382,defined,-0.04803989793780348,sensitivity_only
id:x%3A0x1.0000000000000p%2B0,262,5.654,4.86856,4.826771349104622,0.8698738483891382,defined,0.04803989793780348,sensitivity_only
id:x%3A0x1.0000000000000p%2B0,263,5.676,4.88264,4.924428650895379,0.8698738483891382,defined,-0.04803989793780348,sensitivity_only
id:x%3A0x1.0000000000000p%2B0,264,5.698,4.89672,4.854931349104621,0.8698738483891382,defined,0.04803989793780348,sensitivity_only
id:x%3A0x1.0000000000000p%2B0,265,5.72,4.9108,4.952588650895379,0.8698738483891382,defined,-0.04803989793780348,sensitivity_only
id:x%3A0x1.0000000000000p%2B0,266,5.742,4.92488,4.883091349104621,0.8698738483891382,defined,0.04803989793780348,sensitivity_only
id:x%3A0x1.0000000000000p%2B0,267,5.764,4.93896,4.980748650895379,0.8698738483891382,defined,-0.04803989793780348,sensitivity_only
id:x%3A0x1.0000000000000p%2B0,268,5.786,4.95304,4.911251349104621,0.8698738483891382,defined,0.04803989793780348,sensitivity_only
id:x%3A0x1.0000000000000p%2B0,269,5.808,4.9671199999999995,5.008908650895378,0.8698738483891382,defined,-0.04803989793780348,sensitivity_only
id:x%3A0x1.0000000000000p%2B0,270,5.83,4.9812,4.939411349104621,0.8698738483891382,defined,0.04803989793780348,sensitivity_only
id:x%3A0x1.0000000000000p%2B0,271,5.852,4.99528,5.037068650895379,0.8698738483891382,defined,-0.04803989793780348,sensitivity_only
id:x%3A0x1.0000000000000p%2B0,272,5.874,5.00936,4.967571349104621,0.8698738483891382,defined,0.04803989793780348,sensitivity_only
id:x%3A0x1.0000000000000p%2B0,273,5.896,5.02344,5.065228650895379,0.8698738483891382,defined,-0.04803989793780348,sensitivity_only
id:x%3A0x1.0000000000000p%2B0,274,5.918,5.037520000000001,4.995731349104622,0.8698738483891382,defined,0.04803989793780348,sensitivity_only
id:x%3A0x1.0000000000000p%2B0,275,5.94,5.0516000000000005,5.093388650895379,0.8698738483891382,defined,-0.04803989793780348,sensitivity_only
id:x%3A0x1.0000000000000p%2B0,276,5.962,5.06568,5.0238913491046215,0.8698738483891382,defined,0.04803989793780348,sensitivity_only
id:x%3A0x1.0000000000000p%2B0,277,5.984,5.07976,5.121548650895379,0.8698738483891382,defined,-0.04803989793780348,sensitivity_only
id:x%3A0x1.0000000000000p%2B0,278,6.0,5.09,5.048211349104621,0.8698738483891382,defined,0.04803989793780348,sensitivity_only
id:x%3A0x1.0000000000000p%2B0,279,6.006,5.09384,5.135628650895379,0.8698738483891382,defined,-0.04803989793780348,sensitivity_only
id:x%3A0x1.0000000000000p%2B0,280,6.028,5.10792,5.066131349104621,0.8698738483891382,defined,0.04803989793780348,sensitivity_only
id:x%3A0x1.0000000000000p%2B0,281,6.05,5.122,5.163788650895379,0.8698738483891382,defined,-0.04803989793780348,sensitivity_only
id:x%3A0x1.0000000000000p%2B0,282,6.072,5.13608,5.094291349104621,0.8698738483891382,defined,0.04803989793780348,sensitivity_only
id:x%3A0x1.0000000000000p%2B0,283,6.094,5.15016,5.1919486508953785,0.8698738483891382,defined,-0.04803989793780348,sensitivity_only
id:x%3A0x1.0000000000000p%2B0,284,6.116,5.1642399999999995,5.122451349104621,0.8698738483891382,defined,0.04803989793780348,sensitivity_only
id:x%3A0x1.0000000000000p%2B0,285,6.138,5.178319999999999,5.220108650895378,0.8698738483891382,defined,-0.04803989793780348,sensitivity_only
id:x%3A0x1.0000000000000p%2B0,286,6.16,5.1924,5.150611349104621,0.8698738483891382,defined,0.04803989793780348,sensitivity_only
id:x%3A0x1.0000000000000p%2B0,287,6.182,5.206480000000001,5.24826865089538,0.8698738483891382,defined,-0.04803989793780348,sensitivity_only
id:x%3A0x1.0000000000000p%2B0,288,6.204,5.22056,5.178771349104621,0.8698738483891382,defined,0.04803989793780348,sensitivity_only
id:x%3A0x1.0000000000000p%2B0,289,6.226,5.234640000000001,5.2764286508953795,0.8698738483891382,defined,-0.04803989793780348,sensitivity_only
id:x%3A0x1.0000000000000p%2B0,290,6.248,5.2487200000000005,5.206931349104622,0.8698738483891382,defined,0.04803989793780348,sensitivity_only
id:x%3A0x1.0000000000000p%2B0,291,6.27,5.2627999999999995,5.304588650895378,0.8698738483891382,defined,-0.04803989793780348,sensitivity_only
id:x%3A0x1.0000000000000p%2B0,292,6.292,5.27688,5.235091349104621,0.8698738483891382,defined,0.04803989793780348,sensitivity_only
id:x%3A0x1.0000000000000p%2B0,293,6.314,5.29096,5.332748650895379,0.8698738483891382,defined,-0.04803989793780348,sensitivity_only
id:x%3A0x1.0000000000000p%2B0,294,6.336,5.30504,5.263251349104621,0.8698738483891382,defined,0.04803989793780348,sensitivity_only
id:x%3A0x1.0000000000000p%2B0,295,6.358,5.31912,5.360908650895379,0.8698738483891382,defined,-0.04803989793780348,sensitivity_only
id:x%3A0x1.0000000000000p%2B0,296,6.38,5.3332,5.291411349104621,0.8698738483891382,defined,0.04803989793780348,sensitivity_only
id:x%3A0x1.0000000000000p%2B0,297,6.402,5.3472800000000005,5.389068650895379,0.8698738483891382,defined,-0.04803989793780348,sensitivity_only
id:x%3A0x1.0000000000000p%2B0,298,6.424,5.36136,5.3195713491046215,0.8698738483891382,defined,0.04803989793780348,sensitivity_only
id:x%3A0x1.0000000000000p%2B0,299,6.446,5.37544,5.417228650895379,0.8698738483891382,defined,-0.04803989793780348,sensitivity_only
id:x%3A0x1.0000000000000p%2B0,300,6.468,5.38952,5.347731349104621,0.8698738483891382,defined,0.04803989793780348,sensitivity_only
id:x%3A0x1.0000000000000p%2B0,301,6.49,5.4036,5.445388650895379,0.8698738483891382,defined,-0.04803989793780348,sensitivity_only
id:x%3A0x1.0000000000000p%2B0,302,6.512,5.41768,5.377116893207936,0.8443628844628325,defined,0.04803989793780348,sensitivity_only
id:x%3A0x1.0000000000000p%2B0,303,6.534,5.43176,5.4723231067920635,0.8443628844628325,defined,-0.04803989793780348,sensitivity_only
id:x%3A0x1.0000000000000p%2B0,304,6.556,5.4458400000000005,5.405276893207937,0.8443628844628325,defined,0.04803989793780348,sensitivity_only
id:x%3A0x1.0000000000000p%2B0,305,6.578,5.45992,5.500483106792064,0.8443628844628325,defined,-0.04803989793780348,sensitivity_only
id:x%3A0x1.0000000000000p%2B0,306,6.6,5.474,5.433436893207936,0.8443628844628325,defined,0.04803989793780348,sensitivity_only
id:x%3A0x1.0000000000000p%2B0,307,6.622,5.48808,5.528643106792064,0.8443628844628325,defined,-0.04803989793780348,sensitivity_only
id:x%3A0x1.0000000000000p%2B0,308,6.644,5.50216,5.461596893207936,0.8443628844628325,defined,0.04803989793780348,sensitivity_only
id:x%3A0x1.0000000000000p%2B0,309,6.666,5.516240000000001,5.5568031067920645,0.8443628844628325,defined,-0.04803989793780348,sensitivity_only
id:x%3A0x1.0000000000000p%2B0,310,6.688,5.53032,5.489756893207936,0.8443628844628325,defined,0.04803989793780348,sensitivity_only
id:x%3A0x1.0000000000000p%2B0,311,6.71,5.5444,5.584963106792064,0.8443628844628325,defined,-0.04803989793780348,sensitivity_only
id:x%3A0x1.0000000000000p%2B0,312,6.732,5.55848,5.5179168932079365,0.8443628844628325,defined,0.04803989793780348,sensitivity_only
id:x%3A0x1.0000000000000p%2B0,313,6.754,5.57256,5.613123106792064,0.8443628844628325,defined,-0.04803989793780348,sensitivity_only
id:x%3A0x1.0000000000000p%2B0,314,6.776,5.58664,5.546076893207936,0.8443628844628325,defined,0.04803989793780348,sensitivity_only
id:x%3A0x1.0000000000000p%2B0,315,6.798,5.60072,5.641283106792064,0.8443628844628325,defined,-0.04803989793780348,sensitivity_only
id:x%3A0x1.0000000000000p%2B0,316,6.82,5.614800000000001,5.574236893207937,0.8443628844628325,defined,0.04803989793780348,sensitivity_only
id:x%3A0x1.0000000000000p%2B0,317,6.842,5.62888,5.669443106792063,0.8443628844628325,defined,-0.04803989793780348,sensitivity_only
id:x%3A0x1.0000000000000p%2B0,318,6.864,5.64296,5.602396893207937,0.8443628844628325,defined,0.04803989793780348,sensitivity_only
id:x%3A0x1.0000000000000p%2B0,319,6.886,5.65704,5.697603106792064,0.8443628844628325,defined,-0.04803989793780348,sensitivity_only
id:x%3A0x1.0000000000000p%2B0,320,6.908,5.67112,5.630556893207936,0.8443628844628325,defined,0.04803989793780348,sensitivity_only
id:x%3A0x1.0000000000000p%2B0,321,6.93,5.6852,5.725763106792064,0.8443628844628325,defined,-0.04803989793780348,sensitivity_only
id:x%3A0x1.0000000000000p%2B0,322,6.952,5.69928,5.658716893207936,0.8443628844628325,defined,0.04803989793780348,sensitivity_only
id:x%3A0x1.0000000000000p%2B0,323,6.974,5.713360000000001,5.753923106792064,0.8443628844628325,defined,-0.04803989793780348,sensitivity_only
id:x%3A0x1.0000000000000p%2B0,324,6.996,5.7274400000000005,5.686876893207937,0.8443628844628325,defined,0.04803989793780348,sensitivity_only
id:x%3A0x1.0000000000000p%2B0,325,7.0,5.73,5.770563106792064,0.8443628844628325,defined,-0.04803989793780348,sensitivity_only
id:x%3A0x1.0000000000000p%2B0,326,7.018,5.74152,5.700956893207937,0.8443628844628325,defined,0.04803989793780348,sensitivity_only
id:x%3A0x1.0000000000000p%2B0,327,7.04,5.7556,5.796163106792064,0.8443628844628325,defined,-0.04803989793780348,sensitivity_only
id:x%3A0x1.0000000000000p%2B0,328,7.062,5.76968,5.729116893207936,0.8443628844628325,defined,0.04803989793780348,sensitivity_only
id:x%3A0x1.0000000000000p%2B0,329,7.084,5.78376,5.824323106792064,0.8443628844628325,defined,-0.04803989793780348,sensitivity_only
id:x%3A0x1.0000000000000p%2B0,330,7.106,5.79784,5.757276893207936,0.8443628844628325,defined,0.04803989793780348,sensitivity_only
id:x%3A0x1.0000000000000p%2B0,331,7.128,5.81192,5.8524831067920635,0.8443628844628325,defined,-0.04803989793780348,sensitivity_only
id:x%3A0x1.0000000000000p%2B0,332,7.15,5.8260000000000005,5.785436893207937,0.8443628844628325,defined,0.04803989793780348,sensitivity_only
id:x%3A0x1.0000000000000p%2B0,333,7.172,5.8400799999999995,5.880643106792063,0.8443628844628325,defined,-0.04803989793780348,sensitivity_only
id:x%3A0x1.0000000000000p%2B0,334,7.194,5.85416,5.8135968932079365,0.8443628844628325,defined,0.04803989793780348,sensitivity_only
id:x%3A0x1.0000000000000p%2B0,335,7.216,5.86824,5.908803106792064,0.8443628844628325,defined,-0.04803989793780348,sensitivity_only
id:x%3A0x1.0000000000000p%2B0,336,7.238,5.88232,5.841756893207936,0.8443628844628325,defined,0.04803989793780348,sensitivity_only
id:x%3A0x1.0000000000000p%2B0,337,7.26,5.8964,5.936963106792064,0.8443628844628325,defined,-0.04803989793780348,sensitivity_only
id:x%3A0x1.0000000000000p%2B0,338,7.282,5.91048,5.869916893207936,0.8443628844628325,defined,0.04803989793780348,sensitivity_only
id:x%3A0x1.0000000000000p%2B0,339,7.304,5.9245600000000005,5.965123106792064,0.8443628844628325,defined,-0.04803989793780348,sensitivity_only
id:x%3A0x1.0000000000000p%2B0,340,7.326,5.9386399999999995,5.898076893207936,0.8443628844628325,defined,0.04803989793780348,sensitivity_only
id:x%3A0x1.0000000000000p%2B0,341,7.348,5.95272,5.993283106792064,0.8443628844628325,defined,-0.04803989793780348,sensitivity_only
id:x%3A0x1.0000000000000p%2B0,342,7.37,5.9668,5.926236893207936,0.8443628844628325,defined,0.04803989793780348,sensitivity_only
id:x%3A0x1.0000000000000p%2B0,343,7.392,5.98088,6.021443106792064,0.8443628844628325,defined,-0.04803989793780348,sensitivity_only
id:x%3A0x1.0000000000000p%2B0,344,7.414,5.99496,5.954396893207936,0.8443628844628325,defined,0.04803989793780348,sensitivity_only
id:x%3A0x1.0000000000000p%2B0,345,7.436,6.00904,6.0496031067920635,0.8443628844628325,defined,-0.04803989793780348,sensitivity_only
id:x%3A0x1.0000000000000p%2B0,346,7.458,6.0231200000000005,5.982556893207937,0.8443628844628325,defined,0.04803989793780348,sensitivity_only
id:x%3A0x1.0000000000000p%2B0,347,7.48,6.0372,6.077763106792064,0.8443628844628325,defined,-0.04803989793780348,sensitivity_only
id:x%3A0x1.0000000000000p%2B0,348,7.502,6.05128,6.012745096250322,0.8021437472571021,defined,0.04803989793780348,sensitivity_only
id:x%3A0x1.0000000000000p%2B0,349,7.524,6.06536,6.103894903749678,0.8021437472571021,defined,-0.04803989793780348,sensitivity_only
id:x%3A0x1.0000000000000p%2B0,350,7.546,6.07944,6.040905096250322,0.8021437472571021,defined,0.04803989793780348,sensitivity_only
id:x%3A0x1.0000000000000p%2B0,351,7.568,6.09352,6.132054903749678,0.8021437472571021,defined,-0.04803989793780348,sensitivity_only
id:x%3A0x1.0000000000000p%2B0,352,7.59,6.1076,6.069065096250322,0.8021437472571021,defined,0.04803989793780348,sensitivity_only
id:x%3A0x1.0000000000000p%2B0,353,7.612,6.1216800000000005,6.1602149037496785,0.8021437472571021,defined,-0.04803989793780348,sensitivity_only
id:x%3A0x1.0000000000000p%2B0,354,7.634,6.13576,6.097225096250322,0.8021437472571021,defined,0.04803989793780348,sensitivity_only
id:x%3A0x1.0000000000000p%2B0,355,7.656,6.14984,6.188374903749678,0.8021437472571021,defined,-0.04803989793780348,sensitivity_only
id:x%3A0x1.0000000000000p%2B0,356,7.678,6.16392,6.125385096250322,0.8021437472571021,defined,0.04803989793780348,sensitivity_only
id:x%3A0x1.0000000000000p%2B0,357,7.7,6.178,6.216534903749678,0.8021437472571021,defined,-0.04803989793780348,sensitivity_only
id:x%3A0x1.0000000000000p%2B0,358,7.722,6.192080000000001,6.153545096250323,0.8021437472571021,defined,0.04803989793780348,sensitivity_only
id:x%3A0x1.0000000000000p%2B0,359,7.744,6.20616,6.244694903749678,0.8021437472571021,defined,-0.04803989793780348,sensitivity_only
id:x%3A0x1.0000000000000p%2B0,360,7.766,6.22024,6.181705096250322,0.8021437472571021,defined,0.04803989793780348,sensitivity_only
id:x%3A0x1.0000000000000p%2B0,361,7.788,6.23432,6.272854903749678,0.8021437472571021,defined,-0.04803989793780348,sensitivity_only
id:x%3A0x1.0000000000000p%2B0,362,7.81,6.2484,6.209865096250322,0.8021437472571021,defined,0.04803989793780348,sensitivity_only
id:x%3A0x1.0000000000000p%2B0,363,7.832,6.26248,6.301014903749678,0.8021437472571021,defined,-0.04803989793780348,sensitivity_only
id:x%3A0x1.0000000000000p%2B0,364,7.854,6.27656,6.238025096250322,0.8021437472571021,defined,0.04803989793780348,sensitivity_only
id:x%3A0x1.0000000000000p%2B0,365,7.876,6.290640000000001,6.329174903749679,0.8021437472571021,defined,-0.04803989793780348,sensitivity_only
id:x%3A0x1.0000000000000p%2B0,366,7.898,6.30472,6.266185096250322,0.8021437472571021,defined,0.04803989793780348,sensitivity_only
id:x%3A0x1.0000000000000p%2B0,367,7.92,6.3188,6.3573349037496785,0.8021437472571021,defined,-0.04803989793780348,sensitivity_only
id:x%3A0x1.0000000000000p%2B0,368,7.942,6.33288,6.294345096250322,0.8021437472571021,defined,0.04803989793780348,sensitivity_only
id:x%3A0x1.0000000000000p%2B0,369,7.964,6.34696,6.385494903749678,0.8021437472571021,defined,-0.04803989793780348,sensitivity_only
id:x%3A0x1.0000000000000p%2B0,370,7.986,6.36104,6.322505096250322,0.8021437472571021,defined,0.04803989793780348,sensitivity_only
id:x%3A0x1.0000000000000p%2B0,371,8.0,6.37,6.408534903749678,0.8021437472571021,defined,-0.04803989793780348,sensitivity_only
id:x%3A0x1.0000000000000p%2B0,372,8.008,6.37512,6.336585096250322,0.8021437472571021,defined,0.04803989793780348,sensitivity_only
id:x%3A0x1.0000000000000p%2B0,373,8.03,6.3892,6.427734903749678,0.8021437472571021,defined,-0.04803989793780348,sensitivity_only
id:x%3A0x1.0000000000000p%2B0,374,8.052,6.40328,6.364745096250322,0.8021437472571021,defined,0.04803989793780348,sensitivity_only
id:x%3A0x1.0000000000000p%2B0,375,8.074,6.41736,6.4558949037496784,0.8021437472571021,defined,-0.04803989793780348,sensitivity_only
id:x%3A0x1.0000000000000p%2B0,376,8.096,6.43144,6.392905096250322,0.8021437472571021,defined,0.04803989793780348,sensitivity_only
id:x%3A0x1.0000000000000p%2B0,377,8.118,6.44552,6.484054903749678,0.8021437472571021,defined,-0.04803989793780348,sensitivity_only
id:x%3A0x1.0000000000000p%2B0,378,8.14,6.459600000000001,6.421065096250323,0.8021437472571021,defined,0.04803989793780348,sensitivity_only
id:x%3A0x1.0000000000000p%2B0,379,8.162,6.473680000000001,6.512214903749679,0.8021437472571021,defined,-0.04803989793780348,sensitivity_only
id:x%3A0x1.0000000000000p%2B0,380,8.184,6.48776,6.449225096250322,0.8021437472571021,defined,0.04803989793780348,sensitivity_only
id:x%3A0x1.0000000000000p%2B0,381,8.206,6.50184,6.540374903749678,0.8021437472571021,defined,-0.04803989793780348,sensitivity_only
id:x%3A0x1.0000000000000p%2B0,382,8.228,6.51592,6.477385096250322,0.8021437472571021,defined,0.04803989793780348,sensitivity_only
id:x%3A0x1.0000000000000p%2B0,383,8.25,6.53,6.568534903749678,0.8021437472571021,defined,-0.04803989793780348,sensitivity_only
id:x%3A0x1.0000000000000p%2B0,384,8.272,6.54408,6.505545096250322,0.8021437472571021,defined,0.04803989793780348,sensitivity_only
id:x%3A0x1.0000000000000p%2B0,385,8.294,6.55816,6.596694903749678,0.8021437472571021,defined,-0.04803989793780348,sensitivity_only
id:x%3A0x1.0000000000000p%2B0,386,8.316,6.572240000000001,6.533705096250323,0.8021437472571021,defined,0.04803989793780348,sensitivity_only
id:x%3A0x1.0000000000000p%2B0,387,8.338,6.58632,6.624854903749678,0.8021437472571021,defined,-0.04803989793780348,sensitivity_only
id:x%3A0x1.0000000000000p%2B0,388,8.36,6.6004,6.5618650962503215,0.8021437472571021,defined,0.04803989793780348,sensitivity_only
id:x%3A0x1.0000000000000p%2B0,389,8.382,6.6144799999999995,6.6530149037496775,0.8021437472571021,defined,-0.04803989793780348,sensitivity_only
id:x%3A0x1.0000000000000p%2B0,390,8.404,6.62856,6.590025096250322,0.8021437472571021,defined,0.04803989793780348,sensitivity_only
id:x%3A0x1.0000000000000p%2B0,391,8.426,6.64264,6.681174903749678,0.8021437472571021,defined,-0.04803989793780348,sensitivity_only
id:x%3A0x1.0000000000000p%2B0,392,8.448,6.65672,6.618185096250322,0.8021437472571021,defined,0.04803989793780348,sensitivity_only
id:x%3A0x1.0000000000000p%2B0,393,8.47,6.670800000000001,6.709334903749679,0.8021437472571021,defined,-0.04803989793780348,sensitivity_only
id:x%3A0x1.0000000000000p%2B0,394,8.492,6.684880000000001,6.6463450962503225,0.8021437472571021,defined,0.04803989793780348,sensitivity_only
id:x%3A0x1.0000000000000p%2B0,395,8.514,6.69896,6.733395445903968,0.7168093060595385,defined,-0.04803989793780348,sensitivity_only
id:x%3A0x1.0000000000000p%2B0,396,8.536,6.7130399999999995,6.678604554096031,0.7168093060595385,defined,0.04803989793780348,sensitivity_only
id:x%3A0x1.0000000000000p%2B0,397,8.558,6.72712,6.761555445903968,0.7168093060595385,defined,-0.04803989793780348,sensitivity_only
id:x%3A0x1.0000000000000p%2B0,398,8.58,6.7412,6.706764554096032,0.7168093060595385,defined,0.04803989793780348,sensitivity_only
id:x%3A0x1.0000000000000p%2B0,399,8.602,6.75528,6.789715445903968,0.7168093060595385,defined,-0.04803989793780348,sensitivity_only
id:x%3A0x1.0000000000000p%2B0,400,8.624,6.769360000000001,6.7349245540960325,0.7168093060595385,defined,0.04803989793780348,sensitivity_only
id:x%3A0x1.0000000000000p%2B0,401,8.646,6.783440000000001,6.817875445903969,0.7168093060595385,defined,-0.04803989793780348,sensitivity_only
id:x%3A0x1.0000000000000p%2B0,402,8.668,6.79752,6.763084554096031,0.7168093060595385,defined,0.04803989793780348,sensitivity_only
id:x%3A0x1.0000000000000p%2B0,403,8.69,6.811599999999999,6.846035445903968,0.7168093060595385,defined,-0.04803989793780348,sensitivity_only
id:x%3A0x1.0000000000000p%2B0,404,8.712,6.82568,6.791244554096032,0.7168093060595385,defined,0.04803989793780348,sensitivity_only
id:x%3A0x1.0000000000000p%2B0,405,8.734,6.83976,6.874195445903968,0.7168093060595385,defined,-0.04803989793780348,sensitivity_only
id:x%3A0x1.0000000000000p%2B0,406,8.756,6.85384,6.819404554096032,0.7168093060595385,defined,0.04803989793780348,sensitivity_only
id:x%3A0x1.0000000000000p%2B0,407,8.778,6.867920000000001,6.902355445903969,0.7168093060595385,defined,-0.04803989793780348,sensitivity_only
id:x%3A0x1.0000000000000p%2B0,408,8.8,6.882000000000001,6.847564554096032,0.7168093060595385,defined,0.04803989793780348,sensitivity_only
id:x%3A0x1.0000000000000p%2B0,409,8.822,6.8960799999999995,6.930515445903968,0.7168093060595385,defined,-0.04803989793780348,sensitivity_only
id:x%3A0x1.0000000000000p%2B0,410,8.844,6.910159999999999,6.875724554096031,0.7168093060595385,defined,0.04803989793780348,sensitivity_only
id:x%3A0x1.0000000000000p%2B0,411,8.866,6.92424,6.958675445903968,0.7168093060595385,defined,-0.04803989793780348,sensitivity_only
id:x%3A0x1.0000000000000p%2B0,412,8.888,6.93832,6.903884554096032,0.7168093060595385,defined,0.04803989793780348,sensitivity_only
id:x%3A0x1.0000000000000p%2B0,413,8.91,6.9524,6.986835445903968,0.7168093060595385,defined,-0.04803989793780348,sensitivity_only
id:x%3A0x1.0000000000000p%2B0,414,8.932,6.966480000000001,6.9320445540960325,0.7168093060595385,defined,0.04803989793780348,sensitivity_only
id:x%3A0x1.0000000000000p%2B0,415,8.954,6.9805600000000005,7.014995445903969,0.7168093060595385,defined,-0.04803989793780348,sensitivity_only
id:x%3A0x1.0000000000000p%2B0,416,8.976,6.99464,6.960204554096032,0.7168093060595385,defined,0.04803989793780348,sensitivity_only
id:x%3A0x1.0000000000000p%2B0,417,8.998,7.008719999999999,7.043155445903968,0.7168093060595385,defined,-0.04803989793780348,sensitivity_only
id:x%3A0x1.0000000000000p%2B0,418,9.0,7.01,6.975564554096032,0.7168093060595385,defined,0.04803989793780348,sensitivity_only
id:x%3A0x1.0000000000000p%2B0,419,9.02,7.0228,7.057235445903968,0.7168093060595385,defined,-0.04803989793780348,sensitivity_only
id:x%3A0x1.0000000000000p%2B0,420,9.042,7.03688,7.002444554096032,0.7168093060595385,defined,0.04803989793780348,sensitivity_only
id:x%3A0x1.0000000000000p%2B0,421,9.064,7.05096,7.085395445903968,0.7168093060595385,defined,-0.04803989793780348,sensitivity_only
id:x%3A0x1.0000000000000p%2B0,422,9.086,7.065040000000001,7.0306045540960325,0.7168093060595385,defined,0.04803989793780348,sensitivity_only
id:x%3A0x1.0000000000000p%2B0,423,9.108,7.0791200000000005,7.113555445903969,0.7168093060595385,defined,-0.04803989793780348,sensitivity_only
id:x%3A0x1.0000000000000p%2B0,424,9.13,7.0932,7.058764554096032,0.7168093060595385,defined,0.04803989793780348,sensitivity_only
id:x%3A0x1.0000000000000p%2B0,425,9.152,7.107279999999999,7.141715445903968,0.7168093060595385,defined,-0.04803989793780348,sensitivity_only
id:x%3A0x1.0000000000000p%2B0,426,9.174,7.12136,7.086924554096032,0.7168093060595385,defined,0.04803989793780348,sensitivity_only
id:x%3A0x1.0000000000000p%2B0,427,9.196,7.13544,7.169875445903968,0.7168093060595385,defined,-0.04803989793780348,sensitivity_only
id:x%3A0x1.0000000000000p%2B0,428,9.218,7.14952,7.115084554096032,0.7168093060595385,defined,0.04803989793780348,sensitivity_only
id:x%3A0x1.0000000000000p%2B0,429,9.24,7.163600000000001,7.198035445903969,0.7168093060595385,defined,-0.04803989793780348,sensitivity_only
id:x%3A0x1.0000000000000p%2B0,430,9.262,7.1776800000000005,7.143244554096032,0.7168093060595385,defined,0.04803989793780348,sensitivity_only
id:x%3A0x1.0000000000000p%2B0,431,9.284,7.19176,7.226195445903969,0.7168093060595385,defined,-0.04803989793780348,sensitivity_only
id:x%3A0x1.0000000000000p%2B0,432,9.306,7.205839999999999,7.171404554096031,0.7168093060595385,defined,0.04803989793780348,sensitivity_only
id:x%3A0x1.0000000000000p%2B0,433,9.328,7.21992,7.254355445903968,0.7168093060595385,defined,-0.04803989793780348,sensitivity_only
id:x%3A0x1.0000000000000p%2B0,434,9.35,7.234,7.199564554096032,0.7168093060595385,defined,0.04803989793780348,sensitivity_only
id:x%3A0x1.0000000000000p%2B0,435,9.372,7.24808,7.282515445903968,0.7168093060595385,defined,-0.04803989793780348,sensitivity_only
id:x%3A0x1.0000000000000p%2B0,436,9.394,7.262160000000001,7.227724554096032,0.7168093060595385,defined,0.04803989793780348,sensitivity_only
id:x%3A0x1.0000000000000p%2B0,437,9.416,7.2762400000000005,7.310675445903969,0.7168093060595385,defined,-0.04803989793780348,sensitivity_only
id:x%3A0x1.0000000000000p%2B0,438,9.438,7.29032,7.255884554096032,0.7168093060595385,defined,0.04803989793780348,sensitivity_only
id:x%3A0x1.0000000000000p%2B0,439,9.46,7.304400000000001,7.338835445903969,0.7168093060595385,defined,-0.04803989793780348,sensitivity_only
id:x%3A0x1.0000000000000p%2B0,440,9.482,7.31848,7.284044554096032,0.7168093060595385,defined,0.04803989793780348,sensitivity_only
id:x%3A0x1.0000000000000p%2B0,441,9.504,7.33256,7.373123106792064,0.8443628844628325,defined,-0.04803989793780348,sensitivity_only
id:x%3A0x1.0000000000000p%2B0,442,9.526,7.34664,7.306076893207936,0.8443628844628325,defined,0.04803989793780348,sensitivity_only
id:x%3A0x1.0000000000000p%2B0,443,9.548,7.360720000000001,7.401283106792064,0.8443628844628325,defined,-0.04803989793780348,sensitivity_only
id:x%3A0x1.0000000000000p%2B0,444,9.57,7.3748000000000005,7.334236893207937,0.8443628844628325,defined,0.04803989793780348,sensitivity_only
id:x%3A0x1.0000000000000p%2B0,445,9.592,7.38888,7.429443106792064,0.8443628844628325,defined,-0.04803989793780348,sensitivity_only
id:x%3A0x1.0000000000000p%2B0,446,9.614,7.40296,7.362396893207936,0.8443628844628325,defined,0.04803989793780348,sensitivity_only
id:x%3A0x1.0000000000000p%2B0,447,9.636,7.41704,7.457603106792064,0.8443628844628325,defined,-0.04803989793780348,sensitivity_only
id:x%3A0x1.0000000000000p%2B0,448,9.658,7.43112,7.390556893207936,0.8443628844628325,defined,0.04803989793780348,sensitivity_only
id:x%3A0x1.0000000000000p%2B0,449,9.68,7.4452,7.485763106792064,0.8443628844628325,defined,-0.04803989793780348,sensitivity_only
id:x%3A0x1.0000000000000p%2B0,450,9.702,7.45928,7.418716893207936,0.8443628844628325,defined,0.04803989793780348,sensitivity_only
id:x%3A0x1.0000000000000p%2B0,451,9.724,7.4733600000000004,7.513923106792064,0.8443628844628325,defined,-0.04803989793780348,sensitivity_only
id:x%3A0x1.0000000000000p%2B0,452,9.746,7.48744,7.4468768932079366,0.8443628844628325,defined,0.04803989793780348,sensitivity_only
id:x%3A0x1.0000000000000p%2B0,453,9.768,7.50152,7.542083106792064,0.8443628844628325,defined,-0.04803989793780348,sensitivity_only
id:x%3A0x1.0000000000000p%2B0,454,9.79,7.515599999999999,7.475036893207935,0.8443628844628325,defined,0.04803989793780348,sensitivity_only
id:x%3A0x1.0000000000000p%2B0,455,9.812,7.52968,7.570243106792064,0.8443628844628325,defined,-0.04803989793780348,sensitivity_only
id:x%3A0x1.0000000000000p%2B0,456,9.834,7.54376,7.503196893207936,0.8443628844628325,defined,0.04803989793780348,sensitivity_only
id:x%3A0x1.0000000000000p%2B0,457,9.856,7.55784,7.598403106792063,0.8443628844628325,defined,-0.04803989793780348,sensitivity_only
id:x%3A0x1.0000000000000p%2B0,458,9.878,7.57192,7.531356893207937,0.8443628844628325,defined,0.04803989793780348,sensitivity_only
id:x%3A0x1.0000000000000p%2B0,459,9.9,7.586,7.626563106792064,0.8443628844628325,defined,-0.04803989793780348,sensitivity_only
id:x%3A0x1.0000000000000p%2B0,460,9.922,7.60008,7.559516893207936,0.8443628844628325,defined,0.04803989793780348,sensitivity_only
id:x%3A0x1.0000000000000p%2B0,461,9.944,7.614160000000001,7.654723106792065,0.8443628844628325,defined,-0.04803989793780348,sensitivity_only
id:x%3A0x1.0000000000000p%2B0,462,9.966,7.62824,7.587676893207936,0.8443628844628325,defined,0.04803989793780348,sensitivity_only
id:x%3A0x1.0000000000000p%2B0,463,9.988,7.64232,7.6828831067920635,0.8443628844628325,defined,-0.04803989793780348,sensitivity_only
id:x%3A0x1.0000000000000p%2B0,464,10.0,7.65,7.609436893207937,0.8443628844628325,defined,0.04803989793780348,sensitivity_only
id:x%3A0x1.0000000000000p%2B0,465,10.01,7.6564,7.696963106792063,0.8443628844628325,defined,-0.04803989793780348,sensitivity_only
id:x%3A0x1.0000000000000p%2B0,466,10.032,7.67048,7.629916893207937,0.8443628844628325,defined,0.04803989793780348,sensitivity_only
id:x%3A0x1.0000000000000p%2B0,467,10.054,7.68456,7.725123106792064,0.8443628844628325,defined,-0.04803989793780348,sensitivity_only
id:x%3A0x1.0000000000000p%2B0,468,10.076,7.69864,7.658076893207936,0.8443628844628325,defined,0.04803989793780348,sensitivity_only
id:x%3A0x1.0000000000000p%2B0,469,10.098,7.712720000000001,7.753283106792065,0.8443628844628325,defined,-0.04803989793780348,sensitivity_only
id:x%3A0x1.0000000000000p%2B0,470,10.12,7.7268,7.686236893207936,0.8443628844628325,defined,0.04803989793780348,sensitivity_only
id:x%3A0x1.0000000000000p%2B0,471,10.142,7.74088,7.7814431067920635,0.8443628844628325,defined,-0.04803989793780348,sensitivity_only
id:x%3A0x1.0000000000000p%2B0,472,10.164,7.75496,7.714396893207936,0.8443628844628325,defined,0.04803989793780348,sensitivity_only
id:x%3A0x1.0000000000000p%2B0,473,10.186,7.76904,7.809603106792064,0.8443628844628325,defined,-0.04803989793780348,sensitivity_only
id:x%3A0x1.0000000000000p%2B0,474,10.208,7.78312,7.7425568932079365,0.8443628844628325,defined,0.04803989793780348,sensitivity_only
id:x%3A0x1.0000000000000p%2B0,475,10.23,7.7972,7.837763106792064,0.8443628844628325,defined,-0.04803989793780348,sensitivity_only
id:x%3A0x1.0000000000000p%2B0,476,10.252,7.811280000000001,7.770716893207937,0.8443628844628325,defined,0.04803989793780348,sensitivity_only
id:x%3A0x1.0000000000000p%2B0,477,10.274,7.82536,7.865923106792064,0.8443628844628325,defined,-0.04803989793780348,sensitivity_only
id:x%3A0x1.0000000000000p%2B0,478,10.296,7.83944,7.798876893207936,0.8443628844628325,defined,0.04803989793780348,sensitivity_only
id:x%3A0x1.0000000000000p%2B0,479,10.318,7.85352,7.894083106792063,0.8443628844628325,defined,-0.04803989793780348,sensitivity_only
id:x%3A0x1.0000000000000p%2B0,480,10.34,7.8676,7.827036893207937,0.8443628844628325,defined,0.04803989793780348,sensitivity_only
id:x%3A0x1.0000000000000p%2B0,481,10.362,7.88168,7.922243106792064,0.8443628844628325,defined,-0.04803989793780348,sensitivity_only
id:x%3A0x1.0000000000000p%2B0,482,10.384,7.89576,7.855196893207936,0.8443628844628325,defined,0.04803989793780348,sensitivity_only
id:x%3A0x1.0000000000000p%2B0,483,10.406,7.909840000000001,7.950403106792065,0.8443628844628325,defined,-0.04803989793780348,sensitivity_only
id:x%3A0x1.0000000000000p%2B0,484,10.428,7.923920000000001,7.883356893207937,0.8443628844628325,defined,0.04803989793780348,sensitivity_only
id:x%3A0x1.0000000000000p%2B0,485,10.45,7.938,7.9785631067920635,0.8443628844628325,defined,-0.04803989793780348,sensitivity_only
id:x%3A0x1.0000000000000p%2B0,486,10.472,7.95208,7.911516893207936,0.8443628844628325,defined,0.04803989793780348,sensitivity_only
id:x%3A0x1.0000000000000p%2B0,487,10.494,7.96616,8.006723106792064,0.8443628844628325,defined,-0.04803989793780348,sensitivity_only
id:x%3A0x1.0000000000000p%2B0,488,10.516,7.98024,7.945804554096032,0.7168093060595381,defined,0.04803989793780348,sensitivity_only
id:x%3A0x1.0000000000000p%2B0,489,10.538,7.99432,8.028755445903968,0.7168093060595381,defined,-0.04803989793780348,sensitivity_only
id:x%3A0x1.0000000000000p%2B0,490,10.56,8.008400000000002,7.9739645540960336,0.7168093060595381,defined,0.04803989793780348,sensitivity_only
id:x%3A0x1.0000000000000p%2B0,491,10.582,8.022480000000002,8.05691544590397,0.7168093060595381,defined,-0.04803989793780348,sensitivity_only
id:x%3A0x1.0000000000000p%2B0,492,10.604,8.03656,8.002124554096032,0.7168093060595381,defined,0.04803989793780348,sensitivity_only
id:x%3A0x1.0000000000000p%2B0,493,10.626,8.05064,8.085075445903968,0.7168093060595381,defined,-0.04803989793780348,sensitivity_only
id:x%3A0x1.0000000000000p%2B0,494,10.648,8.064720000000001,8.030284554096033,0.7168093060595381,defined,0.04803989793780348,sensitivity_only
id:x%3A0x1.0000000000000p%2B0,495,10.67,8.078800000000001,8.11323544590397,0.7168093060595381,defined,-0.04803989793780348,sensitivity_only
id:x%3A0x1.0000000000000p%2B0,496,10.692,8.092880000000001,8.058444554096033,0.7168093060595381,defined,0.04803989793780348,sensitivity_only
id:x%3A0x1.0000000000000p%2B0,497,10.714,8.10696,8.141395445903969,0.7168093060595381,defined,-0.04803989793780348,sensitivity_only
id:x%3A0x1.0000000000000p%2B0,498,10.736,8.12104,8.086604554096033,0.7168093060595381,defined,0.04803989793780348,sensitivity_only
id:x%3A0x1.0000000000000p%2B0,499,10.758,8.13512,8.169555445903969,0.7168093060595381,defined,-0.04803989793780348,sensitivity_only
id:x%3A0x1.0000000000000p%2B0,500,10.78,8.1492,8.114764554096032,0.7168093060595381,defined,0.04803989793780348,sensitivity_only
id:x%3A0x1.0000000000000p%2B0,501,10.802,8.16328,8.197715445903969,0.7168093060595381,defined,-0.04803989793780348,sensitivity_only
id:x%3A0x1.0000000000000p%2B0,502,10.824,8.17736,8.142924554096032,0.7168093060595381,defined,0.04803989793780348,sensitivity_only
id:x%3A0x1.0000000000000p%2B0,503,10.846,8.19144,8.225875445903968,0.7168093060595381,defined,-0.04803989793780348,sensitivity_only
id:x%3A0x1.0000000000000p%2B0,504,10.868,8.20552,8.171084554096032,0.7168093060595381,defined,0.04803989793780348,sensitivity_only
id:x%3A0x1.0000000000000p%2B0,505,10.89,8.2196,8.254035445903968,0.7168093060595381,defined,-0.04803989793780348,sensitivity_only
id:x%3A0x1.0000000000000p%2B0,506,10.912,8.23368,8.199244554096031,0.7168093060595381,defined,0.04803989793780348,sensitivity_only
id:x%3A0x1.0000000000000p%2B0,507,10.934,8.24776,8.282195445903968,0.7168093060595381,defined,-0.04803989793780348,sensitivity_only
id:x%3A0x1.0000000000000p%2B0,508,10.956,8.26184,8.227404554096031,0.7168093060595381,defined,0.04803989793780348,sensitivity_only
id:x%3A0x1.0000000000000p%2B0,509,10.978,8.27592,8.310355445903967,0.7168093060595381,defined,-0.04803989793780348,sensitivity_only
id:x%3A0x1.0000000000000p%2B0,510,11.0,8.29,8.255564554096031,0.7168093060595381,defined,0.04803989793780348,sensitivity_only
id:x%3A0x1.0000000000000p%2B1,0,0.0,1.25,1.169338970422098,0.8698738483891382,defined,0.09272727272727273,sensitivity_only
id:x%3A0x1.0000000000000p%2B1,1,0.022,1.26408,1.3042917206729114,0.8698738483891382,defined,-0.04622707160052787,sensitivity_only
id:x%3A0x1.0000000000000p%2B1,2,0.044,1.27816,1.2379482793270886,0.8698738483891382,defined,0.04622707160052787,sensitivity_only
id:x%3A0x1.0000000000000p%2B1,3,0.066,1.29224,1.3324517206729114,0.8698738483891382,defined,-0.04622707160052787,sensitivity_only
id:x%3A0x1.0000000000000p%2B1,4,0.088,1.30632,1.2661082793270886,0.8698738483891382,defined,0.04622707160052787,sensitivity_only
id:x%3A0x1.0000000000000p%2B1,5,0.11,1.3204,1.3606117206729114,0.8698738483891382,defined,-0.04622707160052787,sensitivity_only
id:x%3A0x1.0000000000000p%2B1,6,0.132,1.33448,1.2942682793270888,0.8698738483891382,defined,0.04622707160052787,sensitivity_only
id:x%3A0x1.0000000000000p%2B1,7,0.154,1.34856,1.3887717206729113,0.8698738483891382,defined,-0.04622707160052787,sensitivity_only
id:x%3A0x1.0000000000000p%2B1,8,0.176,1.36264,1.3224282793270887,0.8698738483891382,defined,0.04622707160052787,sensitivity_only
id:x%3A0x1.0000000000000p%2B1,9,0.198,1.37672,1.4169317206729113,0.8698738483891382,defined,-0.04622707160052787,sensitivity_only
id:x%3A0x1.0000000000000p%2B1,10,0.22,1.3908,1.3505882793270887,0.8698738483891382,defined,0.04622707160052787,sensitivity_only
id:x%3A0x1.0000000000000p%2B1,11,0.242,1.40488,1.4450917206729113,0.8698738483891382,defined,-0.04622707160052787,sensitivity_only
id:x%3A0x1.0000000000000p%2B1,12,0.264,1.41896,1.3787482793270887,0.8698738483891382,defined,0.04622707160052787,sensitivity_only
id:x%3A0x1.0000000000000p%2B1,13,0.286,1.43304,1.4732517206729114,0.8698738483891382,defined,-0.04622707160052787,sensitivity_only
id:x%3A0x1.0000000000000p%2B1,14,0.308,1.44712,1.4069082793270886,0.8698738483891382,defined,0.04622707160052787,sensitivity_only
id:x%3A0x1.0000000000000p%2B1,15,0.33,1.4612,1.5014117206729114,0.8698738483891382,defined,-0.04622707160052787,sensitivity_only
id:x%3A0x1.0000000000000p%2B1,16,0.352,1.47528,1.4350682793270886,0.8698738483891382,defined,0.04622707160052787,sensitivity_only
id:x%3A0x1.0000000000000p%2B1,17,0.374,1.48936,1.5295717206729114,0.8698738483891382,defined,-0.04622707160052787,sensitivity_only
id:x%3A0x1.0000000000000p%2B1,18,0.396,1.5034399999999999,1.4632282793270885,0.8698738483891382,defined,0.04622707160052787,sensitivity_only
id:x%3A0x1.0000000000000p%2B1,19,0.418,1.51752,1.5577317206729113,0.8698738483891382,defined,-0.04622707160052787,sensitivity_only
id:x%3A0x1.0000000000000p%2B1,20,0.44,1.5316,1.4913882793270887,0.8698738483891382,defined,0.04622707160052787,sensitivity_only
id:x%3A0x1.0000000000000p%2B1,21,0.462,1.54568,1.5858917206729113,0.8698738483891382,defined,-0.04622707160052787,sensitivity_only
id:x%3A0x1.0000000000000p%2B1,22,0.484,1.55976,1.5195482793270887,0.8698738483891382,defined,0.04622707160052787,sensitivity_only
id:x%3A0x1.0000000000000p%2B1,23,0.506,1.5738400000000001,1.6140517206729115,0.8698738483891386,defined,-0.04622707160052787,sensitivity_only
id:x%3A0x1.0000000000000p%2B1,24,0.528,1.58792,1.5477082793270887,0.8698738483891386,defined,0.04622707160052787,sensitivity_only
id:x%3A0x1.0000000000000p%2B1,25,0.55,1.602,1.6422117206729114,0.8698738483891386,defined,-0.04622707160052787,sensitivity_only
id:x%3A0x1.0000000000000p%2B1,26,0.572,1.61608,1.5758682793270886,0.8698738483891386,defined,0.04622707160052787,sensitivity_only
id:x%3A0x1.0000000000000p%2B1,27,0.594,1.63016,1.6703717206729114,0.8698738483891386,defined,-0.04622707160052787,sensitivity_only
id:x%3A0x1.0000000000000p%2B1,28,0.616,1.64424,1.6040282793270886,0.8698738483891386,defined,0.04622707160052787,sensitivity_only
id:x%3A0x1.0000000000000p%2B1,29,0.638,1.65832,1.6985317206729114,0.8698738483891386,defined,-0.04622707160052787,sensitivity_only
id:x%3A0x1.0000000000000p%2B1,30,0.66,1.6724,1.6321882793270888,0.8698738483891386,defined,0.04622707160052787,sensitivity_only
id:x%3A0x1.0000000000000p%2B1,31,0.682,1.68648,1.7266917206729113,0.8698738483891386,defined,-0.04622707160052787,sensitivity_only
id:x%3A0x1.0000000000000p%2B1,32,0.704,1.7005599999999998,1.6603482793270885,0.8698738483891386,defined,0.04622707160052787,sensitivity_only
id:x%3A0x1.0000000000000p%2B1,33,0.726,1.71464,1.7548517206729113,0.8698738483891386,defined,-0.04622707160052787,sensitivity_only
id:x%3A0x1.0000000000000p%2B1,34,0.748,1.72872,1.6885082793270887,0.8698738483891386,defined,0.04622707160052787,sensitivity_only
id:x%3A0x1.0000000000000p%2B1,35,0.77,1.7428,1.7830117206729112,0.8698738483891386,defined,-0.04622707160052787,sensitivity_only
id:x%3A0x1.0000000000000p%2B1,36,0.792,1.75688,1.7166682793270887,0.8698738483891386,defined,0.04622707160052787,sensitivity_only
id:x%3A0x1.0000000000000p%2B1,37,0.814,1.77096,1.8111717206729114,0.8698738483891386,defined,-0.04622707160052787,sensitivity_only
id:x%3A0x1.0000000000000p%2B1,38,0.836,1.78504,1.7448282793270886,0.8698738483891386,defined,0.04622707160052787,sensitivity_only
id:x%3A0x1.0000000000000p%2B1,39,0.858,1.79912,1.8393317206729114,0.8698738483891386,defined,-0.04622707160052787,sensitivity_only
id:x%3A0x1.0000000000000p%2B1,40,0.88,1.8132000000000001,1.7729882793270888,0.8698738483891386,defined,0.04622707160052787,sensitivity_only
id:x%3A0x1.0000000000000p%2B1,41,0.902,1.82728,1.8674917206729114,0.8698738483891386,defined,-0.04622707160052787,sensitivity_only
id:x%3A0x1.0000000000000p%2B1,42,0.924,1.8413599999999999,1.8011482793270885,0.8698738483891386,defined,0.04622707160052787,sensitivity_only
id:x%3A0x1.0000000000000p%2B1,43,0.946,1.85544,1.8956517206729113,0.8698738483891386,defined,-0.04622707160052787,sensitivity_only
id:x%3A0x1.0000000000000p%2B1,44,0.968,1.86952,1.8293082793270887,0.8698738483891386,defined,0.04622707160052787,sensitivity_only
id:x%3A0x1.0000000000000p%2B1,45,0.99,1.8836,1.9238117206729113,0.8698738483891386,defined,-0.04622707160052787,sensitivity_only
id:x%3A0x1.0000000000000p%2B1,46,1.0,1.8900000000000001,1.8497882793270888,0.8698738483891386,defined,0.04622707160052787,sensitivity_only
id:x%3A0x1.0000000000000p%2B1,47,1.012,1.89768,1.9378917206729114,0.8698738483891386,defined,-0.04622707160052787,sensitivity_only
id:x%3A0x1.0000000000000p%2B1,48,1.034,1.9117600000000001,1.8715482793270888,0.8698738483891386,defined,0.04622707160052787,sensitivity_only
id:x%3A0x1.0000000000000p%2B1,49,1.056,1.92584,1.9660517206729113,0.8698738483891386,defined,-0.04622707160052787,sensitivity_only
id:x%3A0x1.0000000000000p%2B1,50,1.078,1.93992,1.8997082793270887,0.8698738483891386,defined,0.04622707160052787,sensitivity_only
id:x%3A0x1.0000000000000p%2B1,51,1.1,1.9540000000000002,1.9942117206729115,0.8698738483891386,defined,-0.04622707160052787,sensitivity_only
id:x%3A0x1.0000000000000p%2B1,52,1.122,1.96808,1.9278682793270887,0.8698738483891386,defined,0.04622707160052787,sensitivity_only
id:x%3A0x1.0000000000000p%2B1,53,1.144,1.98216,2.0223717206729113,0.8698738483891386,defined,-0.04622707160052787,sensitivity_only
id:x%3A0x1.0000000000000p%2B1,54,1.166,1.99624,1.9560282793270887,0.8698738483891386,defined,0.04622707160052787,sensitivity_only
id:x%3A0x1.0000000000000p%2B1,55,1.188,2.01032,2.0505317206729115,0.8698738483891386,defined,-0.04622707160052787,sensitivity_only
id:x%3A0x1.0000000000000p%2B1,56,1.21,2.0244,1.9841882793270886,0.8698738483891386,defined,0.04622707160052787,sensitivity_only
id:x%3A0x1.0000000000000p%2B1,57,1.232,2.03848,2.078691720672911,0.8698738483891386,defined,-0.04622707160052787,sensitivity_only
id:x%3A0x1.0000000000000p%2B1,58,1.254,2.05256,2.012348279327089,0.8698738483891386,defined,0.04622707160052787,sensitivity_only
id:x%3A0x1.0000000000000p%2B1,59,1.276,2.06664,2.1068517206729114,0.8698738483891386,defined,-0.04622707160052787,sensitivity_only
id:x%3A0x1.0000000000000p%2B1,60,1.298,2.08072,2.0405082793270886,0.8698738483891386,defined,0.04622707160052787,sensitivity_only
id:x%3A0x1.0000000000000p%2B1,61,1.32,2.0948,2.1350117206729116,0.8698738483891386,defined,-0.04622707160052787,sensitivity_only
id:x%3A0x1.0000000000000p%2B1,62,1.342,2.10888,2.0686682793270887,0.8698738483891386,defined,0.04622707160052787,sensitivity_only
id:x%3A0x1.0000000000000p%2B1,63,1.364,2.12296,2.1631717206729113,0.8698738483891386,defined,-0.04622707160052787,sensitivity_only
id:x%3A0x1.0000000000000p%2B1,64,1.386,2.13704,2.0968282793270885,0.8698738483891386,defined,0.04622707160052787,sensitivity_only
id:x%3A0x1.0000000000000p%2B1,65,1.408,2.1511199999999997,2.191331720672911,0.8698738483891386,defined,-0.04622707160052787,sensitivity_only
id:x%3A0x1.0000000000000p%2B1,66,1.43,2.1652,2.1249882793270887,0.8698738483891386,defined,0.04622707160052787,sensitivity_only
id:x%3A0x1.0000000000000p%2B1,67,1.452,2.17928,2.2194917206729112,0.8698738483891386,defined,-0.04622707160052787,sensitivity_only
id:x%3A0x1.0000000000000p%2B1,68,1.474,2.19336,2.153148279327089,0.8698738483891386,defined,0.04622707160052787,sensitivity_only
id:x%3A0x1.0000000000000p%2B1,69,1.496,2.20744,2.2476517206729114,0.8698738483891386,defined,-0.04622707160052787,sensitivity_only
id:x%3A0x1.0000000000000p%2B1,70,1.518,2.22152,2.170440246712788,1.1049748884943107,defined,0.04622707160052787,sensitivity_only
id:x%3A0x1.0000000000000p%2B1,71,1.54,2.2356,2.2866797532872116,1.1049748884943107,defined,-0.04622707160052787,sensitivity_only
id:x%3A0x1.0000000000000p%2B1,72,1.562,2.24968,2.1986002467127883,1.1049748884943107,defined,0.04622707160052787,sensitivity_only
id:x%3A0x1.0000000000000p%2B1,73,1.584,2.26376,2.314839753287212,1.1049748884943107,defined,-0.04622707160052787,sensitivity_only
id:x%3A0x1.0000000000000p%2B1,74,1.606,2.2778400000000003,2.2267602467127885,1.1049748884943107,defined,0.04622707160052787,sensitivity_only
id:x%3A0x1.0000000000000p%2B1,75,1.628,2.29192,2.342999753287212,1.1049748884943107,defined,-0.04622707160052787,sensitivity_only
id:x%3A0x1.0000000000000p%2B1,76,1.65,2.306,2.2549202467127882,1.1049748884943107,defined,0.04622707160052787,sensitivity_only
id:x%3A0x1.0000000000000p%2B1,77,1.672,2.32008,2.3711597532872117,1.1049748884943107,defined,-0.04622707160052787,sensitivity_only
id:x%3A0x1.0000000000000p%2B1,78,1.694,2.33416,2.283080246712788,1.1049748884943107,defined,0.04622707160052787,sensitivity_only
id:x%3A0x1.0000000000000p%2B1,79,1.716,2.34824,2.399319753287212,1.1049748884943107,defined,-0.04622707160052787,sensitivity_only
id:x%3A0x1.0000000000000p%2B1,80,1.738,2.36232,2.311240246712788,1.1049748884943107,defined,0.04622707160052787,sensitivity_only
id:x%3A0x1.0000000000000p%2B1,81,1.76,2.3764000000000003,2.427479753287212,1.1049748884943107,defined,-0.04622707160052787,sensitivity_only
id:x%3A0x1.0000000000000p%2B1,82,1.782,2.39048,2.3394002467127883,1.1049748884943107,defined,0.04622707160052787,sensitivity_only
id:x%3A0x1.0000000000000p%2B1,83,1.804,2.40456,2.455639753287212,1.1049748884943107,defined,-0.04622707160052787,sensitivity_only
id:x%3A0x1.0000000000000p%2B1,84,1.826,2.41864,2.367560246712788,1.1049748884943107,defined,0.04622707160052787,sensitivity_only
id:x%3A0x1.0000000000000p%2B1,85,1.848,2.4327199999999998,2.4837997532872116,1.1049748884943107,defined,-0.04622707160052787,sensitivity_only
id:x%3A0x1.0000000000000p%2B1,86,1.87,2.4468,2.3957202467127883,1.1049748884943107,defined,0.04622707160052787,sensitivity_only
id:x%3A0x1.0000000000000p%2B1,87,1.892,2.46088,2.5119597532872118,1.1049748884943107,defined,-0.04622707160052787,sensitivity_only
id:x%3A0x1.0000000000000p%2B1,88,1.914,2.4749600000000003,2.4238802467127885,1.1049748884943107,defined,0.04622707160052787,sensitivity_only
id:x%3A0x1.0000000000000p%2B1,89,1.936,2.48904,2.540119753287212,1.1049748884943107,defined,-0.04622707160052787,sensitivity_only
id:x%3A0x1.0000000000000p%2B1,90,1.958,2.50312,2.452040246712788,1.1049748884943107,defined,0.04622707160052787,sensitivity_only
id:x%3A0x1.0000000000000p%2B1,91,1.98,2.5172,2.5682797532872117,1.1049748884943107,defined,-0.04622707160052787,sensitivity_only
id:x%3A0x1.0000000000000p%2B1,92,2.0,2.5300000000000002,2.4789202467127884,1.1049748884943107,defined,0.04622707160052787,sensitivity_only
id:x%3A0x1.0000000000000p%2B1,93,2.002,2.5312799999999998,2.5823597532872116,1.1049748884943107,defined,-0.04622707160052787,sensitivity_only
id:x%3A0x1.0000000000000p%2B1,94,2.024,2.54536,2.4942802467127883,1.1049748884943107,defined,0.04622707160052787,sensitivity_only
id:x%3A0x1.0000000000000p%2B1,95,2.046,2.55944,2.6105197532872118,1.1049748884943107,defined,-0.04622707160052787,sensitivity_only
id:x%3A0x1.0000000000000p%2B1,96,2.068,2.5735200000000003,2.5224402467127884,1.1049748884943107,defined,0.04622707160052787,sensitivity_only
id:x%3A0x1.0000000000000p%2B1,97,2.09,2.5876,2.638679753287212,1.1049748884943107,defined,-0.04622707160052787,sensitivity_only
id:x%3A0x1.0000000000000p%2B1,98,2.112,2.60168,2.550600246712788,1.1049748884943107,defined,0.04622707160052787,sensitivity_only
id:x%3A0x1.0000000000000p%2B1,99,2.134,2.61576,2.6668397532872117,1.1049748884943107,defined,-0.04622707160052787,sensitivity_only
id:x%3A0x1.0000000000000p%2B1,100,2.156,2.62984,2.5787602467127884,1.1049748884943107,defined,0.04622707160052787,sensitivity_only
id:x%3A0x1.0000000000000p%2B1,101,2.178,2.64392,2.694999753287212,1.1049748884943107,defined,-0.04622707160052787,sensitivity_only
id:x%3A0x1.0000000000000p%2B1,102,2.2,2.6580000000000004,2.6069202467127885,1.1049748884943107,defined,0.04622707160052787,sensitivity_only
id:x%3A0x1.0000000000000p%2B1,103,2.222,2.6720800000000002,2.723159753287212,1.1049748884943107,defined,-0.04622707160052787,sensitivity_only
id:x%3A0x1.0000000000000p%2B1,104,2.244,2.68616,2.6350802467127883,1.1049748884943107,defined,0.04622707160052787,sensitivity_only
id:x%3A0x1.0000000000000p%2B1,105,2.266,2.70024,2.751319753287212,1.1049748884943107,defined,-0.04622707160052787,sensitivity_only
id:x%3A0x1.0000000000000p%2B1,106,2.288,2.71432,2.663240246712788,1.1049748884943107,defined,0.04622707160052787,sensitivity_only
id:x%3A0x1.0000000000000p%2B1,107,2.31,2.7284,2.779479753287212,1.1049748884943107,defined,-0.04622707160052787,sensitivity_only
id:x%3A0x1.0000000000000p%2B1,108,2.332,2.74248,2.691400246712788,1.1049748884943107,defined,0.04622707160052787,sensitivity_only
id:x%3A0x1.0000000000000p%2B1,109,2.354,2.7565600000000003,2.807639753287212,1.1049748884943107,defined,-0.04622707160052787,sensitivity_only
id:x%3A0x1.0000000000000p%2B1,110,2.376,2.77064,2.7195602467127884,1.1049748884943107,defined,0.04622707160052787,sensitivity_only
id:x%3A0x1.0000000000000p%2B1,111,2.398,2.78472,2.835799753287212,1.1049748884943107,defined,-0.04622707160052787,sensitivity_only
id:x%3A0x1.0000000000000p%2B1,112,2.42,2.7988,2.747720246712788,1.1049748884943107,defined,0.04622707160052787,sensitivity_only
id:x%3A0x1.0000000000000p%2B1,113,2.442,2.81288,2.8639597532872116,1.1049748884943107,defined,-0.04622707160052787,sensitivity_only
id:x%3A0x1.0000000000000p%2B1,114,2.464,2.8269599999999997,2.775880246712788,1.1049748884943107,defined,0.04622707160052787,sensitivity_only
id:x%3A0x1.0000000000000p%2B1,115,2.486,2.8410400000000005,2.8921197532872123,1.1049748884943107,defined,-0.04622707160052787,sensitivity_only
id:x%3A0x1.0000000000000p%2B1,116,2.508,2.8551200000000003,2.8094742630199385,0.9874243684417244,defined,0.04622707160052787,sensitivity_only
id:x%3A0x1.0000000000000p%2B1,117,2.53,2.8692,2.914845736980062,0.9874243684417244,defined,-0.04622707160052787,sensitivity_only
id:x%3A0x1.0000000000000p%2B1,118,2.552,2.88328,2.8376342630199383,0.9874243684417244,defined,0.04622707160052787,sensitivity_only
id:x%3A0x1.0000000000000p%2B1,119,2.574,2.89736,2.9430057369800617,0.9874243684417244,defined,-0.04622707160052787,sensitivity_only
id:x%3A0x1.0000000000000p%2B1,120,2.596,2.91144,2.865794263019938,0.9874243684417244,defined,0.04622707160052787,sensitivity_only
id:x%3A0x1.0000000000000p%2B1,121,2.618,2.9255199999999997,2.9711657369800615,0.9874243684417244,defined,-0.04622707160052787,sensitivity_only
id:x%3A0x1.0000000000000p%2B1,122,2.64,2.9396000000000004,2.8939542630199386,0.9874243684417244,defined,0.04622707160052787,sensitivity_only
id:x%3A0x1.0000000000000p%2B1,123,2.662,2.9536800000000003,2.999325736980062,0.9874243684417244,defined,-0.04622707160052787,sensitivity_only
id:x%3A0x1.0000000000000p%2B1,124,2.684,2.96776,2.9221142630199384,0.9874243684417244,defined,0.04622707160052787,sensitivity_only
id:x%3A0x1.0000000000000p%2B1,125,2.706,2.98184,3.027485736980062,0.9874243684417244,defined,-0.04622707160052787,sensitivity_only
id:x%3A0x1.0000000000000p%2B1,126,2.728,2.99592,2.950274263019938,0.9874243684417244,defined,0.04622707160052787,sensitivity_only
id:x%3A0x1.0000000000000p%2B1,127,2.75,3.01,3.0556457369800616,0.9874243684417244,defined,-0.04622707160052787,sensitivity_only
id:x%3A0x1.0000000000000p%2B1,128,2.772,3.0240799999999997,2.978434263019938,0.9874243684417244,defined,0.04622707160052787,sensitivity_only
id:x%3A0x1.0000000000000p%2B1,129,2.794,3.03816,3.0838057369800618,0.9874243684417244,defined,-0.04622707160052787,sensitivity_only
id:x%3A0x1.0000000000000p%2B1,130,2.816,3.05224,3.006594263019938,0.9874243684417244,defined,0.04622707160052787,sensitivity_only
id:x%3A0x1.0000000000000p%2B1,131,2.838,3.06632,3.111965736980062,0.9874243684417244,defined,-0.04622707160052787,sensitivity_only
id:x%3A0x1.0000000000000p%2B1,132,2.86,3.0804,3.0347542630199382,0.9874243684417244,defined,0.04622707160052787,sensitivity_only
id:x%3A0x1.0000000000000p%2B1,133,2.882,3.09448,3.1401257369800617,0.9874243684417244,defined,-0.04622707160052787,sensitivity_only
id:x%3A0x1.0000000000000p%2B1,134,2.904,3.1085599999999998,3.062914263019938,0.9874243684417244,defined,0.04622707160052787,sensitivity_only
id:x%3A0x1.0000000000000p%2B1,135,2.926,3.12264,3.168285736980062,0.9874243684417244,defined,-0.04622707160052787,sensitivity_only
id:x%3A0x1.0000000000000p%2B1,136,2.948,3.13672,3.091074263019938,0.9874243684417244,defined,0.04622707160052787,sensitivity_only
id:x%3A0x1.0000000000000p%2B1,137,2.97,3.1508000000000003,3.196445736980062,0.9874243684417244,defined,-0.04622707160052787,sensitivity_only
id:x%3A0x1.0000000000000p%2B1,138,2.992,3.16488,3.1192342630199383,0.9874243684417244,defined,0.04622707160052787,sensitivity_only
id:x%3A0x1.0000000000000p%2B1,139,3.0,3.17,3.2156457369800617,0.9874243684417244,defined,-0.04622707160052787,sensitivity_only
id:x%3A0x1.0000000000000p%2B1,140,3.014,3.17896,3.133314263019938,0.9874243684417244,defined,0.04622707160052787,sensitivity_only
id:x%3A0x1.0000000000000p%2B1,141,3.036,3.19304,3.2386857369800617,0.9874243684417244,defined,-0.04622707160052787,sensitivity_only
id:x%3A0x1.0000000000000p%2B1,142,3.058,3.2071199999999997,3.161474263019938,0.9874243684417244,defined,0.04622707160052787,sensitivity_only
id:x%3A0x1.0000000000000p%2B1,143,3.08,3.2212,3.266845736980062,0.9874243684417244,defined,-0.04622707160052787,sensitivity_only
id:x%3A0x1.0000000000000p%2B1,144,3.102,3.23528,3.189634263019938,0.9874243684417244,defined,0.04622707160052787,sensitivity_only
id:x%3A0x1.0000000000000p%2B1,145,3.124,3.2493600000000002,3.295005736980062,0.9874243684417244,defined,-0.04622707160052787,sensitivity_only
id:x%3A0x1.0000000000000p%2B1,146,3.146,3.26344,3.2177942630199383,0.9874243684417244,defined,0.04622707160052787,sensitivity_only
id:x%3A0x1.0000000000000p%2B1,147,3.168,3.27752,3.323165736980062,0.9874243684417244,defined,-0.04622707160052787,sensitivity_only
id:x%3A0x1.0000000000000p%2B1,148,3.19,3.2916,3.245954263019938,0.9874243684417244,defined,0.04622707160052787,sensitivity_only
id:x%3A0x1.0000000000000p%2B1,149,3.212,3.30568,3.351325736980062,0.9874243684417244,defined,-0.04622707160052787,sensitivity_only
id:x%3A0x1.0000000000000p%2B1,150,3.234,3.31976,3.2741142630199382,0.9874243684417244,defined,0.04622707160052787,sensitivity_only
id:x%3A0x1.0000000000000p%2B1,151,3.256,3.33384,3.3794857369800617,0.9874243684417244,defined,-0.04622707160052787,sensitivity_only
id:x%3A0x1.0000000000000p%2B1,152,3.278,3.3479200000000002,3.3022742630199384,0.9874243684417244,defined,0.04622707160052787,sensitivity_only
id:x%3A0x1.0000000000000p%2B1,153,3.3,3.362,3.407645736980062,0.9874243684417244,defined,-0.04622707160052787,sensitivity_only
id:x%3A0x1.0000000000000p%2B1,154,3.322,3.37608,3.330434263019938,0.9874243684417244,defined,0.04622707160052787,sensitivity_only
id:x%3A0x1.0000000000000p%2B1,155,3.344,3.39016,3.4358057369800616,0.9874243684417244,defined,-0.04622707160052787,sensitivity_only
id:x%3A0x1.0000000000000p%2B1,156,3.366,3.40424,3.3585942630199384,0.9874243684417244,defined,0.04622707160052787,sensitivity_only
id:x%3A0x1.0000000000000p%2B1,157,3.388,3.41832,3.463965736980062,0.9874243684417244,defined,-0.04622707160052787,sensitivity_only
id:x%3A0x1.0000000000000p%2B1,158,3.41,3.4324000000000003,3.3867542630199385,0.9874243684417244,defined,0.04622707160052787,sensitivity_only
id:x%3A0x1.0000000000000p%2B1,159,3.432,3.44648,3.492125736980062,0.9874243684417244,defined,-0.04622707160052787,sensitivity_only
id:x%3A0x1.0000000000000p%2B1,160,3.454,3.46056,3.4149142630199383,0.9874243684417244,defined,0.04622707160052787,sensitivity_only
id:x%3A0x1.0000000000000p%2B1,161,3.476,3.47464,3.5202857369800618,0.9874243684417244,defined,-0.04622707160052787,sensitivity_only
id:x%3A0x1.0000000000000p%2B1,162,3.498,3.4887200000000003,3.4430742630199385,0.9874243684417244,defined,0.04622707160052787,sensitivity_only
id:x%3A0x1.0000000000000p%2B1,163,3.52,3.5028,3.5430117206729115,0.8698738483891386,defined,-0.04622707160052787,sensitivity_only
id:x%3A0x1.0000000000000p%2B1,164,3.542,3.51688,3.4766682793270887,0.8698738483891386,defined,0.04622707160052787,sensitivity_only
id:x%3A0x1.0000000000000p%2B1,165,3.564,3.53096,3.571171720672911,0.8698738483891386,defined,-0.04622707160052787,sensitivity_only
id:x%3A0x1.0000000000000p%2B1,166,3.586,3.5450399999999997,3.5048282793270884,0.8698738483891386,defined,0.04622707160052787,sensitivity_only
id:x%3A0x1.0000000000000p%2B1,167,3.608,3.55912,3.5993317206729114,0.8698738483891386,defined,-0.04622707160052787,sensitivity_only
id:x%3A0x1.0000000000000p%2B1,168,3.63,3.5732,3.5329882793270886,0.8698738483891386,defined,0.04622707160052787,sensitivity_only
id:x%3A0x1.0000000000000p%2B1,169,3.652,3.5872800000000002,3.6274917206729116,0.8698738483891386,defined,-0.04622707160052787,sensitivity_only
id:x%3A0x1.0000000000000p%2B1,170,3.674,3.60136,3.5611482793270888,0.8698738483891386,defined,0.04622707160052787,sensitivity_only
id:x%3A0x1.0000000000000p%2B1,171,3.696,3.61544,3.6556517206729113,0.8698738483891386,defined,-0.04622707160052787,sensitivity_only
id:x%3A0x1.0000000000000p%2B1,172,3.718,3.62952,3.5893082793270885,0.8698738483891386,defined,0.04622707160052787,sensitivity_only
id:x%3A0x1.0000000000000p%2B1,173,3.74,3.6436,3.6838117206729115,0.8698738483891386,defined,-0.04622707160052787,sensitivity_only
id:x%3A0x1.0000000000000p%2B1,174,3.762,3.65768,3.6174682793270887,0.8698738483891386,defined,0.04622707160052787,sensitivity_only
id:x%3A0x1.0000000000000p%2B1,175,3.784,3.67176,3.7119717206729113,0.8698738483891386,defined,-0.04622707160052787,sensitivity_only
id:x%3A0x1.0000000000000p%2B1,176,3.806,3.6858400000000002,3.645628279327089,0.8698738483891386,defined,0.04622707160052787,sensitivity_only
id:x%3A0x1.0000000000000p%2B1,177,3.828,3.69992,3.7401317206729114,0.8698738483891386,defined,-0.04622707160052787,sensitivity_only
id:x%3A0x1.0000000000000p%2B1,178,3.85,3.714,3.6737882793270886,0.8698738483891386,defined,0.04622707160052787,sensitivity_only
id:x%3A0x1.0000000000000p%2B1,179,3.872,3.72808,3.768291720672911,0.8698738483891386,defined,-0.04622707160052787,sensitivity_only
id:x%3A0x1.0000000000000p%2B1,180,3.894,3.74216,3.701948279327089,0.8698738483891386,defined,0.04622707160052787,sensitivity_only
id:x%3A0x1.0000000000000p%2B1,181,3.916,3.75624,3.7964517206729114,0.8698738483891386,defined,-0.04622707160052787,sensitivity_only
id:x%3A0x1.0000000000000p%2B1,182,3.938,3.7703200000000003,3.730108279327089,0.8698738483891386,defined,0.04622707160052787,sensitivity_only
id:x%3A0x1.0000000000000p%2B1,183,3.96,3.7844,3.8246117206729116,0.8698738483891386,defined,-0.04622707160052787,sensitivity_only
id:x%3A0x1.0000000000000p%2B1,184,3.982,3.79848,3.7582682793270887,0.8698738483891386,defined,0.04622707160052787,sensitivity_only
id:x%3A0x1.0000000000000p%2B1,185,4.0,3.81,3.8502117206729114,0.8698738483891386,defined,-0.04622707160052787,sensitivity_only
id:x%3A0x1.0000000000000p%2B1,186,4.004,3.81256,3.7723482793270886,0.8698738483891386,defined,0.04622707160052787,sensitivity_only
id:x%3A0x1.0000000000000p%2B1,187,4.026,3.82664,3.866851720672911,0.8698738483891386,defined,-0.04622707160052787,sensitivity_only
id:x%3A0x1.0000000000000p%2B1,188,4.048,3.84072,3.800508279327089,0.8698738483891386,defined,0.04622707160052787,sensitivity_only
id:x%3A0x1.0000000000000p%2B1,189,4.07,3.8548000000000004,3.895011720672912,0.8698738483891386,defined,-0.04622707160052787,sensitivity_only
id:x%3A0x1.0000000000000p%2B1,190,4.092,3.86888,3.8286682793270885,0.8698738483891386,defined,0.04622707160052787,sensitivity_only
id:x%3A0x1.0000000000000p%2B1,191,4.114,3.88296,3.9231717206729115,0.8698738483891386,defined,-0.04622707160052787,sensitivity_only
id:x%3A0x1.0000000000000p%2B1,192,4.136,3.89704,3.8568282793270887,0.8698738483891386,defined,0.04622707160052787,sensitivity_only
id:x%3A0x1.0000000000000p%2B1,193,4.158,3.9111200000000004,3.9513317206729117,0.8698738483891386,defined,-0.04622707160052787,sensitivity_only
id:x%3A0x1.0000000000000p%2B1,194,4.18,3.9252,3.8849882793270885,0.8698738483891386,defined,0.04622707160052787,sensitivity_only
id:x%3A0x1.0000000000000p%2B1,195,4.202,3.93928,3.9794917206729115,0.8698738483891386,defined,-0.04622707160052787,sensitivity_only
id:x%3A0x1.0000000000000p%2B1,196,4.224,3.95336,3.9131482793270886,0.8698738483891386,defined,0.04622707160052787,sensitivity_only
id:x%3A0x1.0000000000000p%2B1,197,4.246,3.9674400000000003,4.007651720672912,0.8698738483891386,defined,-0.04622707160052787,sensitivity_only
id:x%3A0x1.0000000000000p%2B1,198,4.268,3.9815199999999997,3.9413082793270884,0.8698738483891386,defined,0.04622707160052787,sensitivity_only
id:x%3A0x1.0000000000000p%2B1,199,4.29,3.9956,4.035811720672911,0.8698738483891386,defined,-0.04622707160052787,sensitivity_only
id:x%3A0x1.0000000000000p%2B1,200,4.312,4.00968,3.969468279327089,0.8698738483891386,defined,0.04622707160052787,sensitivity_only
id:x%3A0x1.0000000000000p%2B1,201,4.334,4.023759999999999,4.063971720672911,0.8698738483891386,defined,-0.04622707160052787,sensitivity_only
id:x%3A0x1.0000000000000p%2B1,202,4.356,4.03784,3.9976282793270888,0.8698738483891386,defined,0.04622707160052787,sensitivity_only
id:x%3A0x1.0000000000000p%2B1,203,4.378,4.05192,4.092131720672912,0.8698738483891386,defined,-0.04622707160052787,sensitivity_only
id:x%3A0x1.0000000000000p%2B1,204,4.4,4.066000000000001,4.025788279327089,0.8698738483891386,defined,0.04622707160052787,sensitivity_only
id:x%3A0x1.0000000000000p%2B1,205,4.422,4.08008,4.1202917206729115,0.8698738483891386,defined,-0.04622707160052787,sensitivity_only
id:x%3A0x1.0000000000000p%2B1,206,4.444,4.0941600000000005,4.053948279327089,0.8698738483891386,defined,0.04622707160052787,sensitivity_only
id:x%3A0x1.0000000000000p%2B1,207,4.466,4.10824,4.148451720672912,0.8698738483891386,defined,-0.04622707160052787,sensitivity_only
id:x%3A0x1.0000000000000p%2B1,208,4.488,4.12232,4.082108279327088,0.8698738483891386,defined,0.04622707160052787,sensitivity_only
id:x%3A0x1.0000000000000p%2B1,209,4.51,4.1364,4.182045736980061,0.9874243684417244,defined,-0.04622707160052787,sensitivity_only
id:x%3A0x1.0000000000000p%2B1,210,4.532,4.15048,4.104834263019939,0.9874243684417244,defined,0.04622707160052787,sensitivity_only
id:x%3A0x1.0000000000000p%2B1,211,4.554,4.16456,4.210205736980061,0.9874243684417244,defined,-0.04622707160052787,sensitivity_only
id:x%3A0x1.0000000000000p%2B1,212,4.576,4.17864,4.132994263019938,0.9874243684417244,defined,0.04622707160052787,sensitivity_only
id:x%3A0x1.0000000000000p%2B1,213,4.598,4.19272,4.238365736980061,0.9874243684417244,defined,-0.04622707160052787,sensitivity_only
id:x%3A0x1.0000000000000p%2B1,214,4.62,4.2068,4.161154263019939,0.9874243684417244,defined,0.04622707160052787,sensitivity_only
id:x%3A0x1.0000000000000p%2B1,215,4.642,4.22088,4.2665257369800615,0.9874243684417244,defined,-0.04622707160052787,sensitivity_only
id:x%3A0x1.0000000000000p%2B1,216,4.664,4.23496,4.189314263019939,0.9874243684417244,defined,0.04622707160052787,sensitivity_only
id:x%3A0x1.0000000000000p%2B1,217,4.686,4.24904,4.294685736980061,0.9874243684417244,defined,-0.04622707160052787,sensitivity_only
id:x%3A0x1.0000000000000p%2B1,218,4.708,4.263120000000001,4.217474263019939,0.9874243684417244,defined,0.04622707160052787,sensitivity_only
id:x%3A0x1.0000000000000p%2B1,219,4.73,4.277200000000001,4.322845736980062,0.9874243684417244,defined,-0.04622707160052787,sensitivity_only
id:x%3A0x1.0000000000000p%2B1,220,4.752,4.29128,4.245634263019939,0.9874243684417244,defined,0.04622707160052787,sensitivity_only
id:x%3A0x1.0000000000000p%2B1,221,4.774,4.30536,4.351005736980062,0.9874243684417244,defined,-0.04622707160052787,sensitivity_only
id:x%3A0x1.0000000000000p%2B1,222,4.796,4.31944,4.273794263019939,0.9874243684417244,defined,0.04622707160052787,sensitivity_only
id:x%3A0x1.0000000000000p%2B1,223,4.818,4.33352,4.379165736980061,0.9874243684417244,defined,-0.04622707160052787,sensitivity_only
id:x%3A0x1.0000000000000p%2B1,224,4.84,4.3476,4.3019542630199386,0.9874243684417244,defined,0.04622707160052787,sensitivity_only
id:x%3A0x1.0000000000000p%2B1,225,4.862,4.36168,4.407325736980061,0.9874243684417244,defined,-0.04622707160052787,sensitivity_only
id:x%3A0x1.0000000000000p%2B1,226,4.884,4.37576,4.330114263019938,0.9874243684417244,defined,0.04622707160052787,sensitivity_only
id:x%3A0x1.0000000000000p%2B1,227,4.906,4.3898399999999995,4.435485736980061,0.9874243684417244,defined,-0.04622707160052787,sensitivity_only
id:x%3A0x1.0000000000000p%2B1,228,4.928,4.403919999999999,4.358274263019938,0.9874243684417244,defined,0.04622707160052787,sensitivity_only
id:x%3A0x1.0000000000000p%2B1,229,4.95,4.418,4.4636457369800615,0.9874243684417244,defined,-0.04622707160052787,sensitivity_only
id:x%3A0x1.0000000000000p%2B1,230,4.972,4.432080000000001,4.3864342630199396,0.9874243684417244,defined,0.04622707160052787,sensitivity_only
id:x%3A0x1.0000000000000p%2B1,231,4.994,4.44616,4.491805736980061,0.9874243684417244,defined,-0.04622707160052787,sensitivity_only
id:x%3A0x1.0000000000000p%2B1,232,5.0,4.45,4.404354263019939,0.9874243684417244,defined,0.04622707160052787,sensitivity_only
id:x%3A0x1.0000000000000p%2B1,233,5.016,4.460240000000001,4.505885736980062,0.9874243684417244,defined,-0.04622707160052787,sensitivity_only
id:x%3A0x1.0000000000000p%2B1,234,5.038,4.4743200000000005,4.428674263019939,0.9874243684417244,defined,0.04622707160052787,sensitivity_only
id:x%3A0x1.0000000000000p%2B1,235,5.06,4.4884,4.534045736980062,0.9874243684417244,defined,-0.04622707160052787,sensitivity_only
id:x%3A0x1.0000000000000p%2B1,236,5.082,4.50248,4.456834263019939,0.9874243684417244,defined,0.04622707160052787,sensitivity_only
id:x%3A0x1.0000000000000p%2B1,237,5.104,4.51656,4.5622057369800615,0.9874243684417244,defined,-0.04622707160052787,sensitivity_only
id:x%3A0x1.0000000000000p%2B1,238,5.126,4.53064,4.484994263019939,0.9874243684417244,defined,0.04622707160052787,sensitivity_only
id:x%3A0x1.0000000000000p%2B1,239,5.148,4.54472,4.590365736980061,0.9874243684417244,defined,-0.04622707160052787,sensitivity_only
id:x%3A0x1.0000000000000p%2B1,240,5.17,4.5588,4.513154263019938,0.9874243684417244,defined,0.04622707160052787,sensitivity_only
id:x%3A0x1.0000000000000p%2B1,241,5.192,4.57288,4.618525736980061,0.9874243684417244,defined,-0.04622707160052787,sensitivity_only
id:x%3A0x1.0000000000000p%2B1,242,5.214,4.58696,4.541314263019939,0.9874243684417244,defined,0.04622707160052787,sensitivity_only
id:x%3A0x1.0000000000000p%2B1,243,5.236,4.601039999999999,4.646685736980061,0.9874243684417244,defined,-0.04622707160052787,sensitivity_only
id:x%3A0x1.0000000000000p%2B1,244,5.258,4.61512,4.569474263019939,0.9874243684417244,defined,0.04622707160052787,sensitivity_only
id:x%3A0x1.0000000000000p%2B1,245,5.28,4.629200000000001,4.674845736980062,0.9874243684417244,defined,-0.04622707160052787,sensitivity_only
id:x%3A0x1.0000000000000p%2B1,246,5.302,4.64328,4.5976342630199385,0.9874243684417244,defined,0.04622707160052787,sensitivity_only
id:x%3A0x1.0000000000000p%2B1,247,5.324,4.657360000000001,4.703005736980062,0.9874243684417244,defined,-0.04622707160052787,sensitivity_only
id:x%3A0x1.0000000000000p%2B1,248,5.346,4.6714400000000005,4.625794263019939,0.9874243684417244,defined,0.04622707160052787,sensitivity_only
id:x%3A0x1.0000000000000p%2B1,249,5.368,4.68552,4.731165736980062,0.9874243684417244,defined,-0.04622707160052787,sensitivity_only
id:x%3A0x1.0000000000000p%2B1,250,5.39,4.6996,4.653954263019939,0.9874243684417244,defined,0.04622707160052787,sensitivity_only
id:x%3A0x1.0000000000000p%2B1,251,5.412,4.71368,4.7593257369800614,0.9874243684417244,defined,-0.04622707160052787,sensitivity_only
id:x%3A0x1.0000000000000p%2B1,252,5.434,4.72776,4.682114263019939,0.9874243684417244,defined,0.04622707160052787,sensitivity_only
id:x%3A0x1.0000000000000p%2B1,253,5.456,4.74184,4.787485736980061,0.9874243684417244,defined,-0.04622707160052787,sensitivity_only
id:x%3A0x1.0000000000000p%2B1,254,5.478,4.75592,4.710274263019938,0.9874243684417244,defined,0.04622707160052787,sensitivity_only
id:x%3A0x1.0000000000000p%2B1,255,5.5,4.77,4.815645736980061,0.9874243684417244,defined,-0.04622707160052787,sensitivity_only
id:x%3A0x1.0000000000000p%2B1,256,5.522,4.78408,4.7438682793270885,0.8698738483891382,defined,0.04622707160052787,sensitivity_only
id:x%3A0x1.0000000000000p%2B1,257,5.544,4.798159999999999,4.838371720672911,0.8698738483891382,defined,-0.04622707160052787,sensitivity_only
id:x%3A0x1.0000000000000p%2B1,258,5.566,4.81224,4.772028279327088,0.8698738483891382,defined,0.04622707160052787,sensitivity_only
id:x%3A0x1.0000000000000p%2B1,259,5.588,4.82632,4.866531720672912,0.8698738483891382,defined,-0.04622707160052787,sensitivity_only
id:x%3A0x1.0000000000000p%2B1,260,5.61,4.840400000000001,4.800188279327089,0.8698738483891382,defined,0.04622707160052787,sensitivity_only
id:x%3A0x1.0000000000000p%2B1,261,5.632,4.85448,4.8946917206729115,0.8698738483891382,defined,-0.04622707160052787,sensitivity_only
id:x%3A0x1.0000000000000p%2B1,262,5.654,4.86856,4.828348279327089,0.8698738483891382,defined,0.04622707160052787,sensitivity_only
id:x%3A0x1.0000000000000p%2B1,263,5.676,4.88264,4.922851720672912,0.8698738483891382,defined,-0.04622707160052787,sensitivity_only
id:x%3A0x1.0000000000000p%2B1,264,5.698,4.89672,4.856508279327088,0.8698738483891382,defined,0.04622707160052787,sensitivity_only
id:x%3A0x1.0000000000000p%2B1,265,5.72,4.9108,4.951011720672912,0.8698738483891382,defined,-0.04622707160052787,sensitivity_only
id:x%3A0x1.0000000000000p%2B1,266,5.742,4.92488,4.884668279327088,0.8698738483891382,defined,0.04622707160052787,sensitivity_only
id:x%3A0x1.0000000000000p%2B1,267,5.764,4.93896,4.979171720672912,0.8698738483891382,defined,-0.04622707160052787,sensitivity_only
id:x%3A0x1.0000000000000p%2B1,268,5.786,4.95304,4.912828279327088,0.8698738483891382,defined,0.04622707160052787,sensitivity_only
id:x%3A0x1.0000000000000p%2B1,269,5.808,4.9671199999999995,5.007331720672911,0.8698738483891382,defined,-0.04622707160052787,sensitivity_only
id:x%3A0x1.0000000000000p%2B1,270,5.83,4.9812,4.9409882793270885,0.8698738483891382,defined,0.04622707160052787,sensitivity_only
id:x%3A0x1.0000000000000p%2B1,271,5.852,4.99528,5.035491720672912,0.8698738483891382,defined,-0.04622707160052787,sensitivity_only
id:x%3A0x1.0000000000000p%2B1,272,5.874,5.00936,4.969148279327088,0.8698738483891382,defined,0.04622707160052787,sensitivity_only
id:x%3A0x1.0000000000000p%2B1,273,5.896,5.02344,5.063651720672912,0.8698738483891382,defined,-0.04622707160052787,sensitivity_only
id:x%3A0x1.0000000000000p%2B1,274,5.918,5.037520000000001,4.997308279327089,0.8698738483891382,defined,0.04622707160052787,sensitivity_only
id:x%3A0x1.0000000000000p%2B1,275,5.94,5.0516000000000005,5.091811720672912,0.8698738483891382,defined,-0.04622707160052787,sensitivity_only
id:x%3A0x1.0000000000000p%2B1,276,5.962,5.06568,5.025468279327089,0.8698738483891382,defined,0.04622707160052787,sensitivity_only
id:x%3A0x1.0000000000000p%2B1,277,5.984,5.07976,5.119971720672912,0.8698738483891382,defined,-0.04622707160052787,sensitivity_only
id:x%3A0x1.0000000000000p%2B1,278,6.0,5.09,5.049788279327088,0.8698738483891382,defined,0.04622707160052787,sensitivity_only
id:x%3A0x1.0000000000000p%2B1,279,6.006,5.09384,5.134051720672912,0.8698738483891382,defined,-0.04622707160052787,sensitivity_only
id:x%3A0x1.0000000000000p%2B1,280,6.028,5.10792,5.067708279327088,0.8698738483891382,defined,0.04622707160052787,sensitivity_only
id:x%3A0x1.0000000000000p%2B1,281,6.05,5.122,5.162211720672912,0.8698738483891382,defined,-0.04622707160052787,sensitivity_only
id:x%3A0x1.0000000000000p%2B1,282,6.072,5.13608,5.095868279327088,0.8698738483891382,defined,0.04622707160052787,sensitivity_only
id:x%3A0x1.0000000000000p%2B1,283,6.094,5.15016,5.190371720672911,0.8698738483891382,defined,-0.04622707160052787,sensitivity_only
id:x%3A0x1.0000000000000p%2B1,284,6.116,5.1642399999999995,5.124028279327088,0.8698738483891382,defined,0.04622707160052787,sensitivity_only
id:x%3A0x1.0000000000000p%2B1,285,6.138,5.178319999999999,5.218531720672911,0.8698738483891382,defined,-0.04622707160052787,sensitivity_only
id:x%3A0x1.0000000000000p%2B1,286,6.16,5.1924,5.152188279327088,0.8698738483891382,defined,0.04622707160052787,sensitivity_only
id:x%3A0x1.0000000000000p%2B1,287,6.182,5.206480000000001,5.246691720672913,0.8698738483891382,defined,-0.04622707160052787,sensitivity_only
id:x%3A0x1.0000000000000p%2B1,288,6.204,5.22056,5.180348279327088,0.8698738483891382,defined,0.04622707160052787,sensitivity_only
id:x%3A0x1.0000000000000p%2B1,289,6.226,5.234640000000001,5.274851720672912,0.8698738483891382,defined,-0.04622707160052787,sensitivity_only
id:x%3A0x1.0000000000000p%2B1,290,6.248,5.2487200000000005,5.208508279327089,0.8698738483891382,defined,0.04622707160052787,sensitivity_only
id:x%3A0x1.0000000000000p%2B1,291,6.27,5.2627999999999995,5.303011720672911,0.8698738483891382,defined,-0.04622707160052787,sensitivity_only
id:x%3A0x1.0000000000000p%2B1,292,6.292,5.27688,5.2366682793270884,0.8698738483891382,defined,0.04622707160052787,sensitivity_only
id:x%3A0x1.0000000000000p%2B1,293,6.314,5.29096,5.331171720672912,0.8698738483891382,defined,-0.04622707160052787,sensitivity_only
id:x%3A0x1.0000000000000p%2B1,294,6.336,5.30504,5.264828279327088,0.8698738483891382,defined,0.04622707160052787,sensitivity_only
id:x%3A0x1.0000000000000p%2B1,295,6.358,5.31912,5.359331720672912,0.8698738483891382,defined,-0.04622707160052787,sensitivity_only
id:x%3A0x1.0000000000000p%2B1,296,6.38,5.3332,5.292988279327088,0.8698738483891382,defined,0.04622707160052787,sensitivity_only
id:x%3A0x1.0000000000000p%2B1,297,6.402,5.3472800000000005,5.387491720672912,0.8698738483891382,defined,-0.04622707160052787,sensitivity_only
id:x%3A0x1.0000000000000p%2B1,298,6.424,5.36136,5.321148279327089,0.8698738483891382,defined,0.04622707160052787,sensitivity_only
id:x%3A0x1.0000000000000p%2B1,299,6.446,5.37544,5.415651720672912,0.8698738483891382,defined,-0.04622707160052787,sensitivity_only
id:x%3A0x1.0000000000000p%2B1,300,6.468,5.38952,5.349308279327088,0.8698738483891382,defined,0.04622707160052787,sensitivity_only
id:x%3A0x1.0000000000000p%2B1,301,6.49,5.4036,5.443811720672912,0.8698738483891382,defined,-0.04622707160052787,sensitivity_only
id:x%3A0x1.0000000000000p%2B1,302,6.512,5.41768,5.378647576483108,0.8443628844628325,defined,0.04622707160052787,sensitivity_only
id:x%3A0x1.0000000000000p%2B1,303,6.534,5.43176,5.470792423516891,0.8443628844628325,defined,-0.04622707160052787,sensitivity_only
id:x%3A0x1.0000000000000p%2B1,304,6.556,5.4458400000000005,5.406807576483109,0.8443628844628325,defined,0.04622707160052787,sensitivity_only
id:x%3A0x1.0000000000000p%2B1,305,6.578,5.45992,5.498952423516892,0.8443628844628325,defined,-0.04622707160052787,sensitivity_only
id:x%3A0x1.0000000000000p%2B1,306,6.6,5.474,5.434967576483109,0.8443628844628325,defined,0.04622707160052787,sensitivity_only
id:x%3A0x1.0000000000000p%2B1,307,6.622,5.48808,5.527112423516892,0.8443628844628325,defined,-0.04622707160052787,sensitivity_only
id:x%3A0x1.0000000000000p%2B1,308,6.644,5.50216,5.463127576483108,0.8443628844628325,defined,0.04622707160052787,sensitivity_only
id:x%3A0x1.0000000000000p%2B1,309,6.666,5.516240000000001,5.555272423516892,0.8443628844628325,defined,-0.04622707160052787,sensitivity_only
id:x%3A0x1.0000000000000p%2B1,310,6.688,5.53032,5.491287576483108,0.8443628844628325,defined,0.04622707160052787,sensitivity_only
id:x%3A0x1.0000000000000p%2B1,311,6.71,5.5444,5.583432423516892,0.8443628844628325,defined,-0.04622707160052787,sensitivity_only
id:x%3A0x1.0000000000000p%2B1,312,6.732,5.55848,5.519447576483109,0.8443628844628325,defined,0.04622707160052787,sensitivity_only
id:x%3A0x1.0000000000000p%2B1,313,6.754,5.57256,5.611592423516892,0.8443628844628325,defined,-0.04622707160052787,sensitivity_only
id:x%3A0x1.0000000000000p%2B1,314,6.776,5.58664,5.5476075764831085,0.8443628844628325,defined,0.04622707160052787,sensitivity_only
id:x%3A0x1.0000000000000p%2B1,315,6.798,5.60072,5.639752423516891,0.8443628844628325,defined,-0.04622707160052787,sensitivity_only
id:x%3A0x1.0000000000000p%2B1,316,6.82,5.614800000000001,5.575767576483109,0.8443628844628325,defined,0.04622707160052787,sensitivity_only
id:x%3A0x1.0000000000000p%2B1,317,6.842,5.62888,5.667912423516891,0.8443628844628325,defined,-0.04622707160052787,sensitivity_only
id:x%3A0x1.0000000000000p%2B1,318,6.864,5.64296,5.603927576483109,0.8443628844628325,defined,0.04622707160052787,sensitivity_only
id:x%3A0x1.0000000000000p%2B1,319,6.886,5.65704,5.696072423516892,0.8443628844628325,defined,-0.04622707160052787,sensitivity_only
id:x%3A0x1.0000000000000p%2B1,320,6.908,5.67112,5.632087576483109,0.8443628844628325,defined,0.04622707160052787,sensitivity_only
id:x%3A0x1.0000000000000p%2B1,321,6.93,5.6852,5.7242324235168915,0.8443628844628325,defined,-0.04622707160052787,sensitivity_only
id:x%3A0x1.0000000000000p%2B1,322,6.952,5.69928,5.660247576483108,0.8443628844628325,defined,0.04622707160052787,sensitivity_only
id:x%3A0x1.0000000000000p%2B1,323,6.974,5.713360000000001,5.752392423516892,0.8443628844628325,defined,-0.04622707160052787,sensitivity_only
id:x%3A0x1.0000000000000p%2B1,324,6.996,5.7274400000000005,5.688407576483109,0.8443628844628325,defined,0.04622707160052787,sensitivity_only
id:x%3A0x1.0000000000000p%2B1,325,7.0,5.73,5.769032423516892,0.8443628844628325,defined,-0.04622707160052787,sensitivity_only
id:x%3A0x1.0000000000000p%2B1,326,7.018,5.74152,5.702487576483109,0.8443628844628325,defined,0.04622707160052787,sensitivity_only
id:x%3A0x1.0000000000000p%2B1,327,7.04,5.7556,5.794632423516892,0.8443628844628325,defined,-0.04622707160052787,sensitivity_only
id:x%3A0x1.0000000000000p%2B1,328,7.062,5.76968,5.730647576483109,0.8443628844628325,defined,0.04622707160052787,sensitivity_only
id:x%3A0x1.0000000000000p%2B1,329,7.084,5.78376,5.8227924235168915,0.8443628844628325,defined,-0.04622707160052787,sensitivity_only
id:x%3A0x1.0000000000000p%2B1,330,7.106,5.79784,5.758807576483108,0.8443628844628325,defined,0.04622707160052787,sensitivity_only
id:x%3A0x1.0000000000000p%2B1,331,7.128,5.81192,5.850952423516891,0.8443628844628325,defined,-0.04622707160052787,sensitivity_only
id:x%3A0x1.0000000000000p%2B1,332,7.15,5.8260000000000005,5.786967576483109,0.8443628844628325,defined,0.04622707160052787,sensitivity_only
id:x%3A0x1.0000000000000p%2B1,333,7.172,5.8400799999999995,5.879112423516891,0.8443628844628325,defined,-0.04622707160052787,sensitivity_only
id:x%3A0x1.0000000000000p%2B1,334,7.194,5.85416,5.815127576483109,0.8443628844628325,defined,0.04622707160052787,sensitivity_only
id:x%3A0x1.0000000000000p%2B1,335,7.216,5.86824,5.907272423516892,0.8443628844628325,defined,-0.04622707160052787,sensitivity_only
id:x%3A0x1.0000000000000p%2B1,336,7.238,5.88232,5.8432875764831085,0.8443628844628325,defined,0.04622707160052787,sensitivity_only
id:x%3A0x1.0000000000000p%2B1,337,7.26,5.8964,5.935432423516891,0.8443628844628325,defined,-0.04622707160052787,sensitivity_only
id:x%3A0x1.0000000000000p%2B1,338,7.282,5.91048,5.871447576483108,0.8443628844628325,defined,0.04622707160052787,sensitivity_only
id:x%3A0x1.0000000000000p%2B1,339,7.304,5.9245600000000005,5.963592423516892,0.8443628844628325,defined,-0.04622707160052787,sensitivity_only
id:x%3A0x1.0000000000000p%2B1,340,7.326,5.9386399999999995,5.899607576483108,0.8443628844628325,defined,0.04622707160052787,sensitivity_only
id:x%3A0x1.0000000000000p%2B1,341,7.348,5.95272,5.991752423516892,0.8443628844628325,defined,-0.04622707160052787,sensitivity_only
id:x%3A0x1.0000000000000p%2B1,342,7.37,5.9668,5.927767576483109,0.8443628844628325,defined,0.04622707160052787,sensitivity_only
id:x%3A0x1.0000000000000p%2B1,343,7.392,5.98088,6.0199124235168915,0.8443628844628325,defined,-0.04622707160052787,sensitivity_only
id:x%3A0x1.0000000000000p%2B1,344,7.414,5.99496,5.955927576483108,0.8443628844628325,defined,0.04622707160052787,sensitivity_only
id:x%3A0x1.0000000000000p%2B1,345,7.436,6.00904,6.048072423516891,0.8443628844628325,defined,-0.04622707160052787,sensitivity_only
id:x%3A0x1.0000000000000p%2B1,346,7.458,6.0231200000000005,5.984087576483109,0.8443628844628325,defined,0.04622707160052787,sensitivity_only
id:x%3A0x1.0000000000000p%2B1,347,7.48,6.0372,6.076232423516892,0.8443628844628325,defined,-0.04622707160052787,sensitivity_only
id:x%3A0x1.0000000000000p%2B1,348,7.502,6.05128,6.01419924356163,0.8021437472571021,defined,0.04622707160052787,sensitivity_only
id:x%3A0x1.0000000000000p%2B1,349,7.524,6.06536,6.10244075643837,0.8021437472571021,defined,-0.04622707160052787,sensitivity_only
id:x%3A0x1.0000000000000p%2B1,350,7.546,6.07944,6.04235924356163,0.8021437472571021,defined,0.04622707160052787,sensitivity_only
id:x%3A0x1.0000000000000p%2B1,351,7.568,6.09352,6.13060075643837,0.8021437472571021,defined,-0.04622707160052787,sensitivity_only
id:x%3A0x1.0000000000000p%2B1,352,7.59,6.1076,6.0705192435616295,0.8021437472571021,defined,0.04622707160052787,sensitivity_only
id:x%3A0x1.0000000000000p%2B1,353,7.612,6.1216800000000005,6.158760756438371,0.8021437472571021,defined,-0.04622707160052787,sensitivity_only
id:x%3A0x1.0000000000000p%2B1,354,7.634,6.13576,6.09867924356163,0.8021437472571021,defined,0.04622707160052787,sensitivity_only
id:x%3A0x1.0000000000000p%2B1,355,7.656,6.14984,6.18692075643837,0.8021437472571021,defined,-0.04622707160052787,sensitivity_only
id:x%3A0x1.0000000000000p%2B1,356,7.678,6.16392,6.12683924356163,0.8021437472571021,defined,0.04622707160052787,sensitivity_only
id:x%3A0x1.0000000000000p%2B1,357,7.7,6.178,6.21508075643837,0.8021437472571021,defined,-0.04622707160052787,sensitivity_only
id:x%3A0x1.0000000000000p%2B1,358,7.722,6.192080000000001,6.1549992435616305,0.8021437472571021,defined,0.04622707160052787,sensitivity_only
id:x%3A0x1.0000000000000p%2B1,359,7.744,6.20616,6.24324075643837,0.8021437472571021,defined,-0.04622707160052787,sensitivity_only
id:x%3A0x1.0000000000000p%2B1,360,7.766,6.22024,6.18315924356163,0.8021437472571021,defined,0.04622707160052787,sensitivity_only
id:x%3A0x1.0000000000000p%2B1,361,7.788,6.23432,6.2714007564383705,0.8021437472571021,defined,-0.04622707160052787,sensitivity_only
id:x%3A0x1.0000000000000p%2B1,362,7.81,6.2484,6.21131924356163,0.8021437472571021,defined,0.04622707160052787,sensitivity_only
id:x%3A0x1.0000000000000p%2B1,363,7.832,6.26248,6.29956075643837,0.8021437472571021,defined,-0.04622707160052787,sensitivity_only
id:x%3A0x1.0000000000000p%2B1,364,7.854,6.27656,6.23947924356163,0.8021437472571021,defined,0.04622707160052787,sensitivity_only
id:x%3A0x1.0000000000000p%2B1,365,7.876,6.290640000000001,6.327720756438371,0.8021437472571021,defined,-0.04622707160052787,sensitivity_only
id:x%3A0x1.0000000000000p%2B1,366,7.898,6.30472,6.2676392435616295,0.8021437472571021,defined,0.04622707160052787,sensitivity_only
id:x%3A0x1.0000000000000p%2B1,367,7.92,6.3188,6.355880756438371,0.8021437472571021,defined,-0.04622707160052787,sensitivity_only
id:x%3A0x1.0000000000000p%2B1,368,7.942,6.33288,6.29579924356163,0.8021437472571021,defined,0.04622707160052787,sensitivity_only
id:x%3A0x1.0000000000000p%2B1,369,7.964,6.34696,6.38404075643837,0.8021437472571021,defined,-0.04622707160052787,sensitivity_only
id:x%3A0x1.0000000000000p%2B1,370,7.986,6.36104,6.32395924356163,0.8021437472571021,defined,0.04622707160052787,sensitivity_only
id:x%3A0x1.0000000000000p%2B1,371,8.0,6.37,6.40708075643837,0.8021437472571021,defined,-0.04622707160052787,sensitivity_only
id:x%3A0x1.0000000000000p%2B1,372,8.008,6.37512,6.33803924356163,0.8021437472571021,defined,0.04622707160052787,sensitivity_only
id:x%3A0x1.0000000000000p%2B1,373,8.03,6.3892,6.42628075643837,0.8021437472571021,defined,-0.04622707160052787,sensitivity_only
id:x%3A0x1.0000000000000p%2B1,374,8.052,6.40328,6.3661992435616295,0.8021437472571021,defined,0.04622707160052787,sensitivity_only
id:x%3A0x1.0000000000000p%2B1,375,8.074,6.41736,6.454440756438371,0.8021437472571021,defined,-0.04622707160052787,sensitivity_only
id:x%3A0x1.0000000000000p%2B1,376,8.096,6.43144,6.39435924356163,0.8021437472571021,defined,0.04622707160052787,sensitivity_only
id:x%3A0x1.0000000000000p%2B1,377,8.118,6.44552,6.48260075643837,0.8021437472571021,defined,-0.04622707160052787,sensitivity_only
id:x%3A0x1.0000000000000p%2B1,378,8.14,6.459600000000001,6.422519243561631,0.8021437472571021,defined,0.04622707160052787,sensitivity_only
id:x%3A0x1.0000000000000p%2B1,379,8.162,6.473680000000001,6.510760756438371,0.8021437472571021,defined,-0.04622707160052787,sensitivity_only
id:x%3A0x1.0000000000000p%2B1,380,8.184,6.48776,6.45067924356163,0.8021437472571021,defined,0.04622707160052787,sensitivity_only
id:x%3A0x1.0000000000000p%2B1,381,8.206,6.50184,6.53892075643837,0.8021437472571021,defined,-0.04622707160052787,sensitivity_only
id:x%3A0x1.0000000000000p%2B1,382,8.228,6.51592,6.47883924356163,0.8021437472571021,defined,0.04622707160052787,sensitivity_only
id:x%3A0x1.0000000000000p%2B1,383,8.25,6.53,6.56708075643837,0.8021437472571021,defined,-0.04622707160052787,sensitivity_only
id:x%3A0x1.0000000000000p%2B1,384,8.272,6.54408,6.50699924356163,0.8021437472571021,defined,0.04622707160052787,sensitivity_only
id:x%3A0x1.0000000000000p%2B1,385,8.294,6.55816,6.59524075643837,0.8021437472571021,defined,-0.04622707160052787,sensitivity_only
id:x%3A0x1.0000000000000p%2B1,386,8.316,6.572240000000001,6.535159243561631,0.8021437472571021,defined,0.04622707160052787,sensitivity_only
id:x%3A0x1.0000000000000p%2B1,387,8.338,6.58632,6.62340075643837,0.8021437472571021,defined,-0.04622707160052787,sensitivity_only
id:x%3A0x1.0000000000000p%2B1,388,8.36,6.6004,6.563319243561629,0.8021437472571021,defined,0.04622707160052787,sensitivity_only
id:x%3A0x1.0000000000000p%2B1,389,8.382,6.6144799999999995,6.65156075643837,0.8021437472571021,defined,-0.04622707160052787,sensitivity_only
id:x%3A0x1.0000000000000p%2B1,390,8.404,6.62856,6.59147924356163,0.8021437472571021,defined,0.04622707160052787,sensitivity_only
id:x%3A0x1.0000000000000p%2B1,391,8.426,6.64264,6.67972075643837,0.8021437472571021,defined,-0.04622707160052787,sensitivity_only
id:x%3A0x1.0000000000000p%2B1,392,8.448,6.65672,6.61963924356163,0.8021437472571021,defined,0.04622707160052787,sensitivity_only
id:x%3A0x1.0000000000000p%2B1,393,8.47,6.670800000000001,6.707880756438371,0.8021437472571021,defined,-0.04622707160052787,sensitivity_only
id:x%3A0x1.0000000000000p%2B1,394,8.492,6.684880000000001,6.64779924356163,0.8021437472571021,defined,0.04622707160052787,sensitivity_only
id:x%3A0x1.0000000000000p%2B1,395,8.514,6.69896,6.732095995115139,0.7168093060595385,defined,-0.04622707160052787,sensitivity_only
id:x%3A0x1.0000000000000p%2B1,396,8.536,6.7130399999999995,6.67990400488486,0.7168093060595385,defined,0.04622707160052787,sensitivity_only
id:x%3A0x1.0000000000000p%2B1,397,8.558,6.72712,6.7602559951151395,0.7168093060595385,defined,-0.04622707160052787,sensitivity_only
id:x%3A0x1.0000000000000p%2B1,398,8.58,6.7412,6.708064004884861,0.7168093060595385,defined,0.04622707160052787,sensitivity_only
id:x%3A0x1.0000000000000p%2B1,399,8.602,6.75528,6.788415995115139,0.7168093060595385,defined,-0.04622707160052787,sensitivity_only
id:x%3A0x1.0000000000000p%2B1,400,8.624,6.769360000000001,6.736224004884861,0.7168093060595385,defined,0.04622707160052787,sensitivity_only
id:x%3A0x1.0000000000000p%2B1,401,8.646,6.783440000000001,6.81657599511514,0.7168093060595385,defined,-0.04622707160052787,sensitivity_only
id:x%3A0x1.0000000000000p%2B1,402,8.668,6.79752,6.76438400488486,0.7168093060595385,defined,0.04622707160052787,sensitivity_only
id:x%3A0x1.0000000000000p%2B1,403,8.69,6.811599999999999,6.844735995115139,0.7168093060595385,defined,-0.04622707160052787,sensitivity_only
id:x%3A0x1.0000000000000p%2B1,404,8.712,6.82568,6.792544004884861,0.7168093060595385,defined,0.04622707160052787,sensitivity_only
id:x%3A0x1.0000000000000p%2B1,405,8.734,6.83976,6.872895995115139,0.7168093060595385,defined,-0.04622707160052787,sensitivity_only
id:x%3A0x1.0000000000000p%2B1,406,8.756,6.85384,6.820704004884861,0.7168093060595385,defined,0.04622707160052787,sensitivity_only
id:x%3A0x1.0000000000000p%2B1,407,8.778,6.867920000000001,6.90105599511514,0.7168093060595385,defined,-0.04622707160052787,sensitivity_only
id:x%3A0x1.0000000000000p%2B1,408,8.8,6.882000000000001,6.848864004884861,0.7168093060595385,defined,0.04622707160052787,sensitivity_only
id:x%3A0x1.0000000000000p%2B1,409,8.822,6.8960799999999995,6.929215995115139,0.7168093060595385,defined,-0.04622707160052787,sensitivity_only
id:x%3A0x1.0000000000000p%2B1,410,8.844,6.910159999999999,6.87702400488486,0.7168093060595385,defined,0.04622707160052787,sensitivity_only
id:x%3A0x1.0000000000000p%2B1,411,8.866,6.92424,6.9573759951151395,0.7168093060595385,defined,-0.04622707160052787,sensitivity_only
id:x%3A0x1.0000000000000p%2B1,412,8.888,6.93832,6.905184004884861,0.7168093060595385,defined,0.04622707160052787,sensitivity_only
id:x%3A0x1.0000000000000p%2B1,413,8.91,6.9524,6.985535995115139,0.7168093060595385,defined,-0.04622707160052787,sensitivity_only
id:x%3A0x1.0000000000000p%2B1,414,8.932,6.966480000000001,6.933344004884861,0.7168093060595385,defined,0.04622707160052787,sensitivity_only
id:x%3A0x1.0000000000000p%2B1,415,8.954,6.9805600000000005,7.01369599511514,0.7168093060595385,defined,-0.04622707160052787,sensitivity_only
id:x%3A0x1.0000000000000p%2B1,416,8.976,6.99464,6.961504004884861,0.7168093060595385,defined,0.04622707160052787,sensitivity_only
id:x%3A0x1.0000000000000p%2B1,417,8.998,7.008719999999999,7.041855995115139,0.7168093060595385,defined,-0.04622707160052787,sensitivity_only
id:x%3A0x1.0000000000000p%2B1,418,9.0,7.01,6.9768640048848605,0.7168093060595385,defined,0.04622707160052787,sensitivity_only
id:x%3A0x1.0000000000000p%2B1,419,9.02,7.0228,7.0559359951151395,0.7168093060595385,defined,-0.04622707160052787,sensitivity_only
id:x%3A0x1.0000000000000p%2B1,420,9.042,7.03688,7.003744004884861,0.7168093060595385,defined,0.04622707160052787,sensitivity_only
id:x%3A0x1.0000000000000p%2B1,421,9.064,7.05096,7.084095995115139,0.7168093060595385,defined,-0.04622707160052787,sensitivity_only
id:x%3A0x1.0000000000000p%2B1,422,9.086,7.065040000000001,7.031904004884861,0.7168093060595385,defined,0.04622707160052787,sensitivity_only
id:x%3A0x1.0000000000000p%2B1,423,9.108,7.0791200000000005,7.11225599511514,0.7168093060595385,defined,-0.04622707160052787,sensitivity_only
id:x%3A0x1.0000000000000p%2B1,424,9.13,7.0932,7.060064004884861,0.7168093060595385,defined,0.04622707160052787,sensitivity_only
id:x%3A0x1.0000000000000p%2B1,425,9.152,7.107279999999999,7.140415995115139,0.7168093060595385,defined,-0.04622707160052787,sensitivity_only
id:x%3A0x1.0000000000000p%2B1,426,9.174,7.12136,7.088224004884861,0.7168093060595385,defined,0.04622707160052787,sensitivity_only
id:x%3A0x1.0000000000000p%2B1,427,9.196,7.13544,7.168575995115139,0.7168093060595385,defined,-0.04622707160052787,sensitivity_only
id:x%3A0x1.0000000000000p%2B1,428,9.218,7.14952,7.116384004884861,0.7168093060595385,defined,0.04622707160052787,sensitivity_only
id:x%3A0x1.0000000000000p%2B1,429,9.24,7.163600000000001,7.19673599511514,0.7168093060595385,defined,-0.04622707160052787,sensitivity_only
id:x%3A0x1.0000000000000p%2B1,430,9.262,7.1776800000000005,7.144544004884861,0.7168093060595385,defined,0.04622707160052787,sensitivity_only
id:x%3A0x1.0000000000000p%2B1,431,9.284,7.19176,7.22489599511514,0.7168093060595385,defined,-0.04622707160052787,sensitivity_only
id:x%3A0x1.0000000000000p%2B1,432,9.306,7.205839999999999,7.17270400488486,0.7168093060595385,defined,0.04622707160052787,sensitivity_only
id:x%3A0x1.0000000000000p%2B1,433,9.328,7.21992,7.253055995115139,0.7168093060595385,defined,-0.04622707160052787,sensitivity_only
id:x%3A0x1.0000000000000p%2B1,434,9.35,7.234,7.200864004884861,0.7168093060595385,defined,0.04622707160052787,sensitivity_only
id:x%3A0x1.0000000000000p%2B1,435,9.372,7.24808,7.281215995115139,0.7168093060595385,defined,-0.04622707160052787,sensitivity_only
id:x%3A0x1.0000000000000p%2B1,436,9.394,7.262160000000001,7.229024004884861,0.7168093060595385,defined,0.04622707160052787,sensitivity_only
id:x%3A0x1.0000000000000p%2B1,437,9.416,7.2762400000000005,7.30937599511514,0.7168093060595385,defined,-0.04622707160052787,sensitivity_only
id:x%3A0x1.0000000000000p%2B1,438,9.438,7.29032,7.257184004884861,0.7168093060595385,defined,0.04622707160052787,sensitivity_only
id:x%3A0x1.0000000000000p%2B1,439,9.46,7.304400000000001,7.33753599511514,0.7168093060595385,defined,-0.04622707160052787,sensitivity_only
id:x%3A0x1.0000000000000p%2B1,440,9.482,7.31848,7.285344004884861,0.7168093060595385,defined,0.04622707160052787,sensitivity_only
id:x%3A0x1.0000000000000p%2B1,441,9.504,7.33256,7.3715924235168915,0.8443628844628325,defined,-0.04622707160052787,sensitivity_only
id:x%3A0x1.0000000000000p%2B1,442,9.526,7.34664,7.307607576483108,0.8443628844628325,defined,0.04622707160052787,sensitivity_only
id:x%3A0x1.0000000000000p%2B1,443,9.548,7.360720000000001,7.399752423516892,0.8443628844628325,defined,-0.04622707160052787,sensitivity_only
id:x%3A0x1.0000000000000p%2B1,444,9.57,7.3748000000000005,7.335767576483109,0.8443628844628325,defined,0.04622707160052787,sensitivity_only
id:x%3A0x1.0000000000000p%2B1,445,9.592,7.38888,7.427912423516892,0.8443628844628325,defined,-0.04622707160052787,sensitivity_only
id:x%3A0x1.0000000000000p%2B1,446,9.614,7.40296,7.363927576483109,0.8443628844628325,defined,0.04622707160052787,sensitivity_only
id:x%3A0x1.0000000000000p%2B1,447,9.636,7.41704,7.456072423516892,0.8443628844628325,defined,-0.04622707160052787,sensitivity_only
id:x%3A0x1.0000000000000p%2B1,448,9.658,7.43112,7.392087576483108,0.8443628844628325,defined,0.04622707160052787,sensitivity_only
id:x%3A0x1.0000000000000p%2B1,449,9.68,7.4452,7.484232423516891,0.8443628844628325,defined,-0.04622707160052787,sensitivity_only
id:x%3A0x1.0000000000000p%2B1,450,9.702,7.45928,7.420247576483108,0.8443628844628325,defined,0.04622707160052787,sensitivity_only
id:x%3A0x1.0000000000000p%2B1,451,9.724,7.4733600000000004,7.512392423516892,0.8443628844628325,defined,-0.04622707160052787,sensitivity_only
id:x%3A0x1.0000000000000p%2B1,452,9.746,7.48744,7.448407576483109,0.8443628844628325,defined,0.04622707160052787,sensitivity_only
id:x%3A0x1.0000000000000p%2B1,453,9.768,7.50152,7.540552423516892,0.8443628844628325,defined,-0.04622707160052787,sensitivity_only
id:x%3A0x1.0000000000000p%2B1,454,9.79,7.515599999999999,7.476567576483108,0.8443628844628325,defined,0.04622707160052787,sensitivity_only
id:x%3A0x1.0000000000000p%2B1,455,9.812,7.52968,7.568712423516891,0.8443628844628325,defined,-0.04622707160052787,sensitivity_only
id:x%3A0x1.0000000000000p%2B1,456,9.834,7.54376,7.504727576483108,0.8443628844628325,defined,0.04622707160052787,sensitivity_only
id:x%3A0x1.0000000000000p%2B1,457,9.856,7.55784,7.596872423516891,0.8443628844628325,defined,-0.04622707160052787,sensitivity_only
id:x%3A0x1.0000000000000p%2B1,458,9.878,7.57192,7.532887576483109,0.8443628844628325,defined,0.04622707160052787,sensitivity_only
id:x%3A0x1.0000000000000p%2B1,459,9.9,7.586,7.625032423516892,0.8443628844628325,defined,-0.04622707160052787,sensitivity_only
id:x%3A0x1.0000000000000p%2B1,460,9.922,7.60008,7.561047576483109,0.8443628844628325,defined,0.04622707160052787,sensitivity_only
id:x%3A0x1.0000000000000p%2B1,461,9.944,7.614160000000001,7.653192423516892,0.8443628844628325,defined,-0.04622707160052787,sensitivity_only
id:x%3A0x1.0000000000000p%2B1,462,9.966,7.62824,7.589207576483108,0.8443628844628325,defined,0.04622707160052787,sensitivity_only
id:x%3A0x1.0000000000000p%2B1,463,9.988,7.64232,7.681352423516891,0.8443628844628325,defined,-0.04622707160052787,sensitivity_only
id:x%3A0x1.0000000000000p%2B1,464,10.0,7.65,7.610967576483109,0.8443628844628325,defined,0.04622707160052787,sensitivity_only
id:x%3A0x1.0000000000000p%2B1,465,10.01,7.6564,7.695432423516891,0.8443628844628325,defined,-0.04622707160052787,sensitivity_only
id:x%3A0x1.0000000000000p%2B1,466,10.032,7.67048,7.631447576483109,0.8443628844628325,defined,0.04622707160052787,sensitivity_only
id:x%3A0x1.0000000000000p%2B1,467,10.054,7.68456,7.723592423516892,0.8443628844628325,defined,-0.04622707160052787,sensitivity_only
id:x%3A0x1.0000000000000p%2B1,468,10.076,7.69864,7.659607576483109,0.8443628844628325,defined,0.04622707160052787,sensitivity_only
id:x%3A0x1.0000000000000p%2B1,469,10.098,7.712720000000001,7.751752423516892,0.8443628844628325,defined,-0.04622707160052787,sensitivity_only
id:x%3A0x1.0000000000000p%2B1,470,10.12,7.7268,7.687767576483108,0.8443628844628325,defined,0.04622707160052787,sensitivity_only
id:x%3A0x1.0000000000000p%2B1,471,10.142,7.74088,7.779912423516891,0.8443628844628325,defined,-0.04622707160052787,sensitivity_only
id:x%3A0x1.0000000000000p%2B1,472,10.164,7.75496,7.715927576483108,0.8443628844628325,defined,0.04622707160052787,sensitivity_only
id:x%3A0x1.0000000000000p%2B1,473,10.186,7.76904,7.808072423516892,0.8443628844628325,defined,-0.04622707160052787,sensitivity_only
id:x%3A0x1.0000000000000p%2B1,474,10.208,7.78312,7.744087576483109,0.8443628844628325,defined,0.04622707160052787,sensitivity_only
id:x%3A0x1.0000000000000p%2B1,475,10.23,7.7972,7.836232423516892,0.8443628844628325,defined,-0.04622707160052787,sensitivity_only
id:x%3A0x1.0000000000000p%2B1,476,10.252,7.811280000000001,7.772247576483109,0.8443628844628325,defined,0.04622707160052787,sensitivity_only
id:x%3A0x1.0000000000000p%2B1,477,10.274,7.82536,7.864392423516891,0.8443628844628325,defined,-0.04622707160052787,sensitivity_only
id:x%3A0x1.0000000000000p%2B1,478,10.296,7.83944,7.800407576483108,0.8443628844628325,defined,0.04622707160052787,sensitivity_only
id:x%3A0x1.0000000000000p%2B1,479,10.318,7.85352,7.892552423516891,0.8443628844628325,defined,-0.04622707160052787,sensitivity_only
id:x%3A0x1.0000000000000p%2B1,480,10.34,7.8676,7.828567576483109,0.8443628844628325,defined,0.04622707160052787,sensitivity_only
id:x%3A0x1.0000000000000p%2B1,481,10.362,7.88168,7.920712423516892,0.8443628844628325,defined,-0.04622707160052787,sensitivity_only
id:x%3A0x1.0000000000000p%2B1,482,10.384,7.89576,7.856727576483109,0.8443628844628325,defined,0.04622707160052787,sensitivity_only
id:x%3A0x1.0000000000000p%2B1,483,10.406,7.909840000000001,7.948872423516892,0.8443628844628325,defined,-0.04622707160052787,sensitivity_only
id:x%3A0x1.0000000000000p%2B1,484,10.428,7.923920000000001,7.884887576483109,0.8443628844628325,defined,0.04622707160052787,sensitivity_only
id:x%3A0x1.0000000000000p%2B1,485,10.45,7.938,7.977032423516891,0.8443628844628325,defined,-0.04622707160052787,sensitivity_only
id:x%3A0x1.0000000000000p%2B1,486,10.472,7.95208,7.913047576483108,0.8443628844628325,defined,0.04622707160052787,sensitivity_only
id:x%3A0x1.0000000000000p%2B1,487,10.494,7.96616,8.005192423516892,0.8443628844628325,defined,-0.04622707160052787,sensitivity_only
id:x%3A0x1.0000000000000p%2B1,488,10.516,7.98024,7.947104004884861,0.7168093060595381,defined,0.04622707160052787,sensitivity_only
id:x%3A0x1.0000000000000p%2B1,489,10.538,7.99432,8.027455995115139,0.7168093060595381,defined,-0.04622707160052787,sensitivity_only
id:x%3A0x1.0000000000000p%2B1,490,10.56,8.008400000000002,7.975264004884862,0.7168093060595381,defined,0.04622707160052787,sensitivity_only
id:x%3A0x1.0000000000000p%2B1,491,10.582,8.022480000000002,8.05561599511514,0.7168093060595381,defined,-0.04622707160052787,sensitivity_only
id:x%3A0x1.0000000000000p%2B1,492,10.604,8.03656,8.003424004884861,0.7168093060595381,defined,0.04622707160052787,sensitivity_only
id:x%3A0x1.0000000000000p%2B1,493,10.626,8.05064,8.083775995115138,0.7168093060595381,defined,-0.04622707160052787,sensitivity_only
id:x%3A0x1.0000000000000p%2B1,494,10.648,8.064720000000001,8.031584004884863,0.7168093060595381,defined,0.04622707160052787,sensitivity_only
id:x%3A0x1.0000000000000p%2B1,495,10.67,8.078800000000001,8.11193599511514,0.7168093060595381,defined,-0.04622707160052787,sensitivity_only
id:x%3A0x1.0000000000000p%2B1,496,10.692,8.092880000000001,8.059744004884863,0.7168093060595381,defined,0.04622707160052787,sensitivity_only
id:x%3A0x1.0000000000000p%2B1,497,10.714,8.10696,8.14009599511514,0.7168093060595381,defined,-0.04622707160052787,sensitivity_only
id:x%3A0x1.0000000000000p%2B1,498,10.736,8.12104,8.087904004884862,0.7168093060595381,defined,0.04622707160052787,sensitivity_only
id:x%3A0x1.0000000000000p%2B1,499,10.758,8.13512,8.168255995115139,0.7168093060595381,defined,-0.04622707160052787,sensitivity_only
id:x%3A0x1.0000000000000p%2B1,500,10.78,8.1492,8.116064004884862,0.7168093060595381,defined,0.04622707160052787,sensitivity_only
id:x%3A0x1.0000000000000p%2B1,501,10.802,8.16328,8.196415995115139,0.7168093060595381,defined,-0.04622707160052787,sensitivity_only
id:x%3A0x1.0000000000000p%2B1,502,10.824,8.17736,8.144224004884862,0.7168093060595381,defined,0.04622707160052787,sensitivity_only
id:x%3A0x1.0000000000000p%2B1,503,10.846,8.19144,8.224575995115138,0.7168093060595381,defined,-0.04622707160052787,sensitivity_only
id:x%3A0x1.0000000000000p%2B1,504,10.868,8.20552,8.172384004884861,0.7168093060595381,defined,0.04622707160052787,sensitivity_only
id:x%3A0x1.0000000000000p%2B1,505,10.89,8.2196,8.252735995115138,0.7168093060595381,defined,-0.04622707160052787,sensitivity_only
id:x%3A0x1.0000000000000p%2B1,506,10.912,8.23368,8.200544004884861,0.7168093060595381,defined,0.04622707160052787,sensitivity_only
id:x%3A0x1.0000000000000p%2B1,507,10.934,8.24776,8.280895995115138,0.7168093060595381,defined,-0.04622707160052787,sensitivity_only
id:x%3A0x1.0000000000000p%2B1,508,10.956,8.26184,8.228704004884861,0.7168093060595381,defined,0.04622707160052787,sensitivity_only
id:x%3A0x1.0000000000000p%2B1,509,10.978,8.27592,8.309055995115138,0.7168093060595381,defined,-0.04622707160052787,sensitivity_only
id:x%3A0x1.0000000000000p%2B1,510,11.0,8.29,8.25686400488486,0.7168093060595381,defined,0.04622707160052787,sensitivity_only
id:x%3A0x1.8000000000000p%2B1,0,0.0,1.25,1.172502148052604,0.8698738483891382,defined,0.0890909090909091,sensitivity_only
id:x%3A0x1.8000000000000p%2B1,1,0.022,1.26408,1.3027147904504444,0.8698738483891382,defined,-0.04441424526325227,sensitivity_only
id:x%3A0x1.8000000000000p%2B1,2,0.044,1.27816,1.2395252095495557,0.8698738483891382,defined,0.04441424526325227,sensitivity_only
id:x%3A0x1.8000000000000p%2B1,3,0.066,1.29224,1.3308747904504443,0.8698738483891382,defined,-0.04441424526325227,sensitivity_only
id:x%3A0x1.8000000000000p%2B1,4,0.088,1.30632,1.2676852095495557,0.8698738483891382,defined,0.04441424526325227,sensitivity_only
id:x%3A0x1.8000000000000p%2B1,5,0.11,1.3204,1.3590347904504443,0.8698738483891382,defined,-0.04441424526325227,sensitivity_only
id:x%3A0x1.8000000000000p%2B1,6,0.132,1.33448,1.2958452095495558,0.8698738483891382,defined,0.04441424526325227,sensitivity_only
id:x%3A0x1.8000000000000p%2B1,7,0.154,1.34856,1.3871947904504442,0.8698738483891382,defined,-0.04441424526325227,sensitivity_only
id:x%3A0x1.8000000000000p%2B1,8,0.176,1.36264,1.3240052095495558,0.8698738483891382,defined,0.04441424526325227,sensitivity_only
id:x%3A0x1.8000000000000p%2B1,9,0.198,1.37672,1.4153547904504442,0.8698738483891382,defined,-0.04441424526325227,sensitivity_only
id:x%3A0x1.8000000000000p%2B1,10,0.22,1.3908,1.3521652095495558,0.8698738483891382,defined,0.04441424526325227,sensitivity_only
id:x%3A0x1.8000000000000p%2B1,11,0.242,1.40488,1.4435147904504442,0.8698738483891382,defined,-0.04441424526325227,sensitivity_only
id:x%3A0x1.8000000000000p%2B1,12,0.264,1.41896,1.3803252095495557,0.8698738483891382,defined,0.04441424526325227,sensitivity_only
id:x%3A0x1.8000000000000p%2B1,13,0.286,1.43304,1.4716747904504444,0.8698738483891382,defined,-0.04441424526325227,sensitivity_only
id:x%3A0x1.8000000000000p%2B1,14,0.308,1.44712,1.4084852095495557,0.8698738483891382,defined,0.04441424526325227,sensitivity_only
id:x%3A0x1.8000000000000p%2B1,15,0.33,1.4612,1.4998347904504443,0.8698738483891382,defined,-0.04441424526325227,sensitivity_only
id:x%3A0x1.8000000000000p%2B1,16,0.352,1.47528,1.4366452095495557,0.8698738483891382,defined,0.04441424526325227,sensitivity_only
id:x%3A0x1.8000000000000p%2B1,17,0.374,1.48936,1.5279947904504443,0.8698738483891382,defined,-0.04441424526325227,sensitivity_only
id:x%3A0x1.8000000000000p%2B1,18,0.396,1.5034399999999999,1.4648052095495556,0.8698738483891382,defined,0.04441424526325227,sensitivity_only
id:x%3A0x1.8000000000000p%2B1,19,0.418,1.51752,1.5561547904504442,0.8698738483891382,defined,-0.04441424526325227,sensitivity_only
id:x%3A0x1.8000000000000p%2B1,20,0.44,1.5316,1.4929652095495558,0.8698738483891382,defined,0.04441424526325227,sensitivity_only
id:x%3A0x1.8000000000000p%2B1,21,0.462,1.54568,1.5843147904504442,0.8698738483891382,defined,-0.04441424526325227,sensitivity_only
id:x%3A0x1.8000000000000p%2B1,22,0.484,1.55976,1.5211252095495558,0.8698738483891382,defined,0.04441424526325227,sensitivity_only
id:x%3A0x1.8000000000000p%2B1,23,0.506,1.5738400000000001,1.6124747904504444,0.8698738483891386,defined,-0.04441424526325227,sensitivity_only
id:x%3A0x1.8000000000000p%2B1,24,0.528,1.58792,1.5492852095495557,0.8698738483891386,defined,0.04441424526325227,sensitivity_only
id:x%3A0x1.8000000000000p%2B1,25,0.55,1.602,1.6406347904504444,0.8698738483891386,defined,-0.04441424526325227,sensitivity_only
id:x%3A0x1.8000000000000p%2B1,26,0.572,1.61608,1.5774452095495557,0.8698738483891386,defined,0.04441424526325227,sensitivity_only
id:x%3A0x1.8000000000000p%2B1,27,0.594,1.63016,1.6687947904504443,0.8698738483891386,defined,-0.04441424526325227,sensitivity_only
id:x%3A0x1.8000000000000p%2B1,28,0.616,1.64424,1.6056052095495557,0.8698738483891386,defined,0.04441424526325227,sensitivity_only
id:x%3A0x1.8000000000000p%2B1,29,0.638,1.65832,1.6969547904504443,0.8698738483891386,defined,-0.04441424526325227,sensitivity_only
id:x%3A0x1.8000000000000p%2B1,30,0.66,1.6724,1.6337652095495558,0.8698738483891386,defined,0.04441424526325227,sensitivity_only
id:x%3A0x1.8000000000000p%2B1,31,0.682,1.68648,1.7251147904504442,0.8698738483891386,defined,-0.04441424526325227,sensitivity_only
id:x%3A0x1.8000000000000p%2B1,32,0.704,1.7005599999999998,1.6619252095495556,0.8698738483891386,defined,0.04441424526325227,sensitivity_only
id:x%3A0x1.8000000000000p%2B1,33,0.726,1.71464,1.7532747904504442,0.8698738483891386,defined,-0.04441424526325227,sensitivity_only
id:x%3A0x1.8000000000000p%2B1,34,0.748,1.72872,1.6900852095495558,0.8698738483891386,defined,0.04441424526325227,sensitivity_only
id:x%3A0x1.8000000000000p%2B1,35,0.77,1.7428,1.7814347904504442,0.8698738483891386,defined,-0.04441424526325227,sensitivity_only
id:x%3A0x1.8000000000000p%2B1,36,0.792,1.75688,1.7182452095495557,0.8698738483891386,defined,0.04441424526325227,sensitivity_only
id:x%3A0x1.8000000000000p%2B1,37,0.814,1.77096,1.8095947904504444,0.8698738483891386,defined,-0.04441424526325227,sensitivity_only
id:x%3A0x1.8000000000000p%2B1,38,0.836,1.78504,1.7464052095495557,0.8698738483891386,defined,0.04441424526325227,sensitivity_only
id:x%3A0x1.8000000000000p%2B1,39,0.858,1.79912,1.8377547904504443,0.8698738483891386,defined,-0.04441424526325227,sensitivity_only
id:x%3A0x1.8000000000000p%2B1,40,0.88,1.8132000000000001,1.7745652095495559,0.8698738483891386,defined,0.04441424526325227,sensitivity_only
id:x%3A0x1.8000000000000p%2B1,41,0.902,1.82728,1.8659147904504443,0.8698738483891386,defined,-0.04441424526325227,sensitivity_only
id:x%3A0x1.8000000000000p%2B1,42,0.924,1.8413599999999999,1.8027252095495556,0.8698738483891386,defined,0.04441424526325227,sensitivity_only
id:x%3A0x1.8000000000000p%2B1,43,0.946,1.85544,1.8940747904504442,0.8698738483891386,defined,-0.04441424526325227,sensitivity_only
id:x%3A0x1.8000000000000p%2B1,44,0.968,1.86952,1.8308852095495558,0.8698738483891386,defined,0.04441424526325227,sensitivity_only
id:x%3A0x1.8000000000000p%2B1,45,0.99,1.8836,1.9222347904504442,0.8698738483891386,defined,-0.04441424526325227,sensitivity_only
id:x%3A0x1.8000000000000p%2B1,46,1.0,1.8900000000000001,1.8513652095495559,0.8698738483891386,defined,0.04441424526325227,sensitivity_only
id:x%3A0x1.8000000000000p%2B1,47,1.012,1.89768,1.9363147904504443,0.8698738483891386,defined,-0.04441424526325227,sensitivity_only
id:x%3A0x1.8000000000000p%2B1,48,1.034,1.9117600000000001,1.8731252095495559,0.8698738483891386,defined,0.04441424526325227,sensitivity_only
id:x%3A0x1.8000000000000p%2B1,49,1.056,1.92584,1.9644747904504443,0.8698738483891386,defined,-0.04441424526325227,sensitivity_only
id:x%3A0x1.8000000000000p%2B1,50,1.078,1.93992,1.9012852095495558,0.8698738483891386,defined,0.04441424526325227,sensitivity_only
id:x%3A0x1.8000000000000p%2B1,51,1.1,1.9540000000000002,1.9926347904504444,0.8698738483891386,defined,-0.04441424526325227,sensitivity_only
id:x%3A0x1.8000000000000p%2B1,52,1.122,1.96808,1.9294452095495558,0.8698738483891386,defined,0.04441424526325227,sensitivity_only
id:x%3A0x1.8000000000000p%2B1,53,1.144,1.98216,2.020794790450444,0.8698738483891386,defined,-0.04441424526325227,sensitivity_only
id:x%3A0x1.8000000000000p%2B1,54,1.166,1.99624,1.9576052095495557,0.8698738483891386,defined,0.04441424526325227,sensitivity_only
id:x%3A0x1.8000000000000p%2B1,55,1.188,2.01032,2.0489547904504444,0.8698738483891386,defined,-0.04441424526325227,sensitivity_only
id:x%3A0x1.8000000000000p%2B1,56,1.21,2.0244,1.9857652095495557,0.8698738483891386,defined,0.04441424526325227,sensitivity_only
id:x%3A0x1.8000000000000p%2B1,57,1.232,2.03848,2.077114790450444,0.8698738483891386,defined,-0.04441424526325227,sensitivity_only
id:x%3A0x1.8000000000000p%2B1,58,1.254,2.05256,2.013925209549556,0.8698738483891386,defined,0.04441424526325227,sensitivity_only
id:x%3A0x1.8000000000000p%2B1,59,1.276,2.06664,2.1052747904504443,0.8698738483891386,defined,-0.04441424526325227,sensitivity_only
id:x%3A0x1.8000000000000p%2B1,60,1.298,2.08072,2.0420852095495556,0.8698738483891386,defined,0.04441424526325227,sensitivity_only
id:x%3A0x1.8000000000000p%2B1,61,1.32,2.0948,2.1334347904504445,0.8698738483891386,defined,-0.04441424526325227,sensitivity_only
id:x%3A0x1.8000000000000p%2B1,62,1.342,2.10888,2.070245209549556,0.8698738483891386,defined,0.04441424526325227,sensitivity_only
id:x%3A0x1.8000000000000p%2B1,63,1.364,2.12296,2.1615947904504442,0.8698738483891386,defined,-0.04441424526325227,sensitivity_only
id:x%3A0x1.8000000000000p%2B1,64,1.386,2.13704,2.0984052095495556,0.8698738483891386,defined,0.04441424526325227,sensitivity_only
id:x%3A0x1.8000000000000p%2B1,65,1.408,2.1511199999999997,2.189754790450444,0.8698738483891386,defined,-0.04441424526325227,sensitivity_only
id:x%3A0x1.8000000000000p%2B1,66,1.43,2.1652,2.1265652095495557,0.8698738483891386,defined,0.04441424526325227,sensitivity_only
id:x%3A0x1.8000000000000p%2B1,67,1.452,2.17928,2.217914790450444,0.8698738483891386,defined,-0.04441424526325227,sensitivity_only
id:x%3A0x1.8000000000000p%2B1,68,1.474,2.19336,2.154725209549556,0.8698738483891386,defined,0.04441424526325227,sensitivity_only
id:x%3A0x1.8000000000000p%2B1,69,1.496,2.20744,2.2460747904504443,0.8698738483891386,defined,-0.04441424526325227,sensitivity_only
id:x%3A0x1.8000000000000p%2B1,70,1.518,2.22152,2.172443374292679,1.1049748884943107,defined,0.04441424526325227,sensitivity_only
id:x%3A0x1.8000000000000p%2B1,71,1.54,2.2356,2.2846766257073208,1.1049748884943107,defined,-0.04441424526325227,sensitivity_only
id:x%3A0x1.8000000000000p%2B1,72,1.562,2.24968,2.200603374292679,1.1049748884943107,defined,0.04441424526325227,sensitivity_only
id:x%3A0x1.8000000000000p%2B1,73,1.584,2.26376,2.312836625707321,1.1049748884943107,defined,-0.04441424526325227,sensitivity_only
id:x%3A0x1.8000000000000p%2B1,74,1.606,2.2778400000000003,2.2287633742926793,1.1049748884943107,defined,0.04441424526325227,sensitivity_only
id:x%3A0x1.8000000000000p%2B1,75,1.628,2.29192,2.340996625707321,1.1049748884943107,defined,-0.04441424526325227,sensitivity_only
id:x%3A0x1.8000000000000p%2B1,76,1.65,2.306,2.256923374292679,1.1049748884943107,defined,0.04441424526325227,sensitivity_only
id:x%3A0x1.8000000000000p%2B1,77,1.672,2.32008,2.369156625707321,1.1049748884943107,defined,-0.04441424526325227,sensitivity_only
id:x%3A0x1.8000000000000p%2B1,78,1.694,2.33416,2.285083374292679,1.1049748884943107,defined,0.04441424526325227,sensitivity_only
id:x%3A0x1.8000000000000p%2B1,79,1.716,2.34824,2.397316625707321,1.1049748884943107,defined,-0.04441424526325227,sensitivity_only
id:x%3A0x1.8000000000000p%2B1,80,1.738,2.36232,2.313243374292679,1.1049748884943107,defined,0.04441424526325227,sensitivity_only
id:x%3A0x1.8000000000000p%2B1,81,1.76,2.3764000000000003,2.4254766257073213,1.1049748884943107,defined,-0.04441424526325227,sensitivity_only
id:x%3A0x1.8000000000000p%2B1,82,1.782,2.39048,2.341403374292679,1.1049748884943107,defined,0.04441424526325227,sensitivity_only
id:x%3A0x1.8000000000000p%2B1,83,1.804,2.40456,2.453636625707321,1.1049748884943107,defined,-0.04441424526325227,sensitivity_only
id:x%3A0x1.8000000000000p%2B1,84,1.826,2.41864,2.369563374292679,1.1049748884943107,defined,0.04441424526325227,sensitivity_only
id:x%3A0x1.8000000000000p%2B1,85,1.848,2.4327199999999998,2.4817966257073207,1.1049748884943107,defined,-0.04441424526325227,sensitivity_only
id:x%3A0x1.8000000000000p%2B1,86,1.87,2.4468,2.397723374292679,1.1049748884943107,defined,0.04441424526325227,sensitivity_only
id:x%3A0x1.8000000000000p%2B1,87,1.892,2.46088,2.509956625707321,1.1049748884943107,defined,-0.04441424526325227,sensitivity_only
id:x%3A0x1.8000000000000p%2B1,88,1.914,2.4749600000000003,2.4258833742926793,1.1049748884943107,defined,0.04441424526325227,sensitivity_only
id:x%3A0x1.8000000000000p%2B1,89,1.936,2.48904,2.538116625707321,1.1049748884943107,defined,-0.04441424526325227,sensitivity_only
id:x%3A0x1.8000000000000p%2B1,90,1.958,2.50312,2.454043374292679,1.1049748884943107,defined,0.04441424526325227,sensitivity_only
id:x%3A0x1.8000000000000p%2B1,91,1.98,2.5172,2.566276625707321,1.1049748884943107,defined,-0.04441424526325227,sensitivity_only
id:x%3A0x1.8000000000000p%2B1,92,2.0,2.5300000000000002,2.4809233742926793,1.1049748884943107,defined,0.04441424526325227,sensitivity_only
id:x%3A0x1.8000000000000p%2B1,93,2.002,2.5312799999999998,2.5803566257073207,1.1049748884943107,defined,-0.04441424526325227,sensitivity_only
id:x%3A0x1.8000000000000p%2B1,94,2.024,2.54536,2.496283374292679,1.1049748884943107,defined,0.04441424526325227,sensitivity_only
id:x%3A0x1.8000000000000p%2B1,95,2.046,2.55944,2.608516625707321,1.1049748884943107,defined,-0.04441424526325227,sensitivity_only
id:x%3A0x1.8000000000000p%2B1,96,2.068,2.5735200000000003,2.5244433742926793,1.1049748884943107,defined,0.04441424526325227,sensitivity_only
id:x%3A0x1.8000000000000p%2B1,97,2.09,2.5876,2.636676625707321,1.1049748884943107,defined,-0.04441424526325227,sensitivity_only
id:x%3A0x1.8000000000000p%2B1,98,2.112,2.60168,2.552603374292679,1.1049748884943107,defined,0.04441424526325227,sensitivity_only
id:x%3A0x1.8000000000000p%2B1,99,2.134,2.61576,2.664836625707321,1.1049748884943107,defined,-0.04441424526325227,sensitivity_only
id:x%3A0x1.8000000000000p%2B1,100,2.156,2.62984,2.580763374292679,1.1049748884943107,defined,0.04441424526325227,sensitivity_only
id:x%3A0x1.8000000000000p%2B1,101,2.178,2.64392,2.692996625707321,1.1049748884943107,defined,-0.04441424526325227,sensitivity_only
id:x%3A0x1.8000000000000p%2B1,102,2.2,2.6580000000000004,2.6089233742926794,1.1049748884943107,defined,0.04441424526325227,sensitivity_only
id:x%3A0x1.8000000000000p%2B1,103,2.222,2.6720800000000002,2.721156625707321,1.1049748884943107,defined,-0.04441424526325227,sensitivity_only
id:x%3A0x1.8000000000000p%2B1,104,2.244,2.68616,2.637083374292679,1.1049748884943107,defined,0.04441424526325227,sensitivity_only
id:x%3A0x1.8000000000000p%2B1,105,2.266,2.70024,2.749316625707321,1.1049748884943107,defined,-0.04441424526325227,sensitivity_only
id:x%3A0x1.8000000000000p%2B1,106,2.288,2.71432,2.665243374292679,1.1049748884943107,defined,0.04441424526325227,sensitivity_only
id:x%3A0x1.8000000000000p%2B1,107,2.31,2.7284,2.777476625707321,1.1049748884943107,defined,-0.04441424526325227,sensitivity_only
id:x%3A0x1.8000000000000p%2B1,108,2.332,2.74248,2.693403374292679,1.1049748884943107,defined,0.04441424526325227,sensitivity_only
id:x%3A0x1.8000000000000p%2B1,109,2.354,2.7565600000000003,2.8056366257073213,1.1049748884943107,defined,-0.04441424526325227,sensitivity_only
id:x%3A0x1.8000000000000p%2B1,110,2.376,2.77064,2.7215633742926792,1.1049748884943107,defined,0.04441424526325227,sensitivity_only
id:x%3A0x1.8000000000000p%2B1,111,2.398,2.78472,2.833796625707321,1.1049748884943107,defined,-0.04441424526325227,sensitivity_only
id:x%3A0x1.8000000000000p%2B1,112,2.42,2.7988,2.749723374292679,1.1049748884943107,defined,0.04441424526325227,sensitivity_only
id:x%3A0x1.8000000000000p%2B1,113,2.442,2.81288,2.861956625707321,1.1049748884943107,defined,-0.04441424526325227,sensitivity_only
id:x%3A0x1.8000000000000p%2B1,114,2.464,2.8269599999999997,2.7778833742926787,1.1049748884943107,defined,0.04441424526325227,sensitivity_only
id:x%3A0x1.8000000000000p%2B1,115,2.486,2.8410400000000005,2.8901166257073214,1.1049748884943107,defined,-0.04441424526325227,sensitivity_only
id:x%3A0x1.8000000000000p%2B1,116,2.508,2.8551200000000003,2.8112642919211175,0.9874243684417244,defined,0.04441424526325227,sensitivity_only
id:x%3A0x1.8000000000000p%2B1,117,2.53,2.8692,2.913055708078883,0.9874243684417244,defined,-0.04441424526325227,sensitivity_only
id:x%3A0x1.8000000000000p%2B1,118,2.552,2.88328,2.8394242919211172,0.9874243684417244,defined,0.04441424526325227,sensitivity_only
id:x%3A0x1.8000000000000p%2B1,119,2.574,2.89736,2.9412157080788828,0.9874243684417244,defined,-0.04441424526325227,sensitivity_only
id:x%3A0x1.8000000000000p%2B1,120,2.596,2.91144,2.867584291921117,0.9874243684417244,defined,0.04441424526325227,sensitivity_only
id:x%3A0x1.8000000000000p%2B1,121,2.618,2.9255199999999997,2.9693757080788825,0.9874243684417244,defined,-0.04441424526325227,sensitivity_only
id:x%3A0x1.8000000000000p%2B1,122,2.64,2.9396000000000004,2.8957442919211176,0.9874243684417244,defined,0.04441424526325227,sensitivity_only
id:x%3A0x1.8000000000000p%2B1,123,2.662,2.9536800000000003,2.997535708078883,0.9874243684417244,defined,-0.04441424526325227,sensitivity_only
id:x%3A0x1.8000000000000p%2B1,124,2.684,2.96776,2.9239042919211173,0.9874243684417244,defined,0.04441424526325227,sensitivity_only
id:x%3A0x1.8000000000000p%2B1,125,2.706,2.98184,3.025695708078883,0.9874243684417244,defined,-0.04441424526325227,sensitivity_only
id:x%3A0x1.8000000000000p%2B1,126,2.728,2.99592,2.952064291921117,0.9874243684417244,defined,0.04441424526325227,sensitivity_only
id:x%3A0x1.8000000000000p%2B1,127,2.75,3.01,3.0538557080788826,0.9874243684417244,defined,-0.04441424526325227,sensitivity_only
id:x%3A0x1.8000000000000p%2B1,128,2.772,3.0240799999999997,2.980224291921117,0.9874243684417244,defined,0.04441424526325227,sensitivity_only
id:x%3A0x1.8000000000000p%2B1,129,2.794,3.03816,3.082015708078883,0.9874243684417244,defined,-0.04441424526325227,sensitivity_only
id:x%3A0x1.8000000000000p%2B1,130,2.816,3.05224,3.008384291921117,0.9874243684417244,defined,0.04441424526325227,sensitivity_only
id:x%3A0x1.8000000000000p%2B1,131,2.838,3.06632,3.110175708078883,0.9874243684417244,defined,-0.04441424526325227,sensitivity_only
id:x%3A0x1.8000000000000p%2B1,132,2.86,3.0804,3.036544291921117,0.9874243684417244,defined,0.04441424526325227,sensitivity_only
id:x%3A0x1.8000000000000p%2B1,133,2.882,3.09448,3.1383357080788827,0.9874243684417244,defined,-0.04441424526325227,sensitivity_only
id:x%3A0x1.8000000000000p%2B1,134,2.904,3.1085599999999998,3.064704291921117,0.9874243684417244,defined,0.04441424526325227,sensitivity_only
id:x%3A0x1.8000000000000p%2B1,135,2.926,3.12264,3.166495708078883,0.9874243684417244,defined,-0.04441424526325227,sensitivity_only
id:x%3A0x1.8000000000000p%2B1,136,2.948,3.13672,3.092864291921117,0.9874243684417244,defined,0.04441424526325227,sensitivity_only
id:x%3A0x1.8000000000000p%2B1,137,2.97,3.1508000000000003,3.194655708078883,0.9874243684417244,defined,-0.04441424526325227,sensitivity_only
id:x%3A0x1.8000000000000p%2B1,138,2.992,3.16488,3.1210242919211173,0.9874243684417244,defined,0.04441424526325227,sensitivity_only
id:x%3A0x1.8000000000000p%2B1,139,3.0,3.17,3.2138557080788828,0.9874243684417244,defined,-0.04441424526325227,sensitivity_only
id:x%3A0x1.8000000000000p%2B1,140,3.014,3.17896,3.135104291921117,0.9874243684417244,defined,0.04441424526325227,sensitivity_only
id:x%3A0x1.8000000000000p%2B1,141,3.036,3.19304,3.2368957080788827,0.9874243684417244,defined,-0.04441424526325227,sensitivity_only
id:x%3A0x1.8000000000000p%2B1,142,3.058,3.2071199999999997,3.163264291921117,0.9874243684417244,defined,0.04441424526325227,sensitivity_only
id:x%3A0x1.8000000000000p%2B1,143,3.08,3.2212,3.265055708078883,0.9874243684417244,defined,-0.04441424526325227,sensitivity_only
id:x%3A0x1.8000000000000p%2B1,144,3.102,3.23528,3.191424291921117,0.9874243684417244,defined,0.04441424526325227,sensitivity_only
id:x%3A0x1.8000000000000p%2B1,145,3.124,3.2493600000000002,3.293215708078883,0.9874243684417244,defined,-0.04441424526325227,sensitivity_only
id:x%3A0x1.8000000000000p%2B1,146,3.146,3.26344,3.2195842919211173,0.9874243684417244,defined,0.04441424526325227,sensitivity_only
id:x%3A0x1.8000000000000p%2B1,147,3.168,3.27752,3.321375708078883,0.9874243684417244,defined,-0.04441424526325227,sensitivity_only
id:x%3A0x1.8000000000000p%2B1,148,3.19,3.2916,3.247744291921117,0.9874243684417244,defined,0.04441424526325227,sensitivity_only
id:x%3A0x1.8000000000000p%2B1,149,3.212,3.30568,3.349535708078883,0.9874243684417244,defined,-0.04441424526325227,sensitivity_only
id:x%3A0x1.8000000000000p%2B1,150,3.234,3.31976,3.275904291921117,0.9874243684417244,defined,0.04441424526325227,sensitivity_only
id:x%3A0x1.8000000000000p%2B1,151,3.256,3.33384,3.3776957080788828,0.9874243684417244,defined,-0.04441424526325227,sensitivity_only
id:x%3A0x1.8000000000000p%2B1,152,3.278,3.3479200000000002,3.3040642919211174,0.9874243684417244,defined,0.04441424526325227,sensitivity_only
id:x%3A0x1.8000000000000p%2B1,153,3.3,3.362,3.405855708078883,0.9874243684417244,defined,-0.04441424526325227,sensitivity_only
id:x%3A0x1.8000000000000p%2B1,154,3.322,3.37608,3.332224291921117,0.9874243684417244,defined,0.04441424526325227,sensitivity_only
id:x%3A0x1.8000000000000p%2B1,155,3.344,3.39016,3.4340157080788827,0.9874243684417244,defined,-0.04441424526325227,sensitivity_only
id:x%3A0x1.8000000000000p%2B1,156,3.366,3.40424,3.3603842919211173,0.9874243684417244,defined,0.04441424526325227,sensitivity_only
id:x%3A0x1.8000000000000p%2B1,157,3.388,3.41832,3.462175708078883,0.9874243684417244,defined,-0.04441424526325227,sensitivity_only
id:x%3A0x1.8000000000000p%2B1,158,3.41,3.4324000000000003,3.3885442919211175,0.9874243684417244,defined,0.04441424526325227,sensitivity_only
id:x%3A0x1.8000000000000p%2B1,159,3.432,3.44648,3.490335708078883,0.9874243684417244,defined,-0.04441424526325227,sensitivity_only
id:x%3A0x1.8000000000000p%2B1,160,3.454,3.46056,3.4167042919211172,0.9874243684417244,defined,0.04441424526325227,sensitivity_only
id:x%3A0x1.8000000000000p%2B1,161,3.476,3.47464,3.518495708078883,0.9874243684417244,defined,-0.04441424526325227,sensitivity_only
id:x%3A0x1.8000000000000p%2B1,162,3.498,3.4887200000000003,3.4448642919211174,0.9874243684417244,defined,0.04441424526325227,sensitivity_only
id:x%3A0x1.8000000000000p%2B1,163,3.52,3.5028,3.5414347904504444,0.8698738483891386,defined,-0.04441424526325227,sensitivity_only
id:x%3A0x1.8000000000000p%2B1,164,3.542,3.51688,3.4782452095495557,0.8698738483891386,defined,0.04441424526325227,sensitivity_only
id:x%3A0x1.8000000000000p%2B1,165,3.564,3.53096,3.569594790450444,0.8698738483891386,defined,-0.04441424526325227,sensitivity_only
id:x%3A0x1.8000000000000p%2B1,166,3.586,3.5450399999999997,3.5064052095495555,0.8698738483891386,defined,0.04441424526325227,sensitivity_only
id:x%3A0x1.8000000000000p%2B1,167,3.608,3.55912,3.5977547904504443,0.8698738483891386,defined,-0.04441424526325227,sensitivity_only
id:x%3A0x1.8000000000000p%2B1,168,3.63,3.5732,3.5345652095495557,0.8698738483891386,defined,0.04441424526325227,sensitivity_only
id:x%3A0x1.8000000000000p%2B1,169,3.652,3.5872800000000002,3.6259147904504445,0.8698738483891386,defined,-0.04441424526325227,sensitivity_only
id:x%3A0x1.8000000000000p%2B1,170,3.674,3.60136,3.562725209549556,0.8698738483891386,defined,0.04441424526325227,sensitivity_only
id:x%3A0x1.8000000000000p%2B1,171,3.696,3.61544,3.6540747904504443,0.8698738483891386,defined,-0.04441424526325227,sensitivity_only
id:x%3A0x1.8000000000000p%2B1,172,3.718,3.62952,3.5908852095495556,0.8698738483891386,defined,0.04441424526325227,sensitivity_only
id:x%3A0x1.8000000000000p%2B1,173,3.74,3.6436,3.6822347904504444,0.8698738483891386,defined,-0.04441424526325227,sensitivity_only
id:x%3A0x1.8000000000000p%2B1,174,3.762,3.65768,3.6190452095495558,0.8698738483891386,defined,0.04441424526325227,sensitivity_only
id:x%3A0x1.8000000000000p%2B1,175,3.784,3.67176,3.710394790450444,0.8698738483891386,defined,-0.04441424526325227,sensitivity_only
id:x%3A0x1.8000000000000p%2B1,176,3.806,3.6858400000000002,3.647205209549556,0.8698738483891386,defined,0.04441424526325227,sensitivity_only
id:x%3A0x1.8000000000000p%2B1,177,3.828,3.69992,3.7385547904504444,0.8698738483891386,defined,-0.04441424526325227,sensitivity_only
id:x%3A0x1.8000000000000p%2B1,178,3.85,3.714,3.6753652095495557,0.8698738483891386,defined,0.04441424526325227,sensitivity_only
id:x%3A0x1.8000000000000p%2B1,179,3.872,3.72808,3.766714790450444,0.8698738483891386,defined,-0.04441424526325227,sensitivity_only
id:x%3A0x1.8000000000000p%2B1,180,3.894,3.74216,3.703525209549556,0.8698738483891386,defined,0.04441424526325227,sensitivity_only
id:x%3A0x1.8000000000000p%2B1,181,3.916,3.75624,3.7948747904504443,0.8698738483891386,defined,-0.04441424526325227,sensitivity_only
id:x%3A0x1.8000000000000p%2B1,182,3.938,3.7703200000000003,3.731685209549556,0.8698738483891386,defined,0.04441424526325227,sensitivity_only
id:x%3A0x1.8000000000000p%2B1,183,3.96,3.7844,3.8230347904504445,0.8698738483891386,defined,-0.04441424526325227,sensitivity_only
id:x%3A0x1.8000000000000p%2B1,184,3.982,3.79848,3.759845209549556,0.8698738483891386,defined,0.04441424526325227,sensitivity_only
id:x%3A0x1.8000000000000p%2B1,185,4.0,3.81,3.8486347904504443,0.8698738483891386,defined,-0.04441424526325227,sensitivity_only
id:x%3A0x1.8000000000000p%2B1,186,4.004,3.81256,3.7739252095495557,0.8698738483891386,defined,0.04441424526325227,sensitivity_only
id:x%3A0x1.8000000000000p%2B1,187,4.026,3.82664,3.865274790450444,0.8698738483891386,defined,-0.04441424526325227,sensitivity_only
id:x%3A0x1.8000000000000p%2B1,188,4.048,3.84072,3.802085209549556,0.8698738483891386,defined,0.04441424526325227,sensitivity_only
id:x%3A0x1.8000000000000p%2B1,189,4.07,3.8548000000000004,3.8934347904504447,0.8698738483891386,defined,-0.04441424526325227,sensitivity_only
id:x%3A0x1.8000000000000p%2B1,190,4.092,3.86888,3.8302452095495556,0.8698738483891386,defined,0.04441424526325227,sensitivity_only
id:x%3A0x1.8000000000000p%2B1,191,4.114,3.88296,3.9215947904504445,0.8698738483891386,defined,-0.04441424526325227,sensitivity_only
id:x%3A0x1.8000000000000p%2B1,192,4.136,3.89704,3.858405209549556,0.8698738483891386,defined,0.04441424526325227,sensitivity_only
id:x%3A0x1.8000000000000p%2B1,193,4.158,3.9111200000000004,3.9497547904504446,0.8698738483891386,defined,-0.04441424526325227,sensitivity_only
id:x%3A0x1.8000000000000p%2B1,194,4.18,3.9252,3.8865652095495555,0.8698738483891386,defined,0.04441424526325227,sensitivity_only
id:x%3A0x1.8000000000000p%2B1,195,4.202,3.93928,3.9779147904504444,0.8698738483891386,defined,-0.04441424526325227,sensitivity_only
id:x%3A0x1.8000000000000p%2B1,196,4.224,3.95336,3.9147252095495557,0.8698738483891386,defined,0.04441424526325227,sensitivity_only
id:x%3A0x1.8000000000000p%2B1,197,4.246,3.9674400000000003,4.006074790450445,0.8698738483891386,defined,-0.04441424526325227,sensitivity_only
id:x%3A0x1.8000000000000p%2B1,198,4.268,3.9815199999999997,3.9428852095495555,0.8698738483891386,defined,0.04441424526325227,sensitivity_only
id:x%3A0x1.8000000000000p%2B1,199,4.29,3.9956,4.034234790450444,0.8698738483891386,defined,-0.04441424526325227,sensitivity_only
id:x%3A0x1.8000000000000p%2B1,200,4.312,4.00968,3.971045209549556,0.8698738483891386,defined,0.04441424526325227,sensitivity_only
id:x%3A0x1.8000000000000p%2B1,201,4.334,4.023759999999999,4.062394790450444,0.8698738483891386,defined,-0.04441424526325227,sensitivity_only
id:x%3A0x1.8000000000000p%2B1,202,4.356,4.03784,3.999205209549556,0.8698738483891386,defined,0.04441424526325227,sensitivity_only
id:x%3A0x1.8000000000000p%2B1,203,4.378,4.05192,4.090554790450445,0.8698738483891386,defined,-0.04441424526325227,sensitivity_only
id:x%3A0x1.8000000000000p%2B1,204,4.4,4.066000000000001,4.027365209549556,0.8698738483891386,defined,0.04441424526325227,sensitivity_only
id:x%3A0x1.8000000000000p%2B1,205,4.422,4.08008,4.118714790450444,0.8698738483891386,defined,-0.04441424526325227,sensitivity_only
id:x%3A0x1.8000000000000p%2B1,206,4.444,4.0941600000000005,4.055525209549556,0.8698738483891386,defined,0.04441424526325227,sensitivity_only
id:x%3A0x1.8000000000000p%2B1,207,4.466,4.10824,4.146874790450445,0.8698738483891386,defined,-0.04441424526325227,sensitivity_only
id:x%3A0x1.8000000000000p%2B1,208,4.488,4.12232,4.0836852095495555,0.8698738483891386,defined,0.04441424526325227,sensitivity_only
id:x%3A0x1.8000000000000p%2B1,209,4.51,4.1364,4.1802557080788825,0.9874243684417244,defined,-0.04441424526325227,sensitivity_only
id:x%3A0x1.8000000000000p%2B1,210,4.532,4.15048,4.1066242919211176,0.9874243684417244,defined,0.04441424526325227,sensitivity_only
id:x%3A0x1.8000000000000p%2B1,211,4.554,4.16456,4.208415708078882,0.9874243684417244,defined,-0.04441424526325227,sensitivity_only
id:x%3A0x1.8000000000000p%2B1,212,4.576,4.17864,4.134784291921117,0.9874243684417244,defined,0.04441424526325227,sensitivity_only
id:x%3A0x1.8000000000000p%2B1,213,4.598,4.19272,4.236575708078882,0.9874243684417244,defined,-0.04441424526325227,sensitivity_only
id:x%3A0x1.8000000000000p%2B1,214,4.62,4.2068,4.162944291921118,0.9874243684417244,defined,0.04441424526325227,sensitivity_only
id:x%3A0x1.8000000000000p%2B1,215,4.642,4.22088,4.264735708078883,0.9874243684417244,defined,-0.04441424526325227,sensitivity_only
id:x%3A0x1.8000000000000p%2B1,216,4.664,4.23496,4.191104291921118,0.9874243684417244,defined,0.04441424526325227,sensitivity_only
id:x%3A0x1.8000000000000p%2B1,217,4.686,4.24904,4.292895708078882,0.9874243684417244,defined,-0.04441424526325227,sensitivity_only
id:x%3A0x1.8000000000000p%2B1,218,4.708,4.263120000000001,4.219264291921118,0.9874243684417244,defined,0.04441424526325227,sensitivity_only
id:x%3A0x1.8000000000000p%2B1,219,4.73,4.277200000000001,4.321055708078883,0.9874243684417244,defined,-0.04441424526325227,sensitivity_only
id:x%3A0x1.8000000000000p%2B1,220,4.752,4.29128,4.247424291921118,0.9874243684417244,defined,0.04441424526325227,sensitivity_only
id:x%3A0x1.8000000000000p%2B1,221,4.774,4.30536,4.349215708078883,0.9874243684417244,defined,-0.04441424526325227,sensitivity_only
id:x%3A0x1.8000000000000p%2B1,222,4.796,4.31944,4.275584291921118,0.9874243684417244,defined,0.04441424526325227,sensitivity_only
id:x%3A0x1.8000000000000p%2B1,223,4.818,4.33352,4.377375708078882,0.9874243684417244,defined,-0.04441424526325227,sensitivity_only
id:x%3A0x1.8000000000000p%2B1,224,4.84,4.3476,4.3037442919211175,0.9874243684417244,defined,0.04441424526325227,sensitivity_only
id:x%3A0x1.8000000000000p%2B1,225,4.862,4.36168,4.405535708078882,0.9874243684417244,defined,-0.04441424526325227,sensitivity_only
id:x%3A0x1.8000000000000p%2B1,226,4.884,4.37576,4.331904291921117,0.9874243684417244,defined,0.04441424526325227,sensitivity_only
id:x%3A0x1.8000000000000p%2B1,227,4.906,4.3898399999999995,4.433695708078882,0.9874243684417244,defined,-0.04441424526325227,sensitivity_only
id:x%3A0x1.8000000000000p%2B1,228,4.928,4.403919999999999,4.360064291921117,0.9874243684417244,defined,0.04441424526325227,sensitivity_only
id:x%3A0x1.8000000000000p%2B1,229,4.95,4.418,4.4618557080788825,0.9874243684417244,defined,-0.04441424526325227,sensitivity_only
id:x%3A0x1.8000000000000p%2B1,230,4.972,4.432080000000001,4.3882242919211185,0.9874243684417244,defined,0.04441424526325227,sensitivity_only
id:x%3A0x1.8000000000000p%2B1,231,4.994,4.44616,4.490015708078882,0.9874243684417244,defined,-0.04441424526325227,sensitivity_only
id:x%3A0x1.8000000000000p%2B1,232,5.0,4.45,4.406144291921118,0.9874243684417244,defined,0.04441424526325227,sensitivity_only
id:x%3A0x1.8000000000000p%2B1,233,5.016,4.460240000000001,4.504095708078883,0.9874243684417244,defined,-0.04441424526325227,sensitivity_only
id:x%3A0x1.8000000000000p%2B1,234,5.038,4.4743200000000005,4.430464291921118,0.9874243684417244,defined,0.04441424526325227,sensitivity_only
id:x%3A0x1.8000000000000p%2B1,235,5.06,4.4884,4.532255708078883,0.9874243684417244,defined,-0.04441424526325227,sensitivity_only
id:x%3A0x1.8000000000000p%2B1,236,5.082,4.50248,4.458624291921118,0.9874243684417244,defined,0.04441424526325227,sensitivity_only
id:x%3A0x1.8000000000000p%2B1,237,5.104,4.51656,4.5604157080788825,0.9874243684417244,defined,-0.04441424526325227,sensitivity_only
id:x%3A0x1.8000000000000p%2B1,238,5.126,4.53064,4.486784291921118,0.9874243684417244,defined,0.04441424526325227,sensitivity_only
id:x%3A0x1.8000000000000p%2B1,239,5.148,4.54472,4.588575708078882,0.9874243684417244,defined,-0.04441424526325227,sensitivity_only
id:x%3A0x1.8000000000000p%2B1,240,5.17,4.5588,4.514944291921117,0.9874243684417244,defined,0.04441424526325227,sensitivity_only
id:x%3A0x1.8000000000000p%2B1,241,5.192,4.57288,4.616735708078882,0.9874243684417244,defined,-0.04441424526325227,sensitivity_only
id:x%3A0x1.8000000000000p%2B1,242,5.214,4.58696,4.543104291921118,0.9874243684417244,defined,0.04441424526325227,sensitivity_only
id:x%3A0x1.8000000000000p%2B1,243,5.236,4.601039999999999,4.644895708078882,0.9874243684417244,defined,-0.04441424526325227,sensitivity_only
id:x%3A0x1.8000000000000p%2B1,244,5.258,4.61512,4.571264291921118,0.9874243684417244,defined,0.04441424526325227,sensitivity_only
id:x%3A0x1.8000000000000p%2B1,245,5.28,4.629200000000001,4.673055708078883,0.9874243684417244,defined,-0.04441424526325227,sensitivity_only
id:x%3A0x1.8000000000000p%2B1,246,5.302,4.64328,4.5994242919211175,0.9874243684417244,defined,0.04441424526325227,sensitivity_only
id:x%3A0x1.8000000000000p%2B1,247,5.324,4.657360000000001,4.701215708078883,0.9874243684417244,defined,-0.04441424526325227,sensitivity_only
id:x%3A0x1.8000000000000p%2B1,248,5.346,4.6714400000000005,4.627584291921118,0.9874243684417244,defined,0.04441424526325227,sensitivity_only
id:x%3A0x1.8000000000000p%2B1,249,5.368,4.68552,4.729375708078883,0.9874243684417244,defined,-0.04441424526325227,sensitivity_only
id:x%3A0x1.8000000000000p%2B1,250,5.39,4.6996,4.655744291921118,0.9874243684417244,defined,0.04441424526325227,sensitivity_only
id:x%3A0x1.8000000000000p%2B1,251,5.412,4.71368,4.7575357080788825,0.9874243684417244,defined,-0.04441424526325227,sensitivity_only
id:x%3A0x1.8000000000000p%2B1,252,5.434,4.72776,4.683904291921118,0.9874243684417244,defined,0.04441424526325227,sensitivity_only
id:x%3A0x1.8000000000000p%2B1,253,5.456,4.74184,4.785695708078882,0.9874243684417244,defined,-0.04441424526325227,sensitivity_only
id:x%3A0x1.8000000000000p%2B1,254,5.478,4.75592,4.712064291921117,0.9874243684417244,defined,0.04441424526325227,sensitivity_only
id:x%3A0x1.8000000000000p%2B1,255,5.5,4.77,4.813855708078882,0.9874243684417244,defined,-0.04441424526325227,sensitivity_only
id:x%3A0x1.8000000000000p%2B1,256,5.522,4.78408,4.745445209549556,0.8698738483891382,defined,0.04441424526325227,sensitivity_only
id:x%3A0x1.8000000000000p%2B1,257,5.544,4.798159999999999,4.836794790450444,0.8698738483891382,defined,-0.04441424526325227,sensitivity_only
id:x%3A0x1.8000000000000p%2B1,258,5.566,4.81224,4.773605209549555,0.8698738483891382,defined,0.04441424526325227,sensitivity_only
id:x%3A0x1.8000000000000p%2B1,259,5.588,4.82632,4.864954790450445,0.8698738483891382,defined,-0.04441424526325227,sensitivity_only
id:x%3A0x1.8000000000000p%2B1,260,5.61,4.840400000000001,4.801765209549556,0.8698738483891382,defined,0.04441424526325227,sensitivity_only
id:x%3A0x1.8000000000000p%2B1,261,5.632,4.85448,4.893114790450444,0.8698738483891382,defined,-0.04441424526325227,sensitivity_only
id:x%3A0x1.8000000000000p%2B1,262,5.654,4.86856,4.829925209549556,0.8698738483891382,defined,0.04441424526325227,sensitivity_only
id:x%3A0x1.8000000000000p%2B1,263,5.676,4.88264,4.921274790450445,0.8698738483891382,defined,-0.04441424526325227,sensitivity_only
id:x%3A0x1.8000000000000p%2B1,264,5.698,4.89672,4.8580852095495555,0.8698738483891382,defined,0.04441424526325227,sensitivity_only
id:x%3A0x1.8000000000000p%2B1,265,5.72,4.9108,4.949434790450445,0.8698738483891382,defined,-0.04441424526325227,sensitivity_only
id:x%3A0x1.8000000000000p%2B1,266,5.742,4.92488,4.886245209549555,0.8698738483891382,defined,0.04441424526325227,sensitivity_only
id:x%3A0x1.8000000000000p%2B1,267,5.764,4.93896,4.9775947904504445,0.8698738483891382,defined,-0.04441424526325227,sensitivity_only
id:x%3A0x1.8000000000000p%2B1,268,5.786,4.95304,4.914405209549555,0.8698738483891382,defined,0.04441424526325227,sensitivity_only
id:x%3A0x1.8000000000000p%2B1,269,5.808,4.9671199999999995,5.005754790450444,0.8698738483891382,defined,-0.04441424526325227,sensitivity_only
id:x%3A0x1.8000000000000p%2B1,270,5.83,4.9812,4.942565209549556,0.8698738483891382,defined,0.04441424526325227,sensitivity_only
id:x%3A0x1.8000000000000p%2B1,271,5.852,4.99528,5.033914790450445,0.8698738483891382,defined,-0.04441424526325227,sensitivity_only
id:x%3A0x1.8000000000000p%2B1,272,5.874,5.00936,4.970725209549555,0.8698738483891382,defined,0.04441424526325227,sensitivity_only
id:x%3A0x1.8000000000000p%2B1,273,5.896,5.02344,5.062074790450445,0.8698738483891382,defined,-0.04441424526325227,sensitivity_only
id:x%3A0x1.8000000000000p%2B1,274,5.918,5.037520000000001,4.998885209549556,0.8698738483891382,defined,0.04441424526325227,sensitivity_only
id:x%3A0x1.8000000000000p%2B1,275,5.94,5.0516000000000005,5.090234790450445,0.8698738483891382,defined,-0.04441424526325227,sensitivity_only
id:x%3A0x1.8000000000000p%2B1,276,5.962,5.06568,5.027045209549556,0.8698738483891382,defined,0.04441424526325227,sensitivity_only
id:x%3A0x1.8000000000000p%2B1,277,5.984,5.07976,5.118394790450445,0.8698738483891382,defined,-0.04441424526325227,sensitivity_only
id:x%3A0x1.8000000000000p%2B1,278,6.0,5.09,5.051365209549555,0.8698738483891382,defined,0.04441424526325227,sensitivity_only
id:x%3A0x1.8000000000000p%2B1,279,6.006,5.09384,5.132474790450445,0.8698738483891382,defined,-0.04441424526325227,sensitivity_only
id:x%3A0x1.8000000000000p%2B1,280,6.028,5.10792,5.069285209549555,0.8698738483891382,defined,0.04441424526325227,sensitivity_only
id:x%3A0x1.8000000000000p%2B1,281,6.05,5.122,5.160634790450445,0.8698738483891382,defined,-0.04441424526325227,sensitivity_only
id:x%3A0x1.8000000000000p%2B1,282,6.072,5.13608,5.097445209549555,0.8698738483891382,defined,0.04441424526325227,sensitivity_only
id:x%3A0x1.8000000000000p%2B1,283,6.094,5.15016,5.188794790450444,0.8698738483891382,defined,-0.04441424526325227,sensitivity_only
id:x%3A0x1.8000000000000p%2B1,284,6.116,5.1642399999999995,5.125605209549555,0.8698738483891382,defined,0.04441424526325227,sensitivity_only
id:x%3A0x1.8000000000000p%2B1,285,6.138,5.178319999999999,5.216954790450444,0.8698738483891382,defined,-0.04441424526325227,sensitivity_only
id:x%3A0x1.8000000000000p%2B1,286,6.16,5.1924,5.153765209549555,0.8698738483891382,defined,0.04441424526325227,sensitivity_only
id:x%3A0x1.8000000000000p%2B1,287,6.182,5.206480000000001,5.245114790450446,0.8698738483891382,defined,-0.04441424526325227,sensitivity_only
id:x%3A0x1.8000000000000p%2B1,288,6.204,5.22056,5.181925209549555,0.8698738483891382,defined,0.04441424526325227,sensitivity_only
id:x%3A0x1.8000000000000p%2B1,289,6.226,5.234640000000001,5.273274790450445,0.8698738483891382,defined,-0.04441424526325227,sensitivity_only
id:x%3A0x1.8000000000000p%2B1,290,6.248,5.2487200000000005,5.210085209549556,0.8698738483891382,defined,0.04441424526325227,sensitivity_only
id:x%3A0x1.8000000000000p%2B1,291,6.27,5.2627999999999995,5.301434790450444,0.8698738483891382,defined,-0.04441424526325227,sensitivity_only
id:x%3A0x1.8000000000000p%2B1,292,6.292,5.27688,5.2382452095495555,0.8698738483891382,defined,0.04441424526325227,sensitivity_only
id:x%3A0x1.8000000000000p%2B1,293,6.314,5.29096,5.329594790450445,0.8698738483891382,defined,-0.04441424526325227,sensitivity_only
id:x%3A0x1.8000000000000p%2B1,294,6.336,5.30504,5.266405209549555,0.8698738483891382,defined,0.04441424526325227,sensitivity_only
id:x%3A0x1.8000000000000p%2B1,295,6.358,5.31912,5.357754790450445,0.8698738483891382,defined,-0.04441424526325227,sensitivity_only
id:x%3A0x1.8000000000000p%2B1,296,6.38,5.3332,5.294565209549555,0.8698738483891382,defined,0.04441424526325227,sensitivity_only
id:x%3A0x1.8000000000000p%2B1,297,6.402,5.3472800000000005,5.385914790450445,0.8698738483891382,defined,-0.04441424526325227,sensitivity_only
id:x%3A0x1.8000000000000p%2B1,298,6.424,5.36136,5.322725209549556,0.8698738483891382,defined,0.04441424526325227,sensitivity_only
id:x%3A0x1.8000000000000p%2B1,299,6.446,5.37544,5.414074790450445,0.8698738483891382,defined,-0.04441424526325227,sensitivity_only
id:x%3A0x1.8000000000000p%2B1,300,6.468,5.38952,5.350885209549555,0.8698738483891382,defined,0.04441424526325227,sensitivity_only
id:x%3A0x1.8000000000000p%2B1,301,6.49,5.4036,5.442234790450445,0.8698738483891382,defined,-0.04441424526325227,sensitivity_only
id:x%3A0x1.8000000000000p%2B1,302,6.512,5.41768,5.380178259758281,0.8443628844628325,defined,0.04441424526325227,sensitivity_only
id:x%3A0x1.8000000000000p%2B1,303,6.534,5.43176,5.469261740241719,0.8443628844628325,defined,-0.04441424526325227,sensitivity_only
id:x%3A0x1.8000000000000p%2B1,304,6.556,5.4458400000000005,5.408338259758281,0.8443628844628325,defined,0.04441424526325227,sensitivity_only
id:x%3A0x1.8000000000000p%2B1,305,6.578,5.45992,5.49742174024172,0.8443628844628325,defined,-0.04441424526325227,sensitivity_only
id:x%3A0x1.8000000000000p%2B1,306,6.6,5.474,5.436498259758281,0.8443628844628325,defined,0.04441424526325227,sensitivity_only
id:x%3A0x1.8000000000000p%2B1,307,6.622,5.48808,5.525581740241719,0.8443628844628325,defined,-0.04441424526325227,sensitivity_only
id:x%3A0x1.8000000000000p%2B1,308,6.644,5.50216,5.464658259758281,0.8443628844628325,defined,0.04441424526325227,sensitivity_only
id:x%3A0x1.8000000000000p%2B1,309,6.666,5.516240000000001,5.55374174024172,0.8443628844628325,defined,-0.04441424526325227,sensitivity_only
id:x%3A0x1.8000000000000p%2B1,310,6.688,5.53032,5.49281825975828,0.8443628844628325,defined,0.04441424526325227,sensitivity_only
id:x%3A0x1.8000000000000p%2B1,311,6.71,5.5444,5.58190174024172,0.8443628844628325,defined,-0.04441424526325227,sensitivity_only
id:x%3A0x1.8000000000000p%2B1,312,6.732,5.55848,5.520978259758281,0.8443628844628325,defined,0.04441424526325227,sensitivity_only
id:x%3A0x1.8000000000000p%2B1,313,6.754,5.57256,5.610061740241719,0.8443628844628325,defined,-0.04441424526325227,sensitivity_only
id:x%3A0x1.8000000000000p%2B1,314,6.776,5.58664,5.549138259758281,0.8443628844628325,defined,0.04441424526325227,sensitivity_only
id:x%3A0x1.8000000000000p%2B1,315,6.798,5.60072,5.638221740241719,0.8443628844628325,defined,-0.04441424526325227,sensitivity_only
id:x%3A0x1.8000000000000p%2B1,316,6.82,5.614800000000001,5.577298259758281,0.8443628844628325,defined,0.04441424526325227,sensitivity_only
id:x%3A0x1.8000000000000p%2B1,317,6.842,5.62888,5.666381740241719,0.8443628844628325,defined,-0.04441424526325227,sensitivity_only
id:x%3A0x1.8000000000000p%2B1,318,6.864,5.64296,5.605458259758281,0.8443628844628325,defined,0.04441424526325227,sensitivity_only
id:x%3A0x1.8000000000000p%2B1,319,6.886,5.65704,5.6945417402417196,0.8443628844628325,defined,-0.04441424526325227,sensitivity_only
id:x%3A0x1.8000000000000p%2B1,320,6.908,5.67112,5.633618259758281,0.8443628844628325,defined,0.04441424526325227,sensitivity_only
id:x%3A0x1.8000000000000p%2B1,321,6.93,5.6852,5.722701740241719,0.8443628844628325,defined,-0.04441424526325227,sensitivity_only
id:x%3A0x1.8000000000000p%2B1,322,6.952,5.69928,5.661778259758281,0.8443628844628325,defined,0.04441424526325227,sensitivity_only
id:x%3A0x1.8000000000000p%2B1,323,6.974,5.713360000000001,5.75086174024172,0.8443628844628325,defined,-0.04441424526325227,sensitivity_only
id:x%3A0x1.8000000000000p%2B1,324,6.996,5.7274400000000005,5.689938259758281,0.8443628844628325,defined,0.04441424526325227,sensitivity_only
id:x%3A0x1.8000000000000p%2B1,325,7.0,5.73,5.76750174024172,0.8443628844628325,defined,-0.04441424526325227,sensitivity_only
id:x%3A0x1.8000000000000p%2B1,326,7.018,5.74152,5.704018259758281,0.8443628844628325,defined,0.04441424526325227,sensitivity_only
id:x%3A0x1.8000000000000p%2B1,327,7.04,5.7556,5.7931017402417195,0.8443628844628325,defined,-0.04441424526325227,sensitivity_only
id:x%3A0x1.8000000000000p%2B1,328,7.062,5.76968,5.732178259758281,0.8443628844628325,defined,0.04441424526325227,sensitivity_only
id:x%3A0x1.8000000000000p%2B1,329,7.084,5.78376,5.821261740241719,0.8443628844628325,defined,-0.04441424526325227,sensitivity_only
id:x%3A0x1.8000000000000p%2B1,330,7.106,5.79784,5.760338259758281,0.8443628844628325,defined,0.04441424526325227,sensitivity_only
id:x%3A0x1.8000000000000p%2B1,331,7.128,5.81192,5.849421740241719,0.8443628844628325,defined,-0.04441424526325227,sensitivity_only
id:x%3A0x1.8000000000000p%2B1,332,7.15,5.8260000000000005,5.788498259758281,0.8443628844628325,defined,0.04441424526325227,sensitivity_only
id:x%3A0x1.8000000000000p%2B1,333,7.172,5.8400799999999995,5.877581740241719,0.8443628844628325,defined,-0.04441424526325227,sensitivity_only
id:x%3A0x1.8000000000000p%2B1,334,7.194,5.85416,5.816658259758281,0.8443628844628325,defined,0.04441424526325227,sensitivity_only
id:x%3A0x1.8000000000000p%2B1,335,7.216,5.86824,5.905741740241719,0.8443628844628325,defined,-0.04441424526325227,sensitivity_only
id:x%3A0x1.8000000000000p%2B1,336,7.238,5.88232,5.844818259758281,0.8443628844628325,defined,0.04441424526325227,sensitivity_only
id:x%3A0x1.8000000000000p%2B1,337,7.26,5.8964,5.933901740241719,0.8443628844628325,defined,-0.04441424526325227,sensitivity_only
id:x%3A0x1.8000000000000p%2B1,338,7.282,5.91048,5.8729782597582805,0.8443628844628325,defined,0.04441424526325227,sensitivity_only
id:x%3A0x1.8000000000000p%2B1,339,7.304,5.9245600000000005,5.96206174024172,0.8443628844628325,defined,-0.04441424526325227,sensitivity_only
id:x%3A0x1.8000000000000p%2B1,340,7.326,5.9386399999999995,5.90113825975828,0.8443628844628325,defined,0.04441424526325227,sensitivity_only
id:x%3A0x1.8000000000000p%2B1,341,7.348,5.95272,5.9902217402417195,0.8443628844628325,defined,-0.04441424526325227,sensitivity_only
id:x%3A0x1.8000000000000p%2B1,342,7.37,5.9668,5.929298259758281,0.8443628844628325,defined,0.04441424526325227,sensitivity_only
id:x%3A0x1.8000000000000p%2B1,343,7.392,5.98088,6.018381740241719,0.8443628844628325,defined,-0.04441424526325227,sensitivity_only
id:x%3A0x1.8000000000000p%2B1,344,7.414,5.99496,5.957458259758281,0.8443628844628325,defined,0.04441424526325227,sensitivity_only
id:x%3A0x1.8000000000000p%2B1,345,7.436,6.00904,6.046541740241719,0.8443628844628325,defined,-0.04441424526325227,sensitivity_only
id:x%3A0x1.8000000000000p%2B1,346,7.458,6.0231200000000005,5.985618259758281,0.8443628844628325,defined,0.04441424526325227,sensitivity_only
id:x%3A0x1.8000000000000p%2B1,347,7.48,6.0372,6.07470174024172,0.8443628844628325,defined,-0.04441424526325227,sensitivity_only
id:x%3A0x1.8000000000000p%2B1,348,7.502,6.05128,6.015653390872939,0.8021437472571021,defined,0.04441424526325227,sensitivity_only
id:x%3A0x1.8000000000000p%2B1,349,7.524,6.06536,6.1009866091270615,0.8021437472571021,defined,-0.04441424526325227,sensitivity_only
id:x%3A0x1.8000000000000p%2B1,350,7.546,6.07944,6.043813390872939,0.8021437472571021,defined,0.04441424526325227,sensitivity_only
id:x%3A0x1.8000000000000p%2B1,351,7.568,6.09352,6.129146609127061,0.8021437472571021,defined,-0.04441424526325227,sensitivity_only
id:x%3A0x1.8000000000000p%2B1,352,7.59,6.1076,6.071973390872938,0.8021437472571021,defined,0.04441424526325227,sensitivity_only
id:x%3A0x1.8000000000000p%2B1,353,7.612,6.1216800000000005,6.157306609127062,0.8021437472571021,defined,-0.04441424526325227,sensitivity_only
id:x%3A0x1.8000000000000p%2B1,354,7.634,6.13576,6.100133390872939,0.8021437472571021,defined,0.04441424526325227,sensitivity_only
id:x%3A0x1.8000000000000p%2B1,355,7.656,6.14984,6.185466609127062,0.8021437472571021,defined,-0.04441424526325227,sensitivity_only
id:x%3A0x1.8000000000000p%2B1,356,7.678,6.16392,6.128293390872939,0.8021437472571021,defined,0.04441424526325227,sensitivity_only
id:x%3A0x1.8000000000000p%2B1,357,7.7,6.178,6.213626609127061,0.8021437472571021,defined,-0.04441424526325227,sensitivity_only
id:x%3A0x1.8000000000000p%2B1,358,7.722,6.192080000000001,6.156453390872939,0.8021437472571021,defined,0.04441424526325227,sensitivity_only
id:x%3A0x1.8000000000000p%2B1,359,7.744,6.20616,6.241786609127061,0.8021437472571021,defined,-0.04441424526325227,sensitivity_only
id:x%3A0x1.8000000000000p%2B1,360,7.766,6.22024,6.184613390872939,0.8021437472571021,defined,0.04441424526325227,sensitivity_only
id:x%3A0x1.8000000000000p%2B1,361,7.788,6.23432,6.269946609127062,0.8021437472571021,defined,-0.04441424526325227,sensitivity_only
id:x%3A0x1.8000000000000p%2B1,362,7.81,6.2484,6.212773390872939,0.8021437472571021,defined,0.04441424526325227,sensitivity_only
id:x%3A0x1.8000000000000p%2B1,363,7.832,6.26248,6.298106609127061,0.8021437472571021,defined,-0.04441424526325227,sensitivity_only
id:x%3A0x1.8000000000000p%2B1,364,7.854,6.27656,6.2409333908729385,0.8021437472571021,defined,0.04441424526325227,sensitivity_only
id:x%3A0x1.8000000000000p%2B1,365,7.876,6.290640000000001,6.326266609127062,0.8021437472571021,defined,-0.04441424526325227,sensitivity_only
id:x%3A0x1.8000000000000p%2B1,366,7.898,6.30472,6.269093390872938,0.8021437472571021,defined,0.04441424526325227,sensitivity_only
id:x%3A0x1.8000000000000p%2B1,367,7.92,6.3188,6.354426609127062,0.8021437472571021,defined,-0.04441424526325227,sensitivity_only
id:x%3A0x1.8000000000000p%2B1,368,7.942,6.33288,6.297253390872939,0.8021437472571021,defined,0.04441424526325227,sensitivity_only
id:x%3A0x1.8000000000000p%2B1,369,7.964,6.34696,6.3825866091270615,0.8021437472571021,defined,-0.04441424526325227,sensitivity_only
id:x%3A0x1.8000000000000p%2B1,370,7.986,6.36104,6.325413390872939,0.8021437472571021,defined,0.04441424526325227,sensitivity_only
id:x%3A0x1.8000000000000p%2B1,371,8.0,6.37,6.4056266091270615,0.8021437472571021,defined,-0.04441424526325227,sensitivity_only
id:x%3A0x1.8000000000000p%2B1,372,8.008,6.37512,6.3394933908729385,0.8021437472571021,defined,0.04441424526325227,sensitivity_only
id:x%3A0x1.8000000000000p%2B1,373,8.03,6.3892,6.424826609127061,0.8021437472571021,defined,-0.04441424526325227,sensitivity_only
id:x%3A0x1.8000000000000p%2B1,374,8.052,6.40328,6.367653390872938,0.8021437472571021,defined,0.04441424526325227,sensitivity_only
id:x%3A0x1.8000000000000p%2B1,375,8.074,6.41736,6.452986609127062,0.8021437472571021,defined,-0.04441424526325227,sensitivity_only
id:x%3A0x1.8000000000000p%2B1,376,8.096,6.43144,6.395813390872939,0.8021437472571021,defined,0.04441424526325227,sensitivity_only
id:x%3A0x1.8000000000000p%2B1,377,8.118,6.44552,6.4811466091270615,0.8021437472571021,defined,-0.04441424526325227,sensitivity_only
id:x%3A0x1.8000000000000p%2B1,378,8.14,6.459600000000001,6.4239733908729395,0.8021437472571021,defined,0.04441424526325227,sensitivity_only
id:x%3A0x1.8000000000000p%2B1,379,8.162,6.473680000000001,6.509306609127062,0.8021437472571021,defined,-0.04441424526325227,sensitivity_only
id:x%3A0x1.8000000000000p%2B1,380,8.184,6.48776,6.452133390872938,0.8021437472571021,defined,0.04441424526325227,sensitivity_only
id:x%3A0x1.8000000000000p%2B1,381,8.206,6.50184,6.537466609127061,0.8021437472571021,defined,-0.04441424526325227,sensitivity_only
id:x%3A0x1.8000000000000p%2B1,382,8.228,6.51592,6.480293390872939,0.8021437472571021,defined,0.04441424526325227,sensitivity_only
id:x%3A0x1.8000000000000p%2B1,383,8.25,6.53,6.565626609127062,0.8021437472571021,defined,-0.04441424526325227,sensitivity_only
id:x%3A0x1.8000000000000p%2B1,384,8.272,6.54408,6.508453390872939,0.8021437472571021,defined,0.04441424526325227,sensitivity_only
id:x%3A0x1.8000000000000p%2B1,385,8.294,6.55816,6.593786609127061,0.8021437472571021,defined,-0.04441424526325227,sensitivity_only
id:x%3A0x1.8000000000000p%2B1,386,8.316,6.572240000000001,6.536613390872939,0.8021437472571021,defined,0.04441424526325227,sensitivity_only
id:x%3A0x1.8000000000000p%2B1,387,8.338,6.58632,6.621946609127061,0.8021437472571021,defined,-0.04441424526325227,sensitivity_only
id:x%3A0x1.8000000000000p%2B1,388,8.36,6.6004,6.564773390872938,0.8021437472571021,defined,0.04441424526325227,sensitivity_only
id:x%3A0x1.8000000000000p%2B1,389,8.382,6.6144799999999995,6.650106609127061,0.8021437472571021,defined,-0.04441424526325227,sensitivity_only
id:x%3A0x1.8000000000000p%2B1,390,8.404,6.62856,6.592933390872939,0.8021437472571021,defined,0.04441424526325227,sensitivity_only
id:x%3A0x1.8000000000000p%2B1,391,8.426,6.64264,6.6782666091270615,0.8021437472571021,defined,-0.04441424526325227,sensitivity_only
id:x%3A0x1.8000000000000p%2B1,392,8.448,6.65672,6.621093390872939,0.8021437472571021,defined,0.04441424526325227,sensitivity_only
id:x%3A0x1.8000000000000p%2B1,393,8.47,6.670800000000001,6.706426609127062,0.8021437472571021,defined,-0.04441424526325227,sensitivity_only
id:x%3A0x1.8000000000000p%2B1,394,8.492,6.684880000000001,6.649253390872939,0.8021437472571021,defined,0.04441424526325227,sensitivity_only
id:x%3A0x1.8000000000000p%2B1,395,8.514,6.69896,6.73079654432631,0.7168093060595385,defined,-0.04441424526325227,sensitivity_only
id:x%3A0x1.8000000000000p%2B1,396,8.536,6.7130399999999995,6.681203455673689,0.7168093060595385,defined,0.04441424526325227,sensitivity_only
id:x%3A0x1.8000000000000p%2B1,397,8.558,6.72712,6.758956544326311,0.7168093060595385,defined,-0.04441424526325227,sensitivity_only
id:x%3A0x1.8000000000000p%2B1,398,8.58,6.7412,6.70936345567369,0.7168093060595385,defined,0.04441424526325227,sensitivity_only
id:x%3A0x1.8000000000000p%2B1,399,8.602,6.75528,6.78711654432631,0.7168093060595385,defined,-0.04441424526325227,sensitivity_only
id:x%3A0x1.8000000000000p%2B1,400,8.624,6.769360000000001,6.73752345567369,0.7168093060595385,defined,0.04441424526325227,sensitivity_only
id:x%3A0x1.8000000000000p%2B1,401,8.646,6.783440000000001,6.815276544326311,0.7168093060595385,defined,-0.04441424526325227,sensitivity_only
id:x%3A0x1.8000000000000p%2B1,402,8.668,6.79752,6.765683455673689,0.7168093060595385,defined,0.04441424526325227,sensitivity_only
id:x%3A0x1.8000000000000p%2B1,403,8.69,6.811599999999999,6.84343654432631,0.7168093060595385,defined,-0.04441424526325227,sensitivity_only
id:x%3A0x1.8000000000000p%2B1,404,8.712,6.82568,6.79384345567369,0.7168093060595385,defined,0.04441424526325227,sensitivity_only
id:x%3A0x1.8000000000000p%2B1,405,8.734,6.83976,6.8715965443263105,0.7168093060595385,defined,-0.04441424526325227,sensitivity_only
id:x%3A0x1.8000000000000p%2B1,406,8.756,6.85384,6.8220034556736895,0.7168093060595385,defined,0.04441424526325227,sensitivity_only
id:x%3A0x1.8000000000000p%2B1,407,8.778,6.867920000000001,6.899756544326311,0.7168093060595385,defined,-0.04441424526325227,sensitivity_only
id:x%3A0x1.8000000000000p%2B1,408,8.8,6.882000000000001,6.85016345567369,0.7168093060595385,defined,0.04441424526325227,sensitivity_only
id:x%3A0x1.8000000000000p%2B1,409,8.822,6.8960799999999995,6.92791654432631,0.7168093060595385,defined,-0.04441424526325227,sensitivity_only
id:x%3A0x1.8000000000000p%2B1,410,8.844,6.910159999999999,6.878323455673689,0.7168093060595385,defined,0.04441424526325227,sensitivity_only
id:x%3A0x1.8000000000000p%2B1,411,8.866,6.92424,6.956076544326311,0.7168093060595385,defined,-0.04441424526325227,sensitivity_only
id:x%3A0x1.8000000000000p%2B1,412,8.888,6.93832,6.90648345567369,0.7168093060595385,defined,0.04441424526325227,sensitivity_only
id:x%3A0x1.8000000000000p%2B1,413,8.91,6.9524,6.98423654432631,0.7168093060595385,defined,-0.04441424526325227,sensitivity_only
id:x%3A0x1.8000000000000p%2B1,414,8.932,6.966480000000001,6.93464345567369,0.7168093060595385,defined,0.04441424526325227,sensitivity_only
id:x%3A0x1.8000000000000p%2B1,415,8.954,6.9805600000000005,7.012396544326311,0.7168093060595385,defined,-0.04441424526325227,sensitivity_only
id:x%3A0x1.8000000000000p%2B1,416,8.976,6.99464,6.96280345567369,0.7168093060595385,defined,0.04441424526325227,sensitivity_only
id:x%3A0x1.8000000000000p%2B1,417,8.998,7.008719999999999,7.04055654432631,0.7168093060595385,defined,-0.04441424526325227,sensitivity_only
id:x%3A0x1.8000000000000p%2B1,418,9.0,7.01,6.978163455673689,0.7168093060595385,defined,0.04441424526325227,sensitivity_only
id:x%3A0x1.8000000000000p%2B1,419,9.02,7.0228,7.054636544326311,0.7168093060595385,defined,-0.04441424526325227,sensitivity_only
id:x%3A0x1.8000000000000p%2B1,420,9.042,7.03688,7.00504345567369,0.7168093060595385,defined,0.04441424526325227,sensitivity_only
id:x%3A0x1.8000000000000p%2B1,421,9.064,7.05096,7.08279654432631,0.7168093060595385,defined,-0.04441424526325227,sensitivity_only
id:x%3A0x1.8000000000000p%2B1,422,9.086,7.065040000000001,7.03320345567369,0.7168093060595385,defined,0.04441424526325227,sensitivity_only
id:x%3A0x1.8000000000000p%2B1,423,9.108,7.0791200000000005,7.110956544326311,0.7168093060595385,defined,-0.04441424526325227,sensitivity_only
id:x%3A0x1.8000000000000p%2B1,424,9.13,7.0932,7.06136345567369,0.7168093060595385,defined,0.04441424526325227,sensitivity_only
id:x%3A0x1.8000000000000p%2B1,425,9.152,7.107279999999999,7.13911654432631,0.7168093060595385,defined,-0.04441424526325227,sensitivity_only
id:x%3A0x1.8000000000000p%2B1,426,9.174,7.12136,7.08952345567369,0.7168093060595385,defined,0.04441424526325227,sensitivity_only
id:x%3A0x1.8000000000000p%2B1,427,9.196,7.13544,7.1672765443263105,0.7168093060595385,defined,-0.04441424526325227,sensitivity_only
id:x%3A0x1.8000000000000p%2B1,428,9.218,7.14952,7.117683455673689,0.7168093060595385,defined,0.04441424526325227,sensitivity_only
id:x%3A0x1.8000000000000p%2B1,429,9.24,7.163600000000001,7.195436544326311,0.7168093060595385,defined,-0.04441424526325227,sensitivity_only
id:x%3A0x1.8000000000000p%2B1,430,9.262,7.1776800000000005,7.14584345567369,0.7168093060595385,defined,0.04441424526325227,sensitivity_only
id:x%3A0x1.8000000000000p%2B1,431,9.284,7.19176,7.223596544326311,0.7168093060595385,defined,-0.04441424526325227,sensitivity_only
id:x%3A0x1.8000000000000p%2B1,432,9.306,7.205839999999999,7.174003455673689,0.7168093060595385,defined,0.04441424526325227,sensitivity_only
id:x%3A0x1.8000000000000p%2B1,433,9.328,7.21992,7.251756544326311,0.7168093060595385,defined,-0.04441424526325227,sensitivity_only
id:x%3A0x1.8000000000000p%2B1,434,9.35,7.234,7.2021634556736895,0.7168093060595385,defined,0.04441424526325227,sensitivity_only
id:x%3A0x1.8000000000000p%2B1,435,9.372,7.24808,7.27991654432631,0.7168093060595385,defined,-0.04441424526325227,sensitivity_only
id:x%3A0x1.8000000000000p%2B1,436,9.394,7.262160000000001,7.23032345567369,0.7168093060595385,defined,0.04441424526325227,sensitivity_only
id:x%3A0x1.8000000000000p%2B1,437,9.416,7.2762400000000005,7.308076544326311,0.7168093060595385,defined,-0.04441424526325227,sensitivity_only
id:x%3A0x1.8000000000000p%2B1,438,9.438,7.29032,7.25848345567369,0.7168093060595385,defined,0.04441424526325227,sensitivity_only
id:x%3A0x1.8000000000000p%2B1,439,9.46,7.304400000000001,7.336236544326312,0.7168093060595385,defined,-0.04441424526325227,sensitivity_only
id:x%3A0x1.8000000000000p%2B1,440,9.482,7.31848,7.28664345567369,0.7168093060595385,defined,0.04441424526325227,sensitivity_only
id:x%3A0x1.8000000000000p%2B1,441,9.504,7.33256,7.370061740241719,0.8443628844628325,defined,-0.04441424526325227,sensitivity_only
id:x%3A0x1.8000000000000p%2B1,442,9.526,7.34664,7.309138259758281,0.8443628844628325,defined,0.04441424526325227,sensitivity_only
id:x%3A0x1.8000000000000p%2B1,443,9.548,7.360720000000001,7.39822174024172,0.8443628844628325,defined,-0.04441424526325227,sensitivity_only
id:x%3A0x1.8000000000000p%2B1,444,9.57,7.3748000000000005,7.337298259758281,0.8443628844628325,defined,0.04441424526325227,sensitivity_only
id:x%3A0x1.8000000000000p%2B1,445,9.592,7.38888,7.42638174024172,0.8443628844628325,defined,-0.04441424526325227,sensitivity_only
id:x%3A0x1.8000000000000p%2B1,446,9.614,7.40296,7.365458259758281,0.8443628844628325,defined,0.04441424526325227,sensitivity_only
id:x%3A0x1.8000000000000p%2B1,447,9.636,7.41704,7.454541740241719,0.8443628844628325,defined,-0.04441424526325227,sensitivity_only
id:x%3A0x1.8000000000000p%2B1,448,9.658,7.43112,7.393618259758281,0.8443628844628325,defined,0.04441424526325227,sensitivity_only
id:x%3A0x1.8000000000000p%2B1,449,9.68,7.4452,7.482701740241719,0.8443628844628325,defined,-0.04441424526325227,sensitivity_only
id:x%3A0x1.8000000000000p%2B1,450,9.702,7.45928,7.42177825975828,0.8443628844628325,defined,0.04441424526325227,sensitivity_only
id:x%3A0x1.8000000000000p%2B1,451,9.724,7.4733600000000004,7.51086174024172,0.8443628844628325,defined,-0.04441424526325227,sensitivity_only
id:x%3A0x1.8000000000000p%2B1,452,9.746,7.48744,7.449938259758281,0.8443628844628325,defined,0.04441424526325227,sensitivity_only
id:x%3A0x1.8000000000000p%2B1,453,9.768,7.50152,7.5390217402417194,0.8443628844628325,defined,-0.04441424526325227,sensitivity_only
id:x%3A0x1.8000000000000p%2B1,454,9.79,7.515599999999999,7.47809825975828,0.8443628844628325,defined,0.04441424526325227,sensitivity_only
id:x%3A0x1.8000000000000p%2B1,455,9.812,7.52968,7.567181740241719,0.8443628844628325,defined,-0.04441424526325227,sensitivity_only
id:x%3A0x1.8000000000000p%2B1,456,9.834,7.54376,7.5062582597582805,0.8443628844628325,defined,0.04441424526325227,sensitivity_only
id:x%3A0x1.8000000000000p%2B1,457,9.856,7.55784,7.595341740241719,0.8443628844628325,defined,-0.04441424526325227,sensitivity_only
id:x%3A0x1.8000000000000p%2B1,458,9.878,7.57192,7.534418259758281,0.8443628844628325,defined,0.04441424526325227,sensitivity_only
id:x%3A0x1.8000000000000p%2B1,459,9.9,7.586,7.62350174024172,0.8443628844628325,defined,-0.04441424526325227,sensitivity_only
id:x%3A0x1.8000000000000p%2B1,460,9.922,7.60008,7.562578259758281,0.8443628844628325,defined,0.04441424526325227,sensitivity_only
id:x%3A0x1.8000000000000p%2B1,461,9.944,7.614160000000001,7.65166174024172,0.8443628844628325,defined,-0.04441424526325227,sensitivity_only
id:x%3A0x1.8000000000000p%2B1,462,9.966,7.62824,7.590738259758281,0.8443628844628325,defined,0.04441424526325227,sensitivity_only
id:x%3A0x1.8000000000000p%2B1,463,9.988,7.64232,7.679821740241719,0.8443628844628325,defined,-0.04441424526325227,sensitivity_only
id:x%3A0x1.8000000000000p%2B1,464,10.0,7.65,7.612498259758281,0.8443628844628325,defined,0.04441424526325227,sensitivity_only
id:x%3A0x1.8000000000000p%2B1,465,10.01,7.6564,7.693901740241719,0.8443628844628325,defined,-0.04441424526325227,sensitivity_only
id:x%3A0x1.8000000000000p%2B1,466,10.032,7.67048,7.632978259758281,0.8443628844628325,defined,0.04441424526325227,sensitivity_only
id:x%3A0x1.8000000000000p%2B1,467,10.054,7.68456,7.7220617402417195,0.8443628844628325,defined,-0.04441424526325227,sensitivity_only
id:x%3A0x1.8000000000000p%2B1,468,10.076,7.69864,7.661138259758281,0.8443628844628325,defined,0.04441424526325227,sensitivity_only
id:x%3A0x1.8000000000000p%2B1,469,10.098,7.712720000000001,7.75022174024172,0.8443628844628325,defined,-0.04441424526325227,sensitivity_only
id:x%3A0x1.8000000000000p%2B1,470,10.12,7.7268,7.689298259758281,0.8443628844628325,defined,0.04441424526325227,sensitivity_only
id:x%3A0x1.8000000000000p%2B1,471,10.142,7.74088,7.778381740241719,0.8443628844628325,defined,-0.04441424526325227,sensitivity_only
id:x%3A0x1.8000000000000p%2B1,472,10.164,7.75496,7.71745825975828,0.8443628844628325,defined,0.04441424526325227,sensitivity_only
id:x%3A0x1.8000000000000p%2B1,473,10.186,7.76904,7.80654174024172,0.8443628844628325,defined,-0.04441424526325227,sensitivity_only
id:x%3A0x1.8000000000000p%2B1,474,10.208,7.78312,7.745618259758281,0.8443628844628325,defined,0.04441424526325227,sensitivity_only
id:x%3A0x1.8000000000000p%2B1,475,10.23,7.7972,7.834701740241719,0.8443628844628325,defined,-0.04441424526325227,sensitivity_only
id:x%3A0x1.8000000000000p%2B1,476,10.252,7.811280000000001,7.773778259758282,0.8443628844628325,defined,0.04441424526325227,sensitivity_only
id:x%3A0x1.8000000000000p%2B1,477,10.274,7.82536,7.862861740241719,0.8443628844628325,defined,-0.04441424526325227,sensitivity_only
id:x%3A0x1.8000000000000p%2B1,478,10.296,7.83944,7.8019382597582805,0.8443628844628325,defined,0.04441424526325227,sensitivity_only
id:x%3A0x1.8000000000000p%2B1,479,10.318,7.85352,7.891021740241719,0.8443628844628325,defined,-0.04441424526325227,sensitivity_only
id:x%3A0x1.8000000000000p%2B1,480,10.34,7.8676,7.830098259758281,0.8443628844628325,defined,0.04441424526325227,sensitivity_only
id:x%3A0x1.8000000000000p%2B1,481,10.362,7.88168,7.9191817402417195,0.8443628844628325,defined,-0.04441424526325227,sensitivity_only
id:x%3A0x1.8000000000000p%2B1,482,10.384,7.89576,7.858258259758281,0.8443628844628325,defined,0.04441424526325227,sensitivity_only
id:x%3A0x1.8000000000000p%2B1,483,10.406,7.909840000000001,7.94734174024172,0.8443628844628325,defined,-0.04441424526325227,sensitivity_only
id:x%3A0x1.8000000000000p%2B1,484,10.428,7.923920000000001,7.8864182597582815,0.8443628844628325,defined,0.04441424526325227,sensitivity_only
id:x%3A0x1.8000000000000p%2B1,485,10.45,7.938,7.975501740241719,0.8443628844628325,defined,-0.04441424526325227,sensitivity_only
id:x%3A0x1.8000000000000p%2B1,486,10.472,7.95208,7.91457825975828,0.8443628844628325,defined,0.04441424526325227,sensitivity_only
id:x%3A0x1.8000000000000p%2B1,487,10.494,7.96616,8.00366174024172,0.8443628844628325,defined,-0.04441424526325227,sensitivity_only
id:x%3A0x1.8000000000000p%2B1,488,10.516,7.98024,7.948403455673691,0.7168093060595381,defined,0.04441424526325227,sensitivity_only
id:x%3A0x1.8000000000000p%2B1,489,10.538,7.99432,8.02615654432631,0.7168093060595381,defined,-0.04441424526325227,sensitivity_only
id:x%3A0x1.8000000000000p%2B1,490,10.56,8.008400000000002,7.976563455673692,0.7168093060595381,defined,0.04441424526325227,sensitivity_only
id:x%3A0x1.8000000000000p%2B1,491,10.582,8.022480000000002,8.054316544326312,0.7168093060595381,defined,-0.04441424526325227,sensitivity_only
id:x%3A0x1.8000000000000p%2B1,492,10.604,8.03656,8.00472345567369,0.7168093060595381,defined,0.04441424526325227,sensitivity_only
id:x%3A0x1.8000000000000p%2B1,493,10.626,8.05064,8.08247654432631,0.7168093060595381,defined,-0.04441424526325227,sensitivity_only
id:x%3A0x1.8000000000000p%2B1,494,10.648,8.064720000000001,8.03288345567369,0.7168093060595381,defined,0.04441424526325227,sensitivity_only
id:x%3A0x1.8000000000000p%2B1,495,10.67,8.078800000000001,8.110636544326312,0.7168093060595381,defined,-0.04441424526325227,sensitivity_only
id:x%3A0x1.8000000000000p%2B1,496,10.692,8.092880000000001,8.06104345567369,0.7168093060595381,defined,0.04441424526325227,sensitivity_only
id:x%3A0x1.8000000000000p%2B1,497,10.714,8.10696,8.138796544326311,0.7168093060595381,defined,-0.04441424526325227,sensitivity_only
id:x%3A0x1.8000000000000p%2B1,498,10.736,8.12104,8.08920345567369,0.7168093060595381,defined,0.04441424526325227,sensitivity_only
id:x%3A0x1.8000000000000p%2B1,499,10.758,8.13512,8.166956544326311,0.7168093060595381,defined,-0.04441424526325227,sensitivity_only
id:x%3A0x1.8000000000000p%2B1,500,10.78,8.1492,8.11736345567369,0.7168093060595381,defined,0.04441424526325227,sensitivity_only
id:x%3A0x1.8000000000000p%2B1,501,10.802,8.16328,8.19511654432631,0.7168093060595381,defined,-0.04441424526325227,sensitivity_only
id:x%3A0x1.8000000000000p%2B1,502,10.824,8.17736,8.14552345567369,0.7168093060595381,defined,0.04441424526325227,sensitivity_only
id:x%3A0x1.8000000000000p%2B1,503,10.846,8.19144,8.22327654432631,0.7168093060595381,defined,-0.04441424526325227,sensitivity_only
id:x%3A0x1.8000000000000p%2B1,504,10.868,8.20552,8.17368345567369,0.7168093060595381,defined,0.04441424526325227,sensitivity_only
id:x%3A0x1.8000000000000p%2B1,505,10.89,8.2196,8.25143654432631,0.7168093060595381,defined,-0.04441424526325227,sensitivity_only
id:x%3A0x1.8000000000000p%2B1,506,10.912,8.23368,8.20184345567369,0.7168093060595381,defined,0.04441424526325227,sensitivity_only
id:x%3A0x1.8000000000000p%2B1,507,10.934,8.24776,8.27959654432631,0.7168093060595381,defined,-0.04441424526325227,sensitivity_only
id:x%3A0x1.8000000000000p%2B1,508,10.956,8.26184,8.230003455673689,0.7168093060595381,defined,0.04441424526325227,sensitivity_only
id:x%3A0x1.8000000000000p%2B1,509,10.978,8.27592,8.30775654432631,0.7168093060595381,defined,-0.04441424526325227,sensitivity_only
id:x%3A0x1.8000000000000p%2B1,510,11.0,8.29,8.258163455673689,0.7168093060595381,defined,0.04441424526325227,sensitivity_only
id:x%3A0x1.0000000000000p%2B2,0,0.0,1.25,1.17566532568311,0.8698738483891382,defined,0.08545454545454545,sensitivity_only
id:x%3A0x1.0000000000000p%2B2,1,0.022,1.26408,1.3011378602279773,0.8698738483891382,defined,-0.042601418925976665,sensitivity_only
id:x%3A0x1.0000000000000p%2B2,2,0.044,1.27816,1.2411021397720228,0.8698738483891382,defined,0.042601418925976665,sensitivity_only
id:x%3A0x1.0000000000000p%2B2,3,0.066,1.29224,1.3292978602279772,0.8698738483891382,defined,-0.042601418925976665,sensitivity_only
id:x%3A0x1.0000000000000p%2B2,4,0.088,1.30632,1.2692621397720227,0.8698738483891382,defined,0.042601418925976665,sensitivity_only
id:x%3A0x1.0000000000000p%2B2,5,0.11,1.3204,1.3574578602279772,0.8698738483891382,defined,-0.042601418925976665,sensitivity_only
id:x%3A0x1.0000000000000p%2B2,6,0.132,1.33448,1.297422139772023,0.8698738483891382,defined,0.042601418925976665,sensitivity_only
id:x%3A0x1.0000000000000p%2B2,7,0.154,1.34856,1.3856178602279772,0.8698738483891382,defined,-0.042601418925976665,sensitivity_only
id:x%3A0x1.0000000000000p%2B2,8,0.176,1.36264,1.3255821397720229,0.8698738483891382,defined,0.042601418925976665,sensitivity_only
id:x%3A0x1.0000000000000p%2B2,9,0.198,1.37672,1.4137778602279771,0.8698738483891382,defined,-0.042601418925976665,sensitivity_only
id:x%3A0x1.0000000000000p%2B2,10,0.22,1.3908,1.3537421397720228,0.8698738483891382,defined,0.042601418925976665,sensitivity_only
id:x%3A0x1.0000000000000p%2B2,11,0.242,1.40488,1.441937860227977,0.8698738483891382,defined,-0.042601418925976665,sensitivity_only
id:x%3A0x1.0000000000000p%2B2,12,0.264,1.41896,1.3819021397720228,0.8698738483891382,defined,0.042601418925976665,sensitivity_only
id:x%3A0x1.0000000000000p%2B2,13,0.286,1.43304,1.4700978602279773,0.8698738483891382,defined,-0.042601418925976665,sensitivity_only
id:x%3A0x1.0000000000000p%2B2,14,0.308,1.44712,1.4100621397720228,0.8698738483891382,defined,0.042601418925976665,sensitivity_only
id:x%3A0x1.0000000000000p%2B2,15,0.33,1.4612,1.4982578602279772,0.8698738483891382,defined,-0.042601418925976665,sensitivity_only
id:x%3A0x1.0000000000000p%2B2,16,0.352,1.47528,1.4382221397720227,0.8698738483891382,defined,0.042601418925976665,sensitivity_only
id:x%3A0x1.0000000000000p%2B2,17,0.374,1.48936,1.5264178602279772,0.8698738483891382,defined,-0.042601418925976665,sensitivity_only
id:x%3A0x1.0000000000000p%2B2,18,0.396,1.5034399999999999,1.4663821397720227,0.8698738483891382,defined,0.042601418925976665,sensitivity_only
id:x%3A0x1.0000000000000p%2B2,19,0.418,1.51752,1.5545778602279772,0.8698738483891382,defined,-0.042601418925976665,sensitivity_only
id:x%3A0x1.0000000000000p%2B2,20,0.44,1.5316,1.4945421397720229,0.8698738483891382,defined,0.042601418925976665,sensitivity_only
id:x%3A0x1.0000000000000p%2B2,21,0.462,1.54568,1.5827378602279771,0.8698738483891382,defined,-0.042601418925976665,sensitivity_only
id:x%3A0x1.0000000000000p%2B2,22,0.484,1.55976,1.5227021397720228,0.8698738483891382,defined,0.042601418925976665,sensitivity_only
id:x%3A0x1.0000000000000p%2B2,23,0.506,1.5738400000000001,1.6108978602279773,0.8698738483891386,defined,-0.042601418925976665,sensitivity_only
id:x%3A0x1.0000000000000p%2B2,24,0.528,1.58792,1.5508621397720228,0.8698738483891386,defined,0.042601418925976665,sensitivity_only
id:x%3A0x1.0000000000000p%2B2,25,0.55,1.602,1.6390578602279773,0.8698738483891386,defined,-0.042601418925976665,sensitivity_only
id:x%3A0x1.0000000000000p%2B2,26,0.572,1.61608,1.5790221397720228,0.8698738483891386,defined,0.042601418925976665,sensitivity_only
id:x%3A0x1.0000000000000p%2B2,27,0.594,1.63016,1.6672178602279772,0.8698738483891386,defined,-0.042601418925976665,sensitivity_only
id:x%3A0x1.0000000000000p%2B2,28,0.616,1.64424,1.6071821397720227,0.8698738483891386,defined,0.042601418925976665,sensitivity_only
id:x%3A0x1.0000000000000p%2B2,29,0.638,1.65832,1.6953778602279772,0.8698738483891386,defined,-0.042601418925976665,sensitivity_only
id:x%3A0x1.0000000000000p%2B2,30,0.66,1.6724,1.635342139772023,0.8698738483891386,defined,0.042601418925976665,sensitivity_only
id:x%3A0x1.0000000000000p%2B2,31,0.682,1.68648,1.7235378602279772,0.8698738483891386,defined,-0.042601418925976665,sensitivity_only
id:x%3A0x1.0000000000000p%2B2,32,0.704,1.7005599999999998,1.6635021397720227,0.8698738483891386,defined,0.042601418925976665,sensitivity_only
id:x%3A0x1.0000000000000p%2B2,33,0.726,1.71464,1.7516978602279771,0.8698738483891386,defined,-0.042601418925976665,sensitivity_only
id:x%3A0x1.0000000000000p%2B2,34,0.748,1.72872,1.6916621397720228,0.8698738483891386,defined,0.042601418925976665,sensitivity_only
id:x%3A0x1.0000000000000p%2B2,35,0.77,1.7428,1.779857860227977,0.8698738483891386,defined,-0.042601418925976665,sensitivity_only
id:x%3A0x1.0000000000000p%2B2,36,0.792,1.75688,1.7198221397720228,0.8698738483891386,defined,0.042601418925976665,sensitivity_only
id:x%3A0x1.0000000000000p%2B2,37,0.814,1.77096,1.8080178602279773,0.8698738483891386,defined,-0.042601418925976665,sensitivity_only
id:x%3A0x1.0000000000000p%2B2,38,0.836,1.78504,1.7479821397720228,0.8698738483891386,defined,0.042601418925976665,sensitivity_only
id:x%3A0x1.0000000000000p%2B2,39,0.858,1.79912,1.8361778602279772,0.8698738483891386,defined,-0.042601418925976665,sensitivity_only
id:x%3A0x1.0000000000000p%2B2,40,0.88,1.8132000000000001,1.776142139772023,0.8698738483891386,defined,0.042601418925976665,sensitivity_only
id:x%3A0x1.0000000000000p%2B2,41,0.902,1.82728,1.8643378602279772,0.8698738483891386,defined,-0.042601418925976665,sensitivity_only
id:x%3A0x1.0000000000000p%2B2,42,0.924,1.8413599999999999,1.8043021397720227,0.8698738483891386,defined,0.042601418925976665,sensitivity_only
id:x%3A0x1.0000000000000p%2B2,43,0.946,1.85544,1.8924978602279772,0.8698738483891386,defined,-0.042601418925976665,sensitivity_only
id:x%3A0x1.0000000000000p%2B2,44,0.968,1.86952,1.8324621397720229,0.8698738483891386,defined,0.042601418925976665,sensitivity_only
id:x%3A0x1.0000000000000p%2B2,45,0.99,1.8836,1.9206578602279771,0.8698738483891386,defined,-0.042601418925976665,sensitivity_only
id:x%3A0x1.0000000000000p%2B2,46,1.0,1.8900000000000001,1.852942139772023,0.8698738483891386,defined,0.042601418925976665,sensitivity_only
id:x%3A0x1.0000000000000p%2B2,47,1.012,1.89768,1.9347378602279772,0.8698738483891386,defined,-0.042601418925976665,sensitivity_only
id:x%3A0x1.0000000000000p%2B2,48,1.034,1.9117600000000001,1.874702139772023,0.8698738483891386,defined,0.042601418925976665,sensitivity_only
id:x%3A0x1.0000000000000p%2B2,49,1.056,1.92584,1.9628978602279772,0.8698738483891386,defined,-0.042601418925976665,sensitivity_only
id:x%3A0x1.0000000000000p%2B2,50,1.078,1.93992,1.902862139772023,0.8698738483891386,defined,0.042601418925976665,sensitivity_only
id:x%3A0x1.0000000000000p%2B2,51,1.1,1.9540000000000002,1.9910578602279774,0.8698738483891386,defined,-0.042601418925976665,sensitivity_only
id:x%3A0x1.0000000000000p%2B2,52,1.122,1.96808,1.9310221397720229,0.8698738483891386,defined,0.042601418925976665,sensitivity_only
id:x%3A0x1.0000000000000p%2B2,53,1.144,1.98216,2.019217860227977,0.8698738483891386,defined,-0.042601418925976665,sensitivity_only
id:x%3A0x1.0000000000000p%2B2,54,1.166,1.99624,1.9591821397720228,0.8698738483891386,defined,0.042601418925976665,sensitivity_only
id:x%3A0x1.0000000000000p%2B2,55,1.188,2.01032,2.0473778602279773,0.8698738483891386,defined,-0.042601418925976665,sensitivity_only
id:x%3A0x1.0000000000000p%2B2,56,1.21,2.0244,1.9873421397720228,0.8698738483891386,defined,0.042601418925976665,sensitivity_only
id:x%3A0x1.0000000000000p%2B2,57,1.232,2.03848,2.075537860227977,0.8698738483891386,defined,-0.042601418925976665,sensitivity_only
id:x%3A0x1.0000000000000p%2B2,58,1.254,2.05256,2.015502139772023,0.8698738483891386,defined,0.042601418925976665,sensitivity_only
id:x%3A0x1.0000000000000p%2B2,59,1.276,2.06664,2.1036978602279772,0.8698738483891386,defined,-0.042601418925976665,sensitivity_only
id:x%3A0x1.0000000000000p%2B2,60,1.298,2.08072,2.0436621397720227,0.8698738483891386,defined,0.042601418925976665,sensitivity_only
id:x%3A0x1.0000000000000p%2B2,61,1.32,2.0948,2.1318578602279774,0.8698738483891386,defined,-0.042601418925976665,sensitivity_only
id:x%3A0x1.0000000000000p%2B2,62,1.342,2.10888,2.071822139772023,0.8698738483891386,defined,0.042601418925976665,sensitivity_only
id:x%3A0x1.0000000000000p%2B2,63,1.364,2.12296,2.160017860227977,0.8698738483891386,defined,-0.042601418925976665,sensitivity_only
id:x%3A0x1.0000000000000p%2B2,64,1.386,2.13704,2.0999821397720226,0.8698738483891386,defined,0.042601418925976665,sensitivity_only
id:x%3A0x1.0000000000000p%2B2,65,1.408,2.1511199999999997,2.188177860227977,0.8698738483891386,defined,-0.042601418925976665,sensitivity_only
id:x%3A0x1.0000000000000p%2B2,66,1.43,2.1652,2.128142139772023,0.8698738483891386,defined,0.042601418925976665,sensitivity_only
id:x%3A0x1.0000000000000p%2B2,67,1.452,2.17928,2.216337860227977,0.8698738483891386,defined,-0.042601418925976665,sensitivity_only
id:x%3A0x1.0000000000000p%2B2,68,1.474,2.19336,2.156302139772023,0.8698738483891386,defined,0.042601418925976665,sensitivity_only
id:x%3A0x1.0000000000000p%2B2,69,1.496,2.20744,2.2444978602279773,0.8698738483891386,defined,-0.042601418925976665,sensitivity_only
id:x%3A0x1.0000000000000p%2B2,70,1.518,2.22152,2.1744465018725694,1.1049748884943107,defined,0.042601418925976665,sensitivity_only
id:x%3A0x1.0000000000000p%2B2,71,1.54,2.2356,2.2826734981274304,1.1049748884943107,defined,-0.042601418925976665,sensitivity_only
id:x%3A0x1.0000000000000p%2B2,72,1.562,2.24968,2.2026065018725696,1.1049748884943107,defined,0.042601418925976665,sensitivity_only
id:x%3A0x1.0000000000000p%2B2,73,1.584,2.26376,2.3108334981274306,1.1049748884943107,defined,-0.042601418925976665,sensitivity_only
id:x%3A0x1.0000000000000p%2B2,74,1.606,2.2778400000000003,2.2307665018725698,1.1049748884943107,defined,0.042601418925976665,sensitivity_only
id:x%3A0x1.0000000000000p%2B2,75,1.628,2.29192,2.3389934981274307,1.1049748884943107,defined,-0.042601418925976665,sensitivity_only
id:x%3A0x1.0000000000000p%2B2,76,1.65,2.306,2.2589265018725695,1.1049748884943107,defined,0.042601418925976665,sensitivity_only
id:x%3A0x1.0000000000000p%2B2,77,1.672,2.32008,2.3671534981274305,1.1049748884943107,defined,-0.042601418925976665,sensitivity_only
id:x%3A0x1.0000000000000p%2B2,78,1.694,2.33416,2.2870865018725692,1.1049748884943107,defined,0.042601418925976665,sensitivity_only
id:x%3A0x1.0000000000000p%2B2,79,1.716,2.34824,2.3953134981274307,1.1049748884943107,defined,-0.042601418925976665,sensitivity_only
id:x%3A0x1.0000000000000p%2B2,80,1.738,2.36232,2.3152465018725694,1.1049748884943107,defined,0.042601418925976665,sensitivity_only
id:x%3A0x1.0000000000000p%2B2,81,1.76,2.3764000000000003,2.423473498127431,1.1049748884943107,defined,-0.042601418925976665,sensitivity_only
id:x%3A0x1.0000000000000p%2B2,82,1.782,2.39048,2.3434065018725696,1.1049748884943107,defined,0.042601418925976665,sensitivity_only
id:x%3A0x1.0000000000000p%2B2,83,1.804,2.40456,2.4516334981274306,1.1049748884943107,defined,-0.042601418925976665,sensitivity_only
id:x%3A0x1.0000000000000p%2B2,84,1.826,2.41864,2.3715665018725693,1.1049748884943107,defined,0.042601418925976665,sensitivity_only
id:x%3A0x1.0000000000000p%2B2,85,1.848,2.4327199999999998,2.4797934981274303,1.1049748884943107,defined,-0.042601418925976665,sensitivity_only
id:x%3A0x1.0000000000000p%2B2,86,1.87,2.4468,2.3997265018725695,1.1049748884943107,defined,0.042601418925976665,sensitivity_only
id:x%3A0x1.0000000000000p%2B2,87,1.892,2.46088,2.5079534981274305,1.1049748884943107,defined,-0.042601418925976665,sensitivity_only
id:x%3A0x1.0000000000000p%2B2,88,1.914,2.4749600000000003,2.4278865018725697,1.1049748884943107,defined,0.042601418925976665,sensitivity_only
id:x%3A0x1.0000000000000p%2B2,89,1.936,2.48904,2.5361134981274307,1.1049748884943107,defined,-0.042601418925976665,sensitivity_only
id:x%3A0x1.0000000000000p%2B2,90,1.958,2.50312,2.4560465018725695,1.1049748884943107,defined,0.042601418925976665,sensitivity_only
id:x%3A0x1.0000000000000p%2B2,91,1.98,2.5172,2.5642734981274304,1.1049748884943107,defined,-0.042601418925976665,sensitivity_only
id:x%3A0x1.0000000000000p%2B2,92,2.0,2.5300000000000002,2.4829265018725697,1.1049748884943107,defined,0.042601418925976665,sensitivity_only
id:x%3A0x1.0000000000000p%2B2,93,2.002,2.5312799999999998,2.5783534981274303,1.1049748884943107,defined,-0.042601418925976665,sensitivity_only
id:x%3A0x1.0000000000000p%2B2,94,2.024,2.54536,2.4982865018725695,1.1049748884943107,defined,0.042601418925976665,sensitivity_only
id:x%3A0x1.0000000000000p%2B2,95,2.046,2.55944,2.6065134981274305,1.1049748884943107,defined,-0.042601418925976665,sensitivity_only
id:x%3A0x1.0000000000000p%2B2,96,2.068,2.5735200000000003,2.5264465018725697,1.1049748884943107,defined,0.042601418925976665,sensitivity_only
id:x%3A0x1.0000000000000p%2B2,97,2.09,2.5876,2.6346734981274307,1.1049748884943107,defined,-0.042601418925976665,sensitivity_only
id:x%3A0x1.0000000000000p%2B2,98,2.112,2.60168,2.5546065018725694,1.1049748884943107,defined,0.042601418925976665,sensitivity_only
id:x%3A0x1.0000000000000p%2B2,99,2.134,2.61576,2.6628334981274304,1.1049748884943107,defined,-0.042601418925976665,sensitivity_only
id:x%3A0x1.0000000000000p%2B2,100,2.156,2.62984,2.5827665018725696,1.1049748884943107,defined,0.042601418925976665,sensitivity_only
id:x%3A0x1.0000000000000p%2B2,101,2.178,2.64392,2.6909934981274306,1.1049748884943107,defined,-0.042601418925976665,sensitivity_only
id:x%3A0x1.0000000000000p%2B2,102,2.2,2.6580000000000004,2.61092650187257,1.1049748884943107,defined,0.042601418925976665,sensitivity_only
id:x%3A0x1.0000000000000p%2B2,103,2.222,2.6720800000000002,2.719153498127431,1.1049748884943107,defined,-0.042601418925976665,sensitivity_only
id:x%3A0x1.0000000000000p%2B2,104,2.244,2.68616,2.6390865018725695,1.1049748884943107,defined,0.042601418925976665,sensitivity_only
id:x%3A0x1.0000000000000p%2B2,105,2.266,2.70024,2.7473134981274305,1.1049748884943107,defined,-0.042601418925976665,sensitivity_only
id:x%3A0x1.0000000000000p%2B2,106,2.288,2.71432,2.6672465018725693,1.1049748884943107,defined,0.042601418925976665,sensitivity_only
id:x%3A0x1.0000000000000p%2B2,107,2.31,2.7284,2.7754734981274307,1.1049748884943107,defined,-0.042601418925976665,sensitivity_only
id:x%3A0x1.0000000000000p%2B2,108,2.332,2.74248,2.6954065018725695,1.1049748884943107,defined,0.042601418925976665,sensitivity_only
id:x%3A0x1.0000000000000p%2B2,109,2.354,2.7565600000000003,2.803633498127431,1.1049748884943107,defined,-0.042601418925976665,sensitivity_only
id:x%3A0x1.0000000000000p%2B2,110,2.376,2.77064,2.7235665018725697,1.1049748884943107,defined,0.042601418925976665,sensitivity_only
id:x%3A0x1.0000000000000p%2B2,111,2.398,2.78472,2.8317934981274306,1.1049748884943107,defined,-0.042601418925976665,sensitivity_only
id:x%3A0x1.0000000000000p%2B2,112,2.42,2.7988,2.7517265018725694,1.1049748884943107,defined,0.042601418925976665,sensitivity_only
id:x%3A0x1.0000000000000p%2B2,113,2.442,2.81288,2.8599534981274304,1.1049748884943107,defined,-0.042601418925976665,sensitivity_only
id:x%3A0x1.0000000000000p%2B2,114,2.464,2.8269599999999997,2.779886501872569,1.1049748884943107,defined,0.042601418925976665,sensitivity_only
id:x%3A0x1.0000000000000p%2B2,115,2.486,2.8410400000000005,2.888113498127431,1.1049748884943107,defined,-0.042601418925976665,sensitivity_only
id:x%3A0x1.0000000000000p%2B2,116,2.508,2.8551200000000003,2.8130543208222965,0.9874243684417244,defined,0.042601418925976665,sensitivity_only
id:x%3A0x1.0000000000000p%2B2,117,2.53,2.8692,2.911265679177704,0.9874243684417244,defined,-0.042601418925976665,sensitivity_only
id:x%3A0x1.0000000000000p%2B2,118,2.552,2.88328,2.841214320822296,0.9874243684417244,defined,0.042601418925976665,sensitivity_only
id:x%3A0x1.0000000000000p%2B2,119,2.574,2.89736,2.939425679177704,0.9874243684417244,defined,-0.042601418925976665,sensitivity_only
id:x%3A0x1.0000000000000p%2B2,120,2.596,2.91144,2.869374320822296,0.9874243684417244,defined,0.042601418925976665,sensitivity_only
id:x%3A0x1.0000000000000p%2B2,121,2.618,2.9255199999999997,2.9675856791777036,0.9874243684417244,defined,-0.042601418925976665,sensitivity_only
id:x%3A0x1.0000000000000p%2B2,122,2.64,2.9396000000000004,2.8975343208222966,0.9874243684417244,defined,0.042601418925976665,sensitivity_only
id:x%3A0x1.0000000000000p%2B2,123,2.662,2.9536800000000003,2.995745679177704,0.9874243684417244,defined,-0.042601418925976665,sensitivity_only
id:x%3A0x1.0000000000000p%2B2,124,2.684,2.96776,2.9256943208222963,0.9874243684417244,defined,0.042601418925976665,sensitivity_only
id:x%3A0x1.0000000000000p%2B2,125,2.706,2.98184,3.023905679177704,0.9874243684417244,defined,-0.042601418925976665,sensitivity_only
id:x%3A0x1.0000000000000p%2B2,126,2.728,2.99592,2.953854320822296,0.9874243684417244,defined,0.042601418925976665,sensitivity_only
id:x%3A0x1.0000000000000p%2B2,127,2.75,3.01,3.0520656791777037,0.9874243684417244,defined,-0.042601418925976665,sensitivity_only
id:x%3A0x1.0000000000000p%2B2,128,2.772,3.0240799999999997,2.982014320822296,0.9874243684417244,defined,0.042601418925976665,sensitivity_only
id:x%3A0x1.0000000000000p%2B2,129,2.794,3.03816,3.080225679177704,0.9874243684417244,defined,-0.042601418925976665,sensitivity_only
id:x%3A0x1.0000000000000p%2B2,130,2.816,3.05224,3.010174320822296,0.9874243684417244,defined,0.042601418925976665,sensitivity_only
id:x%3A0x1.0000000000000p%2B2,131,2.838,3.06632,3.108385679177704,0.9874243684417244,defined,-0.042601418925976665,sensitivity_only
id:x%3A0x1.0000000000000p%2B2,132,2.86,3.0804,3.038334320822296,0.9874243684417244,defined,0.042601418925976665,sensitivity_only
id:x%3A0x1.0000000000000p%2B2,133,2.882,3.09448,3.1365456791777038,0.9874243684417244,defined,-0.042601418925976665,sensitivity_only
id:x%3A0x1.0000000000000p%2B2,134,2.904,3.1085599999999998,3.066494320822296,0.9874243684417244,defined,0.042601418925976665,sensitivity_only
id:x%3A0x1.0000000000000p%2B2,135,2.926,3.12264,3.164705679177704,0.9874243684417244,defined,-0.042601418925976665,sensitivity_only
id:x%3A0x1.0000000000000p%2B2,136,2.948,3.13672,3.094654320822296,0.9874243684417244,defined,0.042601418925976665,sensitivity_only
id:x%3A0x1.0000000000000p%2B2,137,2.97,3.1508000000000003,3.192865679177704,0.9874243684417244,defined,-0.042601418925976665,sensitivity_only
id:x%3A0x1.0000000000000p%2B2,138,2.992,3.16488,3.1228143208222963,0.9874243684417244,defined,0.042601418925976665,sensitivity_only
id:x%3A0x1.0000000000000p%2B2,139,3.0,3.17,3.212065679177704,0.9874243684417244,defined,-0.042601418925976665,sensitivity_only
id:x%3A0x1.0000000000000p%2B2,140,3.014,3.17896,3.136894320822296,0.9874243684417244,defined,0.042601418925976665,sensitivity_only
id:x%3A0x1.0000000000000p%2B2,141,3.036,3.19304,3.2351056791777038,0.9874243684417244,defined,-0.042601418925976665,sensitivity_only
id:x%3A0x1.0000000000000p%2B2,142,3.058,3.2071199999999997,3.165054320822296,0.9874243684417244,defined,0.042601418925976665,sensitivity_only
id:x%3A0x1.0000000000000p%2B2,143,3.08,3.2212,3.263265679177704,0.9874243684417244,defined,-0.042601418925976665,sensitivity_only
id:x%3A0x1.0000000000000p%2B2,144,3.102,3.23528,3.193214320822296,0.9874243684417244,defined,0.042601418925976665,sensitivity_only
id:x%3A0x1.0000000000000p%2B2,145,3.124,3.2493600000000002,3.291425679177704,0.9874243684417244,defined,-0.042601418925976665,sensitivity_only
id:x%3A0x1.0000000000000p%2B2,146,3.146,3.26344,3.2213743208222962,0.9874243684417244,defined,0.042601418925976665,sensitivity_only
id:x%3A0x1.0000000000000p%2B2,147,3.168,3.27752,3.319585679177704,0.9874243684417244,defined,-0.042601418925976665,sensitivity_only
id:x%3A0x1.0000000000000p%2B2,148,3.19,3.2916,3.249534320822296,0.9874243684417244,defined,0.042601418925976665,sensitivity_only
id:x%3A0x1.0000000000000p%2B2,149,3.212,3.30568,3.347745679177704,0.9874243684417244,defined,-0.042601418925976665,sensitivity_only
id:x%3A0x1.0000000000000p%2B2,150,3.234,3.31976,3.277694320822296,0.9874243684417244,defined,0.042601418925976665,sensitivity_only
id:x%3A0x1.0000000000000p%2B2,151,3.256,3.33384,3.375905679177704,0.9874243684417244,defined,-0.042601418925976665,sensitivity_only
id:x%3A0x1.0000000000000p%2B2,152,3.278,3.3479200000000002,3.3058543208222964,0.9874243684417244,defined,0.042601418925976665,sensitivity_only
id:x%3A0x1.0000000000000p%2B2,153,3.3,3.362,3.404065679177704,0.9874243684417244,defined,-0.042601418925976665,sensitivity_only
id:x%3A0x1.0000000000000p%2B2,154,3.322,3.37608,3.334014320822296,0.9874243684417244,defined,0.042601418925976665,sensitivity_only
id:x%3A0x1.0000000000000p%2B2,155,3.344,3.39016,3.4322256791777037,0.9874243684417244,defined,-0.042601418925976665,sensitivity_only
id:x%3A0x1.0000000000000p%2B2,156,3.366,3.40424,3.3621743208222963,0.9874243684417244,defined,0.042601418925976665,sensitivity_only
id:x%3A0x1.0000000000000p%2B2,157,3.388,3.41832,3.460385679177704,0.9874243684417244,defined,-0.042601418925976665,sensitivity_only
id:x%3A0x1.0000000000000p%2B2,158,3.41,3.4324000000000003,3.3903343208222965,0.9874243684417244,defined,0.042601418925976665,sensitivity_only
id:x%3A0x1.0000000000000p%2B2,159,3.432,3.44648,3.488545679177704,0.9874243684417244,defined,-0.042601418925976665,sensitivity_only
id:x%3A0x1.0000000000000p%2B2,160,3.454,3.46056,3.418494320822296,0.9874243684417244,defined,0.042601418925976665,sensitivity_only
id:x%3A0x1.0000000000000p%2B2,161,3.476,3.47464,3.516705679177704,0.9874243684417244,defined,-0.042601418925976665,sensitivity_only
id:x%3A0x1.0000000000000p%2B2,162,3.498,3.4887200000000003,3.4466543208222964,0.9874243684417244,defined,0.042601418925976665,sensitivity_only
id:x%3A0x1.0000000000000p%2B2,163,3.52,3.5028,3.5398578602279773,0.8698738483891386,defined,-0.042601418925976665,sensitivity_only
id:x%3A0x1.0000000000000p%2B2,164,3.542,3.51688,3.479822139772023,0.8698738483891386,defined,0.042601418925976665,sensitivity_only
id:x%3A0x1.0000000000000p%2B2,165,3.564,3.53096,3.568017860227977,0.8698738483891386,defined,-0.042601418925976665,sensitivity_only
id:x%3A0x1.0000000000000p%2B2,166,3.586,3.5450399999999997,3.5079821397720226,0.8698738483891386,defined,0.042601418925976665,sensitivity_only
id:x%3A0x1.0000000000000p%2B2,167,3.608,3.55912,3.5961778602279773,0.8698738483891386,defined,-0.042601418925976665,sensitivity_only
id:x%3A0x1.0000000000000p%2B2,168,3.63,3.5732,3.5361421397720227,0.8698738483891386,defined,0.042601418925976665,sensitivity_only
id:x%3A0x1.0000000000000p%2B2,169,3.652,3.5872800000000002,3.6243378602279774,0.8698738483891386,defined,-0.042601418925976665,sensitivity_only
id:x%3A0x1.0000000000000p%2B2,170,3.674,3.60136,3.564302139772023,0.8698738483891386,defined,0.042601418925976665,sensitivity_only
id:x%3A0x1.0000000000000p%2B2,171,3.696,3.61544,3.652497860227977,0.8698738483891386,defined,-0.042601418925976665,sensitivity_only
id:x%3A0x1.0000000000000p%2B2,172,3.718,3.62952,3.5924621397720227,0.8698738483891386,defined,0.042601418925976665,sensitivity_only
id:x%3A0x1.0000000000000p%2B2,173,3.74,3.6436,3.6806578602279774,0.8698738483891386,defined,-0.042601418925976665,sensitivity_only
id:x%3A0x1.0000000000000p%2B2,174,3.762,3.65768,3.620622139772023,0.8698738483891386,defined,0.042601418925976665,sensitivity_only
id:x%3A0x1.0000000000000p%2B2,175,3.784,3.67176,3.708817860227977,0.8698738483891386,defined,-0.042601418925976665,sensitivity_only
id:x%3A0x1.0000000000000p%2B2,176,3.806,3.6858400000000002,3.648782139772023,0.8698738483891386,defined,0.042601418925976665,sensitivity_only
id:x%3A0x1.0000000000000p%2B2,177,3.828,3.69992,3.7369778602279773,0.8698738483891386,defined,-0.042601418925976665,sensitivity_only
id:x%3A0x1.0000000000000p%2B2,178,3.85,3.714,3.6769421397720228,0.8698738483891386,defined,0.042601418925976665,sensitivity_only
id:x%3A0x1.0000000000000p%2B2,179,3.872,3.72808,3.765137860227977,0.8698738483891386,defined,-0.042601418925976665,sensitivity_only
id:x%3A0x1.0000000000000p%2B2,180,3.894,3.74216,3.705102139772023,0.8698738483891386,defined,0.042601418925976665,sensitivity_only
id:x%3A0x1.0000000000000p%2B2,181,3.916,3.75624,3.793297860227977,0.8698738483891386,defined,-0.042601418925976665,sensitivity_only
id:x%3A0x1.0000000000000p%2B2,182,3.938,3.7703200000000003,3.733262139772023,0.8698738483891386,defined,0.042601418925976665,sensitivity_only
id:x%3A0x1.0000000000000p%2B2,183,3.96,3.7844,3.8214578602279774,0.8698738483891386,defined,-0.042601418925976665,sensitivity_only
id:x%3A0x1.0000000000000p%2B2,184,3.982,3.79848,3.761422139772023,0.8698738483891386,defined,0.042601418925976665,sensitivity_only
id:x%3A0x1.0000000000000p%2B2,185,4.0,3.81,3.8470578602279772,0.8698738483891386,defined,-0.042601418925976665,sensitivity_only
id:x%3A0x1.0000000000000p%2B2,186,4.004,3.81256,3.7755021397720228,0.8698738483891386,defined,0.042601418925976665,sensitivity_only
id:x%3A0x1.0000000000000p%2B2,187,4.026,3.82664,3.863697860227977,0.8698738483891386,defined,-0.042601418925976665,sensitivity_only
id:x%3A0x1.0000000000000p%2B2,188,4.048,3.84072,3.803662139772023,0.8698738483891386,defined,0.042601418925976665,sensitivity_only
id:x%3A0x1.0000000000000p%2B2,189,4.07,3.8548000000000004,3.8918578602279776,0.8698738483891386,defined,-0.042601418925976665,sensitivity_only
id:x%3A0x1.0000000000000p%2B2,190,4.092,3.86888,3.8318221397720227,0.8698738483891386,defined,0.042601418925976665,sensitivity_only
id:x%3A0x1.0000000000000p%2B2,191,4.114,3.88296,3.9200178602279774,0.8698738483891386,defined,-0.042601418925976665,sensitivity_only
id:x%3A0x1.0000000000000p%2B2,192,4.136,3.89704,3.859982139772023,0.8698738483891386,defined,0.042601418925976665,sensitivity_only
id:x%3A0x1.0000000000000p%2B2,193,4.158,3.9111200000000004,3.9481778602279776,0.8698738483891386,defined,-0.042601418925976665,sensitivity_only
id:x%3A0x1.0000000000000p%2B2,194,4.18,3.9252,3.8881421397720226,0.8698738483891386,defined,0.042601418925976665,sensitivity_only
id:x%3A0x1.0000000000000p%2B2,195,4.202,3.93928,3.9763378602279773,0.8698738483891386,defined,-0.042601418925976665,sensitivity_only
id:x%3A0x1.0000000000000p%2B2,196,4.224,3.95336,3.916302139772023,0.8698738483891386,defined,0.042601418925976665,sensitivity_only
id:x%3A0x1.0000000000000p%2B2,197,4.246,3.9674400000000003,4.0044978602279775,0.8698738483891386,defined,-0.042601418925976665,sensitivity_only
id:x%3A0x1.0000000000000p%2B2,198,4.268,3.9815199999999997,3.9444621397720225,0.8698738483891386,defined,0.042601418925976665,sensitivity_only
id:x%3A0x1.0000000000000p%2B2,199,4.29,3.9956,4.032657860227977,0.8698738483891386,defined,-0.042601418925976665,sensitivity_only
id:x%3A0x1.0000000000000p%2B2,200,4.312,4.00968,3.972622139772023,0.8698738483891386,defined,0.042601418925976665,sensitivity_only
id:x%3A0x1.0000000000000p%2B2,201,4.334,4.023759999999999,4.060817860227977,0.8698738483891386,defined,-0.042601418925976665,sensitivity_only
id:x%3A0x1.0000000000000p%2B2,202,4.356,4.03784,4.0007821397720225,0.8698738483891386,defined,0.042601418925976665,sensitivity_only
id:x%3A0x1.0000000000000p%2B2,203,4.378,4.05192,4.088977860227978,0.8698738483891386,defined,-0.042601418925976665,sensitivity_only
id:x%3A0x1.0000000000000p%2B2,204,4.4,4.066000000000001,4.028942139772023,0.8698738483891386,defined,0.042601418925976665,sensitivity_only
id:x%3A0x1.0000000000000p%2B2,205,4.422,4.08008,4.117137860227977,0.8698738483891386,defined,-0.042601418925976665,sensitivity_only
id:x%3A0x1.0000000000000p%2B2,206,4.444,4.0941600000000005,4.057102139772023,0.8698738483891386,defined,0.042601418925976665,sensitivity_only
id:x%3A0x1.0000000000000p%2B2,207,4.466,4.10824,4.145297860227978,0.8698738483891386,defined,-0.042601418925976665,sensitivity_only
id:x%3A0x1.0000000000000p%2B2,208,4.488,4.12232,4.085262139772023,0.8698738483891386,defined,0.042601418925976665,sensitivity_only
id:x%3A0x1.0000000000000p%2B2,209,4.51,4.1364,4.1784656791777035,0.9874243684417244,defined,-0.042601418925976665,sensitivity_only
id:x%3A0x1.0000000000000p%2B2,210,4.532,4.15048,4.1084143208222965,0.9874243684417244,defined,0.042601418925976665,sensitivity_only
id:x%3A0x1.0000000000000p%2B2,211,4.554,4.16456,4.206625679177703,0.9874243684417244,defined,-0.042601418925976665,sensitivity_only
id:x%3A0x1.0000000000000p%2B2,212,4.576,4.17864,4.136574320822296,0.9874243684417244,defined,0.042601418925976665,sensitivity_only
id:x%3A0x1.0000000000000p%2B2,213,4.598,4.19272,4.234785679177703,0.9874243684417244,defined,-0.042601418925976665,sensitivity_only
id:x%3A0x1.0000000000000p%2B2,214,4.62,4.2068,4.164734320822297,0.9874243684417244,defined,0.042601418925976665,sensitivity_only
id:x%3A0x1.0000000000000p%2B2,215,4.642,4.22088,4.262945679177704,0.9874243684417244,defined,-0.042601418925976665,sensitivity_only
id:x%3A0x1.0000000000000p%2B2,216,4.664,4.23496,4.192894320822297,0.9874243684417244,defined,0.042601418925976665,sensitivity_only
id:x%3A0x1.0000000000000p%2B2,217,4.686,4.24904,4.291105679177703,0.9874243684417244,defined,-0.042601418925976665,sensitivity_only
id:x%3A0x1.0000000000000p%2B2,218,4.708,4.263120000000001,4.221054320822297,0.9874243684417244,defined,0.042601418925976665,sensitivity_only
id:x%3A0x1.0000000000000p%2B2,219,4.73,4.277200000000001,4.319265679177704,0.9874243684417244,defined,-0.042601418925976665,sensitivity_only
id:x%3A0x1.0000000000000p%2B2,220,4.752,4.29128,4.249214320822297,0.9874243684417244,defined,0.042601418925976665,sensitivity_only
id:x%3A0x1.0000000000000p%2B2,221,4.774,4.30536,4.347425679177704,0.9874243684417244,defined,-0.042601418925976665,sensitivity_only
id:x%3A0x1.0000000000000p%2B2,222,4.796,4.31944,4.277374320822297,0.9874243684417244,defined,0.042601418925976665,sensitivity_only
id:x%3A0x1.0000000000000p%2B2,223,4.818,4.33352,4.3755856791777035,0.9874243684417244,defined,-0.042601418925976665,sensitivity_only
id:x%3A0x1.0000000000000p%2B2,224,4.84,4.3476,4.3055343208222965,0.9874243684417244,defined,0.042601418925976665,sensitivity_only
id:x%3A0x1.0000000000000p%2B2,225,4.862,4.36168,4.403745679177703,0.9874243684417244,defined,-0.042601418925976665,sensitivity_only
id:x%3A0x1.0000000000000p%2B2,226,4.884,4.37576,4.333694320822296,0.9874243684417244,defined,0.042601418925976665,sensitivity_only
id:x%3A0x1.0000000000000p%2B2,227,4.906,4.3898399999999995,4.431905679177703,0.9874243684417244,defined,-0.042601418925976665,sensitivity_only
id:x%3A0x1.0000000000000p%2B2,228,4.928,4.403919999999999,4.361854320822296,0.9874243684417244,defined,0.042601418925976665,sensitivity_only
id:x%3A0x1.0000000000000p%2B2,229,4.95,4.418,4.460065679177704,0.9874243684417244,defined,-0.042601418925976665,sensitivity_only
id:x%3A0x1.0000000000000p%2B2,230,4.972,4.432080000000001,4.3900143208222975,0.9874243684417244,defined,0.042601418925976665,sensitivity_only
id:x%3A0x1.0000000000000p%2B2,231,4.994,4.44616,4.488225679177703,0.9874243684417244,defined,-0.042601418925976665,sensitivity_only
id:x%3A0x1.0000000000000p%2B2,232,5.0,4.45,4.407934320822297,0.9874243684417244,defined,0.042601418925976665,sensitivity_only
id:x%3A0x1.0000000000000p%2B2,233,5.016,4.460240000000001,4.502305679177704,0.9874243684417244,defined,-0.042601418925976665,sensitivity_only
id:x%3A0x1.0000000000000p%2B2,234,5.038,4.4743200000000005,4.432254320822297,0.9874243684417244,defined,0.042601418925976665,sensitivity_only
id:x%3A0x1.0000000000000p%2B2,235,5.06,4.4884,4.530465679177704,0.9874243684417244,defined,-0.042601418925976665,sensitivity_only
id:x%3A0x1.0000000000000p%2B2,236,5.082,4.50248,4.460414320822297,0.9874243684417244,defined,0.042601418925976665,sensitivity_only
id:x%3A0x1.0000000000000p%2B2,237,5.104,4.51656,4.558625679177704,0.9874243684417244,defined,-0.042601418925976665,sensitivity_only
id:x%3A0x1.0000000000000p%2B2,238,5.126,4.53064,4.488574320822297,0.9874243684417244,defined,0.042601418925976665,sensitivity_only
id:x%3A0x1.0000000000000p%2B2,239,5.148,4.54472,4.586785679177703,0.9874243684417244,defined,-0.042601418925976665,sensitivity_only
id:x%3A0x1.0000000000000p%2B2,240,5.17,4.5588,4.516734320822296,0.9874243684417244,defined,0.042601418925976665,sensitivity_only
id:x%3A0x1.0000000000000p%2B2,241,5.192,4.57288,4.614945679177703,0.9874243684417244,defined,-0.042601418925976665,sensitivity_only
id:x%3A0x1.0000000000000p%2B2,242,5.214,4.58696,4.544894320822297,0.9874243684417244,defined,0.042601418925976665,sensitivity_only
id:x%3A0x1.0000000000000p%2B2,243,5.236,4.601039999999999,4.643105679177703,0.9874243684417244,defined,-0.042601418925976665,sensitivity_only
id:x%3A0x1.0000000000000p%2B2,244,5.258,4.61512,4.573054320822297,0.9874243684417244,defined,0.042601418925976665,sensitivity_only
id:x%3A0x1.0000000000000p%2B2,245,5.28,4.629200000000001,4.671265679177704,0.9874243684417244,defined,-0.042601418925976665,sensitivity_only
id:x%3A0x1.0000000000000p%2B2,246,5.302,4.64328,4.601214320822296,0.9874243684417244,defined,0.042601418925976665,sensitivity_only
id:x%3A0x1.0000000000000p%2B2,247,5.324,4.657360000000001,4.699425679177704,0.9874243684417244,defined,-0.042601418925976665,sensitivity_only
id:x%3A0x1.0000000000000p%2B2,248,5.346,4.6714400000000005,4.629374320822297,0.9874243684417244,defined,0.042601418925976665,sensitivity_only
id:x%3A0x1.0000000000000p%2B2,249,5.368,4.68552,4.727585679177704,0.9874243684417244,defined,-0.042601418925976665,sensitivity_only
id:x%3A0x1.0000000000000p%2B2,250,5.39,4.6996,4.657534320822297,0.9874243684417244,defined,0.042601418925976665,sensitivity_only
id:x%3A0x1.0000000000000p%2B2,251,5.412,4.71368,4.7557456791777035,0.9874243684417244,defined,-0.042601418925976665,sensitivity_only
id:x%3A0x1.0000000000000p%2B2,252,5.434,4.72776,4.6856943208222965,0.9874243684417244,defined,0.042601418925976665,sensitivity_only
id:x%3A0x1.0000000000000p%2B2,253,5.456,4.74184,4.783905679177703,0.9874243684417244,defined,-0.042601418925976665,sensitivity_only
id:x%3A0x1.0000000000000p%2B2,254,5.478,4.75592,4.713854320822296,0.9874243684417244,defined,0.042601418925976665,sensitivity_only
id:x%3A0x1.0000000000000p%2B2,255,5.5,4.77,4.812065679177703,0.9874243684417244,defined,-0.042601418925976665,sensitivity_only
id:x%3A0x1.0000000000000p%2B2,256,5.522,4.78408,4.747022139772023,0.8698738483891382,defined,0.042601418925976665,sensitivity_only
id:x%3A0x1.0000000000000p%2B2,257,5.544,4.798159999999999,4.835217860227976,0.8698738483891382,defined,-0.042601418925976665,sensitivity_only
id:x%3A0x1.0000000000000p%2B2,258,5.566,4.81224,4.775182139772022,0.8698738483891382,defined,0.042601418925976665,sensitivity_only
id:x%3A0x1.0000000000000p%2B2,259,5.588,4.82632,4.863377860227978,0.8698738483891382,defined,-0.042601418925976665,sensitivity_only
id:x%3A0x1.0000000000000p%2B2,260,5.61,4.840400000000001,4.803342139772024,0.8698738483891382,defined,0.042601418925976665,sensitivity_only
id:x%3A0x1.0000000000000p%2B2,261,5.632,4.85448,4.891537860227977,0.8698738483891382,defined,-0.042601418925976665,sensitivity_only
id:x%3A0x1.0000000000000p%2B2,262,5.654,4.86856,4.831502139772024,0.8698738483891382,defined,0.042601418925976665,sensitivity_only
id:x%3A0x1.0000000000000p%2B2,263,5.676,4.88264,4.919697860227977,0.8698738483891382,defined,-0.042601418925976665,sensitivity_only
id:x%3A0x1.0000000000000p%2B2,264,5.698,4.89672,4.859662139772023,0.8698738483891382,defined,0.042601418925976665,sensitivity_only
id:x%3A0x1.0000000000000p%2B2,265,5.72,4.9108,4.947857860227977,0.8698738483891382,defined,-0.042601418925976665,sensitivity_only
id:x%3A0x1.0000000000000p%2B2,266,5.742,4.92488,4.887822139772023,0.8698738483891382,defined,0.042601418925976665,sensitivity_only
id:x%3A0x1.0000000000000p%2B2,267,5.764,4.93896,4.9760178602279765,0.8698738483891382,defined,-0.042601418925976665,sensitivity_only
id:x%3A0x1.0000000000000p%2B2,268,5.786,4.95304,4.915982139772023,0.8698738483891382,defined,0.042601418925976665,sensitivity_only
id:x%3A0x1.0000000000000p%2B2,269,5.808,4.9671199999999995,5.004177860227976,0.8698738483891382,defined,-0.042601418925976665,sensitivity_only
id:x%3A0x1.0000000000000p%2B2,270,5.83,4.9812,4.944142139772023,0.8698738483891382,defined,0.042601418925976665,sensitivity_only
id:x%3A0x1.0000000000000p%2B2,271,5.852,4.99528,5.032337860227978,0.8698738483891382,defined,-0.042601418925976665,sensitivity_only
id:x%3A0x1.0000000000000p%2B2,272,5.874,5.00936,4.972302139772022,0.8698738483891382,defined,0.042601418925976665,sensitivity_only
id:x%3A0x1.0000000000000p%2B2,273,5.896,5.02344,5.0604978602279775,0.8698738483891382,defined,-0.042601418925976665,sensitivity_only
id:x%3A0x1.0000000000000p%2B2,274,5.918,5.037520000000001,5.000462139772024,0.8698738483891382,defined,0.042601418925976665,sensitivity_only
id:x%3A0x1.0000000000000p%2B2,275,5.94,5.0516000000000005,5.088657860227977,0.8698738483891382,defined,-0.042601418925976665,sensitivity_only
id:x%3A0x1.0000000000000p%2B2,276,5.962,5.06568,5.028622139772024,0.8698738483891382,defined,0.042601418925976665,sensitivity_only
id:x%3A0x1.0000000000000p%2B2,277,5.984,5.07976,5.116817860227977,0.8698738483891382,defined,-0.042601418925976665,sensitivity_only
id:x%3A0x1.0000000000000p%2B2,278,6.0,5.09,5.052942139772023,0.8698738483891382,defined,0.042601418925976665,sensitivity_only
id:x%3A0x1.0000000000000p%2B2,279,6.006,5.09384,5.130897860227977,0.8698738483891382,defined,-0.042601418925976665,sensitivity_only
id:x%3A0x1.0000000000000p%2B2,280,6.028,5.10792,5.070862139772023,0.8698738483891382,defined,0.042601418925976665,sensitivity_only
id:x%3A0x1.0000000000000p%2B2,281,6.05,5.122,5.159057860227977,0.8698738483891382,defined,-0.042601418925976665,sensitivity_only
id:x%3A0x1.0000000000000p%2B2,282,6.072,5.13608,5.099022139772023,0.8698738483891382,defined,0.042601418925976665,sensitivity_only
id:x%3A0x1.0000000000000p%2B2,283,6.094,5.15016,5.187217860227976,0.8698738483891382,defined,-0.042601418925976665,sensitivity_only
id:x%3A0x1.0000000000000p%2B2,284,6.116,5.1642399999999995,5.127182139772023,0.8698738483891382,defined,0.042601418925976665,sensitivity_only
id:x%3A0x1.0000000000000p%2B2,285,6.138,5.178319999999999,5.215377860227976,0.8698738483891382,defined,-0.042601418925976665,sensitivity_only
id:x%3A0x1.0000000000000p%2B2,286,6.16,5.1924,5.1553421397720225,0.8698738483891382,defined,0.042601418925976665,sensitivity_only
id:x%3A0x1.0000000000000p%2B2,287,6.182,5.206480000000001,5.243537860227978,0.8698738483891382,defined,-0.042601418925976665,sensitivity_only
id:x%3A0x1.0000000000000p%2B2,288,6.204,5.22056,5.183502139772022,0.8698738483891382,defined,0.042601418925976665,sensitivity_only
id:x%3A0x1.0000000000000p%2B2,289,6.226,5.234640000000001,5.271697860227977,0.8698738483891382,defined,-0.042601418925976665,sensitivity_only
id:x%3A0x1.0000000000000p%2B2,290,6.248,5.2487200000000005,5.211662139772024,0.8698738483891382,defined,0.042601418925976665,sensitivity_only
id:x%3A0x1.0000000000000p%2B2,291,6.27,5.2627999999999995,5.299857860227977,0.8698738483891382,defined,-0.042601418925976665,sensitivity_only
id:x%3A0x1.0000000000000p%2B2,292,6.292,5.27688,5.2398221397720235,0.8698738483891382,defined,0.042601418925976665,sensitivity_only
id:x%3A0x1.0000000000000p%2B2,293,6.314,5.29096,5.328017860227977,0.8698738483891382,defined,-0.042601418925976665,sensitivity_only
id:x%3A0x1.0000000000000p%2B2,294,6.336,5.30504,5.267982139772023,0.8698738483891382,defined,0.042601418925976665,sensitivity_only
id:x%3A0x1.0000000000000p%2B2,295,6.358,5.31912,5.356177860227977,0.8698738483891382,defined,-0.042601418925976665,sensitivity_only
id:x%3A0x1.0000000000000p%2B2,296,6.38,5.3332,5.296142139772023,0.8698738483891382,defined,0.042601418925976665,sensitivity_only
id:x%3A0x1.0000000000000p%2B2,297,6.402,5.3472800000000005,5.384337860227978,0.8698738483891382,defined,-0.042601418925976665,sensitivity_only
id:x%3A0x1.0000000000000p%2B2,298,6.424,5.36136,5.324302139772023,0.8698738483891382,defined,0.042601418925976665,sensitivity_only
id:x%3A0x1.0000000000000p%2B2,299,6.446,5.37544,5.412497860227978,0.8698738483891382,defined,-0.042601418925976665,sensitivity_only
id:x%3A0x1.0000000000000p%2B2,300,6.468,5.38952,5.3524621397720225,0.8698738483891382,defined,0.042601418925976665,sensitivity_only
id:x%3A0x1.0000000000000p%2B2,301,6.49,5.4036,5.440657860227978,0.8698738483891382,defined,-0.042601418925976665,sensitivity_only
id:x%3A0x1.0000000000000p%2B2,302,6.512,5.41768,5.381708943033453,0.8443628844628325,defined,0.042601418925976665,sensitivity_only
id:x%3A0x1.0000000000000p%2B2,303,6.534,5.43176,5.467731056966547,0.8443628844628325,defined,-0.042601418925976665,sensitivity_only
id:x%3A0x1.0000000000000p%2B2,304,6.556,5.4458400000000005,5.4098689430334534,0.8443628844628325,defined,0.042601418925976665,sensitivity_only
id:x%3A0x1.0000000000000p%2B2,305,6.578,5.45992,5.495891056966547,0.8443628844628325,defined,-0.042601418925976665,sensitivity_only
id:x%3A0x1.0000000000000p%2B2,306,6.6,5.474,5.438028943033453,0.8443628844628325,defined,0.042601418925976665,sensitivity_only
id:x%3A0x1.0000000000000p%2B2,307,6.622,5.48808,5.524051056966547,0.8443628844628325,defined,-0.042601418925976665,sensitivity_only
id:x%3A0x1.0000000000000p%2B2,308,6.644,5.50216,5.466188943033453,0.8443628844628325,defined,0.042601418925976665,sensitivity_only
id:x%3A0x1.0000000000000p%2B2,309,6.666,5.516240000000001,5.552211056966548,0.8443628844628325,defined,-0.042601418925976665,sensitivity_only
id:x%3A0x1.0000000000000p%2B2,310,6.688,5.53032,5.494348943033453,0.8443628844628325,defined,0.042601418925976665,sensitivity_only
id:x%3A0x1.0000000000000p%2B2,311,6.71,5.5444,5.5803710569665474,0.8443628844628325,defined,-0.042601418925976665,sensitivity_only
id:x%3A0x1.0000000000000p%2B2,312,6.732,5.55848,5.522508943033453,0.8443628844628325,defined,0.042601418925976665,sensitivity_only
id:x%3A0x1.0000000000000p%2B2,313,6.754,5.57256,5.608531056966547,0.8443628844628325,defined,-0.042601418925976665,sensitivity_only
id:x%3A0x1.0000000000000p%2B2,314,6.776,5.58664,5.550668943033453,0.8443628844628325,defined,0.042601418925976665,sensitivity_only
id:x%3A0x1.0000000000000p%2B2,315,6.798,5.60072,5.636691056966547,0.8443628844628325,defined,-0.042601418925976665,sensitivity_only
id:x%3A0x1.0000000000000p%2B2,316,6.82,5.614800000000001,5.578828943033454,0.8443628844628325,defined,0.042601418925976665,sensitivity_only
id:x%3A0x1.0000000000000p%2B2,317,6.842,5.62888,5.664851056966547,0.8443628844628325,defined,-0.042601418925976665,sensitivity_only
id:x%3A0x1.0000000000000p%2B2,318,6.864,5.64296,5.606988943033453,0.8443628844628325,defined,0.042601418925976665,sensitivity_only
id:x%3A0x1.0000000000000p%2B2,319,6.886,5.65704,5.693011056966547,0.8443628844628325,defined,-0.042601418925976665,sensitivity_only
id:x%3A0x1.0000000000000p%2B2,320,6.908,5.67112,5.635148943033453,0.8443628844628325,defined,0.042601418925976665,sensitivity_only
id:x%3A0x1.0000000000000p%2B2,321,6.93,5.6852,5.721171056966547,0.8443628844628325,defined,-0.042601418925976665,sensitivity_only
id:x%3A0x1.0000000000000p%2B2,322,6.952,5.69928,5.663308943033453,0.8443628844628325,defined,0.042601418925976665,sensitivity_only
id:x%3A0x1.0000000000000p%2B2,323,6.974,5.713360000000001,5.749331056966548,0.8443628844628325,defined,-0.042601418925976665,sensitivity_only
id:x%3A0x1.0000000000000p%2B2,324,6.996,5.7274400000000005,5.6914689430334535,0.8443628844628325,defined,0.042601418925976665,sensitivity_only
id:x%3A0x1.0000000000000p%2B2,325,7.0,5.73,5.765971056966547,0.8443628844628325,defined,-0.042601418925976665,sensitivity_only
id:x%3A0x1.0000000000000p%2B2,326,7.018,5.74152,5.705548943033453,0.8443628844628325,defined,0.042601418925976665,sensitivity_only
id:x%3A0x1.0000000000000p%2B2,327,7.04,5.7556,5.791571056966547,0.8443628844628325,defined,-0.042601418925976665,sensitivity_only
id:x%3A0x1.0000000000000p%2B2,328,7.062,5.76968,5.733708943033453,0.8443628844628325,defined,0.042601418925976665,sensitivity_only
id:x%3A0x1.0000000000000p%2B2,329,7.084,5.78376,5.819731056966547,0.8443628844628325,defined,-0.042601418925976665,sensitivity_only
id:x%3A0x1.0000000000000p%2B2,330,7.106,5.79784,5.761868943033453,0.8443628844628325,defined,0.042601418925976665,sensitivity_only
id:x%3A0x1.0000000000000p%2B2,331,7.128,5.81192,5.847891056966547,0.8443628844628325,defined,-0.042601418925976665,sensitivity_only
id:x%3A0x1.0000000000000p%2B2,332,7.15,5.8260000000000005,5.7900289430334535,0.8443628844628325,defined,0.042601418925976665,sensitivity_only
id:x%3A0x1.0000000000000p%2B2,333,7.172,5.8400799999999995,5.8760510569665465,0.8443628844628325,defined,-0.042601418925976665,sensitivity_only
id:x%3A0x1.0000000000000p%2B2,334,7.194,5.85416,5.818188943033453,0.8443628844628325,defined,0.042601418925976665,sensitivity_only
id:x%3A0x1.0000000000000p%2B2,335,7.216,5.86824,5.904211056966547,0.8443628844628325,defined,-0.042601418925976665,sensitivity_only
id:x%3A0x1.0000000000000p%2B2,336,7.238,5.88232,5.846348943033453,0.8443628844628325,defined,0.042601418925976665,sensitivity_only
id:x%3A0x1.0000000000000p%2B2,337,7.26,5.8964,5.932371056966547,0.8443628844628325,defined,-0.042601418925976665,sensitivity_only
id:x%3A0x1.0000000000000p%2B2,338,7.282,5.91048,5.874508943033453,0.8443628844628325,defined,0.042601418925976665,sensitivity_only
id:x%3A0x1.0000000000000p%2B2,339,7.304,5.9245600000000005,5.9605310569665475,0.8443628844628325,defined,-0.042601418925976665,sensitivity_only
id:x%3A0x1.0000000000000p%2B2,340,7.326,5.9386399999999995,5.9026689430334525,0.8443628844628325,defined,0.042601418925976665,sensitivity_only
id:x%3A0x1.0000000000000p%2B2,341,7.348,5.95272,5.988691056966547,0.8443628844628325,defined,-0.042601418925976665,sensitivity_only
id:x%3A0x1.0000000000000p%2B2,342,7.37,5.9668,5.930828943033453,0.8443628844628325,defined,0.042601418925976665,sensitivity_only
id:x%3A0x1.0000000000000p%2B2,343,7.392,5.98088,6.016851056966547,0.8443628844628325,defined,-0.042601418925976665,sensitivity_only
id:x%3A0x1.0000000000000p%2B2,344,7.414,5.99496,5.958988943033453,0.8443628844628325,defined,0.042601418925976665,sensitivity_only
id:x%3A0x1.0000000000000p%2B2,345,7.436,6.00904,6.045011056966547,0.8443628844628325,defined,-0.042601418925976665,sensitivity_only
id:x%3A0x1.0000000000000p%2B2,346,7.458,6.0231200000000005,5.9871489430334535,0.8443628844628325,defined,0.042601418925976665,sensitivity_only
id:x%3A0x1.0000000000000p%2B2,347,7.48,6.0372,6.073171056966547,0.8443628844628325,defined,-0.042601418925976665,sensitivity_only
id:x%3A0x1.0000000000000p%2B2,348,7.502,6.05128,6.017107538184248,0.8021437472571021,defined,0.042601418925976665,sensitivity_only
id:x%3A0x1.0000000000000p%2B2,349,7.524,6.06536,6.099532461815753,0.8021437472571021,defined,-0.042601418925976665,sensitivity_only
id:x%3A0x1.0000000000000p%2B2,350,7.546,6.07944,6.045267538184247,0.8021437472571021,defined,0.042601418925976665,sensitivity_only
id:x%3A0x1.0000000000000p%2B2,351,7.568,6.09352,6.1276924618157524,0.8021437472571021,defined,-0.042601418925976665,sensitivity_only
id:x%3A0x1.0000000000000p%2B2,352,7.59,6.1076,6.073427538184247,0.8021437472571021,defined,0.042601418925976665,sensitivity_only
id:x%3A0x1.0000000000000p%2B2,353,7.612,6.1216800000000005,6.155852461815753,0.8021437472571021,defined,-0.042601418925976665,sensitivity_only
id:x%3A0x1.0000000000000p%2B2,354,7.634,6.13576,6.101587538184248,0.8021437472571021,defined,0.042601418925976665,sensitivity_only
id:x%3A0x1.0000000000000p%2B2,355,7.656,6.14984,6.184012461815753,0.8021437472571021,defined,-0.042601418925976665,sensitivity_only
id:x%3A0x1.0000000000000p%2B2,356,7.678,6.16392,6.1297475381842474,0.8021437472571021,defined,0.042601418925976665,sensitivity_only
id:x%3A0x1.0000000000000p%2B2,357,7.7,6.178,6.2121724618157526,0.8021437472571021,defined,-0.042601418925976665,sensitivity_only
id:x%3A0x1.0000000000000p%2B2,358,7.722,6.192080000000001,6.157907538184248,0.8021437472571021,defined,0.042601418925976665,sensitivity_only
id:x%3A0x1.0000000000000p%2B2,359,7.744,6.20616,6.240332461815752,0.8021437472571021,defined,-0.042601418925976665,sensitivity_only
id:x%3A0x1.0000000000000p%2B2,360,7.766,6.22024,6.186067538184248,0.8021437472571021,defined,0.042601418925976665,sensitivity_only
id:x%3A0x1.0000000000000p%2B2,361,7.788,6.23432,6.268492461815753,0.8021437472571021,defined,-0.042601418925976665,sensitivity_only
id:x%3A0x1.0000000000000p%2B2,362,7.81,6.2484,6.214227538184248,0.8021437472571021,defined,0.042601418925976665,sensitivity_only
id:x%3A0x1.0000000000000p%2B2,363,7.832,6.26248,6.296652461815753,0.8021437472571021,defined,-0.042601418925976665,sensitivity_only
id:x%3A0x1.0000000000000p%2B2,364,7.854,6.27656,6.242387538184247,0.8021437472571021,defined,0.042601418925976665,sensitivity_only
id:x%3A0x1.0000000000000p%2B2,365,7.876,6.290640000000001,6.324812461815753,0.8021437472571021,defined,-0.042601418925976665,sensitivity_only
id:x%3A0x1.0000000000000p%2B2,366,7.898,6.30472,6.270547538184247,0.8021437472571021,defined,0.042601418925976665,sensitivity_only
id:x%3A0x1.0000000000000p%2B2,367,7.92,6.3188,6.352972461815753,0.8021437472571021,defined,-0.042601418925976665,sensitivity_only
id:x%3A0x1.0000000000000p%2B2,368,7.942,6.33288,6.298707538184248,0.8021437472571021,defined,0.042601418925976665,sensitivity_only
id:x%3A0x1.0000000000000p%2B2,369,7.964,6.34696,6.381132461815753,0.8021437472571021,defined,-0.042601418925976665,sensitivity_only
id:x%3A0x1.0000000000000p%2B2,370,7.986,6.36104,6.326867538184247,0.8021437472571021,defined,0.042601418925976665,sensitivity_only
id:x%3A0x1.0000000000000p%2B2,371,8.0,6.37,6.404172461815753,0.8021437472571021,defined,-0.042601418925976665,sensitivity_only
id:x%3A0x1.0000000000000p%2B2,372,8.008,6.37512,6.340947538184247,0.8021437472571021,defined,0.042601418925976665,sensitivity_only
id:x%3A0x1.0000000000000p%2B2,373,8.03,6.3892,6.423372461815752,0.8021437472571021,defined,-0.042601418925976665,sensitivity_only
id:x%3A0x1.0000000000000p%2B2,374,8.052,6.40328,6.369107538184247,0.8021437472571021,defined,0.042601418925976665,sensitivity_only
id:x%3A0x1.0000000000000p%2B2,375,8.074,6.41736,6.451532461815753,0.8021437472571021,defined,-0.042601418925976665,sensitivity_only
id:x%3A0x1.0000000000000p%2B2,376,8.096,6.43144,6.397267538184248,0.8021437472571021,defined,0.042601418925976665,sensitivity_only
id:x%3A0x1.0000000000000p%2B2,377,8.118,6.44552,6.479692461815753,0.8021437472571021,defined,-0.042601418925976665,sensitivity_only
id:x%3A0x1.0000000000000p%2B2,378,8.14,6.459600000000001,6.425427538184248,0.8021437472571021,defined,0.042601418925976665,sensitivity_only
id:x%3A0x1.0000000000000p%2B2,379,8.162,6.473680000000001,6.507852461815753,0.8021437472571021,defined,-0.042601418925976665,sensitivity_only
id:x%3A0x1.0000000000000p%2B2,380,8.184,6.48776,6.453587538184247,0.8021437472571021,defined,0.042601418925976665,sensitivity_only
id:x%3A0x1.0000000000000p%2B2,381,8.206,6.50184,6.536012461815752,0.8021437472571021,defined,-0.042601418925976665,sensitivity_only
id:x%3A0x1.0000000000000p%2B2,382,8.228,6.51592,6.481747538184248,0.8021437472571021,defined,0.042601418925976665,sensitivity_only
id:x%3A0x1.0000000000000p%2B2,383,8.25,6.53,6.564172461815753,0.8021437472571021,defined,-0.042601418925976665,sensitivity_only
id:x%3A0x1.0000000000000p%2B2,384,8.272,6.54408,6.5099075381842475,0.8021437472571021,defined,0.042601418925976665,sensitivity_only
id:x%3A0x1.0000000000000p%2B2,385,8.294,6.55816,6.592332461815753,0.8021437472571021,defined,-0.042601418925976665,sensitivity_only
id:x%3A0x1.0000000000000p%2B2,386,8.316,6.572240000000001,6.538067538184248,0.8021437472571021,defined,0.042601418925976665,sensitivity_only
id:x%3A0x1.0000000000000p%2B2,387,8.338,6.58632,6.620492461815752,0.8021437472571021,defined,-0.042601418925976665,sensitivity_only
id:x%3A0x1.0000000000000p%2B2,388,8.36,6.6004,6.566227538184247,0.8021437472571021,defined,0.042601418925976665,sensitivity_only
id:x%3A0x1.0000000000000p%2B2,389,8.382,6.6144799999999995,6.648652461815752,0.8021437472571021,defined,-0.042601418925976665,sensitivity_only
id:x%3A0x1.0000000000000p%2B2,390,8.404,6.62856,6.594387538184248,0.8021437472571021,defined,0.042601418925976665,sensitivity_only
id:x%3A0x1.0000000000000p%2B2,391,8.426,6.64264,6.676812461815753,0.8021437472571021,defined,-0.042601418925976665,sensitivity_only
id:x%3A0x1.0000000000000p%2B2,392,8.448,6.65672,6.622547538184247,0.8021437472571021,defined,0.042601418925976665,sensitivity_only
id:x%3A0x1.0000000000000p%2B2,393,8.47,6.670800000000001,6.704972461815753,0.8021437472571021,defined,-0.042601418925976665,sensitivity_only
id:x%3A0x1.0000000000000p%2B2,394,8.492,6.684880000000001,6.650707538184248,0.8021437472571021,defined,0.042601418925976665,sensitivity_only
id:x%3A0x1.0000000000000p%2B2,395,8.514,6.69896,6.72949709353748,0.7168093060595385,defined,-0.042601418925976665,sensitivity_only
id:x%3A0x1.0000000000000p%2B2,396,8.536,6.7130399999999995,6.682502906462519,0.7168093060595385,defined,0.042601418925976665,sensitivity_only
id:x%3A0x1.0000000000000p%2B2,397,8.558,6.72712,6.757657093537481,0.7168093060595385,defined,-0.042601418925976665,sensitivity_only
id:x%3A0x1.0000000000000p%2B2,398,8.58,6.7412,6.710662906462519,0.7168093060595385,defined,0.042601418925976665,sensitivity_only
id:x%3A0x1.0000000000000p%2B2,399,8.602,6.75528,6.785817093537481,0.7168093060595385,defined,-0.042601418925976665,sensitivity_only
id:x%3A0x1.0000000000000p%2B2,400,8.624,6.769360000000001,6.73882290646252,0.7168093060595385,defined,0.042601418925976665,sensitivity_only
id:x%3A0x1.0000000000000p%2B2,401,8.646,6.783440000000001,6.813977093537481,0.7168093060595385,defined,-0.042601418925976665,sensitivity_only
id:x%3A0x1.0000000000000p%2B2,402,8.668,6.79752,6.766982906462519,0.7168093060595385,defined,0.042601418925976665,sensitivity_only
id:x%3A0x1.0000000000000p%2B2,403,8.69,6.811599999999999,6.84213709353748,0.7168093060595385,defined,-0.042601418925976665,sensitivity_only
id:x%3A0x1.0000000000000p%2B2,404,8.712,6.82568,6.7951429064625195,0.7168093060595385,defined,0.042601418925976665,sensitivity_only
id:x%3A0x1.0000000000000p%2B2,405,8.734,6.83976,6.870297093537481,0.7168093060595385,defined,-0.042601418925976665,sensitivity_only
id:x%3A0x1.0000000000000p%2B2,406,8.756,6.85384,6.823302906462519,0.7168093060595385,defined,0.042601418925976665,sensitivity_only
id:x%3A0x1.0000000000000p%2B2,407,8.778,6.867920000000001,6.898457093537481,0.7168093060595385,defined,-0.042601418925976665,sensitivity_only
id:x%3A0x1.0000000000000p%2B2,408,8.8,6.882000000000001,6.85146290646252,0.7168093060595385,defined,0.042601418925976665,sensitivity_only
id:x%3A0x1.0000000000000p%2B2,409,8.822,6.8960799999999995,6.92661709353748,0.7168093060595385,defined,-0.042601418925976665,sensitivity_only
id:x%3A0x1.0000000000000p%2B2,410,8.844,6.910159999999999,6.879622906462519,0.7168093060595385,defined,0.042601418925976665,sensitivity_only
id:x%3A0x1.0000000000000p%2B2,411,8.866,6.92424,6.954777093537481,0.7168093060595385,defined,-0.042601418925976665,sensitivity_only
id:x%3A0x1.0000000000000p%2B2,412,8.888,6.93832,6.907782906462519,0.7168093060595385,defined,0.042601418925976665,sensitivity_only
id:x%3A0x1.0000000000000p%2B2,413,8.91,6.9524,6.982937093537481,0.7168093060595385,defined,-0.042601418925976665,sensitivity_only
id:x%3A0x1.0000000000000p%2B2,414,8.932,6.966480000000001,6.93594290646252,0.7168093060595385,defined,0.042601418925976665,sensitivity_only
id:x%3A0x1.0000000000000p%2B2,415,8.954,6.9805600000000005,7.011097093537481,0.7168093060595385,defined,-0.042601418925976665,sensitivity_only
id:x%3A0x1.0000000000000p%2B2,416,8.976,6.99464,6.96410290646252,0.7168093060595385,defined,0.042601418925976665,sensitivity_only
id:x%3A0x1.0000000000000p%2B2,417,8.998,7.008719999999999,7.03925709353748,0.7168093060595385,defined,-0.042601418925976665,sensitivity_only
id:x%3A0x1.0000000000000p%2B2,418,9.0,7.01,6.979462906462519,0.7168093060595385,defined,0.042601418925976665,sensitivity_only
id:x%3A0x1.0000000000000p%2B2,419,9.02,7.0228,7.053337093537481,0.7168093060595385,defined,-0.042601418925976665,sensitivity_only
id:x%3A0x1.0000000000000p%2B2,420,9.042,7.03688,7.006342906462519,0.7168093060595385,defined,0.042601418925976665,sensitivity_only
id:x%3A0x1.0000000000000p%2B2,421,9.064,7.05096,7.081497093537481,0.7168093060595385,defined,-0.042601418925976665,sensitivity_only
id:x%3A0x1.0000000000000p%2B2,422,9.086,7.065040000000001,7.03450290646252,0.7168093060595385,defined,0.042601418925976665,sensitivity_only
id:x%3A0x1.0000000000000p%2B2,423,9.108,7.0791200000000005,7.109657093537481,0.7168093060595385,defined,-0.042601418925976665,sensitivity_only
id:x%3A0x1.0000000000000p%2B2,424,9.13,7.0932,7.06266290646252,0.7168093060595385,defined,0.042601418925976665,sensitivity_only
id:x%3A0x1.0000000000000p%2B2,425,9.152,7.107279999999999,7.13781709353748,0.7168093060595385,defined,-0.042601418925976665,sensitivity_only
id:x%3A0x1.0000000000000p%2B2,426,9.174,7.12136,7.0908229064625194,0.7168093060595385,defined,0.042601418925976665,sensitivity_only
id:x%3A0x1.0000000000000p%2B2,427,9.196,7.13544,7.165977093537481,0.7168093060595385,defined,-0.042601418925976665,sensitivity_only
id:x%3A0x1.0000000000000p%2B2,428,9.218,7.14952,7.118982906462519,0.7168093060595385,defined,0.042601418925976665,sensitivity_only
id:x%3A0x1.0000000000000p%2B2,429,9.24,7.163600000000001,7.194137093537481,0.7168093060595385,defined,-0.042601418925976665,sensitivity_only
id:x%3A0x1.0000000000000p%2B2,430,9.262,7.1776800000000005,7.14714290646252,0.7168093060595385,defined,0.042601418925976665,sensitivity_only
id:x%3A0x1.0000000000000p%2B2,431,9.284,7.19176,7.222297093537481,0.7168093060595385,defined,-0.042601418925976665,sensitivity_only
id:x%3A0x1.0000000000000p%2B2,432,9.306,7.205839999999999,7.175302906462519,0.7168093060595385,defined,0.042601418925976665,sensitivity_only
id:x%3A0x1.0000000000000p%2B2,433,9.328,7.21992,7.250457093537481,0.7168093060595385,defined,-0.042601418925976665,sensitivity_only
id:x%3A0x1.0000000000000p%2B2,434,9.35,7.234,7.203462906462519,0.7168093060595385,defined,0.042601418925976665,sensitivity_only
id:x%3A0x1.0000000000000p%2B2,435,9.372,7.24808,7.2786170935374805,0.7168093060595385,defined,-0.042601418925976665,sensitivity_only
id:x%3A0x1.0000000000000p%2B2,436,9.394,7.262160000000001,7.23162290646252,0.7168093060595385,defined,0.042601418925976665,sensitivity_only
id:x%3A0x1.0000000000000p%2B2,437,9.416,7.2762400000000005,7.306777093537481,0.7168093060595385,defined,-0.042601418925976665,sensitivity_only
id:x%3A0x1.0000000000000p%2B2,438,9.438,7.29032,7.25978290646252,0.7168093060595385,defined,0.042601418925976665,sensitivity_only
id:x%3A0x1.0000000000000p%2B2,439,9.46,7.304400000000001,7.334937093537482,0.7168093060595385,defined,-0.042601418925976665,sensitivity_only
id:x%3A0x1.0000000000000p%2B2,440,9.482,7.31848,7.287942906462519,0.7168093060595385,defined,0.042601418925976665,sensitivity_only
id:x%3A0x1.0000000000000p%2B2,441,9.504,7.33256,7.368531056966547,0.8443628844628325,defined,-0.042601418925976665,sensitivity_only
id:x%3A0x1.0000000000000p%2B2,442,9.526,7.34664,7.310668943033453,0.8443628844628325,defined,0.042601418925976665,sensitivity_only
id:x%3A0x1.0000000000000p%2B2,443,9.548,7.360720000000001,7.396691056966548,0.8443628844628325,defined,-0.042601418925976665,sensitivity_only
id:x%3A0x1.0000000000000p%2B2,444,9.57,7.3748000000000005,7.3388289430334535,0.8443628844628325,defined,0.042601418925976665,sensitivity_only
id:x%3A0x1.0000000000000p%2B2,445,9.592,7.38888,7.424851056966547,0.8443628844628325,defined,-0.042601418925976665,sensitivity_only
id:x%3A0x1.0000000000000p%2B2,446,9.614,7.40296,7.366988943033453,0.8443628844628325,defined,0.042601418925976665,sensitivity_only
id:x%3A0x1.0000000000000p%2B2,447,9.636,7.41704,7.453011056966547,0.8443628844628325,defined,-0.042601418925976665,sensitivity_only
id:x%3A0x1.0000000000000p%2B2,448,9.658,7.43112,7.395148943033453,0.8443628844628325,defined,0.042601418925976665,sensitivity_only
id:x%3A0x1.0000000000000p%2B2,449,9.68,7.4452,7.481171056966547,0.8443628844628325,defined,-0.042601418925976665,sensitivity_only
id:x%3A0x1.0000000000000p%2B2,450,9.702,7.45928,7.423308943033453,0.8443628844628325,defined,0.042601418925976665,sensitivity_only
id:x%3A0x1.0000000000000p%2B2,451,9.724,7.4733600000000004,7.5093310569665475,0.8443628844628325,defined,-0.042601418925976665,sensitivity_only
id:x%3A0x1.0000000000000p%2B2,452,9.746,7.48744,7.451468943033453,0.8443628844628325,defined,0.042601418925976665,sensitivity_only
id:x%3A0x1.0000000000000p%2B2,453,9.768,7.50152,7.537491056966547,0.8443628844628325,defined,-0.042601418925976665,sensitivity_only
id:x%3A0x1.0000000000000p%2B2,454,9.79,7.515599999999999,7.479628943033452,0.8443628844628325,defined,0.042601418925976665,sensitivity_only
id:x%3A0x1.0000000000000p%2B2,455,9.812,7.52968,7.565651056966547,0.8443628844628325,defined,-0.042601418925976665,sensitivity_only
id:x%3A0x1.0000000000000p%2B2,456,9.834,7.54376,7.507788943033453,0.8443628844628325,defined,0.042601418925976665,sensitivity_only
id:x%3A0x1.0000000000000p%2B2,457,9.856,7.55784,7.593811056966547,0.8443628844628325,defined,-0.042601418925976665,sensitivity_only
id:x%3A0x1.0000000000000p%2B2,458,9.878,7.57192,7.535948943033453,0.8443628844628325,defined,0.042601418925976665,sensitivity_only
id:x%3A0x1.0000000000000p%2B2,459,9.9,7.586,7.621971056966547,0.8443628844628325,defined,-0.042601418925976665,sensitivity_only
id:x%3A0x1.0000000000000p%2B2,460,9.922,7.60008,7.564108943033453,0.8443628844628325,defined,0.042601418925976665,sensitivity_only
id:x%3A0x1.0000000000000p%2B2,461,9.944,7.614160000000001,7.650131056966548,0.8443628844628325,defined,-0.042601418925976665,sensitivity_only
id:x%3A0x1.0000000000000p%2B2,462,9.966,7.62824,7.592268943033453,0.8443628844628325,defined,0.042601418925976665,sensitivity_only
id:x%3A0x1.0000000000000p%2B2,463,9.988,7.64232,7.678291056966547,0.8443628844628325,defined,-0.042601418925976665,sensitivity_only
id:x%3A0x1.0000000000000p%2B2,464,10.0,7.65,7.614028943033453,0.8443628844628325,defined,0.042601418925976665,sensitivity_only
id:x%3A0x1.0000000000000p%2B2,465,10.01,7.6564,7.692371056966547,0.8443628844628325,defined,-0.042601418925976665,sensitivity_only
id:x%3A0x1.0000000000000p%2B2,466,10.032,7.67048,7.634508943033453,0.8443628844628325,defined,0.042601418925976665,sensitivity_only
id:x%3A0x1.0000000000000p%2B2,467,10.054,7.68456,7.720531056966547,0.8443628844628325,defined,-0.042601418925976665,sensitivity_only
id:x%3A0x1.0000000000000p%2B2,468,10.076,7.69864,7.662668943033453,0.8443628844628325,defined,0.042601418925976665,sensitivity_only
id:x%3A0x1.0000000000000p%2B2,469,10.098,7.712720000000001,7.748691056966548,0.8443628844628325,defined,-0.042601418925976665,sensitivity_only
id:x%3A0x1.0000000000000p%2B2,470,10.12,7.7268,7.690828943033453,0.8443628844628325,defined,0.042601418925976665,sensitivity_only
id:x%3A0x1.0000000000000p%2B2,471,10.142,7.74088,7.776851056966547,0.8443628844628325,defined,-0.042601418925976665,sensitivity_only
id:x%3A0x1.0000000000000p%2B2,472,10.164,7.75496,7.718988943033453,0.8443628844628325,defined,0.042601418925976665,sensitivity_only
id:x%3A0x1.0000000000000p%2B2,473,10.186,7.76904,7.805011056966547,0.8443628844628325,defined,-0.042601418925976665,sensitivity_only
id:x%3A0x1.0000000000000p%2B2,474,10.208,7.78312,7.747148943033453,0.8443628844628325,defined,0.042601418925976665,sensitivity_only
id:x%3A0x1.0000000000000p%2B2,475,10.23,7.7972,7.833171056966547,0.8443628844628325,defined,-0.042601418925976665,sensitivity_only
id:x%3A0x1.0000000000000p%2B2,476,10.252,7.811280000000001,7.775308943033454,0.8443628844628325,defined,0.042601418925976665,sensitivity_only
id:x%3A0x1.0000000000000p%2B2,477,10.274,7.82536,7.861331056966547,0.8443628844628325,defined,-0.042601418925976665,sensitivity_only
id:x%3A0x1.0000000000000p%2B2,478,10.296,7.83944,7.803468943033453,0.8443628844628325,defined,0.042601418925976665,sensitivity_only
id:x%3A0x1.0000000000000p%2B2,479,10.318,7.85352,7.889491056966547,0.8443628844628325,defined,-0.042601418925976665,sensitivity_only
id:x%3A0x1.0000000000000p%2B2,480,10.34,7.8676,7.831628943033453,0.8443628844628325,defined,0.042601418925976665,sensitivity_only
id:x%3A0x1.0000000000000p%2B2,481,10.362,7.88168,7.917651056966547,0.8443628844628325,defined,-0.042601418925976665,sensitivity_only
id:x%3A0x1.0000000000000p%2B2,482,10.384,7.89576,7.859788943033453,0.8443628844628325,defined,0.042601418925976665,sensitivity_only
id:x%3A0x1.0000000000000p%2B2,483,10.406,7.909840000000001,7.945811056966548,0.8443628844628325,defined,-0.042601418925976665,sensitivity_only
id:x%3A0x1.0000000000000p%2B2,484,10.428,7.923920000000001,7.887948943033454,0.8443628844628325,defined,0.042601418925976665,sensitivity_only
id:x%3A0x1.0000000000000p%2B2,485,10.45,7.938,7.973971056966547,0.8443628844628325,defined,-0.042601418925976665,sensitivity_only
id:x%3A0x1.0000000000000p%2B2,486,10.472,7.95208,7.916108943033453,0.8443628844628325,defined,0.042601418925976665,sensitivity_only
id:x%3A0x1.0000000000000p%2B2,487,10.494,7.96616,8.002131056966547,0.8443628844628325,defined,-0.042601418925976665,sensitivity_only
id:x%3A0x1.0000000000000p%2B2,488,10.516,7.98024,7.9497029064625195,0.7168093060595381,defined,0.042601418925976665,sensitivity_only
id:x%3A0x1.0000000000000p%2B2,489,10.538,7.99432,8.02485709353748,0.7168093060595381,defined,-0.042601418925976665,sensitivity_only
id:x%3A0x1.0000000000000p%2B2,490,10.56,8.008400000000002,7.977862906462521,0.7168093060595381,defined,0.042601418925976665,sensitivity_only
id:x%3A0x1.0000000000000p%2B2,491,10.582,8.022480000000002,8.053017093537482,0.7168093060595381,defined,-0.042601418925976665,sensitivity_only
id:x%3A0x1.0000000000000p%2B2,492,10.604,8.03656,8.006022906462519,0.7168093060595381,defined,0.042601418925976665,sensitivity_only
id:x%3A0x1.0000000000000p%2B2,493,10.626,8.05064,8.08117709353748,0.7168093060595381,defined,-0.042601418925976665,sensitivity_only
id:x%3A0x1.0000000000000p%2B2,494,10.648,8.064720000000001,8.03418290646252,0.7168093060595381,defined,0.042601418925976665,sensitivity_only
id:x%3A0x1.0000000000000p%2B2,495,10.67,8.078800000000001,8.109337093537482,0.7168093060595381,defined,-0.042601418925976665,sensitivity_only
id:x%3A0x1.0000000000000p%2B2,496,10.692,8.092880000000001,8.06234290646252,0.7168093060595381,defined,0.042601418925976665,sensitivity_only
id:x%3A0x1.0000000000000p%2B2,497,10.714,8.10696,8.137497093537482,0.7168093060595381,defined,-0.042601418925976665,sensitivity_only
id:x%3A0x1.0000000000000p%2B2,498,10.736,8.12104,8.09050290646252,0.7168093060595381,defined,0.042601418925976665,sensitivity_only
id:x%3A0x1.0000000000000p%2B2,499,10.758,8.13512,8.165657093537481,0.7168093060595381,defined,-0.042601418925976665,sensitivity_only
id:x%3A0x1.0000000000000p%2B2,500,10.78,8.1492,8.11866290646252,0.7168093060595381,defined,0.042601418925976665,sensitivity_only
id:x%3A0x1.0000000000000p%2B2,501,10.802,8.16328,8.193817093537481,0.7168093060595381,defined,-0.042601418925976665,sensitivity_only
id:x%3A0x1.0000000000000p%2B2,502,10.824,8.17736,8.14682290646252,0.7168093060595381,defined,0.042601418925976665,sensitivity_only
id:x%3A0x1.0000000000000p%2B2,503,10.846,8.19144,8.22197709353748,0.7168093060595381,defined,-0.042601418925976665,sensitivity_only
id:x%3A0x1.0000000000000p%2B2,504,10.868,8.20552,8.17498290646252,0.7168093060595381,defined,0.042601418925976665,sensitivity_only
id:x%3A0x1.0000000000000p%2B2,505,10.89,8.2196,8.25013709353748,0.7168093060595381,defined,-0.042601418925976665,sensitivity_only
id:x%3A0x1.0000000000000p%2B2,506,10.912,8.23368,8.203142906462519,0.7168093060595381,defined,0.042601418925976665,sensitivity_only
id:x%3A0x1.0000000000000p%2B2,507,10.934,8.24776,8.27829709353748,0.7168093060595381,defined,-0.042601418925976665,sensitivity_only
id:x%3A0x1.0000000000000p%2B2,508,10.956,8.26184,8.231302906462519,0.7168093060595381,defined,0.042601418925976665,sensitivity_only
id:x%3A0x1.0000000000000p%2B2,509,10.978,8.27592,8.30645709353748,0.7168093060595381,defined,-0.042601418925976665,sensitivity_only
id:x%3A0x1.0000000000000p%2B2,510,11.0,8.29,8.259462906462518,0.7168093060595381,defined,0.042601418925976665,sensitivity_only
id:x%3A0x1.4000000000000p%2B2,0,0.0,1.25,1.1788285033136159,0.8698738483891382,defined,0.08181818181818182,sensitivity_only
id:x%3A0x1.4000000000000p%2B2,1,0.022,1.26408,1.2995609300055102,0.8698738483891382,defined,-0.040788592588701066,sensitivity_only
id:x%3A0x1.4000000000000p%2B2,2,0.044,1.27816,1.2426790699944898,0.8698738483891382,defined,0.040788592588701066,sensitivity_only
id:x%3A0x1.4000000000000p%2B2,3,0.066,1.29224,1.3277209300055102,0.8698738483891382,defined,-0.040788592588701066,sensitivity_only
id:x%3A0x1.4000000000000p%2B2,4,0.088,1.30632,1.2708390699944898,0.8698738483891382,defined,0.040788592588701066,sensitivity_only
id:x%3A0x1.4000000000000p%2B2,5,0.11,1.3204,1.3558809300055101,0.8698738483891382,defined,-0.040788592588701066,sensitivity_only
id:x%3A0x1.4000000000000p%2B2,6,0.132,1.33448,1.29899906999449,0.8698738483891382,defined,0.040788592588701066,sensitivity_only
id:x%3A0x1.4000000000000p%2B2,7,0.154,1.34856,1.38404093000551,0.8698738483891382,defined,-0.040788592588701066,sensitivity_only
id:x%3A0x1.4000000000000p%2B2,8,0.176,1.36264,1.32715906999449,0.8698738483891382,defined,0.040788592588701066,sensitivity_only
id:x%3A0x1.4000000000000p%2B2,9,0.198,1.37672,1.41220093000551,0.8698738483891382,defined,-0.040788592588701066,sensitivity_only
id:x%3A0x1.4000000000000p%2B2,10,0.22,1.3908,1.35531906999449,0.8698738483891382,defined,0.040788592588701066,sensitivity_only
id:x%3A0x1.4000000000000p%2B2,11,0.242,1.40488,1.44036093000551,0.8698738483891382,defined,-0.040788592588701066,sensitivity_only
id:x%3A0x1.4000000000000p%2B2,12,0.264,1.41896,1.3834790699944899,0.8698738483891382,defined,0.040788592588701066,sensitivity_only
id:x%3A0x1.4000000000000p%2B2,13,0.286,1.43304,1.4685209300055102,0.8698738483891382,defined,-0.040788592588701066,sensitivity_only
id:x%3A0x1.4000000000000p%2B2,14,0.308,1.44712,1.4116390699944898,0.8698738483891382,defined,0.040788592588701066,sensitivity_only
id:x%3A0x1.4000000000000p%2B2,15,0.33,1.4612,1.4966809300055102,0.8698738483891382,defined,-0.040788592588701066,sensitivity_only
id:x%3A0x1.4000000000000p%2B2,16,0.352,1.47528,1.4397990699944898,0.8698738483891382,defined,0.040788592588701066,sensitivity_only
id:x%3A0x1.4000000000000p%2B2,17,0.374,1.48936,1.5248409300055101,0.8698738483891382,defined,-0.040788592588701066,sensitivity_only
id:x%3A0x1.4000000000000p%2B2,18,0.396,1.5034399999999999,1.4679590699944898,0.8698738483891382,defined,0.040788592588701066,sensitivity_only
id:x%3A0x1.4000000000000p%2B2,19,0.418,1.51752,1.55300093000551,0.8698738483891382,defined,-0.040788592588701066,sensitivity_only
id:x%3A0x1.4000000000000p%2B2,20,0.44,1.5316,1.49611906999449,0.8698738483891382,defined,0.040788592588701066,sensitivity_only
id:x%3A0x1.4000000000000p%2B2,21,0.462,1.54568,1.58116093000551,0.8698738483891382,defined,-0.040788592588701066,sensitivity_only
id:x%3A0x1.4000000000000p%2B2,22,0.484,1.55976,1.52427906999449,0.8698738483891382,defined,0.040788592588701066,sensitivity_only
id:x%3A0x1.4000000000000p%2B2,23,0.506,1.5738400000000001,1.6093209300055102,0.8698738483891386,defined,-0.040788592588701066,sensitivity_only
id:x%3A0x1.4000000000000p%2B2,24,0.528,1.58792,1.5524390699944899,0.8698738483891386,defined,0.040788592588701066,sensitivity_only
id:x%3A0x1.4000000000000p%2B2,25,0.55,1.602,1.6374809300055102,0.8698738483891386,defined,-0.040788592588701066,sensitivity_only
id:x%3A0x1.4000000000000p%2B2,26,0.572,1.61608,1.5805990699944898,0.8698738483891386,defined,0.040788592588701066,sensitivity_only
id:x%3A0x1.4000000000000p%2B2,27,0.594,1.63016,1.6656409300055102,0.8698738483891386,defined,-0.040788592588701066,sensitivity_only
id:x%3A0x1.4000000000000p%2B2,28,0.616,1.64424,1.6087590699944898,0.8698738483891386,defined,0.040788592588701066,sensitivity_only
id:x%3A0x1.4000000000000p%2B2,29,0.638,1.65832,1.6938009300055101,0.8698738483891386,defined,-0.040788592588701066,sensitivity_only
id:x%3A0x1.4000000000000p%2B2,30,0.66,1.6724,1.63691906999449,0.8698738483891386,defined,0.040788592588701066,sensitivity_only
id:x%3A0x1.4000000000000p%2B2,31,0.682,1.68648,1.72196093000551,0.8698738483891386,defined,-0.040788592588701066,sensitivity_only
id:x%3A0x1.4000000000000p%2B2,32,0.704,1.7005599999999998,1.6650790699944897,0.8698738483891386,defined,0.040788592588701066,sensitivity_only
id:x%3A0x1.4000000000000p%2B2,33,0.726,1.71464,1.75012093000551,0.8698738483891386,defined,-0.040788592588701066,sensitivity_only
id:x%3A0x1.4000000000000p%2B2,34,0.748,1.72872,1.69323906999449,0.8698738483891386,defined,0.040788592588701066,sensitivity_only
id:x%3A0x1.4000000000000p%2B2,35,0.77,1.7428,1.77828093000551,0.8698738483891386,defined,-0.040788592588701066,sensitivity_only
id:x%3A0x1.4000000000000p%2B2,36,0.792,1.75688,1.7213990699944899,0.8698738483891386,defined,0.040788592588701066,sensitivity_only
id:x%3A0x1.4000000000000p%2B2,37,0.814,1.77096,1.8064409300055102,0.8698738483891386,defined,-0.040788592588701066,sensitivity_only
id:x%3A0x1.4000000000000p%2B2,38,0.836,1.78504,1.7495590699944898,0.8698738483891386,defined,0.040788592588701066,sensitivity_only
id:x%3A0x1.4000000000000p%2B2,39,0.858,1.79912,1.8346009300055102,0.8698738483891386,defined,-0.040788592588701066,sensitivity_only
id:x%3A0x1.4000000000000p%2B2,40,0.88,1.8132000000000001,1.77771906999449,0.8698738483891386,defined,0.040788592588701066,sensitivity_only
id:x%3A0x1.4000000000000p%2B2,41,0.902,1.82728,1.8627609300055101,0.8698738483891386,defined,-0.040788592588701066,sensitivity_only
id:x%3A0x1.4000000000000p%2B2,42,0.924,1.8413599999999999,1.8058790699944898,0.8698738483891386,defined,0.040788592588701066,sensitivity_only
id:x%3A0x1.4000000000000p%2B2,43,0.946,1.85544,1.89092093000551,0.8698738483891386,defined,-0.040788592588701066,sensitivity_only
id:x%3A0x1.4000000000000p%2B2,44,0.968,1.86952,1.83403906999449,0.8698738483891386,defined,0.040788592588701066,sensitivity_only
id:x%3A0x1.4000000000000p%2B2,45,0.99,1.8836,1.91908093000551,0.8698738483891386,defined,-0.040788592588701066,sensitivity_only
id:x%3A0x1.4000000000000p%2B2,46,1.0,1.8900000000000001,1.85451906999449,0.8698738483891386,defined,0.040788592588701066,sensitivity_only
id:x%3A0x1.4000000000000p%2B2,47,1.012,1.89768,1.9331609300055101,0.8698738483891386,defined,-0.040788592588701066,sensitivity_only
id:x%3A0x1.4000000000000p%2B2,48,1.034,1.9117600000000001,1.87627906999449,0.8698738483891386,defined,0.040788592588701066,sensitivity_only
id:x%3A0x1.4000000000000p%2B2,49,1.056,1.92584,1.96132093000551,0.8698738483891386,defined,-0.040788592588701066,sensitivity_only
id:x%3A0x1.4000000000000p%2B2,50,1.078,1.93992,1.90443906999449,0.8698738483891386,defined,0.040788592588701066,sensitivity_only
id:x%3A0x1.4000000000000p%2B2,51,1.1,1.9540000000000002,1.9894809300055103,0.8698738483891386,defined,-0.040788592588701066,sensitivity_only
id:x%3A0x1.4000000000000p%2B2,52,1.122,1.96808,1.93259906999449,0.8698738483891386,defined,0.040788592588701066,sensitivity_only
id:x%3A0x1.4000000000000p%2B2,53,1.144,1.98216,2.01764093000551,0.8698738483891386,defined,-0.040788592588701066,sensitivity_only
id:x%3A0x1.4000000000000p%2B2,54,1.166,1.99624,1.96075906999449,0.8698738483891386,defined,0.040788592588701066,sensitivity_only
id:x%3A0x1.4000000000000p%2B2,55,1.188,2.01032,2.04580093000551,0.8698738483891386,defined,-0.040788592588701066,sensitivity_only
id:x%3A0x1.4000000000000p%2B2,56,1.21,2.0244,1.9889190699944899,0.8698738483891386,defined,0.040788592588701066,sensitivity_only
id:x%3A0x1.4000000000000p%2B2,57,1.232,2.03848,2.07396093000551,0.8698738483891386,defined,-0.040788592588701066,sensitivity_only
id:x%3A0x1.4000000000000p%2B2,58,1.254,2.05256,2.01707906999449,0.8698738483891386,defined,0.040788592588701066,sensitivity_only
id:x%3A0x1.4000000000000p%2B2,59,1.276,2.06664,2.10212093000551,0.8698738483891386,defined,-0.040788592588701066,sensitivity_only
id:x%3A0x1.4000000000000p%2B2,60,1.298,2.08072,2.04523906999449,0.8698738483891386,defined,0.040788592588701066,sensitivity_only
id:x%3A0x1.4000000000000p%2B2,61,1.32,2.0948,2.1302809300055103,0.8698738483891386,defined,-0.040788592588701066,sensitivity_only
id:x%3A0x1.4000000000000p%2B2,62,1.342,2.10888,2.07339906999449,0.8698738483891386,defined,0.040788592588701066,sensitivity_only
id:x%3A0x1.4000000000000p%2B2,63,1.364,2.12296,2.15844093000551,0.8698738483891386,defined,-0.040788592588701066,sensitivity_only
id:x%3A0x1.4000000000000p%2B2,64,1.386,2.13704,2.1015590699944897,0.8698738483891386,defined,0.040788592588701066,sensitivity_only
id:x%3A0x1.4000000000000p%2B2,65,1.408,2.1511199999999997,2.18660093000551,0.8698738483891386,defined,-0.040788592588701066,sensitivity_only
id:x%3A0x1.4000000000000p%2B2,66,1.43,2.1652,2.12971906999449,0.8698738483891386,defined,0.040788592588701066,sensitivity_only
id:x%3A0x1.4000000000000p%2B2,67,1.452,2.17928,2.21476093000551,0.8698738483891386,defined,-0.040788592588701066,sensitivity_only
id:x%3A0x1.4000000000000p%2B2,68,1.474,2.19336,2.15787906999449,0.8698738483891386,defined,0.040788592588701066,sensitivity_only
id:x%3A0x1.4000000000000p%2B2,69,1.496,2.20744,2.24292093000551,0.8698738483891386,defined,-0.040788592588701066,sensitivity_only
id:x%3A0x1.4000000000000p%2B2,70,1.518,2.22152,2.1764496294524602,1.1049748884943107,defined,0.040788592588701066,sensitivity_only
id:x%3A0x1.4000000000000p%2B2,71,1.54,2.2356,2.2806703705475395,1.1049748884943107,defined,-0.040788592588701066,sensitivity_only
id:x%3A0x1.4000000000000p%2B2,72,1.562,2.24968,2.2046096294524604,1.1049748884943107,defined,0.040788592588701066,sensitivity_only
id:x%3A0x1.4000000000000p%2B2,73,1.584,2.26376,2.3088303705475397,1.1049748884943107,defined,-0.040788592588701066,sensitivity_only
id:x%3A0x1.4000000000000p%2B2,74,1.606,2.2778400000000003,2.2327696294524606,1.1049748884943107,defined,0.040788592588701066,sensitivity_only
id:x%3A0x1.4000000000000p%2B2,75,1.628,2.29192,2.33699037054754,1.1049748884943107,defined,-0.040788592588701066,sensitivity_only
id:x%3A0x1.4000000000000p%2B2,76,1.65,2.306,2.2609296294524603,1.1049748884943107,defined,0.040788592588701066,sensitivity_only
id:x%3A0x1.4000000000000p%2B2,77,1.672,2.32008,2.3651503705475396,1.1049748884943107,defined,-0.040788592588701066,sensitivity_only
id:x%3A0x1.4000000000000p%2B2,78,1.694,2.33416,2.28908962945246,1.1049748884943107,defined,0.040788592588701066,sensitivity_only
id:x%3A0x1.4000000000000p%2B2,79,1.716,2.34824,2.39331037054754,1.1049748884943107,defined,-0.040788592588701066,sensitivity_only
id:x%3A0x1.4000000000000p%2B2,80,1.738,2.36232,2.3172496294524603,1.1049748884943107,defined,0.040788592588701066,sensitivity_only
id:x%3A0x1.4000000000000p%2B2,81,1.76,2.3764000000000003,2.42147037054754,1.1049748884943107,defined,-0.040788592588701066,sensitivity_only
id:x%3A0x1.4000000000000p%2B2,82,1.782,2.39048,2.3454096294524605,1.1049748884943107,defined,0.040788592588701066,sensitivity_only
id:x%3A0x1.4000000000000p%2B2,83,1.804,2.40456,2.4496303705475397,1.1049748884943107,defined,-0.040788592588701066,sensitivity_only
id:x%3A0x1.4000000000000p%2B2,84,1.826,2.41864,2.37356962945246,1.1049748884943107,defined,0.040788592588701066,sensitivity_only
id:x%3A0x1.4000000000000p%2B2,85,1.848,2.4327199999999998,2.4777903705475395,1.1049748884943107,defined,-0.040788592588701066,sensitivity_only
id:x%3A0x1.4000000000000p%2B2,86,1.87,2.4468,2.4017296294524604,1.1049748884943107,defined,0.040788592588701066,sensitivity_only
id:x%3A0x1.4000000000000p%2B2,87,1.892,2.46088,2.5059503705475397,1.1049748884943107,defined,-0.040788592588701066,sensitivity_only
id:x%3A0x1.4000000000000p%2B2,88,1.914,2.4749600000000003,2.4298896294524606,1.1049748884943107,defined,0.040788592588701066,sensitivity_only
id:x%3A0x1.4000000000000p%2B2,89,1.936,2.48904,2.53411037054754,1.1049748884943107,defined,-0.040788592588701066,sensitivity_only
id:x%3A0x1.4000000000000p%2B2,90,1.958,2.50312,2.4580496294524603,1.1049748884943107,defined,0.040788592588701066,sensitivity_only
id:x%3A0x1.4000000000000p%2B2,91,1.98,2.5172,2.5622703705475396,1.1049748884943107,defined,-0.040788592588701066,sensitivity_only
id:x%3A0x1.4000000000000p%2B2,92,2.0,2.5300000000000002,2.4849296294524605,1.1049748884943107,defined,0.040788592588701066,sensitivity_only
id:x%3A0x1.4000000000000p%2B2,93,2.002,2.5312799999999998,2.5763503705475395,1.1049748884943107,defined,-0.040788592588701066,sensitivity_only
id:x%3A0x1.4000000000000p%2B2,94,2.024,2.54536,2.5002896294524604,1.1049748884943107,defined,0.040788592588701066,sensitivity_only
id:x%3A0x1.4000000000000p%2B2,95,2.046,2.55944,2.6045103705475396,1.1049748884943107,defined,-0.040788592588701066,sensitivity_only
id:x%3A0x1.4000000000000p%2B2,96,2.068,2.5735200000000003,2.5284496294524605,1.1049748884943107,defined,0.040788592588701066,sensitivity_only
id:x%3A0x1.4000000000000p%2B2,97,2.09,2.5876,2.63267037054754,1.1049748884943107,defined,-0.040788592588701066,sensitivity_only
id:x%3A0x1.4000000000000p%2B2,98,2.112,2.60168,2.5566096294524603,1.1049748884943107,defined,0.040788592588701066,sensitivity_only
id:x%3A0x1.4000000000000p%2B2,99,2.134,2.61576,2.6608303705475396,1.1049748884943107,defined,-0.040788592588701066,sensitivity_only
id:x%3A0x1.4000000000000p%2B2,100,2.156,2.62984,2.5847696294524605,1.1049748884943107,defined,0.040788592588701066,sensitivity_only
id:x%3A0x1.4000000000000p%2B2,101,2.178,2.64392,2.6889903705475398,1.1049748884943107,defined,-0.040788592588701066,sensitivity_only
id:x%3A0x1.4000000000000p%2B2,102,2.2,2.6580000000000004,2.6129296294524607,1.1049748884943107,defined,0.040788592588701066,sensitivity_only
id:x%3A0x1.4000000000000p%2B2,103,2.222,2.6720800000000002,2.71715037054754,1.1049748884943107,defined,-0.040788592588701066,sensitivity_only
id:x%3A0x1.4000000000000p%2B2,104,2.244,2.68616,2.6410896294524604,1.1049748884943107,defined,0.040788592588701066,sensitivity_only
id:x%3A0x1.4000000000000p%2B2,105,2.266,2.70024,2.7453103705475397,1.1049748884943107,defined,-0.040788592588701066,sensitivity_only
id:x%3A0x1.4000000000000p%2B2,106,2.288,2.71432,2.66924962945246,1.1049748884943107,defined,0.040788592588701066,sensitivity_only
id:x%3A0x1.4000000000000p%2B2,107,2.31,2.7284,2.77347037054754,1.1049748884943107,defined,-0.040788592588701066,sensitivity_only
id:x%3A0x1.4000000000000p%2B2,108,2.332,2.74248,2.6974096294524603,1.1049748884943107,defined,0.040788592588701066,sensitivity_only
id:x%3A0x1.4000000000000p%2B2,109,2.354,2.7565600000000003,2.80163037054754,1.1049748884943107,defined,-0.040788592588701066,sensitivity_only
id:x%3A0x1.4000000000000p%2B2,110,2.376,2.77064,2.7255696294524605,1.1049748884943107,defined,0.040788592588701066,sensitivity_only
id:x%3A0x1.4000000000000p%2B2,111,2.398,2.78472,2.82979037054754,1.1049748884943107,defined,-0.040788592588701066,sensitivity_only
id:x%3A0x1.4000000000000p%2B2,112,2.42,2.7988,2.7537296294524602,1.1049748884943107,defined,0.040788592588701066,sensitivity_only
id:x%3A0x1.4000000000000p%2B2,113,2.442,2.81288,2.8579503705475395,1.1049748884943107,defined,-0.040788592588701066,sensitivity_only
id:x%3A0x1.4000000000000p%2B2,114,2.464,2.8269599999999997,2.78188962945246,1.1049748884943107,defined,0.040788592588701066,sensitivity_only
id:x%3A0x1.4000000000000p%2B2,115,2.486,2.8410400000000005,2.88611037054754,1.1049748884943107,defined,-0.040788592588701066,sensitivity_only
id:x%3A0x1.4000000000000p%2B2,116,2.508,2.8551200000000003,2.8148443497234754,0.9874243684417244,defined,0.040788592588701066,sensitivity_only
id:x%3A0x1.4000000000000p%2B2,117,2.53,2.8692,2.909475650276525,0.9874243684417244,defined,-0.040788592588701066,sensitivity_only
id:x%3A0x1.4000000000000p%2B2,118,2.552,2.88328,2.843004349723475,0.9874243684417244,defined,0.040788592588701066,sensitivity_only
id:x%3A0x1.4000000000000p%2B2,119,2.574,2.89736,2.937635650276525,0.9874243684417244,defined,-0.040788592588701066,sensitivity_only
id:x%3A0x1.4000000000000p%2B2,120,2.596,2.91144,2.871164349723475,0.9874243684417244,defined,0.040788592588701066,sensitivity_only
id:x%3A0x1.4000000000000p%2B2,121,2.618,2.9255199999999997,2.9657956502765246,0.9874243684417244,defined,-0.040788592588701066,sensitivity_only
id:x%3A0x1.4000000000000p%2B2,122,2.64,2.9396000000000004,2.8993243497234755,0.9874243684417244,defined,0.040788592588701066,sensitivity_only
id:x%3A0x1.4000000000000p%2B2,123,2.662,2.9536800000000003,2.993955650276525,0.9874243684417244,defined,-0.040788592588701066,sensitivity_only
id:x%3A0x1.4000000000000p%2B2,124,2.684,2.96776,2.9274843497234753,0.9874243684417244,defined,0.040788592588701066,sensitivity_only
id:x%3A0x1.4000000000000p%2B2,125,2.706,2.98184,3.022115650276525,0.9874243684417244,defined,-0.040788592588701066,sensitivity_only
id:x%3A0x1.4000000000000p%2B2,126,2.728,2.99592,2.955644349723475,0.9874243684417244,defined,0.040788592588701066,sensitivity_only
id:x%3A0x1.4000000000000p%2B2,127,2.75,3.01,3.0502756502765247,0.9874243684417244,defined,-0.040788592588701066,sensitivity_only
id:x%3A0x1.4000000000000p%2B2,128,2.772,3.0240799999999997,2.9838043497234747,0.9874243684417244,defined,0.040788592588701066,sensitivity_only
id:x%3A0x1.4000000000000p%2B2,129,2.794,3.03816,3.078435650276525,0.9874243684417244,defined,-0.040788592588701066,sensitivity_only
id:x%3A0x1.4000000000000p%2B2,130,2.816,3.05224,3.011964349723475,0.9874243684417244,defined,0.040788592588701066,sensitivity_only
id:x%3A0x1.4000000000000p%2B2,131,2.838,3.06632,3.106595650276525,0.9874243684417244,defined,-0.040788592588701066,sensitivity_only
id:x%3A0x1.4000000000000p%2B2,132,2.86,3.0804,3.040124349723475,0.9874243684417244,defined,0.040788592588701066,sensitivity_only
id:x%3A0x1.4000000000000p%2B2,133,2.882,3.09448,3.134755650276525,0.9874243684417244,defined,-0.040788592588701066,sensitivity_only
id:x%3A0x1.4000000000000p%2B2,134,2.904,3.1085599999999998,3.068284349723475,0.9874243684417244,defined,0.040788592588701066,sensitivity_only
id:x%3A0x1.4000000000000p%2B2,135,2.926,3.12264,3.162915650276525,0.9874243684417244,defined,-0.040788592588701066,sensitivity_only
id:x%3A0x1.4000000000000p%2B2,136,2.948,3.13672,3.096444349723475,0.9874243684417244,defined,0.040788592588701066,sensitivity_only
id:x%3A0x1.4000000000000p%2B2,137,2.97,3.1508000000000003,3.191075650276525,0.9874243684417244,defined,-0.040788592588701066,sensitivity_only
id:x%3A0x1.4000000000000p%2B2,138,2.992,3.16488,3.1246043497234752,0.9874243684417244,defined,0.040788592588701066,sensitivity_only
id:x%3A0x1.4000000000000p%2B2,139,3.0,3.17,3.210275650276525,0.9874243684417244,defined,-0.040788592588701066,sensitivity_only
id:x%3A0x1.4000000000000p%2B2,140,3.014,3.17896,3.138684349723475,0.9874243684417244,defined,0.040788592588701066,sensitivity_only
id:x%3A0x1.4000000000000p%2B2,141,3.036,3.19304,3.233315650276525,0.9874243684417244,defined,-0.040788592588701066,sensitivity_only
id:x%3A0x1.4000000000000p%2B2,142,3.058,3.2071199999999997,3.166844349723475,0.9874243684417244,defined,0.040788592588701066,sensitivity_only
id:x%3A0x1.4000000000000p%2B2,143,3.08,3.2212,3.261475650276525,0.9874243684417244,defined,-0.040788592588701066,sensitivity_only
id:x%3A0x1.4000000000000p%2B2,144,3.102,3.23528,3.195004349723475,0.9874243684417244,defined,0.040788592588701066,sensitivity_only
id:x%3A0x1.4000000000000p%2B2,145,3.124,3.2493600000000002,3.289635650276525,0.9874243684417244,defined,-0.040788592588701066,sensitivity_only
id:x%3A0x1.4000000000000p%2B2,146,3.146,3.26344,3.223164349723475,0.9874243684417244,defined,0.040788592588701066,sensitivity_only
id:x%3A0x1.4000000000000p%2B2,147,3.168,3.27752,3.317795650276525,0.9874243684417244,defined,-0.040788592588701066,sensitivity_only
id:x%3A0x1.4000000000000p%2B2,148,3.19,3.2916,3.251324349723475,0.9874243684417244,defined,0.040788592588701066,sensitivity_only
id:x%3A0x1.4000000000000p%2B2,149,3.212,3.30568,3.345955650276525,0.9874243684417244,defined,-0.040788592588701066,sensitivity_only
id:x%3A0x1.4000000000000p%2B2,150,3.234,3.31976,3.279484349723475,0.9874243684417244,defined,0.040788592588701066,sensitivity_only
id:x%3A0x1.4000000000000p%2B2,151,3.256,3.33384,3.374115650276525,0.9874243684417244,defined,-0.040788592588701066,sensitivity_only
id:x%3A0x1.4000000000000p%2B2,152,3.278,3.3479200000000002,3.3076443497234753,0.9874243684417244,defined,0.040788592588701066,sensitivity_only
id:x%3A0x1.4000000000000p%2B2,153,3.3,3.362,3.402275650276525,0.9874243684417244,defined,-0.040788592588701066,sensitivity_only
id:x%3A0x1.4000000000000p%2B2,154,3.322,3.37608,3.335804349723475,0.9874243684417244,defined,0.040788592588701066,sensitivity_only
id:x%3A0x1.4000000000000p%2B2,155,3.344,3.39016,3.4304356502765248,0.9874243684417244,defined,-0.040788592588701066,sensitivity_only
id:x%3A0x1.4000000000000p%2B2,156,3.366,3.40424,3.3639643497234752,0.9874243684417244,defined,0.040788592588701066,sensitivity_only
id:x%3A0x1.4000000000000p%2B2,157,3.388,3.41832,3.458595650276525,0.9874243684417244,defined,-0.040788592588701066,sensitivity_only
id:x%3A0x1.4000000000000p%2B2,158,3.41,3.4324000000000003,3.3921243497234754,0.9874243684417244,defined,0.040788592588701066,sensitivity_only
id:x%3A0x1.4000000000000p%2B2,159,3.432,3.44648,3.486755650276525,0.9874243684417244,defined,-0.040788592588701066,sensitivity_only
id:x%3A0x1.4000000000000p%2B2,160,3.454,3.46056,3.420284349723475,0.9874243684417244,defined,0.040788592588701066,sensitivity_only
id:x%3A0x1.4000000000000p%2B2,161,3.476,3.47464,3.514915650276525,0.9874243684417244,defined,-0.040788592588701066,sensitivity_only
id:x%3A0x1.4000000000000p%2B2,162,3.498,3.4887200000000003,3.4484443497234754,0.9874243684417244,defined,0.040788592588701066,sensitivity_only
id:x%3A0x1.4000000000000p%2B2,163,3.52,3.5028,3.5382809300055102,0.8698738483891386,defined,-0.040788592588701066,sensitivity_only
id:x%3A0x1.4000000000000p%2B2,164,3.542,3.51688,3.48139906999449,0.8698738483891386,defined,0.040788592588701066,sensitivity_only
id:x%3A0x1.4000000000000p%2B2,165,3.564,3.53096,3.56644093000551,0.8698738483891386,defined,-0.040788592588701066,sensitivity_only
id:x%3A0x1.4000000000000p%2B2,166,3.586,3.5450399999999997,3.5095590699944896,0.8698738483891386,defined,0.040788592588701066,sensitivity_only
id:x%3A0x1.4000000000000p%2B2,167,3.608,3.55912,3.59460093000551,0.8698738483891386,defined,-0.040788592588701066,sensitivity_only
id:x%3A0x1.4000000000000p%2B2,168,3.63,3.5732,3.53771906999449,0.8698738483891386,defined,0.040788592588701066,sensitivity_only
id:x%3A0x1.4000000000000p%2B2,169,3.652,3.5872800000000002,3.6227609300055104,0.8698738483891386,defined,-0.040788592588701066,sensitivity_only
id:x%3A0x1.4000000000000p%2B2,170,3.674,3.60136,3.56587906999449,0.8698738483891386,defined,0.040788592588701066,sensitivity_only
id:x%3A0x1.4000000000000p%2B2,171,3.696,3.61544,3.65092093000551,0.8698738483891386,defined,-0.040788592588701066,sensitivity_only
id:x%3A0x1.4000000000000p%2B2,172,3.718,3.62952,3.5940390699944897,0.8698738483891386,defined,0.040788592588701066,sensitivity_only
id:x%3A0x1.4000000000000p%2B2,173,3.74,3.6436,3.6790809300055103,0.8698738483891386,defined,-0.040788592588701066,sensitivity_only
id:x%3A0x1.4000000000000p%2B2,174,3.762,3.65768,3.62219906999449,0.8698738483891386,defined,0.040788592588701066,sensitivity_only
id:x%3A0x1.4000000000000p%2B2,175,3.784,3.67176,3.70724093000551,0.8698738483891386,defined,-0.040788592588701066,sensitivity_only
id:x%3A0x1.4000000000000p%2B2,176,3.806,3.6858400000000002,3.65035906999449,0.8698738483891386,defined,0.040788592588701066,sensitivity_only
id:x%3A0x1.4000000000000p%2B2,177,3.828,3.69992,3.73540093000551,0.8698738483891386,defined,-0.040788592588701066,sensitivity_only
id:x%3A0x1.4000000000000p%2B2,178,3.85,3.714,3.67851906999449,0.8698738483891386,defined,0.040788592588701066,sensitivity_only
id:x%3A0x1.4000000000000p%2B2,179,3.872,3.72808,3.76356093000551,0.8698738483891386,defined,-0.040788592588701066,sensitivity_only
id:x%3A0x1.4000000000000p%2B2,180,3.894,3.74216,3.70667906999449,0.8698738483891386,defined,0.040788592588701066,sensitivity_only
id:x%3A0x1.4000000000000p%2B2,181,3.916,3.75624,3.79172093000551,0.8698738483891386,defined,-0.040788592588701066,sensitivity_only
id:x%3A0x1.4000000000000p%2B2,182,3.938,3.7703200000000003,3.7348390699944902,0.8698738483891386,defined,0.040788592588701066,sensitivity_only
id:x%3A0x1.4000000000000p%2B2,183,3.96,3.7844,3.8198809300055103,0.8698738483891386,defined,-0.040788592588701066,sensitivity_only
id:x%3A0x1.4000000000000p%2B2,184,3.982,3.79848,3.76299906999449,0.8698738483891386,defined,0.040788592588701066,sensitivity_only
id:x%3A0x1.4000000000000p%2B2,185,4.0,3.81,3.84548093000551,0.8698738483891386,defined,-0.040788592588701066,sensitivity_only
id:x%3A0x1.4000000000000p%2B2,186,4.004,3.81256,3.77707906999449,0.8698738483891386,defined,0.040788592588701066,sensitivity_only
id:x%3A0x1.4000000000000p%2B2,187,4.026,3.82664,3.86212093000551,0.8698738483891386,defined,-0.040788592588701066,sensitivity_only
id:x%3A0x1.4000000000000p%2B2,188,4.048,3.84072,3.80523906999449,0.8698738483891386,defined,0.040788592588701066,sensitivity_only
id:x%3A0x1.4000000000000p%2B2,189,4.07,3.8548000000000004,3.8902809300055106,0.8698738483891386,defined,-0.040788592588701066,sensitivity_only
id:x%3A0x1.4000000000000p%2B2,190,4.092,3.86888,3.8333990699944898,0.8698738483891386,defined,0.040788592588701066,sensitivity_only
id:x%3A0x1.4000000000000p%2B2,191,4.114,3.88296,3.9184409300055103,0.8698738483891386,defined,-0.040788592588701066,sensitivity_only
id:x%3A0x1.4000000000000p%2B2,192,4.136,3.89704,3.86155906999449,0.8698738483891386,defined,0.040788592588701066,sensitivity_only
id:x%3A0x1.4000000000000p%2B2,193,4.158,3.9111200000000004,3.9466009300055105,0.8698738483891386,defined,-0.040788592588701066,sensitivity_only
id:x%3A0x1.4000000000000p%2B2,194,4.18,3.9252,3.8897190699944897,0.8698738483891386,defined,0.040788592588701066,sensitivity_only
id:x%3A0x1.4000000000000p%2B2,195,4.202,3.93928,3.9747609300055102,0.8698738483891386,defined,-0.040788592588701066,sensitivity_only
id:x%3A0x1.4000000000000p%2B2,196,4.224,3.95336,3.91787906999449,0.8698738483891386,defined,0.040788592588701066,sensitivity_only
id:x%3A0x1.4000000000000p%2B2,197,4.246,3.9674400000000003,4.00292093000551,0.8698738483891386,defined,-0.040788592588701066,sensitivity_only
id:x%3A0x1.4000000000000p%2B2,198,4.268,3.9815199999999997,3.9460390699944896,0.8698738483891386,defined,0.040788592588701066,sensitivity_only
id:x%3A0x1.4000000000000p%2B2,199,4.29,3.9956,4.03108093000551,0.8698738483891386,defined,-0.040788592588701066,sensitivity_only
id:x%3A0x1.4000000000000p%2B2,200,4.312,4.00968,3.9741990699944902,0.8698738483891386,defined,0.040788592588701066,sensitivity_only
id:x%3A0x1.4000000000000p%2B2,201,4.334,4.023759999999999,4.059240930005509,0.8698738483891386,defined,-0.040788592588701066,sensitivity_only
id:x%3A0x1.4000000000000p%2B2,202,4.356,4.03784,4.00235906999449,0.8698738483891386,defined,0.040788592588701066,sensitivity_only
id:x%3A0x1.4000000000000p%2B2,203,4.378,4.05192,4.08740093000551,0.8698738483891386,defined,-0.040788592588701066,sensitivity_only
id:x%3A0x1.4000000000000p%2B2,204,4.4,4.066000000000001,4.030519069994491,0.8698738483891386,defined,0.040788592588701066,sensitivity_only
id:x%3A0x1.4000000000000p%2B2,205,4.422,4.08008,4.115560930005509,0.8698738483891386,defined,-0.040788592588701066,sensitivity_only
id:x%3A0x1.4000000000000p%2B2,206,4.444,4.0941600000000005,4.058679069994491,0.8698738483891386,defined,0.040788592588701066,sensitivity_only
id:x%3A0x1.4000000000000p%2B2,207,4.466,4.10824,4.14372093000551,0.8698738483891386,defined,-0.040788592588701066,sensitivity_only
id:x%3A0x1.4000000000000p%2B2,208,4.488,4.12232,4.0868390699944905,0.8698738483891386,defined,0.040788592588701066,sensitivity_only
id:x%3A0x1.4000000000000p%2B2,209,4.51,4.1364,4.176675650276525,0.9874243684417244,defined,-0.040788592588701066,sensitivity_only
id:x%3A0x1.4000000000000p%2B2,210,4.532,4.15048,4.110204349723475,0.9874243684417244,defined,0.040788592588701066,sensitivity_only
id:x%3A0x1.4000000000000p%2B2,211,4.554,4.16456,4.204835650276525,0.9874243684417244,defined,-0.040788592588701066,sensitivity_only
id:x%3A0x1.4000000000000p%2B2,212,4.576,4.17864,4.138364349723474,0.9874243684417244,defined,0.040788592588701066,sensitivity_only
id:x%3A0x1.4000000000000p%2B2,213,4.598,4.19272,4.232995650276525,0.9874243684417244,defined,-0.040788592588701066,sensitivity_only
id:x%3A0x1.4000000000000p%2B2,214,4.62,4.2068,4.166524349723475,0.9874243684417244,defined,0.040788592588701066,sensitivity_only
id:x%3A0x1.4000000000000p%2B2,215,4.642,4.22088,4.2611556502765255,0.9874243684417244,defined,-0.040788592588701066,sensitivity_only
id:x%3A0x1.4000000000000p%2B2,216,4.664,4.23496,4.194684349723475,0.9874243684417244,defined,0.040788592588701066,sensitivity_only
id:x%3A0x1.4000000000000p%2B2,217,4.686,4.24904,4.289315650276525,0.9874243684417244,defined,-0.040788592588701066,sensitivity_only
id:x%3A0x1.4000000000000p%2B2,218,4.708,4.263120000000001,4.222844349723475,0.9874243684417244,defined,0.040788592588701066,sensitivity_only
id:x%3A0x1.4000000000000p%2B2,219,4.73,4.277200000000001,4.317475650276526,0.9874243684417244,defined,-0.040788592588701066,sensitivity_only
id:x%3A0x1.4000000000000p%2B2,220,4.752,4.29128,4.251004349723475,0.9874243684417244,defined,0.040788592588701066,sensitivity_only
id:x%3A0x1.4000000000000p%2B2,221,4.774,4.30536,4.345635650276526,0.9874243684417244,defined,-0.040788592588701066,sensitivity_only
id:x%3A0x1.4000000000000p%2B2,222,4.796,4.31944,4.279164349723475,0.9874243684417244,defined,0.040788592588701066,sensitivity_only
id:x%3A0x1.4000000000000p%2B2,223,4.818,4.33352,4.373795650276525,0.9874243684417244,defined,-0.040788592588701066,sensitivity_only
id:x%3A0x1.4000000000000p%2B2,224,4.84,4.3476,4.3073243497234746,0.9874243684417244,defined,0.040788592588701066,sensitivity_only
id:x%3A0x1.4000000000000p%2B2,225,4.862,4.36168,4.401955650276525,0.9874243684417244,defined,-0.040788592588701066,sensitivity_only
id:x%3A0x1.4000000000000p%2B2,226,4.884,4.37576,4.335484349723474,0.9874243684417244,defined,0.040788592588701066,sensitivity_only
id:x%3A0x1.4000000000000p%2B2,227,4.906,4.3898399999999995,4.430115650276525,0.9874243684417244,defined,-0.040788592588701066,sensitivity_only
id:x%3A0x1.4000000000000p%2B2,228,4.928,4.403919999999999,4.363644349723474,0.9874243684417244,defined,0.040788592588701066,sensitivity_only
id:x%3A0x1.4000000000000p%2B2,229,4.95,4.418,4.4582756502765255,0.9874243684417244,defined,-0.040788592588701066,sensitivity_only
id:x%3A0x1.4000000000000p%2B2,230,4.972,4.432080000000001,4.3918043497234756,0.9874243684417244,defined,0.040788592588701066,sensitivity_only
id:x%3A0x1.4000000000000p%2B2,231,4.994,4.44616,4.486435650276525,0.9874243684417244,defined,-0.040788592588701066,sensitivity_only
id:x%3A0x1.4000000000000p%2B2,232,5.0,4.45,4.409724349723475,0.9874243684417244,defined,0.040788592588701066,sensitivity_only
id:x%3A0x1.4000000000000p%2B2,233,5.016,4.460240000000001,4.500515650276526,0.9874243684417244,defined,-0.040788592588701066,sensitivity_only
id:x%3A0x1.4000000000000p%2B2,234,5.038,4.4743200000000005,4.434044349723475,0.9874243684417244,defined,0.040788592588701066,sensitivity_only
id:x%3A0x1.4000000000000p%2B2,235,5.06,4.4884,4.528675650276526,0.9874243684417244,defined,-0.040788592588701066,sensitivity_only
id:x%3A0x1.4000000000000p%2B2,236,5.082,4.50248,4.462204349723475,0.9874243684417244,defined,0.040788592588701066,sensitivity_only
id:x%3A0x1.4000000000000p%2B2,237,5.104,4.51656,4.5568356502765255,0.9874243684417244,defined,-0.040788592588701066,sensitivity_only
id:x%3A0x1.4000000000000p%2B2,238,5.126,4.53064,4.490364349723475,0.9874243684417244,defined,0.040788592588701066,sensitivity_only
id:x%3A0x1.4000000000000p%2B2,239,5.148,4.54472,4.584995650276525,0.9874243684417244,defined,-0.040788592588701066,sensitivity_only
id:x%3A0x1.4000000000000p%2B2,240,5.17,4.5588,4.518524349723474,0.9874243684417244,defined,0.040788592588701066,sensitivity_only
id:x%3A0x1.4000000000000p%2B2,241,5.192,4.57288,4.613155650276525,0.9874243684417244,defined,-0.040788592588701066,sensitivity_only
id:x%3A0x1.4000000000000p%2B2,242,5.214,4.58696,4.546684349723475,0.9874243684417244,defined,0.040788592588701066,sensitivity_only
id:x%3A0x1.4000000000000p%2B2,243,5.236,4.601039999999999,4.641315650276525,0.9874243684417244,defined,-0.040788592588701066,sensitivity_only
id:x%3A0x1.4000000000000p%2B2,244,5.258,4.61512,4.574844349723475,0.9874243684417244,defined,0.040788592588701066,sensitivity_only
id:x%3A0x1.4000000000000p%2B2,245,5.28,4.629200000000001,4.669475650276526,0.9874243684417244,defined,-0.040788592588701066,sensitivity_only
id:x%3A0x1.4000000000000p%2B2,246,5.302,4.64328,4.6030043497234745,0.9874243684417244,defined,0.040788592588701066,sensitivity_only
id:x%3A0x1.4000000000000p%2B2,247,5.324,4.657360000000001,4.697635650276526,0.9874243684417244,defined,-0.040788592588701066,sensitivity_only
id:x%3A0x1.4000000000000p%2B2,248,5.346,4.6714400000000005,4.631164349723475,0.9874243684417244,defined,0.040788592588701066,sensitivity_only
id:x%3A0x1.4000000000000p%2B2,249,5.368,4.68552,4.725795650276526,0.9874243684417244,defined,-0.040788592588701066,sensitivity_only
id:x%3A0x1.4000000000000p%2B2,250,5.39,4.6996,4.659324349723475,0.9874243684417244,defined,0.040788592588701066,sensitivity_only
id:x%3A0x1.4000000000000p%2B2,251,5.412,4.71368,4.7539556502765254,0.9874243684417244,defined,-0.040788592588701066,sensitivity_only
id:x%3A0x1.4000000000000p%2B2,252,5.434,4.72776,4.687484349723475,0.9874243684417244,defined,0.040788592588701066,sensitivity_only
id:x%3A0x1.4000000000000p%2B2,253,5.456,4.74184,4.782115650276525,0.9874243684417244,defined,-0.040788592588701066,sensitivity_only
id:x%3A0x1.4000000000000p%2B2,254,5.478,4.75592,4.715644349723474,0.9874243684417244,defined,0.040788592588701066,sensitivity_only
id:x%3A0x1.4000000000000p%2B2,255,5.5,4.77,4.810275650276525,0.9874243684417244,defined,-0.040788592588701066,sensitivity_only
id:x%3A0x1.4000000000000p%2B2,256,5.522,4.78408,4.748599069994491,0.8698738483891382,defined,0.040788592588701066,sensitivity_only
id:x%3A0x1.4000000000000p%2B2,257,5.544,4.798159999999999,4.833640930005509,0.8698738483891382,defined,-0.040788592588701066,sensitivity_only
id:x%3A0x1.4000000000000p%2B2,258,5.566,4.81224,4.77675906999449,0.8698738483891382,defined,0.040788592588701066,sensitivity_only
id:x%3A0x1.4000000000000p%2B2,259,5.588,4.82632,4.86180093000551,0.8698738483891382,defined,-0.040788592588701066,sensitivity_only
id:x%3A0x1.4000000000000p%2B2,260,5.61,4.840400000000001,4.804919069994491,0.8698738483891382,defined,0.040788592588701066,sensitivity_only
id:x%3A0x1.4000000000000p%2B2,261,5.632,4.85448,4.889960930005509,0.8698738483891382,defined,-0.040788592588701066,sensitivity_only
id:x%3A0x1.4000000000000p%2B2,262,5.654,4.86856,4.833079069994491,0.8698738483891382,defined,0.040788592588701066,sensitivity_only
id:x%3A0x1.4000000000000p%2B2,263,5.676,4.88264,4.91812093000551,0.8698738483891382,defined,-0.040788592588701066,sensitivity_only
id:x%3A0x1.4000000000000p%2B2,264,5.698,4.89672,4.8612390699944905,0.8698738483891382,defined,0.040788592588701066,sensitivity_only
id:x%3A0x1.4000000000000p%2B2,265,5.72,4.9108,4.94628093000551,0.8698738483891382,defined,-0.040788592588701066,sensitivity_only
id:x%3A0x1.4000000000000p%2B2,266,5.742,4.92488,4.88939906999449,0.8698738483891382,defined,0.040788592588701066,sensitivity_only
id:x%3A0x1.4000000000000p%2B2,267,5.764,4.93896,4.9744409300055095,0.8698738483891382,defined,-0.040788592588701066,sensitivity_only
id:x%3A0x1.4000000000000p%2B2,268,5.786,4.95304,4.91755906999449,0.8698738483891382,defined,0.040788592588701066,sensitivity_only
id:x%3A0x1.4000000000000p%2B2,269,5.808,4.9671199999999995,5.002600930005509,0.8698738483891382,defined,-0.040788592588701066,sensitivity_only
id:x%3A0x1.4000000000000p%2B2,270,5.83,4.9812,4.945719069994491,0.8698738483891382,defined,0.040788592588701066,sensitivity_only
id:x%3A0x1.4000000000000p%2B2,271,5.852,4.99528,5.03076093000551,0.8698738483891382,defined,-0.040788592588701066,sensitivity_only
id:x%3A0x1.4000000000000p%2B2,272,5.874,5.00936,4.97387906999449,0.8698738483891382,defined,0.040788592588701066,sensitivity_only
id:x%3A0x1.4000000000000p%2B2,273,5.896,5.02344,5.05892093000551,0.8698738483891382,defined,-0.040788592588701066,sensitivity_only
id:x%3A0x1.4000000000000p%2B2,274,5.918,5.037520000000001,5.002039069994491,0.8698738483891382,defined,0.040788592588701066,sensitivity_only
id:x%3A0x1.4000000000000p%2B2,275,5.94,5.0516000000000005,5.08708093000551,0.8698738483891382,defined,-0.040788592588701066,sensitivity_only
id:x%3A0x1.4000000000000p%2B2,276,5.962,5.06568,5.030199069994491,0.8698738483891382,defined,0.040788592588701066,sensitivity_only
id:x%3A0x1.4000000000000p%2B2,277,5.984,5.07976,5.11524093000551,0.8698738483891382,defined,-0.040788592588701066,sensitivity_only
id:x%3A0x1.4000000000000p%2B2,278,6.0,5.09,5.05451906999449,0.8698738483891382,defined,0.040788592588701066,sensitivity_only
id:x%3A0x1.4000000000000p%2B2,279,6.006,5.09384,5.12932093000551,0.8698738483891382,defined,-0.040788592588701066,sensitivity_only
id:x%3A0x1.4000000000000p%2B2,280,6.028,5.10792,5.07243906999449,0.8698738483891382,defined,0.040788592588701066,sensitivity_only
id:x%3A0x1.4000000000000p%2B2,281,6.05,5.122,5.15748093000551,0.8698738483891382,defined,-0.040788592588701066,sensitivity_only
id:x%3A0x1.4000000000000p%2B2,282,6.072,5.13608,5.10059906999449,0.8698738483891382,defined,0.040788592588701066,sensitivity_only
id:x%3A0x1.4000000000000p%2B2,283,6.094,5.15016,5.185640930005509,0.8698738483891382,defined,-0.040788592588701066,sensitivity_only
id:x%3A0x1.4000000000000p%2B2,284,6.116,5.1642399999999995,5.12875906999449,0.8698738483891382,defined,0.040788592588701066,sensitivity_only
id:x%3A0x1.4000000000000p%2B2,285,6.138,5.178319999999999,5.213800930005509,0.8698738483891382,defined,-0.040788592588701066,sensitivity_only
id:x%3A0x1.4000000000000p%2B2,286,6.16,5.1924,5.1569190699944905,0.8698738483891382,defined,0.040788592588701066,sensitivity_only
id:x%3A0x1.4000000000000p%2B2,287,6.182,5.206480000000001,5.2419609300055106,0.8698738483891382,defined,-0.040788592588701066,sensitivity_only
id:x%3A0x1.4000000000000p%2B2,288,6.204,5.22056,5.18507906999449,0.8698738483891382,defined,0.040788592588701066,sensitivity_only
id:x%3A0x1.4000000000000p%2B2,289,6.226,5.234640000000001,5.27012093000551,0.8698738483891382,defined,-0.040788592588701066,sensitivity_only
id:x%3A0x1.4000000000000p%2B2,290,6.248,5.2487200000000005,5.213239069994491,0.8698738483891382,defined,0.040788592588701066,sensitivity_only
id:x%3A0x1.4000000000000p%2B2,291,6.27,5.2627999999999995,5.298280930005509,0.8698738483891382,defined,-0.040788592588701066,sensitivity_only
id:x%3A0x1.4000000000000p%2B2,292,6.292,5.27688,5.241399069994491,0.8698738483891382,defined,0.040788592588701066,sensitivity_only
id:x%3A0x1.4000000000000p%2B2,293,6.314,5.29096,5.32644093000551,0.8698738483891382,defined,-0.040788592588701066,sensitivity_only
id:x%3A0x1.4000000000000p%2B2,294,6.336,5.30504,5.26955906999449,0.8698738483891382,defined,0.040788592588701066,sensitivity_only
id:x%3A0x1.4000000000000p%2B2,295,6.358,5.31912,5.3546009300055095,0.8698738483891382,defined,-0.040788592588701066,sensitivity_only
id:x%3A0x1.4000000000000p%2B2,296,6.38,5.3332,5.29771906999449,0.8698738483891382,defined,0.040788592588701066,sensitivity_only
id:x%3A0x1.4000000000000p%2B2,297,6.402,5.3472800000000005,5.38276093000551,0.8698738483891382,defined,-0.040788592588701066,sensitivity_only
id:x%3A0x1.4000000000000p%2B2,298,6.424,5.36136,5.325879069994491,0.8698738483891382,defined,0.040788592588701066,sensitivity_only
id:x%3A0x1.4000000000000p%2B2,299,6.446,5.37544,5.41092093000551,0.8698738483891382,defined,-0.040788592588701066,sensitivity_only
id:x%3A0x1.4000000000000p%2B2,300,6.468,5.38952,5.35403906999449,0.8698738483891382,defined,0.040788592588701066,sensitivity_only
id:x%3A0x1.4000000000000p%2B2,301,6.49,5.4036,5.43908093000551,0.8698738483891382,defined,-0.040788592588701066,sensitivity_only
id:x%3A0x1.4000000000000p%2B2,302,6.512,5.41768,5.383239626308625,0.8443628844628325,defined,0.040788592588701066,sensitivity_only
id:x%3A0x1.4000000000000p%2B2,303,6.534,5.43176,5.4662003736913745,0.8443628844628325,defined,-0.040788592588701066,sensitivity_only
id:x%3A0x1.4000000000000p%2B2,304,6.556,5.4458400000000005,5.411399626308626,0.8443628844628325,defined,0.040788592588701066,sensitivity_only
id:x%3A0x1.4000000000000p%2B2,305,6.578,5.45992,5.494360373691375,0.8443628844628325,defined,-0.040788592588701066,sensitivity_only
id:x%3A0x1.4000000000000p%2B2,306,6.6,5.474,5.439559626308625,0.8443628844628325,defined,0.040788592588701066,sensitivity_only
id:x%3A0x1.4000000000000p%2B2,307,6.622,5.48808,5.522520373691375,0.8443628844628325,defined,-0.040788592588701066,sensitivity_only
id:x%3A0x1.4000000000000p%2B2,308,6.644,5.50216,5.467719626308625,0.8443628844628325,defined,0.040788592588701066,sensitivity_only
id:x%3A0x1.4000000000000p%2B2,309,6.666,5.516240000000001,5.5506803736913755,0.8443628844628325,defined,-0.040788592588701066,sensitivity_only
id:x%3A0x1.4000000000000p%2B2,310,6.688,5.53032,5.495879626308625,0.8443628844628325,defined,0.040788592588701066,sensitivity_only
id:x%3A0x1.4000000000000p%2B2,311,6.71,5.5444,5.578840373691375,0.8443628844628325,defined,-0.040788592588701066,sensitivity_only
id:x%3A0x1.4000000000000p%2B2,312,6.732,5.55848,5.5240396263086256,0.8443628844628325,defined,0.040788592588701066,sensitivity_only
id:x%3A0x1.4000000000000p%2B2,313,6.754,5.57256,5.607000373691375,0.8443628844628325,defined,-0.040788592588701066,sensitivity_only
id:x%3A0x1.4000000000000p%2B2,314,6.776,5.58664,5.552199626308625,0.8443628844628325,defined,0.040788592588701066,sensitivity_only
id:x%3A0x1.4000000000000p%2B2,315,6.798,5.60072,5.635160373691375,0.8443628844628325,defined,-0.040788592588701066,sensitivity_only
id:x%3A0x1.4000000000000p%2B2,316,6.82,5.614800000000001,5.580359626308626,0.8443628844628325,defined,0.040788592588701066,sensitivity_only
id:x%3A0x1.4000000000000p%2B2,317,6.842,5.62888,5.663320373691374,0.8443628844628325,defined,-0.040788592588701066,sensitivity_only
id:x%3A0x1.4000000000000p%2B2,318,6.864,5.64296,5.608519626308626,0.8443628844628325,defined,0.040788592588701066,sensitivity_only
id:x%3A0x1.4000000000000p%2B2,319,6.886,5.65704,5.691480373691375,0.8443628844628325,defined,-0.040788592588701066,sensitivity_only
id:x%3A0x1.4000000000000p%2B2,320,6.908,5.67112,5.636679626308625,0.8443628844628325,defined,0.040788592588701066,sensitivity_only
id:x%3A0x1.4000000000000p%2B2,321,6.93,5.6852,5.719640373691375,0.8443628844628325,defined,-0.040788592588701066,sensitivity_only
id:x%3A0x1.4000000000000p%2B2,322,6.952,5.69928,5.664839626308625,0.8443628844628325,defined,0.040788592588701066,sensitivity_only
id:x%3A0x1.4000000000000p%2B2,323,6.974,5.713360000000001,5.747800373691375,0.8443628844628325,defined,-0.040788592588701066,sensitivity_only
id:x%3A0x1.4000000000000p%2B2,324,6.996,5.7274400000000005,5.692999626308626,0.8443628844628325,defined,0.040788592588701066,sensitivity_only
id:x%3A0x1.4000000000000p%2B2,325,7.0,5.73,5.764440373691375,0.8443628844628325,defined,-0.040788592588701066,sensitivity_only
id:x%3A0x1.4000000000000p%2B2,326,7.018,5.74152,5.707079626308626,0.8443628844628325,defined,0.040788592588701066,sensitivity_only
id:x%3A0x1.4000000000000p%2B2,327,7.04,5.7556,5.790040373691375,0.8443628844628325,defined,-0.040788592588701066,sensitivity_only
id:x%3A0x1.4000000000000p%2B2,328,7.062,5.76968,5.735239626308625,0.8443628844628325,defined,0.040788592588701066,sensitivity_only
id:x%3A0x1.4000000000000p%2B2,329,7.084,5.78376,5.818200373691375,0.8443628844628325,defined,-0.040788592588701066,sensitivity_only
id:x%3A0x1.4000000000000p%2B2,330,7.106,5.79784,5.763399626308625,0.8443628844628325,defined,0.040788592588701066,sensitivity_only
id:x%3A0x1.4000000000000p%2B2,331,7.128,5.81192,5.8463603736913745,0.8443628844628325,defined,-0.040788592588701066,sensitivity_only
id:x%3A0x1.4000000000000p%2B2,332,7.15,5.8260000000000005,5.791559626308626,0.8443628844628325,defined,0.040788592588701066,sensitivity_only
id:x%3A0x1.4000000000000p%2B2,333,7.172,5.8400799999999995,5.874520373691374,0.8443628844628325,defined,-0.040788592588701066,sensitivity_only
id:x%3A0x1.4000000000000p%2B2,334,7.194,5.85416,5.8197196263086255,0.8443628844628325,defined,0.040788592588701066,sensitivity_only
id:x%3A0x1.4000000000000p%2B2,335,7.216,5.86824,5.902680373691375,0.8443628844628325,defined,-0.040788592588701066,sensitivity_only
id:x%3A0x1.4000000000000p%2B2,336,7.238,5.88232,5.847879626308625,0.8443628844628325,defined,0.040788592588701066,sensitivity_only
id:x%3A0x1.4000000000000p%2B2,337,7.26,5.8964,5.930840373691375,0.8443628844628325,defined,-0.040788592588701066,sensitivity_only
id:x%3A0x1.4000000000000p%2B2,338,7.282,5.91048,5.876039626308625,0.8443628844628325,defined,0.040788592588701066,sensitivity_only
id:x%3A0x1.4000000000000p%2B2,339,7.304,5.9245600000000005,5.959000373691375,0.8443628844628325,defined,-0.040788592588701066,sensitivity_only
id:x%3A0x1.4000000000000p%2B2,340,7.326,5.9386399999999995,5.904199626308625,0.8443628844628325,defined,0.040788592588701066,sensitivity_only
id:x%3A0x1.4000000000000p%2B2,341,7.348,5.95272,5.987160373691375,0.8443628844628325,defined,-0.040788592588701066,sensitivity_only
id:x%3A0x1.4000000000000p%2B2,342,7.37,5.9668,5.932359626308625,0.8443628844628325,defined,0.040788592588701066,sensitivity_only
id:x%3A0x1.4000000000000p%2B2,343,7.392,5.98088,6.015320373691375,0.8443628844628325,defined,-0.040788592588701066,sensitivity_only
id:x%3A0x1.4000000000000p%2B2,344,7.414,5.99496,5.960519626308625,0.8443628844628325,defined,0.040788592588701066,sensitivity_only
id:x%3A0x1.4000000000000p%2B2,345,7.436,6.00904,6.0434803736913745,0.8443628844628325,defined,-0.040788592588701066,sensitivity_only
id:x%3A0x1.4000000000000p%2B2,346,7.458,6.0231200000000005,5.988679626308626,0.8443628844628325,defined,0.040788592588701066,sensitivity_only
id:x%3A0x1.4000000000000p%2B2,347,7.48,6.0372,6.071640373691375,0.8443628844628325,defined,-0.040788592588701066,sensitivity_only
id:x%3A0x1.4000000000000p%2B2,348,7.502,6.05128,6.018561685495556,0.8021437472571021,defined,0.040788592588701066,sensitivity_only
id:x%3A0x1.4000000000000p%2B2,349,7.524,6.06536,6.098078314504444,0.8021437472571021,defined,-0.040788592588701066,sensitivity_only
id:x%3A0x1.4000000000000p%2B2,350,7.546,6.07944,6.046721685495556,0.8021437472571021,defined,0.040788592588701066,sensitivity_only
id:x%3A0x1.4000000000000p%2B2,351,7.568,6.09352,6.126238314504444,0.8021437472571021,defined,-0.040788592588701066,sensitivity_only
id:x%3A0x1.4000000000000p%2B2,352,7.59,6.1076,6.074881685495556,0.8021437472571021,defined,0.040788592588701066,sensitivity_only
id:x%3A0x1.4000000000000p%2B2,353,7.612,6.1216800000000005,6.154398314504444,0.8021437472571021,defined,-0.040788592588701066,sensitivity_only
id:x%3A0x1.4000000000000p%2B2,354,7.634,6.13576,6.1030416854955565,0.8021437472571021,defined,0.040788592588701066,sensitivity_only
id:x%3A0x1.4000000000000p%2B2,355,7.656,6.14984,6.182558314504444,0.8021437472571021,defined,-0.040788592588701066,sensitivity_only
id:x%3A0x1.4000000000000p%2B2,356,7.678,6.16392,6.131201685495556,0.8021437472571021,defined,0.040788592588701066,sensitivity_only
id:x%3A0x1.4000000000000p%2B2,357,7.7,6.178,6.210718314504444,0.8021437472571021,defined,-0.040788592588701066,sensitivity_only
id:x%3A0x1.4000000000000p%2B2,358,7.722,6.192080000000001,6.159361685495557,0.8021437472571021,defined,0.040788592588701066,sensitivity_only
id:x%3A0x1.4000000000000p%2B2,359,7.744,6.20616,6.2388783145044435,0.8021437472571021,defined,-0.040788592588701066,sensitivity_only
id:x%3A0x1.4000000000000p%2B2,360,7.766,6.22024,6.187521685495557,0.8021437472571021,defined,0.040788592588701066,sensitivity_only
id:x%3A0x1.4000000000000p%2B2,361,7.788,6.23432,6.267038314504444,0.8021437472571021,defined,-0.040788592588701066,sensitivity_only
id:x%3A0x1.4000000000000p%2B2,362,7.81,6.2484,6.215681685495556,0.8021437472571021,defined,0.040788592588701066,sensitivity_only
id:x%3A0x1.4000000000000p%2B2,363,7.832,6.26248,6.295198314504444,0.8021437472571021,defined,-0.040788592588701066,sensitivity_only
id:x%3A0x1.4000000000000p%2B2,364,7.854,6.27656,6.243841685495556,0.8021437472571021,defined,0.040788592588701066,sensitivity_only
id:x%3A0x1.4000000000000p%2B2,365,7.876,6.290640000000001,6.3233583145044445,0.8021437472571021,defined,-0.040788592588701066,sensitivity_only
id:x%3A0x1.4000000000000p%2B2,366,7.898,6.30472,6.272001685495556,0.8021437472571021,defined,0.040788592588701066,sensitivity_only
id:x%3A0x1.4000000000000p%2B2,367,7.92,6.3188,6.351518314504444,0.8021437472571021,defined,-0.040788592588701066,sensitivity_only
id:x%3A0x1.4000000000000p%2B2,368,7.942,6.33288,6.300161685495556,0.8021437472571021,defined,0.040788592588701066,sensitivity_only
id:x%3A0x1.4000000000000p%2B2,369,7.964,6.34696,6.379678314504444,0.8021437472571021,defined,-0.040788592588701066,sensitivity_only
id:x%3A0x1.4000000000000p%2B2,370,7.986,6.36104,6.328321685495556,0.8021437472571021,defined,0.040788592588701066,sensitivity_only
id:x%3A0x1.4000000000000p%2B2,371,8.0,6.37,6.402718314504444,0.8021437472571021,defined,-0.040788592588701066,sensitivity_only
id:x%3A0x1.4000000000000p%2B2,372,8.008,6.37512,6.342401685495556,0.8021437472571021,defined,0.040788592588701066,sensitivity_only
id:x%3A0x1.4000000000000p%2B2,373,8.03,6.3892,6.421918314504444,0.8021437472571021,defined,-0.040788592588701066,sensitivity_only
id:x%3A0x1.4000000000000p%2B2,374,8.052,6.40328,6.370561685495556,0.8021437472571021,defined,0.040788592588701066,sensitivity_only
id:x%3A0x1.4000000000000p%2B2,375,8.074,6.41736,6.450078314504444,0.8021437472571021,defined,-0.040788592588701066,sensitivity_only
id:x%3A0x1.4000000000000p%2B2,376,8.096,6.43144,6.398721685495556,0.8021437472571021,defined,0.040788592588701066,sensitivity_only
id:x%3A0x1.4000000000000p%2B2,377,8.118,6.44552,6.478238314504444,0.8021437472571021,defined,-0.040788592588701066,sensitivity_only
id:x%3A0x1.4000000000000p%2B2,378,8.14,6.459600000000001,6.426881685495557,0.8021437472571021,defined,0.040788592588701066,sensitivity_only
id:x%3A0x1.4000000000000p%2B2,379,8.162,6.473680000000001,6.506398314504445,0.8021437472571021,defined,-0.040788592588701066,sensitivity_only
id:x%3A0x1.4000000000000p%2B2,380,8.184,6.48776,6.455041685495556,0.8021437472571021,defined,0.040788592588701066,sensitivity_only
id:x%3A0x1.4000000000000p%2B2,381,8.206,6.50184,6.5345583145044435,0.8021437472571021,defined,-0.040788592588701066,sensitivity_only
id:x%3A0x1.4000000000000p%2B2,382,8.228,6.51592,6.4832016854955565,0.8021437472571021,defined,0.040788592588701066,sensitivity_only
id:x%3A0x1.4000000000000p%2B2,383,8.25,6.53,6.562718314504444,0.8021437472571021,defined,-0.040788592588701066,sensitivity_only
id:x%3A0x1.4000000000000p%2B2,384,8.272,6.54408,6.511361685495556,0.8021437472571021,defined,0.040788592588701066,sensitivity_only
id:x%3A0x1.4000000000000p%2B2,385,8.294,6.55816,6.590878314504444,0.8021437472571021,defined,-0.040788592588701066,sensitivity_only
id:x%3A0x1.4000000000000p%2B2,386,8.316,6.572240000000001,6.539521685495557,0.8021437472571021,defined,0.040788592588701066,sensitivity_only
id:x%3A0x1.4000000000000p%2B2,387,8.338,6.58632,6.619038314504444,0.8021437472571021,defined,-0.040788592588701066,sensitivity_only
id:x%3A0x1.4000000000000p%2B2,388,8.36,6.6004,6.567681685495556,0.8021437472571021,defined,0.040788592588701066,sensitivity_only
id:x%3A0x1.4000000000000p%2B2,389,8.382,6.6144799999999995,6.647198314504443,0.8021437472571021,defined,-0.040788592588701066,sensitivity_only
id:x%3A0x1.4000000000000p%2B2,390,8.404,6.62856,6.595841685495556,0.8021437472571021,defined,0.040788592588701066,sensitivity_only
id:x%3A0x1.4000000000000p%2B2,391,8.426,6.64264,6.675358314504444,0.8021437472571021,defined,-0.040788592588701066,sensitivity_only
id:x%3A0x1.4000000000000p%2B2,392,8.448,6.65672,6.624001685495556,0.8021437472571021,defined,0.040788592588701066,sensitivity_only
id:x%3A0x1.4000000000000p%2B2,393,8.47,6.670800000000001,6.703518314504445,0.8021437472571021,defined,-0.040788592588701066,sensitivity_only
id:x%3A0x1.4000000000000p%2B2,394,8.492,6.684880000000001,6.652161685495557,0.8021437472571021,defined,0.040788592588701066,sensitivity_only
id:x%3A0x1.4000000000000p%2B2,395,8.514,6.69896,6.728197642748651,0.7168093060595385,defined,-0.040788592588701066,sensitivity_only
id:x%3A0x1.4000000000000p%2B2,396,8.536,6.7130399999999995,6.683802357251348,0.7168093060595385,defined,0.040788592588701066,sensitivity_only
id:x%3A0x1.4000000000000p%2B2,397,8.558,6.72712,6.756357642748652,0.7168093060595385,defined,-0.040788592588701066,sensitivity_only
id:x%3A0x1.4000000000000p%2B2,398,8.58,6.7412,6.711962357251348,0.7168093060595385,defined,0.040788592588701066,sensitivity_only
id:x%3A0x1.4000000000000p%2B2,399,8.602,6.75528,6.784517642748652,0.7168093060595385,defined,-0.040788592588701066,sensitivity_only
id:x%3A0x1.4000000000000p%2B2,400,8.624,6.769360000000001,6.740122357251349,0.7168093060595385,defined,0.040788592588701066,sensitivity_only
id:x%3A0x1.4000000000000p%2B2,401,8.646,6.783440000000001,6.812677642748652,0.7168093060595385,defined,-0.040788592588701066,sensitivity_only
id:x%3A0x1.4000000000000p%2B2,402,8.668,6.79752,6.768282357251348,0.7168093060595385,defined,0.040788592588701066,sensitivity_only
id:x%3A0x1.4000000000000p%2B2,403,8.69,6.811599999999999,6.840837642748651,0.7168093060595385,defined,-0.040788592588701066,sensitivity_only
id:x%3A0x1.4000000000000p%2B2,404,8.712,6.82568,6.796442357251348,0.7168093060595385,defined,0.040788592588701066,sensitivity_only
id:x%3A0x1.4000000000000p%2B2,405,8.734,6.83976,6.868997642748652,0.7168093060595385,defined,-0.040788592588701066,sensitivity_only
id:x%3A0x1.4000000000000p%2B2,406,8.756,6.85384,6.824602357251348,0.7168093060595385,defined,0.040788592588701066,sensitivity_only
id:x%3A0x1.4000000000000p%2B2,407,8.778,6.867920000000001,6.8971576427486525,0.7168093060595385,defined,-0.040788592588701066,sensitivity_only
id:x%3A0x1.4000000000000p%2B2,408,8.8,6.882000000000001,6.852762357251349,0.7168093060595385,defined,0.040788592588701066,sensitivity_only
id:x%3A0x1.4000000000000p%2B2,409,8.822,6.8960799999999995,6.925317642748651,0.7168093060595385,defined,-0.040788592588701066,sensitivity_only
id:x%3A0x1.4000000000000p%2B2,410,8.844,6.910159999999999,6.880922357251348,0.7168093060595385,defined,0.040788592588701066,sensitivity_only
id:x%3A0x1.4000000000000p%2B2,411,8.866,6.92424,6.953477642748652,0.7168093060595385,defined,-0.040788592588701066,sensitivity_only
id:x%3A0x1.4000000000000p%2B2,412,8.888,6.93832,6.909082357251348,0.7168093060595385,defined,0.040788592588701066,sensitivity_only
id:x%3A0x1.4000000000000p%2B2,413,8.91,6.9524,6.981637642748652,0.7168093060595385,defined,-0.040788592588701066,sensitivity_only
id:x%3A0x1.4000000000000p%2B2,414,8.932,6.966480000000001,6.937242357251349,0.7168093060595385,defined,0.040788592588701066,sensitivity_only
id:x%3A0x1.4000000000000p%2B2,415,8.954,6.9805600000000005,7.009797642748652,0.7168093060595385,defined,-0.040788592588701066,sensitivity_only
id:x%3A0x1.4000000000000p%2B2,416,8.976,6.99464,6.965402357251349,0.7168093060595385,defined,0.040788592588701066,sensitivity_only
id:x%3A0x1.4000000000000p%2B2,417,8.998,7.008719999999999,7.037957642748651,0.7168093060595385,defined,-0.040788592588701066,sensitivity_only
id:x%3A0x1.4000000000000p%2B2,418,9.0,7.01,6.980762357251348,0.7168093060595385,defined,0.040788592588701066,sensitivity_only
id:x%3A0x1.4000000000000p%2B2,419,9.02,7.0228,7.052037642748652,0.7168093060595385,defined,-0.040788592588701066,sensitivity_only
id:x%3A0x1.4000000000000p%2B2,420,9.042,7.03688,7.007642357251348,0.7168093060595385,defined,0.040788592588701066,sensitivity_only
id:x%3A0x1.4000000000000p%2B2,421,9.064,7.05096,7.080197642748652,0.7168093060595385,defined,-0.040788592588701066,sensitivity_only
id:x%3A0x1.4000000000000p%2B2,422,9.086,7.065040000000001,7.035802357251349,0.7168093060595385,defined,0.040788592588701066,sensitivity_only
id:x%3A0x1.4000000000000p%2B2,423,9.108,7.0791200000000005,7.108357642748652,0.7168093060595385,defined,-0.040788592588701066,sensitivity_only
id:x%3A0x1.4000000000000p%2B2,424,9.13,7.0932,7.063962357251349,0.7168093060595385,defined,0.040788592588701066,sensitivity_only
id:x%3A0x1.4000000000000p%2B2,425,9.152,7.107279999999999,7.136517642748651,0.7168093060595385,defined,-0.040788592588701066,sensitivity_only
id:x%3A0x1.4000000000000p%2B2,426,9.174,7.12136,7.092122357251348,0.7168093060595385,defined,0.040788592588701066,sensitivity_only
id:x%3A0x1.4000000000000p%2B2,427,9.196,7.13544,7.164677642748652,0.7168093060595385,defined,-0.040788592588701066,sensitivity_only
id:x%3A0x1.4000000000000p%2B2,428,9.218,7.14952,7.120282357251348,0.7168093060595385,defined,0.040788592588701066,sensitivity_only
id:x%3A0x1.4000000000000p%2B2,429,9.24,7.163600000000001,7.1928376427486524,0.7168093060595385,defined,-0.040788592588701066,sensitivity_only
id:x%3A0x1.4000000000000p%2B2,430,9.262,7.1776800000000005,7.148442357251349,0.7168093060595385,defined,0.040788592588701066,sensitivity_only
id:x%3A0x1.4000000000000p%2B2,431,9.284,7.19176,7.220997642748652,0.7168093060595385,defined,-0.040788592588701066,sensitivity_only
id:x%3A0x1.4000000000000p%2B2,432,9.306,7.205839999999999,7.1766023572513475,0.7168093060595385,defined,0.040788592588701066,sensitivity_only
id:x%3A0x1.4000000000000p%2B2,433,9.328,7.21992,7.249157642748652,0.7168093060595385,defined,-0.040788592588701066,sensitivity_only
id:x%3A0x1.4000000000000p%2B2,434,9.35,7.234,7.204762357251348,0.7168093060595385,defined,0.040788592588701066,sensitivity_only
id:x%3A0x1.4000000000000p%2B2,435,9.372,7.24808,7.277317642748652,0.7168093060595385,defined,-0.040788592588701066,sensitivity_only
id:x%3A0x1.4000000000000p%2B2,436,9.394,7.262160000000001,7.232922357251349,0.7168093060595385,defined,0.040788592588701066,sensitivity_only
id:x%3A0x1.4000000000000p%2B2,437,9.416,7.2762400000000005,7.305477642748652,0.7168093060595385,defined,-0.040788592588701066,sensitivity_only
id:x%3A0x1.4000000000000p%2B2,438,9.438,7.29032,7.2610823572513485,0.7168093060595385,defined,0.040788592588701066,sensitivity_only
id:x%3A0x1.4000000000000p%2B2,439,9.46,7.304400000000001,7.333637642748653,0.7168093060595385,defined,-0.040788592588701066,sensitivity_only
id:x%3A0x1.4000000000000p%2B2,440,9.482,7.31848,7.289242357251348,0.7168093060595385,defined,0.040788592588701066,sensitivity_only
id:x%3A0x1.4000000000000p%2B2,441,9.504,7.33256,7.367000373691375,0.8443628844628325,defined,-0.040788592588701066,sensitivity_only
id:x%3A0x1.4000000000000p%2B2,442,9.526,7.34664,7.312199626308625,0.8443628844628325,defined,0.040788592588701066,sensitivity_only
id:x%3A0x1.4000000000000p%2B2,443,9.548,7.360720000000001,7.395160373691375,0.8443628844628325,defined,-0.040788592588701066,sensitivity_only
id:x%3A0x1.4000000000000p%2B2,444,9.57,7.3748000000000005,7.340359626308626,0.8443628844628325,defined,0.040788592588701066,sensitivity_only
id:x%3A0x1.4000000000000p%2B2,445,9.592,7.38888,7.423320373691375,0.8443628844628325,defined,-0.040788592588701066,sensitivity_only
id:x%3A0x1.4000000000000p%2B2,446,9.614,7.40296,7.3685196263086254,0.8443628844628325,defined,0.040788592588701066,sensitivity_only
id:x%3A0x1.4000000000000p%2B2,447,9.636,7.41704,7.451480373691375,0.8443628844628325,defined,-0.040788592588701066,sensitivity_only
id:x%3A0x1.4000000000000p%2B2,448,9.658,7.43112,7.396679626308625,0.8443628844628325,defined,0.040788592588701066,sensitivity_only
id:x%3A0x1.4000000000000p%2B2,449,9.68,7.4452,7.479640373691375,0.8443628844628325,defined,-0.040788592588701066,sensitivity_only
id:x%3A0x1.4000000000000p%2B2,450,9.702,7.45928,7.424839626308625,0.8443628844628325,defined,0.040788592588701066,sensitivity_only
id:x%3A0x1.4000000000000p%2B2,451,9.724,7.4733600000000004,7.507800373691375,0.8443628844628325,defined,-0.040788592588701066,sensitivity_only
id:x%3A0x1.4000000000000p%2B2,452,9.746,7.48744,7.452999626308626,0.8443628844628325,defined,0.040788592588701066,sensitivity_only
id:x%3A0x1.4000000000000p%2B2,453,9.768,7.50152,7.535960373691375,0.8443628844628325,defined,-0.040788592588701066,sensitivity_only
id:x%3A0x1.4000000000000p%2B2,454,9.79,7.515599999999999,7.481159626308624,0.8443628844628325,defined,0.040788592588701066,sensitivity_only
id:x%3A0x1.4000000000000p%2B2,455,9.812,7.52968,7.564120373691375,0.8443628844628325,defined,-0.040788592588701066,sensitivity_only
id:x%3A0x1.4000000000000p%2B2,456,9.834,7.54376,7.509319626308625,0.8443628844628325,defined,0.040788592588701066,sensitivity_only
id:x%3A0x1.4000000000000p%2B2,457,9.856,7.55784,7.592280373691374,0.8443628844628325,defined,-0.040788592588701066,sensitivity_only
id:x%3A0x1.4000000000000p%2B2,458,9.878,7.57192,7.537479626308626,0.8443628844628325,defined,0.040788592588701066,sensitivity_only
id:x%3A0x1.4000000000000p%2B2,459,9.9,7.586,7.620440373691375,0.8443628844628325,defined,-0.040788592588701066,sensitivity_only
id:x%3A0x1.4000000000000p%2B2,460,9.922,7.60008,7.565639626308625,0.8443628844628325,defined,0.040788592588701066,sensitivity_only
id:x%3A0x1.4000000000000p%2B2,461,9.944,7.614160000000001,7.648600373691376,0.8443628844628325,defined,-0.040788592588701066,sensitivity_only
id:x%3A0x1.4000000000000p%2B2,462,9.966,7.62824,7.593799626308625,0.8443628844628325,defined,0.040788592588701066,sensitivity_only
id:x%3A0x1.4000000000000p%2B2,463,9.988,7.64232,7.6767603736913745,0.8443628844628325,defined,-0.040788592588701066,sensitivity_only
id:x%3A0x1.4000000000000p%2B2,464,10.0,7.65,7.615559626308626,0.8443628844628325,defined,0.040788592588701066,sensitivity_only
id:x%3A0x1.4000000000000p%2B2,465,10.01,7.6564,7.690840373691374,0.8443628844628325,defined,-0.040788592588701066,sensitivity_only
id:x%3A0x1.4000000000000p%2B2,466,10.032,7.67048,7.636039626308626,0.8443628844628325,defined,0.040788592588701066,sensitivity_only
id:x%3A0x1.4000000000000p%2B2,467,10.054,7.68456,7.719000373691375,0.8443628844628325,defined,-0.040788592588701066,sensitivity_only
id:x%3A0x1.4000000000000p%2B2,468,10.076,7.69864,7.664199626308625,0.8443628844628325,defined,0.040788592588701066,sensitivity_only
id:x%3A0x1.4000000000000p%2B2,469,10.098,7.712720000000001,7.747160373691376,0.8443628844628325,defined,-0.040788592588701066,sensitivity_only
id:x%3A0x1.4000000000000p%2B2,470,10.12,7.7268,7.692359626308625,0.8443628844628325,defined,0.040788592588701066,sensitivity_only
id:x%3A0x1.4000000000000p%2B2,471,10.142,7.74088,7.7753203736913745,0.8443628844628325,defined,-0.040788592588701066,sensitivity_only
id:x%3A0x1.4000000000000p%2B2,472,10.164,7.75496,7.720519626308625,0.8443628844628325,defined,0.040788592588701066,sensitivity_only
id:x%3A0x1.4000000000000p%2B2,473,10.186,7.76904,7.803480373691375,0.8443628844628325,defined,-0.040788592588701066,sensitivity_only
id:x%3A0x1.4000000000000p%2B2,474,10.208,7.78312,7.7486796263086255,0.8443628844628325,defined,0.040788592588701066,sensitivity_only
id:x%3A0x1.4000000000000p%2B2,475,10.23,7.7972,7.831640373691375,0.8443628844628325,defined,-0.040788592588701066,sensitivity_only
id:x%3A0x1.4000000000000p%2B2,476,10.252,7.811280000000001,7.776839626308626,0.8443628844628325,defined,0.040788592588701066,sensitivity_only
id:x%3A0x1.4000000000000p%2B2,477,10.274,7.82536,7.859800373691375,0.8443628844628325,defined,-0.040788592588701066,sensitivity_only
id:x%3A0x1.4000000000000p%2B2,478,10.296,7.83944,7.804999626308625,0.8443628844628325,defined,0.040788592588701066,sensitivity_only
id:x%3A0x1.4000000000000p%2B2,479,10.318,7.85352,7.887960373691374,0.8443628844628325,defined,-0.040788592588701066,sensitivity_only
id:x%3A0x1.4000000000000p%2B2,480,10.34,7.8676,7.833159626308626,0.8443628844628325,defined,0.040788592588701066,sensitivity_only
id:x%3A0x1.4000000000000p%2B2,481,10.362,7.88168,7.916120373691375,0.8443628844628325,defined,-0.040788592588701066,sensitivity_only
id:x%3A0x1.4000000000000p%2B2,482,10.384,7.89576,7.861319626308625,0.8443628844628325,defined,0.040788592588701066,sensitivity_only
id:x%3A0x1.4000000000000p%2B2,483,10.406,7.909840000000001,7.944280373691376,0.8443628844628325,defined,-0.040788592588701066,sensitivity_only
id:x%3A0x1.4000000000000p%2B2,484,10.428,7.923920000000001,7.889479626308626,0.8443628844628325,defined,0.040788592588701066,sensitivity_only
id:x%3A0x1.4000000000000p%2B2,485,10.45,7.938,7.9724403736913745,0.8443628844628325,defined,-0.040788592588701066,sensitivity_only
id:x%3A0x1.4000000000000p%2B2,486,10.472,7.95208,7.917639626308625,0.8443628844628325,defined,0.040788592588701066,sensitivity_only
id:x%3A0x1.4000000000000p%2B2,487,10.494,7.96616,8.000600373691375,0.8443628844628325,defined,-0.040788592588701066,sensitivity_only
id:x%3A0x1.4000000000000p%2B2,488,10.516,7.98024,7.951002357251348,0.7168093060595381,defined,0.040788592588701066,sensitivity_only
id:x%3A0x1.4000000000000p%2B2,489,10.538,7.99432,8.023557642748653,0.7168093060595381,defined,-0.040788592588701066,sensitivity_only
id:x%3A0x1.4000000000000p%2B2,490,10.56,8.008400000000002,7.97916235725135,0.7168093060595381,defined,0.040788592588701066,sensitivity_only
id:x%3A0x1.4000000000000p%2B2,491,10.582,8.022480000000002,8.051717642748654,0.7168093060595381,defined,-0.040788592588701066,sensitivity_only
id:x%3A0x1.4000000000000p%2B2,492,10.604,8.03656,8.007322357251347,0.7168093060595381,defined,0.040788592588701066,sensitivity_only
id:x%3A0x1.4000000000000p%2B2,493,10.626,8.05064,8.079877642748652,0.7168093060595381,defined,-0.040788592588701066,sensitivity_only
id:x%3A0x1.4000000000000p%2B2,494,10.648,8.064720000000001,8.035482357251349,0.7168093060595381,defined,0.040788592588701066,sensitivity_only
id:x%3A0x1.4000000000000p%2B2,495,10.67,8.078800000000001,8.108037642748654,0.7168093060595381,defined,-0.040788592588701066,sensitivity_only
id:x%3A0x1.4000000000000p%2B2,496,10.692,8.092880000000001,8.063642357251348,0.7168093060595381,defined,0.040788592588701066,sensitivity_only
id:x%3A0x1.4000000000000p%2B2,497,10.714,8.10696,8.136197642748654,0.7168093060595381,defined,-0.040788592588701066,sensitivity_only
id:x%3A0x1.4000000000000p%2B2,498,10.736,8.12104,8.091802357251348,0.7168093060595381,defined,0.040788592588701066,sensitivity_only
id:x%3A0x1.4000000000000p%2B2,499,10.758,8.13512,8.164357642748653,0.7168093060595381,defined,-0.040788592588701066,sensitivity_only
id:x%3A0x1.4000000000000p%2B2,500,10.78,8.1492,8.119962357251348,0.7168093060595381,defined,0.040788592588701066,sensitivity_only
id:x%3A0x1.4000000000000p%2B2,501,10.802,8.16328,8.192517642748653,0.7168093060595381,defined,-0.040788592588701066,sensitivity_only
id:x%3A0x1.4000000000000p%2B2,502,10.824,8.17736,8.148122357251347,0.7168093060595381,defined,0.040788592588701066,sensitivity_only
id:x%3A0x1.4000000000000p%2B2,503,10.846,8.19144,8.220677642748653,0.7168093060595381,defined,-0.040788592588701066,sensitivity_only
id:x%3A0x1.4000000000000p%2B2,504,10.868,8.20552,8.176282357251347,0.7168093060595381,defined,0.040788592588701066,sensitivity_only
id:x%3A0x1.4000000000000p%2B2,505,10.89,8.2196,8.248837642748652,0.7168093060595381,defined,-0.040788592588701066,sensitivity_only
id:x%3A0x1.4000000000000p%2B2,506,10.912,8.23368,8.204442357251347,0.7168093060595381,defined,0.040788592588701066,sensitivity_only
id:x%3A0x1.4000000000000p%2B2,507,10.934,8.24776,8.276997642748652,0.7168093060595381,defined,-0.040788592588701066,sensitivity_only
id:x%3A0x1.4000000000000p%2B2,508,10.956,8.26184,8.232602357251347,0.7168093060595381,defined,0.040788592588701066,sensitivity_only
id:x%3A0x1.4000000000000p%2B2,509,10.978,8.27592,8.305157642748652,0.7168093060595381,defined,-0.040788592588701066,sensitivity_only
id:x%3A0x1.4000000000000p%2B2,510,11.0,8.29,8.260762357251346,0.7168093060595381,defined,0.040788592588701066,sensitivity_only
id:x%3A0x1.8000000000000p%2B2,0,0.0,1.25,1.1788285033136159,0.8698738483891382,defined,0.08181818181818182,sensitivity_only
id:x%3A0x1.8000000000000p%2B2,1,0.022,1.26408,1.2995609300055102,0.8698738483891382,defined,-0.040788592588701066,sensitivity_only
id:x%3A0x1.8000000000000p%2B2,2,0.044,1.27816,1.2426790699944898,0.8698738483891382,defined,0.040788592588701066,sensitivity_only
id:x%3A0x1.8000000000000p%2B2,3,0.066,1.29224,1.3277209300055102,0.8698738483891382,defined,-0.040788592588701066,sensitivity_only
id:x%3A0x1.8000000000000p%2B2,4,0.088,1.30632,1.2708390699944898,0.8698738483891382,defined,0.040788592588701066,sensitivity_only
id:x%3A0x1.8000000000000p%2B2,5,0.11,1.3204,1.3558809300055101,0.8698738483891382,defined,-0.040788592588701066,sensitivity_only
id:x%3A0x1.8000000000000p%2B2,6,0.132,1.33448,1.29899906999449,0.8698738483891382,defined,0.040788592588701066,sensitivity_only
id:x%3A0x1.8000000000000p%2B2,7,0.154,1.34856,1.38404093000551,0.8698738483891382,defined,-0.040788592588701066,sensitivity_only
id:x%3A0x1.8000000000000p%2B2,8,0.176,1.36264,1.32715906999449,0.8698738483891382,defined,0.040788592588701066,sensitivity_only
id:x%3A0x1.8000000000000p%2B2,9,0.198,1.37672,1.41220093000551,0.8698738483891382,defined,-0.040788592588701066,sensitivity_only
id:x%3A0x1.8000000000000p%2B2,10,0.22,1.3908,1.35531906999449,0.8698738483891382,defined,0.040788592588701066,sensitivity_only
id:x%3A0x1.8000000000000p%2B2,11,0.242,1.40488,1.44036093000551,0.8698738483891382,defined,-0.040788592588701066,sensitivity_only
id:x%3A0x1.8000000000000p%2B2,12,0.264,1.41896,1.3834790699944899,0.8698738483891382,defined,0.040788592588701066,sensitivity_only
id:x%3A0x1.8000000000000p%2B2,13,0.286,1.43304,1.4685209300055102,0.8698738483891382,defined,-0.040788592588701066,sensitivity_only
id:x%3A0x1.8000000000000p%2B2,14,0.308,1.44712,1.4116390699944898,0.8698738483891382,defined,0.040788592588701066,sensitivity_only
id:x%3A0x1.8000000000000p%2B2,15,0.33,1.4612,1.4966809300055102,0.8698738483891382,defined,-0.040788592588701066,sensitivity_only
id:x%3A0x1.8000000000000p%2B2,16,0.352,1.47528,1.4397990699944898,0.8698738483891382,defined,0.040788592588701066,sensitivity_only
id:x%3A0x1.8000000000000p%2B2,17,0.374,1.48936,1.5248409300055101,0.8698738483891382,defined,-0.040788592588701066,sensitivity_only
id:x%3A0x1.8000000000000p%2B2,18,0.396,1.5034399999999999,1.4679590699944898,0.8698738483891382,defined,0.040788592588701066,sensitivity_only
id:x%3A0x1.8000000000000p%2B2,19,0.418,1.51752,1.55300093000551,0.8698738483891382,defined,-0.040788592588701066,sensitivity_only
id:x%3A0x1.8000000000000p%2B2,20,0.44,1.5316,1.49611906999449,0.8698738483891382,defined,0.040788592588701066,sensitivity_only
id:x%3A0x1.8000000000000p%2B2,21,0.462,1.54568,1.58116093000551,0.8698738483891382,defined,-0.040788592588701066,sensitivity_only
id:x%3A0x1.8000000000000p%2B2,22,0.484,1.55976,1.52427906999449,0.8698738483891382,defined,0.040788592588701066,sensitivity_only
id:x%3A0x1.8000000000000p%2B2,23,0.506,1.5738400000000001,1.6093209300055102,0.8698738483891386,defined,-0.040788592588701066,sensitivity_only
id:x%3A0x1.8000000000000p%2B2,24,0.528,1.58792,1.5524390699944899,0.8698738483891386,defined,0.040788592588701066,sensitivity_only
id:x%3A0x1.8000000000000p%2B2,25,0.55,1.602,1.6374809300055102,0.8698738483891386,defined,-0.040788592588701066,sensitivity_only
id:x%3A0x1.8000000000000p%2B2,26,0.572,1.61608,1.5805990699944898,0.8698738483891386,defined,0.040788592588701066,sensitivity_only
id:x%3A0x1.8000000000000p%2B2,27,0.594,1.63016,1.6656409300055102,0.8698738483891386,defined,-0.040788592588701066,sensitivity_only
id:x%3A0x1.8000000000000p%2B2,28,0.616,1.64424,1.6087590699944898,0.8698738483891386,defined,0.040788592588701066,sensitivity_only
id:x%3A0x1.8000000000000p%2B2,29,0.638,1.65832,1.6938009300055101,0.8698738483891386,defined,-0.040788592588701066,sensitivity_only
id:x%3A0x1.8000000000000p%2B2,30,0.66,1.6724,1.63691906999449,0.8698738483891386,defined,0.040788592588701066,sensitivity_only
id:x%3A0x1.8000000000000p%2B2,31,0.682,1.68648,1.72196093000551,0.8698738483891386,defined,-0.040788592588701066,sensitivity_only
id:x%3A0x1.8000000000000p%2B2,32,0.704,1.7005599999999998,1.6650790699944897,0.8698738483891386,defined,0.040788592588701066,sensitivity_only
id:x%3A0x1.8000000000000p%2B2,33,0.726,1.71464,1.75012093000551,0.8698738483891386,defined,-0.040788592588701066,sensitivity_only
id:x%3A0x1.8000000000000p%2B2,34,0.748,1.72872,1.69323906999449,0.8698738483891386,defined,0.040788592588701066,sensitivity_only
id:x%3A0x1.8000000000000p%2B2,35,0.77,1.7428,1.77828093000551,0.8698738483891386,defined,-0.040788592588701066,sensitivity_only
id:x%3A0x1.8000000000000p%2B2,36,0.792,1.75688,1.7213990699944899,0.8698738483891386,defined,0.040788592588701066,sensitivity_only
id:x%3A0x1.8000000000000p%2B2,37,0.814,1.77096,1.8064409300055102,0.8698738483891386,defined,-0.040788592588701066,sensitivity_only
id:x%3A0x1.8000000000000p%2B2,38,0.836,1.78504,1.7495590699944898,0.8698738483891386,defined,0.040788592588701066,sensitivity_only
id:x%3A0x1.8000000000000p%2B2,39,0.858,1.79912,1.8346009300055102,0.8698738483891386,defined,-0.040788592588701066,sensitivity_only
id:x%3A0x1.8000000000000p%2B2,40,0.88,1.8132000000000001,1.77771906999449,0.8698738483891386,defined,0.040788592588701066,sensitivity_only
id:x%3A0x1.8000000000000p%2B2,41,0.902,1.82728,1.8627609300055101,0.8698738483891386,defined,-0.040788592588701066,sensitivity_only
id:x%3A0x1.8000000000000p%2B2,42,0.924,1.8413599999999999,1.8058790699944898,0.8698738483891386,defined,0.040788592588701066,sensitivity_only
id:x%3A0x1.8000000000000p%2B2,43,0.946,1.85544,1.89092093000551,0.8698738483891386,defined,-0.040788592588701066,sensitivity_only
id:x%3A0x1.8000000000000p%2B2,44,0.968,1.86952,1.83403906999449,0.8698738483891386,defined,0.040788592588701066,sensitivity_only
id:x%3A0x1.8000000000000p%2B2,45,0.99,1.8836,1.91908093000551,0.8698738483891386,defined,-0.040788592588701066,sensitivity_only
id:x%3A0x1.8000000000000p%2B2,46,1.0,1.8900000000000001,1.85451906999449,0.8698738483891386,defined,0.040788592588701066,sensitivity_only
id:x%3A0x1.8000000000000p%2B2,47,1.012,1.89768,1.9331609300055101,0.8698738483891386,defined,-0.040788592588701066,sensitivity_only
id:x%3A0x1.8000000000000p%2B2,48,1.034,1.9117600000000001,1.87627906999449,0.8698738483891386,defined,0.040788592588701066,sensitivity_only
id:x%3A0x1.8000000000000p%2B2,49,1.056,1.92584,1.96132093000551,0.8698738483891386,defined,-0.040788592588701066,sensitivity_only
id:x%3A0x1.8000000000000p%2B2,50,1.078,1.93992,1.90443906999449,0.8698738483891386,defined,0.040788592588701066,sensitivity_only
id:x%3A0x1.8000000000000p%2B2,51,1.1,1.9540000000000002,1.9894809300055103,0.8698738483891386,defined,-0.040788592588701066,sensitivity_only
id:x%3A0x1.8000000000000p%2B2,52,1.122,1.96808,1.93259906999449,0.8698738483891386,defined,0.040788592588701066,sensitivity_only
id:x%3A0x1.8000000000000p%2B2,53,1.144,1.98216,2.01764093000551,0.8698738483891386,defined,-0.040788592588701066,sensitivity_only
id:x%3A0x1.8000000000000p%2B2,54,1.166,1.99624,1.96075906999449,0.8698738483891386,defined,0.040788592588701066,sensitivity_only
id:x%3A0x1.8000000000000p%2B2,55,1.188,2.01032,2.04580093000551,0.8698738483891386,defined,-0.040788592588701066,sensitivity_only
id:x%3A0x1.8000000000000p%2B2,56,1.21,2.0244,1.9889190699944899,0.8698738483891386,defined,0.040788592588701066,sensitivity_only
id:x%3A0x1.8000000000000p%2B2,57,1.232,2.03848,2.07396093000551,0.8698738483891386,defined,-0.040788592588701066,sensitivity_only
id:x%3A0x1.8000000000000p%2B2,58,1.254,2.05256,2.01707906999449,0.8698738483891386,defined,0.040788592588701066,sensitivity_only
id:x%3A0x1.8000000000000p%2B2,59,1.276,2.06664,2.10212093000551,0.8698738483891386,defined,-0.040788592588701066,sensitivity_only
id:x%3A0x1.8000000000000p%2B2,60,1.298,2.08072,2.04523906999449,0.8698738483891386,defined,0.040788592588701066,sensitivity_only
id:x%3A0x1.8000000000000p%2B2,61,1.32,2.0948,2.1302809300055103,0.8698738483891386,defined,-0.040788592588701066,sensitivity_only
id:x%3A0x1.8000000000000p%2B2,62,1.342,2.10888,2.07339906999449,0.8698738483891386,defined,0.040788592588701066,sensitivity_only
id:x%3A0x1.8000000000000p%2B2,63,1.364,2.12296,2.15844093000551,0.8698738483891386,defined,-0.040788592588701066,sensitivity_only
id:x%3A0x1.8000000000000p%2B2,64,1.386,2.13704,2.1015590699944897,0.8698738483891386,defined,0.040788592588701066,sensitivity_only
id:x%3A0x1.8000000000000p%2B2,65,1.408,2.1511199999999997,2.18660093000551,0.8698738483891386,defined,-0.040788592588701066,sensitivity_only
id:x%3A0x1.8000000000000p%2B2,66,1.43,2.1652,2.12971906999449,0.8698738483891386,defined,0.040788592588701066,sensitivity_only
id:x%3A0x1.8000000000000p%2B2,67,1.452,2.17928,2.21476093000551,0.8698738483891386,defined,-0.040788592588701066,sensitivity_only
id:x%3A0x1.8000000000000p%2B2,68,1.474,2.19336,2.15787906999449,0.8698738483891386,defined,0.040788592588701066,sensitivity_only
id:x%3A0x1.8000000000000p%2B2,69,1.496,2.20744,2.24292093000551,0.8698738483891386,defined,-0.040788592588701066,sensitivity_only
id:x%3A0x1.8000000000000p%2B2,70,1.518,2.22152,2.1764496294524602,1.1049748884943107,defined,0.040788592588701066,sensitivity_only
id:x%3A0x1.8000000000000p%2B2,71,1.54,2.2356,2.2806703705475395,1.1049748884943107,defined,-0.040788592588701066,sensitivity_only
id:x%3A0x1.8000000000000p%2B2,72,1.562,2.24968,2.2046096294524604,1.1049748884943107,defined,0.040788592588701066,sensitivity_only
id:x%3A0x1.8000000000000p%2B2,73,1.584,2.26376,2.3088303705475397,1.1049748884943107,defined,-0.040788592588701066,sensitivity_only
id:x%3A0x1.8000000000000p%2B2,74,1.606,2.2778400000000003,2.2327696294524606,1.1049748884943107,defined,0.040788592588701066,sensitivity_only
id:x%3A0x1.8000000000000p%2B2,75,1.628,2.29192,2.33699037054754,1.1049748884943107,defined,-0.040788592588701066,sensitivity_only
id:x%3A0x1.8000000000000p%2B2,76,1.65,2.306,2.2609296294524603,1.1049748884943107,defined,0.040788592588701066,sensitivity_only
id:x%3A0x1.8000000000000p%2B2,77,1.672,2.32008,2.3651503705475396,1.1049748884943107,defined,-0.040788592588701066,sensitivity_only
id:x%3A0x1.8000000000000p%2B2,78,1.694,2.33416,2.28908962945246,1.1049748884943107,defined,0.040788592588701066,sensitivity_only
id:x%3A0x1.8000000000000p%2B2,79,1.716,2.34824,2.39331037054754,1.1049748884943107,defined,-0.040788592588701066,sensitivity_only
id:x%3A0x1.8000000000000p%2B2,80,1.738,2.36232,2.3172496294524603,1.1049748884943107,defined,0.040788592588701066,sensitivity_only
id:x%3A0x1.8000000000000p%2B2,81,1.76,2.3764000000000003,2.42147037054754,1.1049748884943107,defined,-0.040788592588701066,sensitivity_only
id:x%3A0x1.8000000000000p%2B2,82,1.782,2.39048,2.3454096294524605,1.1049748884943107,defined,0.040788592588701066,sensitivity_only
id:x%3A0x1.8000000000000p%2B2,83,1.804,2.40456,2.4496303705475397,1.1049748884943107,defined,-0.040788592588701066,sensitivity_only
id:x%3A0x1.8000000000000p%2B2,84,1.826,2.41864,2.37356962945246,1.1049748884943107,defined,0.040788592588701066,sensitivity_only
id:x%3A0x1.8000000000000p%2B2,85,1.848,2.4327199999999998,2.4777903705475395,1.1049748884943107,defined,-0.040788592588701066,sensitivity_only
id:x%3A0x1.8000000000000p%2B2,86,1.87,2.4468,2.4017296294524604,1.1049748884943107,defined,0.040788592588701066,sensitivity_only
id:x%3A0x1.8000000000000p%2B2,87,1.892,2.46088,2.5059503705475397,1.1049748884943107,defined,-0.040788592588701066,sensitivity_only
id:x%3A0x1.8000000000000p%2B2,88,1.914,2.4749600000000003,2.4298896294524606,1.1049748884943107,defined,0.040788592588701066,sensitivity_only
id:x%3A0x1.8000000000000p%2B2,89,1.936,2.48904,2.53411037054754,1.1049748884943107,defined,-0.040788592588701066,sensitivity_only
id:x%3A0x1.8000000000000p%2B2,90,1.958,2.50312,2.4580496294524603,1.1049748884943107,defined,0.040788592588701066,sensitivity_only
id:x%3A0x1.8000000000000p%2B2,91,1.98,2.5172,2.5622703705475396,1.1049748884943107,defined,-0.040788592588701066,sensitivity_only
id:x%3A0x1.8000000000000p%2B2,92,2.0,2.5300000000000002,2.4849296294524605,1.1049748884943107,defined,0.040788592588701066,sensitivity_only
id:x%3A0x1.8000000000000p%2B2,93,2.002,2.5312799999999998,2.5763503705475395,1.1049748884943107,defined,-0.040788592588701066,sensitivity_only
id:x%3A0x1.8000000000000p%2B2,94,2.024,2.54536,2.5002896294524604,1.1049748884943107,defined,0.040788592588701066,sensitivity_only
id:x%3A0x1.8000000000000p%2B2,95,2.046,2.55944,2.6045103705475396,1.1049748884943107,defined,-0.040788592588701066,sensitivity_only
id:x%3A0x1.8000000000000p%2B2,96,2.068,2.5735200000000003,2.5284496294524605,1.1049748884943107,defined,0.040788592588701066,sensitivity_only
id:x%3A0x1.8000000000000p%2B2,97,2.09,2.5876,2.63267037054754,1.1049748884943107,defined,-0.040788592588701066,sensitivity_only
id:x%3A0x1.8000000000000p%2B2,98,2.112,2.60168,2.5566096294524603,1.1049748884943107,defined,0.040788592588701066,sensitivity_only
id:x%3A0x1.8000000000000p%2B2,99,2.134,2.61576,2.6608303705475396,1.1049748884943107,defined,-0.040788592588701066,sensitivity_only
id:x%3A0x1.8000000000000p%2B2,100,2.156,2.62984,2.5847696294524605,1.1049748884943107,defined,0.040788592588701066,sensitivity_only
id:x%3A0x1.8000000000000p%2B2,101,2.178,2.64392,2.6889903705475398,1.1049748884943107,defined,-0.040788592588701066,sensitivity_only
id:x%3A0x1.8000000000000p%2B2,102,2.2,2.6580000000000004,2.6129296294524607,1.1049748884943107,defined,0.040788592588701066,sensitivity_only
id:x%3A0x1.8000000000000p%2B2,103,2.222,2.6720800000000002,2.71715037054754,1.1049748884943107,defined,-0.040788592588701066,sensitivity_only
id:x%3A0x1.8000000000000p%2B2,104,2.244,2.68616,2.6410896294524604,1.1049748884943107,defined,0.040788592588701066,sensitivity_only
id:x%3A0x1.8000000000000p%2B2,105,2.266,2.70024,2.7453103705475397,1.1049748884943107,defined,-0.040788592588701066,sensitivity_only
id:x%3A0x1.8000000000000p%2B2,106,2.288,2.71432,2.66924962945246,1.1049748884943107,defined,0.040788592588701066,sensitivity_only
id:x%3A0x1.8000000000000p%2B2,107,2.31,2.7284,2.77347037054754,1.1049748884943107,defined,-0.040788592588701066,sensitivity_only
id:x%3A0x1.8000000000000p%2B2,108,2.332,2.74248,2.6974096294524603,1.1049748884943107,defined,0.040788592588701066,sensitivity_only
id:x%3A0x1.8000000000000p%2B2,109,2.354,2.7565600000000003,2.80163037054754,1.1049748884943107,defined,-0.040788592588701066,sensitivity_only
id:x%3A0x1.8000000000000p%2B2,110,2.376,2.77064,2.7255696294524605,1.1049748884943107,defined,0.040788592588701066,sensitivity_only
id:x%3A0x1.8000000000000p%2B2,111,2.398,2.78472,2.82979037054754,1.1049748884943107,defined,-0.040788592588701066,sensitivity_only
id:x%3A0x1.8000000000000p%2B2,112,2.42,2.7988,2.7537296294524602,1.1049748884943107,defined,0.040788592588701066,sensitivity_only
id:x%3A0x1.8000000000000p%2B2,113,2.442,2.81288,2.8579503705475395,1.1049748884943107,defined,-0.040788592588701066,sensitivity_only
id:x%3A0x1.8000000000000p%2B2,114,2.464,2.8269599999999997,2.78188962945246,1.1049748884943107,defined,0.040788592588701066,sensitivity_only
id:x%3A0x1.8000000000000p%2B2,115,2.486,2.8410400000000005,2.88611037054754,1.1049748884943107,defined,-0.040788592588701066,sensitivity_only
id:x%3A0x1.8000000000000p%2B2,116,2.508,2.8551200000000003,2.8148443497234754,0.9874243684417244,defined,0.040788592588701066,sensitivity_only
id:x%3A0x1.8000000000000p%2B2,117,2.53,2.8692,2.909475650276525,0.9874243684417244,defined,-0.040788592588701066,sensitivity_only
id:x%3A0x1.8000000000000p%2B2,118,2.552,2.88328,2.843004349723475,0.9874243684417244,defined,0.040788592588701066,sensitivity_only
id:x%3A0x1.8000000000000p%2B2,119,2.574,2.89736,2.937635650276525,0.9874243684417244,defined,-0.040788592588701066,sensitivity_only
id:x%3A0x1.8000000000000p%2B2,120,2.596,2.91144,2.871164349723475,0.9874243684417244,defined,0.040788592588701066,sensitivity_only
id:x%3A0x1.8000000000000p%2B2,121,2.618,2.9255199999999997,2.9657956502765246,0.9874243684417244,defined,-0.040788592588701066,sensitivity_only
id:x%3A0x1.8000000000000p%2B2,122,2.64,2.9396000000000004,2.8993243497234755,0.9874243684417244,defined,0.040788592588701066,sensitivity_only
id:x%3A0x1.8000000000000p%2B2,123,2.662,2.9536800000000003,2.993955650276525,0.9874243684417244,defined,-0.040788592588701066,sensitivity_only
id:x%3A0x1.8000000000000p%2B2,124,2.684,2.96776,2.9274843497234753,0.9874243684417244,defined,0.040788592588701066,sensitivity_only
id:x%3A0x1.8000000000000p%2B2,125,2.706,2.98184,3.022115650276525,0.9874243684417244,defined,-0.040788592588701066,sensitivity_only
id:x%3A0x1.8000000000000p%2B2,126,2.728,2.99592,2.955644349723475,0.9874243684417244,defined,0.040788592588701066,sensitivity_only
id:x%3A0x1.8000000000000p%2B2,127,2.75,3.01,3.0502756502765247,0.9874243684417244,defined,-0.040788592588701066,sensitivity_only
id:x%3A0x1.8000000000000p%2B2,128,2.772,3.0240799999999997,2.9838043497234747,0.9874243684417244,defined,0.040788592588701066,sensitivity_only
id:x%3A0x1.8000000000000p%2B2,129,2.794,3.03816,3.078435650276525,0.9874243684417244,defined,-0.040788592588701066,sensitivity_only
id:x%3A0x1.8000000000000p%2B2,130,2.816,3.05224,3.011964349723475,0.9874243684417244,defined,0.040788592588701066,sensitivity_only
id:x%3A0x1.8000000000000p%2B2,131,2.838,3.06632,3.106595650276525,0.9874243684417244,defined,-0.040788592588701066,sensitivity_only
id:x%3A0x1.8000000000000p%2B2,132,2.86,3.0804,3.040124349723475,0.9874243684417244,defined,0.040788592588701066,sensitivity_only
id:x%3A0x1.8000000000000p%2B2,133,2.882,3.09448,3.134755650276525,0.9874243684417244,defined,-0.040788592588701066,sensitivity_only
id:x%3A0x1.8000000000000p%2B2,134,2.904,3.1085599999999998,3.068284349723475,0.9874243684417244,defined,0.040788592588701066,sensitivity_only
id:x%3A0x1.8000000000000p%2B2,135,2.926,3.12264,3.162915650276525,0.9874243684417244,defined,-0.040788592588701066,sensitivity_only
id:x%3A0x1.8000000000000p%2B2,136,2.948,3.13672,3.096444349723475,0.9874243684417244,defined,0.040788592588701066,sensitivity_only
id:x%3A0x1.8000000000000p%2B2,137,2.97,3.1508000000000003,3.191075650276525,0.9874243684417244,defined,-0.040788592588701066,sensitivity_only
id:x%3A0x1.8000000000000p%2B2,138,2.992,3.16488,3.1246043497234752,0.9874243684417244,defined,0.040788592588701066,sensitivity_only
id:x%3A0x1.8000000000000p%2B2,139,3.0,3.17,3.210275650276525,0.9874243684417244,defined,-0.040788592588701066,sensitivity_only
id:x%3A0x1.8000000000000p%2B2,140,3.014,3.17896,3.138684349723475,0.9874243684417244,defined,0.040788592588701066,sensitivity_only
id:x%3A0x1.8000000000000p%2B2,141,3.036,3.19304,3.233315650276525,0.9874243684417244,defined,-0.040788592588701066,sensitivity_only
id:x%3A0x1.8000000000000p%2B2,142,3.058,3.2071199999999997,3.166844349723475,0.9874243684417244,defined,0.040788592588701066,sensitivity_only
id:x%3A0x1.8000000000000p%2B2,143,3.08,3.2212,3.261475650276525,0.9874243684417244,defined,-0.040788592588701066,sensitivity_only
id:x%3A0x1.8000000000000p%2B2,144,3.102,3.23528,3.195004349723475,0.9874243684417244,defined,0.040788592588701066,sensitivity_only
id:x%3A0x1.8000000000000p%2B2,145,3.124,3.2493600000000002,3.289635650276525,0.9874243684417244,defined,-0.040788592588701066,sensitivity_only
id:x%3A0x1.8000000000000p%2B2,146,3.146,3.26344,3.223164349723475,0.9874243684417244,defined,0.040788592588701066,sensitivity_only
id:x%3A0x1.8000000000000p%2B2,147,3.168,3.27752,3.317795650276525,0.9874243684417244,defined,-0.040788592588701066,sensitivity_only
id:x%3A0x1.8000000000000p%2B2,148,3.19,3.2916,3.251324349723475,0.9874243684417244,defined,0.040788592588701066,sensitivity_only
id:x%3A0x1.8000000000000p%2B2,149,3.212,3.30568,3.345955650276525,0.9874243684417244,defined,-0.040788592588701066,sensitivity_only
id:x%3A0x1.8000000000000p%2B2,150,3.234,3.31976,3.279484349723475,0.9874243684417244,defined,0.040788592588701066,sensitivity_only
id:x%3A0x1.8000000000000p%2B2,151,3.256,3.33384,3.374115650276525,0.9874243684417244,defined,-0.040788592588701066,sensitivity_only
id:x%3A0x1.8000000000000p%2B2,152,3.278,3.3479200000000002,3.3076443497234753,0.9874243684417244,defined,0.040788592588701066,sensitivity_only
id:x%3A0x1.8000000000000p%2B2,153,3.3,3.362,3.402275650276525,0.9874243684417244,defined,-0.040788592588701066,sensitivity_only
id:x%3A0x1.8000000000000p%2B2,154,3.322,3.37608,3.335804349723475,0.9874243684417244,defined,0.040788592588701066,sensitivity_only
id:x%3A0x1.8000000000000p%2B2,155,3.344,3.39016,3.4304356502765248,0.9874243684417244,defined,-0.040788592588701066,sensitivity_only
id:x%3A0x1.8000000000000p%2B2,156,3.366,3.40424,3.3639643497234752,0.9874243684417244,defined,0.040788592588701066,sensitivity_only
id:x%3A0x1.8000000000000p%2B2,157,3.388,3.41832,3.458595650276525,0.9874243684417244,defined,-0.040788592588701066,sensitivity_only
id:x%3A0x1.8000000000000p%2B2,158,3.41,3.4324000000000003,3.3921243497234754,0.9874243684417244,defined,0.040788592588701066,sensitivity_only
id:x%3A0x1.8000000000000p%2B2,159,3.432,3.44648,3.486755650276525,0.9874243684417244,defined,-0.040788592588701066,sensitivity_only
id:x%3A0x1.8000000000000p%2B2,160,3.454,3.46056,3.420284349723475,0.9874243684417244,defined,0.040788592588701066,sensitivity_only
id:x%3A0x1.8000000000000p%2B2,161,3.476,3.47464,3.514915650276525,0.9874243684417244,defined,-0.040788592588701066,sensitivity_only
id:x%3A0x1.8000000000000p%2B2,162,3.498,3.4887200000000003,3.4484443497234754,0.9874243684417244,defined,0.040788592588701066,sensitivity_only
id:x%3A0x1.8000000000000p%2B2,163,3.52,3.5028,3.5382809300055102,0.8698738483891386,defined,-0.040788592588701066,sensitivity_only
id:x%3A0x1.8000000000000p%2B2,164,3.542,3.51688,3.48139906999449,0.8698738483891386,defined,0.040788592588701066,sensitivity_only
id:x%3A0x1.8000000000000p%2B2,165,3.564,3.53096,3.56644093000551,0.8698738483891386,defined,-0.040788592588701066,sensitivity_only
id:x%3A0x1.8000000000000p%2B2,166,3.586,3.5450399999999997,3.5095590699944896,0.8698738483891386,defined,0.040788592588701066,sensitivity_only
id:x%3A0x1.8000000000000p%2B2,167,3.608,3.55912,3.59460093000551,0.8698738483891386,defined,-0.040788592588701066,sensitivity_only
id:x%3A0x1.8000000000000p%2B2,168,3.63,3.5732,3.53771906999449,0.8698738483891386,defined,0.040788592588701066,sensitivity_only
id:x%3A0x1.8000000000000p%2B2,169,3.652,3.5872800000000002,3.6227609300055104,0.8698738483891386,defined,-0.040788592588701066,sensitivity_only
id:x%3A0x1.8000000000000p%2B2,170,3.674,3.60136,3.56587906999449,0.8698738483891386,defined,0.040788592588701066,sensitivity_only
id:x%3A0x1.8000000000000p%2B2,171,3.696,3.61544,3.65092093000551,0.8698738483891386,defined,-0.040788592588701066,sensitivity_only
id:x%3A0x1.8000000000000p%2B2,172,3.718,3.62952,3.5940390699944897,0.8698738483891386,defined,0.040788592588701066,sensitivity_only
id:x%3A0x1.8000000000000p%2B2,173,3.74,3.6436,3.6790809300055103,0.8698738483891386,defined,-0.040788592588701066,sensitivity_only
id:x%3A0x1.8000000000000p%2B2,174,3.762,3.65768,3.62219906999449,0.8698738483891386,defined,0.040788592588701066,sensitivity_only
id:x%3A0x1.8000000000000p%2B2,175,3.784,3.67176,3.70724093000551,0.8698738483891386,defined,-0.040788592588701066,sensitivity_only
id:x%3A0x1.8000000000000p%2B2,176,3.806,3.6858400000000002,3.65035906999449,0.8698738483891386,defined,0.040788592588701066,sensitivity_only
id:x%3A0x1.8000000000000p%2B2,177,3.828,3.69992,3.73540093000551,0.8698738483891386,defined,-0.040788592588701066,sensitivity_only
id:x%3A0x1.8000000000000p%2B2,178,3.85,3.714,3.67851906999449,0.8698738483891386,defined,0.040788592588701066,sensitivity_only
id:x%3A0x1.8000000000000p%2B2,179,3.872,3.72808,3.76356093000551,0.8698738483891386,defined,-0.040788592588701066,sensitivity_only
id:x%3A0x1.8000000000000p%2B2,180,3.894,3.74216,3.70667906999449,0.8698738483891386,defined,0.040788592588701066,sensitivity_only
id:x%3A0x1.8000000000000p%2B2,181,3.916,3.75624,3.79172093000551,0.8698738483891386,defined,-0.040788592588701066,sensitivity_only
id:x%3A0x1.8000000000000p%2B2,182,3.938,3.7703200000000003,3.7348390699944902,0.8698738483891386,defined,0.040788592588701066,sensitivity_only
id:x%3A0x1.8000000000000p%2B2,183,3.96,3.7844,3.8198809300055103,0.8698738483891386,defined,-0.040788592588701066,sensitivity_only
id:x%3A0x1.8000000000000p%2B2,184,3.982,3.79848,3.76299906999449,0.8698738483891386,defined,0.040788592588701066,sensitivity_only
id:x%3A0x1.8000000000000p%2B2,185,4.0,3.81,3.84548093000551,0.8698738483891386,defined,-0.040788592588701066,sensitivity_only
id:x%3A0x1.8000000000000p%2B2,186,4.004,3.81256,3.77707906999449,0.8698738483891386,defined,0.040788592588701066,sensitivity_only
id:x%3A0x1.8000000000000p%2B2,187,4.026,3.82664,3.86212093000551,0.8698738483891386,defined,-0.040788592588701066,sensitivity_only
id:x%3A0x1.8000000000000p%2B2,188,4.048,3.84072,3.80523906999449,0.8698738483891386,defined,0.040788592588701066,sensitivity_only
id:x%3A0x1.8000000000000p%2B2,189,4.07,3.8548000000000004,3.8902809300055106,0.8698738483891386,defined,-0.040788592588701066,sensitivity_only
id:x%3A0x1.8000000000000p%2B2,190,4.092,3.86888,3.8333990699944898,0.8698738483891386,defined,0.040788592588701066,sensitivity_only
id:x%3A0x1.8000000000000p%2B2,191,4.114,3.88296,3.9184409300055103,0.8698738483891386,defined,-0.040788592588701066,sensitivity_only
id:x%3A0x1.8000000000000p%2B2,192,4.136,3.89704,3.86155906999449,0.8698738483891386,defined,0.040788592588701066,sensitivity_only
id:x%3A0x1.8000000000000p%2B2,193,4.158,3.9111200000000004,3.9466009300055105,0.8698738483891386,defined,-0.040788592588701066,sensitivity_only
id:x%3A0x1.8000000000000p%2B2,194,4.18,3.9252,3.8897190699944897,0.8698738483891386,defined,0.040788592588701066,sensitivity_only
id:x%3A0x1.8000000000000p%2B2,195,4.202,3.93928,3.9747609300055102,0.8698738483891386,defined,-0.040788592588701066,sensitivity_only
id:x%3A0x1.8000000000000p%2B2,196,4.224,3.95336,3.91787906999449,0.8698738483891386,defined,0.040788592588701066,sensitivity_only
id:x%3A0x1.8000000000000p%2B2,197,4.246,3.9674400000000003,4.00292093000551,0.8698738483891386,defined,-0.040788592588701066,sensitivity_only
id:x%3A0x1.8000000000000p%2B2,198,4.268,3.9815199999999997,3.9460390699944896,0.8698738483891386,defined,0.040788592588701066,sensitivity_only
id:x%3A0x1.8000000000000p%2B2,199,4.29,3.9956,4.03108093000551,0.8698738483891386,defined,-0.040788592588701066,sensitivity_only
id:x%3A0x1.8000000000000p%2B2,200,4.312,4.00968,3.9741990699944902,0.8698738483891386,defined,0.040788592588701066,sensitivity_only
id:x%3A0x1.8000000000000p%2B2,201,4.334,4.023759999999999,4.059240930005509,0.8698738483891386,defined,-0.040788592588701066,sensitivity_only
id:x%3A0x1.8000000000000p%2B2,202,4.356,4.03784,4.00235906999449,0.8698738483891386,defined,0.040788592588701066,sensitivity_only
id:x%3A0x1.8000000000000p%2B2,203,4.378,4.05192,4.08740093000551,0.8698738483891386,defined,-0.040788592588701066,sensitivity_only
id:x%3A0x1.8000000000000p%2B2,204,4.4,4.066000000000001,4.030519069994491,0.8698738483891386,defined,0.040788592588701066,sensitivity_only
id:x%3A0x1.8000000000000p%2B2,205,4.422,4.08008,4.115560930005509,0.8698738483891386,defined,-0.040788592588701066,sensitivity_only
id:x%3A0x1.8000000000000p%2B2,206,4.444,4.0941600000000005,4.058679069994491,0.8698738483891386,defined,0.040788592588701066,sensitivity_only
id:x%3A0x1.8000000000000p%2B2,207,4.466,4.10824,4.14372093000551,0.8698738483891386,defined,-0.040788592588701066,sensitivity_only
id:x%3A0x1.8000000000000p%2B2,208,4.488,4.12232,4.0868390699944905,0.8698738483891386,defined,0.040788592588701066,sensitivity_only
id:x%3A0x1.8000000000000p%2B2,209,4.51,4.1364,4.176675650276525,0.9874243684417244,defined,-0.040788592588701066,sensitivity_only
id:x%3A0x1.8000000000000p%2B2,210,4.532,4.15048,4.110204349723475,0.9874243684417244,defined,0.040788592588701066,sensitivity_only
id:x%3A0x1.8000000000000p%2B2,211,4.554,4.16456,4.204835650276525,0.9874243684417244,defined,-0.040788592588701066,sensitivity_only
id:x%3A0x1.8000000000000p%2B2,212,4.576,4.17864,4.138364349723474,0.9874243684417244,defined,0.040788592588701066,sensitivity_only
id:x%3A0x1.8000000000000p%2B2,213,4.598,4.19272,4.232995650276525,0.9874243684417244,defined,-0.040788592588701066,sensitivity_only
id:x%3A0x1.8000000000000p%2B2,214,4.62,4.2068,4.166524349723475,0.9874243684417244,defined,0.040788592588701066,sensitivity_only
id:x%3A0x1.8000000000000p%2B2,215,4.642,4.22088,4.2611556502765255,0.9874243684417244,defined,-0.040788592588701066,sensitivity_only
id:x%3A0x1.8000000000000p%2B2,216,4.664,4.23496,4.194684349723475,0.9874243684417244,defined,0.040788592588701066,sensitivity_only
id:x%3A0x1.8000000000000p%2B2,217,4.686,4.24904,4.289315650276525,0.9874243684417244,defined,-0.040788592588701066,sensitivity_only
id:x%3A0x1.8000000000000p%2B2,218,4.708,4.263120000000001,4.222844349723475,0.9874243684417244,defined,0.040788592588701066,sensitivity_only
id:x%3A0x1.8000000000000p%2B2,219,4.73,4.277200000000001,4.317475650276526,0.9874243684417244,defined,-0.040788592588701066,sensitivity_only
id:x%3A0x1.8000000000000p%2B2,220,4.752,4.29128,4.251004349723475,0.9874243684417244,defined,0.040788592588701066,sensitivity_only
id:x%3A0x1.8000000000000p%2B2,221,4.774,4.30536,4.345635650276526,0.9874243684417244,defined,-0.040788592588701066,sensitivity_only
id:x%3A0x1.8000000000000p%2B2,222,4.796,4.31944,4.279164349723475,0.9874243684417244,defined,0.040788592588701066,sensitivity_only
id:x%3A0x1.8000000000000p%2B2,223,4.818,4.33352,4.373795650276525,0.9874243684417244,defined,-0.040788592588701066,sensitivity_only
id:x%3A0x1.8000000000000p%2B2,224,4.84,4.3476,4.3073243497234746,0.9874243684417244,defined,0.040788592588701066,sensitivity_only
id:x%3A0x1.8000000000000p%2B2,225,4.862,4.36168,4.401955650276525,0.9874243684417244,defined,-0.040788592588701066,sensitivity_only
id:x%3A0x1.8000000000000p%2B2,226,4.884,4.37576,4.335484349723474,0.9874243684417244,defined,0.040788592588701066,sensitivity_only
id:x%3A0x1.8000000000000p%2B2,227,4.906,4.3898399999999995,4.430115650276525,0.9874243684417244,defined,-0.040788592588701066,sensitivity_only
id:x%3A0x1.8000000000000p%2B2,228,4.928,4.403919999999999,4.363644349723474,0.9874243684417244,defined,0.040788592588701066,sensitivity_only
id:x%3A0x1.8000000000000p%2B2,229,4.95,4.418,4.4582756502765255,0.9874243684417244,defined,-0.040788592588701066,sensitivity_only
id:x%3A0x1.8000000000000p%2B2,230,4.972,4.432080000000001,4.3918043497234756,0.9874243684417244,defined,0.040788592588701066,sensitivity_only
id:x%3A0x1.8000000000000p%2B2,231,4.994,4.44616,4.486435650276525,0.9874243684417244,defined,-0.040788592588701066,sensitivity_only
id:x%3A0x1.8000000000000p%2B2,232,5.0,4.45,4.409724349723475,0.9874243684417244,defined,0.040788592588701066,sensitivity_only
id:x%3A0x1.8000000000000p%2B2,233,5.016,4.460240000000001,4.500515650276526,0.9874243684417244,defined,-0.040788592588701066,sensitivity_only
id:x%3A0x1.8000000000000p%2B2,234,5.038,4.4743200000000005,4.434044349723475,0.9874243684417244,defined,0.040788592588701066,sensitivity_only
id:x%3A0x1.8000000000000p%2B2,235,5.06,4.4884,4.528675650276526,0.9874243684417244,defined,-0.040788592588701066,sensitivity_only
id:x%3A0x1.8000000000000p%2B2,236,5.082,4.50248,4.462204349723475,0.9874243684417244,defined,0.040788592588701066,sensitivity_only
id:x%3A0x1.8000000000000p%2B2,237,5.104,4.51656,4.5568356502765255,0.9874243684417244,defined,-0.040788592588701066,sensitivity_only
id:x%3A0x1.8000000000000p%2B2,238,5.126,4.53064,4.490364349723475,0.9874243684417244,defined,0.040788592588701066,sensitivity_only
id:x%3A0x1.8000000000000p%2B2,239,5.148,4.54472,4.584995650276525,0.9874243684417244,defined,-0.040788592588701066,sensitivity_only
id:x%3A0x1.8000000000000p%2B2,240,5.17,4.5588,4.518524349723474,0.9874243684417244,defined,0.040788592588701066,sensitivity_only
id:x%3A0x1.8000000000000p%2B2,241,5.192,4.57288,4.613155650276525,0.9874243684417244,defined,-0.040788592588701066,sensitivity_only
id:x%3A0x1.8000000000000p%2B2,242,5.214,4.58696,4.546684349723475,0.9874243684417244,defined,0.040788592588701066,sensitivity_only
id:x%3A0x1.8000000000000p%2B2,243,5.236,4.601039999999999,4.641315650276525,0.9874243684417244,defined,-0.040788592588701066,sensitivity_only
id:x%3A0x1.8000000000000p%2B2,244,5.258,4.61512,4.574844349723475,0.9874243684417244,defined,0.040788592588701066,sensitivity_only
id:x%3A0x1.8000000000000p%2B2,245,5.28,4.629200000000001,4.669475650276526,0.9874243684417244,defined,-0.040788592588701066,sensitivity_only
id:x%3A0x1.8000000000000p%2B2,246,5.302,4.64328,4.6030043497234745,0.9874243684417244,defined,0.040788592588701066,sensitivity_only
id:x%3A0x1.8000000000000p%2B2,247,5.324,4.657360000000001,4.697635650276526,0.9874243684417244,defined,-0.040788592588701066,sensitivity_only
id:x%3A0x1.8000000000000p%2B2,248,5.346,4.6714400000000005,4.631164349723475,0.9874243684417244,defined,0.040788592588701066,sensitivity_only
id:x%3A0x1.8000000000000p%2B2,249,5.368,4.68552,4.725795650276526,0.9874243684417244,defined,-0.040788592588701066,sensitivity_only
id:x%3A0x1.8000000000000p%2B2,250,5.39,4.6996,4.659324349723475,0.9874243684417244,defined,0.040788592588701066,sensitivity_only
id:x%3A0x1.8000000000000p%2B2,251,5.412,4.71368,4.7539556502765254,0.9874243684417244,defined,-0.040788592588701066,sensitivity_only
id:x%3A0x1.8000000000000p%2B2,252,5.434,4.72776,4.687484349723475,0.9874243684417244,defined,0.040788592588701066,sensitivity_only
id:x%3A0x1.8000000000000p%2B2,253,5.456,4.74184,4.782115650276525,0.9874243684417244,defined,-0.040788592588701066,sensitivity_only
id:x%3A0x1.8000000000000p%2B2,254,5.478,4.75592,4.715644349723474,0.9874243684417244,defined,0.040788592588701066,sensitivity_only
id:x%3A0x1.8000000000000p%2B2,255,5.5,4.77,4.810275650276525,0.9874243684417244,defined,-0.040788592588701066,sensitivity_only
id:x%3A0x1.8000000000000p%2B2,256,5.522,4.78408,4.748599069994491,0.8698738483891382,defined,0.040788592588701066,sensitivity_only
id:x%3A0x1.8000000000000p%2B2,257,5.544,4.798159999999999,4.833640930005509,0.8698738483891382,defined,-0.040788592588701066,sensitivity_only
id:x%3A0x1.8000000000000p%2B2,258,5.566,4.81224,4.77675906999449,0.8698738483891382,defined,0.040788592588701066,sensitivity_only
id:x%3A0x1.8000000000000p%2B2,259,5.588,4.82632,4.86180093000551,0.8698738483891382,defined,-0.040788592588701066,sensitivity_only
id:x%3A0x1.8000000000000p%2B2,260,5.61,4.840400000000001,4.804919069994491,0.8698738483891382,defined,0.040788592588701066,sensitivity_only
id:x%3A0x1.8000000000000p%2B2,261,5.632,4.85448,4.889960930005509,0.8698738483891382,defined,-0.040788592588701066,sensitivity_only
id:x%3A0x1.8000000000000p%2B2,262,5.654,4.86856,4.833079069994491,0.8698738483891382,defined,0.040788592588701066,sensitivity_only
id:x%3A0x1.8000000000000p%2B2,263,5.676,4.88264,4.91812093000551,0.8698738483891382,defined,-0.040788592588701066,sensitivity_only
id:x%3A0x1.8000000000000p%2B2,264,5.698,4.89672,4.8612390699944905,0.8698738483891382,defined,0.040788592588701066,sensitivity_only
id:x%3A0x1.8000000000000p%2B2,265,5.72,4.9108,4.94628093000551,0.8698738483891382,defined,-0.040788592588701066,sensitivity_only
id:x%3A0x1.8000000000000p%2B2,266,5.742,4.92488,4.88939906999449,0.8698738483891382,defined,0.040788592588701066,sensitivity_only
id:x%3A0x1.8000000000000p%2B2,267,5.764,4.93896,4.9744409300055095,0.8698738483891382,defined,-0.040788592588701066,sensitivity_only
id:x%3A0x1.8000000000000p%2B2,268,5.786,4.95304,4.91755906999449,0.8698738483891382,defined,0.040788592588701066,sensitivity_only
id:x%3A0x1.8000000000000p%2B2,269,5.808,4.9671199999999995,5.002600930005509,0.8698738483891382,defined,-0.040788592588701066,sensitivity_only
id:x%3A0x1.8000000000000p%2B2,270,5.83,4.9812,4.945719069994491,0.8698738483891382,defined,0.040788592588701066,sensitivity_only
id:x%3A0x1.8000000000000p%2B2,271,5.852,4.99528,5.03076093000551,0.8698738483891382,defined,-0.040788592588701066,sensitivity_only
id:x%3A0x1.8000000000000p%2B2,272,5.874,5.00936,4.97387906999449,0.8698738483891382,defined,0.040788592588701066,sensitivity_only
id:x%3A0x1.8000000000000p%2B2,273,5.896,5.02344,5.05892093000551,0.8698738483891382,defined,-0.040788592588701066,sensitivity_only
id:x%3A0x1.8000000000000p%2B2,274,5.918,5.037520000000001,5.002039069994491,0.8698738483891382,defined,0.040788592588701066,sensitivity_only
id:x%3A0x1.8000000000000p%2B2,275,5.94,5.0516000000000005,5.08708093000551,0.8698738483891382,defined,-0.040788592588701066,sensitivity_only
id:x%3A0x1.8000000000000p%2B2,276,5.962,5.06568,5.030199069994491,0.8698738483891382,defined,0.040788592588701066,sensitivity_only
id:x%3A0x1.8000000000000p%2B2,277,5.984,5.07976,5.11524093000551,0.8698738483891382,defined,-0.040788592588701066,sensitivity_only
id:x%3A0x1.8000000000000p%2B2,278,6.0,5.09,5.05451906999449,0.8698738483891382,defined,0.040788592588701066,sensitivity_only
id:x%3A0x1.8000000000000p%2B2,279,6.006,5.09384,5.12932093000551,0.8698738483891382,defined,-0.040788592588701066,sensitivity_only
id:x%3A0x1.8000000000000p%2B2,280,6.028,5.10792,5.07243906999449,0.8698738483891382,defined,0.040788592588701066,sensitivity_only
id:x%3A0x1.8000000000000p%2B2,281,6.05,5.122,5.15748093000551,0.8698738483891382,defined,-0.040788592588701066,sensitivity_only
id:x%3A0x1.8000000000000p%2B2,282,6.072,5.13608,5.10059906999449,0.8698738483891382,defined,0.040788592588701066,sensitivity_only
id:x%3A0x1.8000000000000p%2B2,283,6.094,5.15016,5.185640930005509,0.8698738483891382,defined,-0.040788592588701066,sensitivity_only
id:x%3A0x1.8000000000000p%2B2,284,6.116,5.1642399999999995,5.12875906999449,0.8698738483891382,defined,0.040788592588701066,sensitivity_only
id:x%3A0x1.8000000000000p%2B2,285,6.138,5.178319999999999,5.213800930005509,0.8698738483891382,defined,-0.040788592588701066,sensitivity_only
id:x%3A0x1.8000000000000p%2B2,286,6.16,5.1924,5.1569190699944905,0.8698738483891382,defined,0.040788592588701066,sensitivity_only
id:x%3A0x1.8000000000000p%2B2,287,6.182,5.206480000000001,5.2419609300055106,0.8698738483891382,defined,-0.040788592588701066,sensitivity_only
id:x%3A0x1.8000000000000p%2B2,288,6.204,5.22056,5.18507906999449,0.8698738483891382,defined,0.040788592588701066,sensitivity_only
id:x%3A0x1.8000000000000p%2B2,289,6.226,5.234640000000001,5.27012093000551,0.8698738483891382,defined,-0.040788592588701066,sensitivity_only
id:x%3A0x1.8000000000000p%2B2,290,6.248,5.2487200000000005,5.213239069994491,0.8698738483891382,defined,0.040788592588701066,sensitivity_only
id:x%3A0x1.8000000000000p%2B2,291,6.27,5.2627999999999995,5.298280930005509,0.8698738483891382,defined,-0.040788592588701066,sensitivity_only
id:x%3A0x1.8000000000000p%2B2,292,6.292,5.27688,5.241399069994491,0.8698738483891382,defined,0.040788592588701066,sensitivity_only
id:x%3A0x1.8000000000000p%2B2,293,6.314,5.29096,5.32644093000551,0.8698738483891382,defined,-0.040788592588701066,sensitivity_only
id:x%3A0x1.8000000000000p%2B2,294,6.336,5.30504,5.26955906999449,0.8698738483891382,defined,0.040788592588701066,sensitivity_only
id:x%3A0x1.8000000000000p%2B2,295,6.358,5.31912,5.3546009300055095,0.8698738483891382,defined,-0.040788592588701066,sensitivity_only
id:x%3A0x1.8000000000000p%2B2,296,6.38,5.3332,5.29771906999449,0.8698738483891382,defined,0.040788592588701066,sensitivity_only
id:x%3A0x1.8000000000000p%2B2,297,6.402,5.3472800000000005,5.38276093000551,0.8698738483891382,defined,-0.040788592588701066,sensitivity_only
id:x%3A0x1.8000000000000p%2B2,298,6.424,5.36136,5.325879069994491,0.8698738483891382,defined,0.040788592588701066,sensitivity_only
id:x%3A0x1.8000000000000p%2B2,299,6.446,5.37544,5.41092093000551,0.8698738483891382,defined,-0.040788592588701066,sensitivity_only
id:x%3A0x1.8000000000000p%2B2,300,6.468,5.38952,5.35403906999449,0.8698738483891382,defined,0.040788592588701066,sensitivity_only
id:x%3A0x1.8000000000000p%2B2,301,6.49,5.4036,5.43908093000551,0.8698738483891382,defined,-0.040788592588701066,sensitivity_only
id:x%3A0x1.8000000000000p%2B2,302,6.512,5.41768,5.383239626308625,0.8443628844628325,defined,0.040788592588701066,sensitivity_only
id:x%3A0x1.8000000000000p%2B2,303,6.534,5.43176,5.4662003736913745,0.8443628844628325,defined,-0.040788592588701066,sensitivity_only
id:x%3A0x1.8000000000000p%2B2,304,6.556,5.4458400000000005,5.411399626308626,0.8443628844628325,defined,0.040788592588701066,sensitivity_only
id:x%3A0x1.8000000000000p%2B2,305,6.578,5.45992,5.494360373691375,0.8443628844628325,defined,-0.040788592588701066,sensitivity_only
id:x%3A0x1.8000000000000p%2B2,306,6.6,5.474,5.439559626308625,0.8443628844628325,defined,0.040788592588701066,sensitivity_only
id:x%3A0x1.8000000000000p%2B2,307,6.622,5.48808,5.522520373691375,0.8443628844628325,defined,-0.040788592588701066,sensitivity_only
id:x%3A0x1.8000000000000p%2B2,308,6.644,5.50216,5.467719626308625,0.8443628844628325,defined,0.040788592588701066,sensitivity_only
id:x%3A0x1.8000000000000p%2B2,309,6.666,5.516240000000001,5.5506803736913755,0.8443628844628325,defined,-0.040788592588701066,sensitivity_only
id:x%3A0x1.8000000000000p%2B2,310,6.688,5.53032,5.495879626308625,0.8443628844628325,defined,0.040788592588701066,sensitivity_only
id:x%3A0x1.8000000000000p%2B2,311,6.71,5.5444,5.578840373691375,0.8443628844628325,defined,-0.040788592588701066,sensitivity_only
id:x%3A0x1.8000000000000p%2B2,312,6.732,5.55848,5.5240396263086256,0.8443628844628325,defined,0.040788592588701066,sensitivity_only
id:x%3A0x1.8000000000000p%2B2,313,6.754,5.57256,5.607000373691375,0.8443628844628325,defined,-0.040788592588701066,sensitivity_only
id:x%3A0x1.8000000000000p%2B2,314,6.776,5.58664,5.552199626308625,0.8443628844628325,defined,0.040788592588701066,sensitivity_only
id:x%3A0x1.8000000000000p%2B2,315,6.798,5.60072,5.635160373691375,0.8443628844628325,defined,-0.040788592588701066,sensitivity_only
id:x%3A0x1.8000000000000p%2B2,316,6.82,5.614800000000001,5.580359626308626,0.8443628844628325,defined,0.040788592588701066,sensitivity_only
id:x%3A0x1.8000000000000p%2B2,317,6.842,5.62888,5.663320373691374,0.8443628844628325,defined,-0.040788592588701066,sensitivity_only
id:x%3A0x1.8000000000000p%2B2,318,6.864,5.64296,5.608519626308626,0.8443628844628325,defined,0.040788592588701066,sensitivity_only
id:x%3A0x1.8000000000000p%2B2,319,6.886,5.65704,5.691480373691375,0.8443628844628325,defined,-0.040788592588701066,sensitivity_only
id:x%3A0x1.8000000000000p%2B2,320,6.908,5.67112,5.636679626308625,0.8443628844628325,defined,0.040788592588701066,sensitivity_only
id:x%3A0x1.8000000000000p%2B2,321,6.93,5.6852,5.719640373691375,0.8443628844628325,defined,-0.040788592588701066,sensitivity_only
id:x%3A0x1.8000000000000p%2B2,322,6.952,5.69928,5.664839626308625,0.8443628844628325,defined,0.040788592588701066,sensitivity_only
id:x%3A0x1.8000000000000p%2B2,323,6.974,5.713360000000001,5.747800373691375,0.8443628844628325,defined,-0.040788592588701066,sensitivity_only
id:x%3A0x1.8000000000000p%2B2,324,6.996,5.7274400000000005,5.692999626308626,0.8443628844628325,defined,0.040788592588701066,sensitivity_only
id:x%3A0x1.8000000000000p%2B2,325,7.0,5.73,5.764440373691375,0.8443628844628325,defined,-0.040788592588701066,sensitivity_only
id:x%3A0x1.8000000000000p%2B2,326,7.018,5.74152,5.707079626308626,0.8443628844628325,defined,0.040788592588701066,sensitivity_only
id:x%3A0x1.8000000000000p%2B2,327,7.04,5.7556,5.790040373691375,0.8443628844628325,defined,-0.040788592588701066,sensitivity_only
id:x%3A0x1.8000000000000p%2B2,328,7.062,5.76968,5.735239626308625,0.8443628844628325,defined,0.040788592588701066,sensitivity_only
id:x%3A0x1.8000000000000p%2B2,329,7.084,5.78376,5.818200373691375,0.8443628844628325,defined,-0.040788592588701066,sensitivity_only
id:x%3A0x1.8000000000000p%2B2,330,7.106,5.79784,5.763399626308625,0.8443628844628325,defined,0.040788592588701066,sensitivity_only
id:x%3A0x1.8000000000000p%2B2,331,7.128,5.81192,5.8463603736913745,0.8443628844628325,defined,-0.040788592588701066,sensitivity_only
id:x%3A0x1.8000000000000p%2B2,332,7.15,5.8260000000000005,5.791559626308626,0.8443628844628325,defined,0.040788592588701066,sensitivity_only
id:x%3A0x1.8000000000000p%2B2,333,7.172,5.8400799999999995,5.874520373691374,0.8443628844628325,defined,-0.040788592588701066,sensitivity_only
id:x%3A0x1.8000000000000p%2B2,334,7.194,5.85416,5.8197196263086255,0.8443628844628325,defined,0.040788592588701066,sensitivity_only
id:x%3A0x1.8000000000000p%2B2,335,7.216,5.86824,5.902680373691375,0.8443628844628325,defined,-0.040788592588701066,sensitivity_only
id:x%3A0x1.8000000000000p%2B2,336,7.238,5.88232,5.847879626308625,0.8443628844628325,defined,0.040788592588701066,sensitivity_only
id:x%3A0x1.8000000000000p%2B2,337,7.26,5.8964,5.930840373691375,0.8443628844628325,defined,-0.040788592588701066,sensitivity_only
id:x%3A0x1.8000000000000p%2B2,338,7.282,5.91048,5.876039626308625,0.8443628844628325,defined,0.040788592588701066,sensitivity_only
id:x%3A0x1.8000000000000p%2B2,339,7.304,5.9245600000000005,5.959000373691375,0.8443628844628325,defined,-0.040788592588701066,sensitivity_only
id:x%3A0x1.8000000000000p%2B2,340,7.326,5.9386399999999995,5.904199626308625,0.8443628844628325,defined,0.040788592588701066,sensitivity_only
id:x%3A0x1.8000000000000p%2B2,341,7.348,5.95272,5.987160373691375,0.8443628844628325,defined,-0.040788592588701066,sensitivity_only
id:x%3A0x1.8000000000000p%2B2,342,7.37,5.9668,5.932359626308625,0.8443628844628325,defined,0.040788592588701066,sensitivity_only
id:x%3A0x1.8000000000000p%2B2,343,7.392,5.98088,6.015320373691375,0.8443628844628325,defined,-0.040788592588701066,sensitivity_only
id:x%3A0x1.8000000000000p%2B2,344,7.414,5.99496,5.960519626308625,0.8443628844628325,defined,0.040788592588701066,sensitivity_only
id:x%3A0x1.8000000000000p%2B2,345,7.436,6.00904,6.0434803736913745,0.8443628844628325,defined,-0.040788592588701066,sensitivity_only
id:x%3A0x1.8000000000000p%2B2,346,7.458,6.0231200000000005,5.988679626308626,0.8443628844628325,defined,0.040788592588701066,sensitivity_only
id:x%3A0x1.8000000000000p%2B2,347,7.48,6.0372,6.071640373691375,0.8443628844628325,defined,-0.040788592588701066,sensitivity_only
id:x%3A0x1.8000000000000p%2B2,348,7.502,6.05128,6.018561685495556,0.8021437472571021,defined,0.040788592588701066,sensitivity_only
id:x%3A0x1.8000000000000p%2B2,349,7.524,6.06536,6.098078314504444,0.8021437472571021,defined,-0.040788592588701066,sensitivity_only
id:x%3A0x1.8000000000000p%2B2,350,7.546,6.07944,6.046721685495556,0.8021437472571021,defined,0.040788592588701066,sensitivity_only
id:x%3A0x1.8000000000000p%2B2,351,7.568,6.09352,6.126238314504444,0.8021437472571021,defined,-0.040788592588701066,sensitivity_only
id:x%3A0x1.8000000000000p%2B2,352,7.59,6.1076,6.074881685495556,0.8021437472571021,defined,0.040788592588701066,sensitivity_only
id:x%3A0x1.8000000000000p%2B2,353,7.612,6.1216800000000005,6.154398314504444,0.8021437472571021,defined,-0.040788592588701066,sensitivity_only
id:x%3A0x1.8000000000000p%2B2,354,7.634,6.13576,6.1030416854955565,0.8021437472571021,defined,0.040788592588701066,sensitivity_only
id:x%3A0x1.8000000000000p%2B2,355,7.656,6.14984,6.182558314504444,0.8021437472571021,defined,-0.040788592588701066,sensitivity_only
id:x%3A0x1.8000000000000p%2B2,356,7.678,6.16392,6.131201685495556,0.8021437472571021,defined,0.040788592588701066,sensitivity_only
id:x%3A0x1.8000000000000p%2B2,357,7.7,6.178,6.210718314504444,0.8021437472571021,defined,-0.040788592588701066,sensitivity_only
id:x%3A0x1.8000000000000p%2B2,358,7.722,6.192080000000001,6.159361685495557,0.8021437472571021,defined,0.040788592588701066,sensitivity_only
id:x%3A0x1.8000000000000p%2B2,359,7.744,6.20616,6.2388783145044435,0.8021437472571021,defined,-0.040788592588701066,sensitivity_only
id:x%3A0x1.8000000000000p%2B2,360,7.766,6.22024,6.187521685495557,0.8021437472571021,defined,0.040788592588701066,sensitivity_only
id:x%3A0x1.8000000000000p%2B2,361,7.788,6.23432,6.267038314504444,0.8021437472571021,defined,-0.040788592588701066,sensitivity_only
id:x%3A0x1.8000000000000p%2B2,362,7.81,6.2484,6.215681685495556,0.8021437472571021,defined,0.040788592588701066,sensitivity_only
id:x%3A0x1.8000000000000p%2B2,363,7.832,6.26248,6.295198314504444,0.8021437472571021,defined,-0.040788592588701066,sensitivity_only
id:x%3A0x1.8000000000000p%2B2,364,7.854,6.27656,6.243841685495556,0.8021437472571021,defined,0.040788592588701066,sensitivity_only
id:x%3A0x1.8000000000000p%2B2,365,7.876,6.290640000000001,6.3233583145044445,0.8021437472571021,defined,-0.040788592588701066,sensitivity_only
id:x%3A0x1.8000000000000p%2B2,366,7.898,6.30472,6.272001685495556,0.8021437472571021,defined,0.040788592588701066,sensitivity_only
id:x%3A0x1.8000000000000p%2B2,367,7.92,6.3188,6.351518314504444,0.8021437472571021,defined,-0.040788592588701066,sensitivity_only
id:x%3A0x1.8000000000000p%2B2,368,7.942,6.33288,6.300161685495556,0.8021437472571021,defined,0.040788592588701066,sensitivity_only
id:x%3A0x1.8000000000000p%2B2,369,7.964,6.34696,6.379678314504444,0.8021437472571021,defined,-0.040788592588701066,sensitivity_only
id:x%3A0x1.8000000000000p%2B2,370,7.986,6.36104,6.328321685495556,0.8021437472571021,defined,0.040788592588701066,sensitivity_only
id:x%3A0x1.8000000000000p%2B2,371,8.0,6.37,6.402718314504444,0.8021437472571021,defined,-0.040788592588701066,sensitivity_only
id:x%3A0x1.8000000000000p%2B2,372,8.008,6.37512,6.342401685495556,0.8021437472571021,defined,0.040788592588701066,sensitivity_only
id:x%3A0x1.8000000000000p%2B2,373,8.03,6.3892,6.421918314504444,0.8021437472571021,defined,-0.040788592588701066,sensitivity_only
id:x%3A0x1.8000000000000p%2B2,374,8.052,6.40328,6.370561685495556,0.8021437472571021,defined,0.040788592588701066,sensitivity_only
id:x%3A0x1.8000000000000p%2B2,375,8.074,6.41736,6.450078314504444,0.8021437472571021,defined,-0.040788592588701066,sensitivity_only
id:x%3A0x1.8000000000000p%2B2,376,8.096,6.43144,6.398721685495556,0.8021437472571021,defined,0.040788592588701066,sensitivity_only
id:x%3A0x1.8000000000000p%2B2,377,8.118,6.44552,6.478238314504444,0.8021437472571021,defined,-0.040788592588701066,sensitivity_only
id:x%3A0x1.8000000000000p%2B2,378,8.14,6.459600000000001,6.426881685495557,0.8021437472571021,defined,0.040788592588701066,sensitivity_only
id:x%3A0x1.8000000000000p%2B2,379,8.162,6.473680000000001,6.506398314504445,0.8021437472571021,defined,-0.040788592588701066,sensitivity_only
id:x%3A0x1.8000000000000p%2B2,380,8.184,6.48776,6.455041685495556,0.8021437472571021,defined,0.040788592588701066,sensitivity_only
id:x%3A0x1.8000000000000p%2B2,381,8.206,6.50184,6.5345583145044435,0.8021437472571021,defined,-0.040788592588701066,sensitivity_only
id:x%3A0x1.8000000000000p%2B2,382,8.228,6.51592,6.4832016854955565,0.8021437472571021,defined,0.040788592588701066,sensitivity_only
id:x%3A0x1.8000000000000p%2B2,383,8.25,6.53,6.562718314504444,0.8021437472571021,defined,-0.040788592588701066,sensitivity_only
id:x%3A0x1.8000000000000p%2B2,384,8.272,6.54408,6.511361685495556,0.8021437472571021,defined,0.040788592588701066,sensitivity_only
id:x%3A0x1.8000000000000p%2B2,385,8.294,6.55816,6.590878314504444,0.8021437472571021,defined,-0.040788592588701066,sensitivity_only
id:x%3A0x1.8000000000000p%2B2,386,8.316,6.572240000000001,6.539521685495557,0.8021437472571021,defined,0.040788592588701066,sensitivity_only
id:x%3A0x1.8000000000000p%2B2,387,8.338,6.58632,6.619038314504444,0.8021437472571021,defined,-0.040788592588701066,sensitivity_only
id:x%3A0x1.8000000000000p%2B2,388,8.36,6.6004,6.567681685495556,0.8021437472571021,defined,0.040788592588701066,sensitivity_only
id:x%3A0x1.8000000000000p%2B2,389,8.382,6.6144799999999995,6.647198314504443,0.8021437472571021,defined,-0.040788592588701066,sensitivity_only
id:x%3A0x1.8000000000000p%2B2,390,8.404,6.62856,6.595841685495556,0.8021437472571021,defined,0.040788592588701066,sensitivity_only
id:x%3A0x1.8000000000000p%2B2,391,8.426,6.64264,6.675358314504444,0.8021437472571021,defined,-0.040788592588701066,sensitivity_only
id:x%3A0x1.8000000000000p%2B2,392,8.448,6.65672,6.624001685495556,0.8021437472571021,defined,0.040788592588701066,sensitivity_only
id:x%3A0x1.8000000000000p%2B2,393,8.47,6.670800000000001,6.703518314504445,0.8021437472571021,defined,-0.040788592588701066,sensitivity_only
id:x%3A0x1.8000000000000p%2B2,394,8.492,6.684880000000001,6.652161685495557,0.8021437472571021,defined,0.040788592588701066,sensitivity_only
id:x%3A0x1.8000000000000p%2B2,395,8.514,6.69896,6.728197642748651,0.7168093060595385,defined,-0.040788592588701066,sensitivity_only
id:x%3A0x1.8000000000000p%2B2,396,8.536,6.7130399999999995,6.683802357251348,0.7168093060595385,defined,0.040788592588701066,sensitivity_only
id:x%3A0x1.8000000000000p%2B2,397,8.558,6.72712,6.756357642748652,0.7168093060595385,defined,-0.040788592588701066,sensitivity_only
id:x%3A0x1.8000000000000p%2B2,398,8.58,6.7412,6.711962357251348,0.7168093060595385,defined,0.040788592588701066,sensitivity_only
id:x%3A0x1.8000000000000p%2B2,399,8.602,6.75528,6.784517642748652,0.7168093060595385,defined,-0.040788592588701066,sensitivity_only
id:x%3A0x1.8000000000000p%2B2,400,8.624,6.769360000000001,6.740122357251349,0.7168093060595385,defined,0.040788592588701066,sensitivity_only
id:x%3A0x1.8000000000000p%2B2,401,8.646,6.783440000000001,6.812677642748652,0.7168093060595385,defined,-0.040788592588701066,sensitivity_only
id:x%3A0x1.8000000000000p%2B2,402,8.668,6.79752,6.768282357251348,0.7168093060595385,defined,0.040788592588701066,sensitivity_only
id:x%3A0x1.8000000000000p%2B2,403,8.69,6.811599999999999,6.840837642748651,0.7168093060595385,defined,-0.040788592588701066,sensitivity_only
id:x%3A0x1.8000000000000p%2B2,404,8.712,6.82568,6.796442357251348,0.7168093060595385,defined,0.040788592588701066,sensitivity_only
id:x%3A0x1.8000000000000p%2B2,405,8.734,6.83976,6.868997642748652,0.7168093060595385,defined,-0.040788592588701066,sensitivity_only
id:x%3A0x1.8000000000000p%2B2,406,8.756,6.85384,6.824602357251348,0.7168093060595385,defined,0.040788592588701066,sensitivity_only
id:x%3A0x1.8000000000000p%2B2,407,8.778,6.867920000000001,6.8971576427486525,0.7168093060595385,defined,-0.040788592588701066,sensitivity_only
id:x%3A0x1.8000000000000p%2B2,408,8.8,6.882000000000001,6.852762357251349,0.7168093060595385,defined,0.040788592588701066,sensitivity_only
id:x%3A0x1.8000000000000p%2B2,409,8.822,6.8960799999999995,6.925317642748651,0.7168093060595385,defined,-0.040788592588701066,sensitivity_only
id:x%3A0x1.8000000000000p%2B2,410,8.844,6.910159999999999,6.880922357251348,0.7168093060595385,defined,0.040788592588701066,sensitivity_only
id:x%3A0x1.8000000000000p%2B2,411,8.866,6.92424,6.953477642748652,0.7168093060595385,defined,-0.040788592588701066,sensitivity_only
id:x%3A0x1.8000000000000p%2B2,412,8.888,6.93832,6.909082357251348,0.7168093060595385,defined,0.040788592588701066,sensitivity_only
id:x%3A0x1.8000000000000p%2B2,413,8.91,6.9524,6.981637642748652,0.7168093060595385,defined,-0.040788592588701066,sensitivity_only
id:x%3A0x1.8000000000000p%2B2,414,8.932,6.966480000000001,6.937242357251349,0.7168093060595385,defined,0.040788592588701066,sensitivity_only
id:x%3A0x1.8000000000000p%2B2,415,8.954,6.9805600000000005,7.009797642748652,0.7168093060595385,defined,-0.040788592588701066,sensitivity_only
id:x%3A0x1.8000000000000p%2B2,416,8.976,6.99464,6.965402357251349,0.7168093060595385,defined,0.040788592588701066,sensitivity_only
id:x%3A0x1.8000000000000p%2B2,417,8.998,7.008719999999999,7.037957642748651,0.7168093060595385,defined,-0.040788592588701066,sensitivity_only
id:x%3A0x1.8000000000000p%2B2,418,9.0,7.01,6.980762357251348,0.7168093060595385,defined,0.040788592588701066,sensitivity_only
id:x%3A0x1.8000000000000p%2B2,419,9.02,7.0228,7.052037642748652,0.7168093060595385,defined,-0.040788592588701066,sensitivity_only
id:x%3A0x1.8000000000000p%2B2,420,9.042,7.03688,7.007642357251348,0.7168093060595385,defined,0.040788592588701066,sensitivity_only
id:x%3A0x1.8000000000000p%2B2,421,9.064,7.05096,7.080197642748652,0.7168093060595385,defined,-0.040788592588701066,sensitivity_only
id:x%3A0x1.8000000000000p%2B2,422,9.086,7.065040000000001,7.035802357251349,0.7168093060595385,defined,0.040788592588701066,sensitivity_only
id:x%3A0x1.8000000000000p%2B2,423,9.108,7.0791200000000005,7.108357642748652,0.7168093060595385,defined,-0.040788592588701066,sensitivity_only
id:x%3A0x1.8000000000000p%2B2,424,9.13,7.0932,7.063962357251349,0.7168093060595385,defined,0.040788592588701066,sensitivity_only
id:x%3A0x1.8000000000000p%2B2,425,9.152,7.107279999999999,7.136517642748651,0.7168093060595385,defined,-0.040788592588701066,sensitivity_only
id:x%3A0x1.8000000000000p%2B2,426,9.174,7.12136,7.092122357251348,0.7168093060595385,defined,0.040788592588701066,sensitivity_only
id:x%3A0x1.8000000000000p%2B2,427,9.196,7.13544,7.164677642748652,0.7168093060595385,defined,-0.040788592588701066,sensitivity_only
id:x%3A0x1.8000000000000p%2B2,428,9.218,7.14952,7.120282357251348,0.7168093060595385,defined,0.040788592588701066,sensitivity_only
id:x%3A0x1.8000000000000p%2B2,429,9.24,7.163600000000001,7.1928376427486524,0.7168093060595385,defined,-0.040788592588701066,sensitivity_only
id:x%3A0x1.8000000000000p%2B2,430,9.262,7.1776800000000005,7.148442357251349,0.7168093060595385,defined,0.040788592588701066,sensitivity_only
id:x%3A0x1.8000000000000p%2B2,431,9.284,7.19176,7.220997642748652,0.7168093060595385,defined,-0.040788592588701066,sensitivity_only
id:x%3A0x1.8000000000000p%2B2,432,9.306,7.205839999999999,7.1766023572513475,0.7168093060595385,defined,0.040788592588701066,sensitivity_only
id:x%3A0x1.8000000000000p%2B2,433,9.328,7.21992,7.249157642748652,0.7168093060595385,defined,-0.040788592588701066,sensitivity_only
id:x%3A0x1.8000000000000p%2B2,434,9.35,7.234,7.204762357251348,0.7168093060595385,defined,0.040788592588701066,sensitivity_only
id:x%3A0x1.8000000000000p%2B2,435,9.372,7.24808,7.277317642748652,0.7168093060595385,defined,-0.040788592588701066,sensitivity_only
id:x%3A0x1.8000000000000p%2B2,436,9.394,7.262160000000001,7.232922357251349,0.7168093060595385,defined,0.040788592588701066,sensitivity_only
id:x%3A0x1.8000000000000p%2B2,437,9.416,7.2762400000000005,7.305477642748652,0.7168093060595385,defined,-0.040788592588701066,sensitivity_only
id:x%3A0x1.8000000000000p%2B2,438,9.438,7.29032,7.2610823572513485,0.7168093060595385,defined,0.040788592588701066,sensitivity_only
id:x%3A0x1.8000000000000p%2B2,439,9.46,7.304400000000001,7.333637642748653,0.7168093060595385,defined,-0.040788592588701066,sensitivity_only
id:x%3A0x1.8000000000000p%2B2,440,9.482,7.31848,7.289242357251348,0.7168093060595385,defined,0.040788592588701066,sensitivity_only
id:x%3A0x1.8000000000000p%2B2,441,9.504,7.33256,7.367000373691375,0.8443628844628325,defined,-0.040788592588701066,sensitivity_only
id:x%3A0x1.8000000000000p%2B2,442,9.526,7.34664,7.312199626308625,0.8443628844628325,defined,0.040788592588701066,sensitivity_only
id:x%3A0x1.8000000000000p%2B2,443,9.548,7.360720000000001,7.395160373691375,0.8443628844628325,defined,-0.040788592588701066,sensitivity_only
id:x%3A0x1.8000000000000p%2B2,444,9.57,7.3748000000000005,7.340359626308626,0.8443628844628325,defined,0.040788592588701066,sensitivity_only
id:x%3A0x1.8000000000000p%2B2,445,9.592,7.38888,7.423320373691375,0.8443628844628325,defined,-0.040788592588701066,sensitivity_only
id:x%3A0x1.8000000000000p%2B2,446,9.614,7.40296,7.3685196263086254,0.8443628844628325,defined,0.040788592588701066,sensitivity_only
id:x%3A0x1.8000000000000p%2B2,447,9.636,7.41704,7.451480373691375,0.8443628844628325,defined,-0.040788592588701066,sensitivity_only
id:x%3A0x1.8000000000000p%2B2,448,9.658,7.43112,7.396679626308625,0.8443628844628325,defined,0.040788592588701066,sensitivity_only
id:x%3A0x1.8000000000000p%2B2,449,9.68,7.4452,7.479640373691375,0.8443628844628325,defined,-0.040788592588701066,sensitivity_only
id:x%3A0x1.8000000000000p%2B2,450,9.702,7.45928,7.424839626308625,0.8443628844628325,defined,0.040788592588701066,sensitivity_only
id:x%3A0x1.8000000000000p%2B2,451,9.724,7.4733600000000004,7.507800373691375,0.8443628844628325,defined,-0.040788592588701066,sensitivity_only
id:x%3A0x1.8000000000000p%2B2,452,9.746,7.48744,7.452999626308626,0.8443628844628325,defined,0.040788592588701066,sensitivity_only
id:x%3A0x1.8000000000000p%2B2,453,9.768,7.50152,7.535960373691375,0.8443628844628325,defined,-0.040788592588701066,sensitivity_only
id:x%3A0x1.8000000000000p%2B2,454,9.79,7.515599999999999,7.481159626308624,0.8443628844628325,defined,0.040788592588701066,sensitivity_only
id:x%3A0x1.8000000000000p%2B2,455,9.812,7.52968,7.564120373691375,0.8443628844628325,defined,-0.040788592588701066,sensitivity_only
id:x%3A0x1.8000000000000p%2B2,456,9.834,7.54376,7.509319626308625,0.8443628844628325,defined,0.040788592588701066,sensitivity_only
id:x%3A0x1.8000000000000p%2B2,457,9.856,7.55784,7.592280373691374,0.8443628844628325,defined,-0.040788592588701066,sensitivity_only
id:x%3A0x1.8000000000000p%2B2,458,9.878,7.57192,7.537479626308626,0.8443628844628325,defined,0.040788592588701066,sensitivity_only
id:x%3A0x1.8000000000000p%2B2,459,9.9,7.586,7.620440373691375,0.8443628844628325,defined,-0.040788592588701066,sensitivity_only
id:x%3A0x1.8000000000000p%2B2,460,9.922,7.60008,7.565639626308625,0.8443628844628325,defined,0.040788592588701066,sensitivity_only
id:x%3A0x1.8000000000000p%2B2,461,9.944,7.614160000000001,7.648600373691376,0.8443628844628325,defined,-0.040788592588701066,sensitivity_only
id:x%3A0x1.8000000000000p%2B2,462,9.966,7.62824,7.593799626308625,0.8443628844628325,defined,0.040788592588701066,sensitivity_only
id:x%3A0x1.8000000000000p%2B2,463,9.988,7.64232,7.6767603736913745,0.8443628844628325,defined,-0.040788592588701066,sensitivity_only
id:x%3A0x1.8000000000000p%2B2,464,10.0,7.65,7.615559626308626,0.8443628844628325,defined,0.040788592588701066,sensitivity_only
id:x%3A0x1.8000000000000p%2B2,465,10.01,7.6564,7.690840373691374,0.8443628844628325,defined,-0.040788592588701066,sensitivity_only
id:x%3A0x1.8000000000000p%2B2,466,10.032,7.67048,7.636039626308626,0.8443628844628325,defined,0.040788592588701066,sensitivity_only
id:x%3A0x1.8000000000000p%2B2,467,10.054,7.68456,7.719000373691375,0.8443628844628325,defined,-0.040788592588701066,sensitivity_only
id:x%3A0x1.8000000000000p%2B2,468,10.076,7.69864,7.664199626308625,0.8443628844628325,defined,0.040788592588701066,sensitivity_only
id:x%3A0x1.8000000000000p%2B2,469,10.098,7.712720000000001,7.747160373691376,0.8443628844628325,defined,-0.040788592588701066,sensitivity_only
id:x%3A0x1.8000000000000p%2B2,470,10.12,7.7268,7.692359626308625,0.8443628844628325,defined,0.040788592588701066,sensitivity_only
id:x%3A0x1.8000000000000p%2B2,471,10.142,7.74088,7.7753203736913745,0.8443628844628325,defined,-0.040788592588701066,sensitivity_only
id:x%3A0x1.8000000000000p%2B2,472,10.164,7.75496,7.720519626308625,0.8443628844628325,defined,0.040788592588701066,sensitivity_only
id:x%3A0x1.8000000000000p%2B2,473,10.186,7.76904,7.803480373691375,0.8443628844628325,defined,-0.040788592588701066,sensitivity_only
id:x%3A0x1.8000000000000p%2B2,474,10.208,7.78312,7.7486796263086255,0.8443628844628325,defined,0.040788592588701066,sensitivity_only
id:x%3A0x1.8000000000000p%2B2,475,10.23,7.7972,7.831640373691375,0.8443628844628325,defined,-0.040788592588701066,sensitivity_only
id:x%3A0x1.8000000000000p%2B2,476,10.252,7.811280000000001,7.776839626308626,0.8443628844628325,defined,0.040788592588701066,sensitivity_only
id:x%3A0x1.8000000000000p%2B2,477,10.274,7.82536,7.859800373691375,0.8443628844628325,defined,-0.040788592588701066,sensitivity_only
id:x%3A0x1.8000000000000p%2B2,478,10.296,7.83944,7.804999626308625,0.8443628844628325,defined,0.040788592588701066,sensitivity_only
id:x%3A0x1.8000000000000p%2B2,479,10.318,7.85352,7.887960373691374,0.8443628844628325,defined,-0.040788592588701066,sensitivity_only
id:x%3A0x1.8000000000000p%2B2,480,10.34,7.8676,7.833159626308626,0.8443628844628325,defined,0.040788592588701066,sensitivity_only
id:x%3A0x1.8000000000000p%2B2,481,10.362,7.88168,7.916120373691375,0.8443628844628325,defined,-0.040788592588701066,sensitivity_only
id:x%3A0x1.8000000000000p%2B2,482,10.384,7.89576,7.861319626308625,0.8443628844628325,defined,0.040788592588701066,sensitivity_only
id:x%3A0x1.8000000000000p%2B2,483,10.406,7.909840000000001,7.944280373691376,0.8443628844628325,defined,-0.040788592588701066,sensitivity_only
id:x%3A0x1.8000000000000p%2B2,484,10.428,7.923920000000001,7.889479626308626,0.8443628844628325,defined,0.040788592588701066,sensitivity_only
id:x%3A0x1.8000000000000p%2B2,485,10.45,7.938,7.9724403736913745,0.8443628844628325,defined,-0.040788592588701066,sensitivity_only
id:x%3A0x1.8000000000000p%2B2,486,10.472,7.95208,7.917639626308625,0.8443628844628325,defined,0.040788592588701066,sensitivity_only
id:x%3A0x1.8000000000000p%2B2,487,10.494,7.96616,8.000600373691375,0.8443628844628325,defined,-0.040788592588701066,sensitivity_only
id:x%3A0x1.8000000000000p%2B2,488,10.516,7.98024,7.951002357251348,0.7168093060595381,defined,0.040788592588701066,sensitivity_only
id:x%3A0x1.8000000000000p%2B2,489,10.538,7.99432,8.023557642748653,0.7168093060595381,defined,-0.040788592588701066,sensitivity_only
id:x%3A0x1.8000000000000p%2B2,490,10.56,8.008400000000002,7.97916235725135,0.7168093060595381,defined,0.040788592588701066,sensitivity_only
id:x%3A0x1.8000000000000p%2B2,491,10.582,8.022480000000002,8.051717642748654,0.7168093060595381,defined,-0.040788592588701066,sensitivity_only
id:x%3A0x1.8000000000000p%2B2,492,10.604,8.03656,8.007322357251347,0.7168093060595381,defined,0.040788592588701066,sensitivity_only
id:x%3A0x1.8000000000000p%2B2,493,10.626,8.05064,8.079877642748652,0.7168093060595381,defined,-0.040788592588701066,sensitivity_only
id:x%3A0x1.8000000000000p%2B2,494,10.648,8.064720000000001,8.035482357251349,0.7168093060595381,defined,0.040788592588701066,sensitivity_only
id:x%3A0x1.8000000000000p%2B2,495,10.67,8.078800000000001,8.108037642748654,0.7168093060595381,defined,-0.040788592588701066,sensitivity_only
id:x%3A0x1.8000000000000p%2B2,496,10.692,8.092880000000001,8.063642357251348,0.7168093060595381,defined,0.040788592588701066,sensitivity_only
id:x%3A0x1.8000000000000p%2B2,497,10.714,8.10696,8.136197642748654,0.7168093060595381,defined,-0.040788592588701066,sensitivity_only
id:x%3A0x1.8000000000000p%2B2,498,10.736,8.12104,8.091802357251348,0.7168093060595381,defined,0.040788592588701066,sensitivity_only
id:x%3A0x1.8000000000000p%2B2,499,10.758,8.13512,8.164357642748653,0.7168093060595381,defined,-0.040788592588701066,sensitivity_only
id:x%3A0x1.8000000000000p%2B2,500,10.78,8.1492,8.119962357251348,0.7168093060595381,defined,0.040788592588701066,sensitivity_only
id:x%3A0x1.8000000000000p%2B2,501,10.802,8.16328,8.192517642748653,0.7168093060595381,defined,-0.040788592588701066,sensitivity_only
id:x%3A0x1.8000000000000p%2B2,502,10.824,8.17736,8.148122357251347,0.7168093060595381,defined,0.040788592588701066,sensitivity_only
id:x%3A0x1.8000000000000p%2B2,503,10.846,8.19144,8.220677642748653,0.7168093060595381,defined,-0.040788592588701066,sensitivity_only
id:x%3A0x1.8000000000000p%2B2,504,10.868,8.20552,8.176282357251347,0.7168093060595381,defined,0.040788592588701066,sensitivity_only
id:x%3A0x1.8000000000000p%2B2,505,10.89,8.2196,8.248837642748652,0.7168093060595381,defined,-0.040788592588701066,sensitivity_only
id:x%3A0x1.8000000000000p%2B2,506,10.912,8.23368,8.204442357251347,0.7168093060595381,defined,0.040788592588701066,sensitivity_only
id:x%3A0x1.8000000000000p%2B2,507,10.934,8.24776,8.276997642748652,0.7168093060595381,defined,-0.040788592588701066,sensitivity_only
id:x%3A0x1.8000000000000p%2B2,508,10.956,8.26184,8.232602357251347,0.7168093060595381,defined,0.040788592588701066,sensitivity_only
id:x%3A0x1.8000000000000p%2B2,509,10.978,8.27592,8.305157642748652,0.7168093060595381,defined,-0.040788592588701066,sensitivity_only
id:x%3A0x1.8000000000000p%2B2,510,11.0,8.29,8.260762357251346,0.7168093060595381,defined,0.040788592588701066,sensitivity_only
id:x%3A0x1.c000000000000p%2B2,0,0.0,1.25,1.17566532568311,0.8698738483891382,defined,0.08545454545454545,sensitivity_only
id:x%3A0x1.c000000000000p%2B2,1,0.022,1.26408,1.3011378602279773,0.8698738483891382,defined,-0.042601418925976665,sensitivity_only
id:x%3A0x1.c000000000000p%2B2,2,0.044,1.27816,1.2411021397720228,0.8698738483891382,defined,0.042601418925976665,sensitivity_only
id:x%3A0x1.c000000000000p%2B2,3,0.066,1.29224,1.3292978602279772,0.8698738483891382,defined,-0.042601418925976665,sensitivity_only
id:x%3A0x1.c000000000000p%2B2,4,0.088,1.30632,1.2692621397720227,0.8698738483891382,defined,0.042601418925976665,sensitivity_only
id:x%3A0x1.c000000000000p%2B2,5,0.11,1.3204,1.3574578602279772,0.8698738483891382,defined,-0.042601418925976665,sensitivity_only
id:x%3A0x1.c000000000000p%2B2,6,0.132,1.33448,1.297422139772023,0.8698738483891382,defined,0.042601418925976665,sensitivity_only
id:x%3A0x1.c000000000000p%2B2,7,0.154,1.34856,1.3856178602279772,0.8698738483891382,defined,-0.042601418925976665,sensitivity_only
id:x%3A0x1.c000000000000p%2B2,8,0.176,1.36264,1.3255821397720229,0.8698738483891382,defined,0.042601418925976665,sensitivity_only
id:x%3A0x1.c000000000000p%2B2,9,0.198,1.37672,1.4137778602279771,0.8698738483891382,defined,-0.042601418925976665,sensitivity_only
id:x%3A0x1.c000000000000p%2B2,10,0.22,1.3908,1.3537421397720228,0.8698738483891382,defined,0.042601418925976665,sensitivity_only
id:x%3A0x1.c000000000000p%2B2,11,0.242,1.40488,1.441937860227977,0.8698738483891382,defined,-0.042601418925976665,sensitivity_only
id:x%3A0x1.c000000000000p%2B2,12,0.264,1.41896,1.3819021397720228,0.8698738483891382,defined,0.042601418925976665,sensitivity_only
id:x%3A0x1.c000000000000p%2B2,13,0.286,1.43304,1.4700978602279773,0.8698738483891382,defined,-0.042601418925976665,sensitivity_only
id:x%3A0x1.c000000000000p%2B2,14,0.308,1.44712,1.4100621397720228,0.8698738483891382,defined,0.042601418925976665,sensitivity_only
id:x%3A0x1.c000000000000p%2B2,15,0.33,1.4612,1.4982578602279772,0.8698738483891382,defined,-0.042601418925976665,sensitivity_only
id:x%3A0x1.c000000000000p%2B2,16,0.352,1.47528,1.4382221397720227,0.8698738483891382,defined,0.042601418925976665,sensitivity_only
id:x%3A0x1.c000000000000p%2B2,17,0.374,1.48936,1.5264178602279772,0.8698738483891382,defined,-0.042601418925976665,sensitivity_only
id:x%3A0x1.c000000000000p%2B2,18,0.396,1.5034399999999999,1.4663821397720227,0.8698738483891382,defined,0.042601418925976665,sensitivity_only
id:x%3A0x1.c000000000000p%2B2,19,0.418,1.51752,1.5545778602279772,0.8698738483891382,defined,-0.042601418925976665,sensitivity_only
id:x%3A0x1.c000000000000p%2B2,20,0.44,1.5316,1.4945421397720229,0.8698738483891382,defined,0.042601418925976665,sensitivity_only
id:x%3A0x1.c000000000000p%2B2,21,0.462,1.54568,1.5827378602279771,0.8698738483891382,defined,-0.042601418925976665,sensitivity_only
id:x%3A0x1.c000000000000p%2B2,22,0.484,1.55976,1.5227021397720228,0.8698738483891382,defined,0.042601418925976665,sensitivity_only
id:x%3A0x1.c000000000000p%2B2,23,0.506,1.5738400000000001,1.6108978602279773,0.8698738483891386,defined,-0.042601418925976665,sensitivity_only
id:x%3A0x1.c000000000000p%2B2,24,0.528,1.58792,1.5508621397720228,0.8698738483891386,defined,0.042601418925976665,sensitivity_only
id:x%3A0x1.c000000000000p%2B2,25,0.55,1.602,1.6390578602279773,0.8698738483891386,defined,-0.042601418925976665,sensitivity_only
id:x%3A0x1.c000000000000p%2B2,26,0.572,1.61608,1.5790221397720228,0.8698738483891386,defined,0.042601418925976665,sensitivity_only
id:x%3A0x1.c000000000000p%2B2,27,0.594,1.63016,1.6672178602279772,0.8698738483891386,defined,-0.042601418925976665,sensitivity_only
id:x%3A0x1.c000000000000p%2B2,28,0.616,1.64424,1.6071821397720227,0.8698738483891386,defined,0.042601418925976665,sensitivity_only
id:x%3A0x1.c000000000000p%2B2,29,0.638,1.65832,1.6953778602279772,0.8698738483891386,defined,-0.042601418925976665,sensitivity_only
id:x%3A0x1.c000000000000p%2B2,30,0.66,1.6724,1.635342139772023,0.8698738483891386,defined,0.042601418925976665,sensitivity_only
id:x%3A0x1.c000000000000p%2B2,31,0.682,1.68648,1.7235378602279772,0.8698738483891386,defined,-0.042601418925976665,sensitivity_only
id:x%3A0x1.c000000000000p%2B2,32,0.704,1.7005599999999998,1.6635021397720227,0.8698738483891386,defined,0.042601418925976665,sensitivity_only
id:x%3A0x1.c000000000000p%2B2,33,0.726,1.71464,1.7516978602279771,0.8698738483891386,defined,-0.042601418925976665,sensitivity_only
id:x%3A0x1.c000000000000p%2B2,34,0.748,1.72872,1.6916621397720228,0.8698738483891386,defined,0.042601418925976665,sensitivity_only
id:x%3A0x1.c000000000000p%2B2,35,0.77,1.7428,1.779857860227977,0.8698738483891386,defined,-0.042601418925976665,sensitivity_only
id:x%3A0x1.c000000000000p%2B2,36,0.792,1.75688,1.7198221397720228,0.8698738483891386,defined,0.042601418925976665,sensitivity_only
id:x%3A0x1.c000000000000p%2B2,37,0.814,1.77096,1.8080178602279773,0.8698738483891386,defined,-0.042601418925976665,sensitivity_only
id:x%3A0x1.c000000000000p%2B2,38,0.836,1.78504,1.7479821397720228,0.8698738483891386,defined,0.042601418925976665,sensitivity_only
id:x%3A0x1.c000000000000p%2B2,39,0.858,1.79912,1.8361778602279772,0.8698738483891386,defined,-0.042601418925976665,sensitivity_only
id:x%3A0x1.c000000000000p%2B2,40,0.88,1.8132000000000001,1.776142139772023,0.8698738483891386,defined,0.042601418925976665,sensitivity_only
id:x%3A0x1.c000000000000p%2B2,41,0.902,1.82728,1.8643378602279772,0.8698738483891386,defined,-0.042601418925976665,sensitivity_only
id:x%3A0x1.c000000000000p%2B2,42,0.924,1.8413599999999999,1.8043021397720227,0.8698738483891386,defined,0.042601418925976665,sensitivity_only
id:x%3A0x1.c000000000000p%2B2,43,0.946,1.85544,1.8924978602279772,0.8698738483891386,defined,-0.042601418925976665,sensitivity_only
id:x%3A0x1.c000000000000p%2B2,44,0.968,1.86952,1.8324621397720229,0.8698738483891386,defined,0.042601418925976665,sensitivity_only
id:x%3A0x1.c000000000000p%2B2,45,0.99,1.8836,1.9206578602279771,0.8698738483891386,defined,-0.042601418925976665,sensitivity_only
id:x%3A0x1.c000000000000p%2B2,46,1.0,1.8900000000000001,1.852942139772023,0.8698738483891386,defined,0.042601418925976665,sensitivity_only
id:x%3A0x1.c000000000000p%2B2,47,1.012,1.89768,1.9347378602279772,0.8698738483891386,defined,-0.042601418925976665,sensitivity_only
id:x%3A0x1.c000000000000p%2B2,48,1.034,1.9117600000000001,1.874702139772023,0.8698738483891386,defined,0.042601418925976665,sensitivity_only
id:x%3A0x1.c000000000000p%2B2,49,1.056,1.92584,1.9628978602279772,0.8698738483891386,defined,-0.042601418925976665,sensitivity_only
id:x%3A0x1.c000000000000p%2B2,50,1.078,1.93992,1.902862139772023,0.8698738483891386,defined,0.042601418925976665,sensitivity_only
id:x%3A0x1.c000000000000p%2B2,51,1.1,1.9540000000000002,1.9910578602279774,0.8698738483891386,defined,-0.042601418925976665,sensitivity_only
id:x%3A0x1.c000000000000p%2B2,52,1.122,1.96808,1.9310221397720229,0.8698738483891386,defined,0.042601418925976665,sensitivity_only
id:x%3A0x1.c000000000000p%2B2,53,1.144,1.98216,2.019217860227977,0.8698738483891386,defined,-0.042601418925976665,sensitivity_only
id:x%3A0x1.c000000000000p%2B2,54,1.166,1.99624,1.9591821397720228,0.8698738483891386,defined,0.042601418925976665,sensitivity_only
id:x%3A0x1.c000000000000p%2B2,55,1.188,2.01032,2.0473778602279773,0.8698738483891386,defined,-0.042601418925976665,sensitivity_only
id:x%3A0x1.c000000000000p%2B2,56,1.21,2.0244,1.9873421397720228,0.8698738483891386,defined,0.042601418925976665,sensitivity_only
id:x%3A0x1.c000000000000p%2B2,57,1.232,2.03848,2.075537860227977,0.8698738483891386,defined,-0.042601418925976665,sensitivity_only
id:x%3A0x1.c000000000000p%2B2,58,1.254,2.05256,2.015502139772023,0.8698738483891386,defined,0.042601418925976665,sensitivity_only
id:x%3A0x1.c000000000000p%2B2,59,1.276,2.06664,2.1036978602279772,0.8698738483891386,defined,-0.042601418925976665,sensitivity_only
id:x%3A0x1.c000000000000p%2B2,60,1.298,2.08072,2.0436621397720227,0.8698738483891386,defined,0.042601418925976665,sensitivity_only
id:x%3A0x1.c000000000000p%2B2,61,1.32,2.0948,2.1318578602279774,0.8698738483891386,defined,-0.042601418925976665,sensitivity_only
id:x%3A0x1.c000000000000p%2B2,62,1.342,2.10888,2.071822139772023,0.8698738483891386,defined,0.042601418925976665,sensitivity_only
id:x%3A0x1.c000000000000p%2B2,63,1.364,2.12296,2.160017860227977,0.8698738483891386,defined,-0.042601418925976665,sensitivity_only
id:x%3A0x1.c000000000000p%2B2,64,1.386,2.13704,2.0999821397720226,0.8698738483891386,defined,0.042601418925976665,sensitivity_only
id:x%3A0x1.c000000000000p%2B2,65,1.408,2.1511199999999997,2.188177860227977,0.8698738483891386,defined,-0.042601418925976665,sensitivity_only
id:x%3A0x1.c000000000000p%2B2,66,1.43,2.1652,2.128142139772023,0.8698738483891386,defined,0.042601418925976665,sensitivity_only
id:x%3A0x1.c000000000000p%2B2,67,1.452,2.17928,2.216337860227977,0.8698738483891386,defined,-0.042601418925976665,sensitivity_only
id:x%3A0x1.c000000000000p%2B2,68,1.474,2.19336,2.156302139772023,0.8698738483891386,defined,0.042601418925976665,sensitivity_only
id:x%3A0x1.c000000000000p%2B2,69,1.496,2.20744,2.2444978602279773,0.8698738483891386,defined,-0.042601418925976665,sensitivity_only
id:x%3A0x1.c000000000000p%2B2,70,1.518,2.22152,2.1744465018725694,1.1049748884943107,defined,0.042601418925976665,sensitivity_only
id:x%3A0x1.c000000000000p%2B2,71,1.54,2.2356,2.2826734981274304,1.1049748884943107,defined,-0.042601418925976665,sensitivity_only
id:x%3A0x1.c000000000000p%2B2,72,1.562,2.24968,2.2026065018725696,1.1049748884943107,defined,0.042601418925976665,sensitivity_only
id:x%3A0x1.c000000000000p%2B2,73,1.584,2.26376,2.3108334981274306,1.1049748884943107,defined,-0.042601418925976665,sensitivity_only
id:x%3A0x1.c000000000000p%2B2,74,1.606,2.2778400000000003,2.2307665018725698,1.1049748884943107,defined,0.042601418925976665,sensitivity_only
id:x%3A0x1.c000000000000p%2B2,75,1.628,2.29192,2.3389934981274307,1.1049748884943107,defined,-0.042601418925976665,sensitivity_only
id:x%3A0x1.c000000000000p%2B2,76,1.65,2.306,2.2589265018725695,1.1049748884943107,defined,0.042601418925976665,sensitivity_only
id:x%3A0x1.c000000000000p%2B2,77,1.672,2.32008,2.3671534981274305,1.1049748884943107,defined,-0.042601418925976665,sensitivity_only
id:x%3A0x1.c000000000000p%2B2,78,1.694,2.33416,2.2870865018725692,1.1049748884943107,defined,0.042601418925976665,sensitivity_only
id:x%3A0x1.c000000000000p%2B2,79,1.716,2.34824,2.3953134981274307,1.1049748884943107,defined,-0.042601418925976665,sensitivity_only
id:x%3A0x1.c000000000000p%2B2,80,1.738,2.36232,2.3152465018725694,1.1049748884943107,defined,0.042601418925976665,sensitivity_only
id:x%3A0x1.c000000000000p%2B2,81,1.76,2.3764000000000003,2.423473498127431,1.1049748884943107,defined,-0.042601418925976665,sensitivity_only
id:x%3A0x1.c000000000000p%2B2,82,1.782,2.39048,2.3434065018725696,1.1049748884943107,defined,0.042601418925976665,sensitivity_only
id:x%3A0x1.c000000000000p%2B2,83,1.804,2.40456,2.4516334981274306,1.1049748884943107,defined,-0.042601418925976665,sensitivity_only
id:x%3A0x1.c000000000000p%2B2,84,1.826,2.41864,2.3715665018725693,1.1049748884943107,defined,0.042601418925976665,sensitivity_only
id:x%3A0x1.c000000000000p%2B2,85,1.848,2.4327199999999998,2.4797934981274303,1.1049748884943107,defined,-0.042601418925976665,sensitivity_only
id:x%3A0x1.c000000000000p%2B2,86,1.87,2.4468,2.3997265018725695,1.1049748884943107,defined,0.042601418925976665,sensitivity_only
id:x%3A0x1.c000000000000p%2B2,87,1.892,2.46088,2.5079534981274305,1.1049748884943107,defined,-0.042601418925976665,sensitivity_only
id:x%3A0x1.c000000000000p%2B2,88,1.914,2.4749600000000003,2.4278865018725697,1.1049748884943107,defined,0.042601418925976665,sensitivity_only
id:x%3A0x1.c000000000000p%2B2,89,1.936,2.48904,2.5361134981274307,1.1049748884943107,defined,-0.042601418925976665,sensitivity_only
id:x%3A0x1.c000000000000p%2B2,90,1.958,2.50312,2.4560465018725695,1.1049748884943107,defined,0.042601418925976665,sensitivity_only
id:x%3A0x1.c000000000000p%2B2,91,1.98,2.5172,2.5642734981274304,1.1049748884943107,defined,-0.042601418925976665,sensitivity_only
id:x%3A0x1.c000000000000p%2B2,92,2.0,2.5300000000000002,2.4829265018725697,1.1049748884943107,defined,0.042601418925976665,sensitivity_only
id:x%3A0x1.c000000000000p%2B2,93,2.002,2.5312799999999998,2.5783534981274303,1.1049748884943107,defined,-0.042601418925976665,sensitivity_only
id:x%3A0x1.c000000000000p%2B2,94,2.024,2.54536,2.4982865018725695,1.1049748884943107,defined,0.042601418925976665,sensitivity_only
id:x%3A0x1.c000000000000p%2B2,95,2.046,2.55944,2.6065134981274305,1.1049748884943107,defined,-0.042601418925976665,sensitivity_only
id:x%3A0x1.c000000000000p%2B2,96,2.068,2.5735200000000003,2.5264465018725697,1.1049748884943107,defined,0.042601418925976665,sensitivity_only
id:x%3A0x1.c000000000000p%2B2,97,2.09,2.5876,2.6346734981274307,1.1049748884943107,defined,-0.042601418925976665,sensitivity_only
id:x%3A0x1.c000000000000p%2B2,98,2.112,2.60168,2.5546065018725694,1.1049748884943107,defined,0.042601418925976665,sensitivity_only
id:x%3A0x1.c000000000000p%2B2,99,2.134,2.61576,2.6628334981274304,1.1049748884943107,defined,-0.042601418925976665,sensitivity_only
id:x%3A0x1.c000000000000p%2B2,100,2.156,2.62984,2.5827665018725696,1.1049748884943107,defined,0.042601418925976665,sensitivity_only
id:x%3A0x1.c000000000000p%2B2,101,2.178,2.64392,2.6909934981274306,1.1049748884943107,defined,-0.042601418925976665,sensitivity_only
id:x%3A0x1.c000000000000p%2B2,102,2.2,2.6580000000000004,2.61092650187257,1.1049748884943107,defined,0.042601418925976665,sensitivity_only
id:x%3A0x1.c000000000000p%2B2,103,2.222,2.6720800000000002,2.719153498127431,1.1049748884943107,defined,-0.042601418925976665,sensitivity_only
id:x%3A0x1.c000000000000p%2B2,104,2.244,2.68616,2.6390865018725695,1.1049748884943107,defined,0.042601418925976665,sensitivity_only
id:x%3A0x1.c000000000000p%2B2,105,2.266,2.70024,2.7473134981274305,1.1049748884943107,defined,-0.042601418925976665,sensitivity_only
id:x%3A0x1.c000000000000p%2B2,106,2.288,2.71432,2.6672465018725693,1.1049748884943107,defined,0.042601418925976665,sensitivity_only
id:x%3A0x1.c000000000000p%2B2,107,2.31,2.7284,2.7754734981274307,1.1049748884943107,defined,-0.042601418925976665,sensitivity_only
id:x%3A0x1.c000000000000p%2B2,108,2.332,2.74248,2.6954065018725695,1.1049748884943107,defined,0.042601418925976665,sensitivity_only
id:x%3A0x1.c000000000000p%2B2,109,2.354,2.7565600000000003,2.803633498127431,1.1049748884943107,defined,-0.042601418925976665,sensitivity_only
id:x%3A0x1.c000000000000p%2B2,110,2.376,2.77064,2.7235665018725697,1.1049748884943107,defined,0.042601418925976665,sensitivity_only
id:x%3A0x1.c000000000000p%2B2,111,2.398,2.78472,2.8317934981274306,1.1049748884943107,defined,-0.042601418925976665,sensitivity_only
id:x%3A0x1.c000000000000p%2B2,112,2.42,2.7988,2.7517265018725694,1.1049748884943107,defined,0.042601418925976665,sensitivity_only
id:x%3A0x1.c000000000000p%2B2,113,2.442,2.81288,2.8599534981274304,1.1049748884943107,defined,-0.042601418925976665,sensitivity_only
id:x%3A0x1.c000000000000p%2B2,114,2.464,2.8269599999999997,2.779886501872569,1.1049748884943107,defined,0.042601418925976665,sensitivity_only
id:x%3A0x1.c000000000000p%2B2,115,2.486,2.8410400000000005,2.888113498127431,1.1049748884943107,defined,-0.042601418925976665,sensitivity_only
id:x%3A0x1.c000000000000p%2B2,116,2.508,2.8551200000000003,2.8130543208222965,0.9874243684417244,defined,0.042601418925976665,sensitivity_only
id:x%3A0x1.c000000000000p%2B2,117,2.53,2.8692,2.911265679177704,0.9874243684417244,defined,-0.042601418925976665,sensitivity_only
id:x%3A0x1.c000000000000p%2B2,118,2.552,2.88328,2.841214320822296,0.9874243684417244,defined,0.042601418925976665,sensitivity_only
id:x%3A0x1.c000000000000p%2B2,119,2.574,2.89736,2.939425679177704,0.9874243684417244,defined,-0.042601418925976665,sensitivity_only
id:x%3A0x1.c000000000000p%2B2,120,2.596,2.91144,2.869374320822296,0.9874243684417244,defined,0.042601418925976665,sensitivity_only
id:x%3A0x1.c000000000000p%2B2,121,2.618,2.9255199999999997,2.9675856791777036,0.9874243684417244,defined,-0.042601418925976665,sensitivity_only
id:x%3A0x1.c000000000000p%2B2,122,2.64,2.9396000000000004,2.8975343208222966,0.9874243684417244,defined,0.042601418925976665,sensitivity_only
id:x%3A0x1.c000000000000p%2B2,123,2.662,2.9536800000000003,2.995745679177704,0.9874243684417244,defined,-0.042601418925976665,sensitivity_only
id:x%3A0x1.c000000000000p%2B2,124,2.684,2.96776,2.9256943208222963,0.9874243684417244,defined,0.042601418925976665,sensitivity_only
id:x%3A0x1.c000000000000p%2B2,125,2.706,2.98184,3.023905679177704,0.9874243684417244,defined,-0.042601418925976665,sensitivity_only
id:x%3A0x1.c000000000000p%2B2,126,2.728,2.99592,2.953854320822296,0.9874243684417244,defined,0.042601418925976665,sensitivity_only
id:x%3A0x1.c000000000000p%2B2,127,2.75,3.01,3.0520656791777037,0.9874243684417244,defined,-0.042601418925976665,sensitivity_only
id:x%3A0x1.c000000000000p%2B2,128,2.772,3.0240799999999997,2.982014320822296,0.9874243684417244,defined,0.042601418925976665,sensitivity_only
id:x%3A0x1.c000000000000p%2B2,129,2.794,3.03816,3.080225679177704,0.9874243684417244,defined,-0.042601418925976665,sensitivity_only
id:x%3A0x1.c000000000000p%2B2,130,2.816,3.05224,3.010174320822296,0.9874243684417244,defined,0.042601418925976665,sensitivity_only
id:x%3A0x1.c000000000000p%2B2,131,2.838,3.06632,3.108385679177704,0.9874243684417244,defined,-0.042601418925976665,sensitivity_only
id:x%3A0x1.c000000000000p%2B2,132,2.86,3.0804,3.038334320822296,0.9874243684417244,defined,0.042601418925976665,sensitivity_only
id:x%3A0x1.c000000000000p%2B2,133,2.882,3.09448,3.1365456791777038,0.9874243684417244,defined,-0.042601418925976665,sensitivity_only
id:x%3A0x1.c000000000000p%2B2,134,2.904,3.1085599999999998,3.066494320822296,0.9874243684417244,defined,0.042601418925976665,sensitivity_only
id:x%3A0x1.c000000000000p%2B2,135,2.926,3.12264,3.164705679177704,0.9874243684417244,defined,-0.042601418925976665,sensitivity_only
id:x%3A0x1.c000000000000p%2B2,136,2.948,3.13672,3.094654320822296,0.9874243684417244,defined,0.042601418925976665,sensitivity_only
id:x%3A0x1.c000000000000p%2B2,137,2.97,3.1508000000000003,3.192865679177704,0.9874243684417244,defined,-0.042601418925976665,sensitivity_only
id:x%3A0x1.c000000000000p%2B2,138,2.992,3.16488,3.1228143208222963,0.9874243684417244,defined,0.042601418925976665,sensitivity_only
id:x%3A0x1.c000000000000p%2B2,139,3.0,3.17,3.212065679177704,0.9874243684417244,defined,-0.042601418925976665,sensitivity_only
id:x%3A0x1.c000000000000p%2B2,140,3.014,3.17896,3.136894320822296,0.9874243684417244,defined,0.042601418925976665,sensitivity_only
id:x%3A0x1.c000000000000p%2B2,141,3.036,3.19304,3.2351056791777038,0.9874243684417244,defined,-0.042601418925976665,sensitivity_only
id:x%3A0x1.c000000000000p%2B2,142,3.058,3.2071199999999997,3.165054320822296,0.9874243684417244,defined,0.042601418925976665,sensitivity_only
id:x%3A0x1.c000000000000p%2B2,143,3.08,3.2212,3.263265679177704,0.9874243684417244,defined,-0.042601418925976665,sensitivity_only
id:x%3A0x1.c000000000000p%2B2,144,3.102,3.23528,3.193214320822296,0.9874243684417244,defined,0.042601418925976665,sensitivity_only
id:x%3A0x1.c000000000000p%2B2,145,3.124,3.2493600000000002,3.291425679177704,0.9874243684417244,defined,-0.042601418925976665,sensitivity_only
id:x%3A0x1.c000000000000p%2B2,146,3.146,3.26344,3.2213743208222962,0.9874243684417244,defined,0.042601418925976665,sensitivity_only
id:x%3A0x1.c000000000000p%2B2,147,3.168,3.27752,3.319585679177704,0.9874243684417244,defined,-0.042601418925976665,sensitivity_only
id:x%3A0x1.c000000000000p%2B2,148,3.19,3.2916,3.249534320822296,0.9874243684417244,defined,0.042601418925976665,sensitivity_only
id:x%3A0x1.c000000000000p%2B2,149,3.212,3.30568,3.347745679177704,0.9874243684417244,defined,-0.042601418925976665,sensitivity_only
id:x%3A0x1.c000000000000p%2B2,150,3.234,3.31976,3.277694320822296,0.9874243684417244,defined,0.042601418925976665,sensitivity_only
id:x%3A0x1.c000000000000p%2B2,151,3.256,3.33384,3.375905679177704,0.9874243684417244,defined,-0.042601418925976665,sensitivity_only
id:x%3A0x1.c000000000000p%2B2,152,3.278,3.3479200000000002,3.3058543208222964,0.9874243684417244,defined,0.042601418925976665,sensitivity_only
id:x%3A0x1.c000000000000p%2B2,153,3.3,3.362,3.404065679177704,0.9874243684417244,defined,-0.042601418925976665,sensitivity_only
id:x%3A0x1.c000000000000p%2B2,154,3.322,3.37608,3.334014320822296,0.9874243684417244,defined,0.042601418925976665,sensitivity_only
id:x%3A0x1.c000000000000p%2B2,155,3.344,3.39016,3.4322256791777037,0.9874243684417244,defined,-0.042601418925976665,sensitivity_only
id:x%3A0x1.c000000000000p%2B2,156,3.366,3.40424,3.3621743208222963,0.9874243684417244,defined,0.042601418925976665,sensitivity_only
id:x%3A0x1.c000000000000p%2B2,157,3.388,3.41832,3.460385679177704,0.9874243684417244,defined,-0.042601418925976665,sensitivity_only
id:x%3A0x1.c000000000000p%2B2,158,3.41,3.4324000000000003,3.3903343208222965,0.9874243684417244,defined,0.042601418925976665,sensitivity_only
id:x%3A0x1.c000000000000p%2B2,159,3.432,3.44648,3.488545679177704,0.9874243684417244,defined,-0.042601418925976665,sensitivity_only
id:x%3A0x1.c000000000000p%2B2,160,3.454,3.46056,3.418494320822296,0.9874243684417244,defined,0.042601418925976665,sensitivity_only
id:x%3A0x1.c000000000000p%2B2,161,3.476,3.47464,3.516705679177704,0.9874243684417244,defined,-0.042601418925976665,sensitivity_only
id:x%3A0x1.c000000000000p%2B2,162,3.498,3.4887200000000003,3.4466543208222964,0.9874243684417244,defined,0.042601418925976665,sensitivity_only
id:x%3A0x1.c000000000000p%2B2,163,3.52,3.5028,3.5398578602279773,0.8698738483891386,defined,-0.042601418925976665,sensitivity_only
id:x%3A0x1.c000000000000p%2B2,164,3.542,3.51688,3.479822139772023,0.8698738483891386,defined,0.042601418925976665,sensitivity_only
id:x%3A0x1.c000000000000p%2B2,165,3.564,3.53096,3.568017860227977,0.8698738483891386,defined,-0.042601418925976665,sensitivity_only
id:x%3A0x1.c000000000000p%2B2,166,3.586,3.5450399999999997,3.5079821397720226,0.8698738483891386,defined,0.042601418925976665,sensitivity_only
id:x%3A0x1.c000000000000p%2B2,167,3.608,3.55912,3.5961778602279773,0.8698738483891386,defined,-0.042601418925976665,sensitivity_only
id:x%3A0x1.c000000000000p%2B2,168,3.63,3.5732,3.5361421397720227,0.8698738483891386,defined,0.042601418925976665,sensitivity_only
id:x%3A0x1.c000000000000p%2B2,169,3.652,3.5872800000000002,3.6243378602279774,0.8698738483891386,defined,-0.042601418925976665,sensitivity_only
id:x%3A0x1.c000000000000p%2B2,170,3.674,3.60136,3.564302139772023,0.8698738483891386,defined,0.042601418925976665,sensitivity_only
id:x%3A0x1.c000000000000p%2B2,171,3.696,3.61544,3.652497860227977,0.8698738483891386,defined,-0.042601418925976665,sensitivity_only
id:x%3A0x1.c000000000000p%2B2,172,3.718,3.62952,3.5924621397720227,0.8698738483891386,defined,0.042601418925976665,sensitivity_only
id:x%3A0x1.c000000000000p%2B2,173,3.74,3.6436,3.6806578602279774,0.8698738483891386,defined,-0.042601418925976665,sensitivity_only
id:x%3A0x1.c000000000000p%2B2,174,3.762,3.65768,3.620622139772023,0.8698738483891386,defined,0.042601418925976665,sensitivity_only
id:x%3A0x1.c000000000000p%2B2,175,3.784,3.67176,3.708817860227977,0.8698738483891386,defined,-0.042601418925976665,sensitivity_only
id:x%3A0x1.c000000000000p%2B2,176,3.806,3.6858400000000002,3.648782139772023,0.8698738483891386,defined,0.042601418925976665,sensitivity_only
id:x%3A0x1.c000000000000p%2B2,177,3.828,3.69992,3.7369778602279773,0.8698738483891386,defined,-0.042601418925976665,sensitivity_only
id:x%3A0x1.c000000000000p%2B2,178,3.85,3.714,3.6769421397720228,0.8698738483891386,defined,0.042601418925976665,sensitivity_only
id:x%3A0x1.c000000000000p%2B2,179,3.872,3.72808,3.765137860227977,0.8698738483891386,defined,-0.042601418925976665,sensitivity_only
id:x%3A0x1.c000000000000p%2B2,180,3.894,3.74216,3.705102139772023,0.8698738483891386,defined,0.042601418925976665,sensitivity_only
id:x%3A0x1.c000000000000p%2B2,181,3.916,3.75624,3.793297860227977,0.8698738483891386,defined,-0.042601418925976665,sensitivity_only
id:x%3A0x1.c000000000000p%2B2,182,3.938,3.7703200000000003,3.733262139772023,0.8698738483891386,defined,0.042601418925976665,sensitivity_only
id:x%3A0x1.c000000000000p%2B2,183,3.96,3.7844,3.8214578602279774,0.8698738483891386,defined,-0.042601418925976665,sensitivity_only
id:x%3A0x1.c000000000000p%2B2,184,3.982,3.79848,3.761422139772023,0.8698738483891386,defined,0.042601418925976665,sensitivity_only
id:x%3A0x1.c000000000000p%2B2,185,4.0,3.81,3.8470578602279772,0.8698738483891386,defined,-0.042601418925976665,sensitivity_only
id:x%3A0x1.c000000000000p%2B2,186,4.004,3.81256,3.7755021397720228,0.8698738483891386,defined,0.042601418925976665,sensitivity_only
id:x%3A0x1.c000000000000p%2B2,187,4.026,3.82664,3.863697860227977,0.8698738483891386,defined,-0.042601418925976665,sensitivity_only
id:x%3A0x1.c000000000000p%2B2,188,4.048,3.84072,3.803662139772023,0.8698738483891386,defined,0.042601418925976665,sensitivity_only
id:x%3A0x1.c000000000000p%2B2,189,4.07,3.8548000000000004,3.8918578602279776,0.8698738483891386,defined,-0.042601418925976665,sensitivity_only
id:x%3A0x1.c000000000000p%2B2,190,4.092,3.86888,3.8318221397720227,0.8698738483891386,defined,0.042601418925976665,sensitivity_only
id:x%3A0x1.c000000000000p%2B2,191,4.114,3.88296,3.9200178602279774,0.8698738483891386,defined,-0.042601418925976665,sensitivity_only
id:x%3A0x1.c000000000000p%2B2,192,4.136,3.89704,3.859982139772023,0.8698738483891386,defined,0.042601418925976665,sensitivity_only
id:x%3A0x1.c000000000000p%2B2,193,4.158,3.9111200000000004,3.9481778602279776,0.8698738483891386,defined,-0.042601418925976665,sensitivity_only
id:x%3A0x1.c000000000000p%2B2,194,4.18,3.9252,3.8881421397720226,0.8698738483891386,defined,0.042601418925976665,sensitivity_only
id:x%3A0x1.c000000000000p%2B2,195,4.202,3.93928,3.9763378602279773,0.8698738483891386,defined,-0.042601418925976665,sensitivity_only
id:x%3A0x1.c000000000000p%2B2,196,4.224,3.95336,3.916302139772023,0.8698738483891386,defined,0.042601418925976665,sensitivity_only
id:x%3A0x1.c000000000000p%2B2,197,4.246,3.9674400000000003,4.0044978602279775,0.8698738483891386,defined,-0.042601418925976665,sensitivity_only
id:x%3A0x1.c000000000000p%2B2,198,4.268,3.9815199999999997,3.9444621397720225,0.8698738483891386,defined,0.042601418925976665,sensitivity_only
id:x%3A0x1.c000000000000p%2B2,199,4.29,3.9956,4.032657860227977,0.8698738483891386,defined,-0.042601418925976665,sensitivity_only
id:x%3A0x1.c000000000000p%2B2,200,4.312,4.00968,3.972622139772023,0.8698738483891386,defined,0.042601418925976665,sensitivity_only
id:x%3A0x1.c000000000000p%2B2,201,4.334,4.023759999999999,4.060817860227977,0.8698738483891386,defined,-0.042601418925976665,sensitivity_only
id:x%3A0x1.c000000000000p%2B2,202,4.356,4.03784,4.0007821397720225,0.8698738483891386,defined,0.042601418925976665,sensitivity_only
id:x%3A0x1.c000000000000p%2B2,203,4.378,4.05192,4.088977860227978,0.8698738483891386,defined,-0.042601418925976665,sensitivity_only
id:x%3A0x1.c000000000000p%2B2,204,4.4,4.066000000000001,4.028942139772023,0.8698738483891386,defined,0.042601418925976665,sensitivity_only
id:x%3A0x1.c000000000000p%2B2,205,4.422,4.08008,4.117137860227977,0.8698738483891386,defined,-0.042601418925976665,sensitivity_only
id:x%3A0x1.c000000000000p%2B2,206,4.444,4.0941600000000005,4.057102139772023,0.8698738483891386,defined,0.042601418925976665,sensitivity_only
id:x%3A0x1.c000000000000p%2B2,207,4.466,4.10824,4.145297860227978,0.8698738483891386,defined,-0.042601418925976665,sensitivity_only
id:x%3A0x1.c000000000000p%2B2,208,4.488,4.12232,4.085262139772023,0.8698738483891386,defined,0.042601418925976665,sensitivity_only
id:x%3A0x1.c000000000000p%2B2,209,4.51,4.1364,4.1784656791777035,0.9874243684417244,defined,-0.042601418925976665,sensitivity_only
id:x%3A0x1.c000000000000p%2B2,210,4.532,4.15048,4.1084143208222965,0.9874243684417244,defined,0.042601418925976665,sensitivity_only
id:x%3A0x1.c000000000000p%2B2,211,4.554,4.16456,4.206625679177703,0.9874243684417244,defined,-0.042601418925976665,sensitivity_only
id:x%3A0x1.c000000000000p%2B2,212,4.576,4.17864,4.136574320822296,0.9874243684417244,defined,0.042601418925976665,sensitivity_only
id:x%3A0x1.c000000000000p%2B2,213,4.598,4.19272,4.234785679177703,0.9874243684417244,defined,-0.042601418925976665,sensitivity_only
id:x%3A0x1.c000000000000p%2B2,214,4.62,4.2068,4.164734320822297,0.9874243684417244,defined,0.042601418925976665,sensitivity_only
id:x%3A0x1.c000000000000p%2B2,215,4.642,4.22088,4.262945679177704,0.9874243684417244,defined,-0.042601418925976665,sensitivity_only
id:x%3A0x1.c000000000000p%2B2,216,4.664,4.23496,4.192894320822297,0.9874243684417244,defined,0.042601418925976665,sensitivity_only
id:x%3A0x1.c000000000000p%2B2,217,4.686,4.24904,4.291105679177703,0.9874243684417244,defined,-0.042601418925976665,sensitivity_only
id:x%3A0x1.c000000000000p%2B2,218,4.708,4.263120000000001,4.221054320822297,0.9874243684417244,defined,0.042601418925976665,sensitivity_only
id:x%3A0x1.c000000000000p%2B2,219,4.73,4.277200000000001,4.319265679177704,0.9874243684417244,defined,-0.042601418925976665,sensitivity_only
id:x%3A0x1.c000000000000p%2B2,220,4.752,4.29128,4.249214320822297,0.9874243684417244,defined,0.042601418925976665,sensitivity_only
id:x%3A0x1.c000000000000p%2B2,221,4.774,4.30536,4.347425679177704,0.9874243684417244,defined,-0.042601418925976665,sensitivity_only
id:x%3A0x1.c000000000000p%2B2,222,4.796,4.31944,4.277374320822297,0.9874243684417244,defined,0.042601418925976665,sensitivity_only
id:x%3A0x1.c000000000000p%2B2,223,4.818,4.33352,4.3755856791777035,0.9874243684417244,defined,-0.042601418925976665,sensitivity_only
id:x%3A0x1.c000000000000p%2B2,224,4.84,4.3476,4.3055343208222965,0.9874243684417244,defined,0.042601418925976665,sensitivity_only
id:x%3A0x1.c000000000000p%2B2,225,4.862,4.36168,4.403745679177703,0.9874243684417244,defined,-0.042601418925976665,sensitivity_only
id:x%3A0x1.c000000000000p%2B2,226,4.884,4.37576,4.333694320822296,0.9874243684417244,defined,0.042601418925976665,sensitivity_only
id:x%3A0x1.c000000000000p%2B2,227,4.906,4.3898399999999995,4.431905679177703,0.9874243684417244,defined,-0.042601418925976665,sensitivity_only
id:x%3A0x1.c000000000000p%2B2,228,4.928,4.403919999999999,4.361854320822296,0.9874243684417244,defined,0.042601418925976665,sensitivity_only
id:x%3A0x1.c000000000000p%2B2,229,4.95,4.418,4.460065679177704,0.9874243684417244,defined,-0.042601418925976665,sensitivity_only
id:x%3A0x1.c000000000000p%2B2,230,4.972,4.432080000000001,4.3900143208222975,0.9874243684417244,defined,0.042601418925976665,sensitivity_only
id:x%3A0x1.c000000000000p%2B2,231,4.994,4.44616,4.488225679177703,0.9874243684417244,defined,-0.042601418925976665,sensitivity_only
id:x%3A0x1.c000000000000p%2B2,232,5.0,4.45,4.407934320822297,0.9874243684417244,defined,0.042601418925976665,sensitivity_only
id:x%3A0x1.c000000000000p%2B2,233,5.016,4.460240000000001,4.502305679177704,0.9874243684417244,defined,-0.042601418925976665,sensitivity_only
id:x%3A0x1.c000000000000p%2B2,234,5.038,4.4743200000000005,4.432254320822297,0.9874243684417244,defined,0.042601418925976665,sensitivity_only
id:x%3A0x1.c000000000000p%2B2,235,5.06,4.4884,4.530465679177704,0.9874243684417244,defined,-0.042601418925976665,sensitivity_only
id:x%3A0x1.c000000000000p%2B2,236,5.082,4.50248,4.460414320822297,0.9874243684417244,defined,0.042601418925976665,sensitivity_only
id:x%3A0x1.c000000000000p%2B2,237,5.104,4.51656,4.558625679177704,0.9874243684417244,defined,-0.042601418925976665,sensitivity_only
id:x%3A0x1.c000000000000p%2B2,238,5.126,4.53064,4.488574320822297,0.9874243684417244,defined,0.042601418925976665,sensitivity_only
id:x%3A0x1.c000000000000p%2B2,239,5.148,4.54472,4.586785679177703,0.9874243684417244,defined,-0.042601418925976665,sensitivity_only
id:x%3A0x1.c000000000000p%2B2,240,5.17,4.5588,4.516734320822296,0.9874243684417244,defined,0.042601418925976665,sensitivity_only
id:x%3A0x1.c000000000000p%2B2,241,5.192,4.57288,4.614945679177703,0.9874243684417244,defined,-0.042601418925976665,sensitivity_only
id:x%3A0x1.c000000000000p%2B2,242,5.214,4.58696,4.544894320822297,0.9874243684417244,defined,0.042601418925976665,sensitivity_only
id:x%3A0x1.c000000000000p%2B2,243,5.236,4.601039999999999,4.643105679177703,0.9874243684417244,defined,-0.042601418925976665,sensitivity_only
id:x%3A0x1.c000000000000p%2B2,244,5.258,4.61512,4.573054320822297,0.9874243684417244,defined,0.042601418925976665,sensitivity_only
id:x%3A0x1.c000000000000p%2B2,245,5.28,4.629200000000001,4.671265679177704,0.9874243684417244,defined,-0.042601418925976665,sensitivity_only
id:x%3A0x1.c000000000000p%2B2,246,5.302,4.64328,4.601214320822296,0.9874243684417244,defined,0.042601418925976665,sensitivity_only
id:x%3A0x1.c000000000000p%2B2,247,5.324,4.657360000000001,4.699425679177704,0.9874243684417244,defined,-0.042601418925976665,sensitivity_only
id:x%3A0x1.c000000000000p%2B2,248,5.346,4.6714400000000005,4.629374320822297,0.9874243684417244,defined,0.042601418925976665,sensitivity_only
id:x%3A0x1.c000000000000p%2B2,249,5.368,4.68552,4.727585679177704,0.9874243684417244,defined,-0.042601418925976665,sensitivity_only
id:x%3A0x1.c000000000000p%2B2,250,5.39,4.6996,4.657534320822297,0.9874243684417244,defined,0.042601418925976665,sensitivity_only
id:x%3A0x1.c000000000000p%2B2,251,5.412,4.71368,4.7557456791777035,0.9874243684417244,defined,-0.042601418925976665,sensitivity_only
id:x%3A0x1.c000000000000p%2B2,252,5.434,4.72776,4.6856943208222965,0.9874243684417244,defined,0.042601418925976665,sensitivity_only
id:x%3A0x1.c000000000000p%2B2,253,5.456,4.74184,4.783905679177703,0.9874243684417244,defined,-0.042601418925976665,sensitivity_only
id:x%3A0x1.c000000000000p%2B2,254,5.478,4.75592,4.713854320822296,0.9874243684417244,defined,0.042601418925976665,sensitivity_only
id:x%3A0x1.c000000000000p%2B2,255,5.5,4.77,4.812065679177703,0.9874243684417244,defined,-0.042601418925976665,sensitivity_only
id:x%3A0x1.c000000000000p%2B2,256,5.522,4.78408,4.747022139772023,0.8698738483891382,defined,0.042601418925976665,sensitivity_only
id:x%3A0x1.c000000000000p%2B2,257,5.544,4.798159999999999,4.835217860227976,0.8698738483891382,defined,-0.042601418925976665,sensitivity_only
id:x%3A0x1.c000000000000p%2B2,258,5.566,4.81224,4.775182139772022,0.8698738483891382,defined,0.042601418925976665,sensitivity_only
id:x%3A0x1.c000000000000p%2B2,259,5.588,4.82632,4.863377860227978,0.8698738483891382,defined,-0.042601418925976665,sensitivity_only
id:x%3A0x1.c000000000000p%2B2,260,5.61,4.840400000000001,4.803342139772024,0.8698738483891382,defined,0.042601418925976665,sensitivity_only
id:x%3A0x1.c000000000000p%2B2,261,5.632,4.85448,4.891537860227977,0.8698738483891382,defined,-0.042601418925976665,sensitivity_only
id:x%3A0x1.c000000000000p%2B2,262,5.654,4.86856,4.831502139772024,0.8698738483891382,defined,0.042601418925976665,sensitivity_only
id:x%3A0x1.c000000000000p%2B2,263,5.676,4.88264,4.919697860227977,0.8698738483891382,defined,-0.042601418925976665,sensitivity_only
id:x%3A0x1.c000000000000p%2B2,264,5.698,4.89672,4.859662139772023,0.8698738483891382,defined,0.042601418925976665,sensitivity_only
id:x%3A0x1.c000000000000p%2B2,265,5.72,4.9108,4.947857860227977,0.8698738483891382,defined,-0.042601418925976665,sensitivity_only
id:x%3A0x1.c000000000000p%2B2,266,5.742,4.92488,4.887822139772023,0.8698738483891382,defined,0.042601418925976665,sensitivity_only
id:x%3A0x1.c000000000000p%2B2,267,5.764,4.93896,4.9760178602279765,0.8698738483891382,defined,-0.042601418925976665,sensitivity_only
id:x%3A0x1.c000000000000p%2B2,268,5.786,4.95304,4.915982139772023,0.8698738483891382,defined,0.042601418925976665,sensitivity_only
id:x%3A0x1.c000000000000p%2B2,269,5.808,4.9671199999999995,5.004177860227976,0.8698738483891382,defined,-0.042601418925976665,sensitivity_only
id:x%3A0x1.c000000000000p%2B2,270,5.83,4.9812,4.944142139772023,0.8698738483891382,defined,0.042601418925976665,sensitivity_only
id:x%3A0x1.c000000000000p%2B2,271,5.852,4.99528,5.032337860227978,0.8698738483891382,defined,-0.042601418925976665,sensitivity_only
id:x%3A0x1.c000000000000p%2B2,272,5.874,5.00936,4.972302139772022,0.8698738483891382,defined,0.042601418925976665,sensitivity_only
id:x%3A0x1.c000000000000p%2B2,273,5.896,5.02344,5.0604978602279775,0.8698738483891382,defined,-0.042601418925976665,sensitivity_only
id:x%3A0x1.c000000000000p%2B2,274,5.918,5.037520000000001,5.000462139772024,0.8698738483891382,defined,0.042601418925976665,sensitivity_only
id:x%3A0x1.c000000000000p%2B2,275,5.94,5.0516000000000005,5.088657860227977,0.8698738483891382,defined,-0.042601418925976665,sensitivity_only
id:x%3A0x1.c000000000000p%2B2,276,5.962,5.06568,5.028622139772024,0.8698738483891382,defined,0.042601418925976665,sensitivity_only
id:x%3A0x1.c000000000000p%2B2,277,5.984,5.07976,5.116817860227977,0.8698738483891382,defined,-0.042601418925976665,sensitivity_only
id:x%3A0x1.c000000000000p%2B2,278,6.0,5.09,5.052942139772023,0.8698738483891382,defined,0.042601418925976665,sensitivity_only
id:x%3A0x1.c000000000000p%2B2,279,6.006,5.09384,5.130897860227977,0.8698738483891382,defined,-0.042601418925976665,sensitivity_only
id:x%3A0x1.c000000000000p%2B2,280,6.028,5.10792,5.070862139772023,0.8698738483891382,defined,0.042601418925976665,sensitivity_only
id:x%3A0x1.c000000000000p%2B2,281,6.05,5.122,5.159057860227977,0.8698738483891382,defined,-0.042601418925976665,sensitivity_only
id:x%3A0x1.c000000000000p%2B2,282,6.072,5.13608,5.099022139772023,0.8698738483891382,defined,0.042601418925976665,sensitivity_only
id:x%3A0x1.c000000000000p%2B2,283,6.094,5.15016,5.187217860227976,0.8698738483891382,defined,-0.042601418925976665,sensitivity_only
id:x%3A0x1.c000000000000p%2B2,284,6.116,5.1642399999999995,5.127182139772023,0.8698738483891382,defined,0.042601418925976665,sensitivity_only
id:x%3A0x1.c000000000000p%2B2,285,6.138,5.178319999999999,5.215377860227976,0.8698738483891382,defined,-0.042601418925976665,sensitivity_only
id:x%3A0x1.c000000000000p%2B2,286,6.16,5.1924,5.1553421397720225,0.8698738483891382,defined,0.042601418925976665,sensitivity_only
id:x%3A0x1.c000000000000p%2B2,287,6.182,5.206480000000001,5.243537860227978,0.8698738483891382,defined,-0.042601418925976665,sensitivity_only
id:x%3A0x1.c000000000000p%2B2,288,6.204,5.22056,5.183502139772022,0.8698738483891382,defined,0.042601418925976665,sensitivity_only
id:x%3A0x1.c000000000000p%2B2,289,6.226,5.234640000000001,5.271697860227977,0.8698738483891382,defined,-0.042601418925976665,sensitivity_only
id:x%3A0x1.c000000000000p%2B2,290,6.248,5.2487200000000005,5.211662139772024,0.8698738483891382,defined,0.042601418925976665,sensitivity_only
id:x%3A0x1.c000000000000p%2B2,291,6.27,5.2627999999999995,5.299857860227977,0.8698738483891382,defined,-0.042601418925976665,sensitivity_only
id:x%3A0x1.c000000000000p%2B2,292,6.292,5.27688,5.2398221397720235,0.8698738483891382,defined,0.042601418925976665,sensitivity_only
id:x%3A0x1.c000000000000p%2B2,293,6.314,5.29096,5.328017860227977,0.8698738483891382,defined,-0.042601418925976665,sensitivity_only
id:x%3A0x1.c000000000000p%2B2,294,6.336,5.30504,5.267982139772023,0.8698738483891382,defined,0.042601418925976665,sensitivity_only
id:x%3A0x1.c000000000000p%2B2,295,6.358,5.31912,5.356177860227977,0.8698738483891382,defined,-0.042601418925976665,sensitivity_only
id:x%3A0x1.c000000000000p%2B2,296,6.38,5.3332,5.296142139772023,0.8698738483891382,defined,0.042601418925976665,sensitivity_only
id:x%3A0x1.c000000000000p%2B2,297,6.402,5.3472800000000005,5.384337860227978,0.8698738483891382,defined,-0.042601418925976665,sensitivity_only
id:x%3A0x1.c000000000000p%2B2,298,6.424,5.36136,5.324302139772023,0.8698738483891382,defined,0.042601418925976665,sensitivity_only
id:x%3A0x1.c000000000000p%2B2,299,6.446,5.37544,5.412497860227978,0.8698738483891382,defined,-0.042601418925976665,sensitivity_only
id:x%3A0x1.c000000000000p%2B2,300,6.468,5.38952,5.3524621397720225,0.8698738483891382,defined,0.042601418925976665,sensitivity_only
id:x%3A0x1.c000000000000p%2B2,301,6.49,5.4036,5.440657860227978,0.8698738483891382,defined,-0.042601418925976665,sensitivity_only
id:x%3A0x1.c000000000000p%2B2,302,6.512,5.41768,5.381708943033453,0.8443628844628325,defined,0.042601418925976665,sensitivity_only
id:x%3A0x1.c000000000000p%2B2,303,6.534,5.43176,5.467731056966547,0.8443628844628325,defined,-0.042601418925976665,sensitivity_only
id:x%3A0x1.c000000000000p%2B2,304,6.556,5.4458400000000005,5.4098689430334534,0.8443628844628325,defined,0.042601418925976665,sensitivity_only
id:x%3A0x1.c000000000000p%2B2,305,6.578,5.45992,5.495891056966547,0.8443628844628325,defined,-0.042601418925976665,sensitivity_only
id:x%3A0x1.c000000000000p%2B2,306,6.6,5.474,5.438028943033453,0.8443628844628325,defined,0.042601418925976665,sensitivity_only
id:x%3A0x1.c000000000000p%2B2,307,6.622,5.48808,5.524051056966547,0.8443628844628325,defined,-0.042601418925976665,sensitivity_only
id:x%3A0x1.c000000000000p%2B2,308,6.644,5.50216,5.466188943033453,0.8443628844628325,defined,0.042601418925976665,sensitivity_only
id:x%3A0x1.c000000000000p%2B2,309,6.666,5.516240000000001,5.552211056966548,0.8443628844628325,defined,-0.042601418925976665,sensitivity_only
id:x%3A0x1.c000000000000p%2B2,310,6.688,5.53032,5.494348943033453,0.8443628844628325,defined,0.042601418925976665,sensitivity_only
id:x%3A0x1.c000000000000p%2B2,311,6.71,5.5444,5.5803710569665474,0.8443628844628325,defined,-0.042601418925976665,sensitivity_only
id:x%3A0x1.c000000000000p%2B2,312,6.732,5.55848,5.522508943033453,0.8443628844628325,defined,0.042601418925976665,sensitivity_only
id:x%3A0x1.c000000000000p%2B2,313,6.754,5.57256,5.608531056966547,0.8443628844628325,defined,-0.042601418925976665,sensitivity_only
id:x%3A0x1.c000000000000p%2B2,314,6.776,5.58664,5.550668943033453,0.8443628844628325,defined,0.042601418925976665,sensitivity_only
id:x%3A0x1.c000000000000p%2B2,315,6.798,5.60072,5.636691056966547,0.8443628844628325,defined,-0.042601418925976665,sensitivity_only
id:x%3A0x1.c000000000000p%2B2,316,6.82,5.614800000000001,5.578828943033454,0.8443628844628325,defined,0.042601418925976665,sensitivity_only
id:x%3A0x1.c000000000000p%2B2,317,6.842,5.62888,5.664851056966547,0.8443628844628325,defined,-0.042601418925976665,sensitivity_only
id:x%3A0x1.c000000000000p%2B2,318,6.864,5.64296,5.606988943033453,0.8443628844628325,defined,0.042601418925976665,sensitivity_only
id:x%3A0x1.c000000000000p%2B2,319,6.886,5.65704,5.693011056966547,0.8443628844628325,defined,-0.042601418925976665,sensitivity_only
id:x%3A0x1.c000000000000p%2B2,320,6.908,5.67112,5.635148943033453,0.8443628844628325,defined,0.042601418925976665,sensitivity_only
id:x%3A0x1.c000000000000p%2B2,321,6.93,5.6852,5.721171056966547,0.8443628844628325,defined,-0.042601418925976665,sensitivity_only
id:x%3A0x1.c000000000000p%2B2,322,6.952,5.69928,5.663308943033453,0.8443628844628325,defined,0.042601418925976665,sensitivity_only
id:x%3A0x1.c000000000000p%2B2,323,6.974,5.713360000000001,5.749331056966548,0.8443628844628325,defined,-0.042601418925976665,sensitivity_only
id:x%3A0x1.c000000000000p%2B2,324,6.996,5.7274400000000005,5.6914689430334535,0.8443628844628325,defined,0.042601418925976665,sensitivity_only
id:x%3A0x1.c000000000000p%2B2,325,7.0,5.73,5.765971056966547,0.8443628844628325,defined,-0.042601418925976665,sensitivity_only
id:x%3A0x1.c000000000000p%2B2,326,7.018,5.74152,5.705548943033453,0.8443628844628325,defined,0.042601418925976665,sensitivity_only
id:x%3A0x1.c000000000000p%2B2,327,7.04,5.7556,5.791571056966547,0.8443628844628325,defined,-0.042601418925976665,sensitivity_only
id:x%3A0x1.c000000000000p%2B2,328,7.062,5.76968,5.733708943033453,0.8443628844628325,defined,0.042601418925976665,sensitivity_only
id:x%3A0x1.c000000000000p%2B2,329,7.084,5.78376,5.819731056966547,0.8443628844628325,defined,-0.042601418925976665,sensitivity_only
id:x%3A0x1.c000000000000p%2B2,330,7.106,5.79784,5.761868943033453,0.8443628844628325,defined,0.042601418925976665,sensitivity_only
id:x%3A0x1.c000000000000p%2B2,331,7.128,5.81192,5.847891056966547,0.8443628844628325,defined,-0.042601418925976665,sensitivity_only
id:x%3A0x1.c000000000000p%2B2,332,7.15,5.8260000000000005,5.7900289430334535,0.8443628844628325,defined,0.042601418925976665,sensitivity_only
id:x%3A0x1.c000000000000p%2B2,333,7.172,5.8400799999999995,5.8760510569665465,0.8443628844628325,defined,-0.042601418925976665,sensitivity_only
id:x%3A0x1.c000000000000p%2B2,334,7.194,5.85416,5.818188943033453,0.8443628844628325,defined,0.042601418925976665,sensitivity_only
id:x%3A0x1.c000000000000p%2B2,335,7.216,5.86824,5.904211056966547,0.8443628844628325,defined,-0.042601418925976665,sensitivity_only
id:x%3A0x1.c000000000000p%2B2,336,7.238,5.88232,5.846348943033453,0.8443628844628325,defined,0.042601418925976665,sensitivity_only
id:x%3A0x1.c000000000000p%2B2,337,7.26,5.8964,5.932371056966547,0.8443628844628325,defined,-0.042601418925976665,sensitivity_only
id:x%3A0x1.c000000000000p%2B2,338,7.282,5.91048,5.874508943033453,0.8443628844628325,defined,0.042601418925976665,sensitivity_only
id:x%3A0x1.c000000000000p%2B2,339,7.304,5.9245600000000005,5.9605310569665475,0.8443628844628325,defined,-0.042601418925976665,sensitivity_only
id:x%3A0x1.c000000000000p%2B2,340,7.326,5.9386399999999995,5.9026689430334525,0.8443628844628325,defined,0.042601418925976665,sensitivity_only
id:x%3A0x1.c000000000000p%2B2,341,7.348,5.95272,5.988691056966547,0.8443628844628325,defined,-0.042601418925976665,sensitivity_only
id:x%3A0x1.c000000000000p%2B2,342,7.37,5.9668,5.930828943033453,0.8443628844628325,defined,0.042601418925976665,sensitivity_only
id:x%3A0x1.c000000000000p%2B2,343,7.392,5.98088,6.016851056966547,0.8443628844628325,defined,-0.042601418925976665,sensitivity_only
id:x%3A0x1.c000000000000p%2B2,344,7.414,5.99496,5.958988943033453,0.8443628844628325,defined,0.042601418925976665,sensitivity_only
id:x%3A0x1.c000000000000p%2B2,345,7.436,6.00904,6.045011056966547,0.8443628844628325,defined,-0.042601418925976665,sensitivity_only
id:x%3A0x1.c000000000000p%2B2,346,7.458,6.0231200000000005,5.9871489430334535,0.8443628844628325,defined,0.042601418925976665,sensitivity_only
id:x%3A0x1.c000000000000p%2B2,347,7.48,6.0372,6.073171056966547,0.8443628844628325,defined,-0.042601418925976665,sensitivity_only
id:x%3A0x1.c000000000000p%2B2,348,7.502,6.05128,6.017107538184248,0.8021437472571021,defined,0.042601418925976665,sensitivity_only
id:x%3A0x1.c000000000000p%2B2,349,7.524,6.06536,6.099532461815753,0.8021437472571021,defined,-0.042601418925976665,sensitivity_only
id:x%3A0x1.c000000000000p%2B2,350,7.546,6.07944,6.045267538184247,0.8021437472571021,defined,0.042601418925976665,sensitivity_only
id:x%3A0x1.c000000000000p%2B2,351,7.568,6.09352,6.1276924618157524,0.8021437472571021,defined,-0.042601418925976665,sensitivity_only
id:x%3A0x1.c000000000000p%2B2,352,7.59,6.1076,6.073427538184247,0.8021437472571021,defined,0.042601418925976665,sensitivity_only
id:x%3A0x1.c000000000000p%2B2,353,7.612,6.1216800000000005,6.155852461815753,0.8021437472571021,defined,-0.042601418925976665,sensitivity_only
id:x%3A0x1.c000000000000p%2B2,354,7.634,6.13576,6.101587538184248,0.8021437472571021,defined,0.042601418925976665,sensitivity_only
id:x%3A0x1.c000000000000p%2B2,355,7.656,6.14984,6.184012461815753,0.8021437472571021,defined,-0.042601418925976665,sensitivity_only
id:x%3A0x1.c000000000000p%2B2,356,7.678,6.16392,6.1297475381842474,0.8021437472571021,defined,0.042601418925976665,sensitivity_only
id:x%3A0x1.c000000000000p%2B2,357,7.7,6.178,6.2121724618157526,0.8021437472571021,defined,-0.042601418925976665,sensitivity_only
id:x%3A0x1.c000000000000p%2B2,358,7.722,6.192080000000001,6.157907538184248,0.8021437472571021,defined,0.042601418925976665,sensitivity_only
id:x%3A0x1.c000000000000p%2B2,359,7.744,6.20616,6.240332461815752,0.8021437472571021,defined,-0.042601418925976665,sensitivity_only
id:x%3A0x1.c000000000000p%2B2,360,7.766,6.22024,6.186067538184248,0.8021437472571021,defined,0.042601418925976665,sensitivity_only
id:x%3A0x1.c000000000000p%2B2,361,7.788,6.23432,6.268492461815753,0.8021437472571021,defined,-0.042601418925976665,sensitivity_only
id:x%3A0x1.c000000000000p%2B2,362,7.81,6.2484,6.214227538184248,0.8021437472571021,defined,0.042601418925976665,sensitivity_only
id:x%3A0x1.c000000000000p%2B2,363,7.832,6.26248,6.296652461815753,0.8021437472571021,defined,-0.042601418925976665,sensitivity_only
id:x%3A0x1.c000000000000p%2B2,364,7.854,6.27656,6.242387538184247,0.8021437472571021,defined,0.042601418925976665,sensitivity_only
id:x%3A0x1.c000000000000p%2B2,365,7.876,6.290640000000001,6.324812461815753,0.8021437472571021,defined,-0.042601418925976665,sensitivity_only
id:x%3A0x1.c000000000000p%2B2,366,7.898,6.30472,6.270547538184247,0.8021437472571021,defined,0.042601418925976665,sensitivity_only
id:x%3A0x1.c000000000000p%2B2,367,7.92,6.3188,6.352972461815753,0.8021437472571021,defined,-0.042601418925976665,sensitivity_only
id:x%3A0x1.c000000000000p%2B2,368,7.942,6.33288,6.298707538184248,0.8021437472571021,defined,0.042601418925976665,sensitivity_only
id:x%3A0x1.c000000000000p%2B2,369,7.964,6.34696,6.381132461815753,0.8021437472571021,defined,-0.042601418925976665,sensitivity_only
id:x%3A0x1.c000000000000p%2B2,370,7.986,6.36104,6.326867538184247,0.8021437472571021,defined,0.042601418925976665,sensitivity_only
id:x%3A0x1.c000000000000p%2B2,371,8.0,6.37,6.404172461815753,0.8021437472571021,defined,-0.042601418925976665,sensitivity_only
id:x%3A0x1.c000000000000p%2B2,372,8.008,6.37512,6.340947538184247,0.8021437472571021,defined,0.042601418925976665,sensitivity_only
id:x%3A0x1.c000000000000p%2B2,373,8.03,6.3892,6.423372461815752,0.8021437472571021,defined,-0.042601418925976665,sensitivity_only
id:x%3A0x1.c000000000000p%2B2,374,8.052,6.40328,6.369107538184247,0.8021437472571021,defined,0.042601418925976665,sensitivity_only
id:x%3A0x1.c000000000000p%2B2,375,8.074,6.41736,6.451532461815753,0.8021437472571021,defined,-0.042601418925976665,sensitivity_only
id:x%3A0x1.c000000000000p%2B2,376,8.096,6.43144,6.397267538184248,0.8021437472571021,defined,0.042601418925976665,sensitivity_only
id:x%3A0x1.c000000000000p%2B2,377,8.118,6.44552,6.479692461815753,0.8021437472571021,defined,-0.042601418925976665,sensitivity_only
id:x%3A0x1.c000000000000p%2B2,378,8.14,6.459600000000001,6.425427538184248,0.8021437472571021,defined,0.042601418925976665,sensitivity_only
id:x%3A0x1.c000000000000p%2B2,379,8.162,6.473680000000001,6.507852461815753,0.8021437472571021,defined,-0.042601418925976665,sensitivity_only
id:x%3A0x1.c000000000000p%2B2,380,8.184,6.48776,6.453587538184247,0.8021437472571021,defined,0.042601418925976665,sensitivity_only
id:x%3A0x1.c000000000000p%2B2,381,8.206,6.50184,6.536012461815752,0.8021437472571021,defined,-0.042601418925976665,sensitivity_only
id:x%3A0x1.c000000000000p%2B2,382,8.228,6.51592,6.481747538184248,0.8021437472571021,defined,0.042601418925976665,sensitivity_only
id:x%3A0x1.c000000000000p%2B2,383,8.25,6.53,6.564172461815753,0.8021437472571021,defined,-0.042601418925976665,sensitivity_only
id:x%3A0x1.c000000000000p%2B2,384,8.272,6.54408,6.5099075381842475,0.8021437472571021,defined,0.042601418925976665,sensitivity_only
id:x%3A0x1.c000000000000p%2B2,385,8.294,6.55816,6.592332461815753,0.8021437472571021,defined,-0.042601418925976665,sensitivity_only
id:x%3A0x1.c000000000000p%2B2,386,8.316,6.572240000000001,6.538067538184248,0.8021437472571021,defined,0.042601418925976665,sensitivity_only
id:x%3A0x1.c000000000000p%2B2,387,8.338,6.58632,6.620492461815752,0.8021437472571021,defined,-0.042601418925976665,sensitivity_only
id:x%3A0x1.c000000000000p%2B2,388,8.36,6.6004,6.566227538184247,0.8021437472571021,defined,0.042601418925976665,sensitivity_only
id:x%3A0x1.c000000000000p%2B2,389,8.382,6.6144799999999995,6.648652461815752,0.8021437472571021,defined,-0.042601418925976665,sensitivity_only
id:x%3A0x1.c000000000000p%2B2,390,8.404,6.62856,6.594387538184248,0.8021437472571021,defined,0.042601418925976665,sensitivity_only
id:x%3A0x1.c000000000000p%2B2,391,8.426,6.64264,6.676812461815753,0.8021437472571021,defined,-0.042601418925976665,sensitivity_only
id:x%3A0x1.c000000000000p%2B2,392,8.448,6.65672,6.622547538184247,0.8021437472571021,defined,0.042601418925976665,sensitivity_only
id:x%3A0x1.c000000000000p%2B2,393,8.47,6.670800000000001,6.704972461815753,0.8021437472571021,defined,-0.042601418925976665,sensitivity_only
id:x%3A0x1.c000000000000p%2B2,394,8.492,6.684880000000001,6.650707538184248,0.8021437472571021,defined,0.042601418925976665,sensitivity_only
id:x%3A0x1.c000000000000p%2B2,395,8.514,6.69896,6.72949709353748,0.7168093060595385,defined,-0.042601418925976665,sensitivity_only
id:x%3A0x1.c000000000000p%2B2,396,8.536,6.7130399999999995,6.682502906462519,0.7168093060595385,defined,0.042601418925976665,sensitivity_only
id:x%3A0x1.c000000000000p%2B2,397,8.558,6.72712,6.757657093537481,0.7168093060595385,defined,-0.042601418925976665,sensitivity_only
id:x%3A0x1.c000000000000p%2B2,398,8.58,6.7412,6.710662906462519,0.7168093060595385,defined,0.042601418925976665,sensitivity_only
id:x%3A0x1.c000000000000p%2B2,399,8.602,6.75528,6.785817093537481,0.7168093060595385,defined,-0.042601418925976665,sensitivity_only
id:x%3A0x1.c000000000000p%2B2,400,8.624,6.769360000000001,6.73882290646252,0.7168093060595385,defined,0.042601418925976665,sensitivity_only
id:x%3A0x1.c000000000000p%2B2,401,8.646,6.783440000000001,6.813977093537481,0.7168093060595385,defined,-0.042601418925976665,sensitivity_only
id:x%3A0x1.c000000000000p%2B2,402,8.668,6.79752,6.766982906462519,0.7168093060595385,defined,0.042601418925976665,sensitivity_only
id:x%3A0x1.c000000000000p%2B2,403,8.69,6.811599999999999,6.84213709353748,0.7168093060595385,defined,-0.042601418925976665,sensitivity_only
id:x%3A0x1.c000000000000p%2B2,404,8.712,6.82568,6.7951429064625195,0.7168093060595385,defined,0.042601418925976665,sensitivity_only
id:x%3A0x1.c000000000000p%2B2,405,8.734,6.83976,6.870297093537481,0.7168093060595385,defined,-0.042601418925976665,sensitivity_only
id:x%3A0x1.c000000000000p%2B2,406,8.756,6.85384,6.823302906462519,0.7168093060595385,defined,0.042601418925976665,sensitivity_only
id:x%3A0x1.c000000000000p%2B2,407,8.778,6.867920000000001,6.898457093537481,0.7168093060595385,defined,-0.042601418925976665,sensitivity_only
id:x%3A0x1.c000000000000p%2B2,408,8.8,6.882000000000001,6.85146290646252,0.7168093060595385,defined,0.042601418925976665,sensitivity_only
id:x%3A0x1.c000000000000p%2B2,409,8.822,6.8960799999999995,6.92661709353748,0.7168093060595385,defined,-0.042601418925976665,sensitivity_only
id:x%3A0x1.c000000000000p%2B2,410,8.844,6.910159999999999,6.879622906462519,0.7168093060595385,defined,0.042601418925976665,sensitivity_only
id:x%3A0x1.c000000000000p%2B2,411,8.866,6.92424,6.954777093537481,0.7168093060595385,defined,-0.042601418925976665,sensitivity_only
id:x%3A0x1.c000000000000p%2B2,412,8.888,6.93832,6.907782906462519,0.7168093060595385,defined,0.042601418925976665,sensitivity_only
id:x%3A0x1.c000000000000p%2B2,413,8.91,6.9524,6.982937093537481,0.7168093060595385,defined,-0.042601418925976665,sensitivity_only
id:x%3A0x1.c000000000000p%2B2,414,8.932,6.966480000000001,6.93594290646252,0.7168093060595385,defined,0.042601418925976665,sensitivity_only
id:x%3A0x1.c000000000000p%2B2,415,8.954,6.9805600000000005,7.011097093537481,0.7168093060595385,defined,-0.042601418925976665,sensitivity_only
id:x%3A0x1.c000000000000p%2B2,416,8.976,6.99464,6.96410290646252,0.7168093060595385,defined,0.042601418925976665,sensitivity_only
id:x%3A0x1.c000000000000p%2B2,417,8.998,7.008719999999999,7.03925709353748,0.7168093060595385,defined,-0.042601418925976665,sensitivity_only
id:x%3A0x1.c000000000000p%2B2,418,9.0,7.01,6.979462906462519,0.7168093060595385,defined,0.042601418925976665,sensitivity_only
id:x%3A0x1.c000000000000p%2B2,419,9.02,7.0228,7.053337093537481,0.7168093060595385,defined,-0.042601418925976665,sensitivity_only
id:x%3A0x1.c000000000000p%2B2,420,9.042,7.03688,7.006342906462519,0.7168093060595385,defined,0.042601418925976665,sensitivity_only
id:x%3A0x1.c000000000000p%2B2,421,9.064,7.05096,7.081497093537481,0.7168093060595385,defined,-0.042601418925976665,sensitivity_only
id:x%3A0x1.c000000000000p%2B2,422,9.086,7.065040000000001,7.03450290646252,0.7168093060595385,defined,0.042601418925976665,sensitivity_only
id:x%3A0x1.c000000000000p%2B2,423,9.108,7.0791200000000005,7.109657093537481,0.7168093060595385,defined,-0.042601418925976665,sensitivity_only
id:x%3A0x1.c000000000000p%2B2,424,9.13,7.0932,7.06266290646252,0.7168093060595385,defined,0.042601418925976665,sensitivity_only
id:x%3A0x1.c000000000000p%2B2,425,9.152,7.107279999999999,7.13781709353748,0.7168093060595385,defined,-0.042601418925976665,sensitivity_only
id:x%3A0x1.c000000000000p%2B2,426,9.174,7.12136,7.0908229064625194,0.7168093060595385,defined,0.042601418925976665,sensitivity_only
id:x%3A0x1.c000000000000p%2B2,427,9.196,7.13544,7.165977093537481,0.7168093060595385,defined,-0.042601418925976665,sensitivity_only
id:x%3A0x1.c000000000000p%2B2,428,9.218,7.14952,7.118982906462519,0.7168093060595385,defined,0.042601418925976665,sensitivity_only
id:x%3A0x1.c000000000000p%2B2,429,9.24,7.163600000000001,7.194137093537481,0.7168093060595385,defined,-0.042601418925976665,sensitivity_only
id:x%3A0x1.c000000000000p%2B2,430,9.262,7.1776800000000005,7.14714290646252,0.7168093060595385,defined,0.042601418925976665,sensitivity_only
id:x%3A0x1.c000000000000p%2B2,431,9.284,7.19176,7.222297093537481,0.7168093060595385,defined,-0.042601418925976665,sensitivity_only
id:x%3A0x1.c000000000000p%2B2,432,9.306,7.205839999999999,7.175302906462519,0.7168093060595385,defined,0.042601418925976665,sensitivity_only
id:x%3A0x1.c000000000000p%2B2,433,9.328,7.21992,7.250457093537481,0.7168093060595385,defined,-0.042601418925976665,sensitivity_only
id:x%3A0x1.c000000000000p%2B2,434,9.35,7.234,7.203462906462519,0.7168093060595385,defined,0.042601418925976665,sensitivity_only
id:x%3A0x1.c000000000000p%2B2,435,9.372,7.24808,7.2786170935374805,0.7168093060595385,defined,-0.042601418925976665,sensitivity_only
id:x%3A0x1.c000000000000p%2B2,436,9.394,7.262160000000001,7.23162290646252,0.7168093060595385,defined,0.042601418925976665,sensitivity_only
id:x%3A0x1.c000000000000p%2B2,437,9.416,7.2762400000000005,7.306777093537481,0.7168093060595385,defined,-0.042601418925976665,sensitivity_only
id:x%3A0x1.c000000000000p%2B2,438,9.438,7.29032,7.25978290646252,0.7168093060595385,defined,0.042601418925976665,sensitivity_only
id:x%3A0x1.c000000000000p%2B2,439,9.46,7.304400000000001,7.334937093537482,0.7168093060595385,defined,-0.042601418925976665,sensitivity_only
id:x%3A0x1.c000000000000p%2B2,440,9.482,7.31848,7.287942906462519,0.7168093060595385,defined,0.042601418925976665,sensitivity_only
id:x%3A0x1.c000000000000p%2B2,441,9.504,7.33256,7.368531056966547,0.8443628844628325,defined,-0.042601418925976665,sensitivity_only
id:x%3A0x1.c000000000000p%2B2,442,9.526,7.34664,7.310668943033453,0.8443628844628325,defined,0.042601418925976665,sensitivity_only
id:x%3A0x1.c000000000000p%2B2,443,9.548,7.360720000000001,7.396691056966548,0.8443628844628325,defined,-0.042601418925976665,sensitivity_only
id:x%3A0x1.c000000000000p%2B2,444,9.57,7.3748000000000005,7.3388289430334535,0.8443628844628325,defined,0.042601418925976665,sensitivity_only
id:x%3A0x1.c000000000000p%2B2,445,9.592,7.38888,7.424851056966547,0.8443628844628325,defined,-0.042601418925976665,sensitivity_only
id:x%3A0x1.c000000000000p%2B2,446,9.614,7.40296,7.366988943033453,0.8443628844628325,defined,0.042601418925976665,sensitivity_only
id:x%3A0x1.c000000000000p%2B2,447,9.636,7.41704,7.453011056966547,0.8443628844628325,defined,-0.042601418925976665,sensitivity_only
id:x%3A0x1.c000000000000p%2B2,448,9.658,7.43112,7.395148943033453,0.8443628844628325,defined,0.042601418925976665,sensitivity_only
id:x%3A0x1.c000000000000p%2B2,449,9.68,7.4452,7.481171056966547,0.8443628844628325,defined,-0.042601418925976665,sensitivity_only
id:x%3A0x1.c000000000000p%2B2,450,9.702,7.45928,7.423308943033453,0.8443628844628325,defined,0.042601418925976665,sensitivity_only
id:x%3A0x1.c000000000000p%2B2,451,9.724,7.4733600000000004,7.5093310569665475,0.8443628844628325,defined,-0.042601418925976665,sensitivity_only
id:x%3A0x1.c000000000000p%2B2,452,9.746,7.48744,7.451468943033453,0.8443628844628325,defined,0.042601418925976665,sensitivity_only
id:x%3A0x1.c000000000000p%2B2,453,9.768,7.50152,7.537491056966547,0.8443628844628325,defined,-0.042601418925976665,sensitivity_only
id:x%3A0x1.c000000000000p%2B2,454,9.79,7.515599999999999,7.479628943033452,0.8443628844628325,defined,0.042601418925976665,sensitivity_only
id:x%3A0x1.c000000000000p%2B2,455,9.812,7.52968,7.565651056966547,0.8443628844628325,defined,-0.042601418925976665,sensitivity_only
id:x%3A0x1.c000000000000p%2B2,456,9.834,7.54376,7.507788943033453,0.8443628844628325,defined,0.042601418925976665,sensitivity_only
id:x%3A0x1.c000000000000p%2B2,457,9.856,7.55784,7.593811056966547,0.8443628844628325,defined,-0.042601418925976665,sensitivity_only
id:x%3A0x1.c000000000000p%2B2,458,9.878,7.57192,7.535948943033453,0.8443628844628325,defined,0.042601418925976665,sensitivity_only
id:x%3A0x1.c000000000000p%2B2,459,9.9,7.586,7.621971056966547,0.8443628844628325,defined,-0.042601418925976665,sensitivity_only
id:x%3A0x1.c000000000000p%2B2,460,9.922,7.60008,7.564108943033453,0.8443628844628325,defined,0.042601418925976665,sensitivity_only
id:x%3A0x1.c000000000000p%2B2,461,9.944,7.614160000000001,7.650131056966548,0.8443628844628325,defined,-0.042601418925976665,sensitivity_only
id:x%3A0x1.c000000000000p%2B2,462,9.966,7.62824,7.592268943033453,0.8443628844628325,defined,0.042601418925976665,sensitivity_only
id:x%3A0x1.c000000000000p%2B2,463,9.988,7.64232,7.678291056966547,0.8443628844628325,defined,-0.042601418925976665,sensitivity_only
id:x%3A0x1.c000000000000p%2B2,464,10.0,7.65,7.614028943033453,0.8443628844628325,defined,0.042601418925976665,sensitivity_only
id:x%3A0x1.c000000000000p%2B2,465,10.01,7.6564,7.692371056966547,0.8443628844628325,defined,-0.042601418925976665,sensitivity_only
id:x%3A0x1.c000000000000p%2B2,466,10.032,7.67048,7.634508943033453,0.8443628844628325,defined,0.042601418925976665,sensitivity_only
id:x%3A0x1.c000000000000p%2B2,467,10.054,7.68456,7.720531056966547,0.8443628844628325,defined,-0.042601418925976665,sensitivity_only
id:x%3A0x1.c000000000000p%2B2,468,10.076,7.69864,7.662668943033453,0.8443628844628325,defined,0.042601418925976665,sensitivity_only
id:x%3A0x1.c000000000000p%2B2,469,10.098,7.712720000000001,7.748691056966548,0.8443628844628325,defined,-0.042601418925976665,sensitivity_only
id:x%3A0x1.c000000000000p%2B2,470,10.12,7.7268,7.690828943033453,0.8443628844628325,defined,0.042601418925976665,sensitivity_only
id:x%3A0x1.c000000000000p%2B2,471,10.142,7.74088,7.776851056966547,0.8443628844628325,defined,-0.042601418925976665,sensitivity_only
id:x%3A0x1.c000000000000p%2B2,472,10.164,7.75496,7.718988943033453,0.8443628844628325,defined,0.042601418925976665,sensitivity_only
id:x%3A0x1.c000000000000p%2B2,473,10.186,7.76904,7.805011056966547,0.8443628844628325,defined,-0.042601418925976665,sensitivity_only
id:x%3A0x1.c000000000000p%2B2,474,10.208,7.78312,7.747148943033453,0.8443628844628325,defined,0.042601418925976665,sensitivity_only
id:x%3A0x1.c000000000000p%2B2,475,10.23,7.7972,7.833171056966547,0.8443628844628325,defined,-0.042601418925976665,sensitivity_only
id:x%3A0x1.c000000000000p%2B2,476,10.252,7.811280000000001,7.775308943033454,0.8443628844628325,defined,0.042601418925976665,sensitivity_only
id:x%3A0x1.c000000000000p%2B2,477,10.274,7.82536,7.861331056966547,0.8443628844628325,defined,-0.042601418925976665,sensitivity_only
id:x%3A0x1.c000000000000p%2B2,478,10.296,7.83944,7.803468943033453,0.8443628844628325,defined,0.042601418925976665,sensitivity_only
id:x%3A0x1.c000000000000p%2B2,479,10.318,7.85352,7.889491056966547,0.8443628844628325,defined,-0.042601418925976665,sensitivity_only
id:x%3A0x1.c000000000000p%2B2,480,10.34,7.8676,7.831628943033453,0.8443628844628325,defined,0.042601418925976665,sensitivity_only
id:x%3A0x1.c000000000000p%2B2,481,10.362,7.88168,7.917651056966547,0.8443628844628325,defined,-0.042601418925976665,sensitivity_only
id:x%3A0x1.c000000000000p%2B2,482,10.384,7.89576,7.859788943033453,0.8443628844628325,defined,0.042601418925976665,sensitivity_only
id:x%3A0x1.c000000000000p%2B2,483,10.406,7.909840000000001,7.945811056966548,0.8443628844628325,defined,-0.042601418925976665,sensitivity_only
id:x%3A0x1.c000000000000p%2B2,484,10.428,7.923920000000001,7.887948943033454,0.8443628844628325,defined,0.042601418925976665,sensitivity_only
id:x%3A0x1.c000000000000p%2B2,485,10.45,7.938,7.973971056966547,0.8443628844628325,defined,-0.042601418925976665,sensitivity_only
id:x%3A0x1.c000000000000p%2B2,486,10.472,7.95208,7.916108943033453,0.8443628844628325,defined,0.042601418925976665,sensitivity_only
id:x%3A0x1.c000000000000p%2B2,487,10.494,7.96616,8.002131056966547,0.8443628844628325,defined,-0.042601418925976665,sensitivity_only
id:x%3A0x1.c000000000000p%2B2,488,10.516,7.98024,7.9497029064625195,0.7168093060595381,defined,0.042601418925976665,sensitivity_only
id:x%3A0x1.c000000000000p%2B2,489,10.538,7.99432,8.02485709353748,0.7168093060595381,defined,-0.042601418925976665,sensitivity_only
id:x%3A0x1.c000000000000p%2B2,490,10.56,8.008400000000002,7.977862906462521,0.7168093060595381,defined,0.042601418925976665,sensitivity_only
id:x%3A0x1.c000000000000p%2B2,491,10.582,8.022480000000002,8.053017093537482,0.7168093060595381,defined,-0.042601418925976665,sensitivity_only
id:x%3A0x1.c000000000000p%2B2,492,10.604,8.03656,8.006022906462519,0.7168093060595381,defined,0.042601418925976665,sensitivity_only
id:x%3A0x1.c000000000000p%2B2,493,10.626,8.05064,8.08117709353748,0.7168093060595381,defined,-0.042601418925976665,sensitivity_only
id:x%3A0x1.c000000000000p%2B2,494,10.648,8.064720000000001,8.03418290646252,0.7168093060595381,defined,0.042601418925976665,sensitivity_only
id:x%3A0x1.c000000000000p%2B2,495,10.67,8.078800000000001,8.109337093537482,0.7168093060595381,defined,-0.042601418925976665,sensitivity_only
id:x%3A0x1.c000000000000p%2B2,496,10.692,8.092880000000001,8.06234290646252,0.7168093060595381,defined,0.042601418925976665,sensitivity_only
id:x%3A0x1.c000000000000p%2B2,497,10.714,8.10696,8.137497093537482,0.7168093060595381,defined,-0.042601418925976665,sensitivity_only
id:x%3A0x1.c000000000000p%2B2,498,10.736,8.12104,8.09050290646252,0.7168093060595381,defined,0.042601418925976665,sensitivity_only
id:x%3A0x1.c000000000000p%2B2,499,10.758,8.13512,8.165657093537481,0.7168093060595381,defined,-0.042601418925976665,sensitivity_only
id:x%3A0x1.c000000000000p%2B2,500,10.78,8.1492,8.11866290646252,0.7168093060595381,defined,0.042601418925976665,sensitivity_only
id:x%3A0x1.c000000000000p%2B2,501,10.802,8.16328,8.193817093537481,0.7168093060595381,defined,-0.042601418925976665,sensitivity_only
id:x%3A0x1.c000000000000p%2B2,502,10.824,8.17736,8.14682290646252,0.7168093060595381,defined,0.042601418925976665,sensitivity_only
id:x%3A0x1.c000000000000p%2B2,503,10.846,8.19144,8.22197709353748,0.7168093060595381,defined,-0.042601418925976665,sensitivity_only
id:x%3A0x1.c000000000000p%2B2,504,10.868,8.20552,8.17498290646252,0.7168093060595381,defined,0.042601418925976665,sensitivity_only
id:x%3A0x1.c000000000000p%2B2,505,10.89,8.2196,8.25013709353748,0.7168093060595381,defined,-0.042601418925976665,sensitivity_only
id:x%3A0x1.c000000000000p%2B2,506,10.912,8.23368,8.203142906462519,0.7168093060595381,defined,0.042601418925976665,sensitivity_only
id:x%3A0x1.c000000000000p%2B2,507,10.934,8.24776,8.27829709353748,0.7168093060595381,defined,-0.042601418925976665,sensitivity_only
id:x%3A0x1.c000000000000p%2B2,508,10.956,8.26184,8.231302906462519,0.7168093060595381,defined,0.042601418925976665,sensitivity_only
id:x%3A0x1.c000000000000p%2B2,509,10.978,8.27592,8.30645709353748,0.7168093060595381,defined,-0.042601418925976665,sensitivity_only
id:x%3A0x1.c000000000000p%2B2,510,11.0,8.29,8.259462906462518,0.7168093060595381,defined,0.042601418925976665,sensitivity_only
id:x%3A0x1.0000000000000p%2B3,0,0.0,1.25,1.172502148052604,0.8698738483891382,defined,0.0890909090909091,sensitivity_only
id:x%3A0x1.0000000000000p%2B3,1,0.022,1.26408,1.3027147904504444,0.8698738483891382,defined,-0.04441424526325227,sensitivity_only
id:x%3A0x1.0000000000000p%2B3,2,0.044,1.27816,1.2395252095495557,0.8698738483891382,defined,0.04441424526325227,sensitivity_only
id:x%3A0x1.0000000000000p%2B3,3,0.066,1.29224,1.3308747904504443,0.8698738483891382,defined,-0.04441424526325227,sensitivity_only
id:x%3A0x1.0000000000000p%2B3,4,0.088,1.30632,1.2676852095495557,0.8698738483891382,defined,0.04441424526325227,sensitivity_only
id:x%3A0x1.0000000000000p%2B3,5,0.11,1.3204,1.3590347904504443,0.8698738483891382,defined,-0.04441424526325227,sensitivity_only
id:x%3A0x1.0000000000000p%2B3,6,0.132,1.33448,1.2958452095495558,0.8698738483891382,defined,0.04441424526325227,sensitivity_only
id:x%3A0x1.0000000000000p%2B3,7,0.154,1.34856,1.3871947904504442,0.8698738483891382,defined,-0.04441424526325227,sensitivity_only
id:x%3A0x1.0000000000000p%2B3,8,0.176,1.36264,1.3240052095495558,0.8698738483891382,defined,0.04441424526325227,sensitivity_only
id:x%3A0x1.0000000000000p%2B3,9,0.198,1.37672,1.4153547904504442,0.8698738483891382,defined,-0.04441424526325227,sensitivity_only
id:x%3A0x1.0000000000000p%2B3,10,0.22,1.3908,1.3521652095495558,0.8698738483891382,defined,0.04441424526325227,sensitivity_only
id:x%3A0x1.0000000000000p%2B3,11,0.242,1.40488,1.4435147904504442,0.8698738483891382,defined,-0.04441424526325227,sensitivity_only
id:x%3A0x1.0000000000000p%2B3,12,0.264,1.41896,1.3803252095495557,0.8698738483891382,defined,0.04441424526325227,sensitivity_only
id:x%3A0x1.0000000000000p%2B3,13,0.286,1.43304,1.4716747904504444,0.8698738483891382,defined,-0.04441424526325227,sensitivity_only
id:x%3A0x1.0000000000000p%2B3,14,0.308,1.44712,1.4084852095495557,0.8698738483891382,defined,0.04441424526325227,sensitivity_only
id:x%3A0x1.0000000000000p%2B3,15,0.33,1.4612,1.4998347904504443,0.8698738483891382,defined,-0.04441424526325227,sensitivity_only
id:x%3A0x1.0000000000000p%2B3,16,0.352,1.47528,1.4366452095495557,0.8698738483891382,defined,0.04441424526325227,sensitivity_only
id:x%3A0x1.0000000000000p%2B3,17,0.374,1.48936,1.5279947904504443,0.8698738483891382,defined,-0.04441424526325227,sensitivity_only
id:x%3A0x1.0000000000000p%2B3,18,0.396,1.5034399999999999,1.4648052095495556,0.8698738483891382,defined,0.04441424526325227,sensitivity_only
id:x%3A0x1.0000000000000p%2B3,19,0.418,1.51752,1.5561547904504442,0.8698738483891382,defined,-0.04441424526325227,sensitivity_only
id:x%3A0x1.0000000000000p%2B3,20,0.44,1.5316,1.4929652095495558,0.8698738483891382,defined,0.04441424526325227,sensitivity_only
id:x%3A0x1.0000000000000p%2B3,21,0.462,1.54568,1.5843147904504442,0.8698738483891382,defined,-0.04441424526325227,sensitivity_only
id:x%3A0x1.0000000000000p%2B3,22,0.484,1.55976,1.5211252095495558,0.8698738483891382,defined,0.04441424526325227,sensitivity_only
id:x%3A0x1.0000000000000p%2B3,23,0.506,1.5738400000000001,1.6124747904504444,0.8698738483891386,defined,-0.04441424526325227,sensitivity_only
id:x%3A0x1.0000000000000p%2B3,24,0.528,1.58792,1.5492852095495557,0.8698738483891386,defined,0.04441424526325227,sensitivity_only
id:x%3A0x1.0000000000000p%2B3,25,0.55,1.602,1.6406347904504444,0.8698738483891386,defined,-0.04441424526325227,sensitivity_only
id:x%3A0x1.0000000000000p%2B3,26,0.572,1.61608,1.5774452095495557,0.8698738483891386,defined,0.04441424526325227,sensitivity_only
id:x%3A0x1.0000000000000p%2B3,27,0.594,1.63016,1.6687947904504443,0.8698738483891386,defined,-0.04441424526325227,sensitivity_only
id:x%3A0x1.0000000000000p%2B3,28,0.616,1.64424,1.6056052095495557,0.8698738483891386,defined,0.04441424526325227,sensitivity_only
id:x%3A0x1.0000000000000p%2B3,29,0.638,1.65832,1.6969547904504443,0.8698738483891386,defined,-0.04441424526325227,sensitivity_only
id:x%3A0x1.0000000000000p%2B3,30,0.66,1.6724,1.6337652095495558,0.8698738483891386,defined,0.04441424526325227,sensitivity_only
id:x%3A0x1.0000000000000p%2B3,31,0.682,1.68648,1.7251147904504442,0.8698738483891386,defined,-0.04441424526325227,sensitivity_only
id:x%3A0x1.0000000000000p%2B3,32,0.704,1.7005599999999998,1.6619252095495556,0.8698738483891386,defined,0.04441424526325227,sensitivity_only
id:x%3A0x1.0000000000000p%2B3,33,0.726,1.71464,1.7532747904504442,0.8698738483891386,defined,-0.04441424526325227,sensitivity_only
id:x%3A0x1.0000000000000p%2B3,34,0.748,1.72872,1.6900852095495558,0.8698738483891386,defined,0.04441424526325227,sensitivity_only
id:x%3A0x1.0000000000000p%2B3,35,0.77,1.7428,1.7814347904504442,0.8698738483891386,defined,-0.04441424526325227,sensitivity_only
id:x%3A0x1.0000000000000p%2B3,36,0.792,1.75688,1.7182452095495557,0.8698738483891386,defined,0.04441424526325227,sensitivity_only
id:x%3A0x1.0000000000000p%2B3,37,0.814,1.77096,1.8095947904504444,0.8698738483891386,defined,-0.04441424526325227,sensitivity_only
id:x%3A0x1.0000000000000p%2B3,38,0.836,1.78504,1.7464052095495557,0.8698738483891386,defined,0.04441424526325227,sensitivity_only
id:x%3A0x1.0000000000000p%2B3,39,0.858,1.79912,1.8377547904504443,0.8698738483891386,defined,-0.04441424526325227,sensitivity_only
id:x%3A0x1.0000000000000p%2B3,40,0.88,1.8132000000000001,1.7745652095495559,0.8698738483891386,defined,0.04441424526325227,sensitivity_only
id:x%3A0x1.0000000000000p%2B3,41,0.902,1.82728,1.8659147904504443,0.8698738483891386,defined,-0.04441424526325227,sensitivity_only
id:x%3A0x1.0000000000000p%2B3,42,0.924,1.8413599999999999,1.8027252095495556,0.8698738483891386,defined,0.04441424526325227,sensitivity_only
id:x%3A0x1.0000000000000p%2B3,43,0.946,1.85544,1.8940747904504442,0.8698738483891386,defined,-0.04441424526325227,sensitivity_only
id:x%3A0x1.0000000000000p%2B3,44,0.968,1.86952,1.8308852095495558,0.8698738483891386,defined,0.04441424526325227,sensitivity_only
id:x%3A0x1.0000000000000p%2B3,45,0.99,1.8836,1.9222347904504442,0.8698738483891386,defined,-0.04441424526325227,sensitivity_only
id:x%3A0x1.0000000000000p%2B3,46,1.0,1.8900000000000001,1.8513652095495559,0.8698738483891386,defined,0.04441424526325227,sensitivity_only
id:x%3A0x1.0000000000000p%2B3,47,1.012,1.89768,1.9363147904504443,0.8698738483891386,defined,-0.04441424526325227,sensitivity_only
id:x%3A0x1.0000000000000p%2B3,48,1.034,1.9117600000000001,1.8731252095495559,0.8698738483891386,defined,0.04441424526325227,sensitivity_only
id:x%3A0x1.0000000000000p%2B3,49,1.056,1.92584,1.9644747904504443,0.8698738483891386,defined,-0.04441424526325227,sensitivity_only
id:x%3A0x1.0000000000000p%2B3,50,1.078,1.93992,1.9012852095495558,0.8698738483891386,defined,0.04441424526325227,sensitivity_only
id:x%3A0x1.0000000000000p%2B3,51,1.1,1.9540000000000002,1.9926347904504444,0.8698738483891386,defined,-0.04441424526325227,sensitivity_only
id:x%3A0x1.0000000000000p%2B3,52,1.122,1.96808,1.9294452095495558,0.8698738483891386,defined,0.04441424526325227,sensitivity_only
id:x%3A0x1.0000000000000p%2B3,53,1.144,1.98216,2.020794790450444,0.8698738483891386,defined,-0.04441424526325227,sensitivity_only
id:x%3A0x1.0000000000000p%2B3,54,1.166,1.99624,1.9576052095495557,0.8698738483891386,defined,0.04441424526325227,sensitivity_only
id:x%3A0x1.0000000000000p%2B3,55,1.188,2.01032,2.0489547904504444,0.8698738483891386,defined,-0.04441424526325227,sensitivity_only
id:x%3A0x1.0000000000000p%2B3,56,1.21,2.0244,1.9857652095495557,0.8698738483891386,defined,0.04441424526325227,sensitivity_only
id:x%3A0x1.0000000000000p%2B3,57,1.232,2.03848,2.077114790450444,0.8698738483891386,defined,-0.04441424526325227,sensitivity_only
id:x%3A0x1.0000000000000p%2B3,58,1.254,2.05256,2.013925209549556,0.8698738483891386,defined,0.04441424526325227,sensitivity_only
id:x%3A0x1.0000000000000p%2B3,59,1.276,2.06664,2.1052747904504443,0.8698738483891386,defined,-0.04441424526325227,sensitivity_only
id:x%3A0x1.0000000000000p%2B3,60,1.298,2.08072,2.0420852095495556,0.8698738483891386,defined,0.04441424526325227,sensitivity_only
id:x%3A0x1.0000000000000p%2B3,61,1.32,2.0948,2.1334347904504445,0.8698738483891386,defined,-0.04441424526325227,sensitivity_only
id:x%3A0x1.0000000000000p%2B3,62,1.342,2.10888,2.070245209549556,0.8698738483891386,defined,0.04441424526325227,sensitivity_only
id:x%3A0x1.0000000000000p%2B3,63,1.364,2.12296,2.1615947904504442,0.8698738483891386,defined,-0.04441424526325227,sensitivity_only
id:x%3A0x1.0000000000000p%2B3,64,1.386,2.13704,2.0984052095495556,0.8698738483891386,defined,0.04441424526325227,sensitivity_only
id:x%3A0x1.0000000000000p%2B3,65,1.408,2.1511199999999997,2.189754790450444,0.8698738483891386,defined,-0.04441424526325227,sensitivity_only
id:x%3A0x1.0000000000000p%2B3,66,1.43,2.1652,2.1265652095495557,0.8698738483891386,defined,0.04441424526325227,sensitivity_only
id:x%3A0x1.0000000000000p%2B3,67,1.452,2.17928,2.217914790450444,0.8698738483891386,defined,-0.04441424526325227,sensitivity_only
id:x%3A0x1.0000000000000p%2B3,68,1.474,2.19336,2.154725209549556,0.8698738483891386,defined,0.04441424526325227,sensitivity_only
id:x%3A0x1.0000000000000p%2B3,69,1.496,2.20744,2.2460747904504443,0.8698738483891386,defined,-0.04441424526325227,sensitivity_only
id:x%3A0x1.0000000000000p%2B3,70,1.518,2.22152,2.172443374292679,1.1049748884943107,defined,0.04441424526325227,sensitivity_only
id:x%3A0x1.0000000000000p%2B3,71,1.54,2.2356,2.2846766257073208,1.1049748884943107,defined,-0.04441424526325227,sensitivity_only
id:x%3A0x1.0000000000000p%2B3,72,1.562,2.24968,2.200603374292679,1.1049748884943107,defined,0.04441424526325227,sensitivity_only
id:x%3A0x1.0000000000000p%2B3,73,1.584,2.26376,2.312836625707321,1.1049748884943107,defined,-0.04441424526325227,sensitivity_only
id:x%3A0x1.0000000000000p%2B3,74,1.606,2.2778400000000003,2.2287633742926793,1.1049748884943107,defined,0.04441424526325227,sensitivity_only
id:x%3A0x1.0000000000000p%2B3,75,1.628,2.29192,2.340996625707321,1.1049748884943107,defined,-0.04441424526325227,sensitivity_only
id:x%3A0x1.0000000000000p%2B3,76,1.65,2.306,2.256923374292679,1.1049748884943107,defined,0.04441424526325227,sensitivity_only
id:x%3A0x1.0000000000000p%2B3,77,1.672,2.32008,2.369156625707321,1.1049748884943107,defined,-0.04441424526325227,sensitivity_only
id:x%3A0x1.0000000000000p%2B3,78,1.694,2.33416,2.285083374292679,1.1049748884943107,defined,0.04441424526325227,sensitivity_only
id:x%3A0x1.0000000000000p%2B3,79,1.716,2.34824,2.397316625707321,1.1049748884943107,defined,-0.04441424526325227,sensitivity_only
id:x%3A0x1.0000000000000p%2B3,80,1.738,2.36232,2.313243374292679,1.1049748884943107,defined,0.04441424526325227,sensitivity_only
id:x%3A0x1.0000000000000p%2B3,81,1.76,2.3764000000000003,2.4254766257073213,1.1049748884943107,defined,-0.04441424526325227,sensitivity_only
id:x%3A0x1.0000000000000p%2B3,82,1.782,2.39048,2.341403374292679,1.1049748884943107,defined,0.04441424526325227,sensitivity_only
id:x%3A0x1.0000000000000p%2B3,83,1.804,2.40456,2.453636625707321,1.1049748884943107,defined,-0.04441424526325227,sensitivity_only
id:x%3A0x1.0000000000000p%2B3,84,1.826,2.41864,2.369563374292679,1.1049748884943107,defined,0.04441424526325227,sensitivity_only
id:x%3A0x1.0000000000000p%2B3,85,1.848,2.4327199999999998,2.4817966257073207,1.1049748884943107,defined,-0.04441424526325227,sensitivity_only
id:x%3A0x1.0000000000000p%2B3,86,1.87,2.4468,2.397723374292679,1.1049748884943107,defined,0.04441424526325227,sensitivity_only
id:x%3A0x1.0000000000000p%2B3,87,1.892,2.46088,2.509956625707321,1.1049748884943107,defined,-0.04441424526325227,sensitivity_only
id:x%3A0x1.0000000000000p%2B3,88,1.914,2.4749600000000003,2.4258833742926793,1.1049748884943107,defined,0.04441424526325227,sensitivity_only
id:x%3A0x1.0000000000000p%2B3,89,1.936,2.48904,2.538116625707321,1.1049748884943107,defined,-0.04441424526325227,sensitivity_only
id:x%3A0x1.0000000000000p%2B3,90,1.958,2.50312,2.454043374292679,1.1049748884943107,defined,0.04441424526325227,sensitivity_only
id:x%3A0x1.0000000000000p%2B3,91,1.98,2.5172,2.566276625707321,1.1049748884943107,defined,-0.04441424526325227,sensitivity_only
id:x%3A0x1.0000000000000p%2B3,92,2.0,2.5300000000000002,2.4809233742926793,1.1049748884943107,defined,0.04441424526325227,sensitivity_only
id:x%3A0x1.0000000000000p%2B3,93,2.002,2.5312799999999998,2.5803566257073207,1.1049748884943107,defined,-0.04441424526325227,sensitivity_only
id:x%3A0x1.0000000000000p%2B3,94,2.024,2.54536,2.496283374292679,1.1049748884943107,defined,0.04441424526325227,sensitivity_only
id:x%3A0x1.0000000000000p%2B3,95,2.046,2.55944,2.608516625707321,1.1049748884943107,defined,-0.04441424526325227,sensitivity_only
id:x%3A0x1.0000000000000p%2B3,96,2.068,2.5735200000000003,2.5244433742926793,1.1049748884943107,defined,0.04441424526325227,sensitivity_only
id:x%3A0x1.0000000000000p%2B3,97,2.09,2.5876,2.636676625707321,1.1049748884943107,defined,-0.04441424526325227,sensitivity_only
id:x%3A0x1.0000000000000p%2B3,98,2.112,2.60168,2.552603374292679,1.1049748884943107,defined,0.04441424526325227,sensitivity_only
id:x%3A0x1.0000000000000p%2B3,99,2.134,2.61576,2.664836625707321,1.1049748884943107,defined,-0.04441424526325227,sensitivity_only
id:x%3A0x1.0000000000000p%2B3,100,2.156,2.62984,2.580763374292679,1.1049748884943107,defined,0.04441424526325227,sensitivity_only
id:x%3A0x1.0000000000000p%2B3,101,2.178,2.64392,2.692996625707321,1.1049748884943107,defined,-0.04441424526325227,sensitivity_only
id:x%3A0x1.0000000000000p%2B3,102,2.2,2.6580000000000004,2.6089233742926794,1.1049748884943107,defined,0.04441424526325227,sensitivity_only
id:x%3A0x1.0000000000000p%2B3,103,2.222,2.6720800000000002,2.721156625707321,1.1049748884943107,defined,-0.04441424526325227,sensitivity_only
id:x%3A0x1.0000000000000p%2B3,104,2.244,2.68616,2.637083374292679,1.1049748884943107,defined,0.04441424526325227,sensitivity_only
id:x%3A0x1.0000000000000p%2B3,105,2.266,2.70024,2.749316625707321,1.1049748884943107,defined,-0.04441424526325227,sensitivity_only
id:x%3A0x1.0000000000000p%2B3,106,2.288,2.71432,2.665243374292679,1.1049748884943107,defined,0.04441424526325227,sensitivity_only
id:x%3A0x1.0000000000000p%2B3,107,2.31,2.7284,2.777476625707321,1.1049748884943107,defined,-0.04441424526325227,sensitivity_only
id:x%3A0x1.0000000000000p%2B3,108,2.332,2.74248,2.693403374292679,1.1049748884943107,defined,0.04441424526325227,sensitivity_only
id:x%3A0x1.0000000000000p%2B3,109,2.354,2.7565600000000003,2.8056366257073213,1.1049748884943107,defined,-0.04441424526325227,sensitivity_only
id:x%3A0x1.0000000000000p%2B3,110,2.376,2.77064,2.7215633742926792,1.1049748884943107,defined,0.04441424526325227,sensitivity_only
id:x%3A0x1.0000000000000p%2B3,111,2.398,2.78472,2.833796625707321,1.1049748884943107,defined,-0.04441424526325227,sensitivity_only
id:x%3A0x1.0000000000000p%2B3,112,2.42,2.7988,2.749723374292679,1.1049748884943107,defined,0.04441424526325227,sensitivity_only
id:x%3A0x1.0000000000000p%2B3,113,2.442,2.81288,2.861956625707321,1.1049748884943107,defined,-0.04441424526325227,sensitivity_only
id:x%3A0x1.0000000000000p%2B3,114,2.464,2.8269599999999997,2.7778833742926787,1.1049748884943107,defined,0.04441424526325227,sensitivity_only
id:x%3A0x1.0000000000000p%2B3,115,2.486,2.8410400000000005,2.8901166257073214,1.1049748884943107,defined,-0.04441424526325227,sensitivity_only
id:x%3A0x1.0000000000000p%2B3,116,2.508,2.8551200000000003,2.8112642919211175,0.9874243684417244,defined,0.04441424526325227,sensitivity_only
id:x%3A0x1.0000000000000p%2B3,117,2.53,2.8692,2.913055708078883,0.9874243684417244,defined,-0.04441424526325227,sensitivity_only
id:x%3A0x1.0000000000000p%2B3,118,2.552,2.88328,2.8394242919211172,0.9874243684417244,defined,0.04441424526325227,sensitivity_only
id:x%3A0x1.0000000000000p%2B3,119,2.574,2.89736,2.9412157080788828,0.9874243684417244,defined,-0.04441424526325227,sensitivity_only
id:x%3A0x1.0000000000000p%2B3,120,2.596,2.91144,2.867584291921117,0.9874243684417244,defined,0.04441424526325227,sensitivity_only
id:x%3A0x1.0000000000000p%2B3,121,2.618,2.9255199999999997,2.9693757080788825,0.9874243684417244,defined,-0.04441424526325227,sensitivity_only
id:x%3A0x1.0000000000000p%2B3,122,2.64,2.9396000000000004,2.8957442919211176,0.9874243684417244,defined,0.04441424526325227,sensitivity_only
id:x%3A0x1.0000000000000p%2B3,123,2.662,2.9536800000000003,2.997535708078883,0.9874243684417244,defined,-0.04441424526325227,sensitivity_only
id:x%3A0x1.0000000000000p%2B3,124,2.684,2.96776,2.9239042919211173,0.9874243684417244,defined,0.04441424526325227,sensitivity_only
id:x%3A0x1.0000000000000p%2B3,125,2.706,2.98184,3.025695708078883,0.9874243684417244,defined,-0.04441424526325227,sensitivity_only
id:x%3A0x1.0000000000000p%2B3,126,2.728,2.99592,2.952064291921117,0.9874243684417244,defined,0.04441424526325227,sensitivity_only
id:x%3A0x1.0000000000000p%2B3,127,2.75,3.01,3.0538557080788826,0.9874243684417244,defined,-0.04441424526325227,sensitivity_only
id:x%3A0x1.0000000000000p%2B3,128,2.772,3.0240799999999997,2.980224291921117,0.9874243684417244,defined,0.04441424526325227,sensitivity_only
id:x%3A0x1.0000000000000p%2B3,129,2.794,3.03816,3.082015708078883,0.9874243684417244,defined,-0.04441424526325227,sensitivity_only
id:x%3A0x1.0000000000000p%2B3,130,2.816,3.05224,3.008384291921117,0.9874243684417244,defined,0.04441424526325227,sensitivity_only
id:x%3A0x1.0000000000000p%2B3,131,2.838,3.06632,3.110175708078883,0.9874243684417244,defined,-0.04441424526325227,sensitivity_only
id:x%3A0x1.0000000000000p%2B3,132,2.86,3.0804,3.036544291921117,0.9874243684417244,defined,0.04441424526325227,sensitivity_only
id:x%3A0x1.0000000000000p%2B3,133,2.882,3.09448,3.1383357080788827,0.9874243684417244,defined,-0.04441424526325227,sensitivity_only
id:x%3A0x1.0000000000000p%2B3,134,2.904,3.1085599999999998,3.064704291921117,0.9874243684417244,defined,0.04441424526325227,sensitivity_only
id:x%3A0x1.0000000000000p%2B3,135,2.926,3.12264,3.166495708078883,0.9874243684417244,defined,-0.04441424526325227,sensitivity_only
id:x%3A0x1.0000000000000p%2B3,136,2.948,3.13672,3.092864291921117,0.9874243684417244,defined,0.04441424526325227,sensitivity_only
id:x%3A0x1.0000000000000p%2B3,137,2.97,3.1508000000000003,3.194655708078883,0.9874243684417244,defined,-0.04441424526325227,sensitivity_only
id:x%3A0x1.0000000000000p%2B3,138,2.992,3.16488,3.1210242919211173,0.9874243684417244,defined,0.04441424526325227,sensitivity_only
id:x%3A0x1.0000000000000p%2B3,139,3.0,3.17,3.2138557080788828,0.9874243684417244,defined,-0.04441424526325227,sensitivity_only
id:x%3A0x1.0000000000000p%2B3,140,3.014,3.17896,3.135104291921117,0.9874243684417244,defined,0.04441424526325227,sensitivity_only
id:x%3A0x1.0000000000000p%2B3,141,3.036,3.19304,3.2368957080788827,0.9874243684417244,defined,-0.04441424526325227,sensitivity_only
id:x%3A0x1.0000000000000p%2B3,142,3.058,3.2071199999999997,3.163264291921117,0.9874243684417244,defined,0.04441424526325227,sensitivity_only
id:x%3A0x1.0000000000000p%2B3,143,3.08,3.2212,3.265055708078883,0.9874243684417244,defined,-0.04441424526325227,sensitivity_only
id:x%3A0x1.0000000000000p%2B3,144,3.102,3.23528,3.191424291921117,0.9874243684417244,defined,0.04441424526325227,sensitivity_only
id:x%3A0x1.0000000000000p%2B3,145,3.124,3.2493600000000002,3.293215708078883,0.9874243684417244,defined,-0.04441424526325227,sensitivity_only
id:x%3A0x1.0000000000000p%2B3,146,3.146,3.26344,3.2195842919211173,0.9874243684417244,defined,0.04441424526325227,sensitivity_only
id:x%3A0x1.0000000000000p%2B3,147,3.168,3.27752,3.321375708078883,0.9874243684417244,defined,-0.04441424526325227,sensitivity_only
id:x%3A0x1.0000000000000p%2B3,148,3.19,3.2916,3.247744291921117,0.9874243684417244,defined,0.04441424526325227,sensitivity_only
id:x%3A0x1.0000000000000p%2B3,149,3.212,3.30568,3.349535708078883,0.9874243684417244,defined,-0.04441424526325227,sensitivity_only
id:x%3A0x1.0000000000000p%2B3,150,3.234,3.31976,3.275904291921117,0.9874243684417244,defined,0.04441424526325227,sensitivity_only
id:x%3A0x1.0000000000000p%2B3,151,3.256,3.33384,3.3776957080788828,0.9874243684417244,defined,-0.04441424526325227,sensitivity_only
id:x%3A0x1.0000000000000p%2B3,152,3.278,3.3479200000000002,3.3040642919211174,0.9874243684417244,defined,0.04441424526325227,sensitivity_only
id:x%3A0x1.0000000000000p%2B3,153,3.3,3.362,3.405855708078883,0.9874243684417244,defined,-0.04441424526325227,sensitivity_only
id:x%3A0x1.0000000000000p%2B3,154,3.322,3.37608,3.332224291921117,0.9874243684417244,defined,0.04441424526325227,sensitivity_only
id:x%3A0x1.0000000000000p%2B3,155,3.344,3.39016,3.4340157080788827,0.9874243684417244,defined,-0.04441424526325227,sensitivity_only
id:x%3A0x1.0000000000000p%2B3,156,3.366,3.40424,3.3603842919211173,0.9874243684417244,defined,0.04441424526325227,sensitivity_only
id:x%3A0x1.0000000000000p%2B3,157,3.388,3.41832,3.462175708078883,0.9874243684417244,defined,-0.04441424526325227,sensitivity_only
id:x%3A0x1.0000000000000p%2B3,158,3.41,3.4324000000000003,3.3885442919211175,0.9874243684417244,defined,0.04441424526325227,sensitivity_only
id:x%3A0x1.0000000000000p%2B3,159,3.432,3.44648,3.490335708078883,0.9874243684417244,defined,-0.04441424526325227,sensitivity_only
id:x%3A0x1.0000000000000p%2B3,160,3.454,3.46056,3.4167042919211172,0.9874243684417244,defined,0.04441424526325227,sensitivity_only
id:x%3A0x1.0000000000000p%2B3,161,3.476,3.47464,3.518495708078883,0.9874243684417244,defined,-0.04441424526325227,sensitivity_only
id:x%3A0x1.0000000000000p%2B3,162,3.498,3.4887200000000003,3.4448642919211174,0.9874243684417244,defined,0.04441424526325227,sensitivity_only
id:x%3A0x1.0000000000000p%2B3,163,3.52,3.5028,3.5414347904504444,0.8698738483891386,defined,-0.04441424526325227,sensitivity_only
id:x%3A0x1.0000000000000p%2B3,164,3.542,3.51688,3.4782452095495557,0.8698738483891386,defined,0.04441424526325227,sensitivity_only
id:x%3A0x1.0000000000000p%2B3,165,3.564,3.53096,3.569594790450444,0.8698738483891386,defined,-0.04441424526325227,sensitivity_only
id:x%3A0x1.0000000000000p%2B3,166,3.586,3.5450399999999997,3.5064052095495555,0.8698738483891386,defined,0.04441424526325227,sensitivity_only
id:x%3A0x1.0000000000000p%2B3,167,3.608,3.55912,3.5977547904504443,0.8698738483891386,defined,-0.04441424526325227,sensitivity_only
id:x%3A0x1.0000000000000p%2B3,168,3.63,3.5732,3.5345652095495557,0.8698738483891386,defined,0.04441424526325227,sensitivity_only
id:x%3A0x1.0000000000000p%2B3,169,3.652,3.5872800000000002,3.6259147904504445,0.8698738483891386,defined,-0.04441424526325227,sensitivity_only
id:x%3A0x1.0000000000000p%2B3,170,3.674,3.60136,3.562725209549556,0.8698738483891386,defined,0.04441424526325227,sensitivity_only
id:x%3A0x1.0000000000000p%2B3,171,3.696,3.61544,3.6540747904504443,0.8698738483891386,defined,-0.04441424526325227,sensitivity_only
id:x%3A0x1.0000000000000p%2B3,172,3.718,3.62952,3.5908852095495556,0.8698738483891386,defined,0.04441424526325227,sensitivity_only
id:x%3A0x1.0000000000000p%2B3,173,3.74,3.6436,3.6822347904504444,0.8698738483891386,defined,-0.04441424526325227,sensitivity_only
id:x%3A0x1.0000000000000p%2B3,174,3.762,3.65768,3.6190452095495558,0.8698738483891386,defined,0.04441424526325227,sensitivity_only
id:x%3A0x1.0000000000000p%2B3,175,3.784,3.67176,3.710394790450444,0.8698738483891386,defined,-0.04441424526325227,sensitivity_only
id:x%3A0x1.0000000000000p%2B3,176,3.806,3.6858400000000002,3.647205209549556,0.8698738483891386,defined,0.04441424526325227,sensitivity_only
id:x%3A0x1.0000000000000p%2B3,177,3.828,3.69992,3.7385547904504444,0.8698738483891386,defined,-0.04441424526325227,sensitivity_only
id:x%3A0x1.0000000000000p%2B3,178,3.85,3.714,3.6753652095495557,0.8698738483891386,defined,0.04441424526325227,sensitivity_only
id:x%3A0x1.0000000000000p%2B3,179,3.872,3.72808,3.766714790450444,0.8698738483891386,defined,-0.04441424526325227,sensitivity_only
id:x%3A0x1.0000000000000p%2B3,180,3.894,3.74216,3.703525209549556,0.8698738483891386,defined,0.04441424526325227,sensitivity_only
id:x%3A0x1.0000000000000p%2B3,181,3.916,3.75624,3.7948747904504443,0.8698738483891386,defined,-0.04441424526325227,sensitivity_only
id:x%3A0x1.0000000000000p%2B3,182,3.938,3.7703200000000003,3.731685209549556,0.8698738483891386,defined,0.04441424526325227,sensitivity_only
id:x%3A0x1.0000000000000p%2B3,183,3.96,3.7844,3.8230347904504445,0.8698738483891386,defined,-0.04441424526325227,sensitivity_only
id:x%3A0x1.0000000000000p%2B3,184,3.982,3.79848,3.759845209549556,0.8698738483891386,defined,0.04441424526325227,sensitivity_only
id:x%3A0x1.0000000000000p%2B3,185,4.0,3.81,3.8486347904504443,0.8698738483891386,defined,-0.04441424526325227,sensitivity_only
id:x%3A0x1.0000000000000p%2B3,186,4.004,3.81256,3.7739252095495557,0.8698738483891386,defined,0.04441424526325227,sensitivity_only
id:x%3A0x1.0000000000000p%2B3,187,4.026,3.82664,3.865274790450444,0.8698738483891386,defined,-0.04441424526325227,sensitivity_only
id:x%3A0x1.0000000000000p%2B3,188,4.048,3.84072,3.802085209549556,0.8698738483891386,defined,0.04441424526325227,sensitivity_only
id:x%3A0x1.0000000000000p%2B3,189,4.07,3.8548000000000004,3.8934347904504447,0.8698738483891386,defined,-0.04441424526325227,sensitivity_only
id:x%3A0x1.0000000000000p%2B3,190,4.092,3.86888,3.8302452095495556,0.8698738483891386,defined,0.04441424526325227,sensitivity_only
id:x%3A0x1.0000000000000p%2B3,191,4.114,3.88296,3.9215947904504445,0.8698738483891386,defined,-0.04441424526325227,sensitivity_only
id:x%3A0x1.0000000000000p%2B3,192,4.136,3.89704,3.858405209549556,0.8698738483891386,defined,0.04441424526325227,sensitivity_only
id:x%3A0x1.0000000000000p%2B3,193,4.158,3.9111200000000004,3.9497547904504446,0.8698738483891386,defined,-0.04441424526325227,sensitivity_only
id:x%3A0x1.0000000000000p%2B3,194,4.18,3.9252,3.8865652095495555,0.8698738483891386,defined,0.04441424526325227,sensitivity_only
id:x%3A0x1.0000000000000p%2B3,195,4.202,3.93928,3.9779147904504444,0.8698738483891386,defined,-0.04441424526325227,sensitivity_only
id:x%3A0x1.0000000000000p%2B3,196,4.224,3.95336,3.9147252095495557,0.8698738483891386,defined,0.04441424526325227,sensitivity_only
id:x%3A0x1.0000000000000p%2B3,197,4.246,3.9674400000000003,4.006074790450445,0.8698738483891386,defined,-0.04441424526325227,sensitivity_only
id:x%3A0x1.0000000000000p%2B3,198,4.268,3.9815199999999997,3.9428852095495555,0.8698738483891386,defined,0.04441424526325227,sensitivity_only
id:x%3A0x1.0000000000000p%2B3,199,4.29,3.9956,4.034234790450444,0.8698738483891386,defined,-0.04441424526325227,sensitivity_only
id:x%3A0x1.0000000000000p%2B3,200,4.312,4.00968,3.971045209549556,0.8698738483891386,defined,0.04441424526325227,sensitivity_only
id:x%3A0x1.0000000000000p%2B3,201,4.334,4.023759999999999,4.062394790450444,0.8698738483891386,defined,-0.04441424526325227,sensitivity_only
id:x%3A0x1.0000000000000p%2B3,202,4.356,4.03784,3.999205209549556,0.8698738483891386,defined,0.04441424526325227,sensitivity_only
id:x%3A0x1.0000000000000p%2B3,203,4.378,4.05192,4.090554790450445,0.8698738483891386,defined,-0.04441424526325227,sensitivity_only
id:x%3A0x1.0000000000000p%2B3,204,4.4,4.066000000000001,4.027365209549556,0.8698738483891386,defined,0.04441424526325227,sensitivity_only
id:x%3A0x1.0000000000000p%2B3,205,4.422,4.08008,4.118714790450444,0.8698738483891386,defined,-0.04441424526325227,sensitivity_only
id:x%3A0x1.0000000000000p%2B3,206,4.444,4.0941600000000005,4.055525209549556,0.8698738483891386,defined,0.04441424526325227,sensitivity_only
id:x%3A0x1.0000000000000p%2B3,207,4.466,4.10824,4.146874790450445,0.8698738483891386,defined,-0.04441424526325227,sensitivity_only
id:x%3A0x1.0000000000000p%2B3,208,4.488,4.12232,4.0836852095495555,0.8698738483891386,defined,0.04441424526325227,sensitivity_only
id:x%3A0x1.0000000000000p%2B3,209,4.51,4.1364,4.1802557080788825,0.9874243684417244,defined,-0.04441424526325227,sensitivity_only
id:x%3A0x1.0000000000000p%2B3,210,4.532,4.15048,4.1066242919211176,0.9874243684417244,defined,0.04441424526325227,sensitivity_only
id:x%3A0x1.0000000000000p%2B3,211,4.554,4.16456,4.208415708078882,0.9874243684417244,defined,-0.04441424526325227,sensitivity_only
id:x%3A0x1.0000000000000p%2B3,212,4.576,4.17864,4.134784291921117,0.9874243684417244,defined,0.04441424526325227,sensitivity_only
id:x%3A0x1.0000000000000p%2B3,213,4.598,4.19272,4.236575708078882,0.9874243684417244,defined,-0.04441424526325227,sensitivity_only
id:x%3A0x1.0000000000000p%2B3,214,4.62,4.2068,4.162944291921118,0.9874243684417244,defined,0.04441424526325227,sensitivity_only
id:x%3A0x1.0000000000000p%2B3,215,4.642,4.22088,4.264735708078883,0.9874243684417244,defined,-0.04441424526325227,sensitivity_only
id:x%3A0x1.0000000000000p%2B3,216,4.664,4.23496,4.191104291921118,0.9874243684417244,defined,0.04441424526325227,sensitivity_only
id:x%3A0x1.0000000000000p%2B3,217,4.686,4.24904,4.292895708078882,0.9874243684417244,defined,-0.04441424526325227,sensitivity_only
id:x%3A0x1.0000000000000p%2B3,218,4.708,4.263120000000001,4.219264291921118,0.9874243684417244,defined,0.04441424526325227,sensitivity_only
id:x%3A0x1.0000000000000p%2B3,219,4.73,4.277200000000001,4.321055708078883,0.9874243684417244,defined,-0.04441424526325227,sensitivity_only
id:x%3A0x1.0000000000000p%2B3,220,4.752,4.29128,4.247424291921118,0.9874243684417244,defined,0.04441424526325227,sensitivity_only
id:x%3A0x1.0000000000000p%2B3,221,4.774,4.30536,4.349215708078883,0.9874243684417244,defined,-0.04441424526325227,sensitivity_only
id:x%3A0x1.0000000000000p%2B3,222,4.796,4.31944,4.275584291921118,0.9874243684417244,defined,0.04441424526325227,sensitivity_only
id:x%3A0x1.0000000000000p%2B3,223,4.818,4.33352,4.377375708078882,0.9874243684417244,defined,-0.04441424526325227,sensitivity_only
id:x%3A0x1.0000000000000p%2B3,224,4.84,4.3476,4.3037442919211175,0.9874243684417244,defined,0.04441424526325227,sensitivity_only
id:x%3A0x1.0000000000000p%2B3,225,4.862,4.36168,4.405535708078882,0.9874243684417244,defined,-0.04441424526325227,sensitivity_only
id:x%3A0x1.0000000000000p%2B3,226,4.884,4.37576,4.331904291921117,0.9874243684417244,defined,0.04441424526325227,sensitivity_only
id:x%3A0x1.0000000000000p%2B3,227,4.906,4.3898399999999995,4.433695708078882,0.9874243684417244,defined,-0.04441424526325227,sensitivity_only
id:x%3A0x1.0000000000000p%2B3,228,4.928,4.403919999999999,4.360064291921117,0.9874243684417244,defined,0.04441424526325227,sensitivity_only
id:x%3A0x1.0000000000000p%2B3,229,4.95,4.418,4.4618557080788825,0.9874243684417244,defined,-0.04441424526325227,sensitivity_only
id:x%3A0x1.0000000000000p%2B3,230,4.972,4.432080000000001,4.3882242919211185,0.9874243684417244,defined,0.04441424526325227,sensitivity_only
id:x%3A0x1.0000000000000p%2B3,231,4.994,4.44616,4.490015708078882,0.9874243684417244,defined,-0.04441424526325227,sensitivity_only
id:x%3A0x1.0000000000000p%2B3,232,5.0,4.45,4.406144291921118,0.9874243684417244,defined,0.04441424526325227,sensitivity_only
id:x%3A0x1.0000000000000p%2B3,233,5.016,4.460240000000001,4.504095708078883,0.9874243684417244,defined,-0.04441424526325227,sensitivity_only
id:x%3A0x1.0000000000000p%2B3,234,5.038,4.4743200000000005,4.430464291921118,0.9874243684417244,defined,0.04441424526325227,sensitivity_only
id:x%3A0x1.0000000000000p%2B3,235,5.06,4.4884,4.532255708078883,0.9874243684417244,defined,-0.04441424526325227,sensitivity_only
id:x%3A0x1.0000000000000p%2B3,236,5.082,4.50248,4.458624291921118,0.9874243684417244,defined,0.04441424526325227,sensitivity_only
id:x%3A0x1.0000000000000p%2B3,237,5.104,4.51656,4.5604157080788825,0.9874243684417244,defined,-0.04441424526325227,sensitivity_only
id:x%3A0x1.0000000000000p%2B3,238,5.126,4.53064,4.486784291921118,0.9874243684417244,defined,0.04441424526325227,sensitivity_only
id:x%3A0x1.0000000000000p%2B3,239,5.148,4.54472,4.588575708078882,0.9874243684417244,defined,-0.04441424526325227,sensitivity_only
id:x%3A0x1.0000000000000p%2B3,240,5.17,4.5588,4.514944291921117,0.9874243684417244,defined,0.04441424526325227,sensitivity_only
id:x%3A0x1.0000000000000p%2B3,241,5.192,4.57288,4.616735708078882,0.9874243684417244,defined,-0.04441424526325227,sensitivity_only
id:x%3A0x1.0000000000000p%2B3,242,5.214,4.58696,4.543104291921118,0.9874243684417244,defined,0.04441424526325227,sensitivity_only
id:x%3A0x1.0000000000000p%2B3,243,5.236,4.601039999999999,4.644895708078882,0.9874243684417244,defined,-0.04441424526325227,sensitivity_only
id:x%3A0x1.0000000000000p%2B3,244,5.258,4.61512,4.571264291921118,0.9874243684417244,defined,0.04441424526325227,sensitivity_only
id:x%3A0x1.0000000000000p%2B3,245,5.28,4.629200000000001,4.673055708078883,0.9874243684417244,defined,-0.04441424526325227,sensitivity_only
id:x%3A0x1.0000000000000p%2B3,246,5.302,4.64328,4.5994242919211175,0.9874243684417244,defined,0.04441424526325227,sensitivity_only
id:x%3A0x1.0000000000000p%2B3,247,5.324,4.657360000000001,4.701215708078883,0.9874243684417244,defined,-0.04441424526325227,sensitivity_only
id:x%3A0x1.0000000000000p%2B3,248,5.346,4.6714400000000005,4.627584291921118,0.9874243684417244,defined,0.04441424526325227,sensitivity_only
id:x%3A0x1.0000000000000p%2B3,249,5.368,4.68552,4.729375708078883,0.9874243684417244,defined,-0.04441424526325227,sensitivity_only
id:x%3A0x1.0000000000000p%2B3,250,5.39,4.6996,4.655744291921118,0.9874243684417244,defined,0.04441424526325227,sensitivity_only
id:x%3A0x1.0000000000000p%2B3,251,5.412,4.71368,4.7575357080788825,0.9874243684417244,defined,-0.04441424526325227,sensitivity_only
id:x%3A0x1.0000000000000p%2B3,252,5.434,4.72776,4.683904291921118,0.9874243684417244,defined,0.04441424526325227,sensitivity_only
id:x%3A0x1.0000000000000p%2B3,253,5.456,4.74184,4.785695708078882,0.9874243684417244,defined,-0.04441424526325227,sensitivity_only
id:x%3A0x1.0000000000000p%2B3,254,5.478,4.75592,4.712064291921117,0.9874243684417244,defined,0.04441424526325227,sensitivity_only
id:x%3A0x1.0000000000000p%2B3,255,5.5,4.77,4.813855708078882,0.9874243684417244,defined,-0.04441424526325227,sensitivity_only
id:x%3A0x1.0000000000000p%2B3,256,5.522,4.78408,4.745445209549556,0.8698738483891382,defined,0.04441424526325227,sensitivity_only
id:x%3A0x1.0000000000000p%2B3,257,5.544,4.798159999999999,4.836794790450444,0.8698738483891382,defined,-0.04441424526325227,sensitivity_only
id:x%3A0x1.0000000000000p%2B3,258,5.566,4.81224,4.773605209549555,0.8698738483891382,defined,0.04441424526325227,sensitivity_only
id:x%3A0x1.0000000000000p%2B3,259,5.588,4.82632,4.864954790450445,0.8698738483891382,defined,-0.04441424526325227,sensitivity_only
id:x%3A0x1.0000000000000p%2B3,260,5.61,4.840400000000001,4.801765209549556,0.8698738483891382,defined,0.04441424526325227,sensitivity_only
id:x%3A0x1.0000000000000p%2B3,261,5.632,4.85448,4.893114790450444,0.8698738483891382,defined,-0.04441424526325227,sensitivity_only
id:x%3A0x1.0000000000000p%2B3,262,5.654,4.86856,4.829925209549556,0.8698738483891382,defined,0.04441424526325227,sensitivity_only
id:x%3A0x1.0000000000000p%2B3,263,5.676,4.88264,4.921274790450445,0.8698738483891382,defined,-0.04441424526325227,sensitivity_only
id:x%3A0x1.0000000000000p%2B3,264,5.698,4.89672,4.8580852095495555,0.8698738483891382,defined,0.04441424526325227,sensitivity_only
id:x%3A0x1.0000000000000p%2B3,265,5.72,4.9108,4.949434790450445,0.8698738483891382,defined,-0.04441424526325227,sensitivity_only
id:x%3A0x1.0000000000000p%2B3,266,5.742,4.92488,4.886245209549555,0.8698738483891382,defined,0.04441424526325227,sensitivity_only
id:x%3A0x1.0000000000000p%2B3,267,5.764,4.93896,4.9775947904504445,0.8698738483891382,defined,-0.04441424526325227,sensitivity_only
id:x%3A0x1.0000000000000p%2B3,268,5.786,4.95304,4.914405209549555,0.8698738483891382,defined,0.04441424526325227,sensitivity_only
id:x%3A0x1.0000000000000p%2B3,269,5.808,4.9671199999999995,5.005754790450444,0.8698738483891382,defined,-0.04441424526325227,sensitivity_only
id:x%3A0x1.0000000000000p%2B3,270,5.83,4.9812,4.942565209549556,0.8698738483891382,defined,0.04441424526325227,sensitivity_only
id:x%3A0x1.0000000000000p%2B3,271,5.852,4.99528,5.033914790450445,0.8698738483891382,defined,-0.04441424526325227,sensitivity_only
id:x%3A0x1.0000000000000p%2B3,272,5.874,5.00936,4.970725209549555,0.8698738483891382,defined,0.04441424526325227,sensitivity_only
id:x%3A0x1.0000000000000p%2B3,273,5.896,5.02344,5.062074790450445,0.8698738483891382,defined,-0.04441424526325227,sensitivity_only
id:x%3A0x1.0000000000000p%2B3,274,5.918,5.037520000000001,4.998885209549556,0.8698738483891382,defined,0.04441424526325227,sensitivity_only
id:x%3A0x1.0000000000000p%2B3,275,5.94,5.0516000000000005,5.090234790450445,0.8698738483891382,defined,-0.04441424526325227,sensitivity_only
id:x%3A0x1.0000000000000p%2B3,276,5.962,5.06568,5.027045209549556,0.8698738483891382,defined,0.04441424526325227,sensitivity_only
id:x%3A0x1.0000000000000p%2B3,277,5.984,5.07976,5.118394790450445,0.8698738483891382,defined,-0.04441424526325227,sensitivity_only
id:x%3A0x1.0000000000000p%2B3,278,6.0,5.09,5.051365209549555,0.8698738483891382,defined,0.04441424526325227,sensitivity_only
id:x%3A0x1.0000000000000p%2B3,279,6.006,5.09384,5.132474790450445,0.8698738483891382,defined,-0.04441424526325227,sensitivity_only
id:x%3A0x1.0000000000000p%2B3,280,6.028,5.10792,5.069285209549555,0.8698738483891382,defined,0.04441424526325227,sensitivity_only
id:x%3A0x1.0000000000000p%2B3,281,6.05,5.122,5.160634790450445,0.8698738483891382,defined,-0.04441424526325227,sensitivity_only
id:x%3A0x1.0000000000000p%2B3,282,6.072,5.13608,5.097445209549555,0.8698738483891382,defined,0.04441424526325227,sensitivity_only
id:x%3A0x1.0000000000000p%2B3,283,6.094,5.15016,5.188794790450444,0.8698738483891382,defined,-0.04441424526325227,sensitivity_only
id:x%3A0x1.0000000000000p%2B3,284,6.116,5.1642399999999995,5.125605209549555,0.8698738483891382,defined,0.04441424526325227,sensitivity_only
id:x%3A0x1.0000000000000p%2B3,285,6.138,5.178319999999999,5.216954790450444,0.8698738483891382,defined,-0.04441424526325227,sensitivity_only
id:x%3A0x1.0000000000000p%2B3,286,6.16,5.1924,5.153765209549555,0.8698738483891382,defined,0.04441424526325227,sensitivity_only
id:x%3A0x1.0000000000000p%2B3,287,6.182,5.206480000000001,5.245114790450446,0.8698738483891382,defined,-0.04441424526325227,sensitivity_only
id:x%3A0x1.0000000000000p%2B3,288,6.204,5.22056,5.181925209549555,0.8698738483891382,defined,0.04441424526325227,sensitivity_only
id:x%3A0x1.0000000000000p%2B3,289,6.226,5.234640000000001,5.273274790450445,0.8698738483891382,defined,-0.04441424526325227,sensitivity_only
id:x%3A0x1.0000000000000p%2B3,290,6.248,5.2487200000000005,5.210085209549556,0.8698738483891382,defined,0.04441424526325227,sensitivity_only
id:x%3A0x1.0000000000000p%2B3,291,6.27,5.2627999999999995,5.301434790450444,0.8698738483891382,defined,-0.04441424526325227,sensitivity_only
id:x%3A0x1.0000000000000p%2B3,292,6.292,5.27688,5.2382452095495555,0.8698738483891382,defined,0.04441424526325227,sensitivity_only
id:x%3A0x1.0000000000000p%2B3,293,6.314,5.29096,5.329594790450445,0.8698738483891382,defined,-0.04441424526325227,sensitivity_only
id:x%3A0x1.0000000000000p%2B3,294,6.336,5.30504,5.266405209549555,0.8698738483891382,defined,0.04441424526325227,sensitivity_only
id:x%3A0x1.0000000000000p%2B3,295,6.358,5.31912,5.357754790450445,0.8698738483891382,defined,-0.04441424526325227,sensitivity_only
id:x%3A0x1.0000000000000p%2B3,296,6.38,5.3332,5.294565209549555,0.8698738483891382,defined,0.04441424526325227,sensitivity_only
id:x%3A0x1.0000000000000p%2B3,297,6.402,5.3472800000000005,5.385914790450445,0.8698738483891382,defined,-0.04441424526325227,sensitivity_only
id:x%3A0x1.0000000000000p%2B3,298,6.424,5.36136,5.322725209549556,0.8698738483891382,defined,0.04441424526325227,sensitivity_only
id:x%3A0x1.0000000000000p%2B3,299,6.446,5.37544,5.414074790450445,0.8698738483891382,defined,-0.04441424526325227,sensitivity_only
id:x%3A0x1.0000000000000p%2B3,300,6.468,5.38952,5.350885209549555,0.8698738483891382,defined,0.04441424526325227,sensitivity_only
id:x%3A0x1.0000000000000p%2B3,301,6.49,5.4036,5.442234790450445,0.8698738483891382,defined,-0.04441424526325227,sensitivity_only
id:x%3A0x1.0000000000000p%2B3,302,6.512,5.41768,5.380178259758281,0.8443628844628325,defined,0.04441424526325227,sensitivity_only
id:x%3A0x1.0000000000000p%2B3,303,6.534,5.43176,5.469261740241719,0.8443628844628325,defined,-0.04441424526325227,sensitivity_only
id:x%3A0x1.0000000000000p%2B3,304,6.556,5.4458400000000005,5.408338259758281,0.8443628844628325,defined,0.04441424526325227,sensitivity_only
id:x%3A0x1.0000000000000p%2B3,305,6.578,5.45992,5.49742174024172,0.8443628844628325,defined,-0.04441424526325227,sensitivity_only
id:x%3A0x1.0000000000000p%2B3,306,6.6,5.474,5.436498259758281,0.8443628844628325,defined,0.04441424526325227,sensitivity_only
id:x%3A0x1.0000000000000p%2B3,307,6.622,5.48808,5.525581740241719,0.8443628844628325,defined,-0.04441424526325227,sensitivity_only
id:x%3A0x1.0000000000000p%2B3,308,6.644,5.50216,5.464658259758281,0.8443628844628325,defined,0.04441424526325227,sensitivity_only
id:x%3A0x1.0000000000000p%2B3,309,6.666,5.516240000000001,5.55374174024172,0.8443628844628325,defined,-0.04441424526325227,sensitivity_only
id:x%3A0x1.0000000000000p%2B3,310,6.688,5.53032,5.49281825975828,0.8443628844628325,defined,0.04441424526325227,sensitivity_only
id:x%3A0x1.0000000000000p%2B3,311,6.71,5.5444,5.58190174024172,0.8443628844628325,defined,-0.04441424526325227,sensitivity_only
id:x%3A0x1.0000000000000p%2B3,312,6.732,5.55848,5.520978259758281,0.8443628844628325,defined,0.04441424526325227,sensitivity_only
id:x%3A0x1.0000000000000p%2B3,313,6.754,5.57256,5.610061740241719,0.8443628844628325,defined,-0.04441424526325227,sensitivity_only
id:x%3A0x1.0000000000000p%2B3,314,6.776,5.58664,5.549138259758281,0.8443628844628325,defined,0.04441424526325227,sensitivity_only
id:x%3A0x1.0000000000000p%2B3,315,6.798,5.60072,5.638221740241719,0.8443628844628325,defined,-0.04441424526325227,sensitivity_only
id:x%3A0x1.0000000000000p%2B3,316,6.82,5.614800000000001,5.577298259758281,0.8443628844628325,defined,0.04441424526325227,sensitivity_only
id:x%3A0x1.0000000000000p%2B3,317,6.842,5.62888,5.666381740241719,0.8443628844628325,defined,-0.04441424526325227,sensitivity_only
id:x%3A0x1.0000000000000p%2B3,318,6.864,5.64296,5.605458259758281,0.8443628844628325,defined,0.04441424526325227,sensitivity_only
id:x%3A0x1.0000000000000p%2B3,319,6.886,5.65704,5.6945417402417196,0.8443628844628325,defined,-0.04441424526325227,sensitivity_only
id:x%3A0x1.0000000000000p%2B3,320,6.908,5.67112,5.633618259758281,0.8443628844628325,defined,0.04441424526325227,sensitivity_only
id:x%3A0x1.0000000000000p%2B3,321,6.93,5.6852,5.722701740241719,0.8443628844628325,defined,-0.04441424526325227,sensitivity_only
id:x%3A0x1.0000000000000p%2B3,322,6.952,5.69928,5.661778259758281,0.8443628844628325,defined,0.04441424526325227,sensitivity_only
id:x%3A0x1.0000000000000p%2B3,323,6.974,5.713360000000001,5.75086174024172,0.8443628844628325,defined,-0.04441424526325227,sensitivity_only
id:x%3A0x1.0000000000000p%2B3,324,6.996,5.7274400000000005,5.689938259758281,0.8443628844628325,defined,0.04441424526325227,sensitivity_only
id:x%3A0x1.0000000000000p%2B3,325,7.0,5.73,5.76750174024172,0.8443628844628325,defined,-0.04441424526325227,sensitivity_only
id:x%3A0x1.0000000000000p%2B3,326,7.018,5.74152,5.704018259758281,0.8443628844628325,defined,0.04441424526325227,sensitivity_only
id:x%3A0x1.0000000000000p%2B3,327,7.04,5.7556,5.7931017402417195,0.8443628844628325,defined,-0.04441424526325227,sensitivity_only
id:x%3A0x1.0000000000000p%2B3,328,7.062,5.76968,5.732178259758281,0.8443628844628325,defined,0.04441424526325227,sensitivity_only
id:x%3A0x1.0000000000000p%2B3,329,7.084,5.78376,5.821261740241719,0.8443628844628325,defined,-0.04441424526325227,sensitivity_only
id:x%3A0x1.0000000000000p%2B3,330,7.106,5.79784,5.760338259758281,0.8443628844628325,defined,0.04441424526325227,sensitivity_only
id:x%3A0x1.0000000000000p%2B3,331,7.128,5.81192,5.849421740241719,0.8443628844628325,defined,-0.04441424526325227,sensitivity_only
id:x%3A0x1.0000000000000p%2B3,332,7.15,5.8260000000000005,5.788498259758281,0.8443628844628325,defined,0.04441424526325227,sensitivity_only
id:x%3A0x1.0000000000000p%2B3,333,7.172,5.8400799999999995,5.877581740241719,0.8443628844628325,defined,-0.04441424526325227,sensitivity_only
id:x%3A0x1.0000000000000p%2B3,334,7.194,5.85416,5.816658259758281,0.8443628844628325,defined,0.04441424526325227,sensitivity_only
id:x%3A0x1.0000000000000p%2B3,335,7.216,5.86824,5.905741740241719,0.8443628844628325,defined,-0.04441424526325227,sensitivity_only
id:x%3A0x1.0000000000000p%2B3,336,7.238,5.88232,5.844818259758281,0.8443628844628325,defined,0.04441424526325227,sensitivity_only
id:x%3A0x1.0000000000000p%2B3,337,7.26,5.8964,5.933901740241719,0.8443628844628325,defined,-0.04441424526325227,sensitivity_only
id:x%3A0x1.0000000000000p%2B3,338,7.282,5.91048,5.8729782597582805,0.8443628844628325,defined,0.04441424526325227,sensitivity_only
id:x%3A0x1.0000000000000p%2B3,339,7.304,5.9245600000000005,5.96206174024172,0.8443628844628325,defined,-0.04441424526325227,sensitivity_only
id:x%3A0x1.0000000000000p%2B3,340,7.326,5.9386399999999995,5.90113825975828,0.8443628844628325,defined,0.04441424526325227,sensitivity_only
id:x%3A0x1.0000000000000p%2B3,341,7.348,5.95272,5.9902217402417195,0.8443628844628325,defined,-0.04441424526325227,sensitivity_only
id:x%3A0x1.0000000000000p%2B3,342,7.37,5.9668,5.929298259758281,0.8443628844628325,defined,0.04441424526325227,sensitivity_only
id:x%3A0x1.0000000000000p%2B3,343,7.392,5.98088,6.018381740241719,0.8443628844628325,defined,-0.04441424526325227,sensitivity_only
id:x%3A0x1.0000000000000p%2B3,344,7.414,5.99496,5.957458259758281,0.8443628844628325,defined,0.04441424526325227,sensitivity_only
id:x%3A0x1.0000000000000p%2B3,345,7.436,6.00904,6.046541740241719,0.8443628844628325,defined,-0.04441424526325227,sensitivity_only
id:x%3A0x1.0000000000000p%2B3,346,7.458,6.0231200000000005,5.985618259758281,0.8443628844628325,defined,0.04441424526325227,sensitivity_only
id:x%3A0x1.0000000000000p%2B3,347,7.48,6.0372,6.07470174024172,0.8443628844628325,defined,-0.04441424526325227,sensitivity_only
id:x%3A0x1.0000000000000p%2B3,348,7.502,6.05128,6.015653390872939,0.8021437472571021,defined,0.04441424526325227,sensitivity_only
id:x%3A0x1.0000000000000p%2B3,349,7.524,6.06536,6.1009866091270615,0.8021437472571021,defined,-0.04441424526325227,sensitivity_only
id:x%3A0x1.0000000000000p%2B3,350,7.546,6.07944,6.043813390872939,0.8021437472571021,defined,0.04441424526325227,sensitivity_only
id:x%3A0x1.0000000000000p%2B3,351,7.568,6.09352,6.129146609127061,0.8021437472571021,defined,-0.04441424526325227,sensitivity_only
id:x%3A0x1.0000000000000p%2B3,352,7.59,6.1076,6.071973390872938,0.8021437472571021,defined,0.04441424526325227,sensitivity_only
id:x%3A0x1.0000000000000p%2B3,353,7.612,6.1216800000000005,6.157306609127062,0.8021437472571021,defined,-0.04441424526325227,sensitivity_only
id:x%3A0x1.0000000000000p%2B3,354,7.634,6.13576,6.100133390872939,0.8021437472571021,defined,0.04441424526325227,sensitivity_only
id:x%3A0x1.0000000000000p%2B3,355,7.656,6.14984,6.185466609127062,0.8021437472571021,defined,-0.04441424526325227,sensitivity_only
id:x%3A0x1.0000000000000p%2B3,356,7.678,6.16392,6.128293390872939,0.8021437472571021,defined,0.04441424526325227,sensitivity_only
id:x%3A0x1.0000000000000p%2B3,357,7.7,6.178,6.213626609127061,0.8021437472571021,defined,-0.04441424526325227,sensitivity_only
id:x%3A0x1.0000000000000p%2B3,358,7.722,6.192080000000001,6.156453390872939,0.8021437472571021,defined,0.04441424526325227,sensitivity_only
id:x%3A0x1.0000000000000p%2B3,359,7.744,6.20616,6.241786609127061,0.8021437472571021,defined,-0.04441424526325227,sensitivity_only
id:x%3A0x1.0000000000000p%2B3,360,7.766,6.22024,6.184613390872939,0.8021437472571021,defined,0.04441424526325227,sensitivity_only
id:x%3A0x1.0000000000000p%2B3,361,7.788,6.23432,6.269946609127062,0.8021437472571021,defined,-0.04441424526325227,sensitivity_only
id:x%3A0x1.0000000000000p%2B3,362,7.81,6.2484,6.212773390872939,0.8021437472571021,defined,0.04441424526325227,sensitivity_only
id:x%3A0x1.0000000000000p%2B3,363,7.832,6.26248,6.298106609127061,0.8021437472571021,defined,-0.04441424526325227,sensitivity_only
id:x%3A0x1.0000000000000p%2B3,364,7.854,6.27656,6.2409333908729385,0.8021437472571021,defined,0.04441424526325227,sensitivity_only
id:x%3A0x1.0000000000000p%2B3,365,7.876,6.290640000000001,6.326266609127062,0.8021437472571021,defined,-0.04441424526325227,sensitivity_only
id:x%3A0x1.0000000000000p%2B3,366,7.898,6.30472,6.269093390872938,0.8021437472571021,defined,0.04441424526325227,sensitivity_only
id:x%3A0x1.0000000000000p%2B3,367,7.92,6.3188,6.354426609127062,0.8021437472571021,defined,-0.04441424526325227,sensitivity_only
id:x%3A0x1.0000000000000p%2B3,368,7.942,6.33288,6.297253390872939,0.8021437472571021,defined,0.04441424526325227,sensitivity_only
id:x%3A0x1.0000000000000p%2B3,369,7.964,6.34696,6.3825866091270615,0.8021437472571021,defined,-0.04441424526325227,sensitivity_only
id:x%3A0x1.0000000000000p%2B3,370,7.986,6.36104,6.325413390872939,0.8021437472571021,defined,0.04441424526325227,sensitivity_only
id:x%3A0x1.0000000000000p%2B3,371,8.0,6.37,6.4056266091270615,0.8021437472571021,defined,-0.04441424526325227,sensitivity_only
id:x%3A0x1.0000000000000p%2B3,372,8.008,6.37512,6.3394933908729385,0.8021437472571021,defined,0.04441424526325227,sensitivity_only
id:x%3A0x1.0000000000000p%2B3,373,8.03,6.3892,6.424826609127061,0.8021437472571021,defined,-0.04441424526325227,sensitivity_only
id:x%3A0x1.0000000000000p%2B3,374,8.052,6.40328,6.367653390872938,0.8021437472571021,defined,0.04441424526325227,sensitivity_only
id:x%3A0x1.0000000000000p%2B3,375,8.074,6.41736,6.452986609127062,0.8021437472571021,defined,-0.04441424526325227,sensitivity_only
id:x%3A0x1.0000000000000p%2B3,376,8.096,6.43144,6.395813390872939,0.8021437472571021,defined,0.04441424526325227,sensitivity_only
id:x%3A0x1.0000000000000p%2B3,377,8.118,6.44552,6.4811466091270615,0.8021437472571021,defined,-0.04441424526325227,sensitivity_only
id:x%3A0x1.0000000000000p%2B3,378,8.14,6.459600000000001,6.4239733908729395,0.8021437472571021,defined,0.04441424526325227,sensitivity_only
id:x%3A0x1.0000000000000p%2B3,379,8.162,6.473680000000001,6.509306609127062,0.8021437472571021,defined,-0.04441424526325227,sensitivity_only
id:x%3A0x1.0000000000000p%2B3,380,8.184,6.48776,6.452133390872938,0.8021437472571021,defined,0.04441424526325227,sensitivity_only
id:x%3A0x1.0000000000000p%2B3,381,8.206,6.50184,6.537466609127061,0.8021437472571021,defined,-0.04441424526325227,sensitivity_only
id:x%3A0x1.0000000000000p%2B3,382,8.228,6.51592,6.480293390872939,0.8021437472571021,defined,0.04441424526325227,sensitivity_only
id:x%3A0x1.0000000000000p%2B3,383,8.25,6.53,6.565626609127062,0.8021437472571021,defined,-0.04441424526325227,sensitivity_only
id:x%3A0x1.0000000000000p%2B3,384,8.272,6.54408,6.508453390872939,0.8021437472571021,defined,0.04441424526325227,sensitivity_only
id:x%3A0x1.0000000000000p%2B3,385,8.294,6.55816,6.593786609127061,0.8021437472571021,defined,-0.04441424526325227,sensitivity_only
id:x%3A0x1.0000000000000p%2B3,386,8.316,6.572240000000001,6.536613390872939,0.8021437472571021,defined,0.04441424526325227,sensitivity_only
id:x%3A0x1.0000000000000p%2B3,387,8.338,6.58632,6.621946609127061,0.8021437472571021,defined,-0.04441424526325227,sensitivity_only
id:x%3A0x1.0000000000000p%2B3,388,8.36,6.6004,6.564773390872938,0.8021437472571021,defined,0.04441424526325227,sensitivity_only
id:x%3A0x1.0000000000000p%2B3,389,8.382,6.6144799999999995,6.650106609127061,0.8021437472571021,defined,-0.04441424526325227,sensitivity_only
id:x%3A0x1.0000000000000p%2B3,390,8.404,6.62856,6.592933390872939,0.8021437472571021,defined,0.04441424526325227,sensitivity_only
id:x%3A0x1.0000000000000p%2B3,391,8.426,6.64264,6.6782666091270615,0.8021437472571021,defined,-0.04441424526325227,sensitivity_only
id:x%3A0x1.0000000000000p%2B3,392,8.448,6.65672,6.621093390872939,0.8021437472571021,defined,0.04441424526325227,sensitivity_only
id:x%3A0x1.0000000000000p%2B3,393,8.47,6.670800000000001,6.706426609127062,0.8021437472571021,defined,-0.04441424526325227,sensitivity_only
id:x%3A0x1.0000000000000p%2B3,394,8.492,6.684880000000001,6.649253390872939,0.8021437472571021,defined,0.04441424526325227,sensitivity_only
id:x%3A0x1.0000000000000p%2B3,395,8.514,6.69896,6.73079654432631,0.7168093060595385,defined,-0.04441424526325227,sensitivity_only
id:x%3A0x1.0000000000000p%2B3,396,8.536,6.7130399999999995,6.681203455673689,0.7168093060595385,defined,0.04441424526325227,sensitivity_only
id:x%3A0x1.0000000000000p%2B3,397,8.558,6.72712,6.758956544326311,0.7168093060595385,defined,-0.04441424526325227,sensitivity_only
id:x%3A0x1.0000000000000p%2B3,398,8.58,6.7412,6.70936345567369,0.7168093060595385,defined,0.04441424526325227,sensitivity_only
id:x%3A0x1.0000000000000p%2B3,399,8.602,6.75528,6.78711654432631,0.7168093060595385,defined,-0.04441424526325227,sensitivity_only
id:x%3A0x1.0000000000000p%2B3,400,8.624,6.769360000000001,6.73752345567369,0.7168093060595385,defined,0.04441424526325227,sensitivity_only
id:x%3A0x1.0000000000000p%2B3,401,8.646,6.783440000000001,6.815276544326311,0.7168093060595385,defined,-0.04441424526325227,sensitivity_only
id:x%3A0x1.0000000000000p%2B3,402,8.668,6.79752,6.765683455673689,0.7168093060595385,defined,0.04441424526325227,sensitivity_only
id:x%3A0x1.0000000000000p%2B3,403,8.69,6.811599999999999,6.84343654432631,0.7168093060595385,defined,-0.04441424526325227,sensitivity_only
id:x%3A0x1.0000000000000p%2B3,404,8.712,6.82568,6.79384345567369,0.7168093060595385,defined,0.04441424526325227,sensitivity_only
id:x%3A0x1.0000000000000p%2B3,405,8.734,6.83976,6.8715965443263105,0.7168093060595385,defined,-0.04441424526325227,sensitivity_only
id:x%3A0x1.0000000000000p%2B3,406,8.756,6.85384,6.8220034556736895,0.7168093060595385,defined,0.04441424526325227,sensitivity_only
id:x%3A0x1.0000000000000p%2B3,407,8.778,6.867920000000001,6.899756544326311,0.7168093060595385,defined,-0.04441424526325227,sensitivity_only
id:x%3A0x1.0000000000000p%2B3,408,8.8,6.882000000000001,6.85016345567369,0.7168093060595385,defined,0.04441424526325227,sensitivity_only
id:x%3A0x1.0000000000000p%2B3,409,8.822,6.8960799999999995,6.92791654432631,0.7168093060595385,defined,-0.04441424526325227,sensitivity_only
id:x%3A0x1.0000000000000p%2B3,410,8.844,6.910159999999999,6.878323455673689,0.7168093060595385,defined,0.04441424526325227,sensitivity_only
id:x%3A0x1.0000000000000p%2B3,411,8.866,6.92424,6.956076544326311,0.7168093060595385,defined,-0.04441424526325227,sensitivity_only
id:x%3A0x1.0000000000000p%2B3,412,8.888,6.93832,6.90648345567369,0.7168093060595385,defined,0.04441424526325227,sensitivity_only
id:x%3A0x1.0000000000000p%2B3,413,8.91,6.9524,6.98423654432631,0.7168093060595385,defined,-0.04441424526325227,sensitivity_only
id:x%3A0x1.0000000000000p%2B3,414,8.932,6.966480000000001,6.93464345567369,0.7168093060595385,defined,0.04441424526325227,sensitivity_only
id:x%3A0x1.0000000000000p%2B3,415,8.954,6.9805600000000005,7.012396544326311,0.7168093060595385,defined,-0.04441424526325227,sensitivity_only
id:x%3A0x1.0000000000000p%2B3,416,8.976,6.99464,6.96280345567369,0.7168093060595385,defined,0.04441424526325227,sensitivity_only
id:x%3A0x1.0000000000000p%2B3,417,8.998,7.008719999999999,7.04055654432631,0.7168093060595385,defined,-0.04441424526325227,sensitivity_only
id:x%3A0x1.0000000000000p%2B3,418,9.0,7.01,6.978163455673689,0.7168093060595385,defined,0.04441424526325227,sensitivity_only
id:x%3A0x1.0000000000000p%2B3,419,9.02,7.0228,7.054636544326311,0.7168093060595385,defined,-0.04441424526325227,sensitivity_only
id:x%3A0x1.0000000000000p%2B3,420,9.042,7.03688,7.00504345567369,0.7168093060595385,defined,0.04441424526325227,sensitivity_only
id:x%3A0x1.0000000000000p%2B3,421,9.064,7.05096,7.08279654432631,0.7168093060595385,defined,-0.04441424526325227,sensitivity_only
id:x%3A0x1.0000000000000p%2B3,422,9.086,7.065040000000001,7.03320345567369,0.7168093060595385,defined,0.04441424526325227,sensitivity_only
id:x%3A0x1.0000000000000p%2B3,423,9.108,7.0791200000000005,7.110956544326311,0.7168093060595385,defined,-0.04441424526325227,sensitivity_only
id:x%3A0x1.0000000000000p%2B3,424,9.13,7.0932,7.06136345567369,0.7168093060595385,defined,0.04441424526325227,sensitivity_only
id:x%3A0x1.0000000000000p%2B3,425,9.152,7.107279999999999,7.13911654432631,0.7168093060595385,defined,-0.04441424526325227,sensitivity_only
id:x%3A0x1.0000000000000p%2B3,426,9.174,7.12136,7.08952345567369,0.7168093060595385,defined,0.04441424526325227,sensitivity_only
id:x%3A0x1.0000000000000p%2B3,427,9.196,7.13544,7.1672765443263105,0.7168093060595385,defined,-0.04441424526325227,sensitivity_only
id:x%3A0x1.0000000000000p%2B3,428,9.218,7.14952,7.117683455673689,0.7168093060595385,defined,0.04441424526325227,sensitivity_only
id:x%3A0x1.0000000000000p%2B3,429,9.24,7.163600000000001,7.195436544326311,0.7168093060595385,defined,-0.04441424526325227,sensitivity_only
id:x%3A0x1.0000000000000p%2B3,430,9.262,7.1776800000000005,7.14584345567369,0.7168093060595385,defined,0.04441424526325227,sensitivity_only
id:x%3A0x1.0000000000000p%2B3,431,9.284,7.19176,7.223596544326311,0.7168093060595385,defined,-0.04441424526325227,sensitivity_only
id:x%3A0x1.0000000000000p%2B3,432,9.306,7.205839999999999,7.174003455673689,0.7168093060595385,defined,0.04441424526325227,sensitivity_only
id:x%3A0x1.0000000000000p%2B3,433,9.328,7.21992,7.251756544326311,0.7168093060595385,defined,-0.04441424526325227,sensitivity_only
id:x%3A0x1.0000000000000p%2B3,434,9.35,7.234,7.2021634556736895,0.7168093060595385,defined,0.04441424526325227,sensitivity_only
id:x%3A0x1.0000000000000p%2B3,435,9.372,7.24808,7.27991654432631,0.7168093060595385,defined,-0.04441424526325227,sensitivity_only
id:x%3A0x1.0000000000000p%2B3,436,9.394,7.262160000000001,7.23032345567369,0.7168093060595385,defined,0.04441424526325227,sensitivity_only
id:x%3A0x1.0000000000000p%2B3,437,9.416,7.2762400000000005,7.308076544326311,0.7168093060595385,defined,-0.04441424526325227,sensitivity_only
id:x%3A0x1.0000000000000p%2B3,438,9.438,7.29032,7.25848345567369,0.7168093060595385,defined,0.04441424526325227,sensitivity_only
id:x%3A0x1.0000000000000p%2B3,439,9.46,7.304400000000001,7.336236544326312,0.7168093060595385,defined,-0.04441424526325227,sensitivity_only
id:x%3A0x1.0000000000000p%2B3,440,9.482,7.31848,7.28664345567369,0.7168093060595385,defined,0.04441424526325227,sensitivity_only
id:x%3A0x1.0000000000000p%2B3,441,9.504,7.33256,7.370061740241719,0.8443628844628325,defined,-0.04441424526325227,sensitivity_only
id:x%3A0x1.0000000000000p%2B3,442,9.526,7.34664,7.309138259758281,0.8443628844628325,defined,0.04441424526325227,sensitivity_only
id:x%3A0x1.0000000000000p%2B3,443,9.548,7.360720000000001,7.39822174024172,0.8443628844628325,defined,-0.04441424526325227,sensitivity_only
id:x%3A0x1.0000000000000p%2B3,444,9.57,7.3748000000000005,7.337298259758281,0.8443628844628325,defined,0.04441424526325227,sensitivity_only
id:x%3A0x1.0000000000000p%2B3,445,9.592,7.38888,7.42638174024172,0.8443628844628325,defined,-0.04441424526325227,sensitivity_only
id:x%3A0x1.0000000000000p%2B3,446,9.614,7.40296,7.365458259758281,0.8443628844628325,defined,0.04441424526325227,sensitivity_only
id:x%3A0x1.0000000000000p%2B3,447,9.636,7.41704,7.454541740241719,0.8443628844628325,defined,-0.04441424526325227,sensitivity_only
id:x%3A0x1.0000000000000p%2B3,448,9.658,7.43112,7.393618259758281,0.8443628844628325,defined,0.04441424526325227,sensitivity_only
id:x%3A0x1.0000000000000p%2B3,449,9.68,7.4452,7.482701740241719,0.8443628844628325,defined,-0.04441424526325227,sensitivity_only
id:x%3A0x1.0000000000000p%2B3,450,9.702,7.45928,7.42177825975828,0.8443628844628325,defined,0.04441424526325227,sensitivity_only
id:x%3A0x1.0000000000000p%2B3,451,9.724,7.4733600000000004,7.51086174024172,0.8443628844628325,defined,-0.04441424526325227,sensitivity_only
id:x%3A0x1.0000000000000p%2B3,452,9.746,7.48744,7.449938259758281,0.8443628844628325,defined,0.04441424526325227,sensitivity_only
id:x%3A0x1.0000000000000p%2B3,453,9.768,7.50152,7.5390217402417194,0.8443628844628325,defined,-0.04441424526325227,sensitivity_only
id:x%3A0x1.0000000000000p%2B3,454,9.79,7.515599999999999,7.47809825975828,0.8443628844628325,defined,0.04441424526325227,sensitivity_only
id:x%3A0x1.0000000000000p%2B3,455,9.812,7.52968,7.567181740241719,0.8443628844628325,defined,-0.04441424526325227,sensitivity_only
id:x%3A0x1.0000000000000p%2B3,456,9.834,7.54376,7.5062582597582805,0.8443628844628325,defined,0.04441424526325227,sensitivity_only
id:x%3A0x1.0000000000000p%2B3,457,9.856,7.55784,7.595341740241719,0.8443628844628325,defined,-0.04441424526325227,sensitivity_only
id:x%3A0x1.0000000000000p%2B3,458,9.878,7.57192,7.534418259758281,0.8443628844628325,defined,0.04441424526325227,sensitivity_only
id:x%3A0x1.0000000000000p%2B3,459,9.9,7.586,7.62350174024172,0.8443628844628325,defined,-0.04441424526325227,sensitivity_only
id:x%3A0x1.0000000000000p%2B3,460,9.922,7.60008,7.562578259758281,0.8443628844628325,defined,0.04441424526325227,sensitivity_only
id:x%3A0x1.0000000000000p%2B3,461,9.944,7.614160000000001,7.65166174024172,0.8443628844628325,defined,-0.04441424526325227,sensitivity_only
id:x%3A0x1.0000000000000p%2B3,462,9.966,7.62824,7.590738259758281,0.8443628844628325,defined,0.04441424526325227,sensitivity_only
id:x%3A0x1.0000000000000p%2B3,463,9.988,7.64232,7.679821740241719,0.8443628844628325,defined,-0.04441424526325227,sensitivity_only
id:x%3A0x1.0000000000000p%2B3,464,10.0,7.65,7.612498259758281,0.8443628844628325,defined,0.04441424526325227,sensitivity_only
id:x%3A0x1.0000000000000p%2B3,465,10.01,7.6564,7.693901740241719,0.8443628844628325,defined,-0.04441424526325227,sensitivity_only
id:x%3A0x1.0000000000000p%2B3,466,10.032,7.67048,7.632978259758281,0.8443628844628325,defined,0.04441424526325227,sensitivity_only
id:x%3A0x1.0000000000000p%2B3,467,10.054,7.68456,7.7220617402417195,0.8443628844628325,defined,-0.04441424526325227,sensitivity_only
id:x%3A0x1.0000000000000p%2B3,468,10.076,7.69864,7.661138259758281,0.8443628844628325,defined,0.04441424526325227,sensitivity_only
id:x%3A0x1.0000000000000p%2B3,469,10.098,7.712720000000001,7.75022174024172,0.8443628844628325,defined,-0.04441424526325227,sensitivity_only
id:x%3A0x1.0000000000000p%2B3,470,10.12,7.7268,7.689298259758281,0.8443628844628325,defined,0.04441424526325227,sensitivity_only
id:x%3A0x1.0000000000000p%2B3,471,10.142,7.74088,7.778381740241719,0.8443628844628325,defined,-0.04441424526325227,sensitivity_only
id:x%3A0x1.0000000000000p%2B3,472,10.164,7.75496,7.71745825975828,0.8443628844628325,defined,0.04441424526325227,sensitivity_only
id:x%3A0x1.0000000000000p%2B3,473,10.186,7.76904,7.80654174024172,0.8443628844628325,defined,-0.04441424526325227,sensitivity_only
id:x%3A0x1.0000000000000p%2B3,474,10.208,7.78312,7.745618259758281,0.8443628844628325,defined,0.04441424526325227,sensitivity_only
id:x%3A0x1.0000000000000p%2B3,475,10.23,7.7972,7.834701740241719,0.8443628844628325,defined,-0.04441424526325227,sensitivity_only
id:x%3A0x1.0000000000000p%2B3,476,10.252,7.811280000000001,7.773778259758282,0.8443628844628325,defined,0.04441424526325227,sensitivity_only
id:x%3A0x1.0000000000000p%2B3,477,10.274,7.82536,7.862861740241719,0.8443628844628325,defined,-0.04441424526325227,sensitivity_only
id:x%3A0x1.0000000000000p%2B3,478,10.296,7.83944,7.8019382597582805,0.8443628844628325,defined,0.04441424526325227,sensitivity_only
id:x%3A0x1.0000000000000p%2B3,479,10.318,7.85352,7.891021740241719,0.8443628844628325,defined,-0.04441424526325227,sensitivity_only
id:x%3A0x1.0000000000000p%2B3,480,10.34,7.8676,7.830098259758281,0.8443628844628325,defined,0.04441424526325227,sensitivity_only
id:x%3A0x1.0000000000000p%2B3,481,10.362,7.88168,7.9191817402417195,0.8443628844628325,defined,-0.04441424526325227,sensitivity_only
id:x%3A0x1.0000000000000p%2B3,482,10.384,7.89576,7.858258259758281,0.8443628844628325,defined,0.04441424526325227,sensitivity_only
id:x%3A0x1.0000000000000p%2B3,483,10.406,7.909840000000001,7.94734174024172,0.8443628844628325,defined,-0.04441424526325227,sensitivity_only
id:x%3A0x1.0000000000000p%2B3,484,10.428,7.923920000000001,7.8864182597582815,0.8443628844628325,defined,0.04441424526325227,sensitivity_only
id:x%3A0x1.0000000000000p%2B3,485,10.45,7.938,7.975501740241719,0.8443628844628325,defined,-0.04441424526325227,sensitivity_only
id:x%3A0x1.0000000000000p%2B3,486,10.472,7.95208,7.91457825975828,0.8443628844628325,defined,0.04441424526325227,sensitivity_only
id:x%3A0x1.0000000000000p%2B3,487,10.494,7.96616,8.00366174024172,0.8443628844628325,defined,-0.04441424526325227,sensitivity_only
id:x%3A0x1.0000000000000p%2B3,488,10.516,7.98024,7.948403455673691,0.7168093060595381,defined,0.04441424526325227,sensitivity_only
id:x%3A0x1.0000000000000p%2B3,489,10.538,7.99432,8.02615654432631,0.7168093060595381,defined,-0.04441424526325227,sensitivity_only
id:x%3A0x1.0000000000000p%2B3,490,10.56,8.008400000000002,7.976563455673692,0.7168093060595381,defined,0.04441424526325227,sensitivity_only
id:x%3A0x1.0000000000000p%2B3,491,10.582,8.022480000000002,8.054316544326312,0.7168093060595381,defined,-0.04441424526325227,sensitivity_only
id:x%3A0x1.0000000000000p%2B3,492,10.604,8.03656,8.00472345567369,0.7168093060595381,defined,0.04441424526325227,sensitivity_only
id:x%3A0x1.0000000000000p%2B3,493,10.626,8.05064,8.08247654432631,0.7168093060595381,defined,-0.04441424526325227,sensitivity_only
id:x%3A0x1.0000000000000p%2B3,494,10.648,8.064720000000001,8.03288345567369,0.7168093060595381,defined,0.04441424526325227,sensitivity_only
id:x%3A0x1.0000000000000p%2B3,495,10.67,8.078800000000001,8.110636544326312,0.7168093060595381,defined,-0.04441424526325227,sensitivity_only
id:x%3A0x1.0000000000000p%2B3,496,10.692,8.092880000000001,8.06104345567369,0.7168093060595381,defined,0.04441424526325227,sensitivity_only
id:x%3A0x1.0000000000000p%2B3,497,10.714,8.10696,8.138796544326311,0.7168093060595381,defined,-0.04441424526325227,sensitivity_only
id:x%3A0x1.0000000000000p%2B3,498,10.736,8.12104,8.08920345567369,0.7168093060595381,defined,0.04441424526325227,sensitivity_only
id:x%3A0x1.0000000000000p%2B3,499,10.758,8.13512,8.166956544326311,0.7168093060595381,defined,-0.04441424526325227,sensitivity_only
id:x%3A0x1.0000000000000p%2B3,500,10.78,8.1492,8.11736345567369,0.7168093060595381,defined,0.04441424526325227,sensitivity_only
id:x%3A0x1.0000000000000p%2B3,501,10.802,8.16328,8.19511654432631,0.7168093060595381,defined,-0.04441424526325227,sensitivity_only
id:x%3A0x1.0000000000000p%2B3,502,10.824,8.17736,8.14552345567369,0.7168093060595381,defined,0.04441424526325227,sensitivity_only
id:x%3A0x1.0000000000000p%2B3,503,10.846,8.19144,8.22327654432631,0.7168093060595381,defined,-0.04441424526325227,sensitivity_only
id:x%3A0x1.0000000000000p%2B3,504,10.868,8.20552,8.17368345567369,0.7168093060595381,defined,0.04441424526325227,sensitivity_only
id:x%3A0x1.0000000000000p%2B3,505,10.89,8.2196,8.25143654432631,0.7168093060595381,defined,-0.04441424526325227,sensitivity_only
id:x%3A0x1.0000000000000p%2B3,506,10.912,8.23368,8.20184345567369,0.7168093060595381,defined,0.04441424526325227,sensitivity_only
id:x%3A0x1.0000000000000p%2B3,507,10.934,8.24776,8.27959654432631,0.7168093060595381,defined,-0.04441424526325227,sensitivity_only
id:x%3A0x1.0000000000000p%2B3,508,10.956,8.26184,8.230003455673689,0.7168093060595381,defined,0.04441424526325227,sensitivity_only
id:x%3A0x1.0000000000000p%2B3,509,10.978,8.27592,8.30775654432631,0.7168093060595381,defined,-0.04441424526325227,sensitivity_only
id:x%3A0x1.0000000000000p%2B3,510,11.0,8.29,8.258163455673689,0.7168093060595381,defined,0.04441424526325227,sensitivity_only
id:x%3A0x1.2000000000000p%2B3,0,0.0,1.25,1.169338970422098,0.8698738483891382,defined,0.09272727272727273,sensitivity_only
id:x%3A0x1.2000000000000p%2B3,1,0.022,1.26408,1.3042917206729114,0.8698738483891382,defined,-0.04622707160052787,sensitivity_only
id:x%3A0x1.2000000000000p%2B3,2,0.044,1.27816,1.2379482793270886,0.8698738483891382,defined,0.04622707160052787,sensitivity_only
id:x%3A0x1.2000000000000p%2B3,3,0.066,1.29224,1.3324517206729114,0.8698738483891382,defined,-0.04622707160052787,sensitivity_only
id:x%3A0x1.2000000000000p%2B3,4,0.088,1.30632,1.2661082793270886,0.8698738483891382,defined,0.04622707160052787,sensitivity_only
id:x%3A0x1.2000000000000p%2B3,5,0.11,1.3204,1.3606117206729114,0.8698738483891382,defined,-0.04622707160052787,sensitivity_only
id:x%3A0x1.2000000000000p%2B3,6,0.132,1.33448,1.2942682793270888,0.8698738483891382,defined,0.04622707160052787,sensitivity_only
id:x%3A0x1.2000000000000p%2B3,7,0.154,1.34856,1.3887717206729113,0.8698738483891382,defined,-0.04622707160052787,sensitivity_only
id:x%3A0x1.2000000000000p%2B3,8,0.176,1.36264,1.3224282793270887,0.8698738483891382,defined,0.04622707160052787,sensitivity_only
id:x%3A0x1.2000000000000p%2B3,9,0.198,1.37672,1.4169317206729113,0.8698738483891382,defined,-0.04622707160052787,sensitivity_only
id:x%3A0x1.2000000000000p%2B3,10,0.22,1.3908,1.3505882793270887,0.8698738483891382,defined,0.04622707160052787,sensitivity_only
id:x%3A0x1.2000000000000p%2B3,11,0.242,1.40488,1.4450917206729113,0.8698738483891382,defined,-0.04622707160052787,sensitivity_only
id:x%3A0x1.2000000000000p%2B3,12,0.264,1.41896,1.3787482793270887,0.8698738483891382,defined,0.04622707160052787,sensitivity_only
id:x%3A0x1.2000000000000p%2B3,13,0.286,1.43304,1.4732517206729114,0.8698738483891382,defined,-0.04622707160052787,sensitivity_only
id:x%3A0x1.2000000000000p%2B3,14,0.308,1.44712,1.4069082793270886,0.8698738483891382,defined,0.04622707160052787,sensitivity_only
id:x%3A0x1.2000000000000p%2B3,15,0.33,1.4612,1.5014117206729114,0.8698738483891382,defined,-0.04622707160052787,sensitivity_only
id:x%3A0x1.2000000000000p%2B3,16,0.352,1.47528,1.4350682793270886,0.8698738483891382,defined,0.04622707160052787,sensitivity_only
id:x%3A0x1.2000000000000p%2B3,17,0.374,1.48936,1.5295717206729114,0.8698738483891382,defined,-0.04622707160052787,sensitivity_only
id:x%3A0x1.2000000000000p%2B3,18,0.396,1.5034399999999999,1.4632282793270885,0.8698738483891382,defined,0.04622707160052787,sensitivity_only
id:x%3A0x1.2000000000000p%2B3,19,0.418,1.51752,1.5577317206729113,0.8698738483891382,defined,-0.04622707160052787,sensitivity_only
id:x%3A0x1.2000000000000p%2B3,20,0.44,1.5316,1.4913882793270887,0.8698738483891382,defined,0.04622707160052787,sensitivity_only
id:x%3A0x1.2000000000000p%2B3,21,0.462,1.54568,1.5858917206729113,0.8698738483891382,defined,-0.04622707160052787,sensitivity_only
id:x%3A0x1.2000000000000p%2B3,22,0.484,1.55976,1.5195482793270887,0.8698738483891382,defined,0.04622707160052787,sensitivity_only
id:x%3A0x1.2000000000000p%2B3,23,0.506,1.5738400000000001,1.6140517206729115,0.8698738483891386,defined,-0.04622707160052787,sensitivity_only
id:x%3A0x1.2000000000000p%2B3,24,0.528,1.58792,1.5477082793270887,0.8698738483891386,defined,0.04622707160052787,sensitivity_only
id:x%3A0x1.2000000000000p%2B3,25,0.55,1.602,1.6422117206729114,0.8698738483891386,defined,-0.04622707160052787,sensitivity_only
id:x%3A0x1.2000000000000p%2B3,26,0.572,1.61608,1.5758682793270886,0.8698738483891386,defined,0.04622707160052787,sensitivity_only
id:x%3A0x1.2000000000000p%2B3,27,0.594,1.63016,1.6703717206729114,0.8698738483891386,defined,-0.04622707160052787,sensitivity_only
id:x%3A0x1.2000000000000p%2B3,28,0.616,1.64424,1.6040282793270886,0.8698738483891386,defined,0.04622707160052787,sensitivity_only
id:x%3A0x1.2000000000000p%2B3,29,0.638,1.65832,1.6985317206729114,0.8698738483891386,defined,-0.04622707160052787,sensitivity_only
id:x%3A0x1.2000000000000p%2B3,30,0.66,1.6724,1.6321882793270888,0.8698738483891386,defined,0.04622707160052787,sensitivity_only
id:x%3A0x1.2000000000000p%2B3,31,0.682,1.68648,1.7266917206729113,0.8698738483891386,defined,-0.04622707160052787,sensitivity_only
id:x%3A0x1.2000000000000p%2B3,32,0.704,1.7005599999999998,1.6603482793270885,0.8698738483891386,defined,0.04622707160052787,sensitivity_only
id:x%3A0x1.2000000000000p%2B3,33,0.726,1.71464,1.7548517206729113,0.8698738483891386,defined,-0.04622707160052787,sensitivity_only
id:x%3A0x1.2000000000000p%2B3,34,0.748,1.72872,1.6885082793270887,0.8698738483891386,defined,0.04622707160052787,sensitivity_only
id:x%3A0x1.2000000000000p%2B3,35,0.77,1.7428,1.7830117206729112,0.8698738483891386,defined,-0.04622707160052787,sensitivity_only
id:x%3A0x1.2000000000000p%2B3,36,0.792,1.75688,1.7166682793270887,0.8698738483891386,defined,0.04622707160052787,sensitivity_only
id:x%3A0x1.2000000000000p%2B3,37,0.814,1.77096,1.8111717206729114,0.8698738483891386,defined,-0.04622707160052787,sensitivity_only
id:x%3A0x1.2000000000000p%2B3,38,0.836,1.78504,1.7448282793270886,0.8698738483891386,defined,0.04622707160052787,sensitivity_only
id:x%3A0x1.2000000000000p%2B3,39,0.858,1.79912,1.8393317206729114,0.8698738483891386,defined,-0.04622707160052787,sensitivity_only
id:x%3A0x1.2000000000000p%2B3,40,0.88,1.8132000000000001,1.7729882793270888,0.8698738483891386,defined,0.04622707160052787,sensitivity_only
id:x%3A0x1.2000000000000p%2B3,41,0.902,1.82728,1.8674917206729114,0.8698738483891386,defined,-0.04622707160052787,sensitivity_only
id:x%3A0x1.2000000000000p%2B3,42,0.924,1.8413599999999999,1.8011482793270885,0.8698738483891386,defined,0.04622707160052787,sensitivity_only
id:x%3A0x1.2000000000000p%2B3,43,0.946,1.85544,1.8956517206729113,0.8698738483891386,defined,-0.04622707160052787,sensitivity_only
id:x%3A0x1.2000000000000p%2B3,44,0.968,1.86952,1.8293082793270887,0.8698738483891386,defined,0.04622707160052787,sensitivity_only
id:x%3A0x1.2000000000000p%2B3,45,0.99,1.8836,1.9238117206729113,0.8698738483891386,defined,-0.04622707160052787,sensitivity_only
id:x%3A0x1.2000000000000p%2B3,46,1.0,1.8900000000000001,1.8497882793270888,0.8698738483891386,defined,0.04622707160052787,sensitivity_only
id:x%3A0x1.2000000000000p%2B3,47,1.012,1.89768,1.9378917206729114,0.8698738483891386,defined,-0.04622707160052787,sensitivity_only
id:x%3A0x1.2000000000000p%2B3,48,1.034,1.9117600000000001,1.8715482793270888,0.8698738483891386,defined,0.04622707160052787,sensitivity_only
id:x%3A0x1.2000000000000p%2B3,49,1.056,1.92584,1.9660517206729113,0.8698738483891386,defined,-0.04622707160052787,sensitivity_only
id:x%3A0x1.2000000000000p%2B3,50,1.078,1.93992,1.8997082793270887,0.8698738483891386,defined,0.04622707160052787,sensitivity_only
id:x%3A0x1.2000000000000p%2B3,51,1.1,1.9540000000000002,1.9942117206729115,0.8698738483891386,defined,-0.04622707160052787,sensitivity_only
id:x%3A0x1.2000000000000p%2B3,52,1.122,1.96808,1.9278682793270887,0.8698738483891386,defined,0.04622707160052787,sensitivity_only
id:x%3A0x1.2000000000000p%2B3,53,1.144,1.98216,2.0223717206729113,0.8698738483891386,defined,-0.04622707160052787,sensitivity_only
id:x%3A0x1.2000000000000p%2B3,54,1.166,1.99624,1.9560282793270887,0.8698738483891386,defined,0.04622707160052787,sensitivity_only
id:x%3A0x1.2000000000000p%2B3,55,1.188,2.01032,2.0505317206729115,0.8698738483891386,defined,-0.04622707160052787,sensitivity_only
id:x%3A0x1.2000000000000p%2B3,56,1.21,2.0244,1.9841882793270886,0.8698738483891386,defined,0.04622707160052787,sensitivity_only
id:x%3A0x1.2000000000000p%2B3,57,1.232,2.03848,2.078691720672911,0.8698738483891386,defined,-0.04622707160052787,sensitivity_only
id:x%3A0x1.2000000000000p%2B3,58,1.254,2.05256,2.012348279327089,0.8698738483891386,defined,0.04622707160052787,sensitivity_only
id:x%3A0x1.2000000000000p%2B3,59,1.276,2.06664,2.1068517206729114,0.8698738483891386,defined,-0.04622707160052787,sensitivity_only
id:x%3A0x1.2000000000000p%2B3,60,1.298,2.08072,2.0405082793270886,0.8698738483891386,defined,0.04622707160052787,sensitivity_only
id:x%3A0x1.2000000000000p%2B3,61,1.32,2.0948,2.1350117206729116,0.8698738483891386,defined,-0.04622707160052787,sensitivity_only
id:x%3A0x1.2000000000000p%2B3,62,1.342,2.10888,2.0686682793270887,0.8698738483891386,defined,0.04622707160052787,sensitivity_only
id:x%3A0x1.2000000000000p%2B3,63,1.364,2.12296,2.1631717206729113,0.8698738483891386,defined,-0.04622707160052787,sensitivity_only
id:x%3A0x1.2000000000000p%2B3,64,1.386,2.13704,2.0968282793270885,0.8698738483891386,defined,0.04622707160052787,sensitivity_only
id:x%3A0x1.2000000000000p%2B3,65,1.408,2.1511199999999997,2.191331720672911,0.8698738483891386,defined,-0.04622707160052787,sensitivity_only
id:x%3A0x1.2000000000000p%2B3,66,1.43,2.1652,2.1249882793270887,0.8698738483891386,defined,0.04622707160052787,sensitivity_only
id:x%3A0x1.2000000000000p%2B3,67,1.452,2.17928,2.2194917206729112,0.8698738483891386,defined,-0.04622707160052787,sensitivity_only
id:x%3A0x1.2000000000000p%2B3,68,1.474,2.19336,2.153148279327089,0.8698738483891386,defined,0.04622707160052787,sensitivity_only
id:x%3A0x1.2000000000000p%2B3,69,1.496,2.20744,2.2476517206729114,0.8698738483891386,defined,-0.04622707160052787,sensitivity_only
id:x%3A0x1.2000000000000p%2B3,70,1.518,2.22152,2.170440246712788,1.1049748884943107,defined,0.04622707160052787,sensitivity_only
id:x%3A0x1.2000000000000p%2B3,71,1.54,2.2356,2.2866797532872116,1.1049748884943107,defined,-0.04622707160052787,sensitivity_only
id:x%3A0x1.2000000000000p%2B3,72,1.562,2.24968,2.1986002467127883,1.1049748884943107,defined,0.04622707160052787,sensitivity_only
id:x%3A0x1.2000000000000p%2B3,73,1.584,2.26376,2.314839753287212,1.1049748884943107,defined,-0.04622707160052787,sensitivity_only
id:x%3A0x1.2000000000000p%2B3,74,1.606,2.2778400000000003,2.2267602467127885,1.1049748884943107,defined,0.04622707160052787,sensitivity_only
id:x%3A0x1.2000000000000p%2B3,75,1.628,2.29192,2.342999753287212,1.1049748884943107,defined,-0.04622707160052787,sensitivity_only
id:x%3A0x1.2000000000000p%2B3,76,1.65,2.306,2.2549202467127882,1.1049748884943107,defined,0.04622707160052787,sensitivity_only
id:x%3A0x1.2000000000000p%2B3,77,1.672,2.32008,2.3711597532872117,1.1049748884943107,defined,-0.04622707160052787,sensitivity_only
id:x%3A0x1.2000000000000p%2B3,78,1.694,2.33416,2.283080246712788,1.1049748884943107,defined,0.04622707160052787,sensitivity_only
id:x%3A0x1.2000000000000p%2B3,79,1.716,2.34824,2.399319753287212,1.1049748884943107,defined,-0.04622707160052787,sensitivity_only
id:x%3A0x1.2000000000000p%2B3,80,1.738,2.36232,2.311240246712788,1.1049748884943107,defined,0.04622707160052787,sensitivity_only
id:x%3A0x1.2000000000000p%2B3,81,1.76,2.3764000000000003,2.427479753287212,1.1049748884943107,defined,-0.04622707160052787,sensitivity_only
id:x%3A0x1.2000000000000p%2B3,82,1.782,2.39048,2.3394002467127883,1.1049748884943107,defined,0.04622707160052787,sensitivity_only
id:x%3A0x1.2000000000000p%2B3,83,1.804,2.40456,2.455639753287212,1.1049748884943107,defined,-0.04622707160052787,sensitivity_only
id:x%3A0x1.2000000000000p%2B3,84,1.826,2.41864,2.367560246712788,1.1049748884943107,defined,0.04622707160052787,sensitivity_only
id:x%3A0x1.2000000000000p%2B3,85,1.848,2.4327199999999998,2.4837997532872116,1.1049748884943107,defined,-0.04622707160052787,sensitivity_only
id:x%3A0x1.2000000000000p%2B3,86,1.87,2.4468,2.3957202467127883,1.1049748884943107,defined,0.04622707160052787,sensitivity_only
id:x%3A0x1.2000000000000p%2B3,87,1.892,2.46088,2.5119597532872118,1.1049748884943107,defined,-0.04622707160052787,sensitivity_only
id:x%3A0x1.2000000000000p%2B3,88,1.914,2.4749600000000003,2.4238802467127885,1.1049748884943107,defined,0.04622707160052787,sensitivity_only
id:x%3A0x1.2000000000000p%2B3,89,1.936,2.48904,2.540119753287212,1.1049748884943107,defined,-0.04622707160052787,sensitivity_only
id:x%3A0x1.2000000000000p%2B3,90,1.958,2.50312,2.452040246712788,1.1049748884943107,defined,0.04622707160052787,sensitivity_only
id:x%3A0x1.2000000000000p%2B3,91,1.98,2.5172,2.5682797532872117,1.1049748884943107,defined,-0.04622707160052787,sensitivity_only
id:x%3A0x1.2000000000000p%2B3,92,2.0,2.5300000000000002,2.4789202467127884,1.1049748884943107,defined,0.04622707160052787,sensitivity_only
id:x%3A0x1.2000000000000p%2B3,93,2.002,2.5312799999999998,2.5823597532872116,1.1049748884943107,defined,-0.04622707160052787,sensitivity_only
id:x%3A0x1.2000000000000p%2B3,94,2.024,2.54536,2.4942802467127883,1.1049748884943107,defined,0.04622707160052787,sensitivity_only
id:x%3A0x1.2000000000000p%2B3,95,2.046,2.55944,2.6105197532872118,1.1049748884943107,defined,-0.04622707160052787,sensitivity_only
id:x%3A0x1.2000000000000p%2B3,96,2.068,2.5735200000000003,2.5224402467127884,1.1049748884943107,defined,0.04622707160052787,sensitivity_only
id:x%3A0x1.2000000000000p%2B3,97,2.09,2.5876,2.638679753287212,1.1049748884943107,defined,-0.04622707160052787,sensitivity_only
id:x%3A0x1.2000000000000p%2B3,98,2.112,2.60168,2.550600246712788,1.1049748884943107,defined,0.04622707160052787,sensitivity_only
id:x%3A0x1.2000000000000p%2B3,99,2.134,2.61576,2.6668397532872117,1.1049748884943107,defined,-0.04622707160052787,sensitivity_only
id:x%3A0x1.2000000000000p%2B3,100,2.156,2.62984,2.5787602467127884,1.1049748884943107,defined,0.04622707160052787,sensitivity_only
id:x%3A0x1.2000000000000p%2B3,101,2.178,2.64392,2.694999753287212,1.1049748884943107,defined,-0.04622707160052787,sensitivity_only
id:x%3A0x1.2000000000000p%2B3,102,2.2,2.6580000000000004,2.6069202467127885,1.1049748884943107,defined,0.04622707160052787,sensitivity_only
id:x%3A0x1.2000000000000p%2B3,103,2.222,2.6720800000000002,2.723159753287212,1.1049748884943107,defined,-0.04622707160052787,sensitivity_only
id:x%3A0x1.2000000000000p%2B3,104,2.244,2.68616,2.6350802467127883,1.1049748884943107,defined,0.04622707160052787,sensitivity_only
id:x%3A0x1.2000000000000p%2B3,105,2.266,2.70024,2.751319753287212,1.1049748884943107,defined,-0.04622707160052787,sensitivity_only
id:x%3A0x1.2000000000000p%2B3,106,2.288,2.71432,2.663240246712788,1.1049748884943107,defined,0.04622707160052787,sensitivity_only
id:x%3A0x1.2000000000000p%2B3,107,2.31,2.7284,2.779479753287212,1.1049748884943107,defined,-0.04622707160052787,sensitivity_only
id:x%3A0x1.2000000000000p%2B3,108,2.332,2.74248,2.691400246712788,1.1049748884943107,defined,0.04622707160052787,sensitivity_only
id:x%3A0x1.2000000000000p%2B3,109,2.354,2.7565600000000003,2.807639753287212,1.1049748884943107,defined,-0.04622707160052787,sensitivity_only
id:x%3A0x1.2000000000000p%2B3,110,2.376,2.77064,2.7195602467127884,1.1049748884943107,defined,0.04622707160052787,sensitivity_only
id:x%3A0x1.2000000000000p%2B3,111,2.398,2.78472,2.835799753287212,1.1049748884943107,defined,-0.04622707160052787,sensitivity_only
id:x%3A0x1.2000000000000p%2B3,112,2.42,2.7988,2.747720246712788,1.1049748884943107,defined,0.04622707160052787,sensitivity_only
id:x%3A0x1.2000000000000p%2B3,113,2.442,2.81288,2.8639597532872116,1.1049748884943107,defined,-0.04622707160052787,sensitivity_only
id:x%3A0x1.2000000000000p%2B3,114,2.464,2.8269599999999997,2.775880246712788,1.1049748884943107,defined,0.04622707160052787,sensitivity_only
id:x%3A0x1.2000000000000p%2B3,115,2.486,2.8410400000000005,2.8921197532872123,1.1049748884943107,defined,-0.04622707160052787,sensitivity_only
id:x%3A0x1.2000000000000p%2B3,116,2.508,2.8551200000000003,2.8094742630199385,0.9874243684417244,defined,0.04622707160052787,sensitivity_only
id:x%3A0x1.2000000000000p%2B3,117,2.53,2.8692,2.914845736980062,0.9874243684417244,defined,-0.04622707160052787,sensitivity_only
id:x%3A0x1.2000000000000p%2B3,118,2.552,2.88328,2.8376342630199383,0.9874243684417244,defined,0.04622707160052787,sensitivity_only
id:x%3A0x1.2000000000000p%2B3,119,2.574,2.89736,2.9430057369800617,0.9874243684417244,defined,-0.04622707160052787,sensitivity_only
id:x%3A0x1.2000000000000p%2B3,120,2.596,2.91144,2.865794263019938,0.9874243684417244,defined,0.04622707160052787,sensitivity_only
id:x%3A0x1.2000000000000p%2B3,121,2.618,2.9255199999999997,2.9711657369800615,0.9874243684417244,defined,-0.04622707160052787,sensitivity_only
id:x%3A0x1.2000000000000p%2B3,122,2.64,2.9396000000000004,2.8939542630199386,0.9874243684417244,defined,0.04622707160052787,sensitivity_only
id:x%3A0x1.2000000000000p%2B3,123,2.662,2.9536800000000003,2.999325736980062,0.9874243684417244,defined,-0.04622707160052787,sensitivity_only
id:x%3A0x1.2000000000000p%2B3,124,2.684,2.96776,2.9221142630199384,0.9874243684417244,defined,0.04622707160052787,sensitivity_only
id:x%3A0x1.2000000000000p%2B3,125,2.706,2.98184,3.027485736980062,0.9874243684417244,defined,-0.04622707160052787,sensitivity_only
id:x%3A0x1.2000000000000p%2B3,126,2.728,2.99592,2.950274263019938,0.9874243684417244,defined,0.04622707160052787,sensitivity_only
id:x%3A0x1.2000000000000p%2B3,127,2.75,3.01,3.0556457369800616,0.9874243684417244,defined,-0.04622707160052787,sensitivity_only
id:x%3A0x1.2000000000000p%2B3,128,2.772,3.0240799999999997,2.978434263019938,0.9874243684417244,defined,0.04622707160052787,sensitivity_only
id:x%3A0x1.2000000000000p%2B3,129,2.794,3.03816,3.0838057369800618,0.9874243684417244,defined,-0.04622707160052787,sensitivity_only
id:x%3A0x1.2000000000000p%2B3,130,2.816,3.05224,3.006594263019938,0.9874243684417244,defined,0.04622707160052787,sensitivity_only
id:x%3A0x1.2000000000000p%2B3,131,2.838,3.06632,3.111965736980062,0.9874243684417244,defined,-0.04622707160052787,sensitivity_only
id:x%3A0x1.2000000000000p%2B3,132,2.86,3.0804,3.0347542630199382,0.9874243684417244,defined,0.04622707160052787,sensitivity_only
id:x%3A0x1.2000000000000p%2B3,133,2.882,3.09448,3.1401257369800617,0.9874243684417244,defined,-0.04622707160052787,sensitivity_only
id:x%3A0x1.2000000000000p%2B3,134,2.904,3.1085599999999998,3.062914263019938,0.9874243684417244,defined,0.04622707160052787,sensitivity_only
id:x%3A0x1.2000000000000p%2B3,135,2.926,3.12264,3.168285736980062,0.9874243684417244,defined,-0.04622707160052787,sensitivity_only
id:x%3A0x1.2000000000000p%2B3,136,2.948,3.13672,3.091074263019938,0.9874243684417244,defined,0.04622707160052787,sensitivity_only
id:x%3A0x1.2000000000000p%2B3,137,2.97,3.1508000000000003,3.196445736980062,0.9874243684417244,defined,-0.04622707160052787,sensitivity_only
id:x%3A0x1.2000000000000p%2B3,138,2.992,3.16488,3.1192342630199383,0.9874243684417244,defined,0.04622707160052787,sensitivity_only
id:x%3A0x1.2000000000000p%2B3,139,3.0,3.17,3.2156457369800617,0.9874243684417244,defined,-0.04622707160052787,sensitivity_only
id:x%3A0x1.2000000000000p%2B3,140,3.014,3.17896,3.133314263019938,0.9874243684417244,defined,0.04622707160052787,sensitivity_only
id:x%3A0x1.2000000000000p%2B3,141,3.036,3.19304,3.2386857369800617,0.9874243684417244,defined,-0.04622707160052787,sensitivity_only
id:x%3A0x1.2000000000000p%2B3,142,3.058,3.2071199999999997,3.161474263019938,0.9874243684417244,defined,0.04622707160052787,sensitivity_only
id:x%3A0x1.2000000000000p%2B3,143,3.08,3.2212,3.266845736980062,0.9874243684417244,defined,-0.04622707160052787,sensitivity_only
id:x%3A0x1.2000000000000p%2B3,144,3.102,3.23528,3.189634263019938,0.9874243684417244,defined,0.04622707160052787,sensitivity_only
id:x%3A0x1.2000000000000p%2B3,145,3.124,3.2493600000000002,3.295005736980062,0.9874243684417244,defined,-0.04622707160052787,sensitivity_only
id:x%3A0x1.2000000000000p%2B3,146,3.146,3.26344,3.2177942630199383,0.9874243684417244,defined,0.04622707160052787,sensitivity_only
id:x%3A0x1.2000000000000p%2B3,147,3.168,3.27752,3.323165736980062,0.9874243684417244,defined,-0.04622707160052787,sensitivity_only
id:x%3A0x1.2000000000000p%2B3,148,3.19,3.2916,3.245954263019938,0.9874243684417244,defined,0.04622707160052787,sensitivity_only
id:x%3A0x1.2000000000000p%2B3,149,3.212,3.30568,3.351325736980062,0.9874243684417244,defined,-0.04622707160052787,sensitivity_only
id:x%3A0x1.2000000000000p%2B3,150,3.234,3.31976,3.2741142630199382,0.9874243684417244,defined,0.04622707160052787,sensitivity_only
id:x%3A0x1.2000000000000p%2B3,151,3.256,3.33384,3.3794857369800617,0.9874243684417244,defined,-0.04622707160052787,sensitivity_only
id:x%3A0x1.2000000000000p%2B3,152,3.278,3.3479200000000002,3.3022742630199384,0.9874243684417244,defined,0.04622707160052787,sensitivity_only
id:x%3A0x1.2000000000000p%2B3,153,3.3,3.362,3.407645736980062,0.9874243684417244,defined,-0.04622707160052787,sensitivity_only
id:x%3A0x1.2000000000000p%2B3,154,3.322,3.37608,3.330434263019938,0.9874243684417244,defined,0.04622707160052787,sensitivity_only
id:x%3A0x1.2000000000000p%2B3,155,3.344,3.39016,3.4358057369800616,0.9874243684417244,defined,-0.04622707160052787,sensitivity_only
id:x%3A0x1.2000000000000p%2B3,156,3.366,3.40424,3.3585942630199384,0.9874243684417244,defined,0.04622707160052787,sensitivity_only
id:x%3A0x1.2000000000000p%2B3,157,3.388,3.41832,3.463965736980062,0.9874243684417244,defined,-0.04622707160052787,sensitivity_only
id:x%3A0x1.2000000000000p%2B3,158,3.41,3.4324000000000003,3.3867542630199385,0.9874243684417244,defined,0.04622707160052787,sensitivity_only
id:x%3A0x1.2000000000000p%2B3,159,3.432,3.44648,3.492125736980062,0.9874243684417244,defined,-0.04622707160052787,sensitivity_only
id:x%3A0x1.2000000000000p%2B3,160,3.454,3.46056,3.4149142630199383,0.9874243684417244,defined,0.04622707160052787,sensitivity_only
id:x%3A0x1.2000000000000p%2B3,161,3.476,3.47464,3.5202857369800618,0.9874243684417244,defined,-0.04622707160052787,sensitivity_only
id:x%3A0x1.2000000000000p%2B3,162,3.498,3.4887200000000003,3.4430742630199385,0.9874243684417244,defined,0.04622707160052787,sensitivity_only
id:x%3A0x1.2000000000000p%2B3,163,3.52,3.5028,3.5430117206729115,0.8698738483891386,defined,-0.04622707160052787,sensitivity_only
id:x%3A0x1.2000000000000p%2B3,164,3.542,3.51688,3.4766682793270887,0.8698738483891386,defined,0.04622707160052787,sensitivity_only
id:x%3A0x1.2000000000000p%2B3,165,3.564,3.53096,3.571171720672911,0.8698738483891386,defined,-0.04622707160052787,sensitivity_only
id:x%3A0x1.2000000000000p%2B3,166,3.586,3.5450399999999997,3.5048282793270884,0.8698738483891386,defined,0.04622707160052787,sensitivity_only
id:x%3A0x1.2000000000000p%2B3,167,3.608,3.55912,3.5993317206729114,0.8698738483891386,defined,-0.04622707160052787,sensitivity_only
id:x%3A0x1.2000000000000p%2B3,168,3.63,3.5732,3.5329882793270886,0.8698738483891386,defined,0.04622707160052787,sensitivity_only
id:x%3A0x1.2000000000000p%2B3,169,3.652,3.5872800000000002,3.6274917206729116,0.8698738483891386,defined,-0.04622707160052787,sensitivity_only
id:x%3A0x1.2000000000000p%2B3,170,3.674,3.60136,3.5611482793270888,0.8698738483891386,defined,0.04622707160052787,sensitivity_only
id:x%3A0x1.2000000000000p%2B3,171,3.696,3.61544,3.6556517206729113,0.8698738483891386,defined,-0.04622707160052787,sensitivity_only
id:x%3A0x1.2000000000000p%2B3,172,3.718,3.62952,3.5893082793270885,0.8698738483891386,defined,0.04622707160052787,sensitivity_only
id:x%3A0x1.2000000000000p%2B3,173,3.74,3.6436,3.6838117206729115,0.8698738483891386,defined,-0.04622707160052787,sensitivity_only
id:x%3A0x1.2000000000000p%2B3,174,3.762,3.65768,3.6174682793270887,0.8698738483891386,defined,0.04622707160052787,sensitivity_only
id:x%3A0x1.2000000000000p%2B3,175,3.784,3.67176,3.7119717206729113,0.8698738483891386,defined,-0.04622707160052787,sensitivity_only
id:x%3A0x1.2000000000000p%2B3,176,3.806,3.6858400000000002,3.645628279327089,0.8698738483891386,defined,0.04622707160052787,sensitivity_only
id:x%3A0x1.2000000000000p%2B3,177,3.828,3.69992,3.7401317206729114,0.8698738483891386,defined,-0.04622707160052787,sensitivity_only
id:x%3A0x1.2000000000000p%2B3,178,3.85,3.714,3.6737882793270886,0.8698738483891386,defined,0.04622707160052787,sensitivity_only
id:x%3A0x1.2000000000000p%2B3,179,3.872,3.72808,3.768291720672911,0.8698738483891386,defined,-0.04622707160052787,sensitivity_only
id:x%3A0x1.2000000000000p%2B3,180,3.894,3.74216,3.701948279327089,0.8698738483891386,defined,0.04622707160052787,sensitivity_only
id:x%3A0x1.2000000000000p%2B3,181,3.916,3.75624,3.7964517206729114,0.8698738483891386,defined,-0.04622707160052787,sensitivity_only
id:x%3A0x1.2000000000000p%2B3,182,3.938,3.7703200000000003,3.730108279327089,0.8698738483891386,defined,0.04622707160052787,sensitivity_only
id:x%3A0x1.2000000000000p%2B3,183,3.96,3.7844,3.8246117206729116,0.8698738483891386,defined,-0.04622707160052787,sensitivity_only
id:x%3A0x1.2000000000000p%2B3,184,3.982,3.79848,3.7582682793270887,0.8698738483891386,defined,0.04622707160052787,sensitivity_only
id:x%3A0x1.2000000000000p%2B3,185,4.0,3.81,3.8502117206729114,0.8698738483891386,defined,-0.04622707160052787,sensitivity_only
id:x%3A0x1.2000000000000p%2B3,186,4.004,3.81256,3.7723482793270886,0.8698738483891386,defined,0.04622707160052787,sensitivity_only
id:x%3A0x1.2000000000000p%2B3,187,4.026,3.82664,3.866851720672911,0.8698738483891386,defined,-0.04622707160052787,sensitivity_only
id:x%3A0x1.2000000000000p%2B3,188,4.048,3.84072,3.800508279327089,0.8698738483891386,defined,0.04622707160052787,sensitivity_only
id:x%3A0x1.2000000000000p%2B3,189,4.07,3.8548000000000004,3.895011720672912,0.8698738483891386,defined,-0.04622707160052787,sensitivity_only
id:x%3A0x1.2000000000000p%2B3,190,4.092,3.86888,3.8286682793270885,0.8698738483891386,defined,0.04622707160052787,sensitivity_only
id:x%3A0x1.2000000000000p%2B3,191,4.114,3.88296,3.9231717206729115,0.8698738483891386,defined,-0.04622707160052787,sensitivity_only
id:x%3A0x1.2000000000000p%2B3,192,4.136,3.89704,3.8568282793270887,0.8698738483891386,defined,0.04622707160052787,sensitivity_only
id:x%3A0x1.2000000000000p%2B3,193,4.158,3.9111200000000004,3.9513317206729117,0.8698738483891386,defined,-0.04622707160052787,sensitivity_only
id:x%3A0x1.2000000000000p%2B3,194,4.18,3.9252,3.8849882793270885,0.8698738483891386,defined,0.04622707160052787,sensitivity_only
id:x%3A0x1.2000000000000p%2B3,195,4.202,3.93928,3.9794917206729115,0.8698738483891386,defined,-0.04622707160052787,sensitivity_only
id:x%3A0x1.2000000000000p%2B3,196,4.224,3.95336,3.9131482793270886,0.8698738483891386,defined,0.04622707160052787,sensitivity_only
id:x%3A0x1.2000000000000p%2B3,197,4.246,3.9674400000000003,4.007651720672912,0.8698738483891386,defined,-0.04622707160052787,sensitivity_only
id:x%3A0x1.2000000000000p%2B3,198,4.268,3.9815199999999997,3.9413082793270884,0.8698738483891386,defined,0.04622707160052787,sensitivity_only
id:x%3A0x1.2000000000000p%2B3,199,4.29,3.9956,4.035811720672911,0.8698738483891386,defined,-0.04622707160052787,sensitivity_only
id:x%3A0x1.2000000000000p%2B3,200,4.312,4.00968,3.969468279327089,0.8698738483891386,defined,0.04622707160052787,sensitivity_only
id:x%3A0x1.2000000000000p%2B3,201,4.334,4.023759999999999,4.063971720672911,0.8698738483891386,defined,-0.04622707160052787,sensitivity_only
id:x%3A0x1.2000000000000p%2B3,202,4.356,4.03784,3.9976282793270888,0.8698738483891386,defined,0.04622707160052787,sensitivity_only
id:x%3A0x1.2000000000000p%2B3,203,4.378,4.05192,4.092131720672912,0.8698738483891386,defined,-0.04622707160052787,sensitivity_only
id:x%3A0x1.2000000000000p%2B3,204,4.4,4.066000000000001,4.025788279327089,0.8698738483891386,defined,0.04622707160052787,sensitivity_only
id:x%3A0x1.2000000000000p%2B3,205,4.422,4.08008,4.1202917206729115,0.8698738483891386,defined,-0.04622707160052787,sensitivity_only
id:x%3A0x1.2000000000000p%2B3,206,4.444,4.0941600000000005,4.053948279327089,0.8698738483891386,defined,0.04622707160052787,sensitivity_only
id:x%3A0x1.2000000000000p%2B3,207,4.466,4.10824,4.148451720672912,0.8698738483891386,defined,-0.04622707160052787,sensitivity_only
id:x%3A0x1.2000000000000p%2B3,208,4.488,4.12232,4.082108279327088,0.8698738483891386,defined,0.04622707160052787,sensitivity_only
id:x%3A0x1.2000000000000p%2B3,209,4.51,4.1364,4.182045736980061,0.9874243684417244,defined,-0.04622707160052787,sensitivity_only
id:x%3A0x1.2000000000000p%2B3,210,4.532,4.15048,4.104834263019939,0.9874243684417244,defined,0.04622707160052787,sensitivity_only
id:x%3A0x1.2000000000000p%2B3,211,4.554,4.16456,4.210205736980061,0.9874243684417244,defined,-0.04622707160052787,sensitivity_only
id:x%3A0x1.2000000000000p%2B3,212,4.576,4.17864,4.132994263019938,0.9874243684417244,defined,0.04622707160052787,sensitivity_only
id:x%3A0x1.2000000000000p%2B3,213,4.598,4.19272,4.238365736980061,0.9874243684417244,defined,-0.04622707160052787,sensitivity_only
id:x%3A0x1.2000000000000p%2B3,214,4.62,4.2068,4.161154263019939,0.9874243684417244,defined,0.04622707160052787,sensitivity_only
id:x%3A0x1.2000000000000p%2B3,215,4.642,4.22088,4.2665257369800615,0.9874243684417244,defined,-0.04622707160052787,sensitivity_only
id:x%3A0x1.2000000000000p%2B3,216,4.664,4.23496,4.189314263019939,0.9874243684417244,defined,0.04622707160052787,sensitivity_only
id:x%3A0x1.2000000000000p%2B3,217,4.686,4.24904,4.294685736980061,0.9874243684417244,defined,-0.04622707160052787,sensitivity_only
id:x%3A0x1.2000000000000p%2B3,218,4.708,4.263120000000001,4.217474263019939,0.9874243684417244,defined,0.04622707160052787,sensitivity_only
id:x%3A0x1.2000000000000p%2B3,219,4.73,4.277200000000001,4.322845736980062,0.9874243684417244,defined,-0.04622707160052787,sensitivity_only
id:x%3A0x1.2000000000000p%2B3,220,4.752,4.29128,4.245634263019939,0.9874243684417244,defined,0.04622707160052787,sensitivity_only
id:x%3A0x1.2000000000000p%2B3,221,4.774,4.30536,4.351005736980062,0.9874243684417244,defined,-0.04622707160052787,sensitivity_only
id:x%3A0x1.2000000000000p%2B3,222,4.796,4.31944,4.273794263019939,0.9874243684417244,defined,0.04622707160052787,sensitivity_only
id:x%3A0x1.2000000000000p%2B3,223,4.818,4.33352,4.379165736980061,0.9874243684417244,defined,-0.04622707160052787,sensitivity_only
id:x%3A0x1.2000000000000p%2B3,224,4.84,4.3476,4.3019542630199386,0.9874243684417244,defined,0.04622707160052787,sensitivity_only
id:x%3A0x1.2000000000000p%2B3,225,4.862,4.36168,4.407325736980061,0.9874243684417244,defined,-0.04622707160052787,sensitivity_only
id:x%3A0x1.2000000000000p%2B3,226,4.884,4.37576,4.330114263019938,0.9874243684417244,defined,0.04622707160052787,sensitivity_only
id:x%3A0x1.2000000000000p%2B3,227,4.906,4.3898399999999995,4.435485736980061,0.9874243684417244,defined,-0.04622707160052787,sensitivity_only
id:x%3A0x1.2000000000000p%2B3,228,4.928,4.403919999999999,4.358274263019938,0.9874243684417244,defined,0.04622707160052787,sensitivity_only
id:x%3A0x1.2000000000000p%2B3,229,4.95,4.418,4.4636457369800615,0.9874243684417244,defined,-0.04622707160052787,sensitivity_only
id:x%3A0x1.2000000000000p%2B3,230,4.972,4.432080000000001,4.3864342630199396,0.9874243684417244,defined,0.04622707160052787,sensitivity_only
id:x%3A0x1.2000000000000p%2B3,231,4.994,4.44616,4.491805736980061,0.9874243684417244,defined,-0.04622707160052787,sensitivity_only
id:x%3A0x1.2000000000000p%2B3,232,5.0,4.45,4.404354263019939,0.9874243684417244,defined,0.04622707160052787,sensitivity_only
id:x%3A0x1.2000000000000p%2B3,233,5.016,4.460240000000001,4.505885736980062,0.9874243684417244,defined,-0.04622707160052787,sensitivity_only
id:x%3A0x1.2000000000000p%2B3,234,5.038,4.4743200000000005,4.428674263019939,0.9874243684417244,defined,0.04622707160052787,sensitivity_only
id:x%3A0x1.2000000000000p%2B3,235,5.06,4.4884,4.534045736980062,0.9874243684417244,defined,-0.04622707160052787,sensitivity_only
id:x%3A0x1.2000000000000p%2B3,236,5.082,4.50248,4.456834263019939,0.9874243684417244,defined,0.04622707160052787,sensitivity_only
id:x%3A0x1.2000000000000p%2B3,237,5.104,4.51656,4.5622057369800615,0.9874243684417244,defined,-0.04622707160052787,sensitivity_only
id:x%3A0x1.2000000000000p%2B3,238,5.126,4.53064,4.484994263019939,0.9874243684417244,defined,0.04622707160052787,sensitivity_only
id:x%3A0x1.2000000000000p%2B3,239,5.148,4.54472,4.590365736980061,0.9874243684417244,defined,-0.04622707160052787,sensitivity_only
id:x%3A0x1.2000000000000p%2B3,240,5.17,4.5588,4.513154263019938,0.9874243684417244,defined,0.04622707160052787,sensitivity_only
id:x%3A0x1.2000000000000p%2B3,241,5.192,4.57288,4.618525736980061,0.9874243684417244,defined,-0.04622707160052787,sensitivity_only
id:x%3A0x1.2000000000000p%2B3,242,5.214,4.58696,4.541314263019939,0.9874243684417244,defined,0.04622707160052787,sensitivity_only
id:x%3A0x1.2000000000000p%2B3,243,5.236,4.601039999999999,4.646685736980061,0.9874243684417244,defined,-0.04622707160052787,sensitivity_only
id:x%3A0x1.2000000000000p%2B3,244,5.258,4.61512,4.569474263019939,0.9874243684417244,defined,0.04622707160052787,sensitivity_only
id:x%3A0x1.2000000000000p%2B3,245,5.28,4.629200000000001,4.674845736980062,0.9874243684417244,defined,-0.04622707160052787,sensitivity_only
id:x%3A0x1.2000000000000p%2B3,246,5.302,4.64328,4.5976342630199385,0.9874243684417244,defined,0.04622707160052787,sensitivity_only
id:x%3A0x1.2000000000000p%2B3,247,5.324,4.657360000000001,4.703005736980062,0.9874243684417244,defined,-0.04622707160052787,sensitivity_only
id:x%3A0x1.2000000000000p%2B3,248,5.346,4.6714400000000005,4.625794263019939,0.9874243684417244,defined,0.04622707160052787,sensitivity_only
id:x%3A0x1.2000000000000p%2B3,249,5.368,4.68552,4.731165736980062,0.9874243684417244,defined,-0.04622707160052787,sensitivity_only
id:x%3A0x1.2000000000000p%2B3,250,5.39,4.6996,4.653954263019939,0.9874243684417244,defined,0.04622707160052787,sensitivity_only
id:x%3A0x1.2000000000000p%2B3,251,5.412,4.71368,4.7593257369800614,0.9874243684417244,defined,-0.04622707160052787,sensitivity_only
id:x%3A0x1.2000000000000p%2B3,252,5.434,4.72776,4.682114263019939,0.9874243684417244,defined,0.04622707160052787,sensitivity_only
id:x%3A0x1.2000000000000p%2B3,253,5.456,4.74184,4.787485736980061,0.9874243684417244,defined,-0.04622707160052787,sensitivity_only
id:x%3A0x1.2000000000000p%2B3,254,5.478,4.75592,4.710274263019938,0.9874243684417244,defined,0.04622707160052787,sensitivity_only
id:x%3A0x1.2000000000000p%2B3,255,5.5,4.77,4.815645736980061,0.9874243684417244,defined,-0.04622707160052787,sensitivity_only
id:x%3A0x1.2000000000000p%2B3,256,5.522,4.78408,4.7438682793270885,0.8698738483891382,defined,0.04622707160052787,sensitivity_only
id:x%3A0x1.2000000000000p%2B3,257,5.544,4.798159999999999,4.838371720672911,0.8698738483891382,defined,-0.04622707160052787,sensitivity_only
id:x%3A0x1.2000000000000p%2B3,258,5.566,4.81224,4.772028279327088,0.8698738483891382,defined,0.04622707160052787,sensitivity_only
id:x%3A0x1.2000000000000p%2B3,259,5.588,4.82632,4.866531720672912,0.8698738483891382,defined,-0.04622707160052787,sensitivity_only
id:x%3A0x1.2000000000000p%2B3,260,5.61,4.840400000000001,4.800188279327089,0.8698738483891382,defined,0.04622707160052787,sensitivity_only
id:x%3A0x1.2000000000000p%2B3,261,5.632,4.85448,4.8946917206729115,0.8698738483891382,defined,-0.04622707160052787,sensitivity_only
id:x%3A0x1.2000000000000p%2B3,262,5.654,4.86856,4.828348279327089,0.8698738483891382,defined,0.04622707160052787,sensitivity_only
id:x%3A0x1.2000000000000p%2B3,263,5.676,4.88264,4.922851720672912,0.8698738483891382,defined,-0.04622707160052787,sensitivity_only
id:x%3A0x1.2000000000000p%2B3,264,5.698,4.89672,4.856508279327088,0.8698738483891382,defined,0.04622707160052787,sensitivity_only
id:x%3A0x1.2000000000000p%2B3,265,5.72,4.9108,4.951011720672912,0.8698738483891382,defined,-0.04622707160052787,sensitivity_only
id:x%3A0x1.2000000000000p%2B3,266,5.742,4.92488,4.884668279327088,0.8698738483891382,defined,0.04622707160052787,sensitivity_only
id:x%3A0x1.2000000000000p%2B3,267,5.764,4.93896,4.979171720672912,0.8698738483891382,defined,-0.04622707160052787,sensitivity_only
id:x%3A0x1.2000000000000p%2B3,268,5.786,4.95304,4.912828279327088,0.8698738483891382,defined,0.04622707160052787,sensitivity_only
id:x%3A0x1.2000000000000p%2B3,269,5.808,4.9671199999999995,5.007331720672911,0.8698738483891382,defined,-0.04622707160052787,sensitivity_only
id:x%3A0x1.2000000000000p%2B3,270,5.83,4.9812,4.9409882793270885,0.8698738483891382,defined,0.04622707160052787,sensitivity_only
id:x%3A0x1.2000000000000p%2B3,271,5.852,4.99528,5.035491720672912,0.8698738483891382,defined,-0.04622707160052787,sensitivity_only
id:x%3A0x1.2000000000000p%2B3,272,5.874,5.00936,4.969148279327088,0.8698738483891382,defined,0.04622707160052787,sensitivity_only
id:x%3A0x1.2000000000000p%2B3,273,5.896,5.02344,5.063651720672912,0.8698738483891382,defined,-0.04622707160052787,sensitivity_only
id:x%3A0x1.2000000000000p%2B3,274,5.918,5.037520000000001,4.997308279327089,0.8698738483891382,defined,0.04622707160052787,sensitivity_only
id:x%3A0x1.2000000000000p%2B3,275,5.94,5.0516000000000005,5.091811720672912,0.8698738483891382,defined,-0.04622707160052787,sensitivity_only
id:x%3A0x1.2000000000000p%2B3,276,5.962,5.06568,5.025468279327089,0.8698738483891382,defined,0.04622707160052787,sensitivity_only
id:x%3A0x1.2000000000000p%2B3,277,5.984,5.07976,5.119971720672912,0.8698738483891382,defined,-0.04622707160052787,sensitivity_only
id:x%3A0x1.2000000000000p%2B3,278,6.0,5.09,5.049788279327088,0.8698738483891382,defined,0.04622707160052787,sensitivity_only
id:x%3A0x1.2000000000000p%2B3,279,6.006,5.09384,5.134051720672912,0.8698738483891382,defined,-0.04622707160052787,sensitivity_only
id:x%3A0x1.2000000000000p%2B3,280,6.028,5.10792,5.067708279327088,0.8698738483891382,defined,0.04622707160052787,sensitivity_only
id:x%3A0x1.2000000000000p%2B3,281,6.05,5.122,5.162211720672912,0.8698738483891382,defined,-0.04622707160052787,sensitivity_only
id:x%3A0x1.2000000000000p%2B3,282,6.072,5.13608,5.095868279327088,0.8698738483891382,defined,0.04622707160052787,sensitivity_only
id:x%3A0x1.2000000000000p%2B3,283,6.094,5.15016,5.190371720672911,0.8698738483891382,defined,-0.04622707160052787,sensitivity_only
id:x%3A0x1.2000000000000p%2B3,284,6.116,5.1642399999999995,5.124028279327088,0.8698738483891382,defined,0.04622707160052787,sensitivity_only
id:x%3A0x1.2000000000000p%2B3,285,6.138,5.178319999999999,5.218531720672911,0.8698738483891382,defined,-0.04622707160052787,sensitivity_only
id:x%3A0x1.2000000000000p%2B3,286,6.16,5.1924,5.152188279327088,0.8698738483891382,defined,0.04622707160052787,sensitivity_only
id:x%3A0x1.2000000000000p%2B3,287,6.182,5.206480000000001,5.246691720672913,0.8698738483891382,defined,-0.04622707160052787,sensitivity_only
id:x%3A0x1.2000000000000p%2B3,288,6.204,5.22056,5.180348279327088,0.8698738483891382,defined,0.04622707160052787,sensitivity_only
id:x%3A0x1.2000000000000p%2B3,289,6.226,5.234640000000001,5.274851720672912,0.8698738483891382,defined,-0.04622707160052787,sensitivity_only
id:x%3A0x1.2000000000000p%2B3,290,6.248,5.2487200000000005,5.208508279327089,0.8698738483891382,defined,0.04622707160052787,sensitivity_only
id:x%3A0x1.2000000000000p%2B3,291,6.27,5.2627999999999995,5.303011720672911,0.8698738483891382,defined,-0.04622707160052787,sensitivity_only
id:x%3A0x1.2000000000000p%2B3,292,6.292,5.27688,5.2366682793270884,0.8698738483891382,defined,0.04622707160052787,sensitivity_only
id:x%3A0x1.2000000000000p%2B3,293,6.314,5.29096,5.331171720672912,0.8698738483891382,defined,-0.04622707160052787,sensitivity_only
id:x%3A0x1.2000000000000p%2B3,294,6.336,5.30504,5.264828279327088,0.8698738483891382,defined,0.04622707160052787,sensitivity_only
id:x%3A0x1.2000000000000p%2B3,295,6.358,5.31912,5.359331720672912,0.8698738483891382,defined,-0.04622707160052787,sensitivity_only
id:x%3A0x1.2000000000000p%2B3,296,6.38,5.3332,5.292988279327088,0.8698738483891382,defined,0.04622707160052787,sensitivity_only
id:x%3A0x1.2000000000000p%2B3,297,6.402,5.3472800000000005,5.387491720672912,0.8698738483891382,defined,-0.04622707160052787,sensitivity_only
id:x%3A0x1.2000000000000p%2B3,298,6.424,5.36136,5.321148279327089,0.8698738483891382,defined,0.04622707160052787,sensitivity_only
id:x%3A0x1.2000000000000p%2B3,299,6.446,5.37544,5.415651720672912,0.8698738483891382,defined,-0.04622707160052787,sensitivity_only
id:x%3A0x1.2000000000000p%2B3,300,6.468,5.38952,5.349308279327088,0.8698738483891382,defined,0.04622707160052787,sensitivity_only
id:x%3A0x1.2000000000000p%2B3,301,6.49,5.4036,5.443811720672912,0.8698738483891382,defined,-0.04622707160052787,sensitivity_only
id:x%3A0x1.2000000000000p%2B3,302,6.512,5.41768,5.378647576483108,0.8443628844628325,defined,0.04622707160052787,sensitivity_only
id:x%3A0x1.2000000000000p%2B3,303,6.534,5.43176,5.470792423516891,0.8443628844628325,defined,-0.04622707160052787,sensitivity_only
id:x%3A0x1.2000000000000p%2B3,304,6.556,5.4458400000000005,5.406807576483109,0.8443628844628325,defined,0.04622707160052787,sensitivity_only
id:x%3A0x1.2000000000000p%2B3,305,6.578,5.45992,5.498952423516892,0.8443628844628325,defined,-0.04622707160052787,sensitivity_only
id:x%3A0x1.2000000000000p%2B3,306,6.6,5.474,5.434967576483109,0.8443628844628325,defined,0.04622707160052787,sensitivity_only
id:x%3A0x1.2000000000000p%2B3,307,6.622,5.48808,5.527112423516892,0.8443628844628325,defined,-0.04622707160052787,sensitivity_only
id:x%3A0x1.2000000000000p%2B3,308,6.644,5.50216,5.463127576483108,0.8443628844628325,defined,0.04622707160052787,sensitivity_only
id:x%3A0x1.2000000000000p%2B3,309,6.666,5.516240000000001,5.555272423516892,0.8443628844628325,defined,-0.04622707160052787,sensitivity_only
id:x%3A0x1.2000000000000p%2B3,310,6.688,5.53032,5.491287576483108,0.8443628844628325,defined,0.04622707160052787,sensitivity_only
id:x%3A0x1.2000000000000p%2B3,311,6.71,5.5444,5.583432423516892,0.8443628844628325,defined,-0.04622707160052787,sensitivity_only
id:x%3A0x1.2000000000000p%2B3,312,6.732,5.55848,5.519447576483109,0.8443628844628325,defined,0.04622707160052787,sensitivity_only
id:x%3A0x1.2000000000000p%2B3,313,6.754,5.57256,5.611592423516892,0.8443628844628325,defined,-0.04622707160052787,sensitivity_only
id:x%3A0x1.2000000000000p%2B3,314,6.776,5.58664,5.5476075764831085,0.8443628844628325,defined,0.04622707160052787,sensitivity_only
id:x%3A0x1.2000000000000p%2B3,315,6.798,5.60072,5.639752423516891,0.8443628844628325,defined,-0.04622707160052787,sensitivity_only
id:x%3A0x1.2000000000000p%2B3,316,6.82,5.614800000000001,5.575767576483109,0.8443628844628325,defined,0.04622707160052787,sensitivity_only
id:x%3A0x1.2000000000000p%2B3,317,6.842,5.62888,5.667912423516891,0.8443628844628325,defined,-0.04622707160052787,sensitivity_only
id:x%3A0x1.2000000000000p%2B3,318,6.864,5.64296,5.603927576483109,0.8443628844628325,defined,0.04622707160052787,sensitivity_only
id:x%3A0x1.2000000000000p%2B3,319,6.886,5.65704,5.696072423516892,0.8443628844628325,defined,-0.04622707160052787,sensitivity_only
id:x%3A0x1.2000000000000p%2B3,320,6.908,5.67112,5.632087576483109,0.8443628844628325,defined,0.04622707160052787,sensitivity_only
id:x%3A0x1.2000000000000p%2B3,321,6.93,5.6852,5.7242324235168915,0.8443628844628325,defined,-0.04622707160052787,sensitivity_only
id:x%3A0x1.2000000000000p%2B3,322,6.952,5.69928,5.660247576483108,0.8443628844628325,defined,0.04622707160052787,sensitivity_only
id:x%3A0x1.2000000000000p%2B3,323,6.974,5.713360000000001,5.752392423516892,0.8443628844628325,defined,-0.04622707160052787,sensitivity_only
id:x%3A0x1.2000000000000p%2B3,324,6.996,5.7274400000000005,5.688407576483109,0.8443628844628325,defined,0.04622707160052787,sensitivity_only
id:x%3A0x1.2000000000000p%2B3,325,7.0,5.73,5.769032423516892,0.8443628844628325,defined,-0.04622707160052787,sensitivity_only
id:x%3A0x1.2000000000000p%2B3,326,7.018,5.74152,5.702487576483109,0.8443628844628325,defined,0.04622707160052787,sensitivity_only
id:x%3A0x1.2000000000000p%2B3,327,7.04,5.7556,5.794632423516892,0.8443628844628325,defined,-0.04622707160052787,sensitivity_only
id:x%3A0x1.2000000000000p%2B3,328,7.062,5.76968,5.730647576483109,0.8443628844628325,defined,0.04622707160052787,sensitivity_only
id:x%3A0x1.2000000000000p%2B3,329,7.084,5.78376,5.8227924235168915,0.8443628844628325,defined,-0.04622707160052787,sensitivity_only
id:x%3A0x1.2000000000000p%2B3,330,7.106,5.79784,5.758807576483108,0.8443628844628325,defined,0.04622707160052787,sensitivity_only
id:x%3A0x1.2000000000000p%2B3,331,7.128,5.81192,5.850952423516891,0.8443628844628325,defined,-0.04622707160052787,sensitivity_only
id:x%3A0x1.2000000000000p%2B3,332,7.15,5.8260000000000005,5.786967576483109,0.8443628844628325,defined,0.04622707160052787,sensitivity_only
id:x%3A0x1.2000000000000p%2B3,333,7.172,5.8400799999999995,5.879112423516891,0.8443628844628325,defined,-0.04622707160052787,sensitivity_only
id:x%3A0x1.2000000000000p%2B3,334,7.194,5.85416,5.815127576483109,0.8443628844628325,defined,0.04622707160052787,sensitivity_only
id:x%3A0x1.2000000000000p%2B3,335,7.216,5.86824,5.907272423516892,0.8443628844628325,defined,-0.04622707160052787,sensitivity_only
id:x%3A0x1.2000000000000p%2B3,336,7.238,5.88232,5.8432875764831085,0.8443628844628325,defined,0.04622707160052787,sensitivity_only
id:x%3A0x1.2000000000000p%2B3,337,7.26,5.8964,5.935432423516891,0.8443628844628325,defined,-0.04622707160052787,sensitivity_only
id:x%3A0x1.2000000000000p%2B3,338,7.282,5.91048,5.871447576483108,0.8443628844628325,defined,0.04622707160052787,sensitivity_only
id:x%3A0x1.2000000000000p%2B3,339,7.304,5.9245600000000005,5.963592423516892,0.8443628844628325,defined,-0.04622707160052787,sensitivity_only
id:x%3A0x1.2000000000000p%2B3,340,7.326,5.9386399999999995,5.899607576483108,0.8443628844628325,defined,0.04622707160052787,sensitivity_only
id:x%3A0x1.2000000000000p%2B3,341,7.348,5.95272,5.991752423516892,0.8443628844628325,defined,-0.04622707160052787,sensitivity_only
id:x%3A0x1.2000000000000p%2B3,342,7.37,5.9668,5.927767576483109,0.8443628844628325,defined,0.04622707160052787,sensitivity_only
id:x%3A0x1.2000000000000p%2B3,343,7.392,5.98088,6.0199124235168915,0.8443628844628325,defined,-0.04622707160052787,sensitivity_only
id:x%3A0x1.2000000000000p%2B3,344,7.414,5.99496,5.955927576483108,0.8443628844628325,defined,0.04622707160052787,sensitivity_only
id:x%3A0x1.2000000000000p%2B3,345,7.436,6.00904,6.048072423516891,0.8443628844628325,defined,-0.04622707160052787,sensitivity_only
id:x%3A0x1.2000000000000p%2B3,346,7.458,6.0231200000000005,5.984087576483109,0.8443628844628325,defined,0.04622707160052787,sensitivity_only
id:x%3A0x1.2000000000000p%2B3,347,7.48,6.0372,6.076232423516892,0.8443628844628325,defined,-0.04622707160052787,sensitivity_only
id:x%3A0x1.2000000000000p%2B3,348,7.502,6.05128,6.01419924356163,0.8021437472571021,defined,0.04622707160052787,sensitivity_only
id:x%3A0x1.2000000000000p%2B3,349,7.524,6.06536,6.10244075643837,0.8021437472571021,defined,-0.04622707160052787,sensitivity_only
id:x%3A0x1.2000000000000p%2B3,350,7.546,6.07944,6.04235924356163,0.8021437472571021,defined,0.04622707160052787,sensitivity_only
id:x%3A0x1.2000000000000p%2B3,351,7.568,6.09352,6.13060075643837,0.8021437472571021,defined,-0.04622707160052787,sensitivity_only
id:x%3A0x1.2000000000000p%2B3,352,7.59,6.1076,6.0705192435616295,0.8021437472571021,defined,0.04622707160052787,sensitivity_only
id:x%3A0x1.2000000000000p%2B3,353,7.612,6.1216800000000005,6.158760756438371,0.8021437472571021,defined,-0.04622707160052787,sensitivity_only
id:x%3A0x1.2000000000000p%2B3,354,7.634,6.13576,6.09867924356163,0.8021437472571021,defined,0.04622707160052787,sensitivity_only
id:x%3A0x1.2000000000000p%2B3,355,7.656,6.14984,6.18692075643837,0.8021437472571021,defined,-0.04622707160052787,sensitivity_only
id:x%3A0x1.2000000000000p%2B3,356,7.678,6.16392,6.12683924356163,0.8021437472571021,defined,0.04622707160052787,sensitivity_only
id:x%3A0x1.2000000000000p%2B3,357,7.7,6.178,6.21508075643837,0.8021437472571021,defined,-0.04622707160052787,sensitivity_only
id:x%3A0x1.2000000000000p%2B3,358,7.722,6.192080000000001,6.1549992435616305,0.8021437472571021,defined,0.04622707160052787,sensitivity_only
id:x%3A0x1.2000000000000p%2B3,359,7.744,6.20616,6.24324075643837,0.8021437472571021,defined,-0.04622707160052787,sensitivity_only
id:x%3A0x1.2000000000000p%2B3,360,7.766,6.22024,6.18315924356163,0.8021437472571021,defined,0.04622707160052787,sensitivity_only
id:x%3A0x1.2000000000000p%2B3,361,7.788,6.23432,6.2714007564383705,0.8021437472571021,defined,-0.04622707160052787,sensitivity_only
id:x%3A0x1.2000000000000p%2B3,362,7.81,6.2484,6.21131924356163,0.8021437472571021,defined,0.04622707160052787,sensitivity_only
id:x%3A0x1.2000000000000p%2B3,363,7.832,6.26248,6.29956075643837,0.8021437472571021,defined,-0.04622707160052787,sensitivity_only
id:x%3A0x1.2000000000000p%2B3,364,7.854,6.27656,6.23947924356163,0.8021437472571021,defined,0.04622707160052787,sensitivity_only
id:x%3A0x1.2000000000000p%2B3,365,7.876,6.290640000000001,6.327720756438371,0.8021437472571021,defined,-0.04622707160052787,sensitivity_only
id:x%3A0x1.2000000000000p%2B3,366,7.898,6.30472,6.2676392435616295,0.8021437472571021,defined,0.04622707160052787,sensitivity_only
id:x%3A0x1.2000000000000p%2B3,367,7.92,6.3188,6.355880756438371,0.8021437472571021,defined,-0.04622707160052787,sensitivity_only
id:x%3A0x1.2000000000000p%2B3,368,7.942,6.33288,6.29579924356163,0.8021437472571021,defined,0.04622707160052787,sensitivity_only
id:x%3A0x1.2000000000000p%2B3,369,7.964,6.34696,6.38404075643837,0.8021437472571021,defined,-0.04622707160052787,sensitivity_only
id:x%3A0x1.2000000000000p%2B3,370,7.986,6.36104,6.32395924356163,0.8021437472571021,defined,0.04622707160052787,sensitivity_only
id:x%3A0x1.2000000000000p%2B3,371,8.0,6.37,6.40708075643837,0.8021437472571021,defined,-0.04622707160052787,sensitivity_only
id:x%3A0x1.2000000000000p%2B3,372,8.008,6.37512,6.33803924356163,0.8021437472571021,defined,0.04622707160052787,sensitivity_only
id:x%3A0x1.2000000000000p%2B3,373,8.03,6.3892,6.42628075643837,0.8021437472571021,defined,-0.04622707160052787,sensitivity_only
id:x%3A0x1.2000000000000p%2B3,374,8.052,6.40328,6.3661992435616295,0.8021437472571021,defined,0.04622707160052787,sensitivity_only
id:x%3A0x1.2000000000000p%2B3,375,8.074,6.41736,6.454440756438371,0.8021437472571021,defined,-0.04622707160052787,sensitivity_only
id:x%3A0x1.2000000000000p%2B3,376,8.096,6.43144,6.39435924356163,0.8021437472571021,defined,0.04622707160052787,sensitivity_only
id:x%3A0x1.2000000000000p%2B3,377,8.118,6.44552,6.48260075643837,0.8021437472571021,defined,-0.04622707160052787,sensitivity_only
id:x%3A0x1.2000000000000p%2B3,378,8.14,6.459600000000001,6.422519243561631,0.8021437472571021,defined,0.04622707160052787,sensitivity_only
id:x%3A0x1.2000000000000p%2B3,379,8.162,6.473680000000001,6.510760756438371,0.8021437472571021,defined,-0.04622707160052787,sensitivity_only
id:x%3A0x1.2000000000000p%2B3,380,8.184,6.48776,6.45067924356163,0.8021437472571021,defined,0.04622707160052787,sensitivity_only
id:x%3A0x1.2000000000000p%2B3,381,8.206,6.50184,6.53892075643837,0.8021437472571021,defined,-0.04622707160052787,sensitivity_only
id:x%3A0x1.2000000000000p%2B3,382,8.228,6.51592,6.47883924356163,0.8021437472571021,defined,0.04622707160052787,sensitivity_only
id:x%3A0x1.2000000000000p%2B3,383,8.25,6.53,6.56708075643837,0.8021437472571021,defined,-0.04622707160052787,sensitivity_only
id:x%3A0x1.2000000000000p%2B3,384,8.272,6.54408,6.50699924356163,0.8021437472571021,defined,0.04622707160052787,sensitivity_only
id:x%3A0x1.2000000000000p%2B3,385,8.294,6.55816,6.59524075643837,0.8021437472571021,defined,-0.04622707160052787,sensitivity_only
id:x%3A0x1.2000000000000p%2B3,386,8.316,6.572240000000001,6.535159243561631,0.8021437472571021,defined,0.04622707160052787,sensitivity_only
id:x%3A0x1.2000000000000p%2B3,387,8.338,6.58632,6.62340075643837,0.8021437472571021,defined,-0.04622707160052787,sensitivity_only
id:x%3A0x1.2000000000000p%2B3,388,8.36,6.6004,6.563319243561629,0.8021437472571021,defined,0.04622707160052787,sensitivity_only
id:x%3A0x1.2000000000000p%2B3,389,8.382,6.6144799999999995,6.65156075643837,0.8021437472571021,defined,-0.04622707160052787,sensitivity_only
id:x%3A0x1.2000000000000p%2B3,390,8.404,6.62856,6.59147924356163,0.8021437472571021,defined,0.04622707160052787,sensitivity_only
id:x%3A0x1.2000000000000p%2B3,391,8.426,6.64264,6.67972075643837,0.8021437472571021,defined,-0.04622707160052787,sensitivity_only
id:x%3A0x1.2000000000000p%2B3,392,8.448,6.65672,6.61963924356163,0.8021437472571021,defined,0.04622707160052787,sensitivity_only
id:x%3A0x1.2000000000000p%2B3,393,8.47,6.670800000000001,6.707880756438371,0.8021437472571021,defined,-0.04622707160052787,sensitivity_only
id:x%3A0x1.2000000000000p%2B3,394,8.492,6.684880000000001,6.64779924356163,0.8021437472571021,defined,0.04622707160052787,sensitivity_only
id:x%3A0x1.2000000000000p%2B3,395,8.514,6.69896,6.732095995115139,0.7168093060595385,defined,-0.04622707160052787,sensitivity_only
id:x%3A0x1.2000000000000p%2B3,396,8.536,6.7130399999999995,6.67990400488486,0.7168093060595385,defined,0.04622707160052787,sensitivity_only
id:x%3A0x1.2000000000000p%2B3,397,8.558,6.72712,6.7602559951151395,0.7168093060595385,defined,-0.04622707160052787,sensitivity_only
id:x%3A0x1.2000000000000p%2B3,398,8.58,6.7412,6.708064004884861,0.7168093060595385,defined,0.04622707160052787,sensitivity_only
id:x%3A0x1.2000000000000p%2B3,399,8.602,6.75528,6.788415995115139,0.7168093060595385,defined,-0.04622707160052787,sensitivity_only
id:x%3A0x1.2000000000000p%2B3,400,8.624,6.769360000000001,6.736224004884861,0.7168093060595385,defined,0.04622707160052787,sensitivity_only
id:x%3A0x1.2000000000000p%2B3,401,8.646,6.783440000000001,6.81657599511514,0.7168093060595385,defined,-0.04622707160052787,sensitivity_only
id:x%3A0x1.2000000000000p%2B3,402,8.668,6.79752,6.76438400488486,0.7168093060595385,defined,0.04622707160052787,sensitivity_only
id:x%3A0x1.2000000000000p%2B3,403,8.69,6.811599999999999,6.844735995115139,0.7168093060595385,defined,-0.04622707160052787,sensitivity_only
id:x%3A0x1.2000000000000p%2B3,404,8.712,6.82568,6.792544004884861,0.7168093060595385,defined,0.04622707160052787,sensitivity_only
id:x%3A0x1.2000000000000p%2B3,405,8.734,6.83976,6.872895995115139,0.7168093060595385,defined,-0.04622707160052787,sensitivity_only
id:x%3A0x1.2000000000000p%2B3,406,8.756,6.85384,6.820704004884861,0.7168093060595385,defined,0.04622707160052787,sensitivity_only
id:x%3A0x1.2000000000000p%2B3,407,8.778,6.867920000000001,6.90105599511514,0.7168093060595385,defined,-0.04622707160052787,sensitivity_only
id:x%3A0x1.2000000000000p%2B3,408,8.8,6.882000000000001,6.848864004884861,0.7168093060595385,defined,0.04622707160052787,sensitivity_only
id:x%3A0x1.2000000000000p%2B3,409,8.822,6.8960799999999995,6.929215995115139,0.7168093060595385,defined,-0.04622707160052787,sensitivity_only
id:x%3A0x1.2000000000000p%2B3,410,8.844,6.910159999999999,6.87702400488486,0.7168093060595385,defined,0.04622707160052787,sensitivity_only
id:x%3A0x1.2000000000000p%2B3,411,8.866,6.92424,6.9573759951151395,0.7168093060595385,defined,-0.04622707160052787,sensitivity_only
id:x%3A0x1.2000000000000p%2B3,412,8.888,6.93832,6.905184004884861,0.7168093060595385,defined,0.04622707160052787,sensitivity_only
id:x%3A0x1.2000000000000p%2B3,413,8.91,6.9524,6.985535995115139,0.7168093060595385,defined,-0.04622707160052787,sensitivity_only
id:x%3A0x1.2000000000000p%2B3,414,8.932,6.966480000000001,6.933344004884861,0.7168093060595385,defined,0.04622707160052787,sensitivity_only
id:x%3A0x1.2000000000000p%2B3,415,8.954,6.9805600000000005,7.01369599511514,0.7168093060595385,defined,-0.04622707160052787,sensitivity_only
id:x%3A0x1.2000000000000p%2B3,416,8.976,6.99464,6.961504004884861,0.7168093060595385,defined,0.04622707160052787,sensitivity_only
id:x%3A0x1.2000000000000p%2B3,417,8.998,7.008719999999999,7.041855995115139,0.7168093060595385,defined,-0.04622707160052787,sensitivity_only
id:x%3A0x1.2000000000000p%2B3,418,9.0,7.01,6.9768640048848605,0.7168093060595385,defined,0.04622707160052787,sensitivity_only
id:x%3A0x1.2000000000000p%2B3,419,9.02,7.0228,7.0559359951151395,0.7168093060595385,defined,-0.04622707160052787,sensitivity_only
id:x%3A0x1.2000000000000p%2B3,420,9.042,7.03688,7.003744004884861,0.7168093060595385,defined,0.04622707160052787,sensitivity_only
id:x%3A0x1.2000000000000p%2B3,421,9.064,7.05096,7.084095995115139,0.7168093060595385,defined,-0.04622707160052787,sensitivity_only
id:x%3A0x1.2000000000000p%2B3,422,9.086,7.065040000000001,7.031904004884861,0.7168093060595385,defined,0.04622707160052787,sensitivity_only
id:x%3A0x1.2000000000000p%2B3,423,9.108,7.0791200000000005,7.11225599511514,0.7168093060595385,defined,-0.04622707160052787,sensitivity_only
id:x%3A0x1.2000000000000p%2B3,424,9.13,7.0932,7.060064004884861,0.7168093060595385,defined,0.04622707160052787,sensitivity_only
id:x%3A0x1.2000000000000p%2B3,425,9.152,7.107279999999999,7.140415995115139,0.7168093060595385,defined,-0.04622707160052787,sensitivity_only
id:x%3A0x1.2000000000000p%2B3,426,9.174,7.12136,7.088224004884861,0.7168093060595385,defined,0.04622707160052787,sensitivity_only
id:x%3A0x1.2000000000000p%2B3,427,9.196,7.13544,7.168575995115139,0.7168093060595385,defined,-0.04622707160052787,sensitivity_only
id:x%3A0x1.2000000000000p%2B3,428,9.218,7.14952,7.116384004884861,0.7168093060595385,defined,0.04622707160052787,sensitivity_only
id:x%3A0x1.2000000000000p%2B3,429,9.24,7.163600000000001,7.19673599511514,0.7168093060595385,defined,-0.04622707160052787,sensitivity_only
id:x%3A0x1.2000000000000p%2B3,430,9.262,7.1776800000000005,7.144544004884861,0.7168093060595385,defined,0.04622707160052787,sensitivity_only
id:x%3A0x1.2000000000000p%2B3,431,9.284,7.19176,7.22489599511514,0.7168093060595385,defined,-0.04622707160052787,sensitivity_only
id:x%3A0x1.2000000000000p%2B3,432,9.306,7.205839999999999,7.17270400488486,0.7168093060595385,defined,0.04622707160052787,sensitivity_only
id:x%3A0x1.2000000000000p%2B3,433,9.328,7.21992,7.253055995115139,0.7168093060595385,defined,-0.04622707160052787,sensitivity_only
id:x%3A0x1.2000000000000p%2B3,434,9.35,7.234,7.200864004884861,0.7168093060595385,defined,0.04622707160052787,sensitivity_only
id:x%3A0x1.2000000000000p%2B3,435,9.372,7.24808,7.281215995115139,0.7168093060595385,defined,-0.04622707160052787,sensitivity_only
id:x%3A0x1.2000000000000p%2B3,436,9.394,7.262160000000001,7.229024004884861,0.7168093060595385,defined,0.04622707160052787,sensitivity_only
id:x%3A0x1.2000000000000p%2B3,437,9.416,7.2762400000000005,7.30937599511514,0.7168093060595385,defined,-0.04622707160052787,sensitivity_only
id:x%3A0x1.2000000000000p%2B3,438,9.438,7.29032,7.257184004884861,0.7168093060595385,defined,0.04622707160052787,sensitivity_only
id:x%3A0x1.2000000000000p%2B3,439,9.46,7.304400000000001,7.33753599511514,0.7168093060595385,defined,-0.04622707160052787,sensitivity_only
id:x%3A0x1.2000000000000p%2B3,440,9.482,7.31848,7.285344004884861,0.7168093060595385,defined,0.04622707160052787,sensitivity_only
id:x%3A0x1.2000000000000p%2B3,441,9.504,7.33256,7.3715924235168915,0.8443628844628325,defined,-0.04622707160052787,sensitivity_only
id:x%3A0x1.2000000000000p%2B3,442,9.526,7.34664,7.307607576483108,0.8443628844628325,defined,0.04622707160052787,sensitivity_only
id:x%3A0x1.2000000000000p%2B3,443,9.548,7.360720000000001,7.399752423516892,0.8443628844628325,defined,-0.04622707160052787,sensitivity_only
id:x%3A0x1.2000000000000p%2B3,444,9.57,7.3748000000000005,7.335767576483109,0.8443628844628325,defined,0.04622707160052787,sensitivity_only
id:x%3A0x1.2000000000000p%2B3,445,9.592,7.38888,7.427912423516892,0.8443628844628325,defined,-0.04622707160052787,sensitivity_only
id:x%3A0x1.2000000000000p%2B3,446,9.614,7.40296,7.363927576483109,0.8443628844628325,defined,0.04622707160052787,sensitivity_only
id:x%3A0x1.2000000000000p%2B3,447,9.636,7.41704,7.456072423516892,0.8443628844628325,defined,-0.04622707160052787,sensitivity_only
id:x%3A0x1.2000000000000p%2B3,448,9.658,7.43112,7.392087576483108,0.8443628844628325,defined,0.04622707160052787,sensitivity_only
id:x%3A0x1.2000000000000p%2B3,449,9.68,7.4452,7.484232423516891,0.8443628844628325,defined,-0.04622707160052787,sensitivity_only
id:x%3A0x1.2000000000000p%2B3,450,9.702,7.45928,7.420247576483108,0.8443628844628325,defined,0.04622707160052787,sensitivity_only
id:x%3A0x1.2000000000000p%2B3,451,9.724,7.4733600000000004,7.512392423516892,0.8443628844628325,defined,-0.04622707160052787,sensitivity_only
id:x%3A0x1.2000000000000p%2B3,452,9.746,7.48744,7.448407576483109,0.8443628844628325,defined,0.04622707160052787,sensitivity_only
id:x%3A0x1.2000000000000p%2B3,453,9.768,7.50152,7.540552423516892,0.8443628844628325,defined,-0.04622707160052787,sensitivity_only
id:x%3A0x1.2000000000000p%2B3,454,9.79,7.515599999999999,7.476567576483108,0.8443628844628325,defined,0.04622707160052787,sensitivity_only
id:x%3A0x1.2000000000000p%2B3,455,9.812,7.52968,7.568712423516891,0.8443628844628325,defined,-0.04622707160052787,sensitivity_only
id:x%3A0x1.2000000000000p%2B3,456,9.834,7.54376,7.504727576483108,0.8443628844628325,defined,0.04622707160052787,sensitivity_only
id:x%3A0x1.2000000000000p%2B3,457,9.856,7.55784,7.596872423516891,0.8443628844628325,defined,-0.04622707160052787,sensitivity_only
id:x%3A0x1.2000000000000p%2B3,458,9.878,7.57192,7.532887576483109,0.8443628844628325,defined,0.04622707160052787,sensitivity_only
id:x%3A0x1.2000000000000p%2B3,459,9.9,7.586,7.625032423516892,0.8443628844628325,defined,-0.04622707160052787,sensitivity_only
id:x%3A0x1.2000000000000p%2B3,460,9.922,7.60008,7.561047576483109,0.8443628844628325,defined,0.04622707160052787,sensitivity_only
id:x%3A0x1.2000000000000p%2B3,461,9.944,7.614160000000001,7.653192423516892,0.8443628844628325,defined,-0.04622707160052787,sensitivity_only
id:x%3A0x1.2000000000000p%2B3,462,9.966,7.62824,7.589207576483108,0.8443628844628325,defined,0.04622707160052787,sensitivity_only
id:x%3A0x1.2000000000000p%2B3,463,9.988,7.64232,7.681352423516891,0.8443628844628325,defined,-0.04622707160052787,sensitivity_only
id:x%3A0x1.2000000000000p%2B3,464,10.0,7.65,7.610967576483109,0.8443628844628325,defined,0.04622707160052787,sensitivity_only
id:x%3A0x1.2000000000000p%2B3,465,10.01,7.6564,7.695432423516891,0.8443628844628325,defined,-0.04622707160052787,sensitivity_only
id:x%3A0x1.2000000000000p%2B3,466,10.032,7.67048,7.631447576483109,0.8443628844628325,defined,0.04622707160052787,sensitivity_only
id:x%3A0x1.2000000000000p%2B3,467,10.054,7.68456,7.723592423516892,0.8443628844628325,defined,-0.04622707160052787,sensitivity_only
id:x%3A0x1.2000000000000p%2B3,468,10.076,7.69864,7.659607576483109,0.8443628844628325,defined,0.04622707160052787,sensitivity_only
id:x%3A0x1.2000000000000p%2B3,469,10.098,7.712720000000001,7.751752423516892,0.8443628844628325,defined,-0.04622707160052787,sensitivity_only
id:x%3A0x1.2000000000000p%2B3,470,10.12,7.7268,7.687767576483108,0.8443628844628325,defined,0.04622707160052787,sensitivity_only
id:x%3A0x1.2000000000000p%2B3,471,10.142,7.74088,7.779912423516891,0.8443628844628325,defined,-0.04622707160052787,sensitivity_only
id:x%3A0x1.2000000000000p%2B3,472,10.164,7.75496,7.715927576483108,0.8443628844628325,defined,0.04622707160052787,sensitivity_only
id:x%3A0x1.2000000000000p%2B3,473,10.186,7.76904,7.808072423516892,0.8443628844628325,defined,-0.04622707160052787,sensitivity_only
id:x%3A0x1.2000000000000p%2B3,474,10.208,7.78312,7.744087576483109,0.8443628844628325,defined,0.04622707160052787,sensitivity_only
id:x%3A0x1.2000000000000p%2B3,475,10.23,7.7972,7.836232423516892,0.8443628844628325,defined,-0.04622707160052787,sensitivity_only
id:x%3A0x1.2000000000000p%2B3,476,10.252,7.811280000000001,7.772247576483109,0.8443628844628325,defined,0.04622707160052787,sensitivity_only
id:x%3A0x1.2000000000000p%2B3,477,10.274,7.82536,7.864392423516891,0.8443628844628325,defined,-0.04622707160052787,sensitivity_only
id:x%3A0x1.2000000000000p%2B3,478,10.296,7.83944,7.800407576483108,0.8443628844628325,defined,0.04622707160052787,sensitivity_only
id:x%3A0x1.2000000000000p%2B3,479,10.318,7.85352,7.892552423516891,0.8443628844628325,defined,-0.04622707160052787,sensitivity_only
id:x%3A0x1.2000000000000p%2B3,480,10.34,7.8676,7.828567576483109,0.8443628844628325,defined,0.04622707160052787,sensitivity_only
id:x%3A0x1.2000000000000p%2B3,481,10.362,7.88168,7.920712423516892,0.8443628844628325,defined,-0.04622707160052787,sensitivity_only
id:x%3A0x1.2000000000000p%2B3,482,10.384,7.89576,7.856727576483109,0.8443628844628325,defined,0.04622707160052787,sensitivity_only
id:x%3A0x1.2000000000000p%2B3,483,10.406,7.909840000000001,7.948872423516892,0.8443628844628325,defined,-0.04622707160052787,sensitivity_only
id:x%3A0x1.2000000000000p%2B3,484,10.428,7.923920000000001,7.884887576483109,0.8443628844628325,defined,0.04622707160052787,sensitivity_only
id:x%3A0x1.2000000000000p%2B3,485,10.45,7.938,7.977032423516891,0.8443628844628325,defined,-0.04622707160052787,sensitivity_only
id:x%3A0x1.2000000000000p%2B3,486,10.472,7.95208,7.913047576483108,0.8443628844628325,defined,0.04622707160052787,sensitivity_only
id:x%3A0x1.2000000000000p%2B3,487,10.494,7.96616,8.005192423516892,0.8443628844628325,defined,-0.04622707160052787,sensitivity_only
id:x%3A0x1.2000000000000p%2B3,488,10.516,7.98024,7.947104004884861,0.7168093060595381,defined,0.04622707160052787,sensitivity_only
id:x%3A0x1.2000000000000p%2B3,489,10.538,7.99432,8.027455995115139,0.7168093060595381,defined,-0.04622707160052787,sensitivity_only
id:x%3A0x1.2000000000000p%2B3,490,10.56,8.008400000000002,7.975264004884862,0.7168093060595381,defined,0.04622707160052787,sensitivity_only
id:x%3A0x1.2000000000000p%2B3,491,10.582,8.022480000000002,8.05561599511514,0.7168093060595381,defined,-0.04622707160052787,sensitivity_only
id:x%3A0x1.2000000000000p%2B3,492,10.604,8.03656,8.003424004884861,0.7168093060595381,defined,0.04622707160052787,sensitivity_only
id:x%3A0x1.2000000000000p%2B3,493,10.626,8.05064,8.083775995115138,0.7168093060595381,defined,-0.04622707160052787,sensitivity_only
id:x%3A0x1.2000000000000p%2B3,494,10.648,8.064720000000001,8.031584004884863,0.7168093060595381,defined,0.04622707160052787,sensitivity_only
id:x%3A0x1.2000000000000p%2B3,495,10.67,8.078800000000001,8.11193599511514,0.7168093060595381,defined,-0.04622707160052787,sensitivity_only
id:x%3A0x1.2000000000000p%2B3,496,10.692,8.092880000000001,8.059744004884863,0.7168093060595381,defined,0.04622707160052787,sensitivity_only
id:x%3A0x1.2000000000000p%2B3,497,10.714,8.10696,8.14009599511514,0.7168093060595381,defined,-0.04622707160052787,sensitivity_only
id:x%3A0x1.2000000000000p%2B3,498,10.736,8.12104,8.087904004884862,0.7168093060595381,defined,0.04622707160052787,sensitivity_only
id:x%3A0x1.2000000000000p%2B3,499,10.758,8.13512,8.168255995115139,0.7168093060595381,defined,-0.04622707160052787,sensitivity_only
id:x%3A0x1.2000000000000p%2B3,500,10.78,8.1492,8.116064004884862,0.7168093060595381,defined,0.04622707160052787,sensitivity_only
id:x%3A0x1.2000000000000p%2B3,501,10.802,8.16328,8.196415995115139,0.7168093060595381,defined,-0.04622707160052787,sensitivity_only
id:x%3A0x1.2000000000000p%2B3,502,10.824,8.17736,8.144224004884862,0.7168093060595381,defined,0.04622707160052787,sensitivity_only
id:x%3A0x1.2000000000000p%2B3,503,10.846,8.19144,8.224575995115138,0.7168093060595381,defined,-0.04622707160052787,sensitivity_only
id:x%3A0x1.2000000000000p%2B3,504,10.868,8.20552,8.172384004884861,0.7168093060595381,defined,0.04622707160052787,sensitivity_only
id:x%3A0x1.2000000000000p%2B3,505,10.89,8.2196,8.252735995115138,0.7168093060595381,defined,-0.04622707160052787,sensitivity_only
id:x%3A0x1.2000000000000p%2B3,506,10.912,8.23368,8.200544004884861,0.7168093060595381,defined,0.04622707160052787,sensitivity_only
id:x%3A0x1.2000000000000p%2B3,507,10.934,8.24776,8.280895995115138,0.7168093060595381,defined,-0.04622707160052787,sensitivity_only
id:x%3A0x1.2000000000000p%2B3,508,10.956,8.26184,8.228704004884861,0.7168093060595381,defined,0.04622707160052787,sensitivity_only
id:x%3A0x1.2000000000000p%2B3,509,10.978,8.27592,8.309055995115138,0.7168093060595381,defined,-0.04622707160052787,sensitivity_only
id:x%3A0x1.2000000000000p%2B3,510,11.0,8.29,8.25686400488486,0.7168093060595381,defined,0.04622707160052787,sensitivity_only
id:x%3A0x1.4000000000000p%2B3,0,0.0,1.25,1.1661757927915921,0.8698738483891382,defined,0.09636363636363637,sensitivity_only
id:x%3A0x1.4000000000000p%2B3,1,0.022,1.26408,1.3058686508953787,0.8698738483891382,defined,-0.04803989793780348,sensitivity_only
id:x%3A0x1.4000000000000p%2B3,2,0.044,1.27816,1.2363713491046213,0.8698738483891382,defined,0.04803989793780348,sensitivity_only
id:x%3A0x1.4000000000000p%2B3,3,0.066,1.29224,1.3340286508953785,0.8698738483891382,defined,-0.04803989793780348,sensitivity_only
id:x%3A0x1.4000000000000p%2B3,4,0.088,1.30632,1.2645313491046215,0.8698738483891382,defined,0.04803989793780348,sensitivity_only
id:x%3A0x1.4000000000000p%2B3,5,0.11,1.3204,1.3621886508953787,0.8698738483891382,defined,-0.04803989793780348,sensitivity_only
id:x%3A0x1.4000000000000p%2B3,6,0.132,1.33448,1.2926913491046217,0.8698738483891382,defined,0.04803989793780348,sensitivity_only
id:x%3A0x1.4000000000000p%2B3,7,0.154,1.34856,1.3903486508953784,0.8698738483891382,defined,-0.04803989793780348,sensitivity_only
id:x%3A0x1.4000000000000p%2B3,8,0.176,1.36264,1.3208513491046214,0.8698738483891382,defined,0.04803989793780348,sensitivity_only
id:x%3A0x1.4000000000000p%2B3,9,0.198,1.37672,1.4185086508953786,0.8698738483891382,defined,-0.04803989793780348,sensitivity_only
id:x%3A0x1.4000000000000p%2B3,10,0.22,1.3908,1.3490113491046216,0.8698738483891382,defined,0.04803989793780348,sensitivity_only
id:x%3A0x1.4000000000000p%2B3,11,0.242,1.40488,1.4466686508953783,0.8698738483891382,defined,-0.04803989793780348,sensitivity_only
id:x%3A0x1.4000000000000p%2B3,12,0.264,1.41896,1.3771713491046214,0.8698738483891382,defined,0.04803989793780348,sensitivity_only
id:x%3A0x1.4000000000000p%2B3,13,0.286,1.43304,1.4748286508953785,0.8698738483891382,defined,-0.04803989793780348,sensitivity_only
id:x%3A0x1.4000000000000p%2B3,14,0.308,1.44712,1.4053313491046215,0.8698738483891382,defined,0.04803989793780348,sensitivity_only
id:x%3A0x1.4000000000000p%2B3,15,0.33,1.4612,1.5029886508953787,0.8698738483891382,defined,-0.04803989793780348,sensitivity_only
id:x%3A0x1.4000000000000p%2B3,16,0.352,1.47528,1.4334913491046213,0.8698738483891382,defined,0.04803989793780348,sensitivity_only
id:x%3A0x1.4000000000000p%2B3,17,0.374,1.48936,1.5311486508953784,0.8698738483891382,defined,-0.04803989793780348,sensitivity_only
id:x%3A0x1.4000000000000p%2B3,18,0.396,1.5034399999999999,1.4616513491046215,0.8698738483891382,defined,0.04803989793780348,sensitivity_only
id:x%3A0x1.4000000000000p%2B3,19,0.418,1.51752,1.5593086508953786,0.8698738483891382,defined,-0.04803989793780348,sensitivity_only
id:x%3A0x1.4000000000000p%2B3,20,0.44,1.5316,1.4898113491046217,0.8698738483891382,defined,0.04803989793780348,sensitivity_only
id:x%3A0x1.4000000000000p%2B3,21,0.462,1.54568,1.5874686508953784,0.8698738483891382,defined,-0.04803989793780348,sensitivity_only
id:x%3A0x1.4000000000000p%2B3,22,0.484,1.55976,1.5179713491046214,0.8698738483891382,defined,0.04803989793780348,sensitivity_only
id:x%3A0x1.4000000000000p%2B3,23,0.506,1.5738400000000001,1.6156286508953788,0.8698738483891386,defined,-0.04803989793780348,sensitivity_only
id:x%3A0x1.4000000000000p%2B3,24,0.528,1.58792,1.5461313491046214,0.8698738483891386,defined,0.04803989793780348,sensitivity_only
id:x%3A0x1.4000000000000p%2B3,25,0.55,1.602,1.6437886508953787,0.8698738483891386,defined,-0.04803989793780348,sensitivity_only
id:x%3A0x1.4000000000000p%2B3,26,0.572,1.61608,1.5742913491046213,0.8698738483891386,defined,0.04803989793780348,sensitivity_only
id:x%3A0x1.4000000000000p%2B3,27,0.594,1.63016,1.6719486508953787,0.8698738483891386,defined,-0.04803989793780348,sensitivity_only
id:x%3A0x1.4000000000000p%2B3,28,0.616,1.64424,1.6024513491046213,0.8698738483891386,defined,0.04803989793780348,sensitivity_only
id:x%3A0x1.4000000000000p%2B3,29,0.638,1.65832,1.7001086508953787,0.8698738483891386,defined,-0.04803989793780348,sensitivity_only
id:x%3A0x1.4000000000000p%2B3,30,0.66,1.6724,1.6306113491046215,0.8698738483891386,defined,0.04803989793780348,sensitivity_only
id:x%3A0x1.4000000000000p%2B3,31,0.682,1.68648,1.7282686508953786,0.8698738483891386,defined,-0.04803989793780348,sensitivity_only
id:x%3A0x1.4000000000000p%2B3,32,0.704,1.7005599999999998,1.6587713491046212,0.8698738483891386,defined,0.04803989793780348,sensitivity_only
id:x%3A0x1.4000000000000p%2B3,33,0.726,1.71464,1.7564286508953786,0.8698738483891386,defined,-0.04803989793780348,sensitivity_only
id:x%3A0x1.4000000000000p%2B3,34,0.748,1.72872,1.6869313491046214,0.8698738483891386,defined,0.04803989793780348,sensitivity_only
id:x%3A0x1.4000000000000p%2B3,35,0.77,1.7428,1.7845886508953785,0.8698738483891386,defined,-0.04803989793780348,sensitivity_only
id:x%3A0x1.4000000000000p%2B3,36,0.792,1.75688,1.7150913491046214,0.8698738483891386,defined,0.04803989793780348,sensitivity_only
id:x%3A0x1.4000000000000p%2B3,37,0.814,1.77096,1.8127486508953787,0.8698738483891386,defined,-0.04803989793780348,sensitivity_only
id:x%3A0x1.4000000000000p%2B3,38,0.836,1.78504,1.7432513491046213,0.8698738483891386,defined,0.04803989793780348,sensitivity_only
id:x%3A0x1.4000000000000p%2B3,39,0.858,1.79912,1.8409086508953787,0.8698738483891386,defined,-0.04803989793780348,sensitivity_only
id:x%3A0x1.4000000000000p%2B3,40,0.88,1.8132000000000001,1.7714113491046215,0.8698738483891386,defined,0.04803989793780348,sensitivity_only
id:x%3A0x1.4000000000000p%2B3,41,0.902,1.82728,1.8690686508953787,0.8698738483891386,defined,-0.04803989793780348,sensitivity_only
id:x%3A0x1.4000000000000p%2B3,42,0.924,1.8413599999999999,1.7995713491046212,0.8698738483891386,defined,0.04803989793780348,sensitivity_only
id:x%3A0x1.4000000000000p%2B3,43,0.946,1.85544,1.8972286508953786,0.8698738483891386,defined,-0.04803989793780348,sensitivity_only
id:x%3A0x1.4000000000000p%2B3,44,0.968,1.86952,1.8277313491046214,0.8698738483891386,defined,0.04803989793780348,sensitivity_only
id:x%3A0x1.4000000000000p%2B3,45,0.99,1.8836,1.9253886508953786,0.8698738483891386,defined,-0.04803989793780348,sensitivity_only
id:x%3A0x1.4000000000000p%2B3,46,1.0,1.8900000000000001,1.8482113491046215,0.8698738483891386,defined,0.04803989793780348,sensitivity_only
id:x%3A0x1.4000000000000p%2B3,47,1.012,1.89768,1.9394686508953787,0.8698738483891386,defined,-0.04803989793780348,sensitivity_only
id:x%3A0x1.4000000000000p%2B3,48,1.034,1.9117600000000001,1.8699713491046215,0.8698738483891386,defined,0.04803989793780348,sensitivity_only
id:x%3A0x1.4000000000000p%2B3,49,1.056,1.92584,1.9676286508953786,0.8698738483891386,defined,-0.04803989793780348,sensitivity_only
id:x%3A0x1.4000000000000p%2B3,50,1.078,1.93992,1.8981313491046214,0.8698738483891386,defined,0.04803989793780348,sensitivity_only
id:x%3A0x1.4000000000000p%2B3,51,1.1,1.9540000000000002,1.9957886508953788,0.8698738483891386,defined,-0.04803989793780348,sensitivity_only
id:x%3A0x1.4000000000000p%2B3,52,1.122,1.96808,1.9262913491046214,0.8698738483891386,defined,0.04803989793780348,sensitivity_only
id:x%3A0x1.4000000000000p%2B3,53,1.144,1.98216,2.0239486508953783,0.8698738483891386,defined,-0.04803989793780348,sensitivity_only
id:x%3A0x1.4000000000000p%2B3,54,1.166,1.99624,1.9544513491046214,0.8698738483891386,defined,0.04803989793780348,sensitivity_only
id:x%3A0x1.4000000000000p%2B3,55,1.188,2.01032,2.0521086508953785,0.8698738483891386,defined,-0.04803989793780348,sensitivity_only
id:x%3A0x1.4000000000000p%2B3,56,1.21,2.0244,1.9826113491046213,0.8698738483891386,defined,0.04803989793780348,sensitivity_only
id:x%3A0x1.4000000000000p%2B3,57,1.232,2.03848,2.0802686508953783,0.8698738483891386,defined,-0.04803989793780348,sensitivity_only
id:x%3A0x1.4000000000000p%2B3,58,1.254,2.05256,2.0107713491046217,0.8698738483891386,defined,0.04803989793780348,sensitivity_only
id:x%3A0x1.4000000000000p%2B3,59,1.276,2.06664,2.1084286508953785,0.8698738483891386,defined,-0.04803989793780348,sensitivity_only
id:x%3A0x1.4000000000000p%2B3,60,1.298,2.08072,2.0389313491046215,0.8698738483891386,defined,0.04803989793780348,sensitivity_only
id:x%3A0x1.4000000000000p%2B3,61,1.32,2.0948,2.1365886508953786,0.8698738483891386,defined,-0.04803989793780348,sensitivity_only
id:x%3A0x1.4000000000000p%2B3,62,1.342,2.10888,2.0670913491046217,0.8698738483891386,defined,0.04803989793780348,sensitivity_only
id:x%3A0x1.4000000000000p%2B3,63,1.364,2.12296,2.1647486508953784,0.8698738483891386,defined,-0.04803989793780348,sensitivity_only
id:x%3A0x1.4000000000000p%2B3,64,1.386,2.13704,2.0952513491046214,0.8698738483891386,defined,0.04803989793780348,sensitivity_only
id:x%3A0x1.4000000000000p%2B3,65,1.408,2.1511199999999997,2.192908650895378,0.8698738483891386,defined,-0.04803989793780348,sensitivity_only
id:x%3A0x1.4000000000000p%2B3,66,1.43,2.1652,2.1234113491046216,0.8698738483891386,defined,0.04803989793780348,sensitivity_only
id:x%3A0x1.4000000000000p%2B3,67,1.452,2.17928,2.2210686508953783,0.8698738483891386,defined,-0.04803989793780348,sensitivity_only
id:x%3A0x1.4000000000000p%2B3,68,1.474,2.19336,2.1515713491046218,0.8698738483891386,defined,0.04803989793780348,sensitivity_only
id:x%3A0x1.4000000000000p%2B3,69,1.496,2.20744,2.2492286508953785,0.8698738483891386,defined,-0.04803989793780348,sensitivity_only
id:x%3A0x1.4000000000000p%2B3,70,1.518,2.22152,2.1684371191328973,1.1049748884943107,defined,0.04803989793780348,sensitivity_only
id:x%3A0x1.4000000000000p%2B3,71,1.54,2.2356,2.2886828808671025,1.1049748884943107,defined,-0.04803989793780348,sensitivity_only
id:x%3A0x1.4000000000000p%2B3,72,1.562,2.24968,2.1965971191328975,1.1049748884943107,defined,0.04803989793780348,sensitivity_only
id:x%3A0x1.4000000000000p%2B3,73,1.584,2.26376,2.3168428808671027,1.1049748884943107,defined,-0.04803989793780348,sensitivity_only
id:x%3A0x1.4000000000000p%2B3,74,1.606,2.2778400000000003,2.2247571191328976,1.1049748884943107,defined,0.04803989793780348,sensitivity_only
id:x%3A0x1.4000000000000p%2B3,75,1.628,2.29192,2.345002880867103,1.1049748884943107,defined,-0.04803989793780348,sensitivity_only
id:x%3A0x1.4000000000000p%2B3,76,1.65,2.306,2.2529171191328974,1.1049748884943107,defined,0.04803989793780348,sensitivity_only
id:x%3A0x1.4000000000000p%2B3,77,1.672,2.32008,2.3731628808671026,1.1049748884943107,defined,-0.04803989793780348,sensitivity_only
id:x%3A0x1.4000000000000p%2B3,78,1.694,2.33416,2.281077119132897,1.1049748884943107,defined,0.04803989793780348,sensitivity_only
id:x%3A0x1.4000000000000p%2B3,79,1.716,2.34824,2.4013228808671028,1.1049748884943107,defined,-0.04803989793780348,sensitivity_only
id:x%3A0x1.4000000000000p%2B3,80,1.738,2.36232,2.3092371191328973,1.1049748884943107,defined,0.04803989793780348,sensitivity_only
id:x%3A0x1.4000000000000p%2B3,81,1.76,2.3764000000000003,2.429482880867103,1.1049748884943107,defined,-0.04803989793780348,sensitivity_only
id:x%3A0x1.4000000000000p%2B3,82,1.782,2.39048,2.3373971191328975,1.1049748884943107,defined,0.04803989793780348,sensitivity_only
id:x%3A0x1.4000000000000p%2B3,83,1.804,2.40456,2.4576428808671027,1.1049748884943107,defined,-0.04803989793780348,sensitivity_only
id:x%3A0x1.4000000000000p%2B3,84,1.826,2.41864,2.3655571191328972,1.1049748884943107,defined,0.04803989793780348,sensitivity_only
id:x%3A0x1.4000000000000p%2B3,85,1.848,2.4327199999999998,2.4858028808671024,1.1049748884943107,defined,-0.04803989793780348,sensitivity_only
id:x%3A0x1.4000000000000p%2B3,86,1.87,2.4468,2.3937171191328974,1.1049748884943107,defined,0.04803989793780348,sensitivity_only
id:x%3A0x1.4000000000000p%2B3,87,1.892,2.46088,2.5139628808671026,1.1049748884943107,defined,-0.04803989793780348,sensitivity_only
id:x%3A0x1.4000000000000p%2B3,88,1.914,2.4749600000000003,2.4218771191328976,1.1049748884943107,defined,0.04803989793780348,sensitivity_only
id:x%3A0x1.4000000000000p%2B3,89,1.936,2.48904,2.542122880867103,1.1049748884943107,defined,-0.04803989793780348,sensitivity_only
id:x%3A0x1.4000000000000p%2B3,90,1.958,2.50312,2.4500371191328973,1.1049748884943107,defined,0.04803989793780348,sensitivity_only
id:x%3A0x1.4000000000000p%2B3,91,1.98,2.5172,2.5702828808671025,1.1049748884943107,defined,-0.04803989793780348,sensitivity_only
id:x%3A0x1.4000000000000p%2B3,92,2.0,2.5300000000000002,2.4769171191328976,1.1049748884943107,defined,0.04803989793780348,sensitivity_only
id:x%3A0x1.4000000000000p%2B3,93,2.002,2.5312799999999998,2.5843628808671024,1.1049748884943107,defined,-0.04803989793780348,sensitivity_only
id:x%3A0x1.4000000000000p%2B3,94,2.024,2.54536,2.4922771191328974,1.1049748884943107,defined,0.04803989793780348,sensitivity_only
id:x%3A0x1.4000000000000p%2B3,95,2.046,2.55944,2.6125228808671026,1.1049748884943107,defined,-0.04803989793780348,sensitivity_only
id:x%3A0x1.4000000000000p%2B3,96,2.068,2.5735200000000003,2.5204371191328976,1.1049748884943107,defined,0.04803989793780348,sensitivity_only
id:x%3A0x1.4000000000000p%2B3,97,2.09,2.5876,2.640682880867103,1.1049748884943107,defined,-0.04803989793780348,sensitivity_only
id:x%3A0x1.4000000000000p%2B3,98,2.112,2.60168,2.5485971191328973,1.1049748884943107,defined,0.04803989793780348,sensitivity_only
id:x%3A0x1.4000000000000p%2B3,99,2.134,2.61576,2.6688428808671025,1.1049748884943107,defined,-0.04803989793780348,sensitivity_only
id:x%3A0x1.4000000000000p%2B3,100,2.156,2.62984,2.5767571191328975,1.1049748884943107,defined,0.04803989793780348,sensitivity_only
id:x%3A0x1.4000000000000p%2B3,101,2.178,2.64392,2.6970028808671027,1.1049748884943107,defined,-0.04803989793780348,sensitivity_only
id:x%3A0x1.4000000000000p%2B3,102,2.2,2.6580000000000004,2.6049171191328977,1.1049748884943107,defined,0.04803989793780348,sensitivity_only
id:x%3A0x1.4000000000000p%2B3,103,2.222,2.6720800000000002,2.725162880867103,1.1049748884943107,defined,-0.04803989793780348,sensitivity_only
id:x%3A0x1.4000000000000p%2B3,104,2.244,2.68616,2.6330771191328974,1.1049748884943107,defined,0.04803989793780348,sensitivity_only
id:x%3A0x1.4000000000000p%2B3,105,2.266,2.70024,2.7533228808671026,1.1049748884943107,defined,-0.04803989793780348,sensitivity_only
id:x%3A0x1.4000000000000p%2B3,106,2.288,2.71432,2.661237119132897,1.1049748884943107,defined,0.04803989793780348,sensitivity_only
id:x%3A0x1.4000000000000p%2B3,107,2.31,2.7284,2.781482880867103,1.1049748884943107,defined,-0.04803989793780348,sensitivity_only
id:x%3A0x1.4000000000000p%2B3,108,2.332,2.74248,2.6893971191328974,1.1049748884943107,defined,0.04803989793780348,sensitivity_only
id:x%3A0x1.4000000000000p%2B3,109,2.354,2.7565600000000003,2.809642880867103,1.1049748884943107,defined,-0.04803989793780348,sensitivity_only
id:x%3A0x1.4000000000000p%2B3,110,2.376,2.77064,2.7175571191328975,1.1049748884943107,defined,0.04803989793780348,sensitivity_only
id:x%3A0x1.4000000000000p%2B3,111,2.398,2.78472,2.8378028808671028,1.1049748884943107,defined,-0.04803989793780348,sensitivity_only
id:x%3A0x1.4000000000000p%2B3,112,2.42,2.7988,2.7457171191328973,1.1049748884943107,defined,0.04803989793780348,sensitivity_only
id:x%3A0x1.4000000000000p%2B3,113,2.442,2.81288,2.8659628808671025,1.1049748884943107,defined,-0.04803989793780348,sensitivity_only
id:x%3A0x1.4000000000000p%2B3,114,2.464,2.8269599999999997,2.773877119132897,1.1049748884943107,defined,0.04803989793780348,sensitivity_only
id:x%3A0x1.4000000000000p%2B3,115,2.486,2.8410400000000005,2.894122880867103,1.1049748884943107,defined,-0.04803989793780348,sensitivity_only
id:x%3A0x1.4000000000000p%2B3,116,2.508,2.8551200000000003,2.80768423411876,0.9874243684417244,defined,0.04803989793780348,sensitivity_only
id:x%3A0x1.4000000000000p%2B3,117,2.53,2.8692,2.9166357658812405,0.9874243684417244,defined,-0.04803989793780348,sensitivity_only
id:x%3A0x1.4000000000000p%2B3,118,2.552,2.88328,2.8358442341187597,0.9874243684417244,defined,0.04803989793780348,sensitivity_only
id:x%3A0x1.4000000000000p%2B3,119,2.574,2.89736,2.9447957658812403,0.9874243684417244,defined,-0.04803989793780348,sensitivity_only
id:x%3A0x1.4000000000000p%2B3,120,2.596,2.91144,2.8640042341187595,0.9874243684417244,defined,0.04803989793780348,sensitivity_only
id:x%3A0x1.4000000000000p%2B3,121,2.618,2.9255199999999997,2.97295576588124,0.9874243684417244,defined,-0.04803989793780348,sensitivity_only
id:x%3A0x1.4000000000000p%2B3,122,2.64,2.9396000000000004,2.89216423411876,0.9874243684417244,defined,0.04803989793780348,sensitivity_only
id:x%3A0x1.4000000000000p%2B3,123,2.662,2.9536800000000003,3.0011157658812406,0.9874243684417244,defined,-0.04803989793780348,sensitivity_only
id:x%3A0x1.4000000000000p%2B3,124,2.684,2.96776,2.92032423411876,0.9874243684417244,defined,0.04803989793780348,sensitivity_only
id:x%3A0x1.4000000000000p%2B3,125,2.706,2.98184,3.0292757658812404,0.9874243684417244,defined,-0.04803989793780348,sensitivity_only
id:x%3A0x1.4000000000000p%2B3,126,2.728,2.99592,2.9484842341187596,0.9874243684417244,defined,0.04803989793780348,sensitivity_only
id:x%3A0x1.4000000000000p%2B3,127,2.75,3.01,3.05743576588124,0.9874243684417244,defined,-0.04803989793780348,sensitivity_only
id:x%3A0x1.4000000000000p%2B3,128,2.772,3.0240799999999997,2.9766442341187593,0.9874243684417244,defined,0.04803989793780348,sensitivity_only
id:x%3A0x1.4000000000000p%2B3,129,2.794,3.03816,3.0855957658812403,0.9874243684417244,defined,-0.04803989793780348,sensitivity_only
id:x%3A0x1.4000000000000p%2B3,130,2.816,3.05224,3.0048042341187595,0.9874243684417244,defined,0.04803989793780348,sensitivity_only
id:x%3A0x1.4000000000000p%2B3,131,2.838,3.06632,3.1137557658812405,0.9874243684417244,defined,-0.04803989793780348,sensitivity_only
id:x%3A0x1.4000000000000p%2B3,132,2.86,3.0804,3.0329642341187597,0.9874243684417244,defined,0.04803989793780348,sensitivity_only
id:x%3A0x1.4000000000000p%2B3,133,2.882,3.09448,3.14191576588124,0.9874243684417244,defined,-0.04803989793780348,sensitivity_only
id:x%3A0x1.4000000000000p%2B3,134,2.904,3.1085599999999998,3.0611242341187594,0.9874243684417244,defined,0.04803989793780348,sensitivity_only
id:x%3A0x1.4000000000000p%2B3,135,2.926,3.12264,3.1700757658812404,0.9874243684417244,defined,-0.04803989793780348,sensitivity_only
id:x%3A0x1.4000000000000p%2B3,136,2.948,3.13672,3.0892842341187596,0.9874243684417244,defined,0.04803989793780348,sensitivity_only
id:x%3A0x1.4000000000000p%2B3,137,2.97,3.1508000000000003,3.1982357658812406,0.9874243684417244,defined,-0.04803989793780348,sensitivity_only
id:x%3A0x1.4000000000000p%2B3,138,2.992,3.16488,3.11744423411876,0.9874243684417244,defined,0.04803989793780348,sensitivity_only
id:x%3A0x1.4000000000000p%2B3,139,3.0,3.17,3.2174357658812403,0.9874243684417244,defined,-0.04803989793780348,sensitivity_only
id:x%3A0x1.4000000000000p%2B3,140,3.014,3.17896,3.1315242341187597,0.9874243684417244,defined,0.04803989793780348,sensitivity_only
id:x%3A0x1.4000000000000p%2B3,141,3.036,3.19304,3.24047576588124,0.9874243684417244,defined,-0.04803989793780348,sensitivity_only
id:x%3A0x1.4000000000000p%2B3,142,3.058,3.2071199999999997,3.1596842341187594,0.9874243684417244,defined,0.04803989793780348,sensitivity_only
id:x%3A0x1.4000000000000p%2B3,143,3.08,3.2212,3.2686357658812404,0.9874243684417244,defined,-0.04803989793780348,sensitivity_only
id:x%3A0x1.4000000000000p%2B3,144,3.102,3.23528,3.1878442341187596,0.9874243684417244,defined,0.04803989793780348,sensitivity_only
id:x%3A0x1.4000000000000p%2B3,145,3.124,3.2493600000000002,3.2967957658812406,0.9874243684417244,defined,-0.04803989793780348,sensitivity_only
id:x%3A0x1.4000000000000p%2B3,146,3.146,3.26344,3.21600423411876,0.9874243684417244,defined,0.04803989793780348,sensitivity_only
id:x%3A0x1.4000000000000p%2B3,147,3.168,3.27752,3.3249557658812403,0.9874243684417244,defined,-0.04803989793780348,sensitivity_only
id:x%3A0x1.4000000000000p%2B3,148,3.19,3.2916,3.2441642341187595,0.9874243684417244,defined,0.04803989793780348,sensitivity_only
id:x%3A0x1.4000000000000p%2B3,149,3.212,3.30568,3.3531157658812405,0.9874243684417244,defined,-0.04803989793780348,sensitivity_only
id:x%3A0x1.4000000000000p%2B3,150,3.234,3.31976,3.2723242341187597,0.9874243684417244,defined,0.04803989793780348,sensitivity_only
id:x%3A0x1.4000000000000p%2B3,151,3.256,3.33384,3.3812757658812402,0.9874243684417244,defined,-0.04803989793780348,sensitivity_only
id:x%3A0x1.4000000000000p%2B3,152,3.278,3.3479200000000002,3.30048423411876,0.9874243684417244,defined,0.04803989793780348,sensitivity_only
id:x%3A0x1.4000000000000p%2B3,153,3.3,3.362,3.4094357658812404,0.9874243684417244,defined,-0.04803989793780348,sensitivity_only
id:x%3A0x1.4000000000000p%2B3,154,3.322,3.37608,3.3286442341187596,0.9874243684417244,defined,0.04803989793780348,sensitivity_only
id:x%3A0x1.4000000000000p%2B3,155,3.344,3.39016,3.43759576588124,0.9874243684417244,defined,-0.04803989793780348,sensitivity_only
id:x%3A0x1.4000000000000p%2B3,156,3.366,3.40424,3.35680423411876,0.9874243684417244,defined,0.04803989793780348,sensitivity_only
id:x%3A0x1.4000000000000p%2B3,157,3.388,3.41832,3.4657557658812403,0.9874243684417244,defined,-0.04803989793780348,sensitivity_only
id:x%3A0x1.4000000000000p%2B3,158,3.41,3.4324000000000003,3.38496423411876,0.9874243684417244,defined,0.04803989793780348,sensitivity_only
id:x%3A0x1.4000000000000p%2B3,159,3.432,3.44648,3.4939157658812405,0.9874243684417244,defined,-0.04803989793780348,sensitivity_only
id:x%3A0x1.4000000000000p%2B3,160,3.454,3.46056,3.4131242341187598,0.9874243684417244,defined,0.04803989793780348,sensitivity_only
id:x%3A0x1.4000000000000p%2B3,161,3.476,3.47464,3.5220757658812403,0.9874243684417244,defined,-0.04803989793780348,sensitivity_only
id:x%3A0x1.4000000000000p%2B3,162,3.498,3.4887200000000003,3.44128423411876,0.9874243684417244,defined,0.04803989793780348,sensitivity_only
id:x%3A0x1.4000000000000p%2B3,163,3.52,3.5028,3.5445886508953786,0.8698738483891386,defined,-0.04803989793780348,sensitivity_only
id:x%3A0x1.4000000000000p%2B3,164,3.542,3.51688,3.4750913491046216,0.8698738483891386,defined,0.04803989793780348,sensitivity_only
id:x%3A0x1.4000000000000p%2B3,165,3.564,3.53096,3.5727486508953783,0.8698738483891386,defined,-0.04803989793780348,sensitivity_only
id:x%3A0x1.4000000000000p%2B3,166,3.586,3.5450399999999997,3.5032513491046213,0.8698738483891386,defined,0.04803989793780348,sensitivity_only
id:x%3A0x1.4000000000000p%2B3,167,3.608,3.55912,3.6009086508953785,0.8698738483891386,defined,-0.04803989793780348,sensitivity_only
id:x%3A0x1.4000000000000p%2B3,168,3.63,3.5732,3.5314113491046215,0.8698738483891386,defined,0.04803989793780348,sensitivity_only
id:x%3A0x1.4000000000000p%2B3,169,3.652,3.5872800000000002,3.6290686508953787,0.8698738483891386,defined,-0.04803989793780348,sensitivity_only
id:x%3A0x1.4000000000000p%2B3,170,3.674,3.60136,3.5595713491046217,0.8698738483891386,defined,0.04803989793780348,sensitivity_only
id:x%3A0x1.4000000000000p%2B3,171,3.696,3.61544,3.6572286508953784,0.8698738483891386,defined,-0.04803989793780348,sensitivity_only
id:x%3A0x1.4000000000000p%2B3,172,3.718,3.62952,3.5877313491046214,0.8698738483891386,defined,0.04803989793780348,sensitivity_only
id:x%3A0x1.4000000000000p%2B3,173,3.74,3.6436,3.6853886508953786,0.8698738483891386,defined,-0.04803989793780348,sensitivity_only
id:x%3A0x1.4000000000000p%2B3,174,3.762,3.65768,3.6158913491046216,0.8698738483891386,defined,0.04803989793780348,sensitivity_only
id:x%3A0x1.4000000000000p%2B3,175,3.784,3.67176,3.7135486508953783,0.8698738483891386,defined,-0.04803989793780348,sensitivity_only
id:x%3A0x1.4000000000000p%2B3,176,3.806,3.6858400000000002,3.644051349104622,0.8698738483891386,defined,0.04803989793780348,sensitivity_only
id:x%3A0x1.4000000000000p%2B3,177,3.828,3.69992,3.7417086508953785,0.8698738483891386,defined,-0.04803989793780348,sensitivity_only
id:x%3A0x1.4000000000000p%2B3,178,3.85,3.714,3.6722113491046215,0.8698738483891386,defined,0.04803989793780348,sensitivity_only
id:x%3A0x1.4000000000000p%2B3,179,3.872,3.72808,3.7698686508953783,0.8698738483891386,defined,-0.04803989793780348,sensitivity_only
id:x%3A0x1.4000000000000p%2B3,180,3.894,3.74216,3.7003713491046217,0.8698738483891386,defined,0.04803989793780348,sensitivity_only
id:x%3A0x1.4000000000000p%2B3,181,3.916,3.75624,3.7980286508953784,0.8698738483891386,defined,-0.04803989793780348,sensitivity_only
id:x%3A0x1.4000000000000p%2B3,182,3.938,3.7703200000000003,3.728531349104622,0.8698738483891386,defined,0.04803989793780348,sensitivity_only
id:x%3A0x1.4000000000000p%2B3,183,3.96,3.7844,3.8261886508953786,0.8698738483891386,defined,-0.04803989793780348,sensitivity_only
id:x%3A0x1.4000000000000p%2B3,184,3.982,3.79848,3.7566913491046217,0.8698738483891386,defined,0.04803989793780348,sensitivity_only
id:x%3A0x1.4000000000000p%2B3,185,4.0,3.81,3.8517886508953785,0.8698738483891386,defined,-0.04803989793780348,sensitivity_only
id:x%3A0x1.4000000000000p%2B3,186,4.004,3.81256,3.7707713491046215,0.8698738483891386,defined,0.04803989793780348,sensitivity_only
id:x%3A0x1.4000000000000p%2B3,187,4.026,3.82664,3.8684286508953782,0.8698738483891386,defined,-0.04803989793780348,sensitivity_only
id:x%3A0x1.4000000000000p%2B3,188,4.048,3.84072,3.7989313491046217,0.8698738483891386,defined,0.04803989793780348,sensitivity_only
id:x%3A0x1.4000000000000p%2B3,189,4.07,3.8548000000000004,3.896588650895379,0.8698738483891386,defined,-0.04803989793780348,sensitivity_only
id:x%3A0x1.4000000000000p%2B3,190,4.092,3.86888,3.8270913491046215,0.8698738483891386,defined,0.04803989793780348,sensitivity_only
id:x%3A0x1.4000000000000p%2B3,191,4.114,3.88296,3.9247486508953786,0.8698738483891386,defined,-0.04803989793780348,sensitivity_only
id:x%3A0x1.4000000000000p%2B3,192,4.136,3.89704,3.8552513491046216,0.8698738483891386,defined,0.04803989793780348,sensitivity_only
id:x%3A0x1.4000000000000p%2B3,193,4.158,3.9111200000000004,3.952908650895379,0.8698738483891386,defined,-0.04803989793780348,sensitivity_only
id:x%3A0x1.4000000000000p%2B3,194,4.18,3.9252,3.8834113491046214,0.8698738483891386,defined,0.04803989793780348,sensitivity_only
id:x%3A0x1.4000000000000p%2B3,195,4.202,3.93928,3.9810686508953785,0.8698738483891386,defined,-0.04803989793780348,sensitivity_only
id:x%3A0x1.4000000000000p%2B3,196,4.224,3.95336,3.9115713491046216,0.8698738483891386,defined,0.04803989793780348,sensitivity_only
id:x%3A0x1.4000000000000p%2B3,197,4.246,3.9674400000000003,4.009228650895379,0.8698738483891386,defined,-0.04803989793780348,sensitivity_only
id:x%3A0x1.4000000000000p%2B3,198,4.268,3.9815199999999997,3.9397313491046213,0.8698738483891386,defined,0.04803989793780348,sensitivity_only
id:x%3A0x1.4000000000000p%2B3,199,4.29,3.9956,4.0373886508953785,0.8698738483891386,defined,-0.04803989793780348,sensitivity_only
id:x%3A0x1.4000000000000p%2B3,200,4.312,4.00968,3.967891349104622,0.8698738483891386,defined,0.04803989793780348,sensitivity_only
id:x%3A0x1.4000000000000p%2B3,201,4.334,4.023759999999999,4.065548650895378,0.8698738483891386,defined,-0.04803989793780348,sensitivity_only
id:x%3A0x1.4000000000000p%2B3,202,4.356,4.03784,3.9960513491046217,0.8698738483891386,defined,0.04803989793780348,sensitivity_only
id:x%3A0x1.4000000000000p%2B3,203,4.378,4.05192,4.093708650895379,0.8698738483891386,defined,-0.04803989793780348,sensitivity_only
id:x%3A0x1.4000000000000p%2B3,204,4.4,4.066000000000001,4.024211349104622,0.8698738483891386,defined,0.04803989793780348,sensitivity_only
id:x%3A0x1.4000000000000p%2B3,205,4.422,4.08008,4.121868650895379,0.8698738483891386,defined,-0.04803989793780348,sensitivity_only
id:x%3A0x1.4000000000000p%2B3,206,4.444,4.0941600000000005,4.052371349104622,0.8698738483891386,defined,0.04803989793780348,sensitivity_only
id:x%3A0x1.4000000000000p%2B3,207,4.466,4.10824,4.150028650895379,0.8698738483891386,defined,-0.04803989793780348,sensitivity_only
id:x%3A0x1.4000000000000p%2B3,208,4.488,4.12232,4.080531349104621,0.8698738483891386,defined,0.04803989793780348,sensitivity_only
id:x%3A0x1.4000000000000p%2B3,209,4.51,4.1364,4.18383576588124,0.9874243684417244,defined,-0.04803989793780348,sensitivity_only
id:x%3A0x1.4000000000000p%2B3,210,4.532,4.15048,4.10304423411876,0.9874243684417244,defined,0.04803989793780348,sensitivity_only
id:x%3A0x1.4000000000000p%2B3,211,4.554,4.16456,4.21199576588124,0.9874243684417244,defined,-0.04803989793780348,sensitivity_only
id:x%3A0x1.4000000000000p%2B3,212,4.576,4.17864,4.131204234118759,0.9874243684417244,defined,0.04803989793780348,sensitivity_only
id:x%3A0x1.4000000000000p%2B3,213,4.598,4.19272,4.24015576588124,0.9874243684417244,defined,-0.04803989793780348,sensitivity_only
id:x%3A0x1.4000000000000p%2B3,214,4.62,4.2068,4.15936423411876,0.9874243684417244,defined,0.04803989793780348,sensitivity_only
id:x%3A0x1.4000000000000p%2B3,215,4.642,4.22088,4.2683157658812405,0.9874243684417244,defined,-0.04803989793780348,sensitivity_only
id:x%3A0x1.4000000000000p%2B3,216,4.664,4.23496,4.18752423411876,0.9874243684417244,defined,0.04803989793780348,sensitivity_only
id:x%3A0x1.4000000000000p%2B3,217,4.686,4.24904,4.29647576588124,0.9874243684417244,defined,-0.04803989793780348,sensitivity_only
id:x%3A0x1.4000000000000p%2B3,218,4.708,4.263120000000001,4.21568423411876,0.9874243684417244,defined,0.04803989793780348,sensitivity_only
id:x%3A0x1.4000000000000p%2B3,219,4.73,4.277200000000001,4.324635765881241,0.9874243684417244,defined,-0.04803989793780348,sensitivity_only
id:x%3A0x1.4000000000000p%2B3,220,4.752,4.29128,4.24384423411876,0.9874243684417244,defined,0.04803989793780348,sensitivity_only
id:x%3A0x1.4000000000000p%2B3,221,4.774,4.30536,4.352795765881241,0.9874243684417244,defined,-0.04803989793780348,sensitivity_only
id:x%3A0x1.4000000000000p%2B3,222,4.796,4.31944,4.27200423411876,0.9874243684417244,defined,0.04803989793780348,sensitivity_only
id:x%3A0x1.4000000000000p%2B3,223,4.818,4.33352,4.38095576588124,0.9874243684417244,defined,-0.04803989793780348,sensitivity_only
id:x%3A0x1.4000000000000p%2B3,224,4.84,4.3476,4.30016423411876,0.9874243684417244,defined,0.04803989793780348,sensitivity_only
id:x%3A0x1.4000000000000p%2B3,225,4.862,4.36168,4.40911576588124,0.9874243684417244,defined,-0.04803989793780348,sensitivity_only
id:x%3A0x1.4000000000000p%2B3,226,4.884,4.37576,4.328324234118759,0.9874243684417244,defined,0.04803989793780348,sensitivity_only
id:x%3A0x1.4000000000000p%2B3,227,4.906,4.3898399999999995,4.43727576588124,0.9874243684417244,defined,-0.04803989793780348,sensitivity_only
id:x%3A0x1.4000000000000p%2B3,228,4.928,4.403919999999999,4.356484234118759,0.9874243684417244,defined,0.04803989793780348,sensitivity_only
id:x%3A0x1.4000000000000p%2B3,229,4.95,4.418,4.4654357658812405,0.9874243684417244,defined,-0.04803989793780348,sensitivity_only
id:x%3A0x1.4000000000000p%2B3,230,4.972,4.432080000000001,4.384644234118761,0.9874243684417244,defined,0.04803989793780348,sensitivity_only
id:x%3A0x1.4000000000000p%2B3,231,4.994,4.44616,4.49359576588124,0.9874243684417244,defined,-0.04803989793780348,sensitivity_only
id:x%3A0x1.4000000000000p%2B3,232,5.0,4.45,4.40256423411876,0.9874243684417244,defined,0.04803989793780348,sensitivity_only
id:x%3A0x1.4000000000000p%2B3,233,5.016,4.460240000000001,4.507675765881241,0.9874243684417244,defined,-0.04803989793780348,sensitivity_only
id:x%3A0x1.4000000000000p%2B3,234,5.038,4.4743200000000005,4.42688423411876,0.9874243684417244,defined,0.04803989793780348,sensitivity_only
id:x%3A0x1.4000000000000p%2B3,235,5.06,4.4884,4.535835765881241,0.9874243684417244,defined,-0.04803989793780348,sensitivity_only
id:x%3A0x1.4000000000000p%2B3,236,5.082,4.50248,4.45504423411876,0.9874243684417244,defined,0.04803989793780348,sensitivity_only
id:x%3A0x1.4000000000000p%2B3,237,5.104,4.51656,4.5639957658812405,0.9874243684417244,defined,-0.04803989793780348,sensitivity_only
id:x%3A0x1.4000000000000p%2B3,238,5.126,4.53064,4.48320423411876,0.9874243684417244,defined,0.04803989793780348,sensitivity_only
id:x%3A0x1.4000000000000p%2B3,239,5.148,4.54472,4.59215576588124,0.9874243684417244,defined,-0.04803989793780348,sensitivity_only
id:x%3A0x1.4000000000000p%2B3,240,5.17,4.5588,4.511364234118759,0.9874243684417244,defined,0.04803989793780348,sensitivity_only
id:x%3A0x1.4000000000000p%2B3,241,5.192,4.57288,4.62031576588124,0.9874243684417244,defined,-0.04803989793780348,sensitivity_only
id:x%3A0x1.4000000000000p%2B3,242,5.214,4.58696,4.53952423411876,0.9874243684417244,defined,0.04803989793780348,sensitivity_only
id:x%3A0x1.4000000000000p%2B3,243,5.236,4.601039999999999,4.64847576588124,0.9874243684417244,defined,-0.04803989793780348,sensitivity_only
id:x%3A0x1.4000000000000p%2B3,244,5.258,4.61512,4.56768423411876,0.9874243684417244,defined,0.04803989793780348,sensitivity_only
id:x%3A0x1.4000000000000p%2B3,245,5.28,4.629200000000001,4.676635765881241,0.9874243684417244,defined,-0.04803989793780348,sensitivity_only
id:x%3A0x1.4000000000000p%2B3,246,5.302,4.64328,4.5958442341187595,0.9874243684417244,defined,0.04803989793780348,sensitivity_only
id:x%3A0x1.4000000000000p%2B3,247,5.324,4.657360000000001,4.704795765881241,0.9874243684417244,defined,-0.04803989793780348,sensitivity_only
id:x%3A0x1.4000000000000p%2B3,248,5.346,4.6714400000000005,4.62400423411876,0.9874243684417244,defined,0.04803989793780348,sensitivity_only
id:x%3A0x1.4000000000000p%2B3,249,5.368,4.68552,4.732955765881241,0.9874243684417244,defined,-0.04803989793780348,sensitivity_only
id:x%3A0x1.4000000000000p%2B3,250,5.39,4.6996,4.65216423411876,0.9874243684417244,defined,0.04803989793780348,sensitivity_only
id:x%3A0x1.4000000000000p%2B3,251,5.412,4.71368,4.76111576588124,0.9874243684417244,defined,-0.04803989793780348,sensitivity_only
id:x%3A0x1.4000000000000p%2B3,252,5.434,4.72776,4.68032423411876,0.9874243684417244,defined,0.04803989793780348,sensitivity_only
id:x%3A0x1.4000000000000p%2B3,253,5.456,4.74184,4.78927576588124,0.9874243684417244,defined,-0.04803989793780348,sensitivity_only
id:x%3A0x1.4000000000000p%2B3,254,5.478,4.75592,4.708484234118759,0.9874243684417244,defined,0.04803989793780348,sensitivity_only
id:x%3A0x1.4000000000000p%2B3,255,5.5,4.77,4.81743576588124,0.9874243684417244,defined,-0.04803989793780348,sensitivity_only
id:x%3A0x1.4000000000000p%2B3,256,5.522,4.78408,4.7422913491046215,0.8698738483891382,defined,0.04803989793780348,sensitivity_only
id:x%3A0x1.4000000000000p%2B3,257,5.544,4.798159999999999,4.839948650895378,0.8698738483891382,defined,-0.04803989793780348,sensitivity_only
id:x%3A0x1.4000000000000p%2B3,258,5.566,4.81224,4.770451349104621,0.8698738483891382,defined,0.04803989793780348,sensitivity_only
id:x%3A0x1.4000000000000p%2B3,259,5.588,4.82632,4.868108650895379,0.8698738483891382,defined,-0.04803989793780348,sensitivity_only
id:x%3A0x1.4000000000000p%2B3,260,5.61,4.840400000000001,4.798611349104622,0.8698738483891382,defined,0.04803989793780348,sensitivity_only
id:x%3A0x1.4000000000000p%2B3,261,5.632,4.85448,4.8962686508953785,0.8698738483891382,defined,-0.04803989793780348,sensitivity_only
id:x%3A0x1.4000000000000p%2B3,262,5.654,4.86856,4.826771349104622,0.8698738483891382,defined,0.04803989793780348,sensitivity_only
id:x%3A0x1.4000000000000p%2B3,263,5.676,4.88264,4.924428650895379,0.8698738483891382,defined,-0.04803989793780348,sensitivity_only
id:x%3A0x1.4000000000000p%2B3,264,5.698,4.89672,4.854931349104621,0.8698738483891382,defined,0.04803989793780348,sensitivity_only
id:x%3A0x1.4000000000000p%2B3,265,5.72,4.9108,4.952588650895379,0.8698738483891382,defined,-0.04803989793780348,sensitivity_only
id:x%3A0x1.4000000000000p%2B3,266,5.742,4.92488,4.883091349104621,0.8698738483891382,defined,0.04803989793780348,sensitivity_only
id:x%3A0x1.4000000000000p%2B3,267,5.764,4.93896,4.980748650895379,0.8698738483891382,defined,-0.04803989793780348,sensitivity_only
id:x%3A0x1.4000000000000p%2B3,268,5.786,4.95304,4.911251349104621,0.8698738483891382,defined,0.04803989793780348,sensitivity_only
id:x%3A0x1.4000000000000p%2B3,269,5.808,4.9671199999999995,5.008908650895378,0.8698738483891382,defined,-0.04803989793780348,sensitivity_only
id:x%3A0x1.4000000000000p%2B3,270,5.83,4.9812,4.939411349104621,0.8698738483891382,defined,0.04803989793780348,sensitivity_only
id:x%3A0x1.4000000000000p%2B3,271,5.852,4.99528,5.037068650895379,0.8698738483891382,defined,-0.04803989793780348,sensitivity_only
id:x%3A0x1.4000000000000p%2B3,272,5.874,5.00936,4.967571349104621,0.8698738483891382,defined,0.04803989793780348,sensitivity_only
id:x%3A0x1.4000000000000p%2B3,273,5.896,5.02344,5.065228650895379,0.8698738483891382,defined,-0.04803989793780348,sensitivity_only
id:x%3A0x1.4000000000000p%2B3,274,5.918,5.037520000000001,4.995731349104622,0.8698738483891382,defined,0.04803989793780348,sensitivity_only
id:x%3A0x1.4000000000000p%2B3,275,5.94,5.0516000000000005,5.093388650895379,0.8698738483891382,defined,-0.04803989793780348,sensitivity_only
id:x%3A0x1.4000000000000p%2B3,276,5.962,5.06568,5.0238913491046215,0.8698738483891382,defined,0.04803989793780348,sensitivity_only
id:x%3A0x1.4000000000000p%2B3,277,5.984,5.07976,5.121548650895379,0.8698738483891382,defined,-0.04803989793780348,sensitivity_only
id:x%3A0x1.4000000000000p%2B3,278,6.0,5.09,5.048211349104621,0.8698738483891382,defined,0.04803989793780348,sensitivity_only
id:x%3A0x1.4000000000000p%2B3,279,6.006,5.09384,5.135628650895379,0.8698738483891382,defined,-0.04803989793780348,sensitivity_only
id:x%3A0x1.4000000000000p%2B3,280,6.028,5.10792,5.066131349104621,0.8698738483891382,defined,0.04803989793780348,sensitivity_only
id:x%3A0x1.4000000000000p%2B3,281,6.05,5.122,5.163788650895379,0.8698738483891382,defined,-0.04803989793780348,sensitivity_only
id:x%3A0x1.4000000000000p%2B3,282,6.072,5.13608,5.094291349104621,0.8698738483891382,defined,0.04803989793780348,sensitivity_only
id:x%3A0x1.4000000000000p%2B3,283,6.094,5.15016,5.1919486508953785,0.8698738483891382,defined,-0.04803989793780348,sensitivity_only
id:x%3A0x1.4000000000000p%2B3,284,6.116,5.1642399999999995,5.122451349104621,0.8698738483891382,defined,0.04803989793780348,sensitivity_only
id:x%3A0x1.4000000000000p%2B3,285,6.138,5.178319999999999,5.220108650895378,0.8698738483891382,defined,-0.04803989793780348,sensitivity_only
id:x%3A0x1.4000000000000p%2B3,286,6.16,5.1924,5.150611349104621,0.8698738483891382,defined,0.04803989793780348,sensitivity_only
id:x%3A0x1.4000000000000p%2B3,287,6.182,5.206480000000001,5.24826865089538,0.8698738483891382,defined,-0.04803989793780348,sensitivity_only
id:x%3A0x1.4000000000000p%2B3,288,6.204,5.22056,5.178771349104621,0.8698738483891382,defined,0.04803989793780348,sensitivity_only
id:x%3A0x1.4000000000000p%2B3,289,6.226,5.234640000000001,5.2764286508953795,0.8698738483891382,defined,-0.04803989793780348,sensitivity_only
id:x%3A0x1.4000000000000p%2B3,290,6.248,5.2487200000000005,5.206931349104622,0.8698738483891382,defined,0.04803989793780348,sensitivity_only
id:x%3A0x1.4000000000000p%2B3,291,6.27,5.2627999999999995,5.304588650895378,0.8698738483891382,defined,-0.04803989793780348,sensitivity_only
id:x%3A0x1.4000000000000p%2B3,292,6.292,5.27688,5.235091349104621,0.8698738483891382,defined,0.04803989793780348,sensitivity_only
id:x%3A0x1.4000000000000p%2B3,293,6.314,5.29096,5.332748650895379,0.8698738483891382,defined,-0.04803989793780348,sensitivity_only
id:x%3A0x1.4000000000000p%2B3,294,6.336,5.30504,5.263251349104621,0.8698738483891382,defined,0.04803989793780348,sensitivity_only
id:x%3A0x1.4000000000000p%2B3,295,6.358,5.31912,5.360908650895379,0.8698738483891382,defined,-0.04803989793780348,sensitivity_only
id:x%3A0x1.4000000000000p%2B3,296,6.38,5.3332,5.291411349104621,0.8698738483891382,defined,0.04803989793780348,sensitivity_only
id:x%3A0x1.4000000000000p%2B3,297,6.402,5.3472800000000005,5.389068650895379,0.8698738483891382,defined,-0.04803989793780348,sensitivity_only
id:x%3A0x1.4000000000000p%2B3,298,6.424,5.36136,5.3195713491046215,0.8698738483891382,defined,0.04803989793780348,sensitivity_only
id:x%3A0x1.4000000000000p%2B3,299,6.446,5.37544,5.417228650895379,0.8698738483891382,defined,-0.04803989793780348,sensitivity_only
id:x%3A0x1.4000000000000p%2B3,300,6.468,5.38952,5.347731349104621,0.8698738483891382,defined,0.04803989793780348,sensitivity_only
id:x%3A0x1.4000000000000p%2B3,301,6.49,5.4036,5.445388650895379,0.8698738483891382,defined,-0.04803989793780348,sensitivity_only
id:x%3A0x1.4000000000000p%2B3,302,6.512,5.41768,5.377116893207936,0.8443628844628325,defined,0.04803989793780348,sensitivity_only
id:x%3A0x1.4000000000000p%2B3,303,6.534,5.43176,5.4723231067920635,0.8443628844628325,defined,-0.04803989793780348,sensitivity_only
id:x%3A0x1.4000000000000p%2B3,304,6.556,5.4458400000000005,5.405276893207937,0.8443628844628325,defined,0.04803989793780348,sensitivity_only
id:x%3A0x1.4000000000000p%2B3,305,6.578,5.45992,5.500483106792064,0.8443628844628325,defined,-0.04803989793780348,sensitivity_only
id:x%3A0x1.4000000000000p%2B3,306,6.6,5.474,5.433436893207936,0.8443628844628325,defined,0.04803989793780348,sensitivity_only
id:x%3A0x1.4000000000000p%2B3,307,6.622,5.48808,5.528643106792064,0.8443628844628325,defined,-0.04803989793780348,sensitivity_only
id:x%3A0x1.4000000000000p%2B3,308,6.644,5.50216,5.461596893207936,0.8443628844628325,defined,0.04803989793780348,sensitivity_only
id:x%3A0x1.4000000000000p%2B3,309,6.666,5.516240000000001,5.5568031067920645,0.8443628844628325,defined,-0.04803989793780348,sensitivity_only
id:x%3A0x1.4000000000000p%2B3,310,6.688,5.53032,5.489756893207936,0.8443628844628325,defined,0.04803989793780348,sensitivity_only
id:x%3A0x1.4000000000000p%2B3,311,6.71,5.5444,5.584963106792064,0.8443628844628325,defined,-0.04803989793780348,sensitivity_only
id:x%3A0x1.4000000000000p%2B3,312,6.732,5.55848,5.5179168932079365,0.8443628844628325,defined,0.04803989793780348,sensitivity_only
id:x%3A0x1.4000000000000p%2B3,313,6.754,5.57256,5.613123106792064,0.8443628844628325,defined,-0.04803989793780348,sensitivity_only
id:x%3A0x1.4000000000000p%2B3,314,6.776,5.58664,5.546076893207936,0.8443628844628325,defined,0.04803989793780348,sensitivity_only
id:x%3A0x1.4000000000000p%2B3,315,6.798,5.60072,5.641283106792064,0.8443628844628325,defined,-0.04803989793780348,sensitivity_only
id:x%3A0x1.4000000000000p%2B3,316,6.82,5.614800000000001,5.574236893207937,0.8443628844628325,defined,0.04803989793780348,sensitivity_only
id:x%3A0x1.4000000000000p%2B3,317,6.842,5.62888,5.669443106792063,0.8443628844628325,defined,-0.04803989793780348,sensitivity_only
id:x%3A0x1.4000000000000p%2B3,318,6.864,5.64296,5.602396893207937,0.8443628844628325,defined,0.04803989793780348,sensitivity_only
id:x%3A0x1.4000000000000p%2B3,319,6.886,5.65704,5.697603106792064,0.8443628844628325,defined,-0.04803989793780348,sensitivity_only
id:x%3A0x1.4000000000000p%2B3,320,6.908,5.67112,5.630556893207936,0.8443628844628325,defined,0.04803989793780348,sensitivity_only
id:x%3A0x1.4000000000000p%2B3,321,6.93,5.6852,5.725763106792064,0.8443628844628325,defined,-0.04803989793780348,sensitivity_only
id:x%3A0x1.4000000000000p%2B3,322,6.952,5.69928,5.658716893207936,0.8443628844628325,defined,0.04803989793780348,sensitivity_only
id:x%3A0x1.4000000000000p%2B3,323,6.974,5.713360000000001,5.753923106792064,0.8443628844628325,defined,-0.04803989793780348,sensitivity_only
id:x%3A0x1.4000000000000p%2B3,324,6.996,5.7274400000000005,5.686876893207937,0.8443628844628325,defined,0.04803989793780348,sensitivity_only
id:x%3A0x1.4000000000000p%2B3,325,7.0,5.73,5.770563106792064,0.8443628844628325,defined,-0.04803989793780348,sensitivity_only
id:x%3A0x1.4000000000000p%2B3,326,7.018,5.74152,5.700956893207937,0.8443628844628325,defined,0.04803989793780348,sensitivity_only
id:x%3A0x1.4000000000000p%2B3,327,7.04,5.7556,5.796163106792064,0.8443628844628325,defined,-0.04803989793780348,sensitivity_only
id:x%3A0x1.4000000000000p%2B3,328,7.062,5.76968,5.729116893207936,0.8443628844628325,defined,0.04803989793780348,sensitivity_only
id:x%3A0x1.4000000000000p%2B3,329,7.084,5.78376,5.824323106792064,0.8443628844628325,defined,-0.04803989793780348,sensitivity_only
id:x%3A0x1.4000000000000p%2B3,330,7.106,5.79784,5.757276893207936,0.8443628844628325,defined,0.04803989793780348,sensitivity_only
id:x%3A0x1.4000000000000p%2B3,331,7.128,5.81192,5.8524831067920635,0.8443628844628325,defined,-0.04803989793780348,sensitivity_only
id:x%3A0x1.4000000000000p%2B3,332,7.15,5.8260000000000005,5.785436893207937,0.8443628844628325,defined,0.04803989793780348,sensitivity_only
id:x%3A0x1.4000000000000p%2B3,333,7.172,5.8400799999999995,5.880643106792063,0.8443628844628325,defined,-0.04803989793780348,sensitivity_only
id:x%3A0x1.4000000000000p%2B3,334,7.194,5.85416,5.8135968932079365,0.8443628844628325,defined,0.04803989793780348,sensitivity_only
id:x%3A0x1.4000000000000p%2B3,335,7.216,5.86824,5.908803106792064,0.8443628844628325,defined,-0.04803989793780348,sensitivity_only
id:x%3A0x1.4000000000000p%2B3,336,7.238,5.88232,5.841756893207936,0.8443628844628325,defined,0.04803989793780348,sensitivity_only
id:x%3A0x1.4000000000000p%2B3,337,7.26,5.8964,5.936963106792064,0.8443628844628325,defined,-0.04803989793780348,sensitivity_only
id:x%3A0x1.4000000000000p%2B3,338,7.282,5.91048,5.869916893207936,0.8443628844628325,defined,0.04803989793780348,sensitivity_only
id:x%3A0x1.4000000000000p%2B3,339,7.304,5.9245600000000005,5.965123106792064,0.8443628844628325,defined,-0.04803989793780348,sensitivity_only
id:x%3A0x1.4000000000000p%2B3,340,7.326,5.9386399999999995,5.898076893207936,0.8443628844628325,defined,0.04803989793780348,sensitivity_only
id:x%3A0x1.4000000000000p%2B3,341,7.348,5.95272,5.993283106792064,0.8443628844628325,defined,-0.04803989793780348,sensitivity_only
id:x%3A0x1.4000000000000p%2B3,342,7.37,5.9668,5.926236893207936,0.8443628844628325,defined,0.04803989793780348,sensitivity_only
id:x%3A0x1.4000000000000p%2B3,343,7.392,5.98088,6.021443106792064,0.8443628844628325,defined,-0.04803989793780348,sensitivity_only
id:x%3A0x1.4000000000000p%2B3,344,7.414,5.99496,5.954396893207936,0.8443628844628325,defined,0.04803989793780348,sensitivity_only
id:x%3A0x1.4000000000000p%2B3,345,7.436,6.00904,6.0496031067920635,0.8443628844628325,defined,-0.04803989793780348,sensitivity_only
id:x%3A0x1.4000000000000p%2B3,346,7.458,6.0231200000000005,5.982556893207937,0.8443628844628325,defined,0.04803989793780348,sensitivity_only
id:x%3A0x1.4000000000000p%2B3,347,7.48,6.0372,6.077763106792064,0.8443628844628325,defined,-0.04803989793780348,sensitivity_only
id:x%3A0x1.4000000000000p%2B3,348,7.502,6.05128,6.012745096250322,0.8021437472571021,defined,0.04803989793780348,sensitivity_only
id:x%3A0x1.4000000000000p%2B3,349,7.524,6.06536,6.103894903749678,0.8021437472571021,defined,-0.04803989793780348,sensitivity_only
id:x%3A0x1.4000000000000p%2B3,350,7.546,6.07944,6.040905096250322,0.8021437472571021,defined,0.04803989793780348,sensitivity_only
id:x%3A0x1.4000000000000p%2B3,351,7.568,6.09352,6.132054903749678,0.8021437472571021,defined,-0.04803989793780348,sensitivity_only
id:x%3A0x1.4000000000000p%2B3,352,7.59,6.1076,6.069065096250322,0.8021437472571021,defined,0.04803989793780348,sensitivity_only
id:x%3A0x1.4000000000000p%2B3,353,7.612,6.1216800000000005,6.1602149037496785,0.8021437472571021,defined,-0.04803989793780348,sensitivity_only
id:x%3A0x1.4000000000000p%2B3,354,7.634,6.13576,6.097225096250322,0.8021437472571021,defined,0.04803989793780348,sensitivity_only
id:x%3A0x1.4000000000000p%2B3,355,7.656,6.14984,6.188374903749678,0.8021437472571021,defined,-0.04803989793780348,sensitivity_only
id:x%3A0x1.4000000000000p%2B3,356,7.678,6.16392,6.125385096250322,0.8021437472571021,defined,0.04803989793780348,sensitivity_only
id:x%3A0x1.4000000000000p%2B3,357,7.7,6.178,6.216534903749678,0.8021437472571021,defined,-0.04803989793780348,sensitivity_only
id:x%3A0x1.4000000000000p%2B3,358,7.722,6.192080000000001,6.153545096250323,0.8021437472571021,defined,0.04803989793780348,sensitivity_only
id:x%3A0x1.4000000000000p%2B3,359,7.744,6.20616,6.244694903749678,0.8021437472571021,defined,-0.04803989793780348,sensitivity_only
id:x%3A0x1.4000000000000p%2B3,360,7.766,6.22024,6.181705096250322,0.8021437472571021,defined,0.04803989793780348,sensitivity_only
id:x%3A0x1.4000000000000p%2B3,361,7.788,6.23432,6.272854903749678,0.8021437472571021,defined,-0.04803989793780348,sensitivity_only
id:x%3A0x1.4000000000000p%2B3,362,7.81,6.2484,6.209865096250322,0.8021437472571021,defined,0.04803989793780348,sensitivity_only
id:x%3A0x1.4000000000000p%2B3,363,7.832,6.26248,6.301014903749678,0.8021437472571021,defined,-0.04803989793780348,sensitivity_only
id:x%3A0x1.4000000000000p%2B3,364,7.854,6.27656,6.238025096250322,0.8021437472571021,defined,0.04803989793780348,sensitivity_only
id:x%3A0x1.4000000000000p%2B3,365,7.876,6.290640000000001,6.329174903749679,0.8021437472571021,defined,-0.04803989793780348,sensitivity_only
id:x%3A0x1.4000000000000p%2B3,366,7.898,6.30472,6.266185096250322,0.8021437472571021,defined,0.04803989793780348,sensitivity_only
id:x%3A0x1.4000000000000p%2B3,367,7.92,6.3188,6.3573349037496785,0.8021437472571021,defined,-0.04803989793780348,sensitivity_only
id:x%3A0x1.4000000000000p%2B3,368,7.942,6.33288,6.294345096250322,0.8021437472571021,defined,0.04803989793780348,sensitivity_only
id:x%3A0x1.4000000000000p%2B3,369,7.964,6.34696,6.385494903749678,0.8021437472571021,defined,-0.04803989793780348,sensitivity_only
id:x%3A0x1.4000000000000p%2B3,370,7.986,6.36104,6.322505096250322,0.8021437472571021,defined,0.04803989793780348,sensitivity_only
id:x%3A0x1.4000000000000p%2B3,371,8.0,6.37,6.408534903749678,0.8021437472571021,defined,-0.04803989793780348,sensitivity_only
id:x%3A0x1.4000000000000p%2B3,372,8.008,6.37512,6.336585096250322,0.8021437472571021,defined,0.04803989793780348,sensitivity_only
id:x%3A0x1.4000000000000p%2B3,373,8.03,6.3892,6.427734903749678,0.8021437472571021,defined,-0.04803989793780348,sensitivity_only
id:x%3A0x1.4000000000000p%2B3,374,8.052,6.40328,6.364745096250322,0.8021437472571021,defined,0.04803989793780348,sensitivity_only
id:x%3A0x1.4000000000000p%2B3,375,8.074,6.41736,6.4558949037496784,0.8021437472571021,defined,-0.04803989793780348,sensitivity_only
id:x%3A0x1.4000000000000p%2B3,376,8.096,6.43144,6.392905096250322,0.8021437472571021,defined,0.04803989793780348,sensitivity_only
id:x%3A0x1.4000000000000p%2B3,377,8.118,6.44552,6.484054903749678,0.8021437472571021,defined,-0.04803989793780348,sensitivity_only
id:x%3A0x1.4000000000000p%2B3,378,8.14,6.459600000000001,6.421065096250323,0.8021437472571021,defined,0.04803989793780348,sensitivity_only
id:x%3A0x1.4000000000000p%2B3,379,8.162,6.473680000000001,6.512214903749679,0.8021437472571021,defined,-0.04803989793780348,sensitivity_only
id:x%3A0x1.4000000000000p%2B3,380,8.184,6.48776,6.449225096250322,0.8021437472571021,defined,0.04803989793780348,sensitivity_only
id:x%3A0x1.4000000000000p%2B3,381,8.206,6.50184,6.540374903749678,0.8021437472571021,defined,-0.04803989793780348,sensitivity_only
id:x%3A0x1.4000000000000p%2B3,382,8.228,6.51592,6.477385096250322,0.8021437472571021,defined,0.04803989793780348,sensitivity_only
id:x%3A0x1.4000000000000p%2B3,383,8.25,6.53,6.568534903749678,0.8021437472571021,defined,-0.04803989793780348,sensitivity_only
id:x%3A0x1.4000000000000p%2B3,384,8.272,6.54408,6.505545096250322,0.8021437472571021,defined,0.04803989793780348,sensitivity_only
id:x%3A0x1.4000000000000p%2B3,385,8.294,6.55816,6.596694903749678,0.8021437472571021,defined,-0.04803989793780348,sensitivity_only
id:x%3A0x1.4000000000000p%2B3,386,8.316,6.572240000000001,6.533705096250323,0.8021437472571021,defined,0.04803989793780348,sensitivity_only
id:x%3A0x1.4000000000000p%2B3,387,8.338,6.58632,6.624854903749678,0.8021437472571021,defined,-0.04803989793780348,sensitivity_only
id:x%3A0x1.4000000000000p%2B3,388,8.36,6.6004,6.5618650962503215,0.8021437472571021,defined,0.04803989793780348,sensitivity_only
id:x%3A0x1.4000000000000p%2B3,389,8.382,6.6144799999999995,6.6530149037496775,0.8021437472571021,defined,-0.04803989793780348,sensitivity_only
id:x%3A0x1.4000000000000p%2B3,390,8.404,6.62856,6.590025096250322,0.8021437472571021,defined,0.04803989793780348,sensitivity_only
id:x%3A0x1.4000000000000p%2B3,391,8.426,6.64264,6.681174903749678,0.8021437472571021,defined,-0.04803989793780348,sensitivity_only
id:x%3A0x1.4000000000000p%2B3,392,8.448,6.65672,6.618185096250322,0.8021437472571021,defined,0.04803989793780348,sensitivity_only
id:x%3A0x1.4000000000000p%2B3,393,8.47,6.670800000000001,6.709334903749679,0.8021437472571021,defined,-0.04803989793780348,sensitivity_only
id:x%3A0x1.4000000000000p%2B3,394,8.492,6.684880000000001,6.6463450962503225,0.8021437472571021,defined,0.04803989793780348,sensitivity_only
id:x%3A0x1.4000000000000p%2B3,395,8.514,6.69896,6.733395445903968,0.7168093060595385,defined,-0.04803989793780348,sensitivity_only
id:x%3A0x1.4000000000000p%2B3,396,8.536,6.7130399999999995,6.678604554096031,0.7168093060595385,defined,0.04803989793780348,sensitivity_only
id:x%3A0x1.4000000000000p%2B3,397,8.558,6.72712,6.761555445903968,0.7168093060595385,defined,-0.04803989793780348,sensitivity_only
id:x%3A0x1.4000000000000p%2B3,398,8.58,6.7412,6.706764554096032,0.7168093060595385,defined,0.04803989793780348,sensitivity_only
id:x%3A0x1.4000000000000p%2B3,399,8.602,6.75528,6.789715445903968,0.7168093060595385,defined,-0.04803989793780348,sensitivity_only
id:x%3A0x1.4000000000000p%2B3,400,8.624,6.769360000000001,6.7349245540960325,0.7168093060595385,defined,0.04803989793780348,sensitivity_only
id:x%3A0x1.4000000000000p%2B3,401,8.646,6.783440000000001,6.817875445903969,0.7168093060595385,defined,-0.04803989793780348,sensitivity_only
id:x%3A0x1.4000000000000p%2B3,402,8.668,6.79752,6.763084554096031,0.7168093060595385,defined,0.04803989793780348,sensitivity_only
id:x%3A0x1.4000000000000p%2B3,403,8.69,6.811599999999999,6.846035445903968,0.7168093060595385,defined,-0.04803989793780348,sensitivity_only
id:x%3A0x1.4000000000000p%2B3,404,8.712,6.82568,6.791244554096032,0.7168093060595385,defined,0.04803989793780348,sensitivity_only
id:x%3A0x1.4000000000000p%2B3,405,8.734,6.83976,6.874195445903968,0.7168093060595385,defined,-0.04803989793780348,sensitivity_only
id:x%3A0x1.4000000000000p%2B3,406,8.756,6.85384,6.819404554096032,0.7168093060595385,defined,0.04803989793780348,sensitivity_only
id:x%3A0x1.4000000000000p%2B3,407,8.778,6.867920000000001,6.902355445903969,0.7168093060595385,defined,-0.04803989793780348,sensitivity_only
id:x%3A0x1.4000000000000p%2B3,408,8.8,6.882000000000001,6.847564554096032,0.7168093060595385,defined,0.04803989793780348,sensitivity_only
id:x%3A0x1.4000000000000p%2B3,409,8.822,6.8960799999999995,6.930515445903968,0.7168093060595385,defined,-0.04803989793780348,sensitivity_only
id:x%3A0x1.4000000000000p%2B3,410,8.844,6.910159999999999,6.875724554096031,0.7168093060595385,defined,0.04803989793780348,sensitivity_only
id:x%3A0x1.4000000000000p%2B3,411,8.866,6.92424,6.958675445903968,0.7168093060595385,defined,-0.04803989793780348,sensitivity_only
id:x%3A0x1.4000000000000p%2B3,412,8.888,6.93832,6.903884554096032,0.7168093060595385,defined,0.04803989793780348,sensitivity_only
id:x%3A0x1.4000000000000p%2B3,413,8.91,6.9524,6.986835445903968,0.7168093060595385,defined,-0.04803989793780348,sensitivity_only
id:x%3A0x1.4000000000000p%2B3,414,8.932,6.966480000000001,6.9320445540960325,0.7168093060595385,defined,0.04803989793780348,sensitivity_only
id:x%3A0x1.4000000000000p%2B3,415,8.954,6.9805600000000005,7.014995445903969,0.7168093060595385,defined,-0.04803989793780348,sensitivity_only
id:x%3A0x1.4000000000000p%2B3,416,8.976,6.99464,6.960204554096032,0.7168093060595385,defined,0.04803989793780348,sensitivity_only
id:x%3A0x1.4000000000000p%2B3,417,8.998,7.008719999999999,7.043155445903968,0.7168093060595385,defined,-0.04803989793780348,sensitivity_only
id:x%3A0x1.4000000000000p%2B3,418,9.0,7.01,6.975564554096032,0.7168093060595385,defined,0.04803989793780348,sensitivity_only
id:x%3A0x1.4000000000000p%2B3,419,9.02,7.0228,7.057235445903968,0.7168093060595385,defined,-0.04803989793780348,sensitivity_only
id:x%3A0x1.4000000000000p%2B3,420,9.042,7.03688,7.002444554096032,0.7168093060595385,defined,0.04803989793780348,sensitivity_only
id:x%3A0x1.4000000000000p%2B3,421,9.064,7.05096,7.085395445903968,0.7168093060595385,defined,-0.04803989793780348,sensitivity_only
id:x%3A0x1.4000000000000p%2B3,422,9.086,7.065040000000001,7.0306045540960325,0.7168093060595385,defined,0.04803989793780348,sensitivity_only
id:x%3A0x1.4000000000000p%2B3,423,9.108,7.0791200000000005,7.113555445903969,0.7168093060595385,defined,-0.04803989793780348,sensitivity_only
id:x%3A0x1.4000000000000p%2B3,424,9.13,7.0932,7.058764554096032,0.7168093060595385,defined,0.04803989793780348,sensitivity_only
id:x%3A0x1.4000000000000p%2B3,425,9.152,7.107279999999999,7.141715445903968,0.7168093060595385,defined,-0.04803989793780348,sensitivity_only
id:x%3A0x1.4000000000000p%2B3,426,9.174,7.12136,7.086924554096032,0.7168093060595385,defined,0.04803989793780348,sensitivity_only
id:x%3A0x1.4000000000000p%2B3,427,9.196,7.13544,7.169875445903968,0.7168093060595385,defined,-0.04803989793780348,sensitivity_only
id:x%3A0x1.4000000000000p%2B3,428,9.218,7.14952,7.115084554096032,0.7168093060595385,defined,0.04803989793780348,sensitivity_only
id:x%3A0x1.4000000000000p%2B3,429,9.24,7.163600000000001,7.198035445903969,0.7168093060595385,defined,-0.04803989793780348,sensitivity_only
id:x%3A0x1.4000000000000p%2B3,430,9.262,7.1776800000000005,7.143244554096032,0.7168093060595385,defined,0.04803989793780348,sensitivity_only
id:x%3A0x1.4000000000000p%2B3,431,9.284,7.19176,7.226195445903969,0.7168093060595385,defined,-0.04803989793780348,sensitivity_only
id:x%3A0x1.4000000000000p%2B3,432,9.306,7.205839999999999,7.171404554096031,0.7168093060595385,defined,0.04803989793780348,sensitivity_only
id:x%3A0x1.4000000000000p%2B3,433,9.328,7.21992,7.254355445903968,0.7168093060595385,defined,-0.04803989793780348,sensitivity_only
id:x%3A0x1.4000000000000p%2B3,434,9.35,7.234,7.199564554096032,0.7168093060595385,defined,0.04803989793780348,sensitivity_only
id:x%3A0x1.4000000000000p%2B3,435,9.372,7.24808,7.282515445903968,0.7168093060595385,defined,-0.04803989793780348,sensitivity_only
id:x%3A0x1.4000000000000p%2B3,436,9.394,7.262160000000001,7.227724554096032,0.7168093060595385,defined,0.04803989793780348,sensitivity_only
id:x%3A0x1.4000000000000p%2B3,437,9.416,7.2762400000000005,7.310675445903969,0.7168093060595385,defined,-0.04803989793780348,sensitivity_only
id:x%3A0x1.4000000000000p%2B3,438,9.438,7.29032,7.255884554096032,0.7168093060595385,defined,0.04803989793780348,sensitivity_only
id:x%3A0x1.4000000000000p%2B3,439,9.46,7.304400000000001,7.338835445903969,0.7168093060595385,defined,-0.04803989793780348,sensitivity_only
id:x%3A0x1.4000000000000p%2B3,440,9.482,7.31848,7.284044554096032,0.7168093060595385,defined,0.04803989793780348,sensitivity_only
id:x%3A0x1.4000000000000p%2B3,441,9.504,7.33256,7.373123106792064,0.8443628844628325,defined,-0.04803989793780348,sensitivity_only
id:x%3A0x1.4000000000000p%2B3,442,9.526,7.34664,7.306076893207936,0.8443628844628325,defined,0.04803989793780348,sensitivity_only
id:x%3A0x1.4000000000000p%2B3,443,9.548,7.360720000000001,7.401283106792064,0.8443628844628325,defined,-0.04803989793780348,sensitivity_only
id:x%3A0x1.4000000000000p%2B3,444,9.57,7.3748000000000005,7.334236893207937,0.8443628844628325,defined,0.04803989793780348,sensitivity_only
id:x%3A0x1.4000000000000p%2B3,445,9.592,7.38888,7.429443106792064,0.8443628844628325,defined,-0.04803989793780348,sensitivity_only
id:x%3A0x1.4000000000000p%2B3,446,9.614,7.40296,7.362396893207936,0.8443628844628325,defined,0.04803989793780348,sensitivity_only
id:x%3A0x1.4000000000000p%2B3,447,9.636,7.41704,7.457603106792064,0.8443628844628325,defined,-0.04803989793780348,sensitivity_only
id:x%3A0x1.4000000000000p%2B3,448,9.658,7.43112,7.390556893207936,0.8443628844628325,defined,0.04803989793780348,sensitivity_only
id:x%3A0x1.4000000000000p%2B3,449,9.68,7.4452,7.485763106792064,0.8443628844628325,defined,-0.04803989793780348,sensitivity_only
id:x%3A0x1.4000000000000p%2B3,450,9.702,7.45928,7.418716893207936,0.8443628844628325,defined,0.04803989793780348,sensitivity_only
id:x%3A0x1.4000000000000p%2B3,451,9.724,7.4733600000000004,7.513923106792064,0.8443628844628325,defined,-0.04803989793780348,sensitivity_only
id:x%3A0x1.4000000000000p%2B3,452,9.746,7.48744,7.4468768932079366,0.8443628844628325,defined,0.04803989793780348,sensitivity_only
id:x%3A0x1.4000000000000p%2B3,453,9.768,7.50152,7.542083106792064,0.8443628844628325,defined,-0.04803989793780348,sensitivity_only
id:x%3A0x1.4000000000000p%2B3,454,9.79,7.515599999999999,7.475036893207935,0.8443628844628325,defined,0.04803989793780348,sensitivity_only
id:x%3A0x1.4000000000000p%2B3,455,9.812,7.52968,7.570243106792064,0.8443628844628325,defined,-0.04803989793780348,sensitivity_only
id:x%3A0x1.4000000000000p%2B3,456,9.834,7.54376,7.503196893207936,0.8443628844628325,defined,0.04803989793780348,sensitivity_only
id:x%3A0x1.4000000000000p%2B3,457,9.856,7.55784,7.598403106792063,0.8443628844628325,defined,-0.04803989793780348,sensitivity_only
id:x%3A0x1.4000000000000p%2B3,458,9.878,7.57192,7.531356893207937,0.8443628844628325,defined,0.04803989793780348,sensitivity_only
id:x%3A0x1.4000000000000p%2B3,459,9.9,7.586,7.626563106792064,0.8443628844628325,defined,-0.04803989793780348,sensitivity_only
id:x%3A0x1.4000000000000p%2B3,460,9.922,7.60008,7.559516893207936,0.8443628844628325,defined,0.04803989793780348,sensitivity_only
id:x%3A0x1.4000000000000p%2B3,461,9.944,7.614160000000001,7.654723106792065,0.8443628844628325,defined,-0.04803989793780348,sensitivity_only
id:x%3A0x1.4000000000000p%2B3,462,9.966,7.62824,7.587676893207936,0.8443628844628325,defined,0.04803989793780348,sensitivity_only
id:x%3A0x1.4000000000000p%2B3,463,9.988,7.64232,7.6828831067920635,0.8443628844628325,defined,-0.04803989793780348,sensitivity_only
id:x%3A0x1.4000000000000p%2B3,464,10.0,7.65,7.609436893207937,0.8443628844628325,defined,0.04803989793780348,sensitivity_only
id:x%3A0x1.4000000000000p%2B3,465,10.01,7.6564,7.696963106792063,0.8443628844628325,defined,-0.04803989793780348,sensitivity_only
id:x%3A0x1.4000000000000p%2B3,466,10.032,7.67048,7.629916893207937,0.8443628844628325,defined,0.04803989793780348,sensitivity_only
id:x%3A0x1.4000000000000p%2B3,467,10.054,7.68456,7.725123106792064,0.8443628844628325,defined,-0.04803989793780348,sensitivity_only
id:x%3A0x1.4000000000000p%2B3,468,10.076,7.69864,7.658076893207936,0.8443628844628325,defined,0.04803989793780348,sensitivity_only
id:x%3A0x1.4000000000000p%2B3,469,10.098,7.712720000000001,7.753283106792065,0.8443628844628325,defined,-0.04803989793780348,sensitivity_only
id:x%3A0x1.4000000000000p%2B3,470,10.12,7.7268,7.686236893207936,0.8443628844628325,defined,0.04803989793780348,sensitivity_only
id:x%3A0x1.4000000000000p%2B3,471,10.142,7.74088,7.7814431067920635,0.8443628844628325,defined,-0.04803989793780348,sensitivity_only
id:x%3A0x1.4000000000000p%2B3,472,10.164,7.75496,7.714396893207936,0.8443628844628325,defined,0.04803989793780348,sensitivity_only
id:x%3A0x1.4000000000000p%2B3,473,10.186,7.76904,7.809603106792064,0.8443628844628325,defined,-0.04803989793780348,sensitivity_only
id:x%3A0x1.4000000000000p%2B3,474,10.208,7.78312,7.7425568932079365,0.8443628844628325,defined,0.04803989793780348,sensitivity_only
id:x%3A0x1.4000000000000p%2B3,475,10.23,7.7972,7.837763106792064,0.8443628844628325,defined,-0.04803989793780348,sensitivity_only
id:x%3A0x1.4000000000000p%2B3,476,10.252,7.811280000000001,7.770716893207937,0.8443628844628325,defined,0.04803989793780348,sensitivity_only
id:x%3A0x1.4000000000000p%2B3,477,10.274,7.82536,7.865923106792064,0.8443628844628325,defined,-0.04803989793780348,sensitivity_only
id:x%3A0x1.4000000000000p%2B3,478,10.296,7.83944,7.798876893207936,0.8443628844628325,defined,0.04803989793780348,sensitivity_only
id:x%3A0x1.4000000000000p%2B3,479,10.318,7.85352,7.894083106792063,0.8443628844628325,defined,-0.04803989793780348,sensitivity_only
id:x%3A0x1.4000000000000p%2B3,480,10.34,7.8676,7.827036893207937,0.8443628844628325,defined,0.04803989793780348,sensitivity_only
id:x%3A0x1.4000000000000p%2B3,481,10.362,7.88168,7.922243106792064,0.8443628844628325,defined,-0.04803989793780348,sensitivity_only
id:x%3A0x1.4000000000000p%2B3,482,10.384,7.89576,7.855196893207936,0.8443628844628325,defined,0.04803989793780348,sensitivity_only
id:x%3A0x1.4000000000000p%2B3,483,10.406,7.909840000000001,7.950403106792065,0.8443628844628325,defined,-0.04803989793780348,sensitivity_only
id:x%3A0x1.4000000000000p%2B3,484,10.428,7.923920000000001,7.883356893207937,0.8443628844628325,defined,0.04803989793780348,sensitivity_only
id:x%3A0x1.4000000000000p%2B3,485,10.45,7.938,7.9785631067920635,0.8443628844628325,defined,-0.04803989793780348,sensitivity_only
id:x%3A0x1.4000000000000p%2B3,486,10.472,7.95208,7.911516893207936,0.8443628844628325,defined,0.04803989793780348,sensitivity_only
id:x%3A0x1.4000000000000p%2B3,487,10.494,7.96616,8.006723106792064,0.8443628844628325,defined,-0.04803989793780348,sensitivity_only
id:x%3A0x1.4000000000000p%2B3,488,10.516,7.98024,7.945804554096032,0.7168093060595381,defined,0.04803989793780348,sensitivity_only
id:x%3A0x1.4000000000000p%2B3,489,10.538,7.99432,8.028755445903968,0.7168093060595381,defined,-0.04803989793780348,sensitivity_only
id:x%3A0x1.4000000000000p%2B3,490,10.56,8.008400000000002,7.9739645540960336,0.7168093060595381,defined,0.04803989793780348,sensitivity_only
id:x%3A0x1.4000000000000p%2B3,491,10.582,8.022480000000002,8.05691544590397,0.7168093060595381,defined,-0.04803989793780348,sensitivity_only
id:x%3A0x1.4000000000000p%2B3,492,10.604,8.03656,8.002124554096032,0.7168093060595381,defined,0.04803989793780348,sensitivity_only
id:x%3A0x1.4000000000000p%2B3,493,10.626,8.05064,8.085075445903968,0.7168093060595381,defined,-0.04803989793780348,sensitivity_only
id:x%3A0x1.4000000000000p%2B3,494,10.648,8.064720000000001,8.030284554096033,0.7168093060595381,defined,0.04803989793780348,sensitivity_only
id:x%3A0x1.4000000000000p%2B3,495,10.67,8.078800000000001,8.11323544590397,0.7168093060595381,defined,-0.04803989793780348,sensitivity_only
id:x%3A0x1.4000000000000p%2B3,496,10.692,8.092880000000001,8.058444554096033,0.7168093060595381,defined,0.04803989793780348,sensitivity_only
id:x%3A0x1.4000000000000p%2B3,497,10.714,8.10696,8.141395445903969,0.7168093060595381,defined,-0.04803989793780348,sensitivity_only
id:x%3A0x1.4000000000000p%2B3,498,10.736,8.12104,8.086604554096033,0.7168093060595381,defined,0.04803989793780348,sensitivity_only
id:x%3A0x1.4000000000000p%2B3,499,10.758,8.13512,8.169555445903969,0.7168093060595381,defined,-0.04803989793780348,sensitivity_only
id:x%3A0x1.4000000000000p%2B3,500,10.78,8.1492,8.114764554096032,0.7168093060595381,defined,0.04803989793780348,sensitivity_only
id:x%3A0x1.4000000000000p%2B3,501,10.802,8.16328,8.197715445903969,0.7168093060595381,defined,-0.04803989793780348,sensitivity_only
id:x%3A0x1.4000000000000p%2B3,502,10.824,8.17736,8.142924554096032,0.7168093060595381,defined,0.04803989793780348,sensitivity_only
id:x%3A0x1.4000000000000p%2B3,503,10.846,8.19144,8.225875445903968,0.7168093060595381,defined,-0.04803989793780348,sensitivity_only
id:x%3A0x1.4000000000000p%2B3,504,10.868,8.20552,8.171084554096032,0.7168093060595381,defined,0.04803989793780348,sensitivity_only
id:x%3A0x1.4000000000000p%2B3,505,10.89,8.2196,8.254035445903968,0.7168093060595381,defined,-0.04803989793780348,sensitivity_only
id:x%3A0x1.4000000000000p%2B3,506,10.912,8.23368,8.199244554096031,0.7168093060595381,defined,0.04803989793780348,sensitivity_only
id:x%3A0x1.4000000000000p%2B3,507,10.934,8.24776,8.282195445903968,0.7168093060595381,defined,-0.04803989793780348,sensitivity_only
id:x%3A0x1.4000000000000p%2B3,508,10.956,8.26184,8.227404554096031,0.7168093060595381,defined,0.04803989793780348,sensitivity_only
id:x%3A0x1.4000000000000p%2B3,509,10.978,8.27592,8.310355445903967,0.7168093060595381,defined,-0.04803989793780348,sensitivity_only
id:x%3A0x1.4000000000000p%2B3,510,11.0,8.29,8.255564554096031,0.7168093060595381,defined,0.04803989793780348,sensitivity_only
id:x%3A0x1.6000000000000p%2B3,0,0.0,1.25,1.1630126151610862,0.8698738483891382,defined,0.1,sensitivity_only
id:x%3A0x1.6000000000000p%2B3,1,0.022,1.26408,1.3074455811178458,0.8698738483891382,defined,-0.04985272427507908,sensitivity_only
id:x%3A0x1.6000000000000p%2B3,2,0.044,1.27816,1.2347944188821542,0.8698738483891382,defined,0.04985272427507908,sensitivity_only
id:x%3A0x1.6000000000000p%2B3,3,0.066,1.29224,1.3356055811178458,0.8698738483891382,defined,-0.04985272427507908,sensitivity_only
id:x%3A0x1.6000000000000p%2B3,4,0.088,1.30632,1.2629544188821542,0.8698738483891382,defined,0.04985272427507908,sensitivity_only
id:x%3A0x1.6000000000000p%2B3,5,0.11,1.3204,1.3637655811178457,0.8698738483891382,defined,-0.04985272427507908,sensitivity_only
id:x%3A0x1.6000000000000p%2B3,6,0.132,1.33448,1.2911144188821544,0.8698738483891382,defined,0.04985272427507908,sensitivity_only
id:x%3A0x1.6000000000000p%2B3,7,0.154,1.34856,1.3919255811178457,0.8698738483891382,defined,-0.04985272427507908,sensitivity_only
id:x%3A0x1.6000000000000p%2B3,8,0.176,1.36264,1.3192744188821544,0.8698738483891382,defined,0.04985272427507908,sensitivity_only
id:x%3A0x1.6000000000000p%2B3,9,0.198,1.37672,1.4200855811178457,0.8698738483891382,defined,-0.04985272427507908,sensitivity_only
id:x%3A0x1.6000000000000p%2B3,10,0.22,1.3908,1.3474344188821543,0.8698738483891382,defined,0.04985272427507908,sensitivity_only
id:x%3A0x1.6000000000000p%2B3,11,0.242,1.40488,1.4482455811178456,0.8698738483891382,defined,-0.04985272427507908,sensitivity_only
id:x%3A0x1.6000000000000p%2B3,12,0.264,1.41896,1.3755944188821543,0.8698738483891382,defined,0.04985272427507908,sensitivity_only
id:x%3A0x1.6000000000000p%2B3,13,0.286,1.43304,1.4764055811178458,0.8698738483891382,defined,-0.04985272427507908,sensitivity_only
id:x%3A0x1.6000000000000p%2B3,14,0.308,1.44712,1.4037544188821542,0.8698738483891382,defined,0.04985272427507908,sensitivity_only
id:x%3A0x1.6000000000000p%2B3,15,0.33,1.4612,1.5045655811178458,0.8698738483891382,defined,-0.04985272427507908,sensitivity_only
id:x%3A0x1.6000000000000p%2B3,16,0.352,1.47528,1.4319144188821542,0.8698738483891382,defined,0.04985272427507908,sensitivity_only
id:x%3A0x1.6000000000000p%2B3,17,0.374,1.48936,1.5327255811178457,0.8698738483891382,defined,-0.04985272427507908,sensitivity_only
id:x%3A0x1.6000000000000p%2B3,18,0.396,1.5034399999999999,1.4600744188821542,0.8698738483891382,defined,0.04985272427507908,sensitivity_only
id:x%3A0x1.6000000000000p%2B3,19,0.418,1.51752,1.5608855811178457,0.8698738483891382,defined,-0.04985272427507908,sensitivity_only
id:x%3A0x1.6000000000000p%2B3,20,0.44,1.5316,1.4882344188821544,0.8698738483891382,defined,0.04985272427507908,sensitivity_only
id:x%3A0x1.6000000000000p%2B3,21,0.462,1.54568,1.5890455811178457,0.8698738483891382,defined,-0.04985272427507908,sensitivity_only
id:x%3A0x1.6000000000000p%2B3,22,0.484,1.55976,1.5163944188821543,0.8698738483891382,defined,0.04985272427507908,sensitivity_only
id:x%3A0x1.6000000000000p%2B3,23,0.506,1.5738400000000001,1.6172055811178458,0.8698738483891386,defined,-0.04985272427507908,sensitivity_only
id:x%3A0x1.6000000000000p%2B3,24,0.528,1.58792,1.5445544188821543,0.8698738483891386,defined,0.04985272427507908,sensitivity_only
id:x%3A0x1.6000000000000p%2B3,25,0.55,1.602,1.6453655811178458,0.8698738483891386,defined,-0.04985272427507908,sensitivity_only
id:x%3A0x1.6000000000000p%2B3,26,0.572,1.61608,1.5727144188821542,0.8698738483891386,defined,0.04985272427507908,sensitivity_only
id:x%3A0x1.6000000000000p%2B3,27,0.594,1.63016,1.6735255811178458,0.8698738483891386,defined,-0.04985272427507908,sensitivity_only
id:x%3A0x1.6000000000000p%2B3,28,0.616,1.64424,1.6008744188821542,0.8698738483891386,defined,0.04985272427507908,sensitivity_only
id:x%3A0x1.6000000000000p%2B3,29,0.638,1.65832,1.7016855811178457,0.8698738483891386,defined,-0.04985272427507908,sensitivity_only
id:x%3A0x1.6000000000000p%2B3,30,0.66,1.6724,1.6290344188821544,0.8698738483891386,defined,0.04985272427507908,sensitivity_only
id:x%3A0x1.6000000000000p%2B3,31,0.682,1.68648,1.7298455811178457,0.8698738483891386,defined,-0.04985272427507908,sensitivity_only
id:x%3A0x1.6000000000000p%2B3,32,0.704,1.7005599999999998,1.6571944188821541,0.8698738483891386,defined,0.04985272427507908,sensitivity_only
id:x%3A0x1.6000000000000p%2B3,33,0.726,1.71464,1.7580055811178457,0.8698738483891386,defined,-0.04985272427507908,sensitivity_only
id:x%3A0x1.6000000000000p%2B3,34,0.748,1.72872,1.6853544188821543,0.8698738483891386,defined,0.04985272427507908,sensitivity_only
id:x%3A0x1.6000000000000p%2B3,35,0.77,1.7428,1.7861655811178456,0.8698738483891386,defined,-0.04985272427507908,sensitivity_only
id:x%3A0x1.6000000000000p%2B3,36,0.792,1.75688,1.7135144188821543,0.8698738483891386,defined,0.04985272427507908,sensitivity_only
id:x%3A0x1.6000000000000p%2B3,37,0.814,1.77096,1.8143255811178458,0.8698738483891386,defined,-0.04985272427507908,sensitivity_only
id:x%3A0x1.6000000000000p%2B3,38,0.836,1.78504,1.7416744188821542,0.8698738483891386,defined,0.04985272427507908,sensitivity_only
id:x%3A0x1.6000000000000p%2B3,39,0.858,1.79912,1.8424855811178458,0.8698738483891386,defined,-0.04985272427507908,sensitivity_only
id:x%3A0x1.6000000000000p%2B3,40,0.88,1.8132000000000001,1.7698344188821544,0.8698738483891386,defined,0.04985272427507908,sensitivity_only
id:x%3A0x1.6000000000000p%2B3,41,0.902,1.82728,1.8706455811178457,0.8698738483891386,defined,-0.04985272427507908,sensitivity_only
id:x%3A0x1.6000000000000p%2B3,42,0.924,1.8413599999999999,1.7979944188821542,0.8698738483891386,defined,0.04985272427507908,sensitivity_only
id:x%3A0x1.6000000000000p%2B3,43,0.946,1.85544,1.8988055811178457,0.8698738483891386,defined,-0.04985272427507908,sensitivity_only
id:x%3A0x1.6000000000000p%2B3,44,0.968,1.86952,1.8261544188821544,0.8698738483891386,defined,0.04985272427507908,sensitivity_only
id:x%3A0x1.6000000000000p%2B3,45,0.99,1.8836,1.9269655811178457,0.8698738483891386,defined,-0.04985272427507908,sensitivity_only
id:x%3A0x1.6000000000000p%2B3,46,1.0,1.8900000000000001,1.8466344188821544,0.8698738483891386,defined,0.04985272427507908,sensitivity_only
id:x%3A0x1.6000000000000p%2B3,47,1.012,1.89768,1.9410455811178458,0.8698738483891386,defined,-0.04985272427507908,sensitivity_only
id:x%3A0x1.6000000000000p%2B3,48,1.034,1.9117600000000001,1.8683944188821544,0.8698738483891386,defined,0.04985272427507908,sensitivity_only
id:x%3A0x1.6000000000000p%2B3,49,1.056,1.92584,1.9692055811178457,0.8698738483891386,defined,-0.04985272427507908,sensitivity_only
id:x%3A0x1.6000000000000p%2B3,50,1.078,1.93992,1.8965544188821544,0.8698738483891386,defined,0.04985272427507908,sensitivity_only
id:x%3A0x1.6000000000000p%2B3,51,1.1,1.9540000000000002,1.997365581117846,0.8698738483891386,defined,-0.04985272427507908,sensitivity_only
id:x%3A0x1.6000000000000p%2B3,52,1.122,1.96808,1.9247144188821543,0.8698738483891386,defined,0.04985272427507908,sensitivity_only
id:x%3A0x1.6000000000000p%2B3,53,1.144,1.98216,2.0255255811178454,0.8698738483891386,defined,-0.04985272427507908,sensitivity_only
id:x%3A0x1.6000000000000p%2B3,54,1.166,1.99624,1.9528744188821543,0.8698738483891386,defined,0.04985272427507908,sensitivity_only
id:x%3A0x1.6000000000000p%2B3,55,1.188,2.01032,2.0536855811178456,0.8698738483891386,defined,-0.04985272427507908,sensitivity_only
id:x%3A0x1.6000000000000p%2B3,56,1.21,2.0244,1.9810344188821543,0.8698738483891386,defined,0.04985272427507908,sensitivity_only
id:x%3A0x1.6000000000000p%2B3,57,1.232,2.03848,2.0818455811178453,0.8698738483891386,defined,-0.04985272427507908,sensitivity_only
id:x%3A0x1.6000000000000p%2B3,58,1.254,2.05256,2.0091944188821547,0.8698738483891386,defined,0.04985272427507908,sensitivity_only
id:x%3A0x1.6000000000000p%2B3,59,1.276,2.06664,2.1100055811178455,0.8698738483891386,defined,-0.04985272427507908,sensitivity_only
id:x%3A0x1.6000000000000p%2B3,60,1.298,2.08072,2.0373544188821544,0.8698738483891386,defined,0.04985272427507908,sensitivity_only
id:x%3A0x1.6000000000000p%2B3,61,1.32,2.0948,2.1381655811178457,0.8698738483891386,defined,-0.04985272427507908,sensitivity_only
id:x%3A0x1.6000000000000p%2B3,62,1.342,2.10888,2.0655144188821546,0.8698738483891386,defined,0.04985272427507908,sensitivity_only
id:x%3A0x1.6000000000000p%2B3,63,1.364,2.12296,2.1663255811178455,0.8698738483891386,defined,-0.04985272427507908,sensitivity_only
id:x%3A0x1.6000000000000p%2B3,64,1.386,2.13704,2.0936744188821543,0.8698738483891386,defined,0.04985272427507908,sensitivity_only
id:x%3A0x1.6000000000000p%2B3,65,1.408,2.1511199999999997,2.194485581117845,0.8698738483891386,defined,-0.04985272427507908,sensitivity_only
id:x%3A0x1.6000000000000p%2B3,66,1.43,2.1652,2.1218344188821545,0.8698738483891386,defined,0.04985272427507908,sensitivity_only
id:x%3A0x1.6000000000000p%2B3,67,1.452,2.17928,2.2226455811178454,0.8698738483891386,defined,-0.04985272427507908,sensitivity_only
id:x%3A0x1.6000000000000p%2B3,68,1.474,2.19336,2.1499944188821547,0.8698738483891386,defined,0.04985272427507908,sensitivity_only
id:x%3A0x1.6000000000000p%2B3,69,1.496,2.20744,2.2508055811178456,0.8698738483891386,defined,-0.04985272427507908,sensitivity_only
id:x%3A0x1.6000000000000p%2B3,70,1.518,2.22152,2.166433991553007,1.1049748884943107,defined,0.04985272427507908,sensitivity_only
id:x%3A0x1.6000000000000p%2B3,71,1.54,2.2356,2.290686008446993,1.1049748884943107,defined,-0.04985272427507908,sensitivity_only
id:x%3A0x1.6000000000000p%2B3,72,1.562,2.24968,2.194593991553007,1.1049748884943107,defined,0.04985272427507908,sensitivity_only
id:x%3A0x1.6000000000000p%2B3,73,1.584,2.26376,2.318846008446993,1.1049748884943107,defined,-0.04985272427507908,sensitivity_only
id:x%3A0x1.6000000000000p%2B3,74,1.606,2.2778400000000003,2.2227539915530072,1.1049748884943107,defined,0.04985272427507908,sensitivity_only
id:x%3A0x1.6000000000000p%2B3,75,1.628,2.29192,2.3470060084469933,1.1049748884943107,defined,-0.04985272427507908,sensitivity_only
id:x%3A0x1.6000000000000p%2B3,76,1.65,2.306,2.250913991553007,1.1049748884943107,defined,0.04985272427507908,sensitivity_only
id:x%3A0x1.6000000000000p%2B3,77,1.672,2.32008,2.375166008446993,1.1049748884943107,defined,-0.04985272427507908,sensitivity_only
id:x%3A0x1.6000000000000p%2B3,78,1.694,2.33416,2.2790739915530067,1.1049748884943107,defined,0.04985272427507908,sensitivity_only
id:x%3A0x1.6000000000000p%2B3,79,1.716,2.34824,2.403326008446993,1.1049748884943107,defined,-0.04985272427507908,sensitivity_only
id:x%3A0x1.6000000000000p%2B3,80,1.738,2.36232,2.307233991553007,1.1049748884943107,defined,0.04985272427507908,sensitivity_only
id:x%3A0x1.6000000000000p%2B3,81,1.76,2.3764000000000003,2.4314860084469934,1.1049748884943107,defined,-0.04985272427507908,sensitivity_only
id:x%3A0x1.6000000000000p%2B3,82,1.782,2.39048,2.335393991553007,1.1049748884943107,defined,0.04985272427507908,sensitivity_only
id:x%3A0x1.6000000000000p%2B3,83,1.804,2.40456,2.459646008446993,1.1049748884943107,defined,-0.04985272427507908,sensitivity_only
id:x%3A0x1.6000000000000p%2B3,84,1.826,2.41864,2.363553991553007,1.1049748884943107,defined,0.04985272427507908,sensitivity_only
id:x%3A0x1.6000000000000p%2B3,85,1.848,2.4327199999999998,2.487806008446993,1.1049748884943107,defined,-0.04985272427507908,sensitivity_only
id:x%3A0x1.6000000000000p%2B3,86,1.87,2.4468,2.391713991553007,1.1049748884943107,defined,0.04985272427507908,sensitivity_only
id:x%3A0x1.6000000000000p%2B3,87,1.892,2.46088,2.515966008446993,1.1049748884943107,defined,-0.04985272427507908,sensitivity_only
id:x%3A0x1.6000000000000p%2B3,88,1.914,2.4749600000000003,2.419873991553007,1.1049748884943107,defined,0.04985272427507908,sensitivity_only
id:x%3A0x1.6000000000000p%2B3,89,1.936,2.48904,2.544126008446993,1.1049748884943107,defined,-0.04985272427507908,sensitivity_only
id:x%3A0x1.6000000000000p%2B3,90,1.958,2.50312,2.448033991553007,1.1049748884943107,defined,0.04985272427507908,sensitivity_only
id:x%3A0x1.6000000000000p%2B3,91,1.98,2.5172,2.572286008446993,1.1049748884943107,defined,-0.04985272427507908,sensitivity_only
id:x%3A0x1.6000000000000p%2B3,92,2.0,2.5300000000000002,2.474913991553007,1.1049748884943107,defined,0.04985272427507908,sensitivity_only
id:x%3A0x1.6000000000000p%2B3,93,2.002,2.5312799999999998,2.586366008446993,1.1049748884943107,defined,-0.04985272427507908,sensitivity_only
id:x%3A0x1.6000000000000p%2B3,94,2.024,2.54536,2.490273991553007,1.1049748884943107,defined,0.04985272427507908,sensitivity_only
id:x%3A0x1.6000000000000p%2B3,95,2.046,2.55944,2.614526008446993,1.1049748884943107,defined,-0.04985272427507908,sensitivity_only
id:x%3A0x1.6000000000000p%2B3,96,2.068,2.5735200000000003,2.518433991553007,1.1049748884943107,defined,0.04985272427507908,sensitivity_only
id:x%3A0x1.6000000000000p%2B3,97,2.09,2.5876,2.642686008446993,1.1049748884943107,defined,-0.04985272427507908,sensitivity_only
id:x%3A0x1.6000000000000p%2B3,98,2.112,2.60168,2.546593991553007,1.1049748884943107,defined,0.04985272427507908,sensitivity_only
id:x%3A0x1.6000000000000p%2B3,99,2.134,2.61576,2.670846008446993,1.1049748884943107,defined,-0.04985272427507908,sensitivity_only
id:x%3A0x1.6000000000000p%2B3,100,2.156,2.62984,2.574753991553007,1.1049748884943107,defined,0.04985272427507908,sensitivity_only
id:x%3A0x1.6000000000000p%2B3,101,2.178,2.64392,2.699006008446993,1.1049748884943107,defined,-0.04985272427507908,sensitivity_only
id:x%3A0x1.6000000000000p%2B3,102,2.2,2.6580000000000004,2.6029139915530073,1.1049748884943107,defined,0.04985272427507908,sensitivity_only
id:x%3A0x1.6000000000000p%2B3,103,2.222,2.6720800000000002,2.7271660084469933,1.1049748884943107,defined,-0.04985272427507908,sensitivity_only
id:x%3A0x1.6000000000000p%2B3,104,2.244,2.68616,2.631073991553007,1.1049748884943107,defined,0.04985272427507908,sensitivity_only
id:x%3A0x1.6000000000000p%2B3,105,2.266,2.70024,2.755326008446993,1.1049748884943107,defined,-0.04985272427507908,sensitivity_only
id:x%3A0x1.6000000000000p%2B3,106,2.288,2.71432,2.6592339915530068,1.1049748884943107,defined,0.04985272427507908,sensitivity_only
id:x%3A0x1.6000000000000p%2B3,107,2.31,2.7284,2.7834860084469932,1.1049748884943107,defined,-0.04985272427507908,sensitivity_only
id:x%3A0x1.6000000000000p%2B3,108,2.332,2.74248,2.687393991553007,1.1049748884943107,defined,0.04985272427507908,sensitivity_only
id:x%3A0x1.6000000000000p%2B3,109,2.354,2.7565600000000003,2.8116460084469934,1.1049748884943107,defined,-0.04985272427507908,sensitivity_only
id:x%3A0x1.6000000000000p%2B3,110,2.376,2.77064,2.715553991553007,1.1049748884943107,defined,0.04985272427507908,sensitivity_only
id:x%3A0x1.6000000000000p%2B3,111,2.398,2.78472,2.839806008446993,1.1049748884943107,defined,-0.04985272427507908,sensitivity_only
id:x%3A0x1.6000000000000p%2B3,112,2.42,2.7988,2.743713991553007,1.1049748884943107,defined,0.04985272427507908,sensitivity_only
id:x%3A0x1.6000000000000p%2B3,113,2.442,2.81288,2.867966008446993,1.1049748884943107,defined,-0.04985272427507908,sensitivity_only
id:x%3A0x1.6000000000000p%2B3,114,2.464,2.8269599999999997,2.7718739915530066,1.1049748884943107,defined,0.04985272427507908,sensitivity_only
id:x%3A0x1.6000000000000p%2B3,115,2.486,2.8410400000000005,2.8961260084469935,1.1049748884943107,defined,-0.04985272427507908,sensitivity_only
id:x%3A0x1.6000000000000p%2B3,116,2.508,2.8551200000000003,2.805894205217581,0.9874243684417244,defined,0.04985272427507908,sensitivity_only
id:x%3A0x1.6000000000000p%2B3,117,2.53,2.8692,2.9184257947824195,0.9874243684417244,defined,-0.04985272427507908,sensitivity_only
id:x%3A0x1.6000000000000p%2B3,118,2.552,2.88328,2.834054205217581,0.9874243684417244,defined,0.04985272427507908,sensitivity_only
id:x%3A0x1.6000000000000p%2B3,119,2.574,2.89736,2.946585794782419,0.9874243684417244,defined,-0.04985272427507908,sensitivity_only
id:x%3A0x1.6000000000000p%2B3,120,2.596,2.91144,2.8622142052175805,0.9874243684417244,defined,0.04985272427507908,sensitivity_only
id:x%3A0x1.6000000000000p%2B3,121,2.618,2.9255199999999997,2.974745794782419,0.9874243684417244,defined,-0.04985272427507908,sensitivity_only
id:x%3A0x1.6000000000000p%2B3,122,2.64,2.9396000000000004,2.890374205217581,0.9874243684417244,defined,0.04985272427507908,sensitivity_only
id:x%3A0x1.6000000000000p%2B3,123,2.662,2.9536800000000003,3.0029057947824196,0.9874243684417244,defined,-0.04985272427507908,sensitivity_only
id:x%3A0x1.6000000000000p%2B3,124,2.684,2.96776,2.918534205217581,0.9874243684417244,defined,0.04985272427507908,sensitivity_only
id:x%3A0x1.6000000000000p%2B3,125,2.706,2.98184,3.0310657947824193,0.9874243684417244,defined,-0.04985272427507908,sensitivity_only
id:x%3A0x1.6000000000000p%2B3,126,2.728,2.99592,2.9466942052175806,0.9874243684417244,defined,0.04985272427507908,sensitivity_only
id:x%3A0x1.6000000000000p%2B3,127,2.75,3.01,3.059225794782419,0.9874243684417244,defined,-0.04985272427507908,sensitivity_only
id:x%3A0x1.6000000000000p%2B3,128,2.772,3.0240799999999997,2.9748542052175804,0.9874243684417244,defined,0.04985272427507908,sensitivity_only
id:x%3A0x1.6000000000000p%2B3,129,2.794,3.03816,3.0873857947824193,0.9874243684417244,defined,-0.04985272427507908,sensitivity_only
id:x%3A0x1.6000000000000p%2B3,130,2.816,3.05224,3.0030142052175806,0.9874243684417244,defined,0.04985272427507908,sensitivity_only
id:x%3A0x1.6000000000000p%2B3,131,2.838,3.06632,3.1155457947824194,0.9874243684417244,defined,-0.04985272427507908,sensitivity_only
id:x%3A0x1.6000000000000p%2B3,132,2.86,3.0804,3.0311742052175807,0.9874243684417244,defined,0.04985272427507908,sensitivity_only
id:x%3A0x1.6000000000000p%2B3,133,2.882,3.09448,3.143705794782419,0.9874243684417244,defined,-0.04985272427507908,sensitivity_only
id:x%3A0x1.6000000000000p%2B3,134,2.904,3.1085599999999998,3.0593342052175805,0.9874243684417244,defined,0.04985272427507908,sensitivity_only
id:x%3A0x1.6000000000000p%2B3,135,2.926,3.12264,3.1718657947824194,0.9874243684417244,defined,-0.04985272427507908,sensitivity_only
id:x%3A0x1.6000000000000p%2B3,136,2.948,3.13672,3.0874942052175807,0.9874243684417244,defined,0.04985272427507908,sensitivity_only
id:x%3A0x1.6000000000000p%2B3,137,2.97,3.1508000000000003,3.2000257947824196,0.9874243684417244,defined,-0.04985272427507908,sensitivity_only
id:x%3A0x1.6000000000000p%2B3,138,2.992,3.16488,3.115654205217581,0.9874243684417244,defined,0.04985272427507908,sensitivity_only
id:x%3A0x1.6000000000000p%2B3,139,3.0,3.17,3.219225794782419,0.9874243684417244,defined,-0.04985272427507908,sensitivity_only
id:x%3A0x1.6000000000000p%2B3,140,3.014,3.17896,3.1297342052175807,0.9874243684417244,defined,0.04985272427507908,sensitivity_only
id:x%3A0x1.6000000000000p%2B3,141,3.036,3.19304,3.242265794782419,0.9874243684417244,defined,-0.04985272427507908,sensitivity_only
id:x%3A0x1.6000000000000p%2B3,142,3.058,3.2071199999999997,3.1578942052175805,0.9874243684417244,defined,0.04985272427507908,sensitivity_only
id:x%3A0x1.6000000000000p%2B3,143,3.08,3.2212,3.2704257947824193,0.9874243684417244,defined,-0.04985272427507908,sensitivity_only
id:x%3A0x1.6000000000000p%2B3,144,3.102,3.23528,3.1860542052175806,0.9874243684417244,defined,0.04985272427507908,sensitivity_only
id:x%3A0x1.6000000000000p%2B3,145,3.124,3.2493600000000002,3.2985857947824195,0.9874243684417244,defined,-0.04985272427507908,sensitivity_only
id:x%3A0x1.6000000000000p%2B3,146,3.146,3.26344,3.214214205217581,0.9874243684417244,defined,0.04985272427507908,sensitivity_only
id:x%3A0x1.6000000000000p%2B3,147,3.168,3.27752,3.3267457947824193,0.9874243684417244,defined,-0.04985272427507908,sensitivity_only
id:x%3A0x1.6000000000000p%2B3,148,3.19,3.2916,3.2423742052175806,0.9874243684417244,defined,0.04985272427507908,sensitivity_only
id:x%3A0x1.6000000000000p%2B3,149,3.212,3.30568,3.3549057947824195,0.9874243684417244,defined,-0.04985272427507908,sensitivity_only
id:x%3A0x1.6000000000000p%2B3,150,3.234,3.31976,3.2705342052175808,0.9874243684417244,defined,0.04985272427507908,sensitivity_only
id:x%3A0x1.6000000000000p%2B3,151,3.256,3.33384,3.383065794782419,0.9874243684417244,defined,-0.04985272427507908,sensitivity_only
id:x%3A0x1.6000000000000p%2B3,152,3.278,3.3479200000000002,3.298694205217581,0.9874243684417244,defined,0.04985272427507908,sensitivity_only
id:x%3A0x1.6000000000000p%2B3,153,3.3,3.362,3.4112257947824194,0.9874243684417244,defined,-0.04985272427507908,sensitivity_only
id:x%3A0x1.6000000000000p%2B3,154,3.322,3.37608,3.3268542052175807,0.9874243684417244,defined,0.04985272427507908,sensitivity_only
id:x%3A0x1.6000000000000p%2B3,155,3.344,3.39016,3.439385794782419,0.9874243684417244,defined,-0.04985272427507908,sensitivity_only
id:x%3A0x1.6000000000000p%2B3,156,3.366,3.40424,3.355014205217581,0.9874243684417244,defined,0.04985272427507908,sensitivity_only
id:x%3A0x1.6000000000000p%2B3,157,3.388,3.41832,3.4675457947824193,0.9874243684417244,defined,-0.04985272427507908,sensitivity_only
id:x%3A0x1.6000000000000p%2B3,158,3.41,3.4324000000000003,3.383174205217581,0.9874243684417244,defined,0.04985272427507908,sensitivity_only
id:x%3A0x1.6000000000000p%2B3,159,3.432,3.44648,3.4957057947824195,0.9874243684417244,defined,-0.04985272427507908,sensitivity_only
id:x%3A0x1.6000000000000p%2B3,160,3.454,3.46056,3.411334205217581,0.9874243684417244,defined,0.04985272427507908,sensitivity_only
id:x%3A0x1.6000000000000p%2B3,161,3.476,3.47464,3.5238657947824192,0.9874243684417244,defined,-0.04985272427507908,sensitivity_only
id:x%3A0x1.6000000000000p%2B3,162,3.498,3.4887200000000003,3.439494205217581,0.9874243684417244,defined,0.04985272427507908,sensitivity_only
id:x%3A0x1.6000000000000p%2B3,163,3.52,3.5028,3.5461655811178456,0.8698738483891386,defined,-0.04985272427507908,sensitivity_only
id:x%3A0x1.6000000000000p%2B3,164,3.542,3.51688,3.4735144188821545,0.8698738483891386,defined,0.04985272427507908,sensitivity_only
id:x%3A0x1.6000000000000p%2B3,165,3.564,3.53096,3.5743255811178454,0.8698738483891386,defined,-0.04985272427507908,sensitivity_only
id:x%3A0x1.6000000000000p%2B3,166,3.586,3.5450399999999997,3.5016744188821542,0.8698738483891386,defined,0.04985272427507908,sensitivity_only
id:x%3A0x1.6000000000000p%2B3,167,3.608,3.55912,3.6024855811178456,0.8698738483891386,defined,-0.04985272427507908,sensitivity_only
id:x%3A0x1.6000000000000p%2B3,168,3.63,3.5732,3.5298344188821544,0.8698738483891386,defined,0.04985272427507908,sensitivity_only
id:x%3A0x1.6000000000000p%2B3,169,3.652,3.5872800000000002,3.6306455811178457,0.8698738483891386,defined,-0.04985272427507908,sensitivity_only
id:x%3A0x1.6000000000000p%2B3,170,3.674,3.60136,3.5579944188821546,0.8698738483891386,defined,0.04985272427507908,sensitivity_only
id:x%3A0x1.6000000000000p%2B3,171,3.696,3.61544,3.6588055811178455,0.8698738483891386,defined,-0.04985272427507908,sensitivity_only
id:x%3A0x1.6000000000000p%2B3,172,3.718,3.62952,3.5861544188821544,0.8698738483891386,defined,0.04985272427507908,sensitivity_only
id:x%3A0x1.6000000000000p%2B3,173,3.74,3.6436,3.6869655811178457,0.8698738483891386,defined,-0.04985272427507908,sensitivity_only
id:x%3A0x1.6000000000000p%2B3,174,3.762,3.65768,3.6143144188821545,0.8698738483891386,defined,0.04985272427507908,sensitivity_only
id:x%3A0x1.6000000000000p%2B3,175,3.784,3.67176,3.7151255811178454,0.8698738483891386,defined,-0.04985272427507908,sensitivity_only
id:x%3A0x1.6000000000000p%2B3,176,3.806,3.6858400000000002,3.6424744188821547,0.8698738483891386,defined,0.04985272427507908,sensitivity_only
id:x%3A0x1.6000000000000p%2B3,177,3.828,3.69992,3.7432855811178456,0.8698738483891386,defined,-0.04985272427507908,sensitivity_only
id:x%3A0x1.6000000000000p%2B3,178,3.85,3.714,3.6706344188821545,0.8698738483891386,defined,0.04985272427507908,sensitivity_only
id:x%3A0x1.6000000000000p%2B3,179,3.872,3.72808,3.7714455811178453,0.8698738483891386,defined,-0.04985272427507908,sensitivity_only
id:x%3A0x1.6000000000000p%2B3,180,3.894,3.74216,3.6987944188821547,0.8698738483891386,defined,0.04985272427507908,sensitivity_only
id:x%3A0x1.6000000000000p%2B3,181,3.916,3.75624,3.7996055811178455,0.8698738483891386,defined,-0.04985272427507908,sensitivity_only
id:x%3A0x1.6000000000000p%2B3,182,3.938,3.7703200000000003,3.726954418882155,0.8698738483891386,defined,0.04985272427507908,sensitivity_only
id:x%3A0x1.6000000000000p%2B3,183,3.96,3.7844,3.8277655811178457,0.8698738483891386,defined,-0.04985272427507908,sensitivity_only
id:x%3A0x1.6000000000000p%2B3,184,3.982,3.79848,3.7551144188821546,0.8698738483891386,defined,0.04985272427507908,sensitivity_only
id:x%3A0x1.6000000000000p%2B3,185,4.0,3.81,3.8533655811178456,0.8698738483891386,defined,-0.04985272427507908,sensitivity_only
id:x%3A0x1.6000000000000p%2B3,186,4.004,3.81256,3.7691944188821545,0.8698738483891386,defined,0.04985272427507908,sensitivity_only
id:x%3A0x1.6000000000000p%2B3,187,4.026,3.82664,3.8700055811178453,0.8698738483891386,defined,-0.04985272427507908,sensitivity_only
id:x%3A0x1.6000000000000p%2B3,188,4.048,3.84072,3.7973544188821546,0.8698738483891386,defined,0.04985272427507908,sensitivity_only
id:x%3A0x1.6000000000000p%2B3,189,4.07,3.8548000000000004,3.898165581117846,0.8698738483891386,defined,-0.04985272427507908,sensitivity_only
id:x%3A0x1.6000000000000p%2B3,190,4.092,3.86888,3.8255144188821544,0.8698738483891386,defined,0.04985272427507908,sensitivity_only
id:x%3A0x1.6000000000000p%2B3,191,4.114,3.88296,3.9263255811178457,0.8698738483891386,defined,-0.04985272427507908,sensitivity_only
id:x%3A0x1.6000000000000p%2B3,192,4.136,3.89704,3.8536744188821546,0.8698738483891386,defined,0.04985272427507908,sensitivity_only
id:x%3A0x1.6000000000000p%2B3,193,4.158,3.9111200000000004,3.954485581117846,0.8698738483891386,defined,-0.04985272427507908,sensitivity_only
id:x%3A0x1.6000000000000p%2B3,194,4.18,3.9252,3.8818344188821543,0.8698738483891386,defined,0.04985272427507908,sensitivity_only
id:x%3A0x1.6000000000000p%2B3,195,4.202,3.93928,3.9826455811178456,0.8698738483891386,defined,-0.04985272427507908,sensitivity_only
id:x%3A0x1.6000000000000p%2B3,196,4.224,3.95336,3.9099944188821545,0.8698738483891386,defined,0.04985272427507908,sensitivity_only
id:x%3A0x1.6000000000000p%2B3,197,4.246,3.9674400000000003,4.010805581117846,0.8698738483891386,defined,-0.04985272427507908,sensitivity_only
id:x%3A0x1.6000000000000p%2B3,198,4.268,3.9815199999999997,3.9381544188821542,0.8698738483891386,defined,0.04985272427507908,sensitivity_only
id:x%3A0x1.6000000000000p%2B3,199,4.29,3.9956,4.0389655811178455,0.8698738483891386,defined,-0.04985272427507908,sensitivity_only
id:x%3A0x1.6000000000000p%2B3,200,4.312,4.00968,3.966314418882155,0.8698738483891386,defined,0.04985272427507908,sensitivity_only
id:x%3A0x1.6000000000000p%2B3,201,4.334,4.023759999999999,4.067125581117845,0.8698738483891386,defined,-0.04985272427507908,sensitivity_only
id:x%3A0x1.6000000000000p%2B3,202,4.356,4.03784,3.9944744188821546,0.8698738483891386,defined,0.04985272427507908,sensitivity_only
id:x%3A0x1.6000000000000p%2B3,203,4.378,4.05192,4.095285581117846,0.8698738483891386,defined,-0.04985272427507908,sensitivity_only
id:x%3A0x1.6000000000000p%2B3,204,4.4,4.066000000000001,4.022634418882155,0.8698738483891386,defined,0.04985272427507908,sensitivity_only
id:x%3A0x1.6000000000000p%2B3,205,4.422,4.08008,4.123445581117846,0.8698738483891386,defined,-0.04985272427507908,sensitivity_only
id:x%3A0x1.6000000000000p%2B3,206,4.444,4.0941600000000005,4.0507944188821545,0.8698738483891386,defined,0.04985272427507908,sensitivity_only
id:x%3A0x1.6000000000000p%2B3,207,4.466,4.10824,4.151605581117846,0.8698738483891386,defined,-0.04985272427507908,sensitivity_only
id:x%3A0x1.6000000000000p%2B3,208,4.488,4.12232,4.078954418882154,0.8698738483891386,defined,0.04985272427507908,sensitivity_only
id:x%3A0x1.6000000000000p%2B3,209,4.51,4.1364,4.185625794782419,0.9874243684417244,defined,-0.04985272427507908,sensitivity_only
id:x%3A0x1.6000000000000p%2B3,210,4.532,4.15048,4.101254205217581,0.9874243684417244,defined,0.04985272427507908,sensitivity_only
id:x%3A0x1.6000000000000p%2B3,211,4.554,4.16456,4.213785794782419,0.9874243684417244,defined,-0.04985272427507908,sensitivity_only
id:x%3A0x1.6000000000000p%2B3,212,4.576,4.17864,4.12941420521758,0.9874243684417244,defined,0.04985272427507908,sensitivity_only
id:x%3A0x1.6000000000000p%2B3,213,4.598,4.19272,4.241945794782419,0.9874243684417244,defined,-0.04985272427507908,sensitivity_only
id:x%3A0x1.6000000000000p%2B3,214,4.62,4.2068,4.157574205217581,0.9874243684417244,defined,0.04985272427507908,sensitivity_only
id:x%3A0x1.6000000000000p%2B3,215,4.642,4.22088,4.2701057947824195,0.9874243684417244,defined,-0.04985272427507908,sensitivity_only
id:x%3A0x1.6000000000000p%2B3,216,4.664,4.23496,4.185734205217581,0.9874243684417244,defined,0.04985272427507908,sensitivity_only
id:x%3A0x1.6000000000000p%2B3,217,4.686,4.24904,4.298265794782419,0.9874243684417244,defined,-0.04985272427507908,sensitivity_only
id:x%3A0x1.6000000000000p%2B3,218,4.708,4.263120000000001,4.213894205217581,0.9874243684417244,defined,0.04985272427507908,sensitivity_only
id:x%3A0x1.6000000000000p%2B3,219,4.73,4.277200000000001,4.32642579478242,0.9874243684417244,defined,-0.04985272427507908,sensitivity_only
id:x%3A0x1.6000000000000p%2B3,220,4.752,4.29128,4.242054205217581,0.9874243684417244,defined,0.04985272427507908,sensitivity_only
id:x%3A0x1.6000000000000p%2B3,221,4.774,4.30536,4.35458579478242,0.9874243684417244,defined,-0.04985272427507908,sensitivity_only
id:x%3A0x1.6000000000000p%2B3,222,4.796,4.31944,4.270214205217581,0.9874243684417244,defined,0.04985272427507908,sensitivity_only
id:x%3A0x1.6000000000000p%2B3,223,4.818,4.33352,4.382745794782419,0.9874243684417244,defined,-0.04985272427507908,sensitivity_only
id:x%3A0x1.6000000000000p%2B3,224,4.84,4.3476,4.298374205217581,0.9874243684417244,defined,0.04985272427507908,sensitivity_only
id:x%3A0x1.6000000000000p%2B3,225,4.862,4.36168,4.410905794782419,0.9874243684417244,defined,-0.04985272427507908,sensitivity_only
id:x%3A0x1.6000000000000p%2B3,226,4.884,4.37576,4.32653420521758,0.9874243684417244,defined,0.04985272427507908,sensitivity_only
id:x%3A0x1.6000000000000p%2B3,227,4.906,4.3898399999999995,4.439065794782419,0.9874243684417244,defined,-0.04985272427507908,sensitivity_only
id:x%3A0x1.6000000000000p%2B3,228,4.928,4.403919999999999,4.35469420521758,0.9874243684417244,defined,0.04985272427507908,sensitivity_only
id:x%3A0x1.6000000000000p%2B3,229,4.95,4.418,4.467225794782419,0.9874243684417244,defined,-0.04985272427507908,sensitivity_only
id:x%3A0x1.6000000000000p%2B3,230,4.972,4.432080000000001,4.382854205217582,0.9874243684417244,defined,0.04985272427507908,sensitivity_only
id:x%3A0x1.6000000000000p%2B3,231,4.994,4.44616,4.495385794782419,0.9874243684417244,defined,-0.04985272427507908,sensitivity_only
id:x%3A0x1.6000000000000p%2B3,232,5.0,4.45,4.400774205217581,0.9874243684417244,defined,0.04985272427507908,sensitivity_only
id:x%3A0x1.6000000000000p%2B3,233,5.016,4.460240000000001,4.50946579478242,0.9874243684417244,defined,-0.04985272427507908,sensitivity_only
id:x%3A0x1.6000000000000p%2B3,234,5.038,4.4743200000000005,4.425094205217581,0.9874243684417244,defined,0.04985272427507908,sensitivity_only
id:x%3A0x1.6000000000000p%2B3,235,5.06,4.4884,4.53762579478242,0.9874243684417244,defined,-0.04985272427507908,sensitivity_only
id:x%3A0x1.6000000000000p%2B3,236,5.082,4.50248,4.453254205217581,0.9874243684417244,defined,0.04985272427507908,sensitivity_only
id:x%3A0x1.6000000000000p%2B3,237,5.104,4.51656,4.565785794782419,0.9874243684417244,defined,-0.04985272427507908,sensitivity_only
id:x%3A0x1.6000000000000p%2B3,238,5.126,4.53064,4.481414205217581,0.9874243684417244,defined,0.04985272427507908,sensitivity_only
id:x%3A0x1.6000000000000p%2B3,239,5.148,4.54472,4.593945794782419,0.9874243684417244,defined,-0.04985272427507908,sensitivity_only
id:x%3A0x1.6000000000000p%2B3,240,5.17,4.5588,4.5095742052175805,0.9874243684417244,defined,0.04985272427507908,sensitivity_only
id:x%3A0x1.6000000000000p%2B3,241,5.192,4.57288,4.622105794782419,0.9874243684417244,defined,-0.04985272427507908,sensitivity_only
id:x%3A0x1.6000000000000p%2B3,242,5.214,4.58696,4.537734205217581,0.9874243684417244,defined,0.04985272427507908,sensitivity_only
id:x%3A0x1.6000000000000p%2B3,243,5.236,4.601039999999999,4.650265794782419,0.9874243684417244,defined,-0.04985272427507908,sensitivity_only
id:x%3A0x1.6000000000000p%2B3,244,5.258,4.61512,4.565894205217581,0.9874243684417244,defined,0.04985272427507908,sensitivity_only
id:x%3A0x1.6000000000000p%2B3,245,5.28,4.629200000000001,4.67842579478242,0.9874243684417244,defined,-0.04985272427507908,sensitivity_only
id:x%3A0x1.6000000000000p%2B3,246,5.302,4.64328,4.594054205217581,0.9874243684417244,defined,0.04985272427507908,sensitivity_only
id:x%3A0x1.6000000000000p%2B3,247,5.324,4.657360000000001,4.70658579478242,0.9874243684417244,defined,-0.04985272427507908,sensitivity_only
id:x%3A0x1.6000000000000p%2B3,248,5.346,4.6714400000000005,4.622214205217581,0.9874243684417244,defined,0.04985272427507908,sensitivity_only
id:x%3A0x1.6000000000000p%2B3,249,5.368,4.68552,4.73474579478242,0.9874243684417244,defined,-0.04985272427507908,sensitivity_only
id:x%3A0x1.6000000000000p%2B3,250,5.39,4.6996,4.650374205217581,0.9874243684417244,defined,0.04985272427507908,sensitivity_only
id:x%3A0x1.6000000000000p%2B3,251,5.412,4.71368,4.762905794782419,0.9874243684417244,defined,-0.04985272427507908,sensitivity_only
id:x%3A0x1.6000000000000p%2B3,252,5.434,4.72776,4.678534205217581,0.9874243684417244,defined,0.04985272427507908,sensitivity_only
id:x%3A0x1.6000000000000p%2B3,253,5.456,4.74184,4.791065794782419,0.9874243684417244,defined,-0.04985272427507908,sensitivity_only
id:x%3A0x1.6000000000000p%2B3,254,5.478,4.75592,4.70669420521758,0.9874243684417244,defined,0.04985272427507908,sensitivity_only
id:x%3A0x1.6000000000000p%2B3,255,5.5,4.77,4.819225794782419,0.9874243684417244,defined,-0.04985272427507908,sensitivity_only
id:x%3A0x1.6000000000000p%2B3,256,5.522,4.78408,4.740714418882154,0.8698738483891382,defined,0.04985272427507908,sensitivity_only
id:x%3A0x1.6000000000000p%2B3,257,5.544,4.798159999999999,4.841525581117845,0.8698738483891382,defined,-0.04985272427507908,sensitivity_only
id:x%3A0x1.6000000000000p%2B3,258,5.566,4.81224,4.768874418882154,0.8698738483891382,defined,0.04985272427507908,sensitivity_only
id:x%3A0x1.6000000000000p%2B3,259,5.588,4.82632,4.869685581117846,0.8698738483891382,defined,-0.04985272427507908,sensitivity_only
id:x%3A0x1.6000000000000p%2B3,260,5.61,4.840400000000001,4.797034418882155,0.8698738483891382,defined,0.04985272427507908,sensitivity_only
id:x%3A0x1.6000000000000p%2B3,261,5.632,4.85448,4.897845581117846,0.8698738483891382,defined,-0.04985272427507908,sensitivity_only
id:x%3A0x1.6000000000000p%2B3,262,5.654,4.86856,4.8251944188821545,0.8698738483891382,defined,0.04985272427507908,sensitivity_only
id:x%3A0x1.6000000000000p%2B3,263,5.676,4.88264,4.926005581117846,0.8698738483891382,defined,-0.04985272427507908,sensitivity_only
id:x%3A0x1.6000000000000p%2B3,264,5.698,4.89672,4.853354418882154,0.8698738483891382,defined,0.04985272427507908,sensitivity_only
id:x%3A0x1.6000000000000p%2B3,265,5.72,4.9108,4.954165581117846,0.8698738483891382,defined,-0.04985272427507908,sensitivity_only
id:x%3A0x1.6000000000000p%2B3,266,5.742,4.92488,4.881514418882154,0.8698738483891382,defined,0.04985272427507908,sensitivity_only
id:x%3A0x1.6000000000000p%2B3,267,5.764,4.93896,4.982325581117846,0.8698738483891382,defined,-0.04985272427507908,sensitivity_only
id:x%3A0x1.6000000000000p%2B3,268,5.786,4.95304,4.909674418882154,0.8698738483891382,defined,0.04985272427507908,sensitivity_only
id:x%3A0x1.6000000000000p%2B3,269,5.808,4.9671199999999995,5.0104855811178455,0.8698738483891382,defined,-0.04985272427507908,sensitivity_only
id:x%3A0x1.6000000000000p%2B3,270,5.83,4.9812,4.937834418882154,0.8698738483891382,defined,0.04985272427507908,sensitivity_only
id:x%3A0x1.6000000000000p%2B3,271,5.852,4.99528,5.038645581117846,0.8698738483891382,defined,-0.04985272427507908,sensitivity_only
id:x%3A0x1.6000000000000p%2B3,272,5.874,5.00936,4.965994418882154,0.8698738483891382,defined,0.04985272427507908,sensitivity_only
id:x%3A0x1.6000000000000p%2B3,273,5.896,5.02344,5.066805581117846,0.8698738483891382,defined,-0.04985272427507908,sensitivity_only
id:x%3A0x1.6000000000000p%2B3,274,5.918,5.037520000000001,4.994154418882155,0.8698738483891382,defined,0.04985272427507908,sensitivity_only
id:x%3A0x1.6000000000000p%2B3,275,5.94,5.0516000000000005,5.0949655811178465,0.8698738483891382,defined,-0.04985272427507908,sensitivity_only
id:x%3A0x1.6000000000000p%2B3,276,5.962,5.06568,5.0223144188821545,0.8698738483891382,defined,0.04985272427507908,sensitivity_only
id:x%3A0x1.6000000000000p%2B3,277,5.984,5.07976,5.123125581117846,0.8698738483891382,defined,-0.04985272427507908,sensitivity_only
id:x%3A0x1.6000000000000p%2B3,278,6.0,5.09,5.046634418882154,0.8698738483891382,defined,0.04985272427507908,sensitivity_only
id:x%3A0x1.6000000000000p%2B3,279,6.006,5.09384,5.137205581117846,0.8698738483891382,defined,-0.04985272427507908,sensitivity_only
id:x%3A0x1.6000000000000p%2B3,280,6.028,5.10792,5.064554418882154,0.8698738483891382,defined,0.04985272427507908,sensitivity_only
id:x%3A0x1.6000000000000p%2B3,281,6.05,5.122,5.165365581117846,0.8698738483891382,defined,-0.04985272427507908,sensitivity_only
id:x%3A0x1.6000000000000p%2B3,282,6.072,5.13608,5.092714418882154,0.8698738483891382,defined,0.04985272427507908,sensitivity_only
id:x%3A0x1.6000000000000p%2B3,283,6.094,5.15016,5.193525581117846,0.8698738483891382,defined,-0.04985272427507908,sensitivity_only
id:x%3A0x1.6000000000000p%2B3,284,6.116,5.1642399999999995,5.1208744188821536,0.8698738483891382,defined,0.04985272427507908,sensitivity_only
id:x%3A0x1.6000000000000p%2B3,285,6.138,5.178319999999999,5.221685581117845,0.8698738483891382,defined,-0.04985272427507908,sensitivity_only
id:x%3A0x1.6000000000000p%2B3,286,6.16,5.1924,5.149034418882154,0.8698738483891382,defined,0.04985272427507908,sensitivity_only
id:x%3A0x1.6000000000000p%2B3,287,6.182,5.206480000000001,5.249845581117847,0.8698738483891382,defined,-0.04985272427507908,sensitivity_only
id:x%3A0x1.6000000000000p%2B3,288,6.204,5.22056,5.177194418882154,0.8698738483891382,defined,0.04985272427507908,sensitivity_only
id:x%3A0x1.6000000000000p%2B3,289,6.226,5.234640000000001,5.278005581117847,0.8698738483891382,defined,-0.04985272427507908,sensitivity_only
id:x%3A0x1.6000000000000p%2B3,290,6.248,5.2487200000000005,5.2053544188821546,0.8698738483891382,defined,0.04985272427507908,sensitivity_only
id:x%3A0x1.6000000000000p%2B3,291,6.27,5.2627999999999995,5.306165581117845,0.8698738483891382,defined,-0.04985272427507908,sensitivity_only
id:x%3A0x1.6000000000000p%2B3,292,6.292,5.27688,5.233514418882154,0.8698738483891382,defined,0.04985272427507908,sensitivity_only
id:x%3A0x1.6000000000000p%2B3,293,6.314,5.29096,5.334325581117846,0.8698738483891382,defined,-0.04985272427507908,sensitivity_only
id:x%3A0x1.6000000000000p%2B3,294,6.336,5.30504,5.261674418882154,0.8698738483891382,defined,0.04985272427507908,sensitivity_only
id:x%3A0x1.6000000000000p%2B3,295,6.358,5.31912,5.362485581117846,0.8698738483891382,defined,-0.04985272427507908,sensitivity_only
id:x%3A0x1.6000000000000p%2B3,296,6.38,5.3332,5.289834418882154,0.8698738483891382,defined,0.04985272427507908,sensitivity_only
id:x%3A0x1.6000000000000p%2B3,297,6.402,5.3472800000000005,5.390645581117846,0.8698738483891382,defined,-0.04985272427507908,sensitivity_only
id:x%3A0x1.6000000000000p%2B3,298,6.424,5.36136,5.317994418882154,0.8698738483891382,defined,0.04985272427507908,sensitivity_only
id:x%3A0x1.6000000000000p%2B3,299,6.446,5.37544,5.418805581117846,0.8698738483891382,defined,-0.04985272427507908,sensitivity_only
id:x%3A0x1.6000000000000p%2B3,300,6.468,5.38952,5.346154418882154,0.8698738483891382,defined,0.04985272427507908,sensitivity_only
id:x%3A0x1.6000000000000p%2B3,301,6.49,5.4036,5.446965581117846,0.8698738483891382,defined,-0.04985272427507908,sensitivity_only
id:x%3A0x1.6000000000000p%2B3,302,6.512,5.41768,5.375586209932764,0.8443628844628325,defined,0.04985272427507908,sensitivity_only
id:x%3A0x1.6000000000000p%2B3,303,6.534,5.43176,5.473853790067236,0.8443628844628325,defined,-0.04985272427507908,sensitivity_only
id:x%3A0x1.6000000000000p%2B3,304,6.556,5.4458400000000005,5.403746209932764,0.8443628844628325,defined,0.04985272427507908,sensitivity_only
id:x%3A0x1.6000000000000p%2B3,305,6.578,5.45992,5.502013790067236,0.8443628844628325,defined,-0.04985272427507908,sensitivity_only
id:x%3A0x1.6000000000000p%2B3,306,6.6,5.474,5.431906209932764,0.8443628844628325,defined,0.04985272427507908,sensitivity_only
id:x%3A0x1.6000000000000p%2B3,307,6.622,5.48808,5.530173790067236,0.8443628844628325,defined,-0.04985272427507908,sensitivity_only
id:x%3A0x1.6000000000000p%2B3,308,6.644,5.50216,5.460066209932764,0.8443628844628325,defined,0.04985272427507908,sensitivity_only
id:x%3A0x1.6000000000000p%2B3,309,6.666,5.516240000000001,5.558333790067237,0.8443628844628325,defined,-0.04985272427507908,sensitivity_only
id:x%3A0x1.6000000000000p%2B3,310,6.688,5.53032,5.488226209932764,0.8443628844628325,defined,0.04985272427507908,sensitivity_only
id:x%3A0x1.6000000000000p%2B3,311,6.71,5.5444,5.5864937900672365,0.8443628844628325,defined,-0.04985272427507908,sensitivity_only
id:x%3A0x1.6000000000000p%2B3,312,6.732,5.55848,5.516386209932764,0.8443628844628325,defined,0.04985272427507908,sensitivity_only
id:x%3A0x1.6000000000000p%2B3,313,6.754,5.57256,5.614653790067236,0.8443628844628325,defined,-0.04985272427507908,sensitivity_only
id:x%3A0x1.6000000000000p%2B3,314,6.776,5.58664,5.544546209932764,0.8443628844628325,defined,0.04985272427507908,sensitivity_only
id:x%3A0x1.6000000000000p%2B3,315,6.798,5.60072,5.642813790067236,0.8443628844628325,defined,-0.04985272427507908,sensitivity_only
id:x%3A0x1.6000000000000p%2B3,316,6.82,5.614800000000001,5.572706209932765,0.8443628844628325,defined,0.04985272427507908,sensitivity_only
id:x%3A0x1.6000000000000p%2B3,317,6.842,5.62888,5.670973790067236,0.8443628844628325,defined,-0.04985272427507908,sensitivity_only
id:x%3A0x1.6000000000000p%2B3,318,6.864,5.64296,5.600866209932764,0.8443628844628325,defined,0.04985272427507908,sensitivity_only
id:x%3A0x1.6000000000000p%2B3,319,6.886,5.65704,5.699133790067236,0.8443628844628325,defined,-0.04985272427507908,sensitivity_only
id:x%3A0x1.6000000000000p%2B3,320,6.908,5.67112,5.629026209932764,0.8443628844628325,defined,0.04985272427507908,sensitivity_only
id:x%3A0x1.6000000000000p%2B3,321,6.93,5.6852,5.727293790067236,0.8443628844628325,defined,-0.04985272427507908,sensitivity_only
id:x%3A0x1.6000000000000p%2B3,322,6.952,5.69928,5.657186209932764,0.8443628844628325,defined,0.04985272427507908,sensitivity_only
id:x%3A0x1.6000000000000p%2B3,323,6.974,5.713360000000001,5.755453790067237,0.8443628844628325,defined,-0.04985272427507908,sensitivity_only
id:x%3A0x1.6000000000000p%2B3,324,6.996,5.7274400000000005,5.6853462099327645,0.8443628844628325,defined,0.04985272427507908,sensitivity_only
id:x%3A0x1.6000000000000p%2B3,325,7.0,5.73,5.772093790067236,0.8443628844628325,defined,-0.04985272427507908,sensitivity_only
id:x%3A0x1.6000000000000p%2B3,326,7.018,5.74152,5.699426209932764,0.8443628844628325,defined,0.04985272427507908,sensitivity_only
id:x%3A0x1.6000000000000p%2B3,327,7.04,5.7556,5.797693790067236,0.8443628844628325,defined,-0.04985272427507908,sensitivity_only
id:x%3A0x1.6000000000000p%2B3,328,7.062,5.76968,5.727586209932764,0.8443628844628325,defined,0.04985272427507908,sensitivity_only
id:x%3A0x1.6000000000000p%2B3,329,7.084,5.78376,5.825853790067236,0.8443628844628325,defined,-0.04985272427507908,sensitivity_only
id:x%3A0x1.6000000000000p%2B3,330,7.106,5.79784,5.755746209932764,0.8443628844628325,defined,0.04985272427507908,sensitivity_only
id:x%3A0x1.6000000000000p%2B3,331,7.128,5.81192,5.854013790067236,0.8443628844628325,defined,-0.04985272427507908,sensitivity_only
id:x%3A0x1.6000000000000p%2B3,332,7.15,5.8260000000000005,5.7839062099327645,0.8443628844628325,defined,0.04985272427507908,sensitivity_only
id:x%3A0x1.6000000000000p%2B3,333,7.172,5.8400799999999995,5.8821737900672355,0.8443628844628325,defined,-0.04985272427507908,sensitivity_only
id:x%3A0x1.6000000000000p%2B3,334,7.194,5.85416,5.812066209932764,0.8443628844628325,defined,0.04985272427507908,sensitivity_only
id:x%3A0x1.6000000000000p%2B3,335,7.216,5.86824,5.910333790067236,0.8443628844628325,defined,-0.04985272427507908,sensitivity_only
id:x%3A0x1.6000000000000p%2B3,336,7.238,5.88232,5.840226209932764,0.8443628844628325,defined,0.04985272427507908,sensitivity_only
id:x%3A0x1.6000000000000p%2B3,337,7.26,5.8964,5.938493790067236,0.8443628844628325,defined,-0.04985272427507908,sensitivity_only
id:x%3A0x1.6000000000000p%2B3,338,7.282,5.91048,5.868386209932764,0.8443628844628325,defined,0.04985272427507908,sensitivity_only
id:x%3A0x1.6000000000000p%2B3,339,7.304,5.9245600000000005,5.9666537900672365,0.8443628844628325,defined,-0.04985272427507908,sensitivity_only
id:x%3A0x1.6000000000000p%2B3,340,7.326,5.9386399999999995,5.8965462099327635,0.8443628844628325,defined,0.04985272427507908,sensitivity_only
id:x%3A0x1.6000000000000p%2B3,341,7.348,5.95272,5.994813790067236,0.8443628844628325,defined,-0.04985272427507908,sensitivity_only
id:x%3A0x1.6000000000000p%2B3,342,7.37,5.9668,5.924706209932764,0.8443628844628325,defined,0.04985272427507908,sensitivity_only
id:x%3A0x1.6000000000000p%2B3,343,7.392,5.98088,6.022973790067236,0.8443628844628325,defined,-0.04985272427507908,sensitivity_only
id:x%3A0x1.6000000000000p%2B3,344,7.414,5.99496,5.952866209932764,0.8443628844628325,defined,0.04985272427507908,sensitivity_only
id:x%3A0x1.6000000000000p%2B3,345,7.436,6.00904,6.051133790067236,0.8443628844628325,defined,-0.04985272427507908,sensitivity_only
id:x%3A0x1.6000000000000p%2B3,346,7.458,6.0231200000000005,5.9810262099327645,0.8443628844628325,defined,0.04985272427507908,sensitivity_only
id:x%3A0x1.6000000000000p%2B3,347,7.48,6.0372,6.079293790067236,0.8443628844628325,defined,-0.04985272427507908,sensitivity_only
id:x%3A0x1.6000000000000p%2B3,348,7.502,6.05128,6.011290948939013,0.8021437472571021,defined,0.04985272427507908,sensitivity_only
id:x%3A0x1.6000000000000p%2B3,349,7.524,6.06536,6.105349051060987,0.8021437472571021,defined,-0.04985272427507908,sensitivity_only
id:x%3A0x1.6000000000000p%2B3,350,7.546,6.07944,6.039450948939013,0.8021437472571021,defined,0.04985272427507908,sensitivity_only
id:x%3A0x1.6000000000000p%2B3,351,7.568,6.09352,6.133509051060987,0.8021437472571021,defined,-0.04985272427507908,sensitivity_only
id:x%3A0x1.6000000000000p%2B3,352,7.59,6.1076,6.067610948939013,0.8021437472571021,defined,0.04985272427507908,sensitivity_only
id:x%3A0x1.6000000000000p%2B3,353,7.612,6.1216800000000005,6.161669051060987,0.8021437472571021,defined,-0.04985272427507908,sensitivity_only
id:x%3A0x1.6000000000000p%2B3,354,7.634,6.13576,6.0957709489390135,0.8021437472571021,defined,0.04985272427507908,sensitivity_only
id:x%3A0x1.6000000000000p%2B3,355,7.656,6.14984,6.189829051060987,0.8021437472571021,defined,-0.04985272427507908,sensitivity_only
id:x%3A0x1.6000000000000p%2B3,356,7.678,6.16392,6.123930948939013,0.8021437472571021,defined,0.04985272427507908,sensitivity_only
id:x%3A0x1.6000000000000p%2B3,357,7.7,6.178,6.217989051060987,0.8021437472571021,defined,-0.04985272427507908,sensitivity_only
id:x%3A0x1.6000000000000p%2B3,358,7.722,6.192080000000001,6.152090948939014,0.8021437472571021,defined,0.04985272427507908,sensitivity_only
id:x%3A0x1.6000000000000p%2B3,359,7.744,6.20616,6.2461490510609865,0.8021437472571021,defined,-0.04985272427507908,sensitivity_only
id:x%3A0x1.6000000000000p%2B3,360,7.766,6.22024,6.180250948939014,0.8021437472571021,defined,0.04985272427507908,sensitivity_only
id:x%3A0x1.6000000000000p%2B3,361,7.788,6.23432,6.274309051060987,0.8021437472571021,defined,-0.04985272427507908,sensitivity_only
id:x%3A0x1.6000000000000p%2B3,362,7.81,6.2484,6.208410948939013,0.8021437472571021,defined,0.04985272427507908,sensitivity_only
id:x%3A0x1.6000000000000p%2B3,363,7.832,6.26248,6.302469051060987,0.8021437472571021,defined,-0.04985272427507908,sensitivity_only
id:x%3A0x1.6000000000000p%2B3,364,7.854,6.27656,6.236570948939013,0.8021437472571021,defined,0.04985272427507908,sensitivity_only
id:x%3A0x1.6000000000000p%2B3,365,7.876,6.290640000000001,6.3306290510609875,0.8021437472571021,defined,-0.04985272427507908,sensitivity_only
id:x%3A0x1.6000000000000p%2B3,366,7.898,6.30472,6.264730948939013,0.8021437472571021,defined,0.04985272427507908,sensitivity_only
id:x%3A0x1.6000000000000p%2B3,367,7.92,6.3188,6.358789051060987,0.8021437472571021,defined,-0.04985272427507908,sensitivity_only
id:x%3A0x1.6000000000000p%2B3,368,7.942,6.33288,6.2928909489390135,0.8021437472571021,defined,0.04985272427507908,sensitivity_only
id:x%3A0x1.6000000000000p%2B3,369,7.964,6.34696,6.386949051060987,0.8021437472571021,defined,-0.04985272427507908,sensitivity_only
id:x%3A0x1.6000000000000p%2B3,370,7.986,6.36104,6.321050948939013,0.8021437472571021,defined,0.04985272427507908,sensitivity_only
id:x%3A0x1.6000000000000p%2B3,371,8.0,6.37,6.409989051060987,0.8021437472571021,defined,-0.04985272427507908,sensitivity_only
id:x%3A0x1.6000000000000p%2B3,372,8.008,6.37512,6.335130948939013,0.8021437472571021,defined,0.04985272427507908,sensitivity_only
id:x%3A0x1.6000000000000p%2B3,373,8.03,6.3892,6.429189051060987,0.8021437472571021,defined,-0.04985272427507908,sensitivity_only
id:x%3A0x1.6000000000000p%2B3,374,8.052,6.40328,6.363290948939013,0.8021437472571021,defined,0.04985272427507908,sensitivity_only
id:x%3A0x1.6000000000000p%2B3,375,8.074,6.41736,6.457349051060987,0.8021437472571021,defined,-0.04985272427507908,sensitivity_only
id:x%3A0x1.6000000000000p%2B3,376,8.096,6.43144,6.391450948939013,0.8021437472571021,defined,0.04985272427507908,sensitivity_only
id:x%3A0x1.6000000000000p%2B3,377,8.118,6.44552,6.485509051060987,0.8021437472571021,defined,-0.04985272427507908,sensitivity_only
id:x%3A0x1.6000000000000p%2B3,378,8.14,6.459600000000001,6.419610948939014,0.8021437472571021,defined,0.04985272427507908,sensitivity_only
id:x%3A0x1.6000000000000p%2B3,379,8.162,6.473680000000001,6.513669051060988,0.8021437472571021,defined,-0.04985272427507908,sensitivity_only
id:x%3A0x1.6000000000000p%2B3,380,8.184,6.48776,6.447770948939013,0.8021437472571021,defined,0.04985272427507908,sensitivity_only
id:x%3A0x1.6000000000000p%2B3,381,8.206,6.50184,6.5418290510609864,0.8021437472571021,defined,-0.04985272427507908,sensitivity_only
id:x%3A0x1.6000000000000p%2B3,382,8.228,6.51592,6.4759309489390136,0.8021437472571021,defined,0.04985272427507908,sensitivity_only
id:x%3A0x1.6000000000000p%2B3,383,8.25,6.53,6.569989051060987,0.8021437472571021,defined,-0.04985272427507908,sensitivity_only
id:x%3A0x1.6000000000000p%2B3,384,8.272,6.54408,6.504090948939013,0.8021437472571021,defined,0.04985272427507908,sensitivity_only
id:x%3A0x1.6000000000000p%2B3,385,8.294,6.55816,6.598149051060987,0.8021437472571021,defined,-0.04985272427507908,sensitivity_only
id:x%3A0x1.6000000000000p%2B3,386,8.316,6.572240000000001,6.532250948939014,0.8021437472571021,defined,0.04985272427507908,sensitivity_only
id:x%3A0x1.6000000000000p%2B3,387,8.338,6.58632,6.6263090510609866,0.8021437472571021,defined,-0.04985272427507908,sensitivity_only
id:x%3A0x1.6000000000000p%2B3,388,8.36,6.6004,6.560410948939013,0.8021437472571021,defined,0.04985272427507908,sensitivity_only
id:x%3A0x1.6000000000000p%2B3,389,8.382,6.6144799999999995,6.654469051060986,0.8021437472571021,defined,-0.04985272427507908,sensitivity_only
id:x%3A0x1.6000000000000p%2B3,390,8.404,6.62856,6.588570948939013,0.8021437472571021,defined,0.04985272427507908,sensitivity_only
id:x%3A0x1.6000000000000p%2B3,391,8.426,6.64264,6.682629051060987,0.8021437472571021,defined,-0.04985272427507908,sensitivity_only
id:x%3A0x1.6000000000000p%2B3,392,8.448,6.65672,6.616730948939013,0.8021437472571021,defined,0.04985272427507908,sensitivity_only
id:x%3A0x1.6000000000000p%2B3,393,8.47,6.670800000000001,6.7107890510609876,0.8021437472571021,defined,-0.04985272427507908,sensitivity_only
id:x%3A0x1.6000000000000p%2B3,394,8.492,6.684880000000001,6.644890948939014,0.8021437472571021,defined,0.04985272427507908,sensitivity_only
id:x%3A0x1.6000000000000p%2B3,395,8.514,6.69896,6.734694896692797,0.7168093060595385,defined,-0.04985272427507908,sensitivity_only
id:x%3A0x1.6000000000000p%2B3,396,8.536,6.7130399999999995,6.677305103307202,0.7168093060595385,defined,0.04985272427507908,sensitivity_only
id:x%3A0x1.6000000000000p%2B3,397,8.558,6.72712,6.762854896692797,0.7168093060595385,defined,-0.04985272427507908,sensitivity_only
id:x%3A0x1.6000000000000p%2B3,398,8.58,6.7412,6.705465103307203,0.7168093060595385,defined,0.04985272427507908,sensitivity_only
id:x%3A0x1.6000000000000p%2B3,399,8.602,6.75528,6.791014896692797,0.7168093060595385,defined,-0.04985272427507908,sensitivity_only
id:x%3A0x1.6000000000000p%2B3,400,8.624,6.769360000000001,6.733625103307204,0.7168093060595385,defined,0.04985272427507908,sensitivity_only
id:x%3A0x1.6000000000000p%2B3,401,8.646,6.783440000000001,6.819174896692798,0.7168093060595385,defined,-0.04985272427507908,sensitivity_only
id:x%3A0x1.6000000000000p%2B3,402,8.668,6.79752,6.7617851033072025,0.7168093060595385,defined,0.04985272427507908,sensitivity_only
id:x%3A0x1.6000000000000p%2B3,403,8.69,6.811599999999999,6.8473348966927965,0.7168093060595385,defined,-0.04985272427507908,sensitivity_only
id:x%3A0x1.6000000000000p%2B3,404,8.712,6.82568,6.789945103307203,0.7168093060595385,defined,0.04985272427507908,sensitivity_only
id:x%3A0x1.6000000000000p%2B3,405,8.734,6.83976,6.875494896692797,0.7168093060595385,defined,-0.04985272427507908,sensitivity_only
id:x%3A0x1.6000000000000p%2B3,406,8.756,6.85384,6.818105103307203,0.7168093060595385,defined,0.04985272427507908,sensitivity_only
id:x%3A0x1.6000000000000p%2B3,407,8.778,6.867920000000001,6.903654896692798,0.7168093060595385,defined,-0.04985272427507908,sensitivity_only
id:x%3A0x1.6000000000000p%2B3,408,8.8,6.882000000000001,6.8462651033072035,0.7168093060595385,defined,0.04985272427507908,sensitivity_only
id:x%3A0x1.6000000000000p%2B3,409,8.822,6.8960799999999995,6.931814896692797,0.7168093060595385,defined,-0.04985272427507908,sensitivity_only
id:x%3A0x1.6000000000000p%2B3,410,8.844,6.910159999999999,6.874425103307202,0.7168093060595385,defined,0.04985272427507908,sensitivity_only
id:x%3A0x1.6000000000000p%2B3,411,8.866,6.92424,6.959974896692797,0.7168093060595385,defined,-0.04985272427507908,sensitivity_only
id:x%3A0x1.6000000000000p%2B3,412,8.888,6.93832,6.902585103307203,0.7168093060595385,defined,0.04985272427507908,sensitivity_only
id:x%3A0x1.6000000000000p%2B3,413,8.91,6.9524,6.988134896692797,0.7168093060595385,defined,-0.04985272427507908,sensitivity_only
id:x%3A0x1.6000000000000p%2B3,414,8.932,6.966480000000001,6.930745103307204,0.7168093060595385,defined,0.04985272427507908,sensitivity_only
id:x%3A0x1.6000000000000p%2B3,415,8.954,6.9805600000000005,7.016294896692798,0.7168093060595385,defined,-0.04985272427507908,sensitivity_only
id:x%3A0x1.6000000000000p%2B3,416,8.976,6.99464,6.958905103307203,0.7168093060595385,defined,0.04985272427507908,sensitivity_only
id:x%3A0x1.6000000000000p%2B3,417,8.998,7.008719999999999,7.0444548966927965,0.7168093060595385,defined,-0.04985272427507908,sensitivity_only
id:x%3A0x1.6000000000000p%2B3,418,9.0,7.01,6.974265103307203,0.7168093060595385,defined,0.04985272427507908,sensitivity_only
id:x%3A0x1.6000000000000p%2B3,419,9.02,7.0228,7.058534896692797,0.7168093060595385,defined,-0.04985272427507908,sensitivity_only
id:x%3A0x1.6000000000000p%2B3,420,9.042,7.03688,7.001145103307203,0.7168093060595385,defined,0.04985272427507908,sensitivity_only
id:x%3A0x1.6000000000000p%2B3,421,9.064,7.05096,7.086694896692797,0.7168093060595385,defined,-0.04985272427507908,sensitivity_only
id:x%3A0x1.6000000000000p%2B3,422,9.086,7.065040000000001,7.029305103307204,0.7168093060595385,defined,0.04985272427507908,sensitivity_only
id:x%3A0x1.6000000000000p%2B3,423,9.108,7.0791200000000005,7.114854896692798,0.7168093060595385,defined,-0.04985272427507908,sensitivity_only
id:x%3A0x1.6000000000000p%2B3,424,9.13,7.0932,7.057465103307203,0.7168093060595385,defined,0.04985272427507908,sensitivity_only
id:x%3A0x1.6000000000000p%2B3,425,9.152,7.107279999999999,7.143014896692796,0.7168093060595385,defined,-0.04985272427507908,sensitivity_only
id:x%3A0x1.6000000000000p%2B3,426,9.174,7.12136,7.085625103307203,0.7168093060595385,defined,0.04985272427507908,sensitivity_only
id:x%3A0x1.6000000000000p%2B3,427,9.196,7.13544,7.171174896692797,0.7168093060595385,defined,-0.04985272427507908,sensitivity_only
id:x%3A0x1.6000000000000p%2B3,428,9.218,7.14952,7.113785103307203,0.7168093060595385,defined,0.04985272427507908,sensitivity_only
id:x%3A0x1.6000000000000p%2B3,429,9.24,7.163600000000001,7.199334896692798,0.7168093060595385,defined,-0.04985272427507908,sensitivity_only
id:x%3A0x1.6000000000000p%2B3,430,9.262,7.1776800000000005,7.1419451033072034,0.7168093060595385,defined,0.04985272427507908,sensitivity_only
id:x%3A0x1.6000000000000p%2B3,431,9.284,7.19176,7.227494896692797,0.7168093060595385,defined,-0.04985272427507908,sensitivity_only
id:x%3A0x1.6000000000000p%2B3,432,9.306,7.205839999999999,7.170105103307202,0.7168093060595385,defined,0.04985272427507908,sensitivity_only
id:x%3A0x1.6000000000000p%2B3,433,9.328,7.21992,7.255654896692797,0.7168093060595385,defined,-0.04985272427507908,sensitivity_only
id:x%3A0x1.6000000000000p%2B3,434,9.35,7.234,7.198265103307203,0.7168093060595385,defined,0.04985272427507908,sensitivity_only
id:x%3A0x1.6000000000000p%2B3,435,9.372,7.24808,7.283814896692797,0.7168093060595385,defined,-0.04985272427507908,sensitivity_only
id:x%3A0x1.6000000000000p%2B3,436,9.394,7.262160000000001,7.226425103307204,0.7168093060595385,defined,0.04985272427507908,sensitivity_only
id:x%3A0x1.6000000000000p%2B3,437,9.416,7.2762400000000005,7.3119748966927975,0.7168093060595385,defined,-0.04985272427507908,sensitivity_only
id:x%3A0x1.6000000000000p%2B3,438,9.438,7.29032,7.254585103307203,0.7168093060595385,defined,0.04985272427507908,sensitivity_only
id:x%3A0x1.6000000000000p%2B3,439,9.46,7.304400000000001,7.340134896692798,0.7168093060595385,defined,-0.04985272427507908,sensitivity_only
id:x%3A0x1.6000000000000p%2B3,440,9.482,7.31848,7.282745103307203,0.7168093060595385,defined,0.04985272427507908,sensitivity_only
id:x%3A0x1.6000000000000p%2B3,441,9.504,7.33256,7.374653790067236,0.8443628844628325,defined,-0.04985272427507908,sensitivity_only
id:x%3A0x1.6000000000000p%2B3,442,9.526,7.34664,7.304546209932764,0.8443628844628325,defined,0.04985272427507908,sensitivity_only
id:x%3A0x1.6000000000000p%2B3,443,9.548,7.360720000000001,7.402813790067237,0.8443628844628325,defined,-0.04985272427507908,sensitivity_only
id:x%3A0x1.6000000000000p%2B3,444,9.57,7.3748000000000005,7.3327062099327645,0.8443628844628325,defined,0.04985272427507908,sensitivity_only
id:x%3A0x1.6000000000000p%2B3,445,9.592,7.38888,7.430973790067236,0.8443628844628325,defined,-0.04985272427507908,sensitivity_only
id:x%3A0x1.6000000000000p%2B3,446,9.614,7.40296,7.360866209932764,0.8443628844628325,defined,0.04985272427507908,sensitivity_only
id:x%3A0x1.6000000000000p%2B3,447,9.636,7.41704,7.459133790067236,0.8443628844628325,defined,-0.04985272427507908,sensitivity_only
id:x%3A0x1.6000000000000p%2B3,448,9.658,7.43112,7.389026209932764,0.8443628844628325,defined,0.04985272427507908,sensitivity_only
id:x%3A0x1.6000000000000p%2B3,449,9.68,7.4452,7.487293790067236,0.8443628844628325,defined,-0.04985272427507908,sensitivity_only
id:x%3A0x1.6000000000000p%2B3,450,9.702,7.45928,7.417186209932764,0.8443628844628325,defined,0.04985272427507908,sensitivity_only
id:x%3A0x1.6000000000000p%2B3,451,9.724,7.4733600000000004,7.5154537900672365,0.8443628844628325,defined,-0.04985272427507908,sensitivity_only
id:x%3A0x1.6000000000000p%2B3,452,9.746,7.48744,7.445346209932764,0.8443628844628325,defined,0.04985272427507908,sensitivity_only
id:x%3A0x1.6000000000000p%2B3,453,9.768,7.50152,7.543613790067236,0.8443628844628325,defined,-0.04985272427507908,sensitivity_only
id:x%3A0x1.6000000000000p%2B3,454,9.79,7.515599999999999,7.473506209932763,0.8443628844628325,defined,0.04985272427507908,sensitivity_only
id:x%3A0x1.6000000000000p%2B3,455,9.812,7.52968,7.571773790067236,0.8443628844628325,defined,-0.04985272427507908,sensitivity_only
id:x%3A0x1.6000000000000p%2B3,456,9.834,7.54376,7.501666209932764,0.8443628844628325,defined,0.04985272427507908,sensitivity_only
id:x%3A0x1.6000000000000p%2B3,457,9.856,7.55784,7.599933790067236,0.8443628844628325,defined,-0.04985272427507908,sensitivity_only
id:x%3A0x1.6000000000000p%2B3,458,9.878,7.57192,7.529826209932764,0.8443628844628325,defined,0.04985272427507908,sensitivity_only
id:x%3A0x1.6000000000000p%2B3,459,9.9,7.586,7.628093790067236,0.8443628844628325,defined,-0.04985272427507908,sensitivity_only
id:x%3A0x1.6000000000000p%2B3,460,9.922,7.60008,7.557986209932764,0.8443628844628325,defined,0.04985272427507908,sensitivity_only
id:x%3A0x1.6000000000000p%2B3,461,9.944,7.614160000000001,7.656253790067237,0.8443628844628325,defined,-0.04985272427507908,sensitivity_only
id:x%3A0x1.6000000000000p%2B3,462,9.966,7.62824,7.586146209932764,0.8443628844628325,defined,0.04985272427507908,sensitivity_only
id:x%3A0x1.6000000000000p%2B3,463,9.988,7.64232,7.684413790067236,0.8443628844628325,defined,-0.04985272427507908,sensitivity_only
id:x%3A0x1.6000000000000p%2B3,464,10.0,7.65,7.607906209932764,0.8443628844628325,defined,0.04985272427507908,sensitivity_only
id:x%3A0x1.6000000000000p%2B3,465,10.01,7.6564,7.698493790067236,0.8443628844628325,defined,-0.04985272427507908,sensitivity_only
id:x%3A0x1.6000000000000p%2B3,466,10.032,7.67048,7.628386209932764,0.8443628844628325,defined,0.04985272427507908,sensitivity_only
id:x%3A0x1.6000000000000p%2B3,467,10.054,7.68456,7.726653790067236,0.8443628844628325,defined,-0.04985272427507908,sensitivity_only
id:x%3A0x1.6000000000000p%2B3,468,10.076,7.69864,7.656546209932764,0.8443628844628325,defined,0.04985272427507908,sensitivity_only
id:x%3A0x1.6000000000000p%2B3,469,10.098,7.712720000000001,7.754813790067237,0.8443628844628325,defined,-0.04985272427507908,sensitivity_only
id:x%3A0x1.6000000000000p%2B3,470,10.12,7.7268,7.684706209932764,0.8443628844628325,defined,0.04985272427507908,sensitivity_only
id:x%3A0x1.6000000000000p%2B3,471,10.142,7.74088,7.782973790067236,0.8443628844628325,defined,-0.04985272427507908,sensitivity_only
id:x%3A0x1.6000000000000p%2B3,472,10.164,7.75496,7.712866209932764,0.8443628844628325,defined,0.04985272427507908,sensitivity_only
id:x%3A0x1.6000000000000p%2B3,473,10.186,7.76904,7.811133790067236,0.8443628844628325,defined,-0.04985272427507908,sensitivity_only
id:x%3A0x1.6000000000000p%2B3,474,10.208,7.78312,7.741026209932764,0.8443628844628325,defined,0.04985272427507908,sensitivity_only
id:x%3A0x1.6000000000000p%2B3,475,10.23,7.7972,7.839293790067236,0.8443628844628325,defined,-0.04985272427507908,sensitivity_only
id:x%3A0x1.6000000000000p%2B3,476,10.252,7.811280000000001,7.769186209932765,0.8443628844628325,defined,0.04985272427507908,sensitivity_only
id:x%3A0x1.6000000000000p%2B3,477,10.274,7.82536,7.867453790067236,0.8443628844628325,defined,-0.04985272427507908,sensitivity_only
id:x%3A0x1.6000000000000p%2B3,478,10.296,7.83944,7.797346209932764,0.8443628844628325,defined,0.04985272427507908,sensitivity_only
id:x%3A0x1.6000000000000p%2B3,479,10.318,7.85352,7.895613790067236,0.8443628844628325,defined,-0.04985272427507908,sensitivity_only
id:x%3A0x1.6000000000000p%2B3,480,10.34,7.8676,7.825506209932764,0.8443628844628325,defined,0.04985272427507908,sensitivity_only
id:x%3A0x1.6000000000000p%2B3,481,10.362,7.88168,7.923773790067236,0.8443628844628325,defined,-0.04985272427507908,sensitivity_only
id:x%3A0x1.6000000000000p%2B3,482,10.384,7.89576,7.853666209932764,0.8443628844628325,defined,0.04985272427507908,sensitivity_only
id:x%3A0x1.6000000000000p%2B3,483,10.406,7.909840000000001,7.951933790067237,0.8443628844628325,defined,-0.04985272427507908,sensitivity_only
id:x%3A0x1.6000000000000p%2B3,484,10.428,7.923920000000001,7.881826209932765,0.8443628844628325,defined,0.04985272427507908,sensitivity_only
id:x%3A0x1.6000000000000p%2B3,485,10.45,7.938,7.980093790067236,0.8443628844628325,defined,-0.04985272427507908,sensitivity_only
id:x%3A0x1.6000000000000p%2B3,486,10.472,7.95208,7.909986209932764,0.8443628844628325,defined,0.04985272427507908,sensitivity_only
id:x%3A0x1.6000000000000p%2B3,487,10.494,7.96616,8.008253790067236,0.8443628844628325,defined,-0.04985272427507908,sensitivity_only
id:x%3A0x1.6000000000000p%2B3,488,10.516,7.98024,7.944505103307203,0.7168093060595381,defined,0.04985272427507908,sensitivity_only
id:x%3A0x1.6000000000000p%2B3,489,10.538,7.99432,8.030054896692796,0.7168093060595381,defined,-0.04985272427507908,sensitivity_only
id:x%3A0x1.6000000000000p%2B3,490,10.56,8.008400000000002,7.972665103307205,0.7168093060595381,defined,0.04985272427507908,sensitivity_only
id:x%3A0x1.6000000000000p%2B3,491,10.582,8.022480000000002,8.058214896692798,0.7168093060595381,defined,-0.04985272427507908,sensitivity_only
id:x%3A0x1.6000000000000p%2B3,492,10.604,8.03656,8.000825103307204,0.7168093060595381,defined,0.04985272427507908,sensitivity_only
id:x%3A0x1.6000000000000p%2B3,493,10.626,8.05064,8.086374896692796,0.7168093060595381,defined,-0.04985272427507908,sensitivity_only
id:x%3A0x1.6000000000000p%2B3,494,10.648,8.064720000000001,8.028985103307205,0.7168093060595381,defined,0.04985272427507908,sensitivity_only
id:x%3A0x1.6000000000000p%2B3,495,10.67,8.078800000000001,8.114534896692797,0.7168093060595381,defined,-0.04985272427507908,sensitivity_only
id:x%3A0x1.6000000000000p%2B3,496,10.692,8.092880000000001,8.057145103307205,0.7168093060595381,defined,0.04985272427507908,sensitivity_only
id:x%3A0x1.6000000000000p%2B3,497,10.714,8.10696,8.142694896692797,0.7168093060595381,defined,-0.04985272427507908,sensitivity_only
id:x%3A0x1.6000000000000p%2B3,498,10.736,8.12104,8.085305103307205,0.7168093060595381,defined,0.04985272427507908,sensitivity_only
id:x%3A0x1.6000000000000p%2B3,499,10.758,8.13512,8.170854896692797,0.7168093060595381,defined,-0.04985272427507908,sensitivity_only
id:x%3A0x1.6000000000000p%2B3,500,10.78,8.1492,8.113465103307204,0.7168093060595381,defined,0.04985272427507908,sensitivity_only
id:x%3A0x1.6000000000000p%2B3,501,10.802,8.16328,8.199014896692796,0.7168093060595381,defined,-0.04985272427507908,sensitivity_only
id:x%3A0x1.6000000000000p%2B3,502,10.824,8.17736,8.141625103307204,0.7168093060595381,defined,0.04985272427507908,sensitivity_only
id:x%3A0x1.6000000000000p%2B3,503,10.846,8.19144,8.227174896692796,0.7168093060595381,defined,-0.04985272427507908,sensitivity_only
id:x%3A0x1.6000000000000p%2B3,504,10.868,8.20552,8.169785103307204,0.7168093060595381,defined,0.04985272427507908,sensitivity_only
id:x%3A0x1.6000000000000p%2B3,505,10.89,8.2196,8.255334896692796,0.7168093060595381,defined,-0.04985272427507908,sensitivity_only
id:x%3A0x1.6000000000000p%2B3,506,10.912,8.23368,8.197945103307203,0.7168093060595381,defined,0.04985272427507908,sensitivity_only
id:x%3A0x1.6000000000000p%2B3,507,10.934,8.24776,8.283494896692796,0.7168093060595381,defined,-0.04985272427507908,sensitivity_only
id:x%3A0x1.6000000000000p%2B3,508,10.956,8.26184,8.226105103307203,0.7168093060595381,defined,0.04985272427507908,sensitivity_only
id:x%3A0x1.6000000000000p%2B3,509,10.978,8.27592,8.311654896692795,0.7168093060595381,defined,-0.04985272427507908,sensitivity_only
id:x%3A0x1.6000000000000p%2B3,510,11.0,8.29,8.254265103307203,0.7168093060595381,defined,0.04985272427507908,sensitivity_only
