x_group_id,grid_index,x,full_prediction,without_group_prediction,s_ref,s_ref_status,normalized_delta,status
id:x%3A0x0.0p%2B0,0,0.0,1.75,1.6848392458569692,0.6516075414303091,defined,0.1,sensitivity_only
id:x%3A0x0.0p%2B0,1,0.022,1.75704,1.7895244110984874,0.6516075414303091,defined,-0.04985272427507908,sensitivity_only
id:x%3A0x0.0p%2B0,2,0.044,1.76408,1.7315955889015127,0.6516075414303091,defined,0.04985272427507908,sensitivity_only
id:x%3A0x0.0p%2B0,3,0.066,1.77112,1.8036044110984875,0.6516075414303091,defined,-0.04985272427507908,sensitivity_only
id:x%3A0x0.0p%2B0,4,0.088,1.77816,1.7456755889015125,0.6516075414303091,defined,0.04985272427507908,sensitivity_only
id:x%3A0x0.0p%2B0,5,0.11,1.7852,1.8176844110984873,0.6516075414303091,defined,-0.04985272427507908,sensitivity_only
id:x%3A0x0.0p%2B0,6,0.132,1.79224,1.7597555889015126,0.6516075414303091,defined,0.04985272427507908,sensitivity_only
id:x%3A0x0.0p%2B0,7,0.154,1.79928,1.8317644110984874,0.6516075414303091,defined,-0.04985272427507908,sensitivity_only
id:x%3A0x0.0p%2B0,8,0.176,1.80632,1.7738355889015125,0.6516075414303091,defined,0.04985272427507908,sensitivity_only
id:x%3A0x0.0p%2B0,9,0.198,1.81336,1.8458444110984875,0.6516075414303091,defined,-0.04985272427507908,sensitivity_only
id:x%3A0x0.0p%2B0,10,0.22,1.8204,1.7879155889015126,0.6516075414303091,defined,0.04985272427507908,sensitivity_only
id:x%3A0x0.0p%2B0,11,0.242,1.82744,1.8599244110984874,0.6516075414303091,defined,-0.04985272427507908,sensitivity_only
id:x%3A0x0.0p%2B0,12,0.264,1.83448,1.8019955889015127,0.6516075414303091,defined,0.04985272427507908,sensitivity_only
id:x%3A0x0.0p%2B0,13,0.286,1.84152,1.8740044110984875,0.6516075414303091,defined,-0.04985272427507908,sensitivity_only
id:x%3A0x0.0p%2B0,14,0.308,1.84856,1.8160755889015125,0.6516075414303091,defined,0.04985272427507908,sensitivity_only
id:x%3A0x0.0p%2B0,15,0.33,1.8556,1.8880844110984873,0.6516075414303091,defined,-0.04985272427507908,sensitivity_only
id:x%3A0x0.0p%2B0,16,0.352,1.86264,1.8301555889015126,0.6516075414303091,defined,0.04985272427507908,sensitivity_only
id:x%3A0x0.0p%2B0,17,0.374,1.86968,1.9021644110984874,0.6516075414303091,defined,-0.04985272427507908,sensitivity_only
id:x%3A0x0.0p%2B0,18,0.396,1.87672,1.8442355889015125,0.6516075414303091,defined,0.04985272427507908,sensitivity_only
id:x%3A0x0.0p%2B0,19,0.418,1.88376,1.9162444110984875,0.6516075414303091,defined,-0.04985272427507908,sensitivity_only
id:x%3A0x0.0p%2B0,20,0.44,1.8908,1.8583155889015126,0.6516075414303091,defined,0.04985272427507908,sensitivity_only
id:x%3A0x0.0p%2B0,21,0.462,1.89784,1.9303244110984874,0.6516075414303091,defined,-0.04985272427507908,sensitivity_only
id:x%3A0x0.0p%2B0,22,0.484,1.90488,1.8723955889015125,0.6516075414303091,defined,0.04985272427507908,sensitivity_only
id:x%3A0x0.0p%2B0,23,0.506,1.91192,1.9471700130852527,0.7070829848886273,defined,-0.04985272427507908,sensitivity_only
id:x%3A0x0.0p%2B0,24,0.528,1.91896,1.8837099869147473,0.7070829848886273,defined,0.04985272427507908,sensitivity_only
id:x%3A0x0.0p%2B0,25,0.55,1.926,1.9612500130852526,0.7070829848886273,defined,-0.04985272427507908,sensitivity_only
id:x%3A0x0.0p%2B0,26,0.572,1.93304,1.8977899869147474,0.7070829848886273,defined,0.04985272427507908,sensitivity_only
id:x%3A0x0.0p%2B0,27,0.594,1.94008,1.9753300130852527,0.7070829848886273,defined,-0.04985272427507908,sensitivity_only
id:x%3A0x0.0p%2B0,28,0.616,1.94712,1.9118699869147473,0.7070829848886273,defined,0.04985272427507908,sensitivity_only
id:x%3A0x0.0p%2B0,29,0.638,1.95416,1.9894100130852526,0.7070829848886273,defined,-0.04985272427507908,sensitivity_only
id:x%3A0x0.0p%2B0,30,0.66,1.9612,1.9259499869147474,0.7070829848886273,defined,0.04985272427507908,sensitivity_only
id:x%3A0x0.0p%2B0,31,0.682,1.96824,2.0034900130852527,0.7070829848886273,defined,-0.04985272427507908,sensitivity_only
id:x%3A0x0.0p%2B0,32,0.704,1.97528,1.9400299869147473,0.7070829848886273,defined,0.04985272427507908,sensitivity_only
id:x%3A0x0.0p%2B0,33,0.726,1.98232,2.0175700130852525,0.7070829848886273,defined,-0.04985272427507908,sensitivity_only
id:x%3A0x0.0p%2B0,34,0.748,1.98936,1.9541099869147474,0.7070829848886273,defined,0.04985272427507908,sensitivity_only
id:x%3A0x0.0p%2B0,35,0.77,1.9964,2.0316500130852524,0.7070829848886273,defined,-0.04985272427507908,sensitivity_only
id:x%3A0x0.0p%2B0,36,0.792,2.00344,1.9681899869147472,0.7070829848886273,defined,0.04985272427507908,sensitivity_only
id:x%3A0x0.0p%2B0,37,0.814,2.01048,2.0457300130852523,0.7070829848886273,defined,-0.04985272427507908,sensitivity_only
id:x%3A0x0.0p%2B0,38,0.836,2.01752,1.9822699869147475,0.7070829848886273,defined,0.04985272427507908,sensitivity_only
id:x%3A0x0.0p%2B0,39,0.858,2.02456,2.0598100130852526,0.7070829848886273,defined,-0.04985272427507908,sensitivity_only
id:x%3A0x0.0p%2B0,40,0.88,2.0316,1.9963499869147474,0.7070829848886273,defined,0.04985272427507908,sensitivity_only
id:x%3A0x0.0p%2B0,41,0.902,2.03864,2.0738900130852524,0.7070829848886273,defined,-0.04985272427507908,sensitivity_only
id:x%3A0x0.0p%2B0,42,0.924,2.04568,2.0104299869147475,0.7070829848886273,defined,0.04985272427507908,sensitivity_only
id:x%3A0x0.0p%2B0,43,0.946,2.05272,2.0879700130852523,0.7070829848886273,defined,-0.04985272427507908,sensitivity_only
id:x%3A0x0.0p%2B0,44,0.968,2.05976,2.0245099869147474,0.7070829848886273,defined,0.04985272427507908,sensitivity_only
id:x%3A0x0.0p%2B0,45,0.99,2.0668,2.1020500130852526,0.7070829848886273,defined,-0.04985272427507908,sensitivity_only
id:x%3A0x0.0p%2B0,46,1.0,2.07,2.0347499869147474,0.7070829848886273,defined,0.04985272427507908,sensitivity_only
id:x%3A0x0.0p%2B0,47,1.012,2.07384,2.1090900130852526,0.7070829848886273,defined,-0.04985272427507908,sensitivity_only
id:x%3A0x0.0p%2B0,48,1.034,2.08088,2.0456299869147476,0.7070829848886273,defined,0.04985272427507908,sensitivity_only
id:x%3A0x0.0p%2B0,49,1.056,2.08792,2.1231700130852524,0.7070829848886273,defined,-0.04985272427507908,sensitivity_only
id:x%3A0x0.0p%2B0,50,1.078,2.09496,2.0597099869147475,0.7070829848886273,defined,0.04985272427507908,sensitivity_only
id:x%3A0x0.0p%2B0,51,1.1,2.102,2.1372500130852523,0.7070829848886273,defined,-0.04985272427507908,sensitivity_only
id:x%3A0x0.0p%2B0,52,1.122,2.1090400000000002,2.073789986914748,0.7070829848886273,defined,0.04985272427507908,sensitivity_only
id:x%3A0x0.0p%2B0,53,1.144,2.11608,2.1513300130852526,0.7070829848886273,defined,-0.04985272427507908,sensitivity_only
id:x%3A0x0.0p%2B0,54,1.166,2.12312,2.0878699869147477,0.7070829848886273,defined,0.04985272427507908,sensitivity_only
id:x%3A0x0.0p%2B0,55,1.188,2.13016,2.1654100130852525,0.7070829848886273,defined,-0.04985272427507908,sensitivity_only
id:x%3A0x0.0p%2B0,56,1.21,2.1372,2.1019499869147475,0.7070829848886273,defined,0.04985272427507908,sensitivity_only
id:x%3A0x0.0p%2B0,57,1.232,2.14424,2.1794900130852524,0.7070829848886273,defined,-0.04985272427507908,sensitivity_only
id:x%3A0x0.0p%2B0,58,1.254,2.15128,2.1160299869147474,0.7070829848886273,defined,0.04985272427507908,sensitivity_only
id:x%3A0x0.0p%2B0,59,1.276,2.15832,2.1935700130852522,0.7070829848886273,defined,-0.04985272427507908,sensitivity_only
id:x%3A0x0.0p%2B0,60,1.298,2.16536,2.1301099869147477,0.7070829848886273,defined,0.04985272427507908,sensitivity_only
id:x%3A0x0.0p%2B0,61,1.32,2.1724,2.2076500130852525,0.7070829848886273,defined,-0.04985272427507908,sensitivity_only
id:x%3A0x0.0p%2B0,62,1.342,2.17944,2.1441899869147476,0.7070829848886273,defined,0.04985272427507908,sensitivity_only
id:x%3A0x0.0p%2B0,63,1.364,2.18648,2.2217300130852524,0.7070829848886273,defined,-0.04985272427507908,sensitivity_only
id:x%3A0x0.0p%2B0,64,1.386,2.19352,2.1582699869147475,0.7070829848886273,defined,0.04985272427507908,sensitivity_only
id:x%3A0x0.0p%2B0,65,1.408,2.20056,2.2358100130852523,0.7070829848886273,defined,-0.04985272427507908,sensitivity_only
id:x%3A0x0.0p%2B0,66,1.43,2.2076000000000002,2.172349986914748,0.7070829848886273,defined,0.04985272427507908,sensitivity_only
id:x%3A0x0.0p%2B0,67,1.452,2.21464,2.2498900130852526,0.7070829848886273,defined,-0.04985272427507908,sensitivity_only
id:x%3A0x0.0p%2B0,68,1.474,2.22168,2.1864299869147477,0.7070829848886273,defined,0.04985272427507908,sensitivity_only
id:x%3A0x0.0p%2B0,69,1.496,2.22872,2.2639700130852525,0.7070829848886273,defined,-0.04985272427507908,sensitivity_only
id:x%3A0x0.0p%2B0,70,1.518,2.23576,2.1963135567855505,0.7912595307087035,defined,0.04985272427507908,sensitivity_only
id:x%3A0x0.0p%2B0,71,1.54,2.2428,2.2822464432144494,0.7912595307087035,defined,-0.04985272427507908,sensitivity_only
id:x%3A0x0.0p%2B0,72,1.562,2.24984,2.2103935567855504,0.7912595307087035,defined,0.04985272427507908,sensitivity_only
id:x%3A0x0.0p%2B0,73,1.584,2.2568799999999998,2.2963264432144492,0.7912595307087035,defined,-0.04985272427507908,sensitivity_only
id:x%3A0x0.0p%2B0,74,1.606,2.26392,2.2244735567855507,0.7912595307087035,defined,0.04985272427507908,sensitivity_only
id:x%3A0x0.0p%2B0,75,1.628,2.27096,2.3104064432144495,0.7912595307087035,defined,-0.04985272427507908,sensitivity_only
id:x%3A0x0.0p%2B0,76,1.65,2.278,2.2385535567855506,0.7912595307087035,defined,0.04985272427507908,sensitivity_only
id:x%3A0x0.0p%2B0,77,1.672,2.28504,2.3244864432144494,0.7912595307087035,defined,-0.04985272427507908,sensitivity_only
id:x%3A0x0.0p%2B0,78,1.694,2.29208,2.2526335567855504,0.7912595307087035,defined,0.04985272427507908,sensitivity_only
id:x%3A0x0.0p%2B0,79,1.716,2.2991200000000003,2.3385664432144497,0.7912595307087035,defined,-0.04985272427507908,sensitivity_only
id:x%3A0x0.0p%2B0,80,1.738,2.30616,2.2667135567855508,0.7912595307087035,defined,0.04985272427507908,sensitivity_only
id:x%3A0x0.0p%2B0,81,1.76,2.3132,2.3526464432144496,0.7912595307087035,defined,-0.04985272427507908,sensitivity_only
id:x%3A0x0.0p%2B0,82,1.782,2.32024,2.2807935567855506,0.7912595307087035,defined,0.04985272427507908,sensitivity_only
id:x%3A0x0.0p%2B0,83,1.804,2.32728,2.3667264432144495,0.7912595307087035,defined,-0.04985272427507908,sensitivity_only
id:x%3A0x0.0p%2B0,84,1.826,2.33432,2.2948735567855505,0.7912595307087035,defined,0.04985272427507908,sensitivity_only
id:x%3A0x0.0p%2B0,85,1.848,2.34136,2.3808064432144493,0.7912595307087035,defined,-0.04985272427507908,sensitivity_only
id:x%3A0x0.0p%2B0,86,1.87,2.3484,2.3089535567855504,0.7912595307087035,defined,0.04985272427507908,sensitivity_only
id:x%3A0x0.0p%2B0,87,1.892,2.3554399999999998,2.394886443214449,0.7912595307087035,defined,-0.04985272427507908,sensitivity_only
id:x%3A0x0.0p%2B0,88,1.914,2.36248,2.3230335567855507,0.7912595307087035,defined,0.04985272427507908,sensitivity_only
id:x%3A0x0.0p%2B0,89,1.936,2.36952,2.4089664432144495,0.7912595307087035,defined,-0.04985272427507908,sensitivity_only
id:x%3A0x0.0p%2B0,90,1.958,2.37656,2.3371135567855505,0.7912595307087035,defined,0.04985272427507908,sensitivity_only
id:x%3A0x0.0p%2B0,91,1.98,2.3836,2.4230464432144494,0.7912595307087035,defined,-0.04985272427507908,sensitivity_only
id:x%3A0x0.0p%2B0,92,2.0,2.39,2.3505535567855507,0.7912595307087035,defined,0.04985272427507908,sensitivity_only
id:x%3A0x0.0p%2B0,93,2.002,2.39064,2.4300864432144493,0.7912595307087035,defined,-0.04985272427507908,sensitivity_only
id:x%3A0x0.0p%2B0,94,2.024,2.3976800000000003,2.358233556785551,0.7912595307087035,defined,0.04985272427507908,sensitivity_only
id:x%3A0x0.0p%2B0,95,2.046,2.40472,2.4441664432144496,0.7912595307087035,defined,-0.04985272427507908,sensitivity_only
id:x%3A0x0.0p%2B0,96,2.068,2.41176,2.3723135567855507,0.7912595307087035,defined,0.04985272427507908,sensitivity_only
id:x%3A0x0.0p%2B0,97,2.09,2.4188,2.4582464432144495,0.7912595307087035,defined,-0.04985272427507908,sensitivity_only
id:x%3A0x0.0p%2B0,98,2.112,2.42584,2.3863935567855505,0.7912595307087035,defined,0.04985272427507908,sensitivity_only
id:x%3A0x0.0p%2B0,99,2.134,2.43288,2.4723264432144494,0.7912595307087035,defined,-0.04985272427507908,sensitivity_only
id:x%3A0x0.0p%2B0,100,2.156,2.43992,2.4004735567855504,0.7912595307087035,defined,0.04985272427507908,sensitivity_only
id:x%3A0x0.0p%2B0,101,2.178,2.44696,2.4864064432144493,0.7912595307087035,defined,-0.04985272427507908,sensitivity_only
id:x%3A0x0.0p%2B0,102,2.2,2.454,2.4145535567855507,0.7912595307087035,defined,0.04985272427507908,sensitivity_only
id:x%3A0x0.0p%2B0,103,2.222,2.46104,2.5004864432144496,0.7912595307087035,defined,-0.04985272427507908,sensitivity_only
id:x%3A0x0.0p%2B0,104,2.244,2.46808,2.4286335567855506,0.7912595307087035,defined,0.04985272427507908,sensitivity_only
id:x%3A0x0.0p%2B0,105,2.266,2.47512,2.5145664432144494,0.7912595307087035,defined,-0.04985272427507908,sensitivity_only
id:x%3A0x0.0p%2B0,106,2.288,2.48216,2.4427135567855505,0.7912595307087035,defined,0.04985272427507908,sensitivity_only
id:x%3A0x0.0p%2B0,107,2.31,2.4892000000000003,2.5286464432144498,0.7912595307087035,defined,-0.04985272427507908,sensitivity_only
id:x%3A0x0.0p%2B0,108,2.332,2.4962400000000002,2.456793556785551,0.7912595307087035,defined,0.04985272427507908,sensitivity_only
id:x%3A0x0.0p%2B0,109,2.354,2.50328,2.5427264432144496,0.7912595307087035,defined,-0.04985272427507908,sensitivity_only
id:x%3A0x0.0p%2B0,110,2.376,2.51032,2.4708735567855507,0.7912595307087035,defined,0.04985272427507908,sensitivity_only
id:x%3A0x0.0p%2B0,111,2.398,2.51736,2.5568064432144495,0.7912595307087035,defined,-0.04985272427507908,sensitivity_only
id:x%3A0x0.0p%2B0,112,2.42,2.5244,2.4849535567855505,0.7912595307087035,defined,0.04985272427507908,sensitivity_only
id:x%3A0x0.0p%2B0,113,2.442,2.53144,2.5708864432144494,0.7912595307087035,defined,-0.04985272427507908,sensitivity_only
id:x%3A0x0.0p%2B0,114,2.464,2.53848,2.4990335567855504,0.7912595307087035,defined,0.04985272427507908,sensitivity_only
id:x%3A0x0.0p%2B0,115,2.486,2.5455200000000002,2.5849664432144497,0.7912595307087035,defined,-0.04985272427507908,sensitivity_only
id:x%3A0x0.0p%2B0,116,2.508,2.55256,2.5103479547987853,0.8467349741670217,defined,0.04985272427507908,sensitivity_only
id:x%3A0x0.0p%2B0,117,2.53,2.5596,2.601812045201215,0.8467349741670217,defined,-0.04985272427507908,sensitivity_only
id:x%3A0x0.0p%2B0,118,2.552,2.56664,2.524427954798785,0.8467349741670217,defined,0.04985272427507908,sensitivity_only
id:x%3A0x0.0p%2B0,119,2.574,2.57368,2.615892045201215,0.8467349741670217,defined,-0.04985272427507908,sensitivity_only
id:x%3A0x0.0p%2B0,120,2.596,2.58072,2.538507954798785,0.8467349741670217,defined,0.04985272427507908,sensitivity_only
id:x%3A0x0.0p%2B0,121,2.618,2.58776,2.6299720452012147,0.8467349741670217,defined,-0.04985272427507908,sensitivity_only
id:x%3A0x0.0p%2B0,122,2.64,2.5948,2.5525879547987853,0.8467349741670217,defined,0.04985272427507908,sensitivity_only
id:x%3A0x0.0p%2B0,123,2.662,2.60184,2.644052045201215,0.8467349741670217,defined,-0.04985272427507908,sensitivity_only
id:x%3A0x0.0p%2B0,124,2.684,2.60888,2.566667954798785,0.8467349741670217,defined,0.04985272427507908,sensitivity_only
id:x%3A0x0.0p%2B0,125,2.706,2.61592,2.658132045201215,0.8467349741670217,defined,-0.04985272427507908,sensitivity_only
id:x%3A0x0.0p%2B0,126,2.728,2.62296,2.580747954798785,0.8467349741670217,defined,0.04985272427507908,sensitivity_only
id:x%3A0x0.0p%2B0,127,2.75,2.63,2.672212045201215,0.8467349741670217,defined,-0.04985272427507908,sensitivity_only
id:x%3A0x0.0p%2B0,128,2.772,2.63704,2.594827954798785,0.8467349741670217,defined,0.04985272427507908,sensitivity_only
id:x%3A0x0.0p%2B0,129,2.794,2.6440799999999998,2.6862920452012147,0.8467349741670217,defined,-0.04985272427507908,sensitivity_only
id:x%3A0x0.0p%2B0,130,2.816,2.6511199999999997,2.608907954798785,0.8467349741670217,defined,0.04985272427507908,sensitivity_only
id:x%3A0x0.0p%2B0,131,2.838,2.65816,2.700372045201215,0.8467349741670217,defined,-0.04985272427507908,sensitivity_only
id:x%3A0x0.0p%2B0,132,2.86,2.6652,2.622987954798785,0.8467349741670217,defined,0.04985272427507908,sensitivity_only
id:x%3A0x0.0p%2B0,133,2.882,2.67224,2.714452045201215,0.8467349741670217,defined,-0.04985272427507908,sensitivity_only
id:x%3A0x0.0p%2B0,134,2.904,2.67928,2.637067954798785,0.8467349741670217,defined,0.04985272427507908,sensitivity_only
id:x%3A0x0.0p%2B0,135,2.926,2.6863200000000003,2.728532045201215,0.8467349741670217,defined,-0.04985272427507908,sensitivity_only
id:x%3A0x0.0p%2B0,136,2.948,2.69336,2.6511479547987853,0.8467349741670217,defined,0.04985272427507908,sensitivity_only
id:x%3A0x0.0p%2B0,137,2.97,2.7004,2.742612045201215,0.8467349741670217,defined,-0.04985272427507908,sensitivity_only
id:x%3A0x0.0p%2B0,138,2.992,2.70744,2.665227954798785,0.8467349741670217,defined,0.04985272427507908,sensitivity_only
id:x%3A0x0.0p%2B0,139,3.0,2.71,2.752212045201215,0.8467349741670217,defined,-0.04985272427507908,sensitivity_only
id:x%3A0x0.0p%2B0,140,3.014,2.71448,2.672267954798785,0.8467349741670217,defined,0.04985272427507908,sensitivity_only
id:x%3A0x0.0p%2B0,141,3.036,2.72152,2.763732045201215,0.8467349741670217,defined,-0.04985272427507908,sensitivity_only
id:x%3A0x0.0p%2B0,142,3.058,2.72856,2.686347954798785,0.8467349741670217,defined,0.04985272427507908,sensitivity_only
id:x%3A0x0.0p%2B0,143,3.08,2.7356,2.7778120452012147,0.8467349741670217,defined,-0.04985272427507908,sensitivity_only
id:x%3A0x0.0p%2B0,144,3.102,2.7426399999999997,2.700427954798785,0.8467349741670217,defined,0.04985272427507908,sensitivity_only
id:x%3A0x0.0p%2B0,145,3.124,2.74968,2.791892045201215,0.8467349741670217,defined,-0.04985272427507908,sensitivity_only
id:x%3A0x0.0p%2B0,146,3.146,2.75672,2.714507954798785,0.8467349741670217,defined,0.04985272427507908,sensitivity_only
id:x%3A0x0.0p%2B0,147,3.168,2.76376,2.805972045201215,0.8467349741670217,defined,-0.04985272427507908,sensitivity_only
id:x%3A0x0.0p%2B0,148,3.19,2.7708,2.728587954798785,0.8467349741670217,defined,0.04985272427507908,sensitivity_only
id:x%3A0x0.0p%2B0,149,3.212,2.7778400000000003,2.820052045201215,0.8467349741670217,defined,-0.04985272427507908,sensitivity_only
id:x%3A0x0.0p%2B0,150,3.234,2.7848800000000002,2.7426679547987853,0.8467349741670217,defined,0.04985272427507908,sensitivity_only
id:x%3A0x0.0p%2B0,151,3.256,2.79192,2.834132045201215,0.8467349741670217,defined,-0.04985272427507908,sensitivity_only
id:x%3A0x0.0p%2B0,152,3.278,2.79896,2.756747954798785,0.8467349741670217,defined,0.04985272427507908,sensitivity_only
id:x%3A0x0.0p%2B0,153,3.3,2.806,2.848212045201215,0.8467349741670217,defined,-0.04985272427507908,sensitivity_only
id:x%3A0x0.0p%2B0,154,3.322,2.81304,2.770827954798785,0.8467349741670217,defined,0.04985272427507908,sensitivity_only
id:x%3A0x0.0p%2B0,155,3.344,2.82008,2.862292045201215,0.8467349741670217,defined,-0.04985272427507908,sensitivity_only
id:x%3A0x0.0p%2B0,156,3.366,2.82712,2.784907954798785,0.8467349741670217,defined,0.04985272427507908,sensitivity_only
id:x%3A0x0.0p%2B0,157,3.388,2.83416,2.8763720452012147,0.8467349741670217,defined,-0.04985272427507908,sensitivity_only
id:x%3A0x0.0p%2B0,158,3.41,2.8412,2.7989879547987853,0.8467349741670217,defined,0.04985272427507908,sensitivity_only
id:x%3A0x0.0p%2B0,159,3.432,2.84824,2.890452045201215,0.8467349741670217,defined,-0.04985272427507908,sensitivity_only
id:x%3A0x0.0p%2B0,160,3.454,2.85528,2.813067954798785,0.8467349741670217,defined,0.04985272427507908,sensitivity_only
id:x%3A0x0.0p%2B0,161,3.476,2.86232,2.904532045201215,0.8467349741670217,defined,-0.04985272427507908,sensitivity_only
id:x%3A0x0.0p%2B0,162,3.498,2.8693600000000004,2.8271479547987854,0.8467349741670217,defined,0.04985272427507908,sensitivity_only
id:x%3A0x0.0p%2B0,163,3.52,2.8764000000000003,2.918612045201215,0.8467349741670217,defined,-0.04985272427507908,sensitivity_only
id:x%3A0x0.0p%2B0,164,3.542,2.8834400000000002,2.8412279547987853,0.8467349741670217,defined,0.04985272427507908,sensitivity_only
id:x%3A0x0.0p%2B0,165,3.564,2.89048,2.932692045201215,0.8467349741670217,defined,-0.04985272427507908,sensitivity_only
id:x%3A0x0.0p%2B0,166,3.586,2.89752,2.855307954798785,0.8467349741670217,defined,0.04985272427507908,sensitivity_only
id:x%3A0x0.0p%2B0,167,3.608,2.90456,2.946772045201215,0.8467349741670217,defined,-0.04985272427507908,sensitivity_only
id:x%3A0x0.0p%2B0,168,3.63,2.9116,2.869387954798785,0.8467349741670217,defined,0.04985272427507908,sensitivity_only
id:x%3A0x0.0p%2B0,169,3.652,2.91864,2.960852045201215,0.8467349741670217,defined,-0.04985272427507908,sensitivity_only
id:x%3A0x0.0p%2B0,170,3.674,2.92568,2.883467954798785,0.8467349741670217,defined,0.04985272427507908,sensitivity_only
id:x%3A0x0.0p%2B0,171,3.696,2.9327199999999998,2.9749320452012147,0.8467349741670217,defined,-0.04985272427507908,sensitivity_only
id:x%3A0x0.0p%2B0,172,3.718,2.9397599999999997,2.897547954798785,0.8467349741670217,defined,0.04985272427507908,sensitivity_only
id:x%3A0x0.0p%2B0,173,3.74,2.9468,2.989012045201215,0.8467349741670217,defined,-0.04985272427507908,sensitivity_only
id:x%3A0x0.0p%2B0,174,3.762,2.95384,2.911627954798785,0.8467349741670217,defined,0.04985272427507908,sensitivity_only
id:x%3A0x0.0p%2B0,175,3.784,2.96088,3.003092045201215,0.8467349741670217,defined,-0.04985272427507908,sensitivity_only
id:x%3A0x0.0p%2B0,176,3.806,2.9679200000000003,2.9257079547987854,0.8467349741670217,defined,0.04985272427507908,sensitivity_only
id:x%3A0x0.0p%2B0,177,3.828,2.9749600000000003,3.017172045201215,0.8467349741670217,defined,-0.04985272427507908,sensitivity_only
id:x%3A0x0.0p%2B0,178,3.85,2.982,2.9397879547987853,0.8467349741670217,defined,0.04985272427507908,sensitivity_only
id:x%3A0x0.0p%2B0,179,3.872,2.98904,3.031252045201215,0.8467349741670217,defined,-0.04985272427507908,sensitivity_only
id:x%3A0x0.0p%2B0,180,3.894,2.99608,2.953867954798785,0.8467349741670217,defined,0.04985272427507908,sensitivity_only
id:x%3A0x0.0p%2B0,181,3.916,3.00312,3.045332045201215,0.8467349741670217,defined,-0.04985272427507908,sensitivity_only
id:x%3A0x0.0p%2B0,182,3.938,3.01016,2.967947954798785,0.8467349741670217,defined,0.04985272427507908,sensitivity_only
id:x%3A0x0.0p%2B0,183,3.96,3.0172,3.059412045201215,0.8467349741670217,defined,-0.04985272427507908,sensitivity_only
id:x%3A0x0.0p%2B0,184,3.982,3.02424,2.982027954798785,0.8467349741670217,defined,0.04985272427507908,sensitivity_only
id:x%3A0x0.0p%2B0,185,4.0,3.0300000000000002,3.072212045201215,0.8467349741670217,defined,-0.04985272427507908,sensitivity_only
id:x%3A0x0.0p%2B0,186,4.004,3.0312799999999998,2.989067954798785,0.8467349741670217,defined,0.04985272427507908,sensitivity_only
id:x%3A0x0.0p%2B0,187,4.026,3.0383199999999997,3.0805320452012146,0.8467349741670217,defined,-0.04985272427507908,sensitivity_only
id:x%3A0x0.0p%2B0,188,4.048,3.04536,3.003147954798785,0.8467349741670217,defined,0.04985272427507908,sensitivity_only
id:x%3A0x0.0p%2B0,189,4.07,3.0524000000000004,3.0946120452012154,0.8467349741670217,defined,-0.04985272427507908,sensitivity_only
id:x%3A0x0.0p%2B0,190,4.092,3.05944,3.017227954798785,0.8467349741670217,defined,0.04985272427507908,sensitivity_only
id:x%3A0x0.0p%2B0,191,4.114,3.0664800000000003,3.1086920452012152,0.8467349741670217,defined,-0.04985272427507908,sensitivity_only
id:x%3A0x0.0p%2B0,192,4.136,3.0735200000000003,3.0313079547987853,0.8467349741670217,defined,0.04985272427507908,sensitivity_only
id:x%3A0x0.0p%2B0,193,4.158,3.08056,3.122772045201215,0.8467349741670217,defined,-0.04985272427507908,sensitivity_only
id:x%3A0x0.0p%2B0,194,4.18,3.0876,3.045387954798785,0.8467349741670217,defined,0.04985272427507908,sensitivity_only
id:x%3A0x0.0p%2B0,195,4.202,3.09464,3.136852045201215,0.8467349741670217,defined,-0.04985272427507908,sensitivity_only
id:x%3A0x0.0p%2B0,196,4.224,3.10168,3.059467954798785,0.8467349741670217,defined,0.04985272427507908,sensitivity_only
id:x%3A0x0.0p%2B0,197,4.246,3.10872,3.150932045201215,0.8467349741670217,defined,-0.04985272427507908,sensitivity_only
id:x%3A0x0.0p%2B0,198,4.268,3.11576,3.073547954798785,0.8467349741670217,defined,0.04985272427507908,sensitivity_only
id:x%3A0x0.0p%2B0,199,4.29,3.1228,3.1650120452012147,0.8467349741670217,defined,-0.04985272427507908,sensitivity_only
id:x%3A0x0.0p%2B0,200,4.312,3.12984,3.0876279547987853,0.8467349741670217,defined,0.04985272427507908,sensitivity_only
id:x%3A0x0.0p%2B0,201,4.334,3.1368799999999997,3.1790920452012146,0.8467349741670217,defined,-0.04985272427507908,sensitivity_only
id:x%3A0x0.0p%2B0,202,4.356,3.14392,3.101707954798785,0.8467349741670217,defined,0.04985272427507908,sensitivity_only
id:x%3A0x0.0p%2B0,203,4.378,3.15096,3.193172045201215,0.8467349741670217,defined,-0.04985272427507908,sensitivity_only
id:x%3A0x0.0p%2B0,204,4.4,3.1580000000000004,3.1157879547987855,0.8467349741670217,defined,0.04985272427507908,sensitivity_only
id:x%3A0x0.0p%2B0,205,4.422,3.16504,3.2072520452012148,0.8467349741670217,defined,-0.04985272427507908,sensitivity_only
id:x%3A0x0.0p%2B0,206,4.444,3.1720800000000002,3.1298679547987853,0.8467349741670217,defined,0.04985272427507908,sensitivity_only
id:x%3A0x0.0p%2B0,207,4.466,3.17912,3.221332045201215,0.8467349741670217,defined,-0.04985272427507908,sensitivity_only
id:x%3A0x0.0p%2B0,208,4.488,3.18616,3.143947954798785,0.8467349741670217,defined,0.04985272427507908,sensitivity_only
id:x%3A0x0.0p%2B0,209,4.51,3.1932,3.2326464432144495,0.7912595307087035,defined,-0.04985272427507908,sensitivity_only
id:x%3A0x0.0p%2B0,210,4.532,3.20024,3.1607935567855505,0.7912595307087035,defined,0.04985272427507908,sensitivity_only
id:x%3A0x0.0p%2B0,211,4.554,3.20728,3.2467264432144494,0.7912595307087035,defined,-0.04985272427507908,sensitivity_only
id:x%3A0x0.0p%2B0,212,4.576,3.21432,3.1748735567855504,0.7912595307087035,defined,0.04985272427507908,sensitivity_only
id:x%3A0x0.0p%2B0,213,4.598,3.22136,3.2608064432144492,0.7912595307087035,defined,-0.04985272427507908,sensitivity_only
id:x%3A0x0.0p%2B0,214,4.62,3.2284,3.1889535567855507,0.7912595307087035,defined,0.04985272427507908,sensitivity_only
id:x%3A0x0.0p%2B0,215,4.642,3.23544,3.2748864432144495,0.7912595307087035,defined,-0.04985272427507908,sensitivity_only
id:x%3A0x0.0p%2B0,216,4.664,3.24248,3.2030335567855506,0.7912595307087035,defined,0.04985272427507908,sensitivity_only
id:x%3A0x0.0p%2B0,217,4.686,3.24952,3.2889664432144494,0.7912595307087035,defined,-0.04985272427507908,sensitivity_only
id:x%3A0x0.0p%2B0,218,4.708,3.2565600000000003,3.217113556785551,0.7912595307087035,defined,0.04985272427507908,sensitivity_only
id:x%3A0x0.0p%2B0,219,4.73,3.2636000000000003,3.3030464432144497,0.7912595307087035,defined,-0.04985272427507908,sensitivity_only
id:x%3A0x0.0p%2B0,220,4.752,3.27064,3.2311935567855508,0.7912595307087035,defined,0.04985272427507908,sensitivity_only
id:x%3A0x0.0p%2B0,221,4.774,3.27768,3.3171264432144496,0.7912595307087035,defined,-0.04985272427507908,sensitivity_only
id:x%3A0x0.0p%2B0,222,4.796,3.28472,3.2452735567855506,0.7912595307087035,defined,0.04985272427507908,sensitivity_only
id:x%3A0x0.0p%2B0,223,4.818,3.29176,3.3312064432144495,0.7912595307087035,defined,-0.04985272427507908,sensitivity_only
id:x%3A0x0.0p%2B0,224,4.84,3.2988,3.2593535567855505,0.7912595307087035,defined,0.04985272427507908,sensitivity_only
id:x%3A0x0.0p%2B0,225,4.862,3.30584,3.3452864432144493,0.7912595307087035,defined,-0.04985272427507908,sensitivity_only
id:x%3A0x0.0p%2B0,226,4.884,3.31288,3.2734335567855504,0.7912595307087035,defined,0.04985272427507908,sensitivity_only
id:x%3A0x0.0p%2B0,227,4.906,3.3199199999999998,3.359366443214449,0.7912595307087035,defined,-0.04985272427507908,sensitivity_only
id:x%3A0x0.0p%2B0,228,4.928,3.3269599999999997,3.2875135567855502,0.7912595307087035,defined,0.04985272427507908,sensitivity_only
id:x%3A0x0.0p%2B0,229,4.95,3.334,3.3734464432144495,0.7912595307087035,defined,-0.04985272427507908,sensitivity_only
id:x%3A0x0.0p%2B0,230,4.972,3.3410400000000005,3.301593556785551,0.7912595307087035,defined,0.04985272427507908,sensitivity_only
id:x%3A0x0.0p%2B0,231,4.994,3.34808,3.3875264432144494,0.7912595307087035,defined,-0.04985272427507908,sensitivity_only
id:x%3A0x0.0p%2B0,232,5.0,3.35,3.3105535567855506,0.7912595307087035,defined,0.04985272427507908,sensitivity_only
id:x%3A0x0.0p%2B0,233,5.016,3.3551200000000003,3.39456644321445,0.7912595307087035,defined,-0.04985272427507908,sensitivity_only
id:x%3A0x0.0p%2B0,234,5.038,3.3621600000000003,3.322713556785551,0.7912595307087035,defined,0.04985272427507908,sensitivity_only
id:x%3A0x0.0p%2B0,235,5.06,3.3692,3.4086464432144497,0.7912595307087035,defined,-0.04985272427507908,sensitivity_only
id:x%3A0x0.0p%2B0,236,5.082,3.37624,3.3367935567855507,0.7912595307087035,defined,0.04985272427507908,sensitivity_only
id:x%3A0x0.0p%2B0,237,5.104,3.38328,3.4227264432144495,0.7912595307087035,defined,-0.04985272427507908,sensitivity_only
id:x%3A0x0.0p%2B0,238,5.126,3.39032,3.3508735567855505,0.7912595307087035,defined,0.04985272427507908,sensitivity_only
id:x%3A0x0.0p%2B0,239,5.148,3.39736,3.4368064432144494,0.7912595307087035,defined,-0.04985272427507908,sensitivity_only
id:x%3A0x0.0p%2B0,240,5.17,3.4044,3.3649535567855504,0.7912595307087035,defined,0.04985272427507908,sensitivity_only
id:x%3A0x0.0p%2B0,241,5.192,3.41144,3.4508864432144493,0.7912595307087035,defined,-0.04985272427507908,sensitivity_only
id:x%3A0x0.0p%2B0,242,5.214,3.41848,3.3790335567855507,0.7912595307087035,defined,0.04985272427507908,sensitivity_only
id:x%3A0x0.0p%2B0,243,5.236,3.4255199999999997,3.464966443214449,0.7912595307087035,defined,-0.04985272427507908,sensitivity_only
id:x%3A0x0.0p%2B0,244,5.258,3.43256,3.3931135567855506,0.7912595307087035,defined,0.04985272427507908,sensitivity_only
id:x%3A0x0.0p%2B0,245,5.28,3.4396000000000004,3.47904644321445,0.7912595307087035,defined,-0.04985272427507908,sensitivity_only
id:x%3A0x0.0p%2B0,246,5.302,3.44664,3.4071935567855505,0.7912595307087035,defined,0.04985272427507908,sensitivity_only
id:x%3A0x0.0p%2B0,247,5.324,3.4536800000000003,3.4931264432144498,0.7912595307087035,defined,-0.04985272427507908,sensitivity_only
id:x%3A0x0.0p%2B0,248,5.346,3.4607200000000002,3.421273556785551,0.7912595307087035,defined,0.04985272427507908,sensitivity_only
id:x%3A0x0.0p%2B0,249,5.368,3.46776,3.5072064432144496,0.7912595307087035,defined,-0.04985272427507908,sensitivity_only
id:x%3A0x0.0p%2B0,250,5.39,3.4748,3.4353535567855507,0.7912595307087035,defined,0.04985272427507908,sensitivity_only
id:x%3A0x0.0p%2B0,251,5.412,3.48184,3.5212864432144495,0.7912595307087035,defined,-0.04985272427507908,sensitivity_only
id:x%3A0x0.0p%2B0,252,5.434,3.48888,3.4494335567855505,0.7912595307087035,defined,0.04985272427507908,sensitivity_only
id:x%3A0x0.0p%2B0,253,5.456,3.49592,3.5353664432144494,0.7912595307087035,defined,-0.04985272427507908,sensitivity_only
id:x%3A0x0.0p%2B0,254,5.478,3.50296,3.4635135567855504,0.7912595307087035,defined,0.04985272427507908,sensitivity_only
id:x%3A0x0.0p%2B0,255,5.5,3.51,3.5494464432144492,0.7912595307087035,defined,-0.04985272427507908,sensitivity_only
id:x%3A0x0.0p%2B0,256,5.522,3.53156,3.493175990714147,0.7699480789466207,defined,0.04985272427507908,sensitivity_only
id:x%3A0x0.0p%2B0,257,5.544,3.5531199999999994,3.591504009285852,0.7699480789466207,defined,-0.04985272427507908,sensitivity_only
id:x%3A0x0.0p%2B0,258,5.566,3.5746799999999994,3.5362959907141467,0.7699480789466207,defined,0.04985272427507908,sensitivity_only
id:x%3A0x0.0p%2B0,259,5.588,3.59624,3.6346240092858526,0.7699480789466207,defined,-0.04985272427507908,sensitivity_only
id:x%3A0x0.0p%2B0,260,5.61,3.6178,3.579415990714147,0.7699480789466207,defined,0.04985272427507908,sensitivity_only
id:x%3A0x0.0p%2B0,261,5.632,3.6393599999999995,3.677744009285852,0.7699480789466207,defined,-0.04985272427507908,sensitivity_only
id:x%3A0x0.0p%2B0,262,5.654,3.6609199999999995,3.622535990714147,0.7699480789466207,defined,0.04985272427507908,sensitivity_only
id:x%3A0x0.0p%2B0,263,5.676,3.68248,3.7208640092858527,0.7699480789466207,defined,-0.04985272427507908,sensitivity_only
id:x%3A0x0.0p%2B0,264,5.698,3.70404,3.6656559907141473,0.7699480789466207,defined,0.04985272427507908,sensitivity_only
id:x%3A0x0.0p%2B0,265,5.72,3.7255999999999996,3.7639840092858523,0.7699480789466207,defined,-0.04985272427507908,sensitivity_only
id:x%3A0x0.0p%2B0,266,5.742,3.7471599999999996,3.708775990714147,0.7699480789466207,defined,0.04985272427507908,sensitivity_only
id:x%3A0x0.0p%2B0,267,5.764,3.76872,3.807104009285853,0.7699480789466207,defined,-0.04985272427507908,sensitivity_only
id:x%3A0x0.0p%2B0,268,5.786,3.790279999999999,3.7518959907141465,0.7699480789466207,defined,0.04985272427507908,sensitivity_only
id:x%3A0x0.0p%2B0,269,5.808,3.8118399999999997,3.8502240092858524,0.7699480789466207,defined,-0.04985272427507908,sensitivity_only
id:x%3A0x0.0p%2B0,270,5.83,3.8333999999999997,3.795015990714147,0.7699480789466207,defined,0.04985272427507908,sensitivity_only
id:x%3A0x0.0p%2B0,271,5.852,3.85496,3.893344009285853,0.7699480789466207,defined,-0.04985272427507908,sensitivity_only
id:x%3A0x0.0p%2B0,272,5.874,3.8765199999999993,3.8381359907141466,0.7699480789466207,defined,0.04985272427507908,sensitivity_only
id:x%3A0x0.0p%2B0,273,5.896,3.8980799999999998,3.9364640092858525,0.7699480789466207,defined,-0.04985272427507908,sensitivity_only
id:x%3A0x0.0p%2B0,274,5.918,3.91964,3.881255990714147,0.7699480789466207,defined,0.04985272427507908,sensitivity_only
id:x%3A0x0.0p%2B0,275,5.94,3.9412000000000003,3.979584009285853,0.7699480789466207,defined,-0.04985272427507908,sensitivity_only
id:x%3A0x0.0p%2B0,276,5.962,3.9627599999999994,3.9243759907141467,0.7699480789466207,defined,0.04985272427507908,sensitivity_only
id:x%3A0x0.0p%2B0,277,5.984,3.98432,4.022704009285852,0.7699480789466207,defined,-0.04985272427507908,sensitivity_only
id:x%3A0x0.0p%2B0,278,6.0,4.0,3.9616159907141473,0.7699480789466207,defined,0.04985272427507908,sensitivity_only
id:x%3A0x0.0p%2B0,279,6.006,4.00588,4.044264009285853,0.7699480789466207,defined,-0.04985272427507908,sensitivity_only
id:x%3A0x0.0p%2B0,280,6.028,4.0274399999999995,3.9890559907141467,0.7699480789466207,defined,0.04985272427507908,sensitivity_only
id:x%3A0x0.0p%2B0,281,6.05,4.0489999999999995,4.087384009285852,0.7699480789466207,defined,-0.04985272427507908,sensitivity_only
id:x%3A0x0.0p%2B0,282,6.072,4.0705599999999995,4.032175990714147,0.7699480789466207,defined,0.04985272427507908,sensitivity_only
id:x%3A0x0.0p%2B0,283,6.094,4.09212,4.130504009285853,0.7699480789466207,defined,-0.04985272427507908,sensitivity_only
id:x%3A0x0.0p%2B0,284,6.116,4.11368,4.075295990714147,0.7699480789466207,defined,0.04985272427507908,sensitivity_only
id:x%3A0x0.0p%2B0,285,6.138,4.13524,4.173624009285852,0.7699480789466207,defined,-0.04985272427507908,sensitivity_only
id:x%3A0x0.0p%2B0,286,6.16,4.1568,4.118415990714147,0.7699480789466207,defined,0.04985272427507908,sensitivity_only
id:x%3A0x0.0p%2B0,287,6.182,4.1783600000000005,4.216744009285853,0.7699480789466207,defined,-0.04985272427507908,sensitivity_only
id:x%3A0x0.0p%2B0,288,6.204,4.19992,4.161535990714147,0.7699480789466207,defined,0.04985272427507908,sensitivity_only
id:x%3A0x0.0p%2B0,289,6.226,4.22148,4.259864009285852,0.7699480789466207,defined,-0.04985272427507908,sensitivity_only
id:x%3A0x0.0p%2B0,290,6.248,4.24304,4.204655990714147,0.7699480789466207,defined,0.04985272427507908,sensitivity_only
id:x%3A0x0.0p%2B0,291,6.27,4.2646,4.3029840092858525,0.7699480789466207,defined,-0.04985272427507908,sensitivity_only
id:x%3A0x0.0p%2B0,292,6.292,4.28616,4.247775990714147,0.7699480789466207,defined,0.04985272427507908,sensitivity_only
id:x%3A0x0.0p%2B0,293,6.314,4.30772,4.3461040092858525,0.7699480789466207,defined,-0.04985272427507908,sensitivity_only
id:x%3A0x0.0p%2B0,294,6.336,4.32928,4.290895990714147,0.7699480789466207,defined,0.04985272427507908,sensitivity_only
id:x%3A0x0.0p%2B0,295,6.358,4.35084,4.3892240092858525,0.7699480789466207,defined,-0.04985272427507908,sensitivity_only
id:x%3A0x0.0p%2B0,296,6.38,4.3724,4.334015990714147,0.7699480789466207,defined,0.04985272427507908,sensitivity_only
id:x%3A0x0.0p%2B0,297,6.402,4.39396,4.432344009285853,0.7699480789466207,defined,-0.04985272427507908,sensitivity_only
id:x%3A0x0.0p%2B0,298,6.424,4.41552,4.377135990714147,0.7699480789466207,defined,0.04985272427507908,sensitivity_only
id:x%3A0x0.0p%2B0,299,6.446,4.43708,4.475464009285853,0.7699480789466207,defined,-0.04985272427507908,sensitivity_only
id:x%3A0x0.0p%2B0,300,6.468,4.45864,4.420255990714147,0.7699480789466207,defined,0.04985272427507908,sensitivity_only
id:x%3A0x0.0p%2B0,301,6.49,4.4802,4.518584009285853,0.7699480789466207,defined,-0.04985272427507908,sensitivity_only
id:x%3A0x0.0p%2B0,302,6.512,4.501759999999999,4.458864379680995,0.8604468650963308,defined,0.04985272427507908,sensitivity_only
id:x%3A0x0.0p%2B0,303,6.534,4.52332,4.566215620319004,0.8604468650963308,defined,-0.04985272427507908,sensitivity_only
id:x%3A0x0.0p%2B0,304,6.556,4.54488,4.501984379680996,0.8604468650963308,defined,0.04985272427507908,sensitivity_only
id:x%3A0x0.0p%2B0,305,6.578,4.56644,4.609335620319004,0.8604468650963308,defined,-0.04985272427507908,sensitivity_only
id:x%3A0x0.0p%2B0,306,6.6,4.587999999999999,4.545104379680995,0.8604468650963308,defined,0.04985272427507908,sensitivity_only
id:x%3A0x0.0p%2B0,307,6.622,4.60956,4.652455620319004,0.8604468650963308,defined,-0.04985272427507908,sensitivity_only
id:x%3A0x0.0p%2B0,308,6.644,4.63112,4.588224379680996,0.8604468650963308,defined,0.04985272427507908,sensitivity_only
id:x%3A0x0.0p%2B0,309,6.666,4.65268,4.695575620319004,0.8604468650963308,defined,-0.04985272427507908,sensitivity_only
id:x%3A0x0.0p%2B0,310,6.688,4.674239999999999,4.631344379680995,0.8604468650963308,defined,0.04985272427507908,sensitivity_only
id:x%3A0x0.0p%2B0,311,6.71,4.6958,4.738695620319004,0.8604468650963308,defined,-0.04985272427507908,sensitivity_only
id:x%3A0x0.0p%2B0,312,6.732,4.71736,4.674464379680996,0.8604468650963308,defined,0.04985272427507908,sensitivity_only
id:x%3A0x0.0p%2B0,313,6.754,4.738919999999999,4.781815620319003,0.8604468650963308,defined,-0.04985272427507908,sensitivity_only
id:x%3A0x0.0p%2B0,314,6.776,4.760479999999999,4.7175843796809955,0.8604468650963308,defined,0.04985272427507908,sensitivity_only
id:x%3A0x0.0p%2B0,315,6.798,4.78204,4.824935620319004,0.8604468650963308,defined,-0.04985272427507908,sensitivity_only
id:x%3A0x0.0p%2B0,316,6.82,4.8036,4.7607043796809965,0.8604468650963308,defined,0.04985272427507908,sensitivity_only
id:x%3A0x0.0p%2B0,317,6.842,4.8251599999999994,4.868055620319003,0.8604468650963308,defined,-0.04985272427507908,sensitivity_only
id:x%3A0x0.0p%2B0,318,6.864,4.8467199999999995,4.803824379680996,0.8604468650963308,defined,0.04985272427507908,sensitivity_only
id:x%3A0x0.0p%2B0,319,6.886,4.86828,4.911175620319004,0.8604468650963308,defined,-0.04985272427507908,sensitivity_only
id:x%3A0x0.0p%2B0,320,6.908,4.88984,4.846944379680997,0.8604468650963308,defined,0.04985272427507908,sensitivity_only
id:x%3A0x0.0p%2B0,321,6.93,4.9113999999999995,4.954295620319003,0.8604468650963308,defined,-0.04985272427507908,sensitivity_only
id:x%3A0x0.0p%2B0,322,6.952,4.93296,4.890064379680996,0.8604468650963308,defined,0.04985272427507908,sensitivity_only
id:x%3A0x0.0p%2B0,323,6.974,4.9545200000000005,4.997415620319004,0.8604468650963308,defined,-0.04985272427507908,sensitivity_only
id:x%3A0x0.0p%2B0,324,6.996,4.9760800000000005,4.933184379680997,0.8604468650963308,defined,0.04985272427507908,sensitivity_only
id:x%3A0x0.0p%2B0,325,7.0,4.9799999999999995,5.022895620319003,0.8604468650963308,defined,-0.04985272427507908,sensitivity_only
id:x%3A0x0.0p%2B0,326,7.018,4.99764,4.954744379680996,0.8604468650963308,defined,0.04985272427507908,sensitivity_only
id:x%3A0x0.0p%2B0,327,7.04,5.0192,5.0620956203190035,0.8604468650963308,defined,-0.04985272427507908,sensitivity_only
id:x%3A0x0.0p%2B0,328,7.062,5.040760000000001,4.997864379680997,0.8604468650963308,defined,0.04985272427507908,sensitivity_only
id:x%3A0x0.0p%2B0,329,7.084,5.06232,5.1052156203190036,0.8604468650963308,defined,-0.04985272427507908,sensitivity_only
id:x%3A0x0.0p%2B0,330,7.106,5.08388,5.040984379680996,0.8604468650963308,defined,0.04985272427507908,sensitivity_only
id:x%3A0x0.0p%2B0,331,7.128,5.10544,5.148335620319004,0.8604468650963308,defined,-0.04985272427507908,sensitivity_only
id:x%3A0x0.0p%2B0,332,7.15,5.127,5.084104379680996,0.8604468650963308,defined,0.04985272427507908,sensitivity_only
id:x%3A0x0.0p%2B0,333,7.172,5.14856,5.191455620319004,0.8604468650963308,defined,-0.04985272427507908,sensitivity_only
id:x%3A0x0.0p%2B0,334,7.194,5.17012,5.127224379680996,0.8604468650963308,defined,0.04985272427507908,sensitivity_only
id:x%3A0x0.0p%2B0,335,7.216,5.19168,5.234575620319004,0.8604468650963308,defined,-0.04985272427507908,sensitivity_only
id:x%3A0x0.0p%2B0,336,7.238,5.21324,5.170344379680996,0.8604468650963308,defined,0.04985272427507908,sensitivity_only
id:x%3A0x0.0p%2B0,337,7.26,5.2348,5.277695620319004,0.8604468650963308,defined,-0.04985272427507908,sensitivity_only
id:x%3A0x0.0p%2B0,338,7.282,5.25636,5.213464379680996,0.8604468650963308,defined,0.04985272427507908,sensitivity_only
id:x%3A0x0.0p%2B0,339,7.304,5.27792,5.320815620319004,0.8604468650963308,defined,-0.04985272427507908,sensitivity_only
id:x%3A0x0.0p%2B0,340,7.326,5.299479999999999,5.256584379680995,0.8604468650963308,defined,0.04985272427507908,sensitivity_only
id:x%3A0x0.0p%2B0,341,7.348,5.32104,5.363935620319004,0.8604468650963308,defined,-0.04985272427507908,sensitivity_only
id:x%3A0x0.0p%2B0,342,7.37,5.3426,5.299704379680996,0.8604468650963308,defined,0.04985272427507908,sensitivity_only
id:x%3A0x0.0p%2B0,343,7.392,5.36416,5.407055620319004,0.8604468650963308,defined,-0.04985272427507908,sensitivity_only
id:x%3A0x0.0p%2B0,344,7.414,5.385719999999999,5.342824379680995,0.8604468650963308,defined,0.04985272427507908,sensitivity_only
id:x%3A0x0.0p%2B0,345,7.436,5.40728,5.450175620319004,0.8604468650963308,defined,-0.04985272427507908,sensitivity_only
id:x%3A0x0.0p%2B0,346,7.458,5.42884,5.385944379680996,0.8604468650963308,defined,0.04985272427507908,sensitivity_only
id:x%3A0x0.0p%2B0,347,7.48,5.4504,5.493295620319004,0.8604468650963308,defined,-0.04985272427507908,sensitivity_only
id:x%3A0x0.0p%2B0,348,7.502,5.471959999999999,5.4174709687839675,1.0930000718791255,defined,0.04985272427507908,sensitivity_only
id:x%3A0x0.0p%2B0,349,7.524,5.49352,5.548009031216032,1.0930000718791255,defined,-0.04985272427507908,sensitivity_only
id:x%3A0x0.0p%2B0,350,7.546,5.51508,5.460590968783968,1.0930000718791255,defined,0.04985272427507908,sensitivity_only
id:x%3A0x0.0p%2B0,351,7.568,5.536639999999999,5.591129031216031,1.0930000718791255,defined,-0.04985272427507908,sensitivity_only
id:x%3A0x0.0p%2B0,352,7.59,5.558199999999999,5.503710968783968,1.0930000718791255,defined,0.04985272427507908,sensitivity_only
id:x%3A0x0.0p%2B0,353,7.612,5.57976,5.634249031216032,1.0930000718791255,defined,-0.04985272427507908,sensitivity_only
id:x%3A0x0.0p%2B0,354,7.634,5.60132,5.5468309687839685,1.0930000718791255,defined,0.04985272427507908,sensitivity_only
id:x%3A0x0.0p%2B0,355,7.656,5.622879999999999,5.677369031216031,1.0930000718791255,defined,-0.04985272427507908,sensitivity_only
id:x%3A0x0.0p%2B0,356,7.678,5.6444399999999995,5.589950968783968,1.0930000718791255,defined,0.04985272427507908,sensitivity_only
id:x%3A0x0.0p%2B0,357,7.7,5.666,5.720489031216032,1.0930000718791255,defined,-0.04985272427507908,sensitivity_only
id:x%3A0x0.0p%2B0,358,7.722,5.6875599999999995,5.633070968783968,1.0930000718791255,defined,0.04985272427507908,sensitivity_only
id:x%3A0x0.0p%2B0,359,7.744,5.7091199999999995,5.763609031216031,1.0930000718791255,defined,-0.04985272427507908,sensitivity_only
id:x%3A0x0.0p%2B0,360,7.766,5.7306799999999996,5.676190968783968,1.0930000718791255,defined,0.04985272427507908,sensitivity_only
id:x%3A0x0.0p%2B0,361,7.788,5.7522400000000005,5.806729031216032,1.0930000718791255,defined,-0.04985272427507908,sensitivity_only
id:x%3A0x0.0p%2B0,362,7.81,5.7738,5.719310968783968,1.0930000718791255,defined,0.04985272427507908,sensitivity_only
id:x%3A0x0.0p%2B0,363,7.832,5.79536,5.849849031216031,1.0930000718791255,defined,-0.04985272427507908,sensitivity_only
id:x%3A0x0.0p%2B0,364,7.854,5.81692,5.762430968783968,1.0930000718791255,defined,0.04985272427507908,sensitivity_only
id:x%3A0x0.0p%2B0,365,7.876,5.838480000000001,5.892969031216032,1.0930000718791255,defined,-0.04985272427507908,sensitivity_only
id:x%3A0x0.0p%2B0,366,7.898,5.86004,5.805550968783968,1.0930000718791255,defined,0.04985272427507908,sensitivity_only
id:x%3A0x0.0p%2B0,367,7.92,5.8816,5.9360890312160315,1.0930000718791255,defined,-0.04985272427507908,sensitivity_only
id:x%3A0x0.0p%2B0,368,7.942,5.90316,5.848670968783968,1.0930000718791255,defined,0.04985272427507908,sensitivity_only
id:x%3A0x0.0p%2B0,369,7.964,5.924720000000001,5.979209031216032,1.0930000718791255,defined,-0.04985272427507908,sensitivity_only
id:x%3A0x0.0p%2B0,370,7.986,5.94628,5.891790968783968,1.0930000718791255,defined,0.04985272427507908,sensitivity_only
id:x%3A0x0.0p%2B0,371,8.0,5.96,6.014489031216032,1.0930000718791255,defined,-0.04985272427507908,sensitivity_only
id:x%3A0x0.0p%2B0,372,8.008,5.967839999999999,5.913350968783967,1.0930000718791255,defined,0.04985272427507908,sensitivity_only
id:x%3A0x0.0p%2B0,373,8.03,5.989399999999999,6.043889031216031,1.0930000718791255,defined,-0.04985272427507908,sensitivity_only
id:x%3A0x0.0p%2B0,374,8.052,6.010959999999999,5.956470968783967,1.0930000718791255,defined,0.04985272427507908,sensitivity_only
id:x%3A0x0.0p%2B0,375,8.074,6.03252,6.087009031216032,1.0930000718791255,defined,-0.04985272427507908,sensitivity_only
id:x%3A0x0.0p%2B0,376,8.096,6.05408,5.999590968783968,1.0930000718791255,defined,0.04985272427507908,sensitivity_only
id:x%3A0x0.0p%2B0,377,8.118,6.07564,6.130129031216032,1.0930000718791255,defined,-0.04985272427507908,sensitivity_only
id:x%3A0x0.0p%2B0,378,8.14,6.097200000000001,6.042710968783969,1.0930000718791255,defined,0.04985272427507908,sensitivity_only
id:x%3A0x0.0p%2B0,379,8.162,6.11876,6.173249031216032,1.0930000718791255,defined,-0.04985272427507908,sensitivity_only
id:x%3A0x0.0p%2B0,380,8.184,6.140319999999999,6.085830968783967,1.0930000718791255,defined,0.04985272427507908,sensitivity_only
id:x%3A0x0.0p%2B0,381,8.206,6.161879999999999,6.216369031216031,1.0930000718791255,defined,-0.04985272427507908,sensitivity_only
id:x%3A0x0.0p%2B0,382,8.228,6.183439999999999,6.128950968783967,1.0930000718791255,defined,0.04985272427507908,sensitivity_only
id:x%3A0x0.0p%2B0,383,8.25,6.205,6.259489031216032,1.0930000718791255,defined,-0.04985272427507908,sensitivity_only
id:x%3A0x0.0p%2B0,384,8.272,6.22656,6.172070968783968,1.0930000718791255,defined,0.04985272427507908,sensitivity_only
id:x%3A0x0.0p%2B0,385,8.294,6.24812,6.302609031216032,1.0930000718791255,defined,-0.04985272427507908,sensitivity_only
id:x%3A0x0.0p%2B0,386,8.316,6.269680000000001,6.215190968783969,1.0930000718791255,defined,0.04985272427507908,sensitivity_only
id:x%3A0x0.0p%2B0,387,8.338,6.291239999999998,6.34572903121603,1.0930000718791255,defined,-0.04985272427507908,sensitivity_only
id:x%3A0x0.0p%2B0,388,8.36,6.312799999999999,6.2583109687839675,1.0930000718791255,defined,0.04985272427507908,sensitivity_only
id:x%3A0x0.0p%2B0,389,8.382,6.334359999999999,6.388849031216031,1.0930000718791255,defined,-0.04985272427507908,sensitivity_only
id:x%3A0x0.0p%2B0,390,8.404,6.355919999999999,6.301430968783968,1.0930000718791255,defined,0.04985272427507908,sensitivity_only
id:x%3A0x0.0p%2B0,391,8.426,6.37748,6.431969031216032,1.0930000718791255,defined,-0.04985272427507908,sensitivity_only
id:x%3A0x0.0p%2B0,392,8.448,6.39904,6.3445509687839685,1.0930000718791255,defined,0.04985272427507908,sensitivity_only
id:x%3A0x0.0p%2B0,393,8.47,6.4206,6.475089031216032,1.0930000718791255,defined,-0.04985272427507908,sensitivity_only
id:x%3A0x0.0p%2B0,394,8.492,6.442160000000001,6.3876709687839694,1.0930000718791255,defined,0.04985272427507908,sensitivity_only
id:x%3A0x0.0p%2B0,395,8.514,6.463719999999999,6.506615620319002,0.8604468650963308,defined,-0.04985272427507908,sensitivity_only
id:x%3A0x0.0p%2B0,396,8.536,6.4852799999999995,6.442384379680996,0.8604468650963308,defined,0.04985272427507908,sensitivity_only
id:x%3A0x0.0p%2B0,397,8.558,6.5068399999999995,6.549735620319003,0.8604468650963308,defined,-0.04985272427507908,sensitivity_only
id:x%3A0x0.0p%2B0,398,8.58,6.5283999999999995,6.485504379680996,0.8604468650963308,defined,0.04985272427507908,sensitivity_only
id:x%3A0x0.0p%2B0,399,8.602,6.5499600000000004,6.592855620319004,0.8604468650963308,defined,-0.04985272427507908,sensitivity_only
id:x%3A0x0.0p%2B0,400,8.624,6.5715200000000005,6.528624379680997,0.8604468650963308,defined,0.04985272427507908,sensitivity_only
id:x%3A0x0.0p%2B0,401,8.646,6.5930800000000005,6.635975620319004,0.8604468650963308,defined,-0.04985272427507908,sensitivity_only
id:x%3A0x0.0p%2B0,402,8.668,6.61464,6.571744379680996,0.8604468650963308,defined,0.04985272427507908,sensitivity_only
id:x%3A0x0.0p%2B0,403,8.69,6.636199999999999,6.679095620319003,0.8604468650963308,defined,-0.04985272427507908,sensitivity_only
id:x%3A0x0.0p%2B0,404,8.712,6.65776,6.614864379680996,0.8604468650963308,defined,0.04985272427507908,sensitivity_only
id:x%3A0x0.0p%2B0,405,8.734,6.67932,6.7222156203190035,0.8604468650963308,defined,-0.04985272427507908,sensitivity_only
id:x%3A0x0.0p%2B0,406,8.756,6.70088,6.657984379680996,0.8604468650963308,defined,0.04985272427507908,sensitivity_only
id:x%3A0x0.0p%2B0,407,8.778,6.722440000000001,6.7653356203190045,0.8604468650963308,defined,-0.04985272427507908,sensitivity_only
id:x%3A0x0.0p%2B0,408,8.8,6.744,6.701104379680996,0.8604468650963308,defined,0.04985272427507908,sensitivity_only
id:x%3A0x0.0p%2B0,409,8.822,6.765559999999999,6.808455620319003,0.8604468650963308,defined,-0.04985272427507908,sensitivity_only
id:x%3A0x0.0p%2B0,410,8.844,6.78712,6.744224379680996,0.8604468650963308,defined,0.04985272427507908,sensitivity_only
id:x%3A0x0.0p%2B0,411,8.866,6.808679999999999,6.851575620319003,0.8604468650963308,defined,-0.04985272427507908,sensitivity_only
id:x%3A0x0.0p%2B0,412,8.888,6.83024,6.787344379680996,0.8604468650963308,defined,0.04985272427507908,sensitivity_only
id:x%3A0x0.0p%2B0,413,8.91,6.8518,6.894695620319004,0.8604468650963308,defined,-0.04985272427507908,sensitivity_only
id:x%3A0x0.0p%2B0,414,8.932,6.87336,6.830464379680996,0.8604468650963308,defined,0.04985272427507908,sensitivity_only
id:x%3A0x0.0p%2B0,415,8.954,6.894920000000001,6.937815620319005,0.8604468650963308,defined,-0.04985272427507908,sensitivity_only
id:x%3A0x0.0p%2B0,416,8.976,6.91648,6.873584379680996,0.8604468650963308,defined,0.04985272427507908,sensitivity_only
id:x%3A0x0.0p%2B0,417,8.998,6.938039999999999,6.980935620319003,0.8604468650963308,defined,-0.04985272427507908,sensitivity_only
id:x%3A0x0.0p%2B0,418,9.0,6.9399999999999995,6.897104379680996,0.8604468650963308,defined,0.04985272427507908,sensitivity_only
id:x%3A0x0.0p%2B0,419,9.02,6.959599999999999,7.002495620319003,0.8604468650963308,defined,-0.04985272427507908,sensitivity_only
id:x%3A0x0.0p%2B0,420,9.042,6.981159999999999,6.938264379680995,0.8604468650963308,defined,0.04985272427507908,sensitivity_only
id:x%3A0x0.0p%2B0,421,9.064,7.00272,7.045615620319004,0.8604468650963308,defined,-0.04985272427507908,sensitivity_only
id:x%3A0x0.0p%2B0,422,9.086,7.02428,6.981384379680996,0.8604468650963308,defined,0.04985272427507908,sensitivity_only
id:x%3A0x0.0p%2B0,423,9.108,7.04584,7.088735620319004,0.8604468650963308,defined,-0.04985272427507908,sensitivity_only
id:x%3A0x0.0p%2B0,424,9.13,7.067400000000001,7.024504379680997,0.8604468650963308,defined,0.04985272427507908,sensitivity_only
id:x%3A0x0.0p%2B0,425,9.152,7.088959999999998,7.131855620319002,0.8604468650963308,defined,-0.04985272427507908,sensitivity_only
id:x%3A0x0.0p%2B0,426,9.174,7.110519999999999,7.067624379680995,0.8604468650963308,defined,0.04985272427507908,sensitivity_only
id:x%3A0x0.0p%2B0,427,9.196,7.132079999999999,7.174975620319003,0.8604468650963308,defined,-0.04985272427507908,sensitivity_only
id:x%3A0x0.0p%2B0,428,9.218,7.153639999999999,7.1107443796809955,0.8604468650963308,defined,0.04985272427507908,sensitivity_only
id:x%3A0x0.0p%2B0,429,9.24,7.1752,7.218095620319004,0.8604468650963308,defined,-0.04985272427507908,sensitivity_only
id:x%3A0x0.0p%2B0,430,9.262,7.19676,7.153864379680996,0.8604468650963308,defined,0.04985272427507908,sensitivity_only
id:x%3A0x0.0p%2B0,431,9.284,7.21832,7.261215620319004,0.8604468650963308,defined,-0.04985272427507908,sensitivity_only
id:x%3A0x0.0p%2B0,432,9.306,7.239879999999999,7.196984379680996,0.8604468650963308,defined,0.04985272427507908,sensitivity_only
id:x%3A0x0.0p%2B0,433,9.328,7.261439999999999,7.304335620319002,0.8604468650963308,defined,-0.04985272427507908,sensitivity_only
id:x%3A0x0.0p%2B0,434,9.35,7.2829999999999995,7.240104379680996,0.8604468650963308,defined,0.04985272427507908,sensitivity_only
id:x%3A0x0.0p%2B0,435,9.372,7.3045599999999995,7.347455620319003,0.8604468650963308,defined,-0.04985272427507908,sensitivity_only
id:x%3A0x0.0p%2B0,436,9.394,7.3261199999999995,7.283224379680996,0.8604468650963308,defined,0.04985272427507908,sensitivity_only
id:x%3A0x0.0p%2B0,437,9.416,7.34768,7.390575620319004,0.8604468650963308,defined,-0.04985272427507908,sensitivity_only
id:x%3A0x0.0p%2B0,438,9.438,7.3692400000000005,7.326344379680997,0.8604468650963308,defined,0.04985272427507908,sensitivity_only
id:x%3A0x0.0p%2B0,439,9.46,7.3908000000000005,7.433695620319004,0.8604468650963308,defined,-0.04985272427507908,sensitivity_only
id:x%3A0x0.0p%2B0,440,9.482,7.41236,7.369464379680996,0.8604468650963308,defined,0.04985272427507908,sensitivity_only
id:x%3A0x0.0p%2B0,441,9.504,7.433919999999999,7.464062868332271,0.6046383376352611,defined,-0.04985272427507908,sensitivity_only
id:x%3A0x0.0p%2B0,442,9.526,7.45548,7.425337131667727,0.6046383376352611,defined,0.04985272427507908,sensitivity_only
id:x%3A0x0.0p%2B0,443,9.548,7.47704,7.507182868332272,0.6046383376352611,defined,-0.04985272427507908,sensitivity_only
id:x%3A0x0.0p%2B0,444,9.57,7.4986,7.468457131667727,0.6046383376352611,defined,0.04985272427507908,sensitivity_only
id:x%3A0x0.0p%2B0,445,9.592,7.520160000000001,7.550302868332273,0.6046383376352611,defined,-0.04985272427507908,sensitivity_only
id:x%3A0x0.0p%2B0,446,9.614,7.541720000000001,7.511577131667728,0.6046383376352611,defined,0.04985272427507908,sensitivity_only
id:x%3A0x0.0p%2B0,447,9.636,7.563279999999999,7.593422868332271,0.6046383376352611,defined,-0.04985272427507908,sensitivity_only
id:x%3A0x0.0p%2B0,448,9.658,7.584839999999999,7.5546971316677265,0.6046383376352611,defined,0.04985272427507908,sensitivity_only
id:x%3A0x0.0p%2B0,449,9.68,7.6064,7.636542868332272,0.6046383376352611,defined,-0.04985272427507908,sensitivity_only
id:x%3A0x0.0p%2B0,450,9.702,7.62796,7.597817131667727,0.6046383376352611,defined,0.04985272427507908,sensitivity_only
id:x%3A0x0.0p%2B0,451,9.724,7.64952,7.679662868332272,0.6046383376352611,defined,-0.04985272427507908,sensitivity_only
id:x%3A0x0.0p%2B0,452,9.746,7.67108,7.6409371316677275,0.6046383376352611,defined,0.04985272427507908,sensitivity_only
id:x%3A0x0.0p%2B0,453,9.768,7.692640000000001,7.722782868332273,0.6046383376352611,defined,-0.04985272427507908,sensitivity_only
id:x%3A0x0.0p%2B0,454,9.79,7.714199999999999,7.684057131667727,0.6046383376352611,defined,0.04985272427507908,sensitivity_only
id:x%3A0x0.0p%2B0,455,9.812,7.735759999999999,7.7659028683322715,0.6046383376352611,defined,-0.04985272427507908,sensitivity_only
id:x%3A0x0.0p%2B0,456,9.834,7.757319999999999,7.727177131667727,0.6046383376352611,defined,0.04985272427507908,sensitivity_only
id:x%3A0x0.0p%2B0,457,9.856,7.77888,7.809022868332272,0.6046383376352611,defined,-0.04985272427507908,sensitivity_only
id:x%3A0x0.0p%2B0,458,9.878,7.80044,7.770297131667728,0.6046383376352611,defined,0.04985272427507908,sensitivity_only
id:x%3A0x0.0p%2B0,459,9.9,7.822,7.8521428683322725,0.6046383376352611,defined,-0.04985272427507908,sensitivity_only
id:x%3A0x0.0p%2B0,460,9.922,7.84356,7.813417131667728,0.6046383376352611,defined,0.04985272427507908,sensitivity_only
id:x%3A0x0.0p%2B0,461,9.944,7.86512,7.8952628683322725,0.6046383376352611,defined,-0.04985272427507908,sensitivity_only
id:x%3A0x0.0p%2B0,462,9.966,7.886679999999999,7.856537131667727,0.6046383376352611,defined,0.04985272427507908,sensitivity_only
id:x%3A0x0.0p%2B0,463,9.988,7.908239999999999,7.938382868332272,0.6046383376352611,defined,-0.04985272427507908,sensitivity_only
id:x%3A0x0.0p%2B0,464,10.0,7.92,7.8898571316677275,0.6046383376352611,defined,0.04985272427507908,sensitivity_only
id:x%3A0x0.0p%2B0,465,10.01,7.929799999999999,7.959942868332272,0.6046383376352611,defined,-0.04985272427507908,sensitivity_only
id:x%3A0x0.0p%2B0,466,10.032,7.951359999999999,7.921217131667727,0.6046383376352611,defined,0.04985272427507908,sensitivity_only
id:x%3A0x0.0p%2B0,467,10.054,7.97292,8.003062868332274,0.6046383376352611,defined,-0.04985272427507908,sensitivity_only
id:x%3A0x0.0p%2B0,468,10.076,7.99448,7.964337131667728,0.6046383376352611,defined,0.04985272427507908,sensitivity_only
id:x%3A0x0.0p%2B0,469,10.098,8.01604,8.046182868332274,0.6046383376352611,defined,-0.04985272427507908,sensitivity_only
id:x%3A0x0.0p%2B0,470,10.12,8.037599999999998,8.007457131667724,0.6046383376352611,defined,0.04985272427507908,sensitivity_only
id:x%3A0x0.0p%2B0,471,10.142,8.059159999999999,8.089302868332272,0.6046383376352611,defined,-0.04985272427507908,sensitivity_only
id:x%3A0x0.0p%2B0,472,10.164,8.08072,8.050577131667726,0.6046383376352611,defined,0.04985272427507908,sensitivity_only
id:x%3A0x0.0p%2B0,473,10.186,8.10228,8.132422868332274,0.6046383376352611,defined,-0.04985272427507908,sensitivity_only
id:x%3A0x0.0p%2B0,474,10.208,8.12384,8.093697131667726,0.6046383376352611,defined,0.04985272427507908,sensitivity_only
id:x%3A0x0.0p%2B0,475,10.23,8.1454,8.175542868332274,0.6046383376352611,defined,-0.04985272427507908,sensitivity_only
id:x%3A0x0.0p%2B0,476,10.252,8.16696,8.136817131667726,0.6046383376352611,defined,0.04985272427507908,sensitivity_only
id:x%3A0x0.0p%2B0,477,10.274,8.188519999999999,8.218662868332272,0.6046383376352611,defined,-0.04985272427507908,sensitivity_only
id:x%3A0x0.0p%2B0,478,10.296,8.210079999999998,8.179937131667725,0.6046383376352611,defined,0.04985272427507908,sensitivity_only
id:x%3A0x0.0p%2B0,479,10.318,8.231639999999999,8.261782868332272,0.6046383376352611,defined,-0.04985272427507908,sensitivity_only
id:x%3A0x0.0p%2B0,480,10.34,8.2532,8.223057131667726,0.6046383376352611,defined,0.04985272427507908,sensitivity_only
id:x%3A0x0.0p%2B0,481,10.362,8.27476,8.304902868332274,0.6046383376352611,defined,-0.04985272427507908,sensitivity_only
id:x%3A0x0.0p%2B0,482,10.384,8.29632,8.266177131667726,0.6046383376352611,defined,0.04985272427507908,sensitivity_only
id:x%3A0x0.0p%2B0,483,10.406,8.31788,8.348022868332274,0.6046383376352611,defined,-0.04985272427507908,sensitivity_only
id:x%3A0x0.0p%2B0,484,10.428,8.33944,8.309297131667726,0.6046383376352611,defined,0.04985272427507908,sensitivity_only
id:x%3A0x0.0p%2B0,485,10.45,8.360999999999999,8.391142868332272,0.6046383376352611,defined,-0.04985272427507908,sensitivity_only
id:x%3A0x0.0p%2B0,486,10.472,8.382559999999998,8.352417131667725,0.6046383376352611,defined,0.04985272427507908,sensitivity_only
id:x%3A0x0.0p%2B0,487,10.494,8.404119999999999,8.434262868332272,0.6046383376352611,defined,-0.04985272427507908,sensitivity_only
id:x%3A0x0.0p%2B0,488,10.516,8.42568,8.39503665373968,0.6146774665960905,defined,0.04985272427507908,sensitivity_only
id:x%3A0x0.0p%2B0,489,10.538,8.44724,8.47788334626032,0.6146774665960905,defined,-0.04985272427507908,sensitivity_only
id:x%3A0x0.0p%2B0,490,10.56,8.4688,8.43815665373968,0.6146774665960905,defined,0.04985272427507908,sensitivity_only
id:x%3A0x0.0p%2B0,491,10.582,8.49036,8.52100334626032,0.6146774665960905,defined,-0.04985272427507908,sensitivity_only
id:x%3A0x0.0p%2B0,492,10.604,8.51192,8.48127665373968,0.6146774665960905,defined,0.04985272427507908,sensitivity_only
id:x%3A0x0.0p%2B0,493,10.626,8.533479999999999,8.564123346260319,0.6146774665960905,defined,-0.04985272427507908,sensitivity_only
id:x%3A0x0.0p%2B0,494,10.648,8.555039999999998,8.524396653739679,0.6146774665960905,defined,0.04985272427507908,sensitivity_only
id:x%3A0x0.0p%2B0,495,10.67,8.5766,8.607243346260319,0.6146774665960905,defined,-0.04985272427507908,sensitivity_only
id:x%3A0x0.0p%2B0,496,10.692,8.59816,8.56751665373968,0.6146774665960905,defined,0.04985272427507908,sensitivity_only
id:x%3A0x0.0p%2B0,497,10.714,8.619720000000001,8.65036334626032,0.6146774665960905,defined,-0.04985272427507908,sensitivity_only
id:x%3A0x0.0p%2B0,498,10.736,8.64128,8.61063665373968,0.6146774665960905,defined,0.04985272427507908,sensitivity_only
id:x%3A0x0.0p%2B0,499,10.758,8.66284,8.693483346260319,0.6146774665960905,defined,-0.04985272427507908,sensitivity_only
id:x%3A0x0.0p%2B0,500,10.78,8.6844,8.65375665373968,0.6146774665960905,defined,0.04985272427507908,sensitivity_only
id:x%3A0x0.0p%2B0,501,10.802,8.70596,8.736603346260319,0.6146774665960905,defined,-0.04985272427507908,sensitivity_only
id:x%3A0x0.0p%2B0,502,10.824,8.727519999999998,8.696876653739679,0.6146774665960905,defined,0.04985272427507908,sensitivity_only
id:x%3A0x0.0p%2B0,503,10.846,8.74908,8.779723346260319,0.6146774665960905,defined,-0.04985272427507908,sensitivity_only
id:x%3A0x0.0p%2B0,504,10.868,8.77064,8.73999665373968,0.6146774665960905,defined,0.04985272427507908,sensitivity_only
id:x%3A0x0.0p%2B0,505,10.89,8.792200000000001,8.82284334626032,0.6146774665960905,defined,-0.04985272427507908,sensitivity_only
id:x%3A0x0.0p%2B0,506,10.912,8.81376,8.78311665373968,0.6146774665960905,defined,0.04985272427507908,sensitivity_only
id:x%3A0x0.0p%2B0,507,10.934,8.83532,8.865963346260319,0.6146774665960905,defined,-0.04985272427507908,sensitivity_only
id:x%3A0x0.0p%2B0,508,10.956,8.85688,8.82623665373968,0.6146774665960905,defined,0.04985272427507908,sensitivity_only
id:x%3A0x0.0p%2B0,509,10.978,8.87844,8.909083346260319,0.6146774665960905,defined,-0.04985272427507908,sensitivity_only
id:x%3A0x0.0p%2B0,510,11.0,8.899999999999999,8.869356653739679,0.6146774665960905,defined,0.04985272427507908,sensitivity_only
id:x%3A0x1.0000000000000p%2B0,0,0.0,1.75,1.6872087278258066,0.6516075414303091,defined,0.09636363636363637,sensitivity_only
id:x%3A0x1.0000000000000p%2B0,1,0.022,1.75704,1.788343159785815,0.6516075414303091,defined,-0.04803989793780348,sensitivity_only
id:x%3A0x1.0000000000000p%2B0,2,0.044,1.76408,1.732776840214185,0.6516075414303091,defined,0.04803989793780348,sensitivity_only
id:x%3A0x1.0000000000000p%2B0,3,0.066,1.77112,1.8024231597858151,0.6516075414303091,defined,-0.04803989793780348,sensitivity_only
id:x%3A0x1.0000000000000p%2B0,4,0.088,1.77816,1.7468568402141849,0.6516075414303091,defined,0.04803989793780348,sensitivity_only
id:x%3A0x1.0000000000000p%2B0,5,0.11,1.7852,1.816503159785815,0.6516075414303091,defined,-0.04803989793780348,sensitivity_only
id:x%3A0x1.0000000000000p%2B0,6,0.132,1.79224,1.760936840214185,0.6516075414303091,defined,0.04803989793780348,sensitivity_only
id:x%3A0x1.0000000000000p%2B0,7,0.154,1.79928,1.830583159785815,0.6516075414303091,defined,-0.04803989793780348,sensitivity_only
id:x%3A0x1.0000000000000p%2B0,8,0.176,1.80632,1.7750168402141848,0.6516075414303091,defined,0.04803989793780348,sensitivity_only
id:x%3A0x1.0000000000000p%2B0,9,0.198,1.81336,1.8446631597858152,0.6516075414303091,defined,-0.04803989793780348,sensitivity_only
id:x%3A0x1.0000000000000p%2B0,10,0.22,1.8204,1.789096840214185,0.6516075414303091,defined,0.04803989793780348,sensitivity_only
id:x%3A0x1.0000000000000p%2B0,11,0.242,1.82744,1.858743159785815,0.6516075414303091,defined,-0.04803989793780348,sensitivity_only
id:x%3A0x1.0000000000000p%2B0,12,0.264,1.83448,1.803176840214185,0.6516075414303091,defined,0.04803989793780348,sensitivity_only
id:x%3A0x1.0000000000000p%2B0,13,0.286,1.84152,1.8728231597858152,0.6516075414303091,defined,-0.04803989793780348,sensitivity_only
id:x%3A0x1.0000000000000p%2B0,14,0.308,1.84856,1.8172568402141849,0.6516075414303091,defined,0.04803989793780348,sensitivity_only
id:x%3A0x1.0000000000000p%2B0,15,0.33,1.8556,1.886903159785815,0.6516075414303091,defined,-0.04803989793780348,sensitivity_only
id:x%3A0x1.0000000000000p%2B0,16,0.352,1.86264,1.831336840214185,0.6516075414303091,defined,0.04803989793780348,sensitivity_only
id:x%3A0x1.0000000000000p%2B0,17,0.374,1.86968,1.9009831597858151,0.6516075414303091,defined,-0.04803989793780348,sensitivity_only
id:x%3A0x1.0000000000000p%2B0,18,0.396,1.87672,1.8454168402141848,0.6516075414303091,defined,0.04803989793780348,sensitivity_only
id:x%3A0x1.0000000000000p%2B0,19,0.418,1.88376,1.9150631597858152,0.6516075414303091,defined,-0.04803989793780348,sensitivity_only
id:x%3A0x1.0000000000000p%2B0,20,0.44,1.8908,1.859496840214185,0.6516075414303091,defined,0.04803989793780348,sensitivity_only
id:x%3A0x1.0000000000000p%2B0,21,0.462,1.89784,1.929143159785815,0.6516075414303091,defined,-0.04803989793780348,sensitivity_only
id:x%3A0x1.0000000000000p%2B0,22,0.484,1.90488,1.8735768402141848,0.6516075414303091,defined,0.04803989793780348,sensitivity_only
id:x%3A0x1.0000000000000p%2B0,23,0.506,1.91192,1.9458881944276072,0.7070829848886273,defined,-0.04803989793780348,sensitivity_only
id:x%3A0x1.0000000000000p%2B0,24,0.528,1.91896,1.8849918055723929,0.7070829848886273,defined,0.04803989793780348,sensitivity_only
id:x%3A0x1.0000000000000p%2B0,25,0.55,1.926,1.959968194427607,0.7070829848886273,defined,-0.04803989793780348,sensitivity_only
id:x%3A0x1.0000000000000p%2B0,26,0.572,1.93304,1.899071805572393,0.7070829848886273,defined,0.04803989793780348,sensitivity_only
id:x%3A0x1.0000000000000p%2B0,27,0.594,1.94008,1.9740481944276072,0.7070829848886273,defined,-0.04803989793780348,sensitivity_only
id:x%3A0x1.0000000000000p%2B0,28,0.616,1.94712,1.9131518055723928,0.7070829848886273,defined,0.04803989793780348,sensitivity_only
id:x%3A0x1.0000000000000p%2B0,29,0.638,1.95416,1.988128194427607,0.7070829848886273,defined,-0.04803989793780348,sensitivity_only
id:x%3A0x1.0000000000000p%2B0,30,0.66,1.9612,1.927231805572393,0.7070829848886273,defined,0.04803989793780348,sensitivity_only
id:x%3A0x1.0000000000000p%2B0,31,0.682,1.96824,2.002208194427607,0.7070829848886273,defined,-0.04803989793780348,sensitivity_only
id:x%3A0x1.0000000000000p%2B0,32,0.704,1.97528,1.9413118055723928,0.7070829848886273,defined,0.04803989793780348,sensitivity_only
id:x%3A0x1.0000000000000p%2B0,33,0.726,1.98232,2.016288194427607,0.7070829848886273,defined,-0.04803989793780348,sensitivity_only
id:x%3A0x1.0000000000000p%2B0,34,0.748,1.98936,1.955391805572393,0.7070829848886273,defined,0.04803989793780348,sensitivity_only
id:x%3A0x1.0000000000000p%2B0,35,0.77,1.9964,2.030368194427607,0.7070829848886273,defined,-0.04803989793780348,sensitivity_only
id:x%3A0x1.0000000000000p%2B0,36,0.792,2.00344,1.9694718055723928,0.7070829848886273,defined,0.04803989793780348,sensitivity_only
id:x%3A0x1.0000000000000p%2B0,37,0.814,2.01048,2.044448194427607,0.7070829848886273,defined,-0.04803989793780348,sensitivity_only
id:x%3A0x1.0000000000000p%2B0,38,0.836,2.01752,1.983551805572393,0.7070829848886273,defined,0.04803989793780348,sensitivity_only
id:x%3A0x1.0000000000000p%2B0,39,0.858,2.02456,2.0585281944276073,0.7070829848886273,defined,-0.04803989793780348,sensitivity_only
id:x%3A0x1.0000000000000p%2B0,40,0.88,2.0316,1.997631805572393,0.7070829848886273,defined,0.04803989793780348,sensitivity_only
id:x%3A0x1.0000000000000p%2B0,41,0.902,2.03864,2.072608194427607,0.7070829848886273,defined,-0.04803989793780348,sensitivity_only
id:x%3A0x1.0000000000000p%2B0,42,0.924,2.04568,2.011711805572393,0.7070829848886273,defined,0.04803989793780348,sensitivity_only
id:x%3A0x1.0000000000000p%2B0,43,0.946,2.05272,2.086688194427607,0.7070829848886273,defined,-0.04803989793780348,sensitivity_only
id:x%3A0x1.0000000000000p%2B0,44,0.968,2.05976,2.0257918055723927,0.7070829848886273,defined,0.04803989793780348,sensitivity_only
id:x%3A0x1.0000000000000p%2B0,45,0.99,2.0668,2.1007681944276073,0.7070829848886273,defined,-0.04803989793780348,sensitivity_only
id:x%3A0x1.0000000000000p%2B0,46,1.0,2.07,2.0360318055723927,0.7070829848886273,defined,0.04803989793780348,sensitivity_only
id:x%3A0x1.0000000000000p%2B0,47,1.012,2.07384,2.1078081944276073,0.7070829848886273,defined,-0.04803989793780348,sensitivity_only
id:x%3A0x1.0000000000000p%2B0,48,1.034,2.08088,2.046911805572393,0.7070829848886273,defined,0.04803989793780348,sensitivity_only
id:x%3A0x1.0000000000000p%2B0,49,1.056,2.08792,2.121888194427607,0.7070829848886273,defined,-0.04803989793780348,sensitivity_only
id:x%3A0x1.0000000000000p%2B0,50,1.078,2.09496,2.060991805572393,0.7070829848886273,defined,0.04803989793780348,sensitivity_only
id:x%3A0x1.0000000000000p%2B0,51,1.1,2.102,2.135968194427607,0.7070829848886273,defined,-0.04803989793780348,sensitivity_only
id:x%3A0x1.0000000000000p%2B0,52,1.122,2.1090400000000002,2.075071805572393,0.7070829848886273,defined,0.04803989793780348,sensitivity_only
id:x%3A0x1.0000000000000p%2B0,53,1.144,2.11608,2.1500481944276073,0.7070829848886273,defined,-0.04803989793780348,sensitivity_only
id:x%3A0x1.0000000000000p%2B0,54,1.166,2.12312,2.089151805572393,0.7070829848886273,defined,0.04803989793780348,sensitivity_only
id:x%3A0x1.0000000000000p%2B0,55,1.188,2.13016,2.164128194427607,0.7070829848886273,defined,-0.04803989793780348,sensitivity_only
id:x%3A0x1.0000000000000p%2B0,56,1.21,2.1372,2.103231805572393,0.7070829848886273,defined,0.04803989793780348,sensitivity_only
id:x%3A0x1.0000000000000p%2B0,57,1.232,2.14424,2.178208194427607,0.7070829848886273,defined,-0.04803989793780348,sensitivity_only
id:x%3A0x1.0000000000000p%2B0,58,1.254,2.15128,2.1173118055723927,0.7070829848886273,defined,0.04803989793780348,sensitivity_only
id:x%3A0x1.0000000000000p%2B0,59,1.276,2.15832,2.192288194427607,0.7070829848886273,defined,-0.04803989793780348,sensitivity_only
id:x%3A0x1.0000000000000p%2B0,60,1.298,2.16536,2.131391805572393,0.7070829848886273,defined,0.04803989793780348,sensitivity_only
id:x%3A0x1.0000000000000p%2B0,61,1.32,2.1724,2.2063681944276072,0.7070829848886273,defined,-0.04803989793780348,sensitivity_only
id:x%3A0x1.0000000000000p%2B0,62,1.342,2.17944,2.145471805572393,0.7070829848886273,defined,0.04803989793780348,sensitivity_only
id:x%3A0x1.0000000000000p%2B0,63,1.364,2.18648,2.220448194427607,0.7070829848886273,defined,-0.04803989793780348,sensitivity_only
id:x%3A0x1.0000000000000p%2B0,64,1.386,2.19352,2.159551805572393,0.7070829848886273,defined,0.04803989793780348,sensitivity_only
id:x%3A0x1.0000000000000p%2B0,65,1.408,2.20056,2.234528194427607,0.7070829848886273,defined,-0.04803989793780348,sensitivity_only
id:x%3A0x1.0000000000000p%2B0,66,1.43,2.2076000000000002,2.173631805572393,0.7070829848886273,defined,0.04803989793780348,sensitivity_only
id:x%3A0x1.0000000000000p%2B0,67,1.452,2.21464,2.2486081944276073,0.7070829848886273,defined,-0.04803989793780348,sensitivity_only
id:x%3A0x1.0000000000000p%2B0,68,1.474,2.22168,2.187711805572393,0.7070829848886273,defined,0.04803989793780348,sensitivity_only
id:x%3A0x1.0000000000000p%2B0,69,1.496,2.22872,2.262688194427607,0.7070829848886273,defined,-0.04803989793780348,sensitivity_only
id:x%3A0x1.0000000000000p%2B0,70,1.518,2.23576,2.1977479729024396,0.7912595307087035,defined,0.04803989793780348,sensitivity_only
id:x%3A0x1.0000000000000p%2B0,71,1.54,2.2428,2.2808120270975603,0.7912595307087035,defined,-0.04803989793780348,sensitivity_only
id:x%3A0x1.0000000000000p%2B0,72,1.562,2.24984,2.2118279729024395,0.7912595307087035,defined,0.04803989793780348,sensitivity_only
id:x%3A0x1.0000000000000p%2B0,73,1.584,2.2568799999999998,2.29489202709756,0.7912595307087035,defined,-0.04803989793780348,sensitivity_only
id:x%3A0x1.0000000000000p%2B0,74,1.606,2.26392,2.22590797290244,0.7912595307087035,defined,0.04803989793780348,sensitivity_only
id:x%3A0x1.0000000000000p%2B0,75,1.628,2.27096,2.3089720270975604,0.7912595307087035,defined,-0.04803989793780348,sensitivity_only
id:x%3A0x1.0000000000000p%2B0,76,1.65,2.278,2.2399879729024397,0.7912595307087035,defined,0.04803989793780348,sensitivity_only
id:x%3A0x1.0000000000000p%2B0,77,1.672,2.28504,2.3230520270975603,0.7912595307087035,defined,-0.04803989793780348,sensitivity_only
id:x%3A0x1.0000000000000p%2B0,78,1.694,2.29208,2.2540679729024395,0.7912595307087035,defined,0.04803989793780348,sensitivity_only
id:x%3A0x1.0000000000000p%2B0,79,1.716,2.2991200000000003,2.3371320270975606,0.7912595307087035,defined,-0.04803989793780348,sensitivity_only
id:x%3A0x1.0000000000000p%2B0,80,1.738,2.30616,2.26814797290244,0.7912595307087035,defined,0.04803989793780348,sensitivity_only
id:x%3A0x1.0000000000000p%2B0,81,1.76,2.3132,2.3512120270975605,0.7912595307087035,defined,-0.04803989793780348,sensitivity_only
id:x%3A0x1.0000000000000p%2B0,82,1.782,2.32024,2.2822279729024397,0.7912595307087035,defined,0.04803989793780348,sensitivity_only
id:x%3A0x1.0000000000000p%2B0,83,1.804,2.32728,2.3652920270975604,0.7912595307087035,defined,-0.04803989793780348,sensitivity_only
id:x%3A0x1.0000000000000p%2B0,84,1.826,2.33432,2.2963079729024396,0.7912595307087035,defined,0.04803989793780348,sensitivity_only
id:x%3A0x1.0000000000000p%2B0,85,1.848,2.34136,2.3793720270975602,0.7912595307087035,defined,-0.04803989793780348,sensitivity_only
id:x%3A0x1.0000000000000p%2B0,86,1.87,2.3484,2.3103879729024395,0.7912595307087035,defined,0.04803989793780348,sensitivity_only
id:x%3A0x1.0000000000000p%2B0,87,1.892,2.3554399999999998,2.39345202709756,0.7912595307087035,defined,-0.04803989793780348,sensitivity_only
id:x%3A0x1.0000000000000p%2B0,88,1.914,2.36248,2.32446797290244,0.7912595307087035,defined,0.04803989793780348,sensitivity_only
id:x%3A0x1.0000000000000p%2B0,89,1.936,2.36952,2.4075320270975604,0.7912595307087035,defined,-0.04803989793780348,sensitivity_only
id:x%3A0x1.0000000000000p%2B0,90,1.958,2.37656,2.3385479729024397,0.7912595307087035,defined,0.04803989793780348,sensitivity_only
id:x%3A0x1.0000000000000p%2B0,91,1.98,2.3836,2.4216120270975603,0.7912595307087035,defined,-0.04803989793780348,sensitivity_only
id:x%3A0x1.0000000000000p%2B0,92,2.0,2.39,2.3519879729024398,0.7912595307087035,defined,0.04803989793780348,sensitivity_only
id:x%3A0x1.0000000000000p%2B0,93,2.002,2.39064,2.4286520270975602,0.7912595307087035,defined,-0.04803989793780348,sensitivity_only
id:x%3A0x1.0000000000000p%2B0,94,2.024,2.3976800000000003,2.35966797290244,0.7912595307087035,defined,0.04803989793780348,sensitivity_only
id:x%3A0x1.0000000000000p%2B0,95,2.046,2.40472,2.4427320270975605,0.7912595307087035,defined,-0.04803989793780348,sensitivity_only
id:x%3A0x1.0000000000000p%2B0,96,2.068,2.41176,2.3737479729024398,0.7912595307087035,defined,0.04803989793780348,sensitivity_only
id:x%3A0x1.0000000000000p%2B0,97,2.09,2.4188,2.4568120270975604,0.7912595307087035,defined,-0.04803989793780348,sensitivity_only
id:x%3A0x1.0000000000000p%2B0,98,2.112,2.42584,2.3878279729024396,0.7912595307087035,defined,0.04803989793780348,sensitivity_only
id:x%3A0x1.0000000000000p%2B0,99,2.134,2.43288,2.4708920270975603,0.7912595307087035,defined,-0.04803989793780348,sensitivity_only
id:x%3A0x1.0000000000000p%2B0,100,2.156,2.43992,2.4019079729024395,0.7912595307087035,defined,0.04803989793780348,sensitivity_only
id:x%3A0x1.0000000000000p%2B0,101,2.178,2.44696,2.48497202709756,0.7912595307087035,defined,-0.04803989793780348,sensitivity_only
id:x%3A0x1.0000000000000p%2B0,102,2.2,2.454,2.41598797290244,0.7912595307087035,defined,0.04803989793780348,sensitivity_only
id:x%3A0x1.0000000000000p%2B0,103,2.222,2.46104,2.4990520270975605,0.7912595307087035,defined,-0.04803989793780348,sensitivity_only
id:x%3A0x1.0000000000000p%2B0,104,2.244,2.46808,2.4300679729024397,0.7912595307087035,defined,0.04803989793780348,sensitivity_only
id:x%3A0x1.0000000000000p%2B0,105,2.266,2.47512,2.5131320270975603,0.7912595307087035,defined,-0.04803989793780348,sensitivity_only
id:x%3A0x1.0000000000000p%2B0,106,2.288,2.48216,2.4441479729024396,0.7912595307087035,defined,0.04803989793780348,sensitivity_only
id:x%3A0x1.0000000000000p%2B0,107,2.31,2.4892000000000003,2.5272120270975607,0.7912595307087035,defined,-0.04803989793780348,sensitivity_only
id:x%3A0x1.0000000000000p%2B0,108,2.332,2.4962400000000002,2.45822797290244,0.7912595307087035,defined,0.04803989793780348,sensitivity_only
id:x%3A0x1.0000000000000p%2B0,109,2.354,2.50328,2.5412920270975605,0.7912595307087035,defined,-0.04803989793780348,sensitivity_only
id:x%3A0x1.0000000000000p%2B0,110,2.376,2.51032,2.4723079729024398,0.7912595307087035,defined,0.04803989793780348,sensitivity_only
id:x%3A0x1.0000000000000p%2B0,111,2.398,2.51736,2.5553720270975604,0.7912595307087035,defined,-0.04803989793780348,sensitivity_only
id:x%3A0x1.0000000000000p%2B0,112,2.42,2.5244,2.4863879729024396,0.7912595307087035,defined,0.04803989793780348,sensitivity_only
id:x%3A0x1.0000000000000p%2B0,113,2.442,2.53144,2.5694520270975603,0.7912595307087035,defined,-0.04803989793780348,sensitivity_only
id:x%3A0x1.0000000000000p%2B0,114,2.464,2.53848,2.5004679729024395,0.7912595307087035,defined,0.04803989793780348,sensitivity_only
id:x%3A0x1.0000000000000p%2B0,115,2.486,2.5455200000000002,2.5835320270975606,0.7912595307087035,defined,-0.04803989793780348,sensitivity_only
id:x%3A0x1.0000000000000p%2B0,116,2.508,2.55256,2.511882938260648,0.8467349741670217,defined,0.04803989793780348,sensitivity_only
id:x%3A0x1.0000000000000p%2B0,117,2.53,2.5596,2.6002770617393525,0.8467349741670217,defined,-0.04803989793780348,sensitivity_only
id:x%3A0x1.0000000000000p%2B0,118,2.552,2.56664,2.5259629382606477,0.8467349741670217,defined,0.04803989793780348,sensitivity_only
id:x%3A0x1.0000000000000p%2B0,119,2.574,2.57368,2.6143570617393523,0.8467349741670217,defined,-0.04803989793780348,sensitivity_only
id:x%3A0x1.0000000000000p%2B0,120,2.596,2.58072,2.5400429382606475,0.8467349741670217,defined,0.04803989793780348,sensitivity_only
id:x%3A0x1.0000000000000p%2B0,121,2.618,2.58776,2.628437061739352,0.8467349741670217,defined,-0.04803989793780348,sensitivity_only
id:x%3A0x1.0000000000000p%2B0,122,2.64,2.5948,2.554122938260648,0.8467349741670217,defined,0.04803989793780348,sensitivity_only
id:x%3A0x1.0000000000000p%2B0,123,2.662,2.60184,2.6425170617393525,0.8467349741670217,defined,-0.04803989793780348,sensitivity_only
id:x%3A0x1.0000000000000p%2B0,124,2.684,2.60888,2.5682029382606477,0.8467349741670217,defined,0.04803989793780348,sensitivity_only
id:x%3A0x1.0000000000000p%2B0,125,2.706,2.61592,2.6565970617393524,0.8467349741670217,defined,-0.04803989793780348,sensitivity_only
id:x%3A0x1.0000000000000p%2B0,126,2.728,2.62296,2.5822829382606476,0.8467349741670217,defined,0.04803989793780348,sensitivity_only
id:x%3A0x1.0000000000000p%2B0,127,2.75,2.63,2.6706770617393523,0.8467349741670217,defined,-0.04803989793780348,sensitivity_only
id:x%3A0x1.0000000000000p%2B0,128,2.772,2.63704,2.5963629382606475,0.8467349741670217,defined,0.04803989793780348,sensitivity_only
id:x%3A0x1.0000000000000p%2B0,129,2.794,2.6440799999999998,2.684757061739352,0.8467349741670217,defined,-0.04803989793780348,sensitivity_only
id:x%3A0x1.0000000000000p%2B0,130,2.816,2.6511199999999997,2.6104429382606473,0.8467349741670217,defined,0.04803989793780348,sensitivity_only
id:x%3A0x1.0000000000000p%2B0,131,2.838,2.65816,2.6988370617393524,0.8467349741670217,defined,-0.04803989793780348,sensitivity_only
id:x%3A0x1.0000000000000p%2B0,132,2.86,2.6652,2.6245229382606476,0.8467349741670217,defined,0.04803989793780348,sensitivity_only
id:x%3A0x1.0000000000000p%2B0,133,2.882,2.67224,2.7129170617393523,0.8467349741670217,defined,-0.04803989793780348,sensitivity_only
id:x%3A0x1.0000000000000p%2B0,134,2.904,2.67928,2.6386029382606475,0.8467349741670217,defined,0.04803989793780348,sensitivity_only
id:x%3A0x1.0000000000000p%2B0,135,2.926,2.6863200000000003,2.7269970617393526,0.8467349741670217,defined,-0.04803989793780348,sensitivity_only
id:x%3A0x1.0000000000000p%2B0,136,2.948,2.69336,2.652682938260648,0.8467349741670217,defined,0.04803989793780348,sensitivity_only
id:x%3A0x1.0000000000000p%2B0,137,2.97,2.7004,2.7410770617393525,0.8467349741670217,defined,-0.04803989793780348,sensitivity_only
id:x%3A0x1.0000000000000p%2B0,138,2.992,2.70744,2.6667629382606477,0.8467349741670217,defined,0.04803989793780348,sensitivity_only
id:x%3A0x1.0000000000000p%2B0,139,3.0,2.71,2.7506770617393523,0.8467349741670217,defined,-0.04803989793780348,sensitivity_only
id:x%3A0x1.0000000000000p%2B0,140,3.014,2.71448,2.6738029382606476,0.8467349741670217,defined,0.04803989793780348,sensitivity_only
id:x%3A0x1.0000000000000p%2B0,141,3.036,2.72152,2.7621970617393523,0.8467349741670217,defined,-0.04803989793780348,sensitivity_only
id:x%3A0x1.0000000000000p%2B0,142,3.058,2.72856,2.6878829382606475,0.8467349741670217,defined,0.04803989793780348,sensitivity_only
id:x%3A0x1.0000000000000p%2B0,143,3.08,2.7356,2.776277061739352,0.8467349741670217,defined,-0.04803989793780348,sensitivity_only
id:x%3A0x1.0000000000000p%2B0,144,3.102,2.7426399999999997,2.7019629382606474,0.8467349741670217,defined,0.04803989793780348,sensitivity_only
id:x%3A0x1.0000000000000p%2B0,145,3.124,2.74968,2.7903570617393525,0.8467349741670217,defined,-0.04803989793780348,sensitivity_only
id:x%3A0x1.0000000000000p%2B0,146,3.146,2.75672,2.7160429382606477,0.8467349741670217,defined,0.04803989793780348,sensitivity_only
id:x%3A0x1.0000000000000p%2B0,147,3.168,2.76376,2.8044370617393524,0.8467349741670217,defined,-0.04803989793780348,sensitivity_only
id:x%3A0x1.0000000000000p%2B0,148,3.19,2.7708,2.7301229382606476,0.8467349741670217,defined,0.04803989793780348,sensitivity_only
id:x%3A0x1.0000000000000p%2B0,149,3.212,2.7778400000000003,2.8185170617393527,0.8467349741670217,defined,-0.04803989793780348,sensitivity_only
id:x%3A0x1.0000000000000p%2B0,150,3.234,2.7848800000000002,2.744202938260648,0.8467349741670217,defined,0.04803989793780348,sensitivity_only
id:x%3A0x1.0000000000000p%2B0,151,3.256,2.79192,2.8325970617393526,0.8467349741670217,defined,-0.04803989793780348,sensitivity_only
id:x%3A0x1.0000000000000p%2B0,152,3.278,2.79896,2.7582829382606477,0.8467349741670217,defined,0.04803989793780348,sensitivity_only
id:x%3A0x1.0000000000000p%2B0,153,3.3,2.806,2.8466770617393524,0.8467349741670217,defined,-0.04803989793780348,sensitivity_only
id:x%3A0x1.0000000000000p%2B0,154,3.322,2.81304,2.7723629382606476,0.8467349741670217,defined,0.04803989793780348,sensitivity_only
id:x%3A0x1.0000000000000p%2B0,155,3.344,2.82008,2.8607570617393523,0.8467349741670217,defined,-0.04803989793780348,sensitivity_only
id:x%3A0x1.0000000000000p%2B0,156,3.366,2.82712,2.7864429382606475,0.8467349741670217,defined,0.04803989793780348,sensitivity_only
id:x%3A0x1.0000000000000p%2B0,157,3.388,2.83416,2.874837061739352,0.8467349741670217,defined,-0.04803989793780348,sensitivity_only
id:x%3A0x1.0000000000000p%2B0,158,3.41,2.8412,2.800522938260648,0.8467349741670217,defined,0.04803989793780348,sensitivity_only
id:x%3A0x1.0000000000000p%2B0,159,3.432,2.84824,2.8889170617393525,0.8467349741670217,defined,-0.04803989793780348,sensitivity_only
id:x%3A0x1.0000000000000p%2B0,160,3.454,2.85528,2.8146029382606477,0.8467349741670217,defined,0.04803989793780348,sensitivity_only
id:x%3A0x1.0000000000000p%2B0,161,3.476,2.86232,2.9029970617393523,0.8467349741670217,defined,-0.04803989793780348,sensitivity_only
id:x%3A0x1.0000000000000p%2B0,162,3.498,2.8693600000000004,2.828682938260648,0.8467349741670217,defined,0.04803989793780348,sensitivity_only
id:x%3A0x1.0000000000000p%2B0,163,3.52,2.8764000000000003,2.9170770617393527,0.8467349741670217,defined,-0.04803989793780348,sensitivity_only
id:x%3A0x1.0000000000000p%2B0,164,3.542,2.8834400000000002,2.842762938260648,0.8467349741670217,defined,0.04803989793780348,sensitivity_only
id:x%3A0x1.0000000000000p%2B0,165,3.564,2.89048,2.9311570617393525,0.8467349741670217,defined,-0.04803989793780348,sensitivity_only
id:x%3A0x1.0000000000000p%2B0,166,3.586,2.89752,2.8568429382606477,0.8467349741670217,defined,0.04803989793780348,sensitivity_only
id:x%3A0x1.0000000000000p%2B0,167,3.608,2.90456,2.9452370617393524,0.8467349741670217,defined,-0.04803989793780348,sensitivity_only
id:x%3A0x1.0000000000000p%2B0,168,3.63,2.9116,2.8709229382606476,0.8467349741670217,defined,0.04803989793780348,sensitivity_only
id:x%3A0x1.0000000000000p%2B0,169,3.652,2.91864,2.9593170617393523,0.8467349741670217,defined,-0.04803989793780348,sensitivity_only
id:x%3A0x1.0000000000000p%2B0,170,3.674,2.92568,2.8850029382606475,0.8467349741670217,defined,0.04803989793780348,sensitivity_only
id:x%3A0x1.0000000000000p%2B0,171,3.696,2.9327199999999998,2.973397061739352,0.8467349741670217,defined,-0.04803989793780348,sensitivity_only
id:x%3A0x1.0000000000000p%2B0,172,3.718,2.9397599999999997,2.8990829382606473,0.8467349741670217,defined,0.04803989793780348,sensitivity_only
id:x%3A0x1.0000000000000p%2B0,173,3.74,2.9468,2.9874770617393525,0.8467349741670217,defined,-0.04803989793780348,sensitivity_only
id:x%3A0x1.0000000000000p%2B0,174,3.762,2.95384,2.9131629382606476,0.8467349741670217,defined,0.04803989793780348,sensitivity_only
id:x%3A0x1.0000000000000p%2B0,175,3.784,2.96088,3.0015570617393523,0.8467349741670217,defined,-0.04803989793780348,sensitivity_only
id:x%3A0x1.0000000000000p%2B0,176,3.806,2.9679200000000003,2.927242938260648,0.8467349741670217,defined,0.04803989793780348,sensitivity_only
id:x%3A0x1.0000000000000p%2B0,177,3.828,2.9749600000000003,3.0156370617393526,0.8467349741670217,defined,-0.04803989793780348,sensitivity_only
id:x%3A0x1.0000000000000p%2B0,178,3.85,2.982,2.941322938260648,0.8467349741670217,defined,0.04803989793780348,sensitivity_only
id:x%3A0x1.0000000000000p%2B0,179,3.872,2.98904,3.0297170617393525,0.8467349741670217,defined,-0.04803989793780348,sensitivity_only
id:x%3A0x1.0000000000000p%2B0,180,3.894,2.99608,2.9554029382606477,0.8467349741670217,defined,0.04803989793780348,sensitivity_only
id:x%3A0x1.0000000000000p%2B0,181,3.916,3.00312,3.0437970617393524,0.8467349741670217,defined,-0.04803989793780348,sensitivity_only
id:x%3A0x1.0000000000000p%2B0,182,3.938,3.01016,2.9694829382606476,0.8467349741670217,defined,0.04803989793780348,sensitivity_only
id:x%3A0x1.0000000000000p%2B0,183,3.96,3.0172,3.0578770617393523,0.8467349741670217,defined,-0.04803989793780348,sensitivity_only
id:x%3A0x1.0000000000000p%2B0,184,3.982,3.02424,2.9835629382606474,0.8467349741670217,defined,0.04803989793780348,sensitivity_only
id:x%3A0x1.0000000000000p%2B0,185,4.0,3.0300000000000002,3.0706770617393526,0.8467349741670217,defined,-0.04803989793780348,sensitivity_only
id:x%3A0x1.0000000000000p%2B0,186,4.004,3.0312799999999998,2.9906029382606474,0.8467349741670217,defined,0.04803989793780348,sensitivity_only
id:x%3A0x1.0000000000000p%2B0,187,4.026,3.0383199999999997,3.078997061739352,0.8467349741670217,defined,-0.04803989793780348,sensitivity_only
id:x%3A0x1.0000000000000p%2B0,188,4.048,3.04536,3.0046829382606477,0.8467349741670217,defined,0.04803989793780348,sensitivity_only
id:x%3A0x1.0000000000000p%2B0,189,4.07,3.0524000000000004,3.093077061739353,0.8467349741670217,defined,-0.04803989793780348,sensitivity_only
id:x%3A0x1.0000000000000p%2B0,190,4.092,3.05944,3.0187629382606476,0.8467349741670217,defined,0.04803989793780348,sensitivity_only
id:x%3A0x1.0000000000000p%2B0,191,4.114,3.0664800000000003,3.1071570617393527,0.8467349741670217,defined,-0.04803989793780348,sensitivity_only
id:x%3A0x1.0000000000000p%2B0,192,4.136,3.0735200000000003,3.032842938260648,0.8467349741670217,defined,0.04803989793780348,sensitivity_only
id:x%3A0x1.0000000000000p%2B0,193,4.158,3.08056,3.1212370617393526,0.8467349741670217,defined,-0.04803989793780348,sensitivity_only
id:x%3A0x1.0000000000000p%2B0,194,4.18,3.0876,3.0469229382606478,0.8467349741670217,defined,0.04803989793780348,sensitivity_only
id:x%3A0x1.0000000000000p%2B0,195,4.202,3.09464,3.1353170617393524,0.8467349741670217,defined,-0.04803989793780348,sensitivity_only
id:x%3A0x1.0000000000000p%2B0,196,4.224,3.10168,3.0610029382606476,0.8467349741670217,defined,0.04803989793780348,sensitivity_only
id:x%3A0x1.0000000000000p%2B0,197,4.246,3.10872,3.1493970617393523,0.8467349741670217,defined,-0.04803989793780348,sensitivity_only
id:x%3A0x1.0000000000000p%2B0,198,4.268,3.11576,3.0750829382606475,0.8467349741670217,defined,0.04803989793780348,sensitivity_only
id:x%3A0x1.0000000000000p%2B0,199,4.29,3.1228,3.163477061739352,0.8467349741670217,defined,-0.04803989793780348,sensitivity_only
id:x%3A0x1.0000000000000p%2B0,200,4.312,3.12984,3.089162938260648,0.8467349741670217,defined,0.04803989793780348,sensitivity_only
id:x%3A0x1.0000000000000p%2B0,201,4.334,3.1368799999999997,3.177557061739352,0.8467349741670217,defined,-0.04803989793780348,sensitivity_only
id:x%3A0x1.0000000000000p%2B0,202,4.356,3.14392,3.1032429382606477,0.8467349741670217,defined,0.04803989793780348,sensitivity_only
id:x%3A0x1.0000000000000p%2B0,203,4.378,3.15096,3.1916370617393524,0.8467349741670217,defined,-0.04803989793780348,sensitivity_only
id:x%3A0x1.0000000000000p%2B0,204,4.4,3.1580000000000004,3.117322938260648,0.8467349741670217,defined,0.04803989793780348,sensitivity_only
id:x%3A0x1.0000000000000p%2B0,205,4.422,3.16504,3.2057170617393522,0.8467349741670217,defined,-0.04803989793780348,sensitivity_only
id:x%3A0x1.0000000000000p%2B0,206,4.444,3.1720800000000002,3.131402938260648,0.8467349741670217,defined,0.04803989793780348,sensitivity_only
id:x%3A0x1.0000000000000p%2B0,207,4.466,3.17912,3.2197970617393525,0.8467349741670217,defined,-0.04803989793780348,sensitivity_only
id:x%3A0x1.0000000000000p%2B0,208,4.488,3.18616,3.1454829382606477,0.8467349741670217,defined,0.04803989793780348,sensitivity_only
id:x%3A0x1.0000000000000p%2B0,209,4.51,3.1932,3.2312120270975604,0.7912595307087035,defined,-0.04803989793780348,sensitivity_only
id:x%3A0x1.0000000000000p%2B0,210,4.532,3.20024,3.1622279729024396,0.7912595307087035,defined,0.04803989793780348,sensitivity_only
id:x%3A0x1.0000000000000p%2B0,211,4.554,3.20728,3.2452920270975603,0.7912595307087035,defined,-0.04803989793780348,sensitivity_only
id:x%3A0x1.0000000000000p%2B0,212,4.576,3.21432,3.1763079729024395,0.7912595307087035,defined,0.04803989793780348,sensitivity_only
id:x%3A0x1.0000000000000p%2B0,213,4.598,3.22136,3.25937202709756,0.7912595307087035,defined,-0.04803989793780348,sensitivity_only
id:x%3A0x1.0000000000000p%2B0,214,4.62,3.2284,3.19038797290244,0.7912595307087035,defined,0.04803989793780348,sensitivity_only
id:x%3A0x1.0000000000000p%2B0,215,4.642,3.23544,3.2734520270975604,0.7912595307087035,defined,-0.04803989793780348,sensitivity_only
id:x%3A0x1.0000000000000p%2B0,216,4.664,3.24248,3.2044679729024397,0.7912595307087035,defined,0.04803989793780348,sensitivity_only
id:x%3A0x1.0000000000000p%2B0,217,4.686,3.24952,3.2875320270975603,0.7912595307087035,defined,-0.04803989793780348,sensitivity_only
id:x%3A0x1.0000000000000p%2B0,218,4.708,3.2565600000000003,3.21854797290244,0.7912595307087035,defined,0.04803989793780348,sensitivity_only
id:x%3A0x1.0000000000000p%2B0,219,4.73,3.2636000000000003,3.3016120270975606,0.7912595307087035,defined,-0.04803989793780348,sensitivity_only
id:x%3A0x1.0000000000000p%2B0,220,4.752,3.27064,3.23262797290244,0.7912595307087035,defined,0.04803989793780348,sensitivity_only
id:x%3A0x1.0000000000000p%2B0,221,4.774,3.27768,3.3156920270975605,0.7912595307087035,defined,-0.04803989793780348,sensitivity_only
id:x%3A0x1.0000000000000p%2B0,222,4.796,3.28472,3.2467079729024397,0.7912595307087035,defined,0.04803989793780348,sensitivity_only
id:x%3A0x1.0000000000000p%2B0,223,4.818,3.29176,3.3297720270975604,0.7912595307087035,defined,-0.04803989793780348,sensitivity_only
id:x%3A0x1.0000000000000p%2B0,224,4.84,3.2988,3.2607879729024396,0.7912595307087035,defined,0.04803989793780348,sensitivity_only
id:x%3A0x1.0000000000000p%2B0,225,4.862,3.30584,3.3438520270975602,0.7912595307087035,defined,-0.04803989793780348,sensitivity_only
id:x%3A0x1.0000000000000p%2B0,226,4.884,3.31288,3.2748679729024395,0.7912595307087035,defined,0.04803989793780348,sensitivity_only
id:x%3A0x1.0000000000000p%2B0,227,4.906,3.3199199999999998,3.35793202709756,0.7912595307087035,defined,-0.04803989793780348,sensitivity_only
id:x%3A0x1.0000000000000p%2B0,228,4.928,3.3269599999999997,3.2889479729024393,0.7912595307087035,defined,0.04803989793780348,sensitivity_only
id:x%3A0x1.0000000000000p%2B0,229,4.95,3.334,3.3720120270975604,0.7912595307087035,defined,-0.04803989793780348,sensitivity_only
id:x%3A0x1.0000000000000p%2B0,230,4.972,3.3410400000000005,3.30302797290244,0.7912595307087035,defined,0.04803989793780348,sensitivity_only
id:x%3A0x1.0000000000000p%2B0,231,4.994,3.34808,3.3860920270975603,0.7912595307087035,defined,-0.04803989793780348,sensitivity_only
id:x%3A0x1.0000000000000p%2B0,232,5.0,3.35,3.3119879729024397,0.7912595307087035,defined,0.04803989793780348,sensitivity_only
id:x%3A0x1.0000000000000p%2B0,233,5.016,3.3551200000000003,3.3931320270975607,0.7912595307087035,defined,-0.04803989793780348,sensitivity_only
id:x%3A0x1.0000000000000p%2B0,234,5.038,3.3621600000000003,3.32414797290244,0.7912595307087035,defined,0.04803989793780348,sensitivity_only
id:x%3A0x1.0000000000000p%2B0,235,5.06,3.3692,3.4072120270975605,0.7912595307087035,defined,-0.04803989793780348,sensitivity_only
id:x%3A0x1.0000000000000p%2B0,236,5.082,3.37624,3.3382279729024398,0.7912595307087035,defined,0.04803989793780348,sensitivity_only
id:x%3A0x1.0000000000000p%2B0,237,5.104,3.38328,3.4212920270975604,0.7912595307087035,defined,-0.04803989793780348,sensitivity_only
id:x%3A0x1.0000000000000p%2B0,238,5.126,3.39032,3.3523079729024396,0.7912595307087035,defined,0.04803989793780348,sensitivity_only
id:x%3A0x1.0000000000000p%2B0,239,5.148,3.39736,3.4353720270975603,0.7912595307087035,defined,-0.04803989793780348,sensitivity_only
id:x%3A0x1.0000000000000p%2B0,240,5.17,3.4044,3.3663879729024395,0.7912595307087035,defined,0.04803989793780348,sensitivity_only
id:x%3A0x1.0000000000000p%2B0,241,5.192,3.41144,3.44945202709756,0.7912595307087035,defined,-0.04803989793780348,sensitivity_only
id:x%3A0x1.0000000000000p%2B0,242,5.214,3.41848,3.38046797290244,0.7912595307087035,defined,0.04803989793780348,sensitivity_only
id:x%3A0x1.0000000000000p%2B0,243,5.236,3.4255199999999997,3.46353202709756,0.7912595307087035,defined,-0.04803989793780348,sensitivity_only
id:x%3A0x1.0000000000000p%2B0,244,5.258,3.43256,3.3945479729024397,0.7912595307087035,defined,0.04803989793780348,sensitivity_only
id:x%3A0x1.0000000000000p%2B0,245,5.28,3.4396000000000004,3.477612027097561,0.7912595307087035,defined,-0.04803989793780348,sensitivity_only
id:x%3A0x1.0000000000000p%2B0,246,5.302,3.44664,3.4086279729024396,0.7912595307087035,defined,0.04803989793780348,sensitivity_only
id:x%3A0x1.0000000000000p%2B0,247,5.324,3.4536800000000003,3.4916920270975607,0.7912595307087035,defined,-0.04803989793780348,sensitivity_only
id:x%3A0x1.0000000000000p%2B0,248,5.346,3.4607200000000002,3.42270797290244,0.7912595307087035,defined,0.04803989793780348,sensitivity_only
id:x%3A0x1.0000000000000p%2B0,249,5.368,3.46776,3.5057720270975605,0.7912595307087035,defined,-0.04803989793780348,sensitivity_only
id:x%3A0x1.0000000000000p%2B0,250,5.39,3.4748,3.4367879729024398,0.7912595307087035,defined,0.04803989793780348,sensitivity_only
id:x%3A0x1.0000000000000p%2B0,251,5.412,3.48184,3.5198520270975604,0.7912595307087035,defined,-0.04803989793780348,sensitivity_only
id:x%3A0x1.0000000000000p%2B0,252,5.434,3.48888,3.4508679729024396,0.7912595307087035,defined,0.04803989793780348,sensitivity_only
id:x%3A0x1.0000000000000p%2B0,253,5.456,3.49592,3.5339320270975603,0.7912595307087035,defined,-0.04803989793780348,sensitivity_only
id:x%3A0x1.0000000000000p%2B0,254,5.478,3.50296,3.4649479729024395,0.7912595307087035,defined,0.04803989793780348,sensitivity_only
id:x%3A0x1.0000000000000p%2B0,255,5.5,3.51,3.54801202709756,0.7912595307087035,defined,-0.04803989793780348,sensitivity_only
id:x%3A0x1.0000000000000p%2B0,256,5.522,3.53156,3.494571772869996,0.7699480789466207,defined,0.04803989793780348,sensitivity_only
id:x%3A0x1.0000000000000p%2B0,257,5.544,3.5531199999999994,3.590108227130003,0.7699480789466207,defined,-0.04803989793780348,sensitivity_only
id:x%3A0x1.0000000000000p%2B0,258,5.566,3.5746799999999994,3.5376917728699957,0.7699480789466207,defined,0.04803989793780348,sensitivity_only
id:x%3A0x1.0000000000000p%2B0,259,5.588,3.59624,3.6332282271300036,0.7699480789466207,defined,-0.04803989793780348,sensitivity_only
id:x%3A0x1.0000000000000p%2B0,260,5.61,3.6178,3.580811772869996,0.7699480789466207,defined,0.04803989793780348,sensitivity_only
id:x%3A0x1.0000000000000p%2B0,261,5.632,3.6393599999999995,3.676348227130003,0.7699480789466207,defined,-0.04803989793780348,sensitivity_only
id:x%3A0x1.0000000000000p%2B0,262,5.654,3.6609199999999995,3.623931772869996,0.7699480789466207,defined,0.04803989793780348,sensitivity_only
id:x%3A0x1.0000000000000p%2B0,263,5.676,3.68248,3.7194682271300037,0.7699480789466207,defined,-0.04803989793780348,sensitivity_only
id:x%3A0x1.0000000000000p%2B0,264,5.698,3.70404,3.6670517728699963,0.7699480789466207,defined,0.04803989793780348,sensitivity_only
id:x%3A0x1.0000000000000p%2B0,265,5.72,3.7255999999999996,3.7625882271300033,0.7699480789466207,defined,-0.04803989793780348,sensitivity_only
id:x%3A0x1.0000000000000p%2B0,266,5.742,3.7471599999999996,3.710171772869996,0.7699480789466207,defined,0.04803989793780348,sensitivity_only
id:x%3A0x1.0000000000000p%2B0,267,5.764,3.76872,3.805708227130004,0.7699480789466207,defined,-0.04803989793780348,sensitivity_only
id:x%3A0x1.0000000000000p%2B0,268,5.786,3.790279999999999,3.7532917728699955,0.7699480789466207,defined,0.04803989793780348,sensitivity_only
id:x%3A0x1.0000000000000p%2B0,269,5.808,3.8118399999999997,3.8488282271300034,0.7699480789466207,defined,-0.04803989793780348,sensitivity_only
id:x%3A0x1.0000000000000p%2B0,270,5.83,3.8333999999999997,3.796411772869996,0.7699480789466207,defined,0.04803989793780348,sensitivity_only
id:x%3A0x1.0000000000000p%2B0,271,5.852,3.85496,3.891948227130004,0.7699480789466207,defined,-0.04803989793780348,sensitivity_only
id:x%3A0x1.0000000000000p%2B0,272,5.874,3.8765199999999993,3.8395317728699956,0.7699480789466207,defined,0.04803989793780348,sensitivity_only
id:x%3A0x1.0000000000000p%2B0,273,5.896,3.8980799999999998,3.9350682271300035,0.7699480789466207,defined,-0.04803989793780348,sensitivity_only
id:x%3A0x1.0000000000000p%2B0,274,5.918,3.91964,3.882651772869996,0.7699480789466207,defined,0.04803989793780348,sensitivity_only
id:x%3A0x1.0000000000000p%2B0,275,5.94,3.9412000000000003,3.978188227130004,0.7699480789466207,defined,-0.04803989793780348,sensitivity_only
id:x%3A0x1.0000000000000p%2B0,276,5.962,3.9627599999999994,3.9257717728699957,0.7699480789466207,defined,0.04803989793780348,sensitivity_only
id:x%3A0x1.0000000000000p%2B0,277,5.984,3.98432,4.021308227130003,0.7699480789466207,defined,-0.04803989793780348,sensitivity_only
id:x%3A0x1.0000000000000p%2B0,278,6.0,4.0,3.9630117728699963,0.7699480789466207,defined,0.04803989793780348,sensitivity_only
id:x%3A0x1.0000000000000p%2B0,279,6.006,4.00588,4.042868227130004,0.7699480789466207,defined,-0.04803989793780348,sensitivity_only
id:x%3A0x1.0000000000000p%2B0,280,6.028,4.0274399999999995,3.9904517728699958,0.7699480789466207,defined,0.04803989793780348,sensitivity_only
id:x%3A0x1.0000000000000p%2B0,281,6.05,4.0489999999999995,4.085988227130003,0.7699480789466207,defined,-0.04803989793780348,sensitivity_only
id:x%3A0x1.0000000000000p%2B0,282,6.072,4.0705599999999995,4.033571772869996,0.7699480789466207,defined,0.04803989793780348,sensitivity_only
id:x%3A0x1.0000000000000p%2B0,283,6.094,4.09212,4.129108227130004,0.7699480789466207,defined,-0.04803989793780348,sensitivity_only
id:x%3A0x1.0000000000000p%2B0,284,6.116,4.11368,4.076691772869996,0.7699480789466207,defined,0.04803989793780348,sensitivity_only
id:x%3A0x1.0000000000000p%2B0,285,6.138,4.13524,4.172228227130003,0.7699480789466207,defined,-0.04803989793780348,sensitivity_only
id:x%3A0x1.0000000000000p%2B0,286,6.16,4.1568,4.119811772869996,0.7699480789466207,defined,0.04803989793780348,sensitivity_only
id:x%3A0x1.0000000000000p%2B0,287,6.182,4.1783600000000005,4.215348227130004,0.7699480789466207,defined,-0.04803989793780348,sensitivity_only
id:x%3A0x1.0000000000000p%2B0,288,6.204,4.19992,4.162931772869996,0.7699480789466207,defined,0.04803989793780348,sensitivity_only
id:x%3A0x1.0000000000000p%2B0,289,6.226,4.22148,4.258468227130003,0.7699480789466207,defined,-0.04803989793780348,sensitivity_only
id:x%3A0x1.0000000000000p%2B0,290,6.248,4.24304,4.206051772869996,0.7699480789466207,defined,0.04803989793780348,sensitivity_only
id:x%3A0x1.0000000000000p%2B0,291,6.27,4.2646,4.301588227130003,0.7699480789466207,defined,-0.04803989793780348,sensitivity_only
id:x%3A0x1.0000000000000p%2B0,292,6.292,4.28616,4.249171772869996,0.7699480789466207,defined,0.04803989793780348,sensitivity_only
id:x%3A0x1.0000000000000p%2B0,293,6.314,4.30772,4.3447082271300035,0.7699480789466207,defined,-0.04803989793780348,sensitivity_only
id:x%3A0x1.0000000000000p%2B0,294,6.336,4.32928,4.292291772869996,0.7699480789466207,defined,0.04803989793780348,sensitivity_only
id:x%3A0x1.0000000000000p%2B0,295,6.358,4.35084,4.3878282271300035,0.7699480789466207,defined,-0.04803989793780348,sensitivity_only
id:x%3A0x1.0000000000000p%2B0,296,6.38,4.3724,4.335411772869996,0.7699480789466207,defined,0.04803989793780348,sensitivity_only
id:x%3A0x1.0000000000000p%2B0,297,6.402,4.39396,4.430948227130004,0.7699480789466207,defined,-0.04803989793780348,sensitivity_only
id:x%3A0x1.0000000000000p%2B0,298,6.424,4.41552,4.378531772869996,0.7699480789466207,defined,0.04803989793780348,sensitivity_only
id:x%3A0x1.0000000000000p%2B0,299,6.446,4.43708,4.474068227130004,0.7699480789466207,defined,-0.04803989793780348,sensitivity_only
id:x%3A0x1.0000000000000p%2B0,300,6.468,4.45864,4.421651772869996,0.7699480789466207,defined,0.04803989793780348,sensitivity_only
id:x%3A0x1.0000000000000p%2B0,301,6.49,4.4802,4.517188227130004,0.7699480789466207,defined,-0.04803989793780348,sensitivity_only
id:x%3A0x1.0000000000000p%2B0,302,6.512,4.501759999999999,4.460424220419869,0.8604468650963308,defined,0.04803989793780348,sensitivity_only
id:x%3A0x1.0000000000000p%2B0,303,6.534,4.52332,4.56465577958013,0.8604468650963308,defined,-0.04803989793780348,sensitivity_only
id:x%3A0x1.0000000000000p%2B0,304,6.556,4.54488,4.50354422041987,0.8604468650963308,defined,0.04803989793780348,sensitivity_only
id:x%3A0x1.0000000000000p%2B0,305,6.578,4.56644,4.60777577958013,0.8604468650963308,defined,-0.04803989793780348,sensitivity_only
id:x%3A0x1.0000000000000p%2B0,306,6.6,4.587999999999999,4.546664220419869,0.8604468650963308,defined,0.04803989793780348,sensitivity_only
id:x%3A0x1.0000000000000p%2B0,307,6.622,4.60956,4.6508957795801305,0.8604468650963308,defined,-0.04803989793780348,sensitivity_only
id:x%3A0x1.0000000000000p%2B0,308,6.644,4.63112,4.58978422041987,0.8604468650963308,defined,0.04803989793780348,sensitivity_only
id:x%3A0x1.0000000000000p%2B0,309,6.666,4.65268,4.6940157795801305,0.8604468650963308,defined,-0.04803989793780348,sensitivity_only
id:x%3A0x1.0000000000000p%2B0,310,6.688,4.674239999999999,4.632904220419869,0.8604468650963308,defined,0.04803989793780348,sensitivity_only
id:x%3A0x1.0000000000000p%2B0,311,6.71,4.6958,4.7371357795801305,0.8604468650963308,defined,-0.04803989793780348,sensitivity_only
id:x%3A0x1.0000000000000p%2B0,312,6.732,4.71736,4.67602422041987,0.8604468650963308,defined,0.04803989793780348,sensitivity_only
id:x%3A0x1.0000000000000p%2B0,313,6.754,4.738919999999999,4.78025577958013,0.8604468650963308,defined,-0.04803989793780348,sensitivity_only
id:x%3A0x1.0000000000000p%2B0,314,6.776,4.760479999999999,4.719144220419869,0.8604468650963308,defined,0.04803989793780348,sensitivity_only
id:x%3A0x1.0000000000000p%2B0,315,6.798,4.78204,4.823375779580131,0.8604468650963308,defined,-0.04803989793780348,sensitivity_only
id:x%3A0x1.0000000000000p%2B0,316,6.82,4.8036,4.76226422041987,0.8604468650963308,defined,0.04803989793780348,sensitivity_only
id:x%3A0x1.0000000000000p%2B0,317,6.842,4.8251599999999994,4.86649577958013,0.8604468650963308,defined,-0.04803989793780348,sensitivity_only
id:x%3A0x1.0000000000000p%2B0,318,6.864,4.8467199999999995,4.805384220419869,0.8604468650963308,defined,0.04803989793780348,sensitivity_only
id:x%3A0x1.0000000000000p%2B0,319,6.886,4.86828,4.909615779580131,0.8604468650963308,defined,-0.04803989793780348,sensitivity_only
id:x%3A0x1.0000000000000p%2B0,320,6.908,4.88984,4.84850422041987,0.8604468650963308,defined,0.04803989793780348,sensitivity_only
id:x%3A0x1.0000000000000p%2B0,321,6.93,4.9113999999999995,4.95273577958013,0.8604468650963308,defined,-0.04803989793780348,sensitivity_only
id:x%3A0x1.0000000000000p%2B0,322,6.952,4.93296,4.891624220419869,0.8604468650963308,defined,0.04803989793780348,sensitivity_only
id:x%3A0x1.0000000000000p%2B0,323,6.974,4.9545200000000005,4.995855779580131,0.8604468650963308,defined,-0.04803989793780348,sensitivity_only
id:x%3A0x1.0000000000000p%2B0,324,6.996,4.9760800000000005,4.93474422041987,0.8604468650963308,defined,0.04803989793780348,sensitivity_only
id:x%3A0x1.0000000000000p%2B0,325,7.0,4.9799999999999995,5.02133577958013,0.8604468650963308,defined,-0.04803989793780348,sensitivity_only
id:x%3A0x1.0000000000000p%2B0,326,7.018,4.99764,4.956304220419869,0.8604468650963308,defined,0.04803989793780348,sensitivity_only
id:x%3A0x1.0000000000000p%2B0,327,7.04,5.0192,5.06053577958013,0.8604468650963308,defined,-0.04803989793780348,sensitivity_only
id:x%3A0x1.0000000000000p%2B0,328,7.062,5.040760000000001,4.99942422041987,0.8604468650963308,defined,0.04803989793780348,sensitivity_only
id:x%3A0x1.0000000000000p%2B0,329,7.084,5.06232,5.10365577958013,0.8604468650963308,defined,-0.04803989793780348,sensitivity_only
id:x%3A0x1.0000000000000p%2B0,330,7.106,5.08388,5.042544220419869,0.8604468650963308,defined,0.04803989793780348,sensitivity_only
id:x%3A0x1.0000000000000p%2B0,331,7.128,5.10544,5.14677577958013,0.8604468650963308,defined,-0.04803989793780348,sensitivity_only
id:x%3A0x1.0000000000000p%2B0,332,7.15,5.127,5.085664220419869,0.8604468650963308,defined,0.04803989793780348,sensitivity_only
id:x%3A0x1.0000000000000p%2B0,333,7.172,5.14856,5.18989577958013,0.8604468650963308,defined,-0.04803989793780348,sensitivity_only
id:x%3A0x1.0000000000000p%2B0,334,7.194,5.17012,5.1287842204198695,0.8604468650963308,defined,0.04803989793780348,sensitivity_only
id:x%3A0x1.0000000000000p%2B0,335,7.216,5.19168,5.23301577958013,0.8604468650963308,defined,-0.04803989793780348,sensitivity_only
id:x%3A0x1.0000000000000p%2B0,336,7.238,5.21324,5.1719042204198695,0.8604468650963308,defined,0.04803989793780348,sensitivity_only
id:x%3A0x1.0000000000000p%2B0,337,7.26,5.2348,5.27613577958013,0.8604468650963308,defined,-0.04803989793780348,sensitivity_only
id:x%3A0x1.0000000000000p%2B0,338,7.282,5.25636,5.21502422041987,0.8604468650963308,defined,0.04803989793780348,sensitivity_only
id:x%3A0x1.0000000000000p%2B0,339,7.304,5.27792,5.31925577958013,0.8604468650963308,defined,-0.04803989793780348,sensitivity_only
id:x%3A0x1.0000000000000p%2B0,340,7.326,5.299479999999999,5.258144220419869,0.8604468650963308,defined,0.04803989793780348,sensitivity_only
id:x%3A0x1.0000000000000p%2B0,341,7.348,5.32104,5.36237577958013,0.8604468650963308,defined,-0.04803989793780348,sensitivity_only
id:x%3A0x1.0000000000000p%2B0,342,7.37,5.3426,5.30126422041987,0.8604468650963308,defined,0.04803989793780348,sensitivity_only
id:x%3A0x1.0000000000000p%2B0,343,7.392,5.36416,5.40549577958013,0.8604468650963308,defined,-0.04803989793780348,sensitivity_only
id:x%3A0x1.0000000000000p%2B0,344,7.414,5.385719999999999,5.344384220419869,0.8604468650963308,defined,0.04803989793780348,sensitivity_only
id:x%3A0x1.0000000000000p%2B0,345,7.436,5.40728,5.44861577958013,0.8604468650963308,defined,-0.04803989793780348,sensitivity_only
id:x%3A0x1.0000000000000p%2B0,346,7.458,5.42884,5.38750422041987,0.8604468650963308,defined,0.04803989793780348,sensitivity_only
id:x%3A0x1.0000000000000p%2B0,347,7.48,5.4504,5.4917357795801305,0.8604468650963308,defined,-0.04803989793780348,sensitivity_only
id:x%3A0x1.0000000000000p%2B0,348,7.502,5.471959999999999,5.419452388100914,1.0930000718791255,defined,0.04803989793780348,sensitivity_only
id:x%3A0x1.0000000000000p%2B0,349,7.524,5.49352,5.546027611899086,1.0930000718791255,defined,-0.04803989793780348,sensitivity_only
id:x%3A0x1.0000000000000p%2B0,350,7.546,5.51508,5.462572388100915,1.0930000718791255,defined,0.04803989793780348,sensitivity_only
id:x%3A0x1.0000000000000p%2B0,351,7.568,5.536639999999999,5.589147611899085,1.0930000718791255,defined,-0.04803989793780348,sensitivity_only
id:x%3A0x1.0000000000000p%2B0,352,7.59,5.558199999999999,5.505692388100914,1.0930000718791255,defined,0.04803989793780348,sensitivity_only
id:x%3A0x1.0000000000000p%2B0,353,7.612,5.57976,5.632267611899086,1.0930000718791255,defined,-0.04803989793780348,sensitivity_only
id:x%3A0x1.0000000000000p%2B0,354,7.634,5.60132,5.548812388100915,1.0930000718791255,defined,0.04803989793780348,sensitivity_only
id:x%3A0x1.0000000000000p%2B0,355,7.656,5.622879999999999,5.675387611899085,1.0930000718791255,defined,-0.04803989793780348,sensitivity_only
id:x%3A0x1.0000000000000p%2B0,356,7.678,5.6444399999999995,5.591932388100914,1.0930000718791255,defined,0.04803989793780348,sensitivity_only
id:x%3A0x1.0000000000000p%2B0,357,7.7,5.666,5.718507611899086,1.0930000718791255,defined,-0.04803989793780348,sensitivity_only
id:x%3A0x1.0000000000000p%2B0,358,7.722,5.6875599999999995,5.635052388100914,1.0930000718791255,defined,0.04803989793780348,sensitivity_only
id:x%3A0x1.0000000000000p%2B0,359,7.744,5.7091199999999995,5.761627611899085,1.0930000718791255,defined,-0.04803989793780348,sensitivity_only
id:x%3A0x1.0000000000000p%2B0,360,7.766,5.7306799999999996,5.678172388100914,1.0930000718791255,defined,0.04803989793780348,sensitivity_only
id:x%3A0x1.0000000000000p%2B0,361,7.788,5.7522400000000005,5.804747611899086,1.0930000718791255,defined,-0.04803989793780348,sensitivity_only
id:x%3A0x1.0000000000000p%2B0,362,7.81,5.7738,5.721292388100914,1.0930000718791255,defined,0.04803989793780348,sensitivity_only
id:x%3A0x1.0000000000000p%2B0,363,7.832,5.79536,5.847867611899085,1.0930000718791255,defined,-0.04803989793780348,sensitivity_only
id:x%3A0x1.0000000000000p%2B0,364,7.854,5.81692,5.764412388100914,1.0930000718791255,defined,0.04803989793780348,sensitivity_only
id:x%3A0x1.0000000000000p%2B0,365,7.876,5.838480000000001,5.890987611899086,1.0930000718791255,defined,-0.04803989793780348,sensitivity_only
id:x%3A0x1.0000000000000p%2B0,366,7.898,5.86004,5.807532388100914,1.0930000718791255,defined,0.04803989793780348,sensitivity_only
id:x%3A0x1.0000000000000p%2B0,367,7.92,5.8816,5.934107611899085,1.0930000718791255,defined,-0.04803989793780348,sensitivity_only
id:x%3A0x1.0000000000000p%2B0,368,7.942,5.90316,5.850652388100914,1.0930000718791255,defined,0.04803989793780348,sensitivity_only
id:x%3A0x1.0000000000000p%2B0,369,7.964,5.924720000000001,5.977227611899086,1.0930000718791255,defined,-0.04803989793780348,sensitivity_only
id:x%3A0x1.0000000000000p%2B0,370,7.986,5.94628,5.893772388100914,1.0930000718791255,defined,0.04803989793780348,sensitivity_only
id:x%3A0x1.0000000000000p%2B0,371,8.0,5.96,6.0125076118990854,1.0930000718791255,defined,-0.04803989793780348,sensitivity_only
id:x%3A0x1.0000000000000p%2B0,372,8.008,5.967839999999999,5.915332388100913,1.0930000718791255,defined,0.04803989793780348,sensitivity_only
id:x%3A0x1.0000000000000p%2B0,373,8.03,5.989399999999999,6.041907611899084,1.0930000718791255,defined,-0.04803989793780348,sensitivity_only
id:x%3A0x1.0000000000000p%2B0,374,8.052,6.010959999999999,5.9584523881009135,1.0930000718791255,defined,0.04803989793780348,sensitivity_only
id:x%3A0x1.0000000000000p%2B0,375,8.074,6.03252,6.085027611899085,1.0930000718791255,defined,-0.04803989793780348,sensitivity_only
id:x%3A0x1.0000000000000p%2B0,376,8.096,6.05408,6.001572388100914,1.0930000718791255,defined,0.04803989793780348,sensitivity_only
id:x%3A0x1.0000000000000p%2B0,377,8.118,6.07564,6.128147611899085,1.0930000718791255,defined,-0.04803989793780348,sensitivity_only
id:x%3A0x1.0000000000000p%2B0,378,8.14,6.097200000000001,6.044692388100915,1.0930000718791255,defined,0.04803989793780348,sensitivity_only
id:x%3A0x1.0000000000000p%2B0,379,8.162,6.11876,6.1712676118990855,1.0930000718791255,defined,-0.04803989793780348,sensitivity_only
id:x%3A0x1.0000000000000p%2B0,380,8.184,6.140319999999999,6.087812388100914,1.0930000718791255,defined,0.04803989793780348,sensitivity_only
id:x%3A0x1.0000000000000p%2B0,381,8.206,6.161879999999999,6.214387611899085,1.0930000718791255,defined,-0.04803989793780348,sensitivity_only
id:x%3A0x1.0000000000000p%2B0,382,8.228,6.183439999999999,6.130932388100914,1.0930000718791255,defined,0.04803989793780348,sensitivity_only
id:x%3A0x1.0000000000000p%2B0,383,8.25,6.205,6.2575076118990856,1.0930000718791255,defined,-0.04803989793780348,sensitivity_only
id:x%3A0x1.0000000000000p%2B0,384,8.272,6.22656,6.174052388100915,1.0930000718791255,defined,0.04803989793780348,sensitivity_only
id:x%3A0x1.0000000000000p%2B0,385,8.294,6.24812,6.300627611899086,1.0930000718791255,defined,-0.04803989793780348,sensitivity_only
id:x%3A0x1.0000000000000p%2B0,386,8.316,6.269680000000001,6.2171723881009155,1.0930000718791255,defined,0.04803989793780348,sensitivity_only
id:x%3A0x1.0000000000000p%2B0,387,8.338,6.291239999999998,6.343747611899084,1.0930000718791255,defined,-0.04803989793780348,sensitivity_only
id:x%3A0x1.0000000000000p%2B0,388,8.36,6.312799999999999,6.260292388100914,1.0930000718791255,defined,0.04803989793780348,sensitivity_only
id:x%3A0x1.0000000000000p%2B0,389,8.382,6.334359999999999,6.386867611899085,1.0930000718791255,defined,-0.04803989793780348,sensitivity_only
id:x%3A0x1.0000000000000p%2B0,390,8.404,6.355919999999999,6.303412388100914,1.0930000718791255,defined,0.04803989793780348,sensitivity_only
id:x%3A0x1.0000000000000p%2B0,391,8.426,6.37748,6.429987611899086,1.0930000718791255,defined,-0.04803989793780348,sensitivity_only
id:x%3A0x1.0000000000000p%2B0,392,8.448,6.39904,6.346532388100915,1.0930000718791255,defined,0.04803989793780348,sensitivity_only
id:x%3A0x1.0000000000000p%2B0,393,8.47,6.4206,6.473107611899086,1.0930000718791255,defined,-0.04803989793780348,sensitivity_only
id:x%3A0x1.0000000000000p%2B0,394,8.492,6.442160000000001,6.389652388100916,1.0930000718791255,defined,0.04803989793780348,sensitivity_only
id:x%3A0x1.0000000000000p%2B0,395,8.514,6.463719999999999,6.505055779580129,0.8604468650963308,defined,-0.04803989793780348,sensitivity_only
id:x%3A0x1.0000000000000p%2B0,396,8.536,6.4852799999999995,6.443944220419869,0.8604468650963308,defined,0.04803989793780348,sensitivity_only
id:x%3A0x1.0000000000000p%2B0,397,8.558,6.5068399999999995,6.54817577958013,0.8604468650963308,defined,-0.04803989793780348,sensitivity_only
id:x%3A0x1.0000000000000p%2B0,398,8.58,6.5283999999999995,6.487064220419869,0.8604468650963308,defined,0.04803989793780348,sensitivity_only
id:x%3A0x1.0000000000000p%2B0,399,8.602,6.5499600000000004,6.591295779580131,0.8604468650963308,defined,-0.04803989793780348,sensitivity_only
id:x%3A0x1.0000000000000p%2B0,400,8.624,6.5715200000000005,6.53018422041987,0.8604468650963308,defined,0.04803989793780348,sensitivity_only
id:x%3A0x1.0000000000000p%2B0,401,8.646,6.5930800000000005,6.634415779580131,0.8604468650963308,defined,-0.04803989793780348,sensitivity_only
id:x%3A0x1.0000000000000p%2B0,402,8.668,6.61464,6.573304220419869,0.8604468650963308,defined,0.04803989793780348,sensitivity_only
id:x%3A0x1.0000000000000p%2B0,403,8.69,6.636199999999999,6.677535779580129,0.8604468650963308,defined,-0.04803989793780348,sensitivity_only
id:x%3A0x1.0000000000000p%2B0,404,8.712,6.65776,6.616424220419869,0.8604468650963308,defined,0.04803989793780348,sensitivity_only
id:x%3A0x1.0000000000000p%2B0,405,8.734,6.67932,6.72065577958013,0.8604468650963308,defined,-0.04803989793780348,sensitivity_only
id:x%3A0x1.0000000000000p%2B0,406,8.756,6.70088,6.659544220419869,0.8604468650963308,defined,0.04803989793780348,sensitivity_only
id:x%3A0x1.0000000000000p%2B0,407,8.778,6.722440000000001,6.763775779580131,0.8604468650963308,defined,-0.04803989793780348,sensitivity_only
id:x%3A0x1.0000000000000p%2B0,408,8.8,6.744,6.702664220419869,0.8604468650963308,defined,0.04803989793780348,sensitivity_only
id:x%3A0x1.0000000000000p%2B0,409,8.822,6.765559999999999,6.806895779580129,0.8604468650963308,defined,-0.04803989793780348,sensitivity_only
id:x%3A0x1.0000000000000p%2B0,410,8.844,6.78712,6.7457842204198695,0.8604468650963308,defined,0.04803989793780348,sensitivity_only
id:x%3A0x1.0000000000000p%2B0,411,8.866,6.808679999999999,6.850015779580129,0.8604468650963308,defined,-0.04803989793780348,sensitivity_only
id:x%3A0x1.0000000000000p%2B0,412,8.888,6.83024,6.7889042204198695,0.8604468650963308,defined,0.04803989793780348,sensitivity_only
id:x%3A0x1.0000000000000p%2B0,413,8.91,6.8518,6.89313577958013,0.8604468650963308,defined,-0.04803989793780348,sensitivity_only
id:x%3A0x1.0000000000000p%2B0,414,8.932,6.87336,6.83202422041987,0.8604468650963308,defined,0.04803989793780348,sensitivity_only
id:x%3A0x1.0000000000000p%2B0,415,8.954,6.894920000000001,6.936255779580131,0.8604468650963308,defined,-0.04803989793780348,sensitivity_only
id:x%3A0x1.0000000000000p%2B0,416,8.976,6.91648,6.87514422041987,0.8604468650963308,defined,0.04803989793780348,sensitivity_only
id:x%3A0x1.0000000000000p%2B0,417,8.998,6.938039999999999,6.9793757795801294,0.8604468650963308,defined,-0.04803989793780348,sensitivity_only
id:x%3A0x1.0000000000000p%2B0,418,9.0,6.9399999999999995,6.898664220419869,0.8604468650963308,defined,0.04803989793780348,sensitivity_only
id:x%3A0x1.0000000000000p%2B0,419,9.02,6.959599999999999,7.0009357795801295,0.8604468650963308,defined,-0.04803989793780348,sensitivity_only
id:x%3A0x1.0000000000000p%2B0,420,9.042,6.981159999999999,6.939824220419869,0.8604468650963308,defined,0.04803989793780348,sensitivity_only
id:x%3A0x1.0000000000000p%2B0,421,9.064,7.00272,7.04405577958013,0.8604468650963308,defined,-0.04803989793780348,sensitivity_only
id:x%3A0x1.0000000000000p%2B0,422,9.086,7.02428,6.98294422041987,0.8604468650963308,defined,0.04803989793780348,sensitivity_only
id:x%3A0x1.0000000000000p%2B0,423,9.108,7.04584,7.0871757795801305,0.8604468650963308,defined,-0.04803989793780348,sensitivity_only
id:x%3A0x1.0000000000000p%2B0,424,9.13,7.067400000000001,7.026064220419871,0.8604468650963308,defined,0.04803989793780348,sensitivity_only
id:x%3A0x1.0000000000000p%2B0,425,9.152,7.088959999999998,7.130295779580129,0.8604468650963308,defined,-0.04803989793780348,sensitivity_only
id:x%3A0x1.0000000000000p%2B0,426,9.174,7.110519999999999,7.069184220419869,0.8604468650963308,defined,0.04803989793780348,sensitivity_only
id:x%3A0x1.0000000000000p%2B0,427,9.196,7.132079999999999,7.17341577958013,0.8604468650963308,defined,-0.04803989793780348,sensitivity_only
id:x%3A0x1.0000000000000p%2B0,428,9.218,7.153639999999999,7.112304220419869,0.8604468650963308,defined,0.04803989793780348,sensitivity_only
id:x%3A0x1.0000000000000p%2B0,429,9.24,7.1752,7.216535779580131,0.8604468650963308,defined,-0.04803989793780348,sensitivity_only
id:x%3A0x1.0000000000000p%2B0,430,9.262,7.19676,7.15542422041987,0.8604468650963308,defined,0.04803989793780348,sensitivity_only
id:x%3A0x1.0000000000000p%2B0,431,9.284,7.21832,7.259655779580131,0.8604468650963308,defined,-0.04803989793780348,sensitivity_only
id:x%3A0x1.0000000000000p%2B0,432,9.306,7.239879999999999,7.198544220419869,0.8604468650963308,defined,0.04803989793780348,sensitivity_only
id:x%3A0x1.0000000000000p%2B0,433,9.328,7.261439999999999,7.302775779580129,0.8604468650963308,defined,-0.04803989793780348,sensitivity_only
id:x%3A0x1.0000000000000p%2B0,434,9.35,7.2829999999999995,7.241664220419869,0.8604468650963308,defined,0.04803989793780348,sensitivity_only
id:x%3A0x1.0000000000000p%2B0,435,9.372,7.3045599999999995,7.34589577958013,0.8604468650963308,defined,-0.04803989793780348,sensitivity_only
id:x%3A0x1.0000000000000p%2B0,436,9.394,7.3261199999999995,7.284784220419869,0.8604468650963308,defined,0.04803989793780348,sensitivity_only
id:x%3A0x1.0000000000000p%2B0,437,9.416,7.34768,7.389015779580131,0.8604468650963308,defined,-0.04803989793780348,sensitivity_only
id:x%3A0x1.0000000000000p%2B0,438,9.438,7.3692400000000005,7.32790422041987,0.8604468650963308,defined,0.04803989793780348,sensitivity_only
id:x%3A0x1.0000000000000p%2B0,439,9.46,7.3908000000000005,7.432135779580131,0.8604468650963308,defined,-0.04803989793780348,sensitivity_only
id:x%3A0x1.0000000000000p%2B0,440,9.482,7.41236,7.371024220419869,0.8604468650963308,defined,0.04803989793780348,sensitivity_only
id:x%3A0x1.0000000000000p%2B0,441,9.504,7.433919999999999,7.46296676402928,0.6046383376352611,defined,-0.04803989793780348,sensitivity_only
id:x%3A0x1.0000000000000p%2B0,442,9.526,7.45548,7.426433235970719,0.6046383376352611,defined,0.04803989793780348,sensitivity_only
id:x%3A0x1.0000000000000p%2B0,443,9.548,7.47704,7.5060867640292805,0.6046383376352611,defined,-0.04803989793780348,sensitivity_only
id:x%3A0x1.0000000000000p%2B0,444,9.57,7.4986,7.469553235970719,0.6046383376352611,defined,0.04803989793780348,sensitivity_only
id:x%3A0x1.0000000000000p%2B0,445,9.592,7.520160000000001,7.5492067640292815,0.6046383376352611,defined,-0.04803989793780348,sensitivity_only
id:x%3A0x1.0000000000000p%2B0,446,9.614,7.541720000000001,7.51267323597072,0.6046383376352611,defined,0.04803989793780348,sensitivity_only
id:x%3A0x1.0000000000000p%2B0,447,9.636,7.563279999999999,7.59232676402928,0.6046383376352611,defined,-0.04803989793780348,sensitivity_only
id:x%3A0x1.0000000000000p%2B0,448,9.658,7.584839999999999,7.555793235970718,0.6046383376352611,defined,0.04803989793780348,sensitivity_only
id:x%3A0x1.0000000000000p%2B0,449,9.68,7.6064,7.635446764029281,0.6046383376352611,defined,-0.04803989793780348,sensitivity_only
id:x%3A0x1.0000000000000p%2B0,450,9.702,7.62796,7.598913235970719,0.6046383376352611,defined,0.04803989793780348,sensitivity_only
id:x%3A0x1.0000000000000p%2B0,451,9.724,7.64952,7.678566764029281,0.6046383376352611,defined,-0.04803989793780348,sensitivity_only
id:x%3A0x1.0000000000000p%2B0,452,9.746,7.67108,7.642033235970719,0.6046383376352611,defined,0.04803989793780348,sensitivity_only
id:x%3A0x1.0000000000000p%2B0,453,9.768,7.692640000000001,7.721686764029282,0.6046383376352611,defined,-0.04803989793780348,sensitivity_only
id:x%3A0x1.0000000000000p%2B0,454,9.79,7.714199999999999,7.685153235970718,0.6046383376352611,defined,0.04803989793780348,sensitivity_only
id:x%3A0x1.0000000000000p%2B0,455,9.812,7.735759999999999,7.76480676402928,0.6046383376352611,defined,-0.04803989793780348,sensitivity_only
id:x%3A0x1.0000000000000p%2B0,456,9.834,7.757319999999999,7.728273235970718,0.6046383376352611,defined,0.04803989793780348,sensitivity_only
id:x%3A0x1.0000000000000p%2B0,457,9.856,7.77888,7.807926764029281,0.6046383376352611,defined,-0.04803989793780348,sensitivity_only
id:x%3A0x1.0000000000000p%2B0,458,9.878,7.80044,7.771393235970719,0.6046383376352611,defined,0.04803989793780348,sensitivity_only
id:x%3A0x1.0000000000000p%2B0,459,9.9,7.822,7.851046764029281,0.6046383376352611,defined,-0.04803989793780348,sensitivity_only
id:x%3A0x1.0000000000000p%2B0,460,9.922,7.84356,7.814513235970719,0.6046383376352611,defined,0.04803989793780348,sensitivity_only
id:x%3A0x1.0000000000000p%2B0,461,9.944,7.86512,7.894166764029281,0.6046383376352611,defined,-0.04803989793780348,sensitivity_only
id:x%3A0x1.0000000000000p%2B0,462,9.966,7.886679999999999,7.857633235970718,0.6046383376352611,defined,0.04803989793780348,sensitivity_only
id:x%3A0x1.0000000000000p%2B0,463,9.988,7.908239999999999,7.93728676402928,0.6046383376352611,defined,-0.04803989793780348,sensitivity_only
id:x%3A0x1.0000000000000p%2B0,464,10.0,7.92,7.890953235970719,0.6046383376352611,defined,0.04803989793780348,sensitivity_only
id:x%3A0x1.0000000000000p%2B0,465,10.01,7.929799999999999,7.95884676402928,0.6046383376352611,defined,-0.04803989793780348,sensitivity_only
id:x%3A0x1.0000000000000p%2B0,466,10.032,7.951359999999999,7.9223132359707185,0.6046383376352611,defined,0.04803989793780348,sensitivity_only
id:x%3A0x1.0000000000000p%2B0,467,10.054,7.97292,8.001966764029282,0.6046383376352611,defined,-0.04803989793780348,sensitivity_only
id:x%3A0x1.0000000000000p%2B0,468,10.076,7.99448,7.965433235970719,0.6046383376352611,defined,0.04803989793780348,sensitivity_only
id:x%3A0x1.0000000000000p%2B0,469,10.098,8.01604,8.045086764029282,0.6046383376352611,defined,-0.04803989793780348,sensitivity_only
id:x%3A0x1.0000000000000p%2B0,470,10.12,8.037599999999998,8.008553235970716,0.6046383376352611,defined,0.04803989793780348,sensitivity_only
id:x%3A0x1.0000000000000p%2B0,471,10.142,8.059159999999999,8.08820676402928,0.6046383376352611,defined,-0.04803989793780348,sensitivity_only
id:x%3A0x1.0000000000000p%2B0,472,10.164,8.08072,8.051673235970718,0.6046383376352611,defined,0.04803989793780348,sensitivity_only
id:x%3A0x1.0000000000000p%2B0,473,10.186,8.10228,8.131326764029282,0.6046383376352611,defined,-0.04803989793780348,sensitivity_only
id:x%3A0x1.0000000000000p%2B0,474,10.208,8.12384,8.094793235970718,0.6046383376352611,defined,0.04803989793780348,sensitivity_only
id:x%3A0x1.0000000000000p%2B0,475,10.23,8.1454,8.174446764029282,0.6046383376352611,defined,-0.04803989793780348,sensitivity_only
id:x%3A0x1.0000000000000p%2B0,476,10.252,8.16696,8.137913235970718,0.6046383376352611,defined,0.04803989793780348,sensitivity_only
id:x%3A0x1.0000000000000p%2B0,477,10.274,8.188519999999999,8.21756676402928,0.6046383376352611,defined,-0.04803989793780348,sensitivity_only
id:x%3A0x1.0000000000000p%2B0,478,10.296,8.210079999999998,8.181033235970716,0.6046383376352611,defined,0.04803989793780348,sensitivity_only
id:x%3A0x1.0000000000000p%2B0,479,10.318,8.231639999999999,8.26068676402928,0.6046383376352611,defined,-0.04803989793780348,sensitivity_only
id:x%3A0x1.0000000000000p%2B0,480,10.34,8.2532,8.224153235970718,0.6046383376352611,defined,0.04803989793780348,sensitivity_only
id:x%3A0x1.0000000000000p%2B0,481,10.362,8.27476,8.303806764029282,0.6046383376352611,defined,-0.04803989793780348,sensitivity_only
id:x%3A0x1.0000000000000p%2B0,482,10.384,8.29632,8.267273235970718,0.6046383376352611,defined,0.04803989793780348,sensitivity_only
id:x%3A0x1.0000000000000p%2B0,483,10.406,8.31788,8.346926764029282,0.6046383376352611,defined,-0.04803989793780348,sensitivity_only
id:x%3A0x1.0000000000000p%2B0,484,10.428,8.33944,8.310393235970718,0.6046383376352611,defined,0.04803989793780348,sensitivity_only
id:x%3A0x1.0000000000000p%2B0,485,10.45,8.360999999999999,8.39004676402928,0.6046383376352611,defined,-0.04803989793780348,sensitivity_only
id:x%3A0x1.0000000000000p%2B0,486,10.472,8.382559999999998,8.353513235970716,0.6046383376352611,defined,0.04803989793780348,sensitivity_only
id:x%3A0x1.0000000000000p%2B0,487,10.494,8.404119999999999,8.43316676402928,0.6046383376352611,defined,-0.04803989793780348,sensitivity_only
id:x%3A0x1.0000000000000p%2B0,488,10.516,8.42568,8.396150957240057,0.6146774665960905,defined,0.04803989793780348,sensitivity_only
id:x%3A0x1.0000000000000p%2B0,489,10.538,8.44724,8.476769042759944,0.6146774665960905,defined,-0.04803989793780348,sensitivity_only
id:x%3A0x1.0000000000000p%2B0,490,10.56,8.4688,8.439270957240057,0.6146774665960905,defined,0.04803989793780348,sensitivity_only
id:x%3A0x1.0000000000000p%2B0,491,10.582,8.49036,8.519889042759944,0.6146774665960905,defined,-0.04803989793780348,sensitivity_only
id:x%3A0x1.0000000000000p%2B0,492,10.604,8.51192,8.482390957240057,0.6146774665960905,defined,0.04803989793780348,sensitivity_only
id:x%3A0x1.0000000000000p%2B0,493,10.626,8.533479999999999,8.563009042759942,0.6146774665960905,defined,-0.04803989793780348,sensitivity_only
id:x%3A0x1.0000000000000p%2B0,494,10.648,8.555039999999998,8.525510957240055,0.6146774665960905,defined,0.04803989793780348,sensitivity_only
id:x%3A0x1.0000000000000p%2B0,495,10.67,8.5766,8.606129042759942,0.6146774665960905,defined,-0.04803989793780348,sensitivity_only
id:x%3A0x1.0000000000000p%2B0,496,10.692,8.59816,8.568630957240057,0.6146774665960905,defined,0.04803989793780348,sensitivity_only
id:x%3A0x1.0000000000000p%2B0,497,10.714,8.619720000000001,8.649249042759944,0.6146774665960905,defined,-0.04803989793780348,sensitivity_only
id:x%3A0x1.0000000000000p%2B0,498,10.736,8.64128,8.611750957240057,0.6146774665960905,defined,0.04803989793780348,sensitivity_only
id:x%3A0x1.0000000000000p%2B0,499,10.758,8.66284,8.692369042759942,0.6146774665960905,defined,-0.04803989793780348,sensitivity_only
id:x%3A0x1.0000000000000p%2B0,500,10.78,8.6844,8.654870957240057,0.6146774665960905,defined,0.04803989793780348,sensitivity_only
id:x%3A0x1.0000000000000p%2B0,501,10.802,8.70596,8.735489042759943,0.6146774665960905,defined,-0.04803989793780348,sensitivity_only
id:x%3A0x1.0000000000000p%2B0,502,10.824,8.727519999999998,8.697990957240055,0.6146774665960905,defined,0.04803989793780348,sensitivity_only
id:x%3A0x1.0000000000000p%2B0,503,10.846,8.74908,8.778609042759943,0.6146774665960905,defined,-0.04803989793780348,sensitivity_only
id:x%3A0x1.0000000000000p%2B0,504,10.868,8.77064,8.741110957240057,0.6146774665960905,defined,0.04803989793780348,sensitivity_only
id:x%3A0x1.0000000000000p%2B0,505,10.89,8.792200000000001,8.821729042759944,0.6146774665960905,defined,-0.04803989793780348,sensitivity_only
id:x%3A0x1.0000000000000p%2B0,506,10.912,8.81376,8.784230957240057,0.6146774665960905,defined,0.04803989793780348,sensitivity_only
id:x%3A0x1.0000000000000p%2B0,507,10.934,8.83532,8.864849042759943,0.6146774665960905,defined,-0.04803989793780348,sensitivity_only
id:x%3A0x1.0000000000000p%2B0,508,10.956,8.85688,8.827350957240057,0.6146774665960905,defined,0.04803989793780348,sensitivity_only
id:x%3A0x1.0000000000000p%2B0,509,10.978,8.87844,8.907969042759943,0.6146774665960905,defined,-0.04803989793780348,sensitivity_only
id:x%3A0x1.0000000000000p%2B0,510,11.0,8.899999999999999,8.870470957240055,0.6146774665960905,defined,0.04803989793780348,sensitivity_only
id:x%3A0x1.0000000000000p%2B1,0,0.0,1.75,1.6895782097946441,0.6516075414303091,defined,0.09272727272727273,sensitivity_only
id:x%3A0x1.0000000000000p%2B1,1,0.022,1.75704,1.7871619084731427,0.6516075414303091,defined,-0.04622707160052787,sensitivity_only
id:x%3A0x1.0000000000000p%2B1,2,0.044,1.76408,1.7339580915268573,0.6516075414303091,defined,0.04622707160052787,sensitivity_only
id:x%3A0x1.0000000000000p%2B1,3,0.066,1.77112,1.8012419084731428,0.6516075414303091,defined,-0.04622707160052787,sensitivity_only
id:x%3A0x1.0000000000000p%2B1,4,0.088,1.77816,1.7480380915268572,0.6516075414303091,defined,0.04622707160052787,sensitivity_only
id:x%3A0x1.0000000000000p%2B1,5,0.11,1.7852,1.8153219084731427,0.6516075414303091,defined,-0.04622707160052787,sensitivity_only
id:x%3A0x1.0000000000000p%2B1,6,0.132,1.79224,1.7621180915268573,0.6516075414303091,defined,0.04622707160052787,sensitivity_only
id:x%3A0x1.0000000000000p%2B1,7,0.154,1.79928,1.8294019084731428,0.6516075414303091,defined,-0.04622707160052787,sensitivity_only
id:x%3A0x1.0000000000000p%2B1,8,0.176,1.80632,1.7761980915268571,0.6516075414303091,defined,0.04622707160052787,sensitivity_only
id:x%3A0x1.0000000000000p%2B1,9,0.198,1.81336,1.8434819084731429,0.6516075414303091,defined,-0.04622707160052787,sensitivity_only
id:x%3A0x1.0000000000000p%2B1,10,0.22,1.8204,1.7902780915268572,0.6516075414303091,defined,0.04622707160052787,sensitivity_only
id:x%3A0x1.0000000000000p%2B1,11,0.242,1.82744,1.8575619084731427,0.6516075414303091,defined,-0.04622707160052787,sensitivity_only
id:x%3A0x1.0000000000000p%2B1,12,0.264,1.83448,1.8043580915268573,0.6516075414303091,defined,0.04622707160052787,sensitivity_only
id:x%3A0x1.0000000000000p%2B1,13,0.286,1.84152,1.8716419084731428,0.6516075414303091,defined,-0.04622707160052787,sensitivity_only
id:x%3A0x1.0000000000000p%2B1,14,0.308,1.84856,1.8184380915268572,0.6516075414303091,defined,0.04622707160052787,sensitivity_only
id:x%3A0x1.0000000000000p%2B1,15,0.33,1.8556,1.8857219084731427,0.6516075414303091,defined,-0.04622707160052787,sensitivity_only
id:x%3A0x1.0000000000000p%2B1,16,0.352,1.86264,1.8325180915268573,0.6516075414303091,defined,0.04622707160052787,sensitivity_only
id:x%3A0x1.0000000000000p%2B1,17,0.374,1.86968,1.8998019084731428,0.6516075414303091,defined,-0.04622707160052787,sensitivity_only
id:x%3A0x1.0000000000000p%2B1,18,0.396,1.87672,1.8465980915268572,0.6516075414303091,defined,0.04622707160052787,sensitivity_only
id:x%3A0x1.0000000000000p%2B1,19,0.418,1.88376,1.9138819084731429,0.6516075414303091,defined,-0.04622707160052787,sensitivity_only
id:x%3A0x1.0000000000000p%2B1,20,0.44,1.8908,1.8606780915268573,0.6516075414303091,defined,0.04622707160052787,sensitivity_only
id:x%3A0x1.0000000000000p%2B1,21,0.462,1.89784,1.9279619084731427,0.6516075414303091,defined,-0.04622707160052787,sensitivity_only
id:x%3A0x1.0000000000000p%2B1,22,0.484,1.90488,1.8747580915268571,0.6516075414303091,defined,0.04622707160052787,sensitivity_only
id:x%3A0x1.0000000000000p%2B1,23,0.506,1.91192,1.9446063757699616,0.7070829848886273,defined,-0.04622707160052787,sensitivity_only
id:x%3A0x1.0000000000000p%2B1,24,0.528,1.91896,1.8862736242300384,0.7070829848886273,defined,0.04622707160052787,sensitivity_only
id:x%3A0x1.0000000000000p%2B1,25,0.55,1.926,1.9586863757699615,0.7070829848886273,defined,-0.04622707160052787,sensitivity_only
id:x%3A0x1.0000000000000p%2B1,26,0.572,1.93304,1.9003536242300385,0.7070829848886273,defined,0.04622707160052787,sensitivity_only
id:x%3A0x1.0000000000000p%2B1,27,0.594,1.94008,1.9727663757699616,0.7070829848886273,defined,-0.04622707160052787,sensitivity_only
id:x%3A0x1.0000000000000p%2B1,28,0.616,1.94712,1.9144336242300384,0.7070829848886273,defined,0.04622707160052787,sensitivity_only
id:x%3A0x1.0000000000000p%2B1,29,0.638,1.95416,1.9868463757699615,0.7070829848886273,defined,-0.04622707160052787,sensitivity_only
id:x%3A0x1.0000000000000p%2B1,30,0.66,1.9612,1.9285136242300385,0.7070829848886273,defined,0.04622707160052787,sensitivity_only
id:x%3A0x1.0000000000000p%2B1,31,0.682,1.96824,2.0009263757699616,0.7070829848886273,defined,-0.04622707160052787,sensitivity_only
id:x%3A0x1.0000000000000p%2B1,32,0.704,1.97528,1.9425936242300383,0.7070829848886273,defined,0.04622707160052787,sensitivity_only
id:x%3A0x1.0000000000000p%2B1,33,0.726,1.98232,2.0150063757699614,0.7070829848886273,defined,-0.04622707160052787,sensitivity_only
id:x%3A0x1.0000000000000p%2B1,34,0.748,1.98936,1.9566736242300384,0.7070829848886273,defined,0.04622707160052787,sensitivity_only
id:x%3A0x1.0000000000000p%2B1,35,0.77,1.9964,2.0290863757699613,0.7070829848886273,defined,-0.04622707160052787,sensitivity_only
id:x%3A0x1.0000000000000p%2B1,36,0.792,2.00344,1.9707536242300383,0.7070829848886273,defined,0.04622707160052787,sensitivity_only
id:x%3A0x1.0000000000000p%2B1,37,0.814,2.01048,2.043166375769961,0.7070829848886273,defined,-0.04622707160052787,sensitivity_only
id:x%3A0x1.0000000000000p%2B1,38,0.836,2.01752,1.9848336242300386,0.7070829848886273,defined,0.04622707160052787,sensitivity_only
id:x%3A0x1.0000000000000p%2B1,39,0.858,2.02456,2.0572463757699615,0.7070829848886273,defined,-0.04622707160052787,sensitivity_only
id:x%3A0x1.0000000000000p%2B1,40,0.88,2.0316,1.9989136242300385,0.7070829848886273,defined,0.04622707160052787,sensitivity_only
id:x%3A0x1.0000000000000p%2B1,41,0.902,2.03864,2.0713263757699614,0.7070829848886273,defined,-0.04622707160052787,sensitivity_only
id:x%3A0x1.0000000000000p%2B1,42,0.924,2.04568,2.0129936242300386,0.7070829848886273,defined,0.04622707160052787,sensitivity_only
id:x%3A0x1.0000000000000p%2B1,43,0.946,2.05272,2.0854063757699612,0.7070829848886273,defined,-0.04622707160052787,sensitivity_only
id:x%3A0x1.0000000000000p%2B1,44,0.968,2.05976,2.0270736242300385,0.7070829848886273,defined,0.04622707160052787,sensitivity_only
id:x%3A0x1.0000000000000p%2B1,45,0.99,2.0668,2.0994863757699616,0.7070829848886273,defined,-0.04622707160052787,sensitivity_only
id:x%3A0x1.0000000000000p%2B1,46,1.0,2.07,2.0373136242300385,0.7070829848886273,defined,0.04622707160052787,sensitivity_only
id:x%3A0x1.0000000000000p%2B1,47,1.012,2.07384,2.1065263757699615,0.7070829848886273,defined,-0.04622707160052787,sensitivity_only
id:x%3A0x1.0000000000000p%2B1,48,1.034,2.08088,2.0481936242300387,0.7070829848886273,defined,0.04622707160052787,sensitivity_only
id:x%3A0x1.0000000000000p%2B1,49,1.056,2.08792,2.1206063757699614,0.7070829848886273,defined,-0.04622707160052787,sensitivity_only
id:x%3A0x1.0000000000000p%2B1,50,1.078,2.09496,2.0622736242300386,0.7070829848886273,defined,0.04622707160052787,sensitivity_only
id:x%3A0x1.0000000000000p%2B1,51,1.1,2.102,2.1346863757699612,0.7070829848886273,defined,-0.04622707160052787,sensitivity_only
id:x%3A0x1.0000000000000p%2B1,52,1.122,2.1090400000000002,2.076353624230039,0.7070829848886273,defined,0.04622707160052787,sensitivity_only
id:x%3A0x1.0000000000000p%2B1,53,1.144,2.11608,2.1487663757699615,0.7070829848886273,defined,-0.04622707160052787,sensitivity_only
id:x%3A0x1.0000000000000p%2B1,54,1.166,2.12312,2.0904336242300388,0.7070829848886273,defined,0.04622707160052787,sensitivity_only
id:x%3A0x1.0000000000000p%2B1,55,1.188,2.13016,2.1628463757699614,0.7070829848886273,defined,-0.04622707160052787,sensitivity_only
id:x%3A0x1.0000000000000p%2B1,56,1.21,2.1372,2.1045136242300386,0.7070829848886273,defined,0.04622707160052787,sensitivity_only
id:x%3A0x1.0000000000000p%2B1,57,1.232,2.14424,2.1769263757699613,0.7070829848886273,defined,-0.04622707160052787,sensitivity_only
id:x%3A0x1.0000000000000p%2B1,58,1.254,2.15128,2.1185936242300385,0.7070829848886273,defined,0.04622707160052787,sensitivity_only
id:x%3A0x1.0000000000000p%2B1,59,1.276,2.15832,2.191006375769961,0.7070829848886273,defined,-0.04622707160052787,sensitivity_only
id:x%3A0x1.0000000000000p%2B1,60,1.298,2.16536,2.132673624230039,0.7070829848886273,defined,0.04622707160052787,sensitivity_only
id:x%3A0x1.0000000000000p%2B1,61,1.32,2.1724,2.2050863757699615,0.7070829848886273,defined,-0.04622707160052787,sensitivity_only
id:x%3A0x1.0000000000000p%2B1,62,1.342,2.17944,2.1467536242300387,0.7070829848886273,defined,0.04622707160052787,sensitivity_only
id:x%3A0x1.0000000000000p%2B1,63,1.364,2.18648,2.2191663757699613,0.7070829848886273,defined,-0.04622707160052787,sensitivity_only
id:x%3A0x1.0000000000000p%2B1,64,1.386,2.19352,2.1608336242300386,0.7070829848886273,defined,0.04622707160052787,sensitivity_only
id:x%3A0x1.0000000000000p%2B1,65,1.408,2.20056,2.233246375769961,0.7070829848886273,defined,-0.04622707160052787,sensitivity_only
id:x%3A0x1.0000000000000p%2B1,66,1.43,2.2076000000000002,2.174913624230039,0.7070829848886273,defined,0.04622707160052787,sensitivity_only
id:x%3A0x1.0000000000000p%2B1,67,1.452,2.21464,2.2473263757699615,0.7070829848886273,defined,-0.04622707160052787,sensitivity_only
id:x%3A0x1.0000000000000p%2B1,68,1.474,2.22168,2.1889936242300387,0.7070829848886273,defined,0.04622707160052787,sensitivity_only
id:x%3A0x1.0000000000000p%2B1,69,1.496,2.22872,2.2614063757699614,0.7070829848886273,defined,-0.04622707160052787,sensitivity_only
id:x%3A0x1.0000000000000p%2B1,70,1.518,2.23576,2.1991823890193287,0.7912595307087035,defined,0.04622707160052787,sensitivity_only
id:x%3A0x1.0000000000000p%2B1,71,1.54,2.2428,2.279377610980671,0.7912595307087035,defined,-0.04622707160052787,sensitivity_only
id:x%3A0x1.0000000000000p%2B1,72,1.562,2.24984,2.2132623890193286,0.7912595307087035,defined,0.04622707160052787,sensitivity_only
id:x%3A0x1.0000000000000p%2B1,73,1.584,2.2568799999999998,2.293457610980671,0.7912595307087035,defined,-0.04622707160052787,sensitivity_only
id:x%3A0x1.0000000000000p%2B1,74,1.606,2.26392,2.227342389019329,0.7912595307087035,defined,0.04622707160052787,sensitivity_only
id:x%3A0x1.0000000000000p%2B1,75,1.628,2.27096,2.3075376109806713,0.7912595307087035,defined,-0.04622707160052787,sensitivity_only
id:x%3A0x1.0000000000000p%2B1,76,1.65,2.278,2.2414223890193288,0.7912595307087035,defined,0.04622707160052787,sensitivity_only
id:x%3A0x1.0000000000000p%2B1,77,1.672,2.28504,2.321617610980671,0.7912595307087035,defined,-0.04622707160052787,sensitivity_only
id:x%3A0x1.0000000000000p%2B1,78,1.694,2.29208,2.2555023890193286,0.7912595307087035,defined,0.04622707160052787,sensitivity_only
id:x%3A0x1.0000000000000p%2B1,79,1.716,2.2991200000000003,2.3356976109806715,0.7912595307087035,defined,-0.04622707160052787,sensitivity_only
id:x%3A0x1.0000000000000p%2B1,80,1.738,2.30616,2.269582389019329,0.7912595307087035,defined,0.04622707160052787,sensitivity_only
id:x%3A0x1.0000000000000p%2B1,81,1.76,2.3132,2.3497776109806714,0.7912595307087035,defined,-0.04622707160052787,sensitivity_only
id:x%3A0x1.0000000000000p%2B1,82,1.782,2.32024,2.283662389019329,0.7912595307087035,defined,0.04622707160052787,sensitivity_only
id:x%3A0x1.0000000000000p%2B1,83,1.804,2.32728,2.3638576109806713,0.7912595307087035,defined,-0.04622707160052787,sensitivity_only
id:x%3A0x1.0000000000000p%2B1,84,1.826,2.33432,2.2977423890193287,0.7912595307087035,defined,0.04622707160052787,sensitivity_only
id:x%3A0x1.0000000000000p%2B1,85,1.848,2.34136,2.377937610980671,0.7912595307087035,defined,-0.04622707160052787,sensitivity_only
id:x%3A0x1.0000000000000p%2B1,86,1.87,2.3484,2.3118223890193286,0.7912595307087035,defined,0.04622707160052787,sensitivity_only
id:x%3A0x1.0000000000000p%2B1,87,1.892,2.3554399999999998,2.392017610980671,0.7912595307087035,defined,-0.04622707160052787,sensitivity_only
id:x%3A0x1.0000000000000p%2B1,88,1.914,2.36248,2.325902389019329,0.7912595307087035,defined,0.04622707160052787,sensitivity_only
id:x%3A0x1.0000000000000p%2B1,89,1.936,2.36952,2.4060976109806713,0.7912595307087035,defined,-0.04622707160052787,sensitivity_only
id:x%3A0x1.0000000000000p%2B1,90,1.958,2.37656,2.3399823890193288,0.7912595307087035,defined,0.04622707160052787,sensitivity_only
id:x%3A0x1.0000000000000p%2B1,91,1.98,2.3836,2.420177610980671,0.7912595307087035,defined,-0.04622707160052787,sensitivity_only
id:x%3A0x1.0000000000000p%2B1,92,2.0,2.39,2.353422389019329,0.7912595307087035,defined,0.04622707160052787,sensitivity_only
id:x%3A0x1.0000000000000p%2B1,93,2.002,2.39064,2.427217610980671,0.7912595307087035,defined,-0.04622707160052787,sensitivity_only
id:x%3A0x1.0000000000000p%2B1,94,2.024,2.3976800000000003,2.361102389019329,0.7912595307087035,defined,0.04622707160052787,sensitivity_only
id:x%3A0x1.0000000000000p%2B1,95,2.046,2.40472,2.4412976109806714,0.7912595307087035,defined,-0.04622707160052787,sensitivity_only
id:x%3A0x1.0000000000000p%2B1,96,2.068,2.41176,2.375182389019329,0.7912595307087035,defined,0.04622707160052787,sensitivity_only
id:x%3A0x1.0000000000000p%2B1,97,2.09,2.4188,2.4553776109806713,0.7912595307087035,defined,-0.04622707160052787,sensitivity_only
id:x%3A0x1.0000000000000p%2B1,98,2.112,2.42584,2.3892623890193287,0.7912595307087035,defined,0.04622707160052787,sensitivity_only
id:x%3A0x1.0000000000000p%2B1,99,2.134,2.43288,2.469457610980671,0.7912595307087035,defined,-0.04622707160052787,sensitivity_only
id:x%3A0x1.0000000000000p%2B1,100,2.156,2.43992,2.4033423890193286,0.7912595307087035,defined,0.04622707160052787,sensitivity_only
id:x%3A0x1.0000000000000p%2B1,101,2.178,2.44696,2.483537610980671,0.7912595307087035,defined,-0.04622707160052787,sensitivity_only
id:x%3A0x1.0000000000000p%2B1,102,2.2,2.454,2.417422389019329,0.7912595307087035,defined,0.04622707160052787,sensitivity_only
id:x%3A0x1.0000000000000p%2B1,103,2.222,2.46104,2.4976176109806714,0.7912595307087035,defined,-0.04622707160052787,sensitivity_only
id:x%3A0x1.0000000000000p%2B1,104,2.244,2.46808,2.431502389019329,0.7912595307087035,defined,0.04622707160052787,sensitivity_only
id:x%3A0x1.0000000000000p%2B1,105,2.266,2.47512,2.5116976109806712,0.7912595307087035,defined,-0.04622707160052787,sensitivity_only
id:x%3A0x1.0000000000000p%2B1,106,2.288,2.48216,2.4455823890193287,0.7912595307087035,defined,0.04622707160052787,sensitivity_only
id:x%3A0x1.0000000000000p%2B1,107,2.31,2.4892000000000003,2.5257776109806716,0.7912595307087035,defined,-0.04622707160052787,sensitivity_only
id:x%3A0x1.0000000000000p%2B1,108,2.332,2.4962400000000002,2.459662389019329,0.7912595307087035,defined,0.04622707160052787,sensitivity_only
id:x%3A0x1.0000000000000p%2B1,109,2.354,2.50328,2.5398576109806714,0.7912595307087035,defined,-0.04622707160052787,sensitivity_only
id:x%3A0x1.0000000000000p%2B1,110,2.376,2.51032,2.473742389019329,0.7912595307087035,defined,0.04622707160052787,sensitivity_only
id:x%3A0x1.0000000000000p%2B1,111,2.398,2.51736,2.5539376109806713,0.7912595307087035,defined,-0.04622707160052787,sensitivity_only
id:x%3A0x1.0000000000000p%2B1,112,2.42,2.5244,2.4878223890193287,0.7912595307087035,defined,0.04622707160052787,sensitivity_only
id:x%3A0x1.0000000000000p%2B1,113,2.442,2.53144,2.568017610980671,0.7912595307087035,defined,-0.04622707160052787,sensitivity_only
id:x%3A0x1.0000000000000p%2B1,114,2.464,2.53848,2.5019023890193286,0.7912595307087035,defined,0.04622707160052787,sensitivity_only
id:x%3A0x1.0000000000000p%2B1,115,2.486,2.5455200000000002,2.5820976109806715,0.7912595307087035,defined,-0.04622707160052787,sensitivity_only
id:x%3A0x1.0000000000000p%2B1,116,2.508,2.55256,2.5134179217225103,0.8467349741670217,defined,0.04622707160052787,sensitivity_only
id:x%3A0x1.0000000000000p%2B1,117,2.53,2.5596,2.59874207827749,0.8467349741670217,defined,-0.04622707160052787,sensitivity_only
id:x%3A0x1.0000000000000p%2B1,118,2.552,2.56664,2.52749792172251,0.8467349741670217,defined,0.04622707160052787,sensitivity_only
id:x%3A0x1.0000000000000p%2B1,119,2.574,2.57368,2.61282207827749,0.8467349741670217,defined,-0.04622707160052787,sensitivity_only
id:x%3A0x1.0000000000000p%2B1,120,2.596,2.58072,2.54157792172251,0.8467349741670217,defined,0.04622707160052787,sensitivity_only
id:x%3A0x1.0000000000000p%2B1,121,2.618,2.58776,2.6269020782774897,0.8467349741670217,defined,-0.04622707160052787,sensitivity_only
id:x%3A0x1.0000000000000p%2B1,122,2.64,2.5948,2.5556579217225104,0.8467349741670217,defined,0.04622707160052787,sensitivity_only
id:x%3A0x1.0000000000000p%2B1,123,2.662,2.60184,2.64098207827749,0.8467349741670217,defined,-0.04622707160052787,sensitivity_only
id:x%3A0x1.0000000000000p%2B1,124,2.684,2.60888,2.5697379217225103,0.8467349741670217,defined,0.04622707160052787,sensitivity_only
id:x%3A0x1.0000000000000p%2B1,125,2.706,2.61592,2.65506207827749,0.8467349741670217,defined,-0.04622707160052787,sensitivity_only
id:x%3A0x1.0000000000000p%2B1,126,2.728,2.62296,2.58381792172251,0.8467349741670217,defined,0.04622707160052787,sensitivity_only
id:x%3A0x1.0000000000000p%2B1,127,2.75,2.63,2.6691420782774897,0.8467349741670217,defined,-0.04622707160052787,sensitivity_only
id:x%3A0x1.0000000000000p%2B1,128,2.772,2.63704,2.59789792172251,0.8467349741670217,defined,0.04622707160052787,sensitivity_only
id:x%3A0x1.0000000000000p%2B1,129,2.794,2.6440799999999998,2.6832220782774896,0.8467349741670217,defined,-0.04622707160052787,sensitivity_only
id:x%3A0x1.0000000000000p%2B1,130,2.816,2.6511199999999997,2.61197792172251,0.8467349741670217,defined,0.04622707160052787,sensitivity_only
id:x%3A0x1.0000000000000p%2B1,131,2.838,2.65816,2.69730207827749,0.8467349741670217,defined,-0.04622707160052787,sensitivity_only
id:x%3A0x1.0000000000000p%2B1,132,2.86,2.6652,2.62605792172251,0.8467349741670217,defined,0.04622707160052787,sensitivity_only
id:x%3A0x1.0000000000000p%2B1,133,2.882,2.67224,2.71138207827749,0.8467349741670217,defined,-0.04622707160052787,sensitivity_only
id:x%3A0x1.0000000000000p%2B1,134,2.904,2.67928,2.64013792172251,0.8467349741670217,defined,0.04622707160052787,sensitivity_only
id:x%3A0x1.0000000000000p%2B1,135,2.926,2.6863200000000003,2.72546207827749,0.8467349741670217,defined,-0.04622707160052787,sensitivity_only
id:x%3A0x1.0000000000000p%2B1,136,2.948,2.69336,2.6542179217225104,0.8467349741670217,defined,0.04622707160052787,sensitivity_only
id:x%3A0x1.0000000000000p%2B1,137,2.97,2.7004,2.73954207827749,0.8467349741670217,defined,-0.04622707160052787,sensitivity_only
id:x%3A0x1.0000000000000p%2B1,138,2.992,2.70744,2.6682979217225102,0.8467349741670217,defined,0.04622707160052787,sensitivity_only
id:x%3A0x1.0000000000000p%2B1,139,3.0,2.71,2.74914207827749,0.8467349741670217,defined,-0.04622707160052787,sensitivity_only
id:x%3A0x1.0000000000000p%2B1,140,3.014,2.71448,2.67533792172251,0.8467349741670217,defined,0.04622707160052787,sensitivity_only
id:x%3A0x1.0000000000000p%2B1,141,3.036,2.72152,2.7606620782774898,0.8467349741670217,defined,-0.04622707160052787,sensitivity_only
id:x%3A0x1.0000000000000p%2B1,142,3.058,2.72856,2.68941792172251,0.8467349741670217,defined,0.04622707160052787,sensitivity_only
id:x%3A0x1.0000000000000p%2B1,143,3.08,2.7356,2.7747420782774896,0.8467349741670217,defined,-0.04622707160052787,sensitivity_only
id:x%3A0x1.0000000000000p%2B1,144,3.102,2.7426399999999997,2.70349792172251,0.8467349741670217,defined,0.04622707160052787,sensitivity_only
id:x%3A0x1.0000000000000p%2B1,145,3.124,2.74968,2.78882207827749,0.8467349741670217,defined,-0.04622707160052787,sensitivity_only
id:x%3A0x1.0000000000000p%2B1,146,3.146,2.75672,2.7175779217225102,0.8467349741670217,defined,0.04622707160052787,sensitivity_only
id:x%3A0x1.0000000000000p%2B1,147,3.168,2.76376,2.80290207827749,0.8467349741670217,defined,-0.04622707160052787,sensitivity_only
id:x%3A0x1.0000000000000p%2B1,148,3.19,2.7708,2.73165792172251,0.8467349741670217,defined,0.04622707160052787,sensitivity_only
id:x%3A0x1.0000000000000p%2B1,149,3.212,2.7778400000000003,2.81698207827749,0.8467349741670217,defined,-0.04622707160052787,sensitivity_only
id:x%3A0x1.0000000000000p%2B1,150,3.234,2.7848800000000002,2.7457379217225104,0.8467349741670217,defined,0.04622707160052787,sensitivity_only
id:x%3A0x1.0000000000000p%2B1,151,3.256,2.79192,2.83106207827749,0.8467349741670217,defined,-0.04622707160052787,sensitivity_only
id:x%3A0x1.0000000000000p%2B1,152,3.278,2.79896,2.7598179217225103,0.8467349741670217,defined,0.04622707160052787,sensitivity_only
id:x%3A0x1.0000000000000p%2B1,153,3.3,2.806,2.84514207827749,0.8467349741670217,defined,-0.04622707160052787,sensitivity_only
id:x%3A0x1.0000000000000p%2B1,154,3.322,2.81304,2.77389792172251,0.8467349741670217,defined,0.04622707160052787,sensitivity_only
id:x%3A0x1.0000000000000p%2B1,155,3.344,2.82008,2.8592220782774898,0.8467349741670217,defined,-0.04622707160052787,sensitivity_only
id:x%3A0x1.0000000000000p%2B1,156,3.366,2.82712,2.78797792172251,0.8467349741670217,defined,0.04622707160052787,sensitivity_only
id:x%3A0x1.0000000000000p%2B1,157,3.388,2.83416,2.8733020782774896,0.8467349741670217,defined,-0.04622707160052787,sensitivity_only
id:x%3A0x1.0000000000000p%2B1,158,3.41,2.8412,2.8020579217225103,0.8467349741670217,defined,0.04622707160052787,sensitivity_only
id:x%3A0x1.0000000000000p%2B1,159,3.432,2.84824,2.88738207827749,0.8467349741670217,defined,-0.04622707160052787,sensitivity_only
id:x%3A0x1.0000000000000p%2B1,160,3.454,2.85528,2.81613792172251,0.8467349741670217,defined,0.04622707160052787,sensitivity_only
id:x%3A0x1.0000000000000p%2B1,161,3.476,2.86232,2.90146207827749,0.8467349741670217,defined,-0.04622707160052787,sensitivity_only
id:x%3A0x1.0000000000000p%2B1,162,3.498,2.8693600000000004,2.8302179217225105,0.8467349741670217,defined,0.04622707160052787,sensitivity_only
id:x%3A0x1.0000000000000p%2B1,163,3.52,2.8764000000000003,2.91554207827749,0.8467349741670217,defined,-0.04622707160052787,sensitivity_only
id:x%3A0x1.0000000000000p%2B1,164,3.542,2.8834400000000002,2.8442979217225104,0.8467349741670217,defined,0.04622707160052787,sensitivity_only
id:x%3A0x1.0000000000000p%2B1,165,3.564,2.89048,2.92962207827749,0.8467349741670217,defined,-0.04622707160052787,sensitivity_only
id:x%3A0x1.0000000000000p%2B1,166,3.586,2.89752,2.8583779217225103,0.8467349741670217,defined,0.04622707160052787,sensitivity_only
id:x%3A0x1.0000000000000p%2B1,167,3.608,2.90456,2.94370207827749,0.8467349741670217,defined,-0.04622707160052787,sensitivity_only
id:x%3A0x1.0000000000000p%2B1,168,3.63,2.9116,2.87245792172251,0.8467349741670217,defined,0.04622707160052787,sensitivity_only
id:x%3A0x1.0000000000000p%2B1,169,3.652,2.91864,2.9577820782774897,0.8467349741670217,defined,-0.04622707160052787,sensitivity_only
id:x%3A0x1.0000000000000p%2B1,170,3.674,2.92568,2.88653792172251,0.8467349741670217,defined,0.04622707160052787,sensitivity_only
id:x%3A0x1.0000000000000p%2B1,171,3.696,2.9327199999999998,2.9718620782774896,0.8467349741670217,defined,-0.04622707160052787,sensitivity_only
id:x%3A0x1.0000000000000p%2B1,172,3.718,2.9397599999999997,2.90061792172251,0.8467349741670217,defined,0.04622707160052787,sensitivity_only
id:x%3A0x1.0000000000000p%2B1,173,3.74,2.9468,2.98594207827749,0.8467349741670217,defined,-0.04622707160052787,sensitivity_only
id:x%3A0x1.0000000000000p%2B1,174,3.762,2.95384,2.91469792172251,0.8467349741670217,defined,0.04622707160052787,sensitivity_only
id:x%3A0x1.0000000000000p%2B1,175,3.784,2.96088,3.00002207827749,0.8467349741670217,defined,-0.04622707160052787,sensitivity_only
id:x%3A0x1.0000000000000p%2B1,176,3.806,2.9679200000000003,2.9287779217225105,0.8467349741670217,defined,0.04622707160052787,sensitivity_only
id:x%3A0x1.0000000000000p%2B1,177,3.828,2.9749600000000003,3.01410207827749,0.8467349741670217,defined,-0.04622707160052787,sensitivity_only
id:x%3A0x1.0000000000000p%2B1,178,3.85,2.982,2.9428579217225104,0.8467349741670217,defined,0.04622707160052787,sensitivity_only
id:x%3A0x1.0000000000000p%2B1,179,3.872,2.98904,3.02818207827749,0.8467349741670217,defined,-0.04622707160052787,sensitivity_only
id:x%3A0x1.0000000000000p%2B1,180,3.894,2.99608,2.9569379217225102,0.8467349741670217,defined,0.04622707160052787,sensitivity_only
id:x%3A0x1.0000000000000p%2B1,181,3.916,3.00312,3.04226207827749,0.8467349741670217,defined,-0.04622707160052787,sensitivity_only
id:x%3A0x1.0000000000000p%2B1,182,3.938,3.01016,2.97101792172251,0.8467349741670217,defined,0.04622707160052787,sensitivity_only
id:x%3A0x1.0000000000000p%2B1,183,3.96,3.0172,3.0563420782774897,0.8467349741670217,defined,-0.04622707160052787,sensitivity_only
id:x%3A0x1.0000000000000p%2B1,184,3.982,3.02424,2.98509792172251,0.8467349741670217,defined,0.04622707160052787,sensitivity_only
id:x%3A0x1.0000000000000p%2B1,185,4.0,3.0300000000000002,3.06914207827749,0.8467349741670217,defined,-0.04622707160052787,sensitivity_only
id:x%3A0x1.0000000000000p%2B1,186,4.004,3.0312799999999998,2.99213792172251,0.8467349741670217,defined,0.04622707160052787,sensitivity_only
id:x%3A0x1.0000000000000p%2B1,187,4.026,3.0383199999999997,3.0774620782774895,0.8467349741670217,defined,-0.04622707160052787,sensitivity_only
id:x%3A0x1.0000000000000p%2B1,188,4.048,3.04536,3.0062179217225102,0.8467349741670217,defined,0.04622707160052787,sensitivity_only
id:x%3A0x1.0000000000000p%2B1,189,4.07,3.0524000000000004,3.0915420782774903,0.8467349741670217,defined,-0.04622707160052787,sensitivity_only
id:x%3A0x1.0000000000000p%2B1,190,4.092,3.05944,3.02029792172251,0.8467349741670217,defined,0.04622707160052787,sensitivity_only
id:x%3A0x1.0000000000000p%2B1,191,4.114,3.0664800000000003,3.10562207827749,0.8467349741670217,defined,-0.04622707160052787,sensitivity_only
id:x%3A0x1.0000000000000p%2B1,192,4.136,3.0735200000000003,3.0343779217225104,0.8467349741670217,defined,0.04622707160052787,sensitivity_only
id:x%3A0x1.0000000000000p%2B1,193,4.158,3.08056,3.11970207827749,0.8467349741670217,defined,-0.04622707160052787,sensitivity_only
id:x%3A0x1.0000000000000p%2B1,194,4.18,3.0876,3.0484579217225103,0.8467349741670217,defined,0.04622707160052787,sensitivity_only
id:x%3A0x1.0000000000000p%2B1,195,4.202,3.09464,3.13378207827749,0.8467349741670217,defined,-0.04622707160052787,sensitivity_only
id:x%3A0x1.0000000000000p%2B1,196,4.224,3.10168,3.06253792172251,0.8467349741670217,defined,0.04622707160052787,sensitivity_only
id:x%3A0x1.0000000000000p%2B1,197,4.246,3.10872,3.1478620782774898,0.8467349741670217,defined,-0.04622707160052787,sensitivity_only
id:x%3A0x1.0000000000000p%2B1,198,4.268,3.11576,3.07661792172251,0.8467349741670217,defined,0.04622707160052787,sensitivity_only
id:x%3A0x1.0000000000000p%2B1,199,4.29,3.1228,3.1619420782774896,0.8467349741670217,defined,-0.04622707160052787,sensitivity_only
id:x%3A0x1.0000000000000p%2B1,200,4.312,3.12984,3.0906979217225103,0.8467349741670217,defined,0.04622707160052787,sensitivity_only
id:x%3A0x1.0000000000000p%2B1,201,4.334,3.1368799999999997,3.1760220782774895,0.8467349741670217,defined,-0.04622707160052787,sensitivity_only
id:x%3A0x1.0000000000000p%2B1,202,4.356,3.14392,3.10477792172251,0.8467349741670217,defined,0.04622707160052787,sensitivity_only
id:x%3A0x1.0000000000000p%2B1,203,4.378,3.15096,3.19010207827749,0.8467349741670217,defined,-0.04622707160052787,sensitivity_only
id:x%3A0x1.0000000000000p%2B1,204,4.4,3.1580000000000004,3.1188579217225105,0.8467349741670217,defined,0.04622707160052787,sensitivity_only
id:x%3A0x1.0000000000000p%2B1,205,4.422,3.16504,3.2041820782774897,0.8467349741670217,defined,-0.04622707160052787,sensitivity_only
id:x%3A0x1.0000000000000p%2B1,206,4.444,3.1720800000000002,3.1329379217225104,0.8467349741670217,defined,0.04622707160052787,sensitivity_only
id:x%3A0x1.0000000000000p%2B1,207,4.466,3.17912,3.21826207827749,0.8467349741670217,defined,-0.04622707160052787,sensitivity_only
id:x%3A0x1.0000000000000p%2B1,208,4.488,3.18616,3.1470179217225103,0.8467349741670217,defined,0.04622707160052787,sensitivity_only
id:x%3A0x1.0000000000000p%2B1,209,4.51,3.1932,3.2297776109806713,0.7912595307087035,defined,-0.04622707160052787,sensitivity_only
id:x%3A0x1.0000000000000p%2B1,210,4.532,3.20024,3.1636623890193287,0.7912595307087035,defined,0.04622707160052787,sensitivity_only
id:x%3A0x1.0000000000000p%2B1,211,4.554,3.20728,3.243857610980671,0.7912595307087035,defined,-0.04622707160052787,sensitivity_only
id:x%3A0x1.0000000000000p%2B1,212,4.576,3.21432,3.1777423890193286,0.7912595307087035,defined,0.04622707160052787,sensitivity_only
id:x%3A0x1.0000000000000p%2B1,213,4.598,3.22136,3.257937610980671,0.7912595307087035,defined,-0.04622707160052787,sensitivity_only
id:x%3A0x1.0000000000000p%2B1,214,4.62,3.2284,3.191822389019329,0.7912595307087035,defined,0.04622707160052787,sensitivity_only
id:x%3A0x1.0000000000000p%2B1,215,4.642,3.23544,3.2720176109806713,0.7912595307087035,defined,-0.04622707160052787,sensitivity_only
id:x%3A0x1.0000000000000p%2B1,216,4.664,3.24248,3.205902389019329,0.7912595307087035,defined,0.04622707160052787,sensitivity_only
id:x%3A0x1.0000000000000p%2B1,217,4.686,3.24952,3.286097610980671,0.7912595307087035,defined,-0.04622707160052787,sensitivity_only
id:x%3A0x1.0000000000000p%2B1,218,4.708,3.2565600000000003,3.219982389019329,0.7912595307087035,defined,0.04622707160052787,sensitivity_only
id:x%3A0x1.0000000000000p%2B1,219,4.73,3.2636000000000003,3.3001776109806715,0.7912595307087035,defined,-0.04622707160052787,sensitivity_only
id:x%3A0x1.0000000000000p%2B1,220,4.752,3.27064,3.234062389019329,0.7912595307087035,defined,0.04622707160052787,sensitivity_only
id:x%3A0x1.0000000000000p%2B1,221,4.774,3.27768,3.3142576109806714,0.7912595307087035,defined,-0.04622707160052787,sensitivity_only
id:x%3A0x1.0000000000000p%2B1,222,4.796,3.28472,3.248142389019329,0.7912595307087035,defined,0.04622707160052787,sensitivity_only
id:x%3A0x1.0000000000000p%2B1,223,4.818,3.29176,3.3283376109806713,0.7912595307087035,defined,-0.04622707160052787,sensitivity_only
id:x%3A0x1.0000000000000p%2B1,224,4.84,3.2988,3.2622223890193287,0.7912595307087035,defined,0.04622707160052787,sensitivity_only
id:x%3A0x1.0000000000000p%2B1,225,4.862,3.30584,3.342417610980671,0.7912595307087035,defined,-0.04622707160052787,sensitivity_only
id:x%3A0x1.0000000000000p%2B1,226,4.884,3.31288,3.2763023890193286,0.7912595307087035,defined,0.04622707160052787,sensitivity_only
id:x%3A0x1.0000000000000p%2B1,227,4.906,3.3199199999999998,3.356497610980671,0.7912595307087035,defined,-0.04622707160052787,sensitivity_only
id:x%3A0x1.0000000000000p%2B1,228,4.928,3.3269599999999997,3.2903823890193284,0.7912595307087035,defined,0.04622707160052787,sensitivity_only
id:x%3A0x1.0000000000000p%2B1,229,4.95,3.334,3.3705776109806713,0.7912595307087035,defined,-0.04622707160052787,sensitivity_only
id:x%3A0x1.0000000000000p%2B1,230,4.972,3.3410400000000005,3.304462389019329,0.7912595307087035,defined,0.04622707160052787,sensitivity_only
id:x%3A0x1.0000000000000p%2B1,231,4.994,3.34808,3.384657610980671,0.7912595307087035,defined,-0.04622707160052787,sensitivity_only
id:x%3A0x1.0000000000000p%2B1,232,5.0,3.35,3.313422389019329,0.7912595307087035,defined,0.04622707160052787,sensitivity_only
id:x%3A0x1.0000000000000p%2B1,233,5.016,3.3551200000000003,3.3916976109806716,0.7912595307087035,defined,-0.04622707160052787,sensitivity_only
id:x%3A0x1.0000000000000p%2B1,234,5.038,3.3621600000000003,3.325582389019329,0.7912595307087035,defined,0.04622707160052787,sensitivity_only
id:x%3A0x1.0000000000000p%2B1,235,5.06,3.3692,3.4057776109806714,0.7912595307087035,defined,-0.04622707160052787,sensitivity_only
id:x%3A0x1.0000000000000p%2B1,236,5.082,3.37624,3.339662389019329,0.7912595307087035,defined,0.04622707160052787,sensitivity_only
id:x%3A0x1.0000000000000p%2B1,237,5.104,3.38328,3.4198576109806713,0.7912595307087035,defined,-0.04622707160052787,sensitivity_only
id:x%3A0x1.0000000000000p%2B1,238,5.126,3.39032,3.3537423890193288,0.7912595307087035,defined,0.04622707160052787,sensitivity_only
id:x%3A0x1.0000000000000p%2B1,239,5.148,3.39736,3.433937610980671,0.7912595307087035,defined,-0.04622707160052787,sensitivity_only
id:x%3A0x1.0000000000000p%2B1,240,5.17,3.4044,3.3678223890193286,0.7912595307087035,defined,0.04622707160052787,sensitivity_only
id:x%3A0x1.0000000000000p%2B1,241,5.192,3.41144,3.448017610980671,0.7912595307087035,defined,-0.04622707160052787,sensitivity_only
id:x%3A0x1.0000000000000p%2B1,242,5.214,3.41848,3.381902389019329,0.7912595307087035,defined,0.04622707160052787,sensitivity_only
id:x%3A0x1.0000000000000p%2B1,243,5.236,3.4255199999999997,3.462097610980671,0.7912595307087035,defined,-0.04622707160052787,sensitivity_only
id:x%3A0x1.0000000000000p%2B1,244,5.258,3.43256,3.395982389019329,0.7912595307087035,defined,0.04622707160052787,sensitivity_only
id:x%3A0x1.0000000000000p%2B1,245,5.28,3.4396000000000004,3.4761776109806717,0.7912595307087035,defined,-0.04622707160052787,sensitivity_only
id:x%3A0x1.0000000000000p%2B1,246,5.302,3.44664,3.4100623890193287,0.7912595307087035,defined,0.04622707160052787,sensitivity_only
id:x%3A0x1.0000000000000p%2B1,247,5.324,3.4536800000000003,3.4902576109806716,0.7912595307087035,defined,-0.04622707160052787,sensitivity_only
id:x%3A0x1.0000000000000p%2B1,248,5.346,3.4607200000000002,3.424142389019329,0.7912595307087035,defined,0.04622707160052787,sensitivity_only
id:x%3A0x1.0000000000000p%2B1,249,5.368,3.46776,3.5043376109806714,0.7912595307087035,defined,-0.04622707160052787,sensitivity_only
id:x%3A0x1.0000000000000p%2B1,250,5.39,3.4748,3.438222389019329,0.7912595307087035,defined,0.04622707160052787,sensitivity_only
id:x%3A0x1.0000000000000p%2B1,251,5.412,3.48184,3.5184176109806713,0.7912595307087035,defined,-0.04622707160052787,sensitivity_only
id:x%3A0x1.0000000000000p%2B1,252,5.434,3.48888,3.4523023890193287,0.7912595307087035,defined,0.04622707160052787,sensitivity_only
id:x%3A0x1.0000000000000p%2B1,253,5.456,3.49592,3.532497610980671,0.7912595307087035,defined,-0.04622707160052787,sensitivity_only
id:x%3A0x1.0000000000000p%2B1,254,5.478,3.50296,3.4663823890193286,0.7912595307087035,defined,0.04622707160052787,sensitivity_only
id:x%3A0x1.0000000000000p%2B1,255,5.5,3.51,3.546577610980671,0.7912595307087035,defined,-0.04622707160052787,sensitivity_only
id:x%3A0x1.0000000000000p%2B1,256,5.522,3.53156,3.4959675550258456,0.7699480789466207,defined,0.04622707160052787,sensitivity_only
id:x%3A0x1.0000000000000p%2B1,257,5.544,3.5531199999999994,3.5887124449741536,0.7699480789466207,defined,-0.04622707160052787,sensitivity_only
id:x%3A0x1.0000000000000p%2B1,258,5.566,3.5746799999999994,3.539087555025845,0.7699480789466207,defined,0.04622707160052787,sensitivity_only
id:x%3A0x1.0000000000000p%2B1,259,5.588,3.59624,3.631832444974154,0.7699480789466207,defined,-0.04622707160052787,sensitivity_only
id:x%3A0x1.0000000000000p%2B1,260,5.61,3.6178,3.5822075550258456,0.7699480789466207,defined,0.04622707160052787,sensitivity_only
id:x%3A0x1.0000000000000p%2B1,261,5.632,3.6393599999999995,3.6749524449741537,0.7699480789466207,defined,-0.04622707160052787,sensitivity_only
id:x%3A0x1.0000000000000p%2B1,262,5.654,3.6609199999999995,3.6253275550258452,0.7699480789466207,defined,0.04622707160052787,sensitivity_only
id:x%3A0x1.0000000000000p%2B1,263,5.676,3.68248,3.7180724449741542,0.7699480789466207,defined,-0.04622707160052787,sensitivity_only
id:x%3A0x1.0000000000000p%2B1,264,5.698,3.70404,3.6684475550258457,0.7699480789466207,defined,0.04622707160052787,sensitivity_only
id:x%3A0x1.0000000000000p%2B1,265,5.72,3.7255999999999996,3.761192444974154,0.7699480789466207,defined,-0.04622707160052787,sensitivity_only
id:x%3A0x1.0000000000000p%2B1,266,5.742,3.7471599999999996,3.7115675550258453,0.7699480789466207,defined,0.04622707160052787,sensitivity_only
id:x%3A0x1.0000000000000p%2B1,267,5.764,3.76872,3.8043124449741543,0.7699480789466207,defined,-0.04622707160052787,sensitivity_only
id:x%3A0x1.0000000000000p%2B1,268,5.786,3.790279999999999,3.754687555025845,0.7699480789466207,defined,0.04622707160052787,sensitivity_only
id:x%3A0x1.0000000000000p%2B1,269,5.808,3.8118399999999997,3.847432444974154,0.7699480789466207,defined,-0.04622707160052787,sensitivity_only
id:x%3A0x1.0000000000000p%2B1,270,5.83,3.8333999999999997,3.7978075550258454,0.7699480789466207,defined,0.04622707160052787,sensitivity_only
id:x%3A0x1.0000000000000p%2B1,271,5.852,3.85496,3.8905524449741544,0.7699480789466207,defined,-0.04622707160052787,sensitivity_only
id:x%3A0x1.0000000000000p%2B1,272,5.874,3.8765199999999993,3.840927555025845,0.7699480789466207,defined,0.04622707160052787,sensitivity_only
id:x%3A0x1.0000000000000p%2B1,273,5.896,3.8980799999999998,3.933672444974154,0.7699480789466207,defined,-0.04622707160052787,sensitivity_only
id:x%3A0x1.0000000000000p%2B1,274,5.918,3.91964,3.8840475550258455,0.7699480789466207,defined,0.04622707160052787,sensitivity_only
id:x%3A0x1.0000000000000p%2B1,275,5.94,3.9412000000000003,3.9767924449741545,0.7699480789466207,defined,-0.04622707160052787,sensitivity_only
id:x%3A0x1.0000000000000p%2B1,276,5.962,3.9627599999999994,3.927167555025845,0.7699480789466207,defined,0.04622707160052787,sensitivity_only
id:x%3A0x1.0000000000000p%2B1,277,5.984,3.98432,4.019912444974154,0.7699480789466207,defined,-0.04622707160052787,sensitivity_only
id:x%3A0x1.0000000000000p%2B1,278,6.0,4.0,3.9644075550258457,0.7699480789466207,defined,0.04622707160052787,sensitivity_only
id:x%3A0x1.0000000000000p%2B1,279,6.006,4.00588,4.041472444974155,0.7699480789466207,defined,-0.04622707160052787,sensitivity_only
id:x%3A0x1.0000000000000p%2B1,280,6.028,4.0274399999999995,3.991847555025845,0.7699480789466207,defined,0.04622707160052787,sensitivity_only
id:x%3A0x1.0000000000000p%2B1,281,6.05,4.0489999999999995,4.084592444974154,0.7699480789466207,defined,-0.04622707160052787,sensitivity_only
id:x%3A0x1.0000000000000p%2B1,282,6.072,4.0705599999999995,4.034967555025845,0.7699480789466207,defined,0.04622707160052787,sensitivity_only
id:x%3A0x1.0000000000000p%2B1,283,6.094,4.09212,4.127712444974155,0.7699480789466207,defined,-0.04622707160052787,sensitivity_only
id:x%3A0x1.0000000000000p%2B1,284,6.116,4.11368,4.078087555025845,0.7699480789466207,defined,0.04622707160052787,sensitivity_only
id:x%3A0x1.0000000000000p%2B1,285,6.138,4.13524,4.170832444974154,0.7699480789466207,defined,-0.04622707160052787,sensitivity_only
id:x%3A0x1.0000000000000p%2B1,286,6.16,4.1568,4.121207555025845,0.7699480789466207,defined,0.04622707160052787,sensitivity_only
id:x%3A0x1.0000000000000p%2B1,287,6.182,4.1783600000000005,4.213952444974155,0.7699480789466207,defined,-0.04622707160052787,sensitivity_only
id:x%3A0x1.0000000000000p%2B1,288,6.204,4.19992,4.164327555025845,0.7699480789466207,defined,0.04622707160052787,sensitivity_only
id:x%3A0x1.0000000000000p%2B1,289,6.226,4.22148,4.257072444974154,0.7699480789466207,defined,-0.04622707160052787,sensitivity_only
id:x%3A0x1.0000000000000p%2B1,290,6.248,4.24304,4.207447555025845,0.7699480789466207,defined,0.04622707160052787,sensitivity_only
id:x%3A0x1.0000000000000p%2B1,291,6.27,4.2646,4.300192444974154,0.7699480789466207,defined,-0.04622707160052787,sensitivity_only
id:x%3A0x1.0000000000000p%2B1,292,6.292,4.28616,4.250567555025845,0.7699480789466207,defined,0.04622707160052787,sensitivity_only
id:x%3A0x1.0000000000000p%2B1,293,6.314,4.30772,4.3433124449741545,0.7699480789466207,defined,-0.04622707160052787,sensitivity_only
id:x%3A0x1.0000000000000p%2B1,294,6.336,4.32928,4.293687555025845,0.7699480789466207,defined,0.04622707160052787,sensitivity_only
id:x%3A0x1.0000000000000p%2B1,295,6.358,4.35084,4.3864324449741545,0.7699480789466207,defined,-0.04622707160052787,sensitivity_only
id:x%3A0x1.0000000000000p%2B1,296,6.38,4.3724,4.336807555025845,0.7699480789466207,defined,0.04622707160052787,sensitivity_only
id:x%3A0x1.0000000000000p%2B1,297,6.402,4.39396,4.429552444974155,0.7699480789466207,defined,-0.04622707160052787,sensitivity_only
id:x%3A0x1.0000000000000p%2B1,298,6.424,4.41552,4.379927555025845,0.7699480789466207,defined,0.04622707160052787,sensitivity_only
id:x%3A0x1.0000000000000p%2B1,299,6.446,4.43708,4.472672444974155,0.7699480789466207,defined,-0.04622707160052787,sensitivity_only
id:x%3A0x1.0000000000000p%2B1,300,6.468,4.45864,4.423047555025845,0.7699480789466207,defined,0.04622707160052787,sensitivity_only
id:x%3A0x1.0000000000000p%2B1,301,6.49,4.4802,4.515792444974155,0.7699480789466207,defined,-0.04622707160052787,sensitivity_only
id:x%3A0x1.0000000000000p%2B1,302,6.512,4.501759999999999,4.461984061158741,0.8604468650963308,defined,0.04622707160052787,sensitivity_only
id:x%3A0x1.0000000000000p%2B1,303,6.534,4.52332,4.563095938841258,0.8604468650963308,defined,-0.04622707160052787,sensitivity_only
id:x%3A0x1.0000000000000p%2B1,304,6.556,4.54488,4.505104061158742,0.8604468650963308,defined,0.04622707160052787,sensitivity_only
id:x%3A0x1.0000000000000p%2B1,305,6.578,4.56644,4.606215938841258,0.8604468650963308,defined,-0.04622707160052787,sensitivity_only
id:x%3A0x1.0000000000000p%2B1,306,6.6,4.587999999999999,4.5482240611587414,0.8604468650963308,defined,0.04622707160052787,sensitivity_only
id:x%3A0x1.0000000000000p%2B1,307,6.622,4.60956,4.649335938841258,0.8604468650963308,defined,-0.04622707160052787,sensitivity_only
id:x%3A0x1.0000000000000p%2B1,308,6.644,4.63112,4.591344061158742,0.8604468650963308,defined,0.04622707160052787,sensitivity_only
id:x%3A0x1.0000000000000p%2B1,309,6.666,4.65268,4.692455938841258,0.8604468650963308,defined,-0.04622707160052787,sensitivity_only
id:x%3A0x1.0000000000000p%2B1,310,6.688,4.674239999999999,4.6344640611587415,0.8604468650963308,defined,0.04622707160052787,sensitivity_only
id:x%3A0x1.0000000000000p%2B1,311,6.71,4.6958,4.735575938841258,0.8604468650963308,defined,-0.04622707160052787,sensitivity_only
id:x%3A0x1.0000000000000p%2B1,312,6.732,4.71736,4.6775840611587425,0.8604468650963308,defined,0.04622707160052787,sensitivity_only
id:x%3A0x1.0000000000000p%2B1,313,6.754,4.738919999999999,4.778695938841257,0.8604468650963308,defined,-0.04622707160052787,sensitivity_only
id:x%3A0x1.0000000000000p%2B1,314,6.776,4.760479999999999,4.720704061158742,0.8604468650963308,defined,0.04622707160052787,sensitivity_only
id:x%3A0x1.0000000000000p%2B1,315,6.798,4.78204,4.821815938841258,0.8604468650963308,defined,-0.04622707160052787,sensitivity_only
id:x%3A0x1.0000000000000p%2B1,316,6.82,4.8036,4.763824061158743,0.8604468650963308,defined,0.04622707160052787,sensitivity_only
id:x%3A0x1.0000000000000p%2B1,317,6.842,4.8251599999999994,4.864935938841257,0.8604468650963308,defined,-0.04622707160052787,sensitivity_only
id:x%3A0x1.0000000000000p%2B1,318,6.864,4.8467199999999995,4.806944061158742,0.8604468650963308,defined,0.04622707160052787,sensitivity_only
id:x%3A0x1.0000000000000p%2B1,319,6.886,4.86828,4.908055938841258,0.8604468650963308,defined,-0.04622707160052787,sensitivity_only
id:x%3A0x1.0000000000000p%2B1,320,6.908,4.88984,4.850064061158743,0.8604468650963308,defined,0.04622707160052787,sensitivity_only
id:x%3A0x1.0000000000000p%2B1,321,6.93,4.9113999999999995,4.951175938841257,0.8604468650963308,defined,-0.04622707160052787,sensitivity_only
id:x%3A0x1.0000000000000p%2B1,322,6.952,4.93296,4.893184061158742,0.8604468650963308,defined,0.04622707160052787,sensitivity_only
id:x%3A0x1.0000000000000p%2B1,323,6.974,4.9545200000000005,4.994295938841258,0.8604468650963308,defined,-0.04622707160052787,sensitivity_only
id:x%3A0x1.0000000000000p%2B1,324,6.996,4.9760800000000005,4.936304061158743,0.8604468650963308,defined,0.04622707160052787,sensitivity_only
id:x%3A0x1.0000000000000p%2B1,325,7.0,4.9799999999999995,5.019775938841257,0.8604468650963308,defined,-0.04622707160052787,sensitivity_only
id:x%3A0x1.0000000000000p%2B1,326,7.018,4.99764,4.957864061158742,0.8604468650963308,defined,0.04622707160052787,sensitivity_only
id:x%3A0x1.0000000000000p%2B1,327,7.04,5.0192,5.058975938841257,0.8604468650963308,defined,-0.04622707160052787,sensitivity_only
id:x%3A0x1.0000000000000p%2B1,328,7.062,5.040760000000001,5.000984061158743,0.8604468650963308,defined,0.04622707160052787,sensitivity_only
id:x%3A0x1.0000000000000p%2B1,329,7.084,5.06232,5.1020959388412574,0.8604468650963308,defined,-0.04622707160052787,sensitivity_only
id:x%3A0x1.0000000000000p%2B1,330,7.106,5.08388,5.044104061158742,0.8604468650963308,defined,0.04622707160052787,sensitivity_only
id:x%3A0x1.0000000000000p%2B1,331,7.128,5.10544,5.1452159388412575,0.8604468650963308,defined,-0.04622707160052787,sensitivity_only
id:x%3A0x1.0000000000000p%2B1,332,7.15,5.127,5.087224061158742,0.8604468650963308,defined,0.04622707160052787,sensitivity_only
id:x%3A0x1.0000000000000p%2B1,333,7.172,5.14856,5.1883359388412575,0.8604468650963308,defined,-0.04622707160052787,sensitivity_only
id:x%3A0x1.0000000000000p%2B1,334,7.194,5.17012,5.130344061158742,0.8604468650963308,defined,0.04622707160052787,sensitivity_only
id:x%3A0x1.0000000000000p%2B1,335,7.216,5.19168,5.231455938841258,0.8604468650963308,defined,-0.04622707160052787,sensitivity_only
id:x%3A0x1.0000000000000p%2B1,336,7.238,5.21324,5.173464061158742,0.8604468650963308,defined,0.04622707160052787,sensitivity_only
id:x%3A0x1.0000000000000p%2B1,337,7.26,5.2348,5.274575938841258,0.8604468650963308,defined,-0.04622707160052787,sensitivity_only
id:x%3A0x1.0000000000000p%2B1,338,7.282,5.25636,5.216584061158742,0.8604468650963308,defined,0.04622707160052787,sensitivity_only
id:x%3A0x1.0000000000000p%2B1,339,7.304,5.27792,5.317695938841258,0.8604468650963308,defined,-0.04622707160052787,sensitivity_only
id:x%3A0x1.0000000000000p%2B1,340,7.326,5.299479999999999,5.259704061158741,0.8604468650963308,defined,0.04622707160052787,sensitivity_only
id:x%3A0x1.0000000000000p%2B1,341,7.348,5.32104,5.360815938841258,0.8604468650963308,defined,-0.04622707160052787,sensitivity_only
id:x%3A0x1.0000000000000p%2B1,342,7.37,5.3426,5.302824061158742,0.8604468650963308,defined,0.04622707160052787,sensitivity_only
id:x%3A0x1.0000000000000p%2B1,343,7.392,5.36416,5.403935938841258,0.8604468650963308,defined,-0.04622707160052787,sensitivity_only
id:x%3A0x1.0000000000000p%2B1,344,7.414,5.385719999999999,5.345944061158741,0.8604468650963308,defined,0.04622707160052787,sensitivity_only
id:x%3A0x1.0000000000000p%2B1,345,7.436,5.40728,5.447055938841258,0.8604468650963308,defined,-0.04622707160052787,sensitivity_only
id:x%3A0x1.0000000000000p%2B1,346,7.458,5.42884,5.389064061158742,0.8604468650963308,defined,0.04622707160052787,sensitivity_only
id:x%3A0x1.0000000000000p%2B1,347,7.48,5.4504,5.490175938841258,0.8604468650963308,defined,-0.04622707160052787,sensitivity_only
id:x%3A0x1.0000000000000p%2B1,348,7.502,5.471959999999999,5.421433807417861,1.0930000718791255,defined,0.04622707160052787,sensitivity_only
id:x%3A0x1.0000000000000p%2B1,349,7.524,5.49352,5.5440461925821385,1.0930000718791255,defined,-0.04622707160052787,sensitivity_only
id:x%3A0x1.0000000000000p%2B1,350,7.546,5.51508,5.464553807417862,1.0930000718791255,defined,0.04622707160052787,sensitivity_only
id:x%3A0x1.0000000000000p%2B1,351,7.568,5.536639999999999,5.587166192582138,1.0930000718791255,defined,-0.04622707160052787,sensitivity_only
id:x%3A0x1.0000000000000p%2B1,352,7.59,5.558199999999999,5.507673807417861,1.0930000718791255,defined,0.04622707160052787,sensitivity_only
id:x%3A0x1.0000000000000p%2B1,353,7.612,5.57976,5.630286192582139,1.0930000718791255,defined,-0.04622707160052787,sensitivity_only
id:x%3A0x1.0000000000000p%2B1,354,7.634,5.60132,5.550793807417862,1.0930000718791255,defined,0.04622707160052787,sensitivity_only
id:x%3A0x1.0000000000000p%2B1,355,7.656,5.622879999999999,5.673406192582138,1.0930000718791255,defined,-0.04622707160052787,sensitivity_only
id:x%3A0x1.0000000000000p%2B1,356,7.678,5.6444399999999995,5.593913807417861,1.0930000718791255,defined,0.04622707160052787,sensitivity_only
id:x%3A0x1.0000000000000p%2B1,357,7.7,5.666,5.716526192582139,1.0930000718791255,defined,-0.04622707160052787,sensitivity_only
id:x%3A0x1.0000000000000p%2B1,358,7.722,5.6875599999999995,5.637033807417861,1.0930000718791255,defined,0.04622707160052787,sensitivity_only
id:x%3A0x1.0000000000000p%2B1,359,7.744,5.7091199999999995,5.759646192582138,1.0930000718791255,defined,-0.04622707160052787,sensitivity_only
id:x%3A0x1.0000000000000p%2B1,360,7.766,5.7306799999999996,5.680153807417861,1.0930000718791255,defined,0.04622707160052787,sensitivity_only
id:x%3A0x1.0000000000000p%2B1,361,7.788,5.7522400000000005,5.802766192582139,1.0930000718791255,defined,-0.04622707160052787,sensitivity_only
id:x%3A0x1.0000000000000p%2B1,362,7.81,5.7738,5.723273807417861,1.0930000718791255,defined,0.04622707160052787,sensitivity_only
id:x%3A0x1.0000000000000p%2B1,363,7.832,5.79536,5.845886192582138,1.0930000718791255,defined,-0.04622707160052787,sensitivity_only
id:x%3A0x1.0000000000000p%2B1,364,7.854,5.81692,5.766393807417861,1.0930000718791255,defined,0.04622707160052787,sensitivity_only
id:x%3A0x1.0000000000000p%2B1,365,7.876,5.838480000000001,5.889006192582139,1.0930000718791255,defined,-0.04622707160052787,sensitivity_only
id:x%3A0x1.0000000000000p%2B1,366,7.898,5.86004,5.809513807417861,1.0930000718791255,defined,0.04622707160052787,sensitivity_only
id:x%3A0x1.0000000000000p%2B1,367,7.92,5.8816,5.932126192582138,1.0930000718791255,defined,-0.04622707160052787,sensitivity_only
id:x%3A0x1.0000000000000p%2B1,368,7.942,5.90316,5.852633807417861,1.0930000718791255,defined,0.04622707160052787,sensitivity_only
id:x%3A0x1.0000000000000p%2B1,369,7.964,5.924720000000001,5.975246192582139,1.0930000718791255,defined,-0.04622707160052787,sensitivity_only
id:x%3A0x1.0000000000000p%2B1,370,7.986,5.94628,5.8957538074178615,1.0930000718791255,defined,0.04622707160052787,sensitivity_only
id:x%3A0x1.0000000000000p%2B1,371,8.0,5.96,6.010526192582138,1.0930000718791255,defined,-0.04622707160052787,sensitivity_only
id:x%3A0x1.0000000000000p%2B1,372,8.008,5.967839999999999,5.917313807417861,1.0930000718791255,defined,0.04622707160052787,sensitivity_only
id:x%3A0x1.0000000000000p%2B1,373,8.03,5.989399999999999,6.039926192582137,1.0930000718791255,defined,-0.04622707160052787,sensitivity_only
id:x%3A0x1.0000000000000p%2B1,374,8.052,6.010959999999999,5.960433807417861,1.0930000718791255,defined,0.04622707160052787,sensitivity_only
id:x%3A0x1.0000000000000p%2B1,375,8.074,6.03252,6.083046192582138,1.0930000718791255,defined,-0.04622707160052787,sensitivity_only
id:x%3A0x1.0000000000000p%2B1,376,8.096,6.05408,6.003553807417862,1.0930000718791255,defined,0.04622707160052787,sensitivity_only
id:x%3A0x1.0000000000000p%2B1,377,8.118,6.07564,6.126166192582138,1.0930000718791255,defined,-0.04622707160052787,sensitivity_only
id:x%3A0x1.0000000000000p%2B1,378,8.14,6.097200000000001,6.0466738074178625,1.0930000718791255,defined,0.04622707160052787,sensitivity_only
id:x%3A0x1.0000000000000p%2B1,379,8.162,6.11876,6.169286192582138,1.0930000718791255,defined,-0.04622707160052787,sensitivity_only
id:x%3A0x1.0000000000000p%2B1,380,8.184,6.140319999999999,6.089793807417861,1.0930000718791255,defined,0.04622707160052787,sensitivity_only
id:x%3A0x1.0000000000000p%2B1,381,8.206,6.161879999999999,6.212406192582137,1.0930000718791255,defined,-0.04622707160052787,sensitivity_only
id:x%3A0x1.0000000000000p%2B1,382,8.228,6.183439999999999,6.132913807417861,1.0930000718791255,defined,0.04622707160052787,sensitivity_only
id:x%3A0x1.0000000000000p%2B1,383,8.25,6.205,6.255526192582138,1.0930000718791255,defined,-0.04622707160052787,sensitivity_only
id:x%3A0x1.0000000000000p%2B1,384,8.272,6.22656,6.176033807417862,1.0930000718791255,defined,0.04622707160052787,sensitivity_only
id:x%3A0x1.0000000000000p%2B1,385,8.294,6.24812,6.298646192582138,1.0930000718791255,defined,-0.04622707160052787,sensitivity_only
id:x%3A0x1.0000000000000p%2B1,386,8.316,6.269680000000001,6.219153807417863,1.0930000718791255,defined,0.04622707160052787,sensitivity_only
id:x%3A0x1.0000000000000p%2B1,387,8.338,6.291239999999998,6.341766192582137,1.0930000718791255,defined,-0.04622707160052787,sensitivity_only
id:x%3A0x1.0000000000000p%2B1,388,8.36,6.312799999999999,6.262273807417861,1.0930000718791255,defined,0.04622707160052787,sensitivity_only
id:x%3A0x1.0000000000000p%2B1,389,8.382,6.334359999999999,6.384886192582138,1.0930000718791255,defined,-0.04622707160052787,sensitivity_only
id:x%3A0x1.0000000000000p%2B1,390,8.404,6.355919999999999,6.305393807417861,1.0930000718791255,defined,0.04622707160052787,sensitivity_only
id:x%3A0x1.0000000000000p%2B1,391,8.426,6.37748,6.428006192582139,1.0930000718791255,defined,-0.04622707160052787,sensitivity_only
id:x%3A0x1.0000000000000p%2B1,392,8.448,6.39904,6.348513807417862,1.0930000718791255,defined,0.04622707160052787,sensitivity_only
id:x%3A0x1.0000000000000p%2B1,393,8.47,6.4206,6.471126192582139,1.0930000718791255,defined,-0.04622707160052787,sensitivity_only
id:x%3A0x1.0000000000000p%2B1,394,8.492,6.442160000000001,6.391633807417863,1.0930000718791255,defined,0.04622707160052787,sensitivity_only
id:x%3A0x1.0000000000000p%2B1,395,8.514,6.463719999999999,6.503495938841256,0.8604468650963308,defined,-0.04622707160052787,sensitivity_only
id:x%3A0x1.0000000000000p%2B1,396,8.536,6.4852799999999995,6.445504061158742,0.8604468650963308,defined,0.04622707160052787,sensitivity_only
id:x%3A0x1.0000000000000p%2B1,397,8.558,6.5068399999999995,6.546615938841257,0.8604468650963308,defined,-0.04622707160052787,sensitivity_only
id:x%3A0x1.0000000000000p%2B1,398,8.58,6.5283999999999995,6.488624061158742,0.8604468650963308,defined,0.04622707160052787,sensitivity_only
id:x%3A0x1.0000000000000p%2B1,399,8.602,6.5499600000000004,6.589735938841258,0.8604468650963308,defined,-0.04622707160052787,sensitivity_only
id:x%3A0x1.0000000000000p%2B1,400,8.624,6.5715200000000005,6.531744061158743,0.8604468650963308,defined,0.04622707160052787,sensitivity_only
id:x%3A0x1.0000000000000p%2B1,401,8.646,6.5930800000000005,6.632855938841258,0.8604468650963308,defined,-0.04622707160052787,sensitivity_only
id:x%3A0x1.0000000000000p%2B1,402,8.668,6.61464,6.574864061158742,0.8604468650963308,defined,0.04622707160052787,sensitivity_only
id:x%3A0x1.0000000000000p%2B1,403,8.69,6.636199999999999,6.6759759388412565,0.8604468650963308,defined,-0.04622707160052787,sensitivity_only
id:x%3A0x1.0000000000000p%2B1,404,8.712,6.65776,6.617984061158742,0.8604468650963308,defined,0.04622707160052787,sensitivity_only
id:x%3A0x1.0000000000000p%2B1,405,8.734,6.67932,6.719095938841257,0.8604468650963308,defined,-0.04622707160052787,sensitivity_only
id:x%3A0x1.0000000000000p%2B1,406,8.756,6.70088,6.661104061158742,0.8604468650963308,defined,0.04622707160052787,sensitivity_only
id:x%3A0x1.0000000000000p%2B1,407,8.778,6.722440000000001,6.762215938841258,0.8604468650963308,defined,-0.04622707160052787,sensitivity_only
id:x%3A0x1.0000000000000p%2B1,408,8.8,6.744,6.704224061158742,0.8604468650963308,defined,0.04622707160052787,sensitivity_only
id:x%3A0x1.0000000000000p%2B1,409,8.822,6.765559999999999,6.805335938841257,0.8604468650963308,defined,-0.04622707160052787,sensitivity_only
id:x%3A0x1.0000000000000p%2B1,410,8.844,6.78712,6.747344061158742,0.8604468650963308,defined,0.04622707160052787,sensitivity_only
id:x%3A0x1.0000000000000p%2B1,411,8.866,6.808679999999999,6.848455938841257,0.8604468650963308,defined,-0.04622707160052787,sensitivity_only
id:x%3A0x1.0000000000000p%2B1,412,8.888,6.83024,6.790464061158742,0.8604468650963308,defined,0.04622707160052787,sensitivity_only
id:x%3A0x1.0000000000000p%2B1,413,8.91,6.8518,6.891575938841258,0.8604468650963308,defined,-0.04622707160052787,sensitivity_only
id:x%3A0x1.0000000000000p%2B1,414,8.932,6.87336,6.833584061158742,0.8604468650963308,defined,0.04622707160052787,sensitivity_only
id:x%3A0x1.0000000000000p%2B1,415,8.954,6.894920000000001,6.934695938841259,0.8604468650963308,defined,-0.04622707160052787,sensitivity_only
id:x%3A0x1.0000000000000p%2B1,416,8.976,6.91648,6.876704061158742,0.8604468650963308,defined,0.04622707160052787,sensitivity_only
id:x%3A0x1.0000000000000p%2B1,417,8.998,6.938039999999999,6.977815938841257,0.8604468650963308,defined,-0.04622707160052787,sensitivity_only
id:x%3A0x1.0000000000000p%2B1,418,9.0,6.9399999999999995,6.900224061158742,0.8604468650963308,defined,0.04622707160052787,sensitivity_only
id:x%3A0x1.0000000000000p%2B1,419,9.02,6.959599999999999,6.999375938841257,0.8604468650963308,defined,-0.04622707160052787,sensitivity_only
id:x%3A0x1.0000000000000p%2B1,420,9.042,6.981159999999999,6.941384061158741,0.8604468650963308,defined,0.04622707160052787,sensitivity_only
id:x%3A0x1.0000000000000p%2B1,421,9.064,7.00272,7.042495938841258,0.8604468650963308,defined,-0.04622707160052787,sensitivity_only
id:x%3A0x1.0000000000000p%2B1,422,9.086,7.02428,6.984504061158742,0.8604468650963308,defined,0.04622707160052787,sensitivity_only
id:x%3A0x1.0000000000000p%2B1,423,9.108,7.04584,7.085615938841258,0.8604468650963308,defined,-0.04622707160052787,sensitivity_only
id:x%3A0x1.0000000000000p%2B1,424,9.13,7.067400000000001,7.027624061158743,0.8604468650963308,defined,0.04622707160052787,sensitivity_only
id:x%3A0x1.0000000000000p%2B1,425,9.152,7.088959999999998,7.128735938841256,0.8604468650963308,defined,-0.04622707160052787,sensitivity_only
id:x%3A0x1.0000000000000p%2B1,426,9.174,7.110519999999999,7.0707440611587415,0.8604468650963308,defined,0.04622707160052787,sensitivity_only
id:x%3A0x1.0000000000000p%2B1,427,9.196,7.132079999999999,7.171855938841257,0.8604468650963308,defined,-0.04622707160052787,sensitivity_only
id:x%3A0x1.0000000000000p%2B1,428,9.218,7.153639999999999,7.113864061158742,0.8604468650963308,defined,0.04622707160052787,sensitivity_only
id:x%3A0x1.0000000000000p%2B1,429,9.24,7.1752,7.214975938841258,0.8604468650963308,defined,-0.04622707160052787,sensitivity_only
id:x%3A0x1.0000000000000p%2B1,430,9.262,7.19676,7.1569840611587425,0.8604468650963308,defined,0.04622707160052787,sensitivity_only
id:x%3A0x1.0000000000000p%2B1,431,9.284,7.21832,7.258095938841258,0.8604468650963308,defined,-0.04622707160052787,sensitivity_only
id:x%3A0x1.0000000000000p%2B1,432,9.306,7.239879999999999,7.200104061158742,0.8604468650963308,defined,0.04622707160052787,sensitivity_only
id:x%3A0x1.0000000000000p%2B1,433,9.328,7.261439999999999,7.301215938841256,0.8604468650963308,defined,-0.04622707160052787,sensitivity_only
id:x%3A0x1.0000000000000p%2B1,434,9.35,7.2829999999999995,7.243224061158742,0.8604468650963308,defined,0.04622707160052787,sensitivity_only
id:x%3A0x1.0000000000000p%2B1,435,9.372,7.3045599999999995,7.344335938841257,0.8604468650963308,defined,-0.04622707160052787,sensitivity_only
id:x%3A0x1.0000000000000p%2B1,436,9.394,7.3261199999999995,7.286344061158742,0.8604468650963308,defined,0.04622707160052787,sensitivity_only
id:x%3A0x1.0000000000000p%2B1,437,9.416,7.34768,7.387455938841258,0.8604468650963308,defined,-0.04622707160052787,sensitivity_only
id:x%3A0x1.0000000000000p%2B1,438,9.438,7.3692400000000005,7.329464061158743,0.8604468650963308,defined,0.04622707160052787,sensitivity_only
id:x%3A0x1.0000000000000p%2B1,439,9.46,7.3908000000000005,7.430575938841258,0.8604468650963308,defined,-0.04622707160052787,sensitivity_only
id:x%3A0x1.0000000000000p%2B1,440,9.482,7.41236,7.372584061158742,0.8604468650963308,defined,0.04622707160052787,sensitivity_only
id:x%3A0x1.0000000000000p%2B1,441,9.504,7.433919999999999,7.461870659726288,0.6046383376352611,defined,-0.04622707160052787,sensitivity_only
id:x%3A0x1.0000000000000p%2B1,442,9.526,7.45548,7.42752934027371,0.6046383376352611,defined,0.04622707160052787,sensitivity_only
id:x%3A0x1.0000000000000p%2B1,443,9.548,7.47704,7.504990659726289,0.6046383376352611,defined,-0.04622707160052787,sensitivity_only
id:x%3A0x1.0000000000000p%2B1,444,9.57,7.4986,7.47064934027371,0.6046383376352611,defined,0.04622707160052787,sensitivity_only
id:x%3A0x1.0000000000000p%2B1,445,9.592,7.520160000000001,7.54811065972629,0.6046383376352611,defined,-0.04622707160052787,sensitivity_only
id:x%3A0x1.0000000000000p%2B1,446,9.614,7.541720000000001,7.513769340273711,0.6046383376352611,defined,0.04622707160052787,sensitivity_only
id:x%3A0x1.0000000000000p%2B1,447,9.636,7.563279999999999,7.591230659726288,0.6046383376352611,defined,-0.04622707160052787,sensitivity_only
id:x%3A0x1.0000000000000p%2B1,448,9.658,7.584839999999999,7.55688934027371,0.6046383376352611,defined,0.04622707160052787,sensitivity_only
id:x%3A0x1.0000000000000p%2B1,449,9.68,7.6064,7.634350659726289,0.6046383376352611,defined,-0.04622707160052787,sensitivity_only
id:x%3A0x1.0000000000000p%2B1,450,9.702,7.62796,7.600009340273711,0.6046383376352611,defined,0.04622707160052787,sensitivity_only
id:x%3A0x1.0000000000000p%2B1,451,9.724,7.64952,7.677470659726289,0.6046383376352611,defined,-0.04622707160052787,sensitivity_only
id:x%3A0x1.0000000000000p%2B1,452,9.746,7.67108,7.643129340273711,0.6046383376352611,defined,0.04622707160052787,sensitivity_only
id:x%3A0x1.0000000000000p%2B1,453,9.768,7.692640000000001,7.72059065972629,0.6046383376352611,defined,-0.04622707160052787,sensitivity_only
id:x%3A0x1.0000000000000p%2B1,454,9.79,7.714199999999999,7.68624934027371,0.6046383376352611,defined,0.04622707160052787,sensitivity_only
id:x%3A0x1.0000000000000p%2B1,455,9.812,7.735759999999999,7.763710659726288,0.6046383376352611,defined,-0.04622707160052787,sensitivity_only
id:x%3A0x1.0000000000000p%2B1,456,9.834,7.757319999999999,7.72936934027371,0.6046383376352611,defined,0.04622707160052787,sensitivity_only
id:x%3A0x1.0000000000000p%2B1,457,9.856,7.77888,7.806830659726289,0.6046383376352611,defined,-0.04622707160052787,sensitivity_only
id:x%3A0x1.0000000000000p%2B1,458,9.878,7.80044,7.772489340273711,0.6046383376352611,defined,0.04622707160052787,sensitivity_only
id:x%3A0x1.0000000000000p%2B1,459,9.9,7.822,7.849950659726289,0.6046383376352611,defined,-0.04622707160052787,sensitivity_only
id:x%3A0x1.0000000000000p%2B1,460,9.922,7.84356,7.815609340273711,0.6046383376352611,defined,0.04622707160052787,sensitivity_only
id:x%3A0x1.0000000000000p%2B1,461,9.944,7.86512,7.893070659726289,0.6046383376352611,defined,-0.04622707160052787,sensitivity_only
id:x%3A0x1.0000000000000p%2B1,462,9.966,7.886679999999999,7.85872934027371,0.6046383376352611,defined,0.04622707160052787,sensitivity_only
id:x%3A0x1.0000000000000p%2B1,463,9.988,7.908239999999999,7.936190659726289,0.6046383376352611,defined,-0.04622707160052787,sensitivity_only
id:x%3A0x1.0000000000000p%2B1,464,10.0,7.92,7.892049340273711,0.6046383376352611,defined,0.04622707160052787,sensitivity_only
id:x%3A0x1.0000000000000p%2B1,465,10.01,7.929799999999999,7.957750659726289,0.6046383376352611,defined,-0.04622707160052787,sensitivity_only
id:x%3A0x1.0000000000000p%2B1,466,10.032,7.951359999999999,7.92340934027371,0.6046383376352611,defined,0.04622707160052787,sensitivity_only
id:x%3A0x1.0000000000000p%2B1,467,10.054,7.97292,8.00087065972629,0.6046383376352611,defined,-0.04622707160052787,sensitivity_only
id:x%3A0x1.0000000000000p%2B1,468,10.076,7.99448,7.966529340273711,0.6046383376352611,defined,0.04622707160052787,sensitivity_only
id:x%3A0x1.0000000000000p%2B1,469,10.098,8.01604,8.04399065972629,0.6046383376352611,defined,-0.04622707160052787,sensitivity_only
id:x%3A0x1.0000000000000p%2B1,470,10.12,8.037599999999998,8.009649340273707,0.6046383376352611,defined,0.04622707160052787,sensitivity_only
id:x%3A0x1.0000000000000p%2B1,471,10.142,8.059159999999999,8.087110659726289,0.6046383376352611,defined,-0.04622707160052787,sensitivity_only
id:x%3A0x1.0000000000000p%2B1,472,10.164,8.08072,8.05276934027371,0.6046383376352611,defined,0.04622707160052787,sensitivity_only
id:x%3A0x1.0000000000000p%2B1,473,10.186,8.10228,8.13023065972629,0.6046383376352611,defined,-0.04622707160052787,sensitivity_only
id:x%3A0x1.0000000000000p%2B1,474,10.208,8.12384,8.09588934027371,0.6046383376352611,defined,0.04622707160052787,sensitivity_only
id:x%3A0x1.0000000000000p%2B1,475,10.23,8.1454,8.17335065972629,0.6046383376352611,defined,-0.04622707160052787,sensitivity_only
id:x%3A0x1.0000000000000p%2B1,476,10.252,8.16696,8.13900934027371,0.6046383376352611,defined,0.04622707160052787,sensitivity_only
id:x%3A0x1.0000000000000p%2B1,477,10.274,8.188519999999999,8.216470659726289,0.6046383376352611,defined,-0.04622707160052787,sensitivity_only
id:x%3A0x1.0000000000000p%2B1,478,10.296,8.210079999999998,8.182129340273708,0.6046383376352611,defined,0.04622707160052787,sensitivity_only
id:x%3A0x1.0000000000000p%2B1,479,10.318,8.231639999999999,8.259590659726289,0.6046383376352611,defined,-0.04622707160052787,sensitivity_only
id:x%3A0x1.0000000000000p%2B1,480,10.34,8.2532,8.22524934027371,0.6046383376352611,defined,0.04622707160052787,sensitivity_only
id:x%3A0x1.0000000000000p%2B1,481,10.362,8.27476,8.30271065972629,0.6046383376352611,defined,-0.04622707160052787,sensitivity_only
id:x%3A0x1.0000000000000p%2B1,482,10.384,8.29632,8.26836934027371,0.6046383376352611,defined,0.04622707160052787,sensitivity_only
id:x%3A0x1.0000000000000p%2B1,483,10.406,8.31788,8.34583065972629,0.6046383376352611,defined,-0.04622707160052787,sensitivity_only
id:x%3A0x1.0000000000000p%2B1,484,10.428,8.33944,8.31148934027371,0.6046383376352611,defined,0.04622707160052787,sensitivity_only
id:x%3A0x1.0000000000000p%2B1,485,10.45,8.360999999999999,8.388950659726289,0.6046383376352611,defined,-0.04622707160052787,sensitivity_only
id:x%3A0x1.0000000000000p%2B1,486,10.472,8.382559999999998,8.354609340273708,0.6046383376352611,defined,0.04622707160052787,sensitivity_only
id:x%3A0x1.0000000000000p%2B1,487,10.494,8.404119999999999,8.432070659726289,0.6046383376352611,defined,-0.04622707160052787,sensitivity_only
id:x%3A0x1.0000000000000p%2B1,488,10.516,8.42568,8.397265260740431,0.6146774665960905,defined,0.04622707160052787,sensitivity_only
id:x%3A0x1.0000000000000p%2B1,489,10.538,8.44724,8.47565473925957,0.6146774665960905,defined,-0.04622707160052787,sensitivity_only
id:x%3A0x1.0000000000000p%2B1,490,10.56,8.4688,8.440385260740431,0.6146774665960905,defined,0.04622707160052787,sensitivity_only
id:x%3A0x1.0000000000000p%2B1,491,10.582,8.49036,8.51877473925957,0.6146774665960905,defined,-0.04622707160052787,sensitivity_only
id:x%3A0x1.0000000000000p%2B1,492,10.604,8.51192,8.483505260740431,0.6146774665960905,defined,0.04622707160052787,sensitivity_only
id:x%3A0x1.0000000000000p%2B1,493,10.626,8.533479999999999,8.561894739259568,0.6146774665960905,defined,-0.04622707160052787,sensitivity_only
id:x%3A0x1.0000000000000p%2B1,494,10.648,8.555039999999998,8.52662526074043,0.6146774665960905,defined,0.04622707160052787,sensitivity_only
id:x%3A0x1.0000000000000p%2B1,495,10.67,8.5766,8.605014739259568,0.6146774665960905,defined,-0.04622707160052787,sensitivity_only
id:x%3A0x1.0000000000000p%2B1,496,10.692,8.59816,8.569745260740431,0.6146774665960905,defined,0.04622707160052787,sensitivity_only
id:x%3A0x1.0000000000000p%2B1,497,10.714,8.619720000000001,8.64813473925957,0.6146774665960905,defined,-0.04622707160052787,sensitivity_only
id:x%3A0x1.0000000000000p%2B1,498,10.736,8.64128,8.612865260740431,0.6146774665960905,defined,0.04622707160052787,sensitivity_only
id:x%3A0x1.0000000000000p%2B1,499,10.758,8.66284,8.691254739259568,0.6146774665960905,defined,-0.04622707160052787,sensitivity_only
id:x%3A0x1.0000000000000p%2B1,500,10.78,8.6844,8.655985260740431,0.6146774665960905,defined,0.04622707160052787,sensitivity_only
id:x%3A0x1.0000000000000p%2B1,501,10.802,8.70596,8.734374739259568,0.6146774665960905,defined,-0.04622707160052787,sensitivity_only
id:x%3A0x1.0000000000000p%2B1,502,10.824,8.727519999999998,8.69910526074043,0.6146774665960905,defined,0.04622707160052787,sensitivity_only
id:x%3A0x1.0000000000000p%2B1,503,10.846,8.74908,8.777494739259568,0.6146774665960905,defined,-0.04622707160052787,sensitivity_only
id:x%3A0x1.0000000000000p%2B1,504,10.868,8.77064,8.742225260740431,0.6146774665960905,defined,0.04622707160052787,sensitivity_only
id:x%3A0x1.0000000000000p%2B1,505,10.89,8.792200000000001,8.82061473925957,0.6146774665960905,defined,-0.04622707160052787,sensitivity_only
id:x%3A0x1.0000000000000p%2B1,506,10.912,8.81376,8.785345260740431,0.6146774665960905,defined,0.04622707160052787,sensitivity_only
id:x%3A0x1.0000000000000p%2B1,507,10.934,8.83532,8.863734739259568,0.6146774665960905,defined,-0.04622707160052787,sensitivity_only
id:x%3A0x1.0000000000000p%2B1,508,10.956,8.85688,8.828465260740431,0.6146774665960905,defined,0.04622707160052787,sensitivity_only
id:x%3A0x1.0000000000000p%2B1,509,10.978,8.87844,8.906854739259568,0.6146774665960905,defined,-0.04622707160052787,sensitivity_only
id:x%3A0x1.0000000000000p%2B1,510,11.0,8.899999999999999,8.87158526074043,0.6146774665960905,defined,0.04622707160052787,sensitivity_only
id:x%3A0x1.8000000000000p%2B1,0,0.0,1.75,1.6919476917634815,0.6516075414303091,defined,0.0890909090909091,sensitivity_only
id:x%3A0x1.8000000000000p%2B1,1,0.022,1.75704,1.7859806571604704,0.6516075414303091,defined,-0.04441424526325227,sensitivity_only
id:x%3A0x1.8000000000000p%2B1,2,0.044,1.76408,1.7351393428395294,0.6516075414303091,defined,0.04441424526325227,sensitivity_only
id:x%3A0x1.8000000000000p%2B1,3,0.066,1.77112,1.8000606571604707,0.6516075414303091,defined,-0.04441424526325227,sensitivity_only
id:x%3A0x1.8000000000000p%2B1,4,0.088,1.77816,1.7492193428395293,0.6516075414303091,defined,0.04441424526325227,sensitivity_only
id:x%3A0x1.8000000000000p%2B1,5,0.11,1.7852,1.8141406571604706,0.6516075414303091,defined,-0.04441424526325227,sensitivity_only
id:x%3A0x1.8000000000000p%2B1,6,0.132,1.79224,1.7632993428395296,0.6516075414303091,defined,0.04441424526325227,sensitivity_only
id:x%3A0x1.8000000000000p%2B1,7,0.154,1.79928,1.8282206571604704,0.6516075414303091,defined,-0.04441424526325227,sensitivity_only
id:x%3A0x1.8000000000000p%2B1,8,0.176,1.80632,1.7773793428395295,0.6516075414303091,defined,0.04441424526325227,sensitivity_only
id:x%3A0x1.8000000000000p%2B1,9,0.198,1.81336,1.8423006571604708,0.6516075414303091,defined,-0.04441424526325227,sensitivity_only
id:x%3A0x1.8000000000000p%2B1,10,0.22,1.8204,1.7914593428395293,0.6516075414303091,defined,0.04441424526325227,sensitivity_only
id:x%3A0x1.8000000000000p%2B1,11,0.242,1.82744,1.8563806571604706,0.6516075414303091,defined,-0.04441424526325227,sensitivity_only
id:x%3A0x1.8000000000000p%2B1,12,0.264,1.83448,1.8055393428395297,0.6516075414303091,defined,0.04441424526325227,sensitivity_only
id:x%3A0x1.8000000000000p%2B1,13,0.286,1.84152,1.8704606571604705,0.6516075414303091,defined,-0.04441424526325227,sensitivity_only
id:x%3A0x1.8000000000000p%2B1,14,0.308,1.84856,1.8196193428395295,0.6516075414303091,defined,0.04441424526325227,sensitivity_only
id:x%3A0x1.8000000000000p%2B1,15,0.33,1.8556,1.8845406571604704,0.6516075414303091,defined,-0.04441424526325227,sensitivity_only
id:x%3A0x1.8000000000000p%2B1,16,0.352,1.86264,1.8336993428395294,0.6516075414303091,defined,0.04441424526325227,sensitivity_only
id:x%3A0x1.8000000000000p%2B1,17,0.374,1.86968,1.8986206571604707,0.6516075414303091,defined,-0.04441424526325227,sensitivity_only
id:x%3A0x1.8000000000000p%2B1,18,0.396,1.87672,1.8477793428395293,0.6516075414303091,defined,0.04441424526325227,sensitivity_only
id:x%3A0x1.8000000000000p%2B1,19,0.418,1.88376,1.9127006571604706,0.6516075414303091,defined,-0.04441424526325227,sensitivity_only
id:x%3A0x1.8000000000000p%2B1,20,0.44,1.8908,1.8618593428395296,0.6516075414303091,defined,0.04441424526325227,sensitivity_only
id:x%3A0x1.8000000000000p%2B1,21,0.462,1.89784,1.9267806571604704,0.6516075414303091,defined,-0.04441424526325227,sensitivity_only
id:x%3A0x1.8000000000000p%2B1,22,0.484,1.90488,1.8759393428395295,0.6516075414303091,defined,0.04441424526325227,sensitivity_only
id:x%3A0x1.8000000000000p%2B1,23,0.506,1.91192,1.943324557112316,0.7070829848886273,defined,-0.04441424526325227,sensitivity_only
id:x%3A0x1.8000000000000p%2B1,24,0.528,1.91896,1.887555442887684,0.7070829848886273,defined,0.04441424526325227,sensitivity_only
id:x%3A0x1.8000000000000p%2B1,25,0.55,1.926,1.957404557112316,0.7070829848886273,defined,-0.04441424526325227,sensitivity_only
id:x%3A0x1.8000000000000p%2B1,26,0.572,1.93304,1.901635442887684,0.7070829848886273,defined,0.04441424526325227,sensitivity_only
id:x%3A0x1.8000000000000p%2B1,27,0.594,1.94008,1.971484557112316,0.7070829848886273,defined,-0.04441424526325227,sensitivity_only
id:x%3A0x1.8000000000000p%2B1,28,0.616,1.94712,1.915715442887684,0.7070829848886273,defined,0.04441424526325227,sensitivity_only
id:x%3A0x1.8000000000000p%2B1,29,0.638,1.95416,1.985564557112316,0.7070829848886273,defined,-0.04441424526325227,sensitivity_only
id:x%3A0x1.8000000000000p%2B1,30,0.66,1.9612,1.929795442887684,0.7070829848886273,defined,0.04441424526325227,sensitivity_only
id:x%3A0x1.8000000000000p%2B1,31,0.682,1.96824,1.999644557112316,0.7070829848886273,defined,-0.04441424526325227,sensitivity_only
id:x%3A0x1.8000000000000p%2B1,32,0.704,1.97528,1.9438754428876839,0.7070829848886273,defined,0.04441424526325227,sensitivity_only
id:x%3A0x1.8000000000000p%2B1,33,0.726,1.98232,2.013724557112316,0.7070829848886273,defined,-0.04441424526325227,sensitivity_only
id:x%3A0x1.8000000000000p%2B1,34,0.748,1.98936,1.957955442887684,0.7070829848886273,defined,0.04441424526325227,sensitivity_only
id:x%3A0x1.8000000000000p%2B1,35,0.77,1.9964,2.027804557112316,0.7070829848886273,defined,-0.04441424526325227,sensitivity_only
id:x%3A0x1.8000000000000p%2B1,36,0.792,2.00344,1.9720354428876838,0.7070829848886273,defined,0.04441424526325227,sensitivity_only
id:x%3A0x1.8000000000000p%2B1,37,0.814,2.01048,2.041884557112316,0.7070829848886273,defined,-0.04441424526325227,sensitivity_only
id:x%3A0x1.8000000000000p%2B1,38,0.836,2.01752,1.9861154428876842,0.7070829848886273,defined,0.04441424526325227,sensitivity_only
id:x%3A0x1.8000000000000p%2B1,39,0.858,2.02456,2.055964557112316,0.7070829848886273,defined,-0.04441424526325227,sensitivity_only
id:x%3A0x1.8000000000000p%2B1,40,0.88,2.0316,2.000195442887684,0.7070829848886273,defined,0.04441424526325227,sensitivity_only
id:x%3A0x1.8000000000000p%2B1,41,0.902,2.03864,2.070044557112316,0.7070829848886273,defined,-0.04441424526325227,sensitivity_only
id:x%3A0x1.8000000000000p%2B1,42,0.924,2.04568,2.014275442887684,0.7070829848886273,defined,0.04441424526325227,sensitivity_only
id:x%3A0x1.8000000000000p%2B1,43,0.946,2.05272,2.084124557112316,0.7070829848886273,defined,-0.04441424526325227,sensitivity_only
id:x%3A0x1.8000000000000p%2B1,44,0.968,2.05976,2.0283554428876838,0.7070829848886273,defined,0.04441424526325227,sensitivity_only
id:x%3A0x1.8000000000000p%2B1,45,0.99,2.0668,2.0982045571123162,0.7070829848886273,defined,-0.04441424526325227,sensitivity_only
id:x%3A0x1.8000000000000p%2B1,46,1.0,2.07,2.038595442887684,0.7070829848886273,defined,0.04441424526325227,sensitivity_only
id:x%3A0x1.8000000000000p%2B1,47,1.012,2.07384,2.105244557112316,0.7070829848886273,defined,-0.04441424526325227,sensitivity_only
id:x%3A0x1.8000000000000p%2B1,48,1.034,2.08088,2.049475442887684,0.7070829848886273,defined,0.04441424526325227,sensitivity_only
id:x%3A0x1.8000000000000p%2B1,49,1.056,2.08792,2.119324557112316,0.7070829848886273,defined,-0.04441424526325227,sensitivity_only
id:x%3A0x1.8000000000000p%2B1,50,1.078,2.09496,2.063555442887684,0.7070829848886273,defined,0.04441424526325227,sensitivity_only
id:x%3A0x1.8000000000000p%2B1,51,1.1,2.102,2.133404557112316,0.7070829848886273,defined,-0.04441424526325227,sensitivity_only
id:x%3A0x1.8000000000000p%2B1,52,1.122,2.1090400000000002,2.077635442887684,0.7070829848886273,defined,0.04441424526325227,sensitivity_only
id:x%3A0x1.8000000000000p%2B1,53,1.144,2.11608,2.1474845571123162,0.7070829848886273,defined,-0.04441424526325227,sensitivity_only
id:x%3A0x1.8000000000000p%2B1,54,1.166,2.12312,2.091715442887684,0.7070829848886273,defined,0.04441424526325227,sensitivity_only
id:x%3A0x1.8000000000000p%2B1,55,1.188,2.13016,2.161564557112316,0.7070829848886273,defined,-0.04441424526325227,sensitivity_only
id:x%3A0x1.8000000000000p%2B1,56,1.21,2.1372,2.105795442887684,0.7070829848886273,defined,0.04441424526325227,sensitivity_only
id:x%3A0x1.8000000000000p%2B1,57,1.232,2.14424,2.175644557112316,0.7070829848886273,defined,-0.04441424526325227,sensitivity_only
id:x%3A0x1.8000000000000p%2B1,58,1.254,2.15128,2.119875442887684,0.7070829848886273,defined,0.04441424526325227,sensitivity_only
id:x%3A0x1.8000000000000p%2B1,59,1.276,2.15832,2.189724557112316,0.7070829848886273,defined,-0.04441424526325227,sensitivity_only
id:x%3A0x1.8000000000000p%2B1,60,1.298,2.16536,2.133955442887684,0.7070829848886273,defined,0.04441424526325227,sensitivity_only
id:x%3A0x1.8000000000000p%2B1,61,1.32,2.1724,2.203804557112316,0.7070829848886273,defined,-0.04441424526325227,sensitivity_only
id:x%3A0x1.8000000000000p%2B1,62,1.342,2.17944,2.148035442887684,0.7070829848886273,defined,0.04441424526325227,sensitivity_only
id:x%3A0x1.8000000000000p%2B1,63,1.364,2.18648,2.217884557112316,0.7070829848886273,defined,-0.04441424526325227,sensitivity_only
id:x%3A0x1.8000000000000p%2B1,64,1.386,2.19352,2.162115442887684,0.7070829848886273,defined,0.04441424526325227,sensitivity_only
id:x%3A0x1.8000000000000p%2B1,65,1.408,2.20056,2.231964557112316,0.7070829848886273,defined,-0.04441424526325227,sensitivity_only
id:x%3A0x1.8000000000000p%2B1,66,1.43,2.2076000000000002,2.176195442887684,0.7070829848886273,defined,0.04441424526325227,sensitivity_only
id:x%3A0x1.8000000000000p%2B1,67,1.452,2.21464,2.246044557112316,0.7070829848886273,defined,-0.04441424526325227,sensitivity_only
id:x%3A0x1.8000000000000p%2B1,68,1.474,2.22168,2.190275442887684,0.7070829848886273,defined,0.04441424526325227,sensitivity_only
id:x%3A0x1.8000000000000p%2B1,69,1.496,2.22872,2.260124557112316,0.7070829848886273,defined,-0.04441424526325227,sensitivity_only
id:x%3A0x1.8000000000000p%2B1,70,1.518,2.23576,2.200616805136218,0.7912595307087035,defined,0.04441424526325227,sensitivity_only
id:x%3A0x1.8000000000000p%2B1,71,1.54,2.2428,2.277943194863782,0.7912595307087035,defined,-0.04441424526325227,sensitivity_only
id:x%3A0x1.8000000000000p%2B1,72,1.562,2.24984,2.2146968051362177,0.7912595307087035,defined,0.04441424526325227,sensitivity_only
id:x%3A0x1.8000000000000p%2B1,73,1.584,2.2568799999999998,2.292023194863782,0.7912595307087035,defined,-0.04441424526325227,sensitivity_only
id:x%3A0x1.8000000000000p%2B1,74,1.606,2.26392,2.228776805136218,0.7912595307087035,defined,0.04441424526325227,sensitivity_only
id:x%3A0x1.8000000000000p%2B1,75,1.628,2.27096,2.3061031948637822,0.7912595307087035,defined,-0.04441424526325227,sensitivity_only
id:x%3A0x1.8000000000000p%2B1,76,1.65,2.278,2.242856805136218,0.7912595307087035,defined,0.04441424526325227,sensitivity_only
id:x%3A0x1.8000000000000p%2B1,77,1.672,2.28504,2.320183194863782,0.7912595307087035,defined,-0.04441424526325227,sensitivity_only
id:x%3A0x1.8000000000000p%2B1,78,1.694,2.29208,2.2569368051362177,0.7912595307087035,defined,0.04441424526325227,sensitivity_only
id:x%3A0x1.8000000000000p%2B1,79,1.716,2.2991200000000003,2.3342631948637824,0.7912595307087035,defined,-0.04441424526325227,sensitivity_only
id:x%3A0x1.8000000000000p%2B1,80,1.738,2.30616,2.271016805136218,0.7912595307087035,defined,0.04441424526325227,sensitivity_only
id:x%3A0x1.8000000000000p%2B1,81,1.76,2.3132,2.3483431948637823,0.7912595307087035,defined,-0.04441424526325227,sensitivity_only
id:x%3A0x1.8000000000000p%2B1,82,1.782,2.32024,2.285096805136218,0.7912595307087035,defined,0.04441424526325227,sensitivity_only
id:x%3A0x1.8000000000000p%2B1,83,1.804,2.32728,2.362423194863782,0.7912595307087035,defined,-0.04441424526325227,sensitivity_only
id:x%3A0x1.8000000000000p%2B1,84,1.826,2.33432,2.299176805136218,0.7912595307087035,defined,0.04441424526325227,sensitivity_only
id:x%3A0x1.8000000000000p%2B1,85,1.848,2.34136,2.376503194863782,0.7912595307087035,defined,-0.04441424526325227,sensitivity_only
id:x%3A0x1.8000000000000p%2B1,86,1.87,2.3484,2.3132568051362177,0.7912595307087035,defined,0.04441424526325227,sensitivity_only
id:x%3A0x1.8000000000000p%2B1,87,1.892,2.3554399999999998,2.390583194863782,0.7912595307087035,defined,-0.04441424526325227,sensitivity_only
id:x%3A0x1.8000000000000p%2B1,88,1.914,2.36248,2.327336805136218,0.7912595307087035,defined,0.04441424526325227,sensitivity_only
id:x%3A0x1.8000000000000p%2B1,89,1.936,2.36952,2.404663194863782,0.7912595307087035,defined,-0.04441424526325227,sensitivity_only
id:x%3A0x1.8000000000000p%2B1,90,1.958,2.37656,2.341416805136218,0.7912595307087035,defined,0.04441424526325227,sensitivity_only
id:x%3A0x1.8000000000000p%2B1,91,1.98,2.3836,2.418743194863782,0.7912595307087035,defined,-0.04441424526325227,sensitivity_only
id:x%3A0x1.8000000000000p%2B1,92,2.0,2.39,2.354856805136218,0.7912595307087035,defined,0.04441424526325227,sensitivity_only
id:x%3A0x1.8000000000000p%2B1,93,2.002,2.39064,2.425783194863782,0.7912595307087035,defined,-0.04441424526325227,sensitivity_only
id:x%3A0x1.8000000000000p%2B1,94,2.024,2.3976800000000003,2.362536805136218,0.7912595307087035,defined,0.04441424526325227,sensitivity_only
id:x%3A0x1.8000000000000p%2B1,95,2.046,2.40472,2.4398631948637823,0.7912595307087035,defined,-0.04441424526325227,sensitivity_only
id:x%3A0x1.8000000000000p%2B1,96,2.068,2.41176,2.376616805136218,0.7912595307087035,defined,0.04441424526325227,sensitivity_only
id:x%3A0x1.8000000000000p%2B1,97,2.09,2.4188,2.453943194863782,0.7912595307087035,defined,-0.04441424526325227,sensitivity_only
id:x%3A0x1.8000000000000p%2B1,98,2.112,2.42584,2.390696805136218,0.7912595307087035,defined,0.04441424526325227,sensitivity_only
id:x%3A0x1.8000000000000p%2B1,99,2.134,2.43288,2.468023194863782,0.7912595307087035,defined,-0.04441424526325227,sensitivity_only
id:x%3A0x1.8000000000000p%2B1,100,2.156,2.43992,2.4047768051362177,0.7912595307087035,defined,0.04441424526325227,sensitivity_only
id:x%3A0x1.8000000000000p%2B1,101,2.178,2.44696,2.482103194863782,0.7912595307087035,defined,-0.04441424526325227,sensitivity_only
id:x%3A0x1.8000000000000p%2B1,102,2.2,2.454,2.418856805136218,0.7912595307087035,defined,0.04441424526325227,sensitivity_only
id:x%3A0x1.8000000000000p%2B1,103,2.222,2.46104,2.4961831948637823,0.7912595307087035,defined,-0.04441424526325227,sensitivity_only
id:x%3A0x1.8000000000000p%2B1,104,2.244,2.46808,2.432936805136218,0.7912595307087035,defined,0.04441424526325227,sensitivity_only
id:x%3A0x1.8000000000000p%2B1,105,2.266,2.47512,2.510263194863782,0.7912595307087035,defined,-0.04441424526325227,sensitivity_only
id:x%3A0x1.8000000000000p%2B1,106,2.288,2.48216,2.4470168051362178,0.7912595307087035,defined,0.04441424526325227,sensitivity_only
id:x%3A0x1.8000000000000p%2B1,107,2.31,2.4892000000000003,2.5243431948637824,0.7912595307087035,defined,-0.04441424526325227,sensitivity_only
id:x%3A0x1.8000000000000p%2B1,108,2.332,2.4962400000000002,2.461096805136218,0.7912595307087035,defined,0.04441424526325227,sensitivity_only
id:x%3A0x1.8000000000000p%2B1,109,2.354,2.50328,2.5384231948637823,0.7912595307087035,defined,-0.04441424526325227,sensitivity_only
id:x%3A0x1.8000000000000p%2B1,110,2.376,2.51032,2.475176805136218,0.7912595307087035,defined,0.04441424526325227,sensitivity_only
id:x%3A0x1.8000000000000p%2B1,111,2.398,2.51736,2.552503194863782,0.7912595307087035,defined,-0.04441424526325227,sensitivity_only
id:x%3A0x1.8000000000000p%2B1,112,2.42,2.5244,2.489256805136218,0.7912595307087035,defined,0.04441424526325227,sensitivity_only
id:x%3A0x1.8000000000000p%2B1,113,2.442,2.53144,2.566583194863782,0.7912595307087035,defined,-0.04441424526325227,sensitivity_only
id:x%3A0x1.8000000000000p%2B1,114,2.464,2.53848,2.5033368051362177,0.7912595307087035,defined,0.04441424526325227,sensitivity_only
id:x%3A0x1.8000000000000p%2B1,115,2.486,2.5455200000000002,2.5806631948637824,0.7912595307087035,defined,-0.04441424526325227,sensitivity_only
id:x%3A0x1.8000000000000p%2B1,116,2.508,2.55256,2.5149529051843724,0.8467349741670217,defined,0.04441424526325227,sensitivity_only
id:x%3A0x1.8000000000000p%2B1,117,2.53,2.5596,2.597207094815628,0.8467349741670217,defined,-0.04441424526325227,sensitivity_only
id:x%3A0x1.8000000000000p%2B1,118,2.552,2.56664,2.5290329051843723,0.8467349741670217,defined,0.04441424526325227,sensitivity_only
id:x%3A0x1.8000000000000p%2B1,119,2.574,2.57368,2.6112870948156277,0.8467349741670217,defined,-0.04441424526325227,sensitivity_only
id:x%3A0x1.8000000000000p%2B1,120,2.596,2.58072,2.543112905184372,0.8467349741670217,defined,0.04441424526325227,sensitivity_only
id:x%3A0x1.8000000000000p%2B1,121,2.618,2.58776,2.6253670948156276,0.8467349741670217,defined,-0.04441424526325227,sensitivity_only
id:x%3A0x1.8000000000000p%2B1,122,2.64,2.5948,2.5571929051843725,0.8467349741670217,defined,0.04441424526325227,sensitivity_only
id:x%3A0x1.8000000000000p%2B1,123,2.662,2.60184,2.639447094815628,0.8467349741670217,defined,-0.04441424526325227,sensitivity_only
id:x%3A0x1.8000000000000p%2B1,124,2.684,2.60888,2.5712729051843723,0.8467349741670217,defined,0.04441424526325227,sensitivity_only
id:x%3A0x1.8000000000000p%2B1,125,2.706,2.61592,2.6535270948156278,0.8467349741670217,defined,-0.04441424526325227,sensitivity_only
id:x%3A0x1.8000000000000p%2B1,126,2.728,2.62296,2.585352905184372,0.8467349741670217,defined,0.04441424526325227,sensitivity_only
id:x%3A0x1.8000000000000p%2B1,127,2.75,2.63,2.6676070948156276,0.8467349741670217,defined,-0.04441424526325227,sensitivity_only
id:x%3A0x1.8000000000000p%2B1,128,2.772,2.63704,2.599432905184372,0.8467349741670217,defined,0.04441424526325227,sensitivity_only
id:x%3A0x1.8000000000000p%2B1,129,2.794,2.6440799999999998,2.6816870948156275,0.8467349741670217,defined,-0.04441424526325227,sensitivity_only
id:x%3A0x1.8000000000000p%2B1,130,2.816,2.6511199999999997,2.613512905184372,0.8467349741670217,defined,0.04441424526325227,sensitivity_only
id:x%3A0x1.8000000000000p%2B1,131,2.838,2.65816,2.695767094815628,0.8467349741670217,defined,-0.04441424526325227,sensitivity_only
id:x%3A0x1.8000000000000p%2B1,132,2.86,2.6652,2.6275929051843723,0.8467349741670217,defined,0.04441424526325227,sensitivity_only
id:x%3A0x1.8000000000000p%2B1,133,2.882,2.67224,2.7098470948156277,0.8467349741670217,defined,-0.04441424526325227,sensitivity_only
id:x%3A0x1.8000000000000p%2B1,134,2.904,2.67928,2.641672905184372,0.8467349741670217,defined,0.04441424526325227,sensitivity_only
id:x%3A0x1.8000000000000p%2B1,135,2.926,2.6863200000000003,2.723927094815628,0.8467349741670217,defined,-0.04441424526325227,sensitivity_only
id:x%3A0x1.8000000000000p%2B1,136,2.948,2.69336,2.6557529051843725,0.8467349741670217,defined,0.04441424526325227,sensitivity_only
id:x%3A0x1.8000000000000p%2B1,137,2.97,2.7004,2.738007094815628,0.8467349741670217,defined,-0.04441424526325227,sensitivity_only
id:x%3A0x1.8000000000000p%2B1,138,2.992,2.70744,2.6698329051843723,0.8467349741670217,defined,0.04441424526325227,sensitivity_only
id:x%3A0x1.8000000000000p%2B1,139,3.0,2.71,2.7476070948156277,0.8467349741670217,defined,-0.04441424526325227,sensitivity_only
id:x%3A0x1.8000000000000p%2B1,140,3.014,2.71448,2.6768729051843723,0.8467349741670217,defined,0.04441424526325227,sensitivity_only
id:x%3A0x1.8000000000000p%2B1,141,3.036,2.72152,2.7591270948156277,0.8467349741670217,defined,-0.04441424526325227,sensitivity_only
id:x%3A0x1.8000000000000p%2B1,142,3.058,2.72856,2.690952905184372,0.8467349741670217,defined,0.04441424526325227,sensitivity_only
id:x%3A0x1.8000000000000p%2B1,143,3.08,2.7356,2.7732070948156275,0.8467349741670217,defined,-0.04441424526325227,sensitivity_only
id:x%3A0x1.8000000000000p%2B1,144,3.102,2.7426399999999997,2.705032905184372,0.8467349741670217,defined,0.04441424526325227,sensitivity_only
id:x%3A0x1.8000000000000p%2B1,145,3.124,2.74968,2.787287094815628,0.8467349741670217,defined,-0.04441424526325227,sensitivity_only
id:x%3A0x1.8000000000000p%2B1,146,3.146,2.75672,2.7191129051843723,0.8467349741670217,defined,0.04441424526325227,sensitivity_only
id:x%3A0x1.8000000000000p%2B1,147,3.168,2.76376,2.8013670948156277,0.8467349741670217,defined,-0.04441424526325227,sensitivity_only
id:x%3A0x1.8000000000000p%2B1,148,3.19,2.7708,2.733192905184372,0.8467349741670217,defined,0.04441424526325227,sensitivity_only
id:x%3A0x1.8000000000000p%2B1,149,3.212,2.7778400000000003,2.815447094815628,0.8467349741670217,defined,-0.04441424526325227,sensitivity_only
id:x%3A0x1.8000000000000p%2B1,150,3.234,2.7848800000000002,2.7472729051843725,0.8467349741670217,defined,0.04441424526325227,sensitivity_only
id:x%3A0x1.8000000000000p%2B1,151,3.256,2.79192,2.829527094815628,0.8467349741670217,defined,-0.04441424526325227,sensitivity_only
id:x%3A0x1.8000000000000p%2B1,152,3.278,2.79896,2.7613529051843724,0.8467349741670217,defined,0.04441424526325227,sensitivity_only
id:x%3A0x1.8000000000000p%2B1,153,3.3,2.806,2.843607094815628,0.8467349741670217,defined,-0.04441424526325227,sensitivity_only
id:x%3A0x1.8000000000000p%2B1,154,3.322,2.81304,2.7754329051843722,0.8467349741670217,defined,0.04441424526325227,sensitivity_only
id:x%3A0x1.8000000000000p%2B1,155,3.344,2.82008,2.8576870948156277,0.8467349741670217,defined,-0.04441424526325227,sensitivity_only
id:x%3A0x1.8000000000000p%2B1,156,3.366,2.82712,2.789512905184372,0.8467349741670217,defined,0.04441424526325227,sensitivity_only
id:x%3A0x1.8000000000000p%2B1,157,3.388,2.83416,2.8717670948156275,0.8467349741670217,defined,-0.04441424526325227,sensitivity_only
id:x%3A0x1.8000000000000p%2B1,158,3.41,2.8412,2.8035929051843724,0.8467349741670217,defined,0.04441424526325227,sensitivity_only
id:x%3A0x1.8000000000000p%2B1,159,3.432,2.84824,2.885847094815628,0.8467349741670217,defined,-0.04441424526325227,sensitivity_only
id:x%3A0x1.8000000000000p%2B1,160,3.454,2.85528,2.8176729051843723,0.8467349741670217,defined,0.04441424526325227,sensitivity_only
id:x%3A0x1.8000000000000p%2B1,161,3.476,2.86232,2.8999270948156277,0.8467349741670217,defined,-0.04441424526325227,sensitivity_only
id:x%3A0x1.8000000000000p%2B1,162,3.498,2.8693600000000004,2.8317529051843726,0.8467349741670217,defined,0.04441424526325227,sensitivity_only
id:x%3A0x1.8000000000000p%2B1,163,3.52,2.8764000000000003,2.914007094815628,0.8467349741670217,defined,-0.04441424526325227,sensitivity_only
id:x%3A0x1.8000000000000p%2B1,164,3.542,2.8834400000000002,2.8458329051843725,0.8467349741670217,defined,0.04441424526325227,sensitivity_only
id:x%3A0x1.8000000000000p%2B1,165,3.564,2.89048,2.928087094815628,0.8467349741670217,defined,-0.04441424526325227,sensitivity_only
id:x%3A0x1.8000000000000p%2B1,166,3.586,2.89752,2.8599129051843724,0.8467349741670217,defined,0.04441424526325227,sensitivity_only
id:x%3A0x1.8000000000000p%2B1,167,3.608,2.90456,2.9421670948156278,0.8467349741670217,defined,-0.04441424526325227,sensitivity_only
id:x%3A0x1.8000000000000p%2B1,168,3.63,2.9116,2.8739929051843722,0.8467349741670217,defined,0.04441424526325227,sensitivity_only
id:x%3A0x1.8000000000000p%2B1,169,3.652,2.91864,2.9562470948156276,0.8467349741670217,defined,-0.04441424526325227,sensitivity_only
id:x%3A0x1.8000000000000p%2B1,170,3.674,2.92568,2.888072905184372,0.8467349741670217,defined,0.04441424526325227,sensitivity_only
id:x%3A0x1.8000000000000p%2B1,171,3.696,2.9327199999999998,2.9703270948156275,0.8467349741670217,defined,-0.04441424526325227,sensitivity_only
id:x%3A0x1.8000000000000p%2B1,172,3.718,2.9397599999999997,2.902152905184372,0.8467349741670217,defined,0.04441424526325227,sensitivity_only
id:x%3A0x1.8000000000000p%2B1,173,3.74,2.9468,2.984407094815628,0.8467349741670217,defined,-0.04441424526325227,sensitivity_only
id:x%3A0x1.8000000000000p%2B1,174,3.762,2.95384,2.9162329051843723,0.8467349741670217,defined,0.04441424526325227,sensitivity_only
id:x%3A0x1.8000000000000p%2B1,175,3.784,2.96088,2.9984870948156277,0.8467349741670217,defined,-0.04441424526325227,sensitivity_only
id:x%3A0x1.8000000000000p%2B1,176,3.806,2.9679200000000003,2.9303129051843726,0.8467349741670217,defined,0.04441424526325227,sensitivity_only
id:x%3A0x1.8000000000000p%2B1,177,3.828,2.9749600000000003,3.012567094815628,0.8467349741670217,defined,-0.04441424526325227,sensitivity_only
id:x%3A0x1.8000000000000p%2B1,178,3.85,2.982,2.9443929051843725,0.8467349741670217,defined,0.04441424526325227,sensitivity_only
id:x%3A0x1.8000000000000p%2B1,179,3.872,2.98904,3.026647094815628,0.8467349741670217,defined,-0.04441424526325227,sensitivity_only
id:x%3A0x1.8000000000000p%2B1,180,3.894,2.99608,2.9584729051843723,0.8467349741670217,defined,0.04441424526325227,sensitivity_only
id:x%3A0x1.8000000000000p%2B1,181,3.916,3.00312,3.0407270948156278,0.8467349741670217,defined,-0.04441424526325227,sensitivity_only
id:x%3A0x1.8000000000000p%2B1,182,3.938,3.01016,2.972552905184372,0.8467349741670217,defined,0.04441424526325227,sensitivity_only
id:x%3A0x1.8000000000000p%2B1,183,3.96,3.0172,3.0548070948156276,0.8467349741670217,defined,-0.04441424526325227,sensitivity_only
id:x%3A0x1.8000000000000p%2B1,184,3.982,3.02424,2.986632905184372,0.8467349741670217,defined,0.04441424526325227,sensitivity_only
id:x%3A0x1.8000000000000p%2B1,185,4.0,3.0300000000000002,3.067607094815628,0.8467349741670217,defined,-0.04441424526325227,sensitivity_only
id:x%3A0x1.8000000000000p%2B1,186,4.004,3.0312799999999998,2.993672905184372,0.8467349741670217,defined,0.04441424526325227,sensitivity_only
id:x%3A0x1.8000000000000p%2B1,187,4.026,3.0383199999999997,3.0759270948156274,0.8467349741670217,defined,-0.04441424526325227,sensitivity_only
id:x%3A0x1.8000000000000p%2B1,188,4.048,3.04536,3.0077529051843723,0.8467349741670217,defined,0.04441424526325227,sensitivity_only
id:x%3A0x1.8000000000000p%2B1,189,4.07,3.0524000000000004,3.090007094815628,0.8467349741670217,defined,-0.04441424526325227,sensitivity_only
id:x%3A0x1.8000000000000p%2B1,190,4.092,3.05944,3.021832905184372,0.8467349741670217,defined,0.04441424526325227,sensitivity_only
id:x%3A0x1.8000000000000p%2B1,191,4.114,3.0664800000000003,3.104087094815628,0.8467349741670217,defined,-0.04441424526325227,sensitivity_only
id:x%3A0x1.8000000000000p%2B1,192,4.136,3.0735200000000003,3.0359129051843725,0.8467349741670217,defined,0.04441424526325227,sensitivity_only
id:x%3A0x1.8000000000000p%2B1,193,4.158,3.08056,3.118167094815628,0.8467349741670217,defined,-0.04441424526325227,sensitivity_only
id:x%3A0x1.8000000000000p%2B1,194,4.18,3.0876,3.0499929051843724,0.8467349741670217,defined,0.04441424526325227,sensitivity_only
id:x%3A0x1.8000000000000p%2B1,195,4.202,3.09464,3.132247094815628,0.8467349741670217,defined,-0.04441424526325227,sensitivity_only
id:x%3A0x1.8000000000000p%2B1,196,4.224,3.10168,3.0640729051843723,0.8467349741670217,defined,0.04441424526325227,sensitivity_only
id:x%3A0x1.8000000000000p%2B1,197,4.246,3.10872,3.1463270948156277,0.8467349741670217,defined,-0.04441424526325227,sensitivity_only
id:x%3A0x1.8000000000000p%2B1,198,4.268,3.11576,3.078152905184372,0.8467349741670217,defined,0.04441424526325227,sensitivity_only
id:x%3A0x1.8000000000000p%2B1,199,4.29,3.1228,3.1604070948156275,0.8467349741670217,defined,-0.04441424526325227,sensitivity_only
id:x%3A0x1.8000000000000p%2B1,200,4.312,3.12984,3.0922329051843724,0.8467349741670217,defined,0.04441424526325227,sensitivity_only
id:x%3A0x1.8000000000000p%2B1,201,4.334,3.1368799999999997,3.1744870948156274,0.8467349741670217,defined,-0.04441424526325227,sensitivity_only
id:x%3A0x1.8000000000000p%2B1,202,4.356,3.14392,3.1063129051843723,0.8467349741670217,defined,0.04441424526325227,sensitivity_only
id:x%3A0x1.8000000000000p%2B1,203,4.378,3.15096,3.1885670948156277,0.8467349741670217,defined,-0.04441424526325227,sensitivity_only
id:x%3A0x1.8000000000000p%2B1,204,4.4,3.1580000000000004,3.1203929051843726,0.8467349741670217,defined,0.04441424526325227,sensitivity_only
id:x%3A0x1.8000000000000p%2B1,205,4.422,3.16504,3.2026470948156276,0.8467349741670217,defined,-0.04441424526325227,sensitivity_only
id:x%3A0x1.8000000000000p%2B1,206,4.444,3.1720800000000002,3.1344729051843725,0.8467349741670217,defined,0.04441424526325227,sensitivity_only
id:x%3A0x1.8000000000000p%2B1,207,4.466,3.17912,3.216727094815628,0.8467349741670217,defined,-0.04441424526325227,sensitivity_only
id:x%3A0x1.8000000000000p%2B1,208,4.488,3.18616,3.1485529051843724,0.8467349741670217,defined,0.04441424526325227,sensitivity_only
id:x%3A0x1.8000000000000p%2B1,209,4.51,3.1932,3.228343194863782,0.7912595307087035,defined,-0.04441424526325227,sensitivity_only
id:x%3A0x1.8000000000000p%2B1,210,4.532,3.20024,3.165096805136218,0.7912595307087035,defined,0.04441424526325227,sensitivity_only
id:x%3A0x1.8000000000000p%2B1,211,4.554,3.20728,3.242423194863782,0.7912595307087035,defined,-0.04441424526325227,sensitivity_only
id:x%3A0x1.8000000000000p%2B1,212,4.576,3.21432,3.1791768051362177,0.7912595307087035,defined,0.04441424526325227,sensitivity_only
id:x%3A0x1.8000000000000p%2B1,213,4.598,3.22136,3.256503194863782,0.7912595307087035,defined,-0.04441424526325227,sensitivity_only
id:x%3A0x1.8000000000000p%2B1,214,4.62,3.2284,3.193256805136218,0.7912595307087035,defined,0.04441424526325227,sensitivity_only
id:x%3A0x1.8000000000000p%2B1,215,4.642,3.23544,3.2705831948637822,0.7912595307087035,defined,-0.04441424526325227,sensitivity_only
id:x%3A0x1.8000000000000p%2B1,216,4.664,3.24248,3.207336805136218,0.7912595307087035,defined,0.04441424526325227,sensitivity_only
id:x%3A0x1.8000000000000p%2B1,217,4.686,3.24952,3.284663194863782,0.7912595307087035,defined,-0.04441424526325227,sensitivity_only
id:x%3A0x1.8000000000000p%2B1,218,4.708,3.2565600000000003,3.221416805136218,0.7912595307087035,defined,0.04441424526325227,sensitivity_only
id:x%3A0x1.8000000000000p%2B1,219,4.73,3.2636000000000003,3.2987431948637824,0.7912595307087035,defined,-0.04441424526325227,sensitivity_only
id:x%3A0x1.8000000000000p%2B1,220,4.752,3.27064,3.235496805136218,0.7912595307087035,defined,0.04441424526325227,sensitivity_only
id:x%3A0x1.8000000000000p%2B1,221,4.774,3.27768,3.3128231948637823,0.7912595307087035,defined,-0.04441424526325227,sensitivity_only
id:x%3A0x1.8000000000000p%2B1,222,4.796,3.28472,3.249576805136218,0.7912595307087035,defined,0.04441424526325227,sensitivity_only
id:x%3A0x1.8000000000000p%2B1,223,4.818,3.29176,3.326903194863782,0.7912595307087035,defined,-0.04441424526325227,sensitivity_only
id:x%3A0x1.8000000000000p%2B1,224,4.84,3.2988,3.263656805136218,0.7912595307087035,defined,0.04441424526325227,sensitivity_only
id:x%3A0x1.8000000000000p%2B1,225,4.862,3.30584,3.340983194863782,0.7912595307087035,defined,-0.04441424526325227,sensitivity_only
id:x%3A0x1.8000000000000p%2B1,226,4.884,3.31288,3.2777368051362177,0.7912595307087035,defined,0.04441424526325227,sensitivity_only
id:x%3A0x1.8000000000000p%2B1,227,4.906,3.3199199999999998,3.355063194863782,0.7912595307087035,defined,-0.04441424526325227,sensitivity_only
id:x%3A0x1.8000000000000p%2B1,228,4.928,3.3269599999999997,3.2918168051362175,0.7912595307087035,defined,0.04441424526325227,sensitivity_only
id:x%3A0x1.8000000000000p%2B1,229,4.95,3.334,3.369143194863782,0.7912595307087035,defined,-0.04441424526325227,sensitivity_only
id:x%3A0x1.8000000000000p%2B1,230,4.972,3.3410400000000005,3.3058968051362183,0.7912595307087035,defined,0.04441424526325227,sensitivity_only
id:x%3A0x1.8000000000000p%2B1,231,4.994,3.34808,3.383223194863782,0.7912595307087035,defined,-0.04441424526325227,sensitivity_only
id:x%3A0x1.8000000000000p%2B1,232,5.0,3.35,3.314856805136218,0.7912595307087035,defined,0.04441424526325227,sensitivity_only
id:x%3A0x1.8000000000000p%2B1,233,5.016,3.3551200000000003,3.3902631948637825,0.7912595307087035,defined,-0.04441424526325227,sensitivity_only
id:x%3A0x1.8000000000000p%2B1,234,5.038,3.3621600000000003,3.327016805136218,0.7912595307087035,defined,0.04441424526325227,sensitivity_only
id:x%3A0x1.8000000000000p%2B1,235,5.06,3.3692,3.4043431948637823,0.7912595307087035,defined,-0.04441424526325227,sensitivity_only
id:x%3A0x1.8000000000000p%2B1,236,5.082,3.37624,3.341096805136218,0.7912595307087035,defined,0.04441424526325227,sensitivity_only
id:x%3A0x1.8000000000000p%2B1,237,5.104,3.38328,3.418423194863782,0.7912595307087035,defined,-0.04441424526325227,sensitivity_only
id:x%3A0x1.8000000000000p%2B1,238,5.126,3.39032,3.355176805136218,0.7912595307087035,defined,0.04441424526325227,sensitivity_only
id:x%3A0x1.8000000000000p%2B1,239,5.148,3.39736,3.432503194863782,0.7912595307087035,defined,-0.04441424526325227,sensitivity_only
id:x%3A0x1.8000000000000p%2B1,240,5.17,3.4044,3.3692568051362177,0.7912595307087035,defined,0.04441424526325227,sensitivity_only
id:x%3A0x1.8000000000000p%2B1,241,5.192,3.41144,3.446583194863782,0.7912595307087035,defined,-0.04441424526325227,sensitivity_only
id:x%3A0x1.8000000000000p%2B1,242,5.214,3.41848,3.383336805136218,0.7912595307087035,defined,0.04441424526325227,sensitivity_only
id:x%3A0x1.8000000000000p%2B1,243,5.236,3.4255199999999997,3.460663194863782,0.7912595307087035,defined,-0.04441424526325227,sensitivity_only
id:x%3A0x1.8000000000000p%2B1,244,5.258,3.43256,3.397416805136218,0.7912595307087035,defined,0.04441424526325227,sensitivity_only
id:x%3A0x1.8000000000000p%2B1,245,5.28,3.4396000000000004,3.4747431948637826,0.7912595307087035,defined,-0.04441424526325227,sensitivity_only
id:x%3A0x1.8000000000000p%2B1,246,5.302,3.44664,3.411496805136218,0.7912595307087035,defined,0.04441424526325227,sensitivity_only
id:x%3A0x1.8000000000000p%2B1,247,5.324,3.4536800000000003,3.4888231948637825,0.7912595307087035,defined,-0.04441424526325227,sensitivity_only
id:x%3A0x1.8000000000000p%2B1,248,5.346,3.4607200000000002,3.425576805136218,0.7912595307087035,defined,0.04441424526325227,sensitivity_only
id:x%3A0x1.8000000000000p%2B1,249,5.368,3.46776,3.5029031948637823,0.7912595307087035,defined,-0.04441424526325227,sensitivity_only
id:x%3A0x1.8000000000000p%2B1,250,5.39,3.4748,3.439656805136218,0.7912595307087035,defined,0.04441424526325227,sensitivity_only
id:x%3A0x1.8000000000000p%2B1,251,5.412,3.48184,3.516983194863782,0.7912595307087035,defined,-0.04441424526325227,sensitivity_only
id:x%3A0x1.8000000000000p%2B1,252,5.434,3.48888,3.453736805136218,0.7912595307087035,defined,0.04441424526325227,sensitivity_only
id:x%3A0x1.8000000000000p%2B1,253,5.456,3.49592,3.531063194863782,0.7912595307087035,defined,-0.04441424526325227,sensitivity_only
id:x%3A0x1.8000000000000p%2B1,254,5.478,3.50296,3.4678168051362177,0.7912595307087035,defined,0.04441424526325227,sensitivity_only
id:x%3A0x1.8000000000000p%2B1,255,5.5,3.51,3.545143194863782,0.7912595307087035,defined,-0.04441424526325227,sensitivity_only
id:x%3A0x1.8000000000000p%2B1,256,5.522,3.53156,3.4973633371816946,0.7699480789466207,defined,0.04441424526325227,sensitivity_only
id:x%3A0x1.8000000000000p%2B1,257,5.544,3.5531199999999994,3.5873166628183046,0.7699480789466207,defined,-0.04441424526325227,sensitivity_only
id:x%3A0x1.8000000000000p%2B1,258,5.566,3.5746799999999994,3.540483337181694,0.7699480789466207,defined,0.04441424526325227,sensitivity_only
id:x%3A0x1.8000000000000p%2B1,259,5.588,3.59624,3.630436662818305,0.7699480789466207,defined,-0.04441424526325227,sensitivity_only
id:x%3A0x1.8000000000000p%2B1,260,5.61,3.6178,3.5836033371816947,0.7699480789466207,defined,0.04441424526325227,sensitivity_only
id:x%3A0x1.8000000000000p%2B1,261,5.632,3.6393599999999995,3.6735566628183047,0.7699480789466207,defined,-0.04441424526325227,sensitivity_only
id:x%3A0x1.8000000000000p%2B1,262,5.654,3.6609199999999995,3.6267233371816943,0.7699480789466207,defined,0.04441424526325227,sensitivity_only
id:x%3A0x1.8000000000000p%2B1,263,5.676,3.68248,3.716676662818305,0.7699480789466207,defined,-0.04441424526325227,sensitivity_only
id:x%3A0x1.8000000000000p%2B1,264,5.698,3.70404,3.6698433371816948,0.7699480789466207,defined,0.04441424526325227,sensitivity_only
id:x%3A0x1.8000000000000p%2B1,265,5.72,3.7255999999999996,3.759796662818305,0.7699480789466207,defined,-0.04441424526325227,sensitivity_only
id:x%3A0x1.8000000000000p%2B1,266,5.742,3.7471599999999996,3.7129633371816944,0.7699480789466207,defined,0.04441424526325227,sensitivity_only
id:x%3A0x1.8000000000000p%2B1,267,5.764,3.76872,3.8029166628183053,0.7699480789466207,defined,-0.04441424526325227,sensitivity_only
id:x%3A0x1.8000000000000p%2B1,268,5.786,3.790279999999999,3.756083337181694,0.7699480789466207,defined,0.04441424526325227,sensitivity_only
id:x%3A0x1.8000000000000p%2B1,269,5.808,3.8118399999999997,3.846036662818305,0.7699480789466207,defined,-0.04441424526325227,sensitivity_only
id:x%3A0x1.8000000000000p%2B1,270,5.83,3.8333999999999997,3.7992033371816945,0.7699480789466207,defined,0.04441424526325227,sensitivity_only
id:x%3A0x1.8000000000000p%2B1,271,5.852,3.85496,3.8891566628183054,0.7699480789466207,defined,-0.04441424526325227,sensitivity_only
id:x%3A0x1.8000000000000p%2B1,272,5.874,3.8765199999999993,3.842323337181694,0.7699480789466207,defined,0.04441424526325227,sensitivity_only
id:x%3A0x1.8000000000000p%2B1,273,5.896,3.8980799999999998,3.932276662818305,0.7699480789466207,defined,-0.04441424526325227,sensitivity_only
id:x%3A0x1.8000000000000p%2B1,274,5.918,3.91964,3.8854433371816945,0.7699480789466207,defined,0.04441424526325227,sensitivity_only
id:x%3A0x1.8000000000000p%2B1,275,5.94,3.9412000000000003,3.9753966628183055,0.7699480789466207,defined,-0.04441424526325227,sensitivity_only
id:x%3A0x1.8000000000000p%2B1,276,5.962,3.9627599999999994,3.928563337181694,0.7699480789466207,defined,0.04441424526325227,sensitivity_only
id:x%3A0x1.8000000000000p%2B1,277,5.984,3.98432,4.018516662818305,0.7699480789466207,defined,-0.04441424526325227,sensitivity_only
id:x%3A0x1.8000000000000p%2B1,278,6.0,4.0,3.9658033371816948,0.7699480789466207,defined,0.04441424526325227,sensitivity_only
id:x%3A0x1.8000000000000p%2B1,279,6.006,4.00588,4.040076662818305,0.7699480789466207,defined,-0.04441424526325227,sensitivity_only
id:x%3A0x1.8000000000000p%2B1,280,6.028,4.0274399999999995,3.993243337181694,0.7699480789466207,defined,0.04441424526325227,sensitivity_only
id:x%3A0x1.8000000000000p%2B1,281,6.05,4.0489999999999995,4.083196662818304,0.7699480789466207,defined,-0.04441424526325227,sensitivity_only
id:x%3A0x1.8000000000000p%2B1,282,6.072,4.0705599999999995,4.036363337181695,0.7699480789466207,defined,0.04441424526325227,sensitivity_only
id:x%3A0x1.8000000000000p%2B1,283,6.094,4.09212,4.126316662818305,0.7699480789466207,defined,-0.04441424526325227,sensitivity_only
id:x%3A0x1.8000000000000p%2B1,284,6.116,4.11368,4.079483337181695,0.7699480789466207,defined,0.04441424526325227,sensitivity_only
id:x%3A0x1.8000000000000p%2B1,285,6.138,4.13524,4.169436662818304,0.7699480789466207,defined,-0.04441424526325227,sensitivity_only
id:x%3A0x1.8000000000000p%2B1,286,6.16,4.1568,4.122603337181695,0.7699480789466207,defined,0.04441424526325227,sensitivity_only
id:x%3A0x1.8000000000000p%2B1,287,6.182,4.1783600000000005,4.212556662818305,0.7699480789466207,defined,-0.04441424526325227,sensitivity_only
id:x%3A0x1.8000000000000p%2B1,288,6.204,4.19992,4.165723337181695,0.7699480789466207,defined,0.04441424526325227,sensitivity_only
id:x%3A0x1.8000000000000p%2B1,289,6.226,4.22148,4.2556766628183045,0.7699480789466207,defined,-0.04441424526325227,sensitivity_only
id:x%3A0x1.8000000000000p%2B1,290,6.248,4.24304,4.208843337181695,0.7699480789466207,defined,0.04441424526325227,sensitivity_only
id:x%3A0x1.8000000000000p%2B1,291,6.27,4.2646,4.2987966628183045,0.7699480789466207,defined,-0.04441424526325227,sensitivity_only
id:x%3A0x1.8000000000000p%2B1,292,6.292,4.28616,4.251963337181695,0.7699480789466207,defined,0.04441424526325227,sensitivity_only
id:x%3A0x1.8000000000000p%2B1,293,6.314,4.30772,4.341916662818305,0.7699480789466207,defined,-0.04441424526325227,sensitivity_only
id:x%3A0x1.8000000000000p%2B1,294,6.336,4.32928,4.295083337181695,0.7699480789466207,defined,0.04441424526325227,sensitivity_only
id:x%3A0x1.8000000000000p%2B1,295,6.358,4.35084,4.385036662818305,0.7699480789466207,defined,-0.04441424526325227,sensitivity_only
id:x%3A0x1.8000000000000p%2B1,296,6.38,4.3724,4.338203337181695,0.7699480789466207,defined,0.04441424526325227,sensitivity_only
id:x%3A0x1.8000000000000p%2B1,297,6.402,4.39396,4.428156662818305,0.7699480789466207,defined,-0.04441424526325227,sensitivity_only
id:x%3A0x1.8000000000000p%2B1,298,6.424,4.41552,4.381323337181695,0.7699480789466207,defined,0.04441424526325227,sensitivity_only
id:x%3A0x1.8000000000000p%2B1,299,6.446,4.43708,4.471276662818305,0.7699480789466207,defined,-0.04441424526325227,sensitivity_only
id:x%3A0x1.8000000000000p%2B1,300,6.468,4.45864,4.424443337181695,0.7699480789466207,defined,0.04441424526325227,sensitivity_only
id:x%3A0x1.8000000000000p%2B1,301,6.49,4.4802,4.514396662818305,0.7699480789466207,defined,-0.04441424526325227,sensitivity_only
id:x%3A0x1.8000000000000p%2B1,302,6.512,4.501759999999999,4.463543901897614,0.8604468650963308,defined,0.04441424526325227,sensitivity_only
id:x%3A0x1.8000000000000p%2B1,303,6.534,4.52332,4.561536098102385,0.8604468650963308,defined,-0.04441424526325227,sensitivity_only
id:x%3A0x1.8000000000000p%2B1,304,6.556,4.54488,4.506663901897615,0.8604468650963308,defined,0.04441424526325227,sensitivity_only
id:x%3A0x1.8000000000000p%2B1,305,6.578,4.56644,4.604656098102385,0.8604468650963308,defined,-0.04441424526325227,sensitivity_only
id:x%3A0x1.8000000000000p%2B1,306,6.6,4.587999999999999,4.549783901897614,0.8604468650963308,defined,0.04441424526325227,sensitivity_only
id:x%3A0x1.8000000000000p%2B1,307,6.622,4.60956,4.647776098102385,0.8604468650963308,defined,-0.04441424526325227,sensitivity_only
id:x%3A0x1.8000000000000p%2B1,308,6.644,4.63112,4.592903901897615,0.8604468650963308,defined,0.04441424526325227,sensitivity_only
id:x%3A0x1.8000000000000p%2B1,309,6.666,4.65268,4.690896098102385,0.8604468650963308,defined,-0.04441424526325227,sensitivity_only
id:x%3A0x1.8000000000000p%2B1,310,6.688,4.674239999999999,4.636023901897614,0.8604468650963308,defined,0.04441424526325227,sensitivity_only
id:x%3A0x1.8000000000000p%2B1,311,6.71,4.6958,4.734016098102385,0.8604468650963308,defined,-0.04441424526325227,sensitivity_only
id:x%3A0x1.8000000000000p%2B1,312,6.732,4.71736,4.679143901897615,0.8604468650963308,defined,0.04441424526325227,sensitivity_only
id:x%3A0x1.8000000000000p%2B1,313,6.754,4.738919999999999,4.7771360981023845,0.8604468650963308,defined,-0.04441424526325227,sensitivity_only
id:x%3A0x1.8000000000000p%2B1,314,6.776,4.760479999999999,4.722263901897614,0.8604468650963308,defined,0.04441424526325227,sensitivity_only
id:x%3A0x1.8000000000000p%2B1,315,6.798,4.78204,4.820256098102385,0.8604468650963308,defined,-0.04441424526325227,sensitivity_only
id:x%3A0x1.8000000000000p%2B1,316,6.82,4.8036,4.765383901897615,0.8604468650963308,defined,0.04441424526325227,sensitivity_only
id:x%3A0x1.8000000000000p%2B1,317,6.842,4.8251599999999994,4.863376098102385,0.8604468650963308,defined,-0.04441424526325227,sensitivity_only
id:x%3A0x1.8000000000000p%2B1,318,6.864,4.8467199999999995,4.808503901897614,0.8604468650963308,defined,0.04441424526325227,sensitivity_only
id:x%3A0x1.8000000000000p%2B1,319,6.886,4.86828,4.9064960981023855,0.8604468650963308,defined,-0.04441424526325227,sensitivity_only
id:x%3A0x1.8000000000000p%2B1,320,6.908,4.88984,4.851623901897615,0.8604468650963308,defined,0.04441424526325227,sensitivity_only
id:x%3A0x1.8000000000000p%2B1,321,6.93,4.9113999999999995,4.949616098102385,0.8604468650963308,defined,-0.04441424526325227,sensitivity_only
id:x%3A0x1.8000000000000p%2B1,322,6.952,4.93296,4.894743901897614,0.8604468650963308,defined,0.04441424526325227,sensitivity_only
id:x%3A0x1.8000000000000p%2B1,323,6.974,4.9545200000000005,4.992736098102386,0.8604468650963308,defined,-0.04441424526325227,sensitivity_only
id:x%3A0x1.8000000000000p%2B1,324,6.996,4.9760800000000005,4.937863901897615,0.8604468650963308,defined,0.04441424526325227,sensitivity_only
id:x%3A0x1.8000000000000p%2B1,325,7.0,4.9799999999999995,5.018216098102385,0.8604468650963308,defined,-0.04441424526325227,sensitivity_only
id:x%3A0x1.8000000000000p%2B1,326,7.018,4.99764,4.9594239018976145,0.8604468650963308,defined,0.04441424526325227,sensitivity_only
id:x%3A0x1.8000000000000p%2B1,327,7.04,5.0192,5.057416098102385,0.8604468650963308,defined,-0.04441424526325227,sensitivity_only
id:x%3A0x1.8000000000000p%2B1,328,7.062,5.040760000000001,5.002543901897615,0.8604468650963308,defined,0.04441424526325227,sensitivity_only
id:x%3A0x1.8000000000000p%2B1,329,7.084,5.06232,5.100536098102385,0.8604468650963308,defined,-0.04441424526325227,sensitivity_only
id:x%3A0x1.8000000000000p%2B1,330,7.106,5.08388,5.045663901897615,0.8604468650963308,defined,0.04441424526325227,sensitivity_only
id:x%3A0x1.8000000000000p%2B1,331,7.128,5.10544,5.143656098102385,0.8604468650963308,defined,-0.04441424526325227,sensitivity_only
id:x%3A0x1.8000000000000p%2B1,332,7.15,5.127,5.088783901897615,0.8604468650963308,defined,0.04441424526325227,sensitivity_only
id:x%3A0x1.8000000000000p%2B1,333,7.172,5.14856,5.186776098102385,0.8604468650963308,defined,-0.04441424526325227,sensitivity_only
id:x%3A0x1.8000000000000p%2B1,334,7.194,5.17012,5.131903901897615,0.8604468650963308,defined,0.04441424526325227,sensitivity_only
id:x%3A0x1.8000000000000p%2B1,335,7.216,5.19168,5.229896098102385,0.8604468650963308,defined,-0.04441424526325227,sensitivity_only
id:x%3A0x1.8000000000000p%2B1,336,7.238,5.21324,5.175023901897615,0.8604468650963308,defined,0.04441424526325227,sensitivity_only
id:x%3A0x1.8000000000000p%2B1,337,7.26,5.2348,5.273016098102385,0.8604468650963308,defined,-0.04441424526325227,sensitivity_only
id:x%3A0x1.8000000000000p%2B1,338,7.282,5.25636,5.218143901897615,0.8604468650963308,defined,0.04441424526325227,sensitivity_only
id:x%3A0x1.8000000000000p%2B1,339,7.304,5.27792,5.316136098102385,0.8604468650963308,defined,-0.04441424526325227,sensitivity_only
id:x%3A0x1.8000000000000p%2B1,340,7.326,5.299479999999999,5.261263901897614,0.8604468650963308,defined,0.04441424526325227,sensitivity_only
id:x%3A0x1.8000000000000p%2B1,341,7.348,5.32104,5.359256098102385,0.8604468650963308,defined,-0.04441424526325227,sensitivity_only
id:x%3A0x1.8000000000000p%2B1,342,7.37,5.3426,5.304383901897615,0.8604468650963308,defined,0.04441424526325227,sensitivity_only
id:x%3A0x1.8000000000000p%2B1,343,7.392,5.36416,5.402376098102385,0.8604468650963308,defined,-0.04441424526325227,sensitivity_only
id:x%3A0x1.8000000000000p%2B1,344,7.414,5.385719999999999,5.347503901897614,0.8604468650963308,defined,0.04441424526325227,sensitivity_only
id:x%3A0x1.8000000000000p%2B1,345,7.436,5.40728,5.445496098102385,0.8604468650963308,defined,-0.04441424526325227,sensitivity_only
id:x%3A0x1.8000000000000p%2B1,346,7.458,5.42884,5.390623901897615,0.8604468650963308,defined,0.04441424526325227,sensitivity_only
id:x%3A0x1.8000000000000p%2B1,347,7.48,5.4504,5.488616098102385,0.8604468650963308,defined,-0.04441424526325227,sensitivity_only
id:x%3A0x1.8000000000000p%2B1,348,7.502,5.471959999999999,5.423415226734807,1.0930000718791255,defined,0.04441424526325227,sensitivity_only
id:x%3A0x1.8000000000000p%2B1,349,7.524,5.49352,5.542064773265192,1.0930000718791255,defined,-0.04441424526325227,sensitivity_only
id:x%3A0x1.8000000000000p%2B1,350,7.546,5.51508,5.466535226734808,1.0930000718791255,defined,0.04441424526325227,sensitivity_only
id:x%3A0x1.8000000000000p%2B1,351,7.568,5.536639999999999,5.585184773265191,1.0930000718791255,defined,-0.04441424526325227,sensitivity_only
id:x%3A0x1.8000000000000p%2B1,352,7.59,5.558199999999999,5.509655226734807,1.0930000718791255,defined,0.04441424526325227,sensitivity_only
id:x%3A0x1.8000000000000p%2B1,353,7.612,5.57976,5.628304773265192,1.0930000718791255,defined,-0.04441424526325227,sensitivity_only
id:x%3A0x1.8000000000000p%2B1,354,7.634,5.60132,5.552775226734808,1.0930000718791255,defined,0.04441424526325227,sensitivity_only
id:x%3A0x1.8000000000000p%2B1,355,7.656,5.622879999999999,5.6714247732651915,1.0930000718791255,defined,-0.04441424526325227,sensitivity_only
id:x%3A0x1.8000000000000p%2B1,356,7.678,5.6444399999999995,5.595895226734807,1.0930000718791255,defined,0.04441424526325227,sensitivity_only
id:x%3A0x1.8000000000000p%2B1,357,7.7,5.666,5.714544773265192,1.0930000718791255,defined,-0.04441424526325227,sensitivity_only
id:x%3A0x1.8000000000000p%2B1,358,7.722,5.6875599999999995,5.6390152267348075,1.0930000718791255,defined,0.04441424526325227,sensitivity_only
id:x%3A0x1.8000000000000p%2B1,359,7.744,5.7091199999999995,5.7576647732651915,1.0930000718791255,defined,-0.04441424526325227,sensitivity_only
id:x%3A0x1.8000000000000p%2B1,360,7.766,5.7306799999999996,5.6821352267348075,1.0930000718791255,defined,0.04441424526325227,sensitivity_only
id:x%3A0x1.8000000000000p%2B1,361,7.788,5.7522400000000005,5.8007847732651925,1.0930000718791255,defined,-0.04441424526325227,sensitivity_only
id:x%3A0x1.8000000000000p%2B1,362,7.81,5.7738,5.725255226734808,1.0930000718791255,defined,0.04441424526325227,sensitivity_only
id:x%3A0x1.8000000000000p%2B1,363,7.832,5.79536,5.843904773265192,1.0930000718791255,defined,-0.04441424526325227,sensitivity_only
id:x%3A0x1.8000000000000p%2B1,364,7.854,5.81692,5.768375226734808,1.0930000718791255,defined,0.04441424526325227,sensitivity_only
id:x%3A0x1.8000000000000p%2B1,365,7.876,5.838480000000001,5.887024773265193,1.0930000718791255,defined,-0.04441424526325227,sensitivity_only
id:x%3A0x1.8000000000000p%2B1,366,7.898,5.86004,5.811495226734808,1.0930000718791255,defined,0.04441424526325227,sensitivity_only
id:x%3A0x1.8000000000000p%2B1,367,7.92,5.8816,5.930144773265192,1.0930000718791255,defined,-0.04441424526325227,sensitivity_only
id:x%3A0x1.8000000000000p%2B1,368,7.942,5.90316,5.854615226734808,1.0930000718791255,defined,0.04441424526325227,sensitivity_only
id:x%3A0x1.8000000000000p%2B1,369,7.964,5.924720000000001,5.973264773265193,1.0930000718791255,defined,-0.04441424526325227,sensitivity_only
id:x%3A0x1.8000000000000p%2B1,370,7.986,5.94628,5.897735226734808,1.0930000718791255,defined,0.04441424526325227,sensitivity_only
id:x%3A0x1.8000000000000p%2B1,371,8.0,5.96,6.008544773265192,1.0930000718791255,defined,-0.04441424526325227,sensitivity_only
id:x%3A0x1.8000000000000p%2B1,372,8.008,5.967839999999999,5.919295226734807,1.0930000718791255,defined,0.04441424526325227,sensitivity_only
id:x%3A0x1.8000000000000p%2B1,373,8.03,5.989399999999999,6.037944773265191,1.0930000718791255,defined,-0.04441424526325227,sensitivity_only
id:x%3A0x1.8000000000000p%2B1,374,8.052,6.010959999999999,5.962415226734807,1.0930000718791255,defined,0.04441424526325227,sensitivity_only
id:x%3A0x1.8000000000000p%2B1,375,8.074,6.03252,6.081064773265192,1.0930000718791255,defined,-0.04441424526325227,sensitivity_only
id:x%3A0x1.8000000000000p%2B1,376,8.096,6.05408,6.005535226734808,1.0930000718791255,defined,0.04441424526325227,sensitivity_only
id:x%3A0x1.8000000000000p%2B1,377,8.118,6.07564,6.124184773265192,1.0930000718791255,defined,-0.04441424526325227,sensitivity_only
id:x%3A0x1.8000000000000p%2B1,378,8.14,6.097200000000001,6.048655226734809,1.0930000718791255,defined,0.04441424526325227,sensitivity_only
id:x%3A0x1.8000000000000p%2B1,379,8.162,6.11876,6.167304773265192,1.0930000718791255,defined,-0.04441424526325227,sensitivity_only
id:x%3A0x1.8000000000000p%2B1,380,8.184,6.140319999999999,6.091775226734807,1.0930000718791255,defined,0.04441424526325227,sensitivity_only
id:x%3A0x1.8000000000000p%2B1,381,8.206,6.161879999999999,6.210424773265191,1.0930000718791255,defined,-0.04441424526325227,sensitivity_only
id:x%3A0x1.8000000000000p%2B1,382,8.228,6.183439999999999,6.134895226734807,1.0930000718791255,defined,0.04441424526325227,sensitivity_only
id:x%3A0x1.8000000000000p%2B1,383,8.25,6.205,6.253544773265192,1.0930000718791255,defined,-0.04441424526325227,sensitivity_only
id:x%3A0x1.8000000000000p%2B1,384,8.272,6.22656,6.178015226734808,1.0930000718791255,defined,0.04441424526325227,sensitivity_only
id:x%3A0x1.8000000000000p%2B1,385,8.294,6.24812,6.296664773265192,1.0930000718791255,defined,-0.04441424526325227,sensitivity_only
id:x%3A0x1.8000000000000p%2B1,386,8.316,6.269680000000001,6.221135226734809,1.0930000718791255,defined,0.04441424526325227,sensitivity_only
id:x%3A0x1.8000000000000p%2B1,387,8.338,6.291239999999998,6.33978477326519,1.0930000718791255,defined,-0.04441424526325227,sensitivity_only
id:x%3A0x1.8000000000000p%2B1,388,8.36,6.312799999999999,6.264255226734807,1.0930000718791255,defined,0.04441424526325227,sensitivity_only
id:x%3A0x1.8000000000000p%2B1,389,8.382,6.334359999999999,6.382904773265191,1.0930000718791255,defined,-0.04441424526325227,sensitivity_only
id:x%3A0x1.8000000000000p%2B1,390,8.404,6.355919999999999,6.307375226734807,1.0930000718791255,defined,0.04441424526325227,sensitivity_only
id:x%3A0x1.8000000000000p%2B1,391,8.426,6.37748,6.426024773265192,1.0930000718791255,defined,-0.04441424526325227,sensitivity_only
id:x%3A0x1.8000000000000p%2B1,392,8.448,6.39904,6.350495226734808,1.0930000718791255,defined,0.04441424526325227,sensitivity_only
id:x%3A0x1.8000000000000p%2B1,393,8.47,6.4206,6.469144773265192,1.0930000718791255,defined,-0.04441424526325227,sensitivity_only
id:x%3A0x1.8000000000000p%2B1,394,8.492,6.442160000000001,6.393615226734809,1.0930000718791255,defined,0.04441424526325227,sensitivity_only
id:x%3A0x1.8000000000000p%2B1,395,8.514,6.463719999999999,6.501936098102384,0.8604468650963308,defined,-0.04441424526325227,sensitivity_only
id:x%3A0x1.8000000000000p%2B1,396,8.536,6.4852799999999995,6.447063901897614,0.8604468650963308,defined,0.04441424526325227,sensitivity_only
id:x%3A0x1.8000000000000p%2B1,397,8.558,6.5068399999999995,6.545056098102385,0.8604468650963308,defined,-0.04441424526325227,sensitivity_only
id:x%3A0x1.8000000000000p%2B1,398,8.58,6.5283999999999995,6.490183901897614,0.8604468650963308,defined,0.04441424526325227,sensitivity_only
id:x%3A0x1.8000000000000p%2B1,399,8.602,6.5499600000000004,6.588176098102386,0.8604468650963308,defined,-0.04441424526325227,sensitivity_only
id:x%3A0x1.8000000000000p%2B1,400,8.624,6.5715200000000005,6.533303901897615,0.8604468650963308,defined,0.04441424526325227,sensitivity_only
id:x%3A0x1.8000000000000p%2B1,401,8.646,6.5930800000000005,6.631296098102386,0.8604468650963308,defined,-0.04441424526325227,sensitivity_only
id:x%3A0x1.8000000000000p%2B1,402,8.668,6.61464,6.5764239018976145,0.8604468650963308,defined,0.04441424526325227,sensitivity_only
id:x%3A0x1.8000000000000p%2B1,403,8.69,6.636199999999999,6.674416098102384,0.8604468650963308,defined,-0.04441424526325227,sensitivity_only
id:x%3A0x1.8000000000000p%2B1,404,8.712,6.65776,6.6195439018976145,0.8604468650963308,defined,0.04441424526325227,sensitivity_only
id:x%3A0x1.8000000000000p%2B1,405,8.734,6.67932,6.717536098102385,0.8604468650963308,defined,-0.04441424526325227,sensitivity_only
id:x%3A0x1.8000000000000p%2B1,406,8.756,6.70088,6.662663901897615,0.8604468650963308,defined,0.04441424526325227,sensitivity_only
id:x%3A0x1.8000000000000p%2B1,407,8.778,6.722440000000001,6.760656098102386,0.8604468650963308,defined,-0.04441424526325227,sensitivity_only
id:x%3A0x1.8000000000000p%2B1,408,8.8,6.744,6.705783901897615,0.8604468650963308,defined,0.04441424526325227,sensitivity_only
id:x%3A0x1.8000000000000p%2B1,409,8.822,6.765559999999999,6.803776098102384,0.8604468650963308,defined,-0.04441424526325227,sensitivity_only
id:x%3A0x1.8000000000000p%2B1,410,8.844,6.78712,6.748903901897615,0.8604468650963308,defined,0.04441424526325227,sensitivity_only
id:x%3A0x1.8000000000000p%2B1,411,8.866,6.808679999999999,6.846896098102384,0.8604468650963308,defined,-0.04441424526325227,sensitivity_only
id:x%3A0x1.8000000000000p%2B1,412,8.888,6.83024,6.792023901897615,0.8604468650963308,defined,0.04441424526325227,sensitivity_only
id:x%3A0x1.8000000000000p%2B1,413,8.91,6.8518,6.890016098102385,0.8604468650963308,defined,-0.04441424526325227,sensitivity_only
id:x%3A0x1.8000000000000p%2B1,414,8.932,6.87336,6.835143901897615,0.8604468650963308,defined,0.04441424526325227,sensitivity_only
id:x%3A0x1.8000000000000p%2B1,415,8.954,6.894920000000001,6.933136098102386,0.8604468650963308,defined,-0.04441424526325227,sensitivity_only
id:x%3A0x1.8000000000000p%2B1,416,8.976,6.91648,6.878263901897615,0.8604468650963308,defined,0.04441424526325227,sensitivity_only
id:x%3A0x1.8000000000000p%2B1,417,8.998,6.938039999999999,6.976256098102384,0.8604468650963308,defined,-0.04441424526325227,sensitivity_only
id:x%3A0x1.8000000000000p%2B1,418,9.0,6.9399999999999995,6.901783901897614,0.8604468650963308,defined,0.04441424526325227,sensitivity_only
id:x%3A0x1.8000000000000p%2B1,419,9.02,6.959599999999999,6.997816098102384,0.8604468650963308,defined,-0.04441424526325227,sensitivity_only
id:x%3A0x1.8000000000000p%2B1,420,9.042,6.981159999999999,6.942943901897614,0.8604468650963308,defined,0.04441424526325227,sensitivity_only
id:x%3A0x1.8000000000000p%2B1,421,9.064,7.00272,7.040936098102385,0.8604468650963308,defined,-0.04441424526325227,sensitivity_only
id:x%3A0x1.8000000000000p%2B1,422,9.086,7.02428,6.986063901897615,0.8604468650963308,defined,0.04441424526325227,sensitivity_only
id:x%3A0x1.8000000000000p%2B1,423,9.108,7.04584,7.084056098102385,0.8604468650963308,defined,-0.04441424526325227,sensitivity_only
id:x%3A0x1.8000000000000p%2B1,424,9.13,7.067400000000001,7.029183901897616,0.8604468650963308,defined,0.04441424526325227,sensitivity_only
id:x%3A0x1.8000000000000p%2B1,425,9.152,7.088959999999998,7.1271760981023835,0.8604468650963308,defined,-0.04441424526325227,sensitivity_only
id:x%3A0x1.8000000000000p%2B1,426,9.174,7.110519999999999,7.072303901897614,0.8604468650963308,defined,0.04441424526325227,sensitivity_only
id:x%3A0x1.8000000000000p%2B1,427,9.196,7.132079999999999,7.170296098102384,0.8604468650963308,defined,-0.04441424526325227,sensitivity_only
id:x%3A0x1.8000000000000p%2B1,428,9.218,7.153639999999999,7.115423901897614,0.8604468650963308,defined,0.04441424526325227,sensitivity_only
id:x%3A0x1.8000000000000p%2B1,429,9.24,7.1752,7.213416098102385,0.8604468650963308,defined,-0.04441424526325227,sensitivity_only
id:x%3A0x1.8000000000000p%2B1,430,9.262,7.19676,7.158543901897615,0.8604468650963308,defined,0.04441424526325227,sensitivity_only
id:x%3A0x1.8000000000000p%2B1,431,9.284,7.21832,7.256536098102385,0.8604468650963308,defined,-0.04441424526325227,sensitivity_only
id:x%3A0x1.8000000000000p%2B1,432,9.306,7.239879999999999,7.201663901897614,0.8604468650963308,defined,0.04441424526325227,sensitivity_only
id:x%3A0x1.8000000000000p%2B1,433,9.328,7.261439999999999,7.299656098102384,0.8604468650963308,defined,-0.04441424526325227,sensitivity_only
id:x%3A0x1.8000000000000p%2B1,434,9.35,7.2829999999999995,7.244783901897614,0.8604468650963308,defined,0.04441424526325227,sensitivity_only
id:x%3A0x1.8000000000000p%2B1,435,9.372,7.3045599999999995,7.342776098102385,0.8604468650963308,defined,-0.04441424526325227,sensitivity_only
id:x%3A0x1.8000000000000p%2B1,436,9.394,7.3261199999999995,7.287903901897614,0.8604468650963308,defined,0.04441424526325227,sensitivity_only
id:x%3A0x1.8000000000000p%2B1,437,9.416,7.34768,7.385896098102386,0.8604468650963308,defined,-0.04441424526325227,sensitivity_only
id:x%3A0x1.8000000000000p%2B1,438,9.438,7.3692400000000005,7.331023901897615,0.8604468650963308,defined,0.04441424526325227,sensitivity_only
id:x%3A0x1.8000000000000p%2B1,439,9.46,7.3908000000000005,7.429016098102386,0.8604468650963308,defined,-0.04441424526325227,sensitivity_only
id:x%3A0x1.8000000000000p%2B1,440,9.482,7.41236,7.3741439018976145,0.8604468650963308,defined,0.04441424526325227,sensitivity_only
id:x%3A0x1.8000000000000p%2B1,441,9.504,7.433919999999999,7.4607745554232965,0.6046383376352611,defined,-0.04441424526325227,sensitivity_only
id:x%3A0x1.8000000000000p%2B1,442,9.526,7.45548,7.428625444576702,0.6046383376352611,defined,0.04441424526325227,sensitivity_only
id:x%3A0x1.8000000000000p%2B1,443,9.548,7.47704,7.503894555423297,0.6046383376352611,defined,-0.04441424526325227,sensitivity_only
id:x%3A0x1.8000000000000p%2B1,444,9.57,7.4986,7.471745444576702,0.6046383376352611,defined,0.04441424526325227,sensitivity_only
id:x%3A0x1.8000000000000p%2B1,445,9.592,7.520160000000001,7.547014555423298,0.6046383376352611,defined,-0.04441424526325227,sensitivity_only
id:x%3A0x1.8000000000000p%2B1,446,9.614,7.541720000000001,7.514865444576703,0.6046383376352611,defined,0.04441424526325227,sensitivity_only
id:x%3A0x1.8000000000000p%2B1,447,9.636,7.563279999999999,7.590134555423297,0.6046383376352611,defined,-0.04441424526325227,sensitivity_only
id:x%3A0x1.8000000000000p%2B1,448,9.658,7.584839999999999,7.557985444576701,0.6046383376352611,defined,0.04441424526325227,sensitivity_only
id:x%3A0x1.8000000000000p%2B1,449,9.68,7.6064,7.633254555423298,0.6046383376352611,defined,-0.04441424526325227,sensitivity_only
id:x%3A0x1.8000000000000p%2B1,450,9.702,7.62796,7.601105444576702,0.6046383376352611,defined,0.04441424526325227,sensitivity_only
id:x%3A0x1.8000000000000p%2B1,451,9.724,7.64952,7.676374555423298,0.6046383376352611,defined,-0.04441424526325227,sensitivity_only
id:x%3A0x1.8000000000000p%2B1,452,9.746,7.67108,7.644225444576702,0.6046383376352611,defined,0.04441424526325227,sensitivity_only
id:x%3A0x1.8000000000000p%2B1,453,9.768,7.692640000000001,7.7194945554232985,0.6046383376352611,defined,-0.04441424526325227,sensitivity_only
id:x%3A0x1.8000000000000p%2B1,454,9.79,7.714199999999999,7.687345444576701,0.6046383376352611,defined,0.04441424526325227,sensitivity_only
id:x%3A0x1.8000000000000p%2B1,455,9.812,7.735759999999999,7.762614555423297,0.6046383376352611,defined,-0.04441424526325227,sensitivity_only
id:x%3A0x1.8000000000000p%2B1,456,9.834,7.757319999999999,7.730465444576701,0.6046383376352611,defined,0.04441424526325227,sensitivity_only
id:x%3A0x1.8000000000000p%2B1,457,9.856,7.77888,7.805734555423298,0.6046383376352611,defined,-0.04441424526325227,sensitivity_only
id:x%3A0x1.8000000000000p%2B1,458,9.878,7.80044,7.773585444576702,0.6046383376352611,defined,0.04441424526325227,sensitivity_only
id:x%3A0x1.8000000000000p%2B1,459,9.9,7.822,7.848854555423298,0.6046383376352611,defined,-0.04441424526325227,sensitivity_only
id:x%3A0x1.8000000000000p%2B1,460,9.922,7.84356,7.816705444576702,0.6046383376352611,defined,0.04441424526325227,sensitivity_only
id:x%3A0x1.8000000000000p%2B1,461,9.944,7.86512,7.891974555423298,0.6046383376352611,defined,-0.04441424526325227,sensitivity_only
id:x%3A0x1.8000000000000p%2B1,462,9.966,7.886679999999999,7.8598254445767015,0.6046383376352611,defined,0.04441424526325227,sensitivity_only
id:x%3A0x1.8000000000000p%2B1,463,9.988,7.908239999999999,7.935094555423297,0.6046383376352611,defined,-0.04441424526325227,sensitivity_only
id:x%3A0x1.8000000000000p%2B1,464,10.0,7.92,7.893145444576702,0.6046383376352611,defined,0.04441424526325227,sensitivity_only
id:x%3A0x1.8000000000000p%2B1,465,10.01,7.929799999999999,7.956654555423297,0.6046383376352611,defined,-0.04441424526325227,sensitivity_only
id:x%3A0x1.8000000000000p%2B1,466,10.032,7.951359999999999,7.924505444576702,0.6046383376352611,defined,0.04441424526325227,sensitivity_only
id:x%3A0x1.8000000000000p%2B1,467,10.054,7.97292,7.999774555423298,0.6046383376352611,defined,-0.04441424526325227,sensitivity_only
id:x%3A0x1.8000000000000p%2B1,468,10.076,7.99448,7.9676254445767025,0.6046383376352611,defined,0.04441424526325227,sensitivity_only
id:x%3A0x1.8000000000000p%2B1,469,10.098,8.01604,8.042894555423297,0.6046383376352611,defined,-0.04441424526325227,sensitivity_only
id:x%3A0x1.8000000000000p%2B1,470,10.12,8.037599999999998,8.0107454445767,0.6046383376352611,defined,0.04441424526325227,sensitivity_only
id:x%3A0x1.8000000000000p%2B1,471,10.142,8.059159999999999,8.086014555423295,0.6046383376352611,defined,-0.04441424526325227,sensitivity_only
id:x%3A0x1.8000000000000p%2B1,472,10.164,8.08072,8.053865444576703,0.6046383376352611,defined,0.04441424526325227,sensitivity_only
id:x%3A0x1.8000000000000p%2B1,473,10.186,8.10228,8.129134555423297,0.6046383376352611,defined,-0.04441424526325227,sensitivity_only
id:x%3A0x1.8000000000000p%2B1,474,10.208,8.12384,8.096985444576703,0.6046383376352611,defined,0.04441424526325227,sensitivity_only
id:x%3A0x1.8000000000000p%2B1,475,10.23,8.1454,8.172254555423297,0.6046383376352611,defined,-0.04441424526325227,sensitivity_only
id:x%3A0x1.8000000000000p%2B1,476,10.252,8.16696,8.140105444576703,0.6046383376352611,defined,0.04441424526325227,sensitivity_only
id:x%3A0x1.8000000000000p%2B1,477,10.274,8.188519999999999,8.215374555423296,0.6046383376352611,defined,-0.04441424526325227,sensitivity_only
id:x%3A0x1.8000000000000p%2B1,478,10.296,8.210079999999998,8.183225444576701,0.6046383376352611,defined,0.04441424526325227,sensitivity_only
id:x%3A0x1.8000000000000p%2B1,479,10.318,8.231639999999999,8.258494555423296,0.6046383376352611,defined,-0.04441424526325227,sensitivity_only
id:x%3A0x1.8000000000000p%2B1,480,10.34,8.2532,8.226345444576703,0.6046383376352611,defined,0.04441424526325227,sensitivity_only
id:x%3A0x1.8000000000000p%2B1,481,10.362,8.27476,8.301614555423297,0.6046383376352611,defined,-0.04441424526325227,sensitivity_only
id:x%3A0x1.8000000000000p%2B1,482,10.384,8.29632,8.269465444576703,0.6046383376352611,defined,0.04441424526325227,sensitivity_only
id:x%3A0x1.8000000000000p%2B1,483,10.406,8.31788,8.344734555423297,0.6046383376352611,defined,-0.04441424526325227,sensitivity_only
id:x%3A0x1.8000000000000p%2B1,484,10.428,8.33944,8.312585444576703,0.6046383376352611,defined,0.04441424526325227,sensitivity_only
id:x%3A0x1.8000000000000p%2B1,485,10.45,8.360999999999999,8.387854555423296,0.6046383376352611,defined,-0.04441424526325227,sensitivity_only
id:x%3A0x1.8000000000000p%2B1,486,10.472,8.382559999999998,8.355705444576701,0.6046383376352611,defined,0.04441424526325227,sensitivity_only
id:x%3A0x1.8000000000000p%2B1,487,10.494,8.404119999999999,8.430974555423296,0.6046383376352611,defined,-0.04441424526325227,sensitivity_only
id:x%3A0x1.8000000000000p%2B1,488,10.516,8.42568,8.398379564240807,0.6146774665960905,defined,0.04441424526325227,sensitivity_only
id:x%3A0x1.8000000000000p%2B1,489,10.538,8.44724,8.474540435759193,0.6146774665960905,defined,-0.04441424526325227,sensitivity_only
id:x%3A0x1.8000000000000p%2B1,490,10.56,8.4688,8.441499564240807,0.6146774665960905,defined,0.04441424526325227,sensitivity_only
id:x%3A0x1.8000000000000p%2B1,491,10.582,8.49036,8.517660435759193,0.6146774665960905,defined,-0.04441424526325227,sensitivity_only
id:x%3A0x1.8000000000000p%2B1,492,10.604,8.51192,8.484619564240807,0.6146774665960905,defined,0.04441424526325227,sensitivity_only
id:x%3A0x1.8000000000000p%2B1,493,10.626,8.533479999999999,8.560780435759192,0.6146774665960905,defined,-0.04441424526325227,sensitivity_only
id:x%3A0x1.8000000000000p%2B1,494,10.648,8.555039999999998,8.527739564240806,0.6146774665960905,defined,0.04441424526325227,sensitivity_only
id:x%3A0x1.8000000000000p%2B1,495,10.67,8.5766,8.603900435759192,0.6146774665960905,defined,-0.04441424526325227,sensitivity_only
id:x%3A0x1.8000000000000p%2B1,496,10.692,8.59816,8.570859564240807,0.6146774665960905,defined,0.04441424526325227,sensitivity_only
id:x%3A0x1.8000000000000p%2B1,497,10.714,8.619720000000001,8.647020435759194,0.6146774665960905,defined,-0.04441424526325227,sensitivity_only
id:x%3A0x1.8000000000000p%2B1,498,10.736,8.64128,8.613979564240807,0.6146774665960905,defined,0.04441424526325227,sensitivity_only
id:x%3A0x1.8000000000000p%2B1,499,10.758,8.66284,8.690140435759192,0.6146774665960905,defined,-0.04441424526325227,sensitivity_only
id:x%3A0x1.8000000000000p%2B1,500,10.78,8.6844,8.657099564240808,0.6146774665960905,defined,0.04441424526325227,sensitivity_only
id:x%3A0x1.8000000000000p%2B1,501,10.802,8.70596,8.733260435759192,0.6146774665960905,defined,-0.04441424526325227,sensitivity_only
id:x%3A0x1.8000000000000p%2B1,502,10.824,8.727519999999998,8.700219564240806,0.6146774665960905,defined,0.04441424526325227,sensitivity_only
id:x%3A0x1.8000000000000p%2B1,503,10.846,8.74908,8.776380435759192,0.6146774665960905,defined,-0.04441424526325227,sensitivity_only
id:x%3A0x1.8000000000000p%2B1,504,10.868,8.77064,8.743339564240808,0.6146774665960905,defined,0.04441424526325227,sensitivity_only
id:x%3A0x1.8000000000000p%2B1,505,10.89,8.792200000000001,8.819500435759194,0.6146774665960905,defined,-0.04441424526325227,sensitivity_only
id:x%3A0x1.8000000000000p%2B1,506,10.912,8.81376,8.786459564240808,0.6146774665960905,defined,0.04441424526325227,sensitivity_only
id:x%3A0x1.8000000000000p%2B1,507,10.934,8.83532,8.862620435759192,0.6146774665960905,defined,-0.04441424526325227,sensitivity_only
id:x%3A0x1.8000000000000p%2B1,508,10.956,8.85688,8.829579564240808,0.6146774665960905,defined,0.04441424526325227,sensitivity_only
id:x%3A0x1.8000000000000p%2B1,509,10.978,8.87844,8.905740435759192,0.6146774665960905,defined,-0.04441424526325227,sensitivity_only
id:x%3A0x1.8000000000000p%2B1,510,11.0,8.899999999999999,8.872699564240806,0.6146774665960905,defined,0.04441424526325227,sensitivity_only
id:x%3A0x1.0000000000000p%2B2,0,0.0,1.75,1.694317173732319,0.6516075414303091,defined,0.08545454545454545,sensitivity_only
id:x%3A0x1.0000000000000p%2B2,1,0.022,1.75704,1.7847994058477983,0.6516075414303091,defined,-0.042601418925976665,sensitivity_only
id:x%3A0x1.0000000000000p%2B2,2,0.044,1.76408,1.7363205941522017,0.6516075414303091,defined,0.042601418925976665,sensitivity_only
id:x%3A0x1.0000000000000p%2B2,3,0.066,1.77112,1.7988794058477984,0.6516075414303091,defined,-0.042601418925976665,sensitivity_only
id:x%3A0x1.0000000000000p%2B2,4,0.088,1.77816,1.7504005941522016,0.6516075414303091,defined,0.042601418925976665,sensitivity_only
id:x%3A0x1.0000000000000p%2B2,5,0.11,1.7852,1.8129594058477982,0.6516075414303091,defined,-0.042601418925976665,sensitivity_only
id:x%3A0x1.0000000000000p%2B2,6,0.132,1.79224,1.7644805941522017,0.6516075414303091,defined,0.042601418925976665,sensitivity_only
id:x%3A0x1.0000000000000p%2B2,7,0.154,1.79928,1.8270394058477983,0.6516075414303091,defined,-0.042601418925976665,sensitivity_only
id:x%3A0x1.0000000000000p%2B2,8,0.176,1.80632,1.7785605941522016,0.6516075414303091,defined,0.042601418925976665,sensitivity_only
id:x%3A0x1.0000000000000p%2B2,9,0.198,1.81336,1.8411194058477984,0.6516075414303091,defined,-0.042601418925976665,sensitivity_only
id:x%3A0x1.0000000000000p%2B2,10,0.22,1.8204,1.7926405941522017,0.6516075414303091,defined,0.042601418925976665,sensitivity_only
id:x%3A0x1.0000000000000p%2B2,11,0.242,1.82744,1.8551994058477983,0.6516075414303091,defined,-0.042601418925976665,sensitivity_only
id:x%3A0x1.0000000000000p%2B2,12,0.264,1.83448,1.8067205941522018,0.6516075414303091,defined,0.042601418925976665,sensitivity_only
id:x%3A0x1.0000000000000p%2B2,13,0.286,1.84152,1.8692794058477984,0.6516075414303091,defined,-0.042601418925976665,sensitivity_only
id:x%3A0x1.0000000000000p%2B2,14,0.308,1.84856,1.8208005941522016,0.6516075414303091,defined,0.042601418925976665,sensitivity_only
id:x%3A0x1.0000000000000p%2B2,15,0.33,1.8556,1.8833594058477983,0.6516075414303091,defined,-0.042601418925976665,sensitivity_only
id:x%3A0x1.0000000000000p%2B2,16,0.352,1.86264,1.8348805941522017,0.6516075414303091,defined,0.042601418925976665,sensitivity_only
id:x%3A0x1.0000000000000p%2B2,17,0.374,1.86968,1.8974394058477984,0.6516075414303091,defined,-0.042601418925976665,sensitivity_only
id:x%3A0x1.0000000000000p%2B2,18,0.396,1.87672,1.8489605941522016,0.6516075414303091,defined,0.042601418925976665,sensitivity_only
id:x%3A0x1.0000000000000p%2B2,19,0.418,1.88376,1.9115194058477984,0.6516075414303091,defined,-0.042601418925976665,sensitivity_only
id:x%3A0x1.0000000000000p%2B2,20,0.44,1.8908,1.8630405941522017,0.6516075414303091,defined,0.042601418925976665,sensitivity_only
id:x%3A0x1.0000000000000p%2B2,21,0.462,1.89784,1.9255994058477983,0.6516075414303091,defined,-0.042601418925976665,sensitivity_only
id:x%3A0x1.0000000000000p%2B2,22,0.484,1.90488,1.8771205941522016,0.6516075414303091,defined,0.042601418925976665,sensitivity_only
id:x%3A0x1.0000000000000p%2B2,23,0.506,1.91192,1.9420427384546706,0.7070829848886273,defined,-0.042601418925976665,sensitivity_only
id:x%3A0x1.0000000000000p%2B2,24,0.528,1.91896,1.8888372615453295,0.7070829848886273,defined,0.042601418925976665,sensitivity_only
id:x%3A0x1.0000000000000p%2B2,25,0.55,1.926,1.9561227384546704,0.7070829848886273,defined,-0.042601418925976665,sensitivity_only
id:x%3A0x1.0000000000000p%2B2,26,0.572,1.93304,1.9029172615453296,0.7070829848886273,defined,0.042601418925976665,sensitivity_only
id:x%3A0x1.0000000000000p%2B2,27,0.594,1.94008,1.9702027384546705,0.7070829848886273,defined,-0.042601418925976665,sensitivity_only
id:x%3A0x1.0000000000000p%2B2,28,0.616,1.94712,1.9169972615453295,0.7070829848886273,defined,0.042601418925976665,sensitivity_only
id:x%3A0x1.0000000000000p%2B2,29,0.638,1.95416,1.9842827384546704,0.7070829848886273,defined,-0.042601418925976665,sensitivity_only
id:x%3A0x1.0000000000000p%2B2,30,0.66,1.9612,1.9310772615453295,0.7070829848886273,defined,0.042601418925976665,sensitivity_only
id:x%3A0x1.0000000000000p%2B2,31,0.682,1.96824,1.9983627384546705,0.7070829848886273,defined,-0.042601418925976665,sensitivity_only
id:x%3A0x1.0000000000000p%2B2,32,0.704,1.97528,1.9451572615453294,0.7070829848886273,defined,0.042601418925976665,sensitivity_only
id:x%3A0x1.0000000000000p%2B2,33,0.726,1.98232,2.0124427384546704,0.7070829848886273,defined,-0.042601418925976665,sensitivity_only
id:x%3A0x1.0000000000000p%2B2,34,0.748,1.98936,1.9592372615453295,0.7070829848886273,defined,0.042601418925976665,sensitivity_only
id:x%3A0x1.0000000000000p%2B2,35,0.77,1.9964,2.0265227384546702,0.7070829848886273,defined,-0.042601418925976665,sensitivity_only
id:x%3A0x1.0000000000000p%2B2,36,0.792,2.00344,1.9733172615453294,0.7070829848886273,defined,0.042601418925976665,sensitivity_only
id:x%3A0x1.0000000000000p%2B2,37,0.814,2.01048,2.04060273845467,0.7070829848886273,defined,-0.042601418925976665,sensitivity_only
id:x%3A0x1.0000000000000p%2B2,38,0.836,2.01752,1.9873972615453297,0.7070829848886273,defined,0.042601418925976665,sensitivity_only
id:x%3A0x1.0000000000000p%2B2,39,0.858,2.02456,2.0546827384546704,0.7070829848886273,defined,-0.042601418925976665,sensitivity_only
id:x%3A0x1.0000000000000p%2B2,40,0.88,2.0316,2.00147726154533,0.7070829848886273,defined,0.042601418925976665,sensitivity_only
id:x%3A0x1.0000000000000p%2B2,41,0.902,2.03864,2.0687627384546703,0.7070829848886273,defined,-0.042601418925976665,sensitivity_only
id:x%3A0x1.0000000000000p%2B2,42,0.924,2.04568,2.0155572615453297,0.7070829848886273,defined,0.042601418925976665,sensitivity_only
id:x%3A0x1.0000000000000p%2B2,43,0.946,2.05272,2.08284273845467,0.7070829848886273,defined,-0.042601418925976665,sensitivity_only
id:x%3A0x1.0000000000000p%2B2,44,0.968,2.05976,2.0296372615453295,0.7070829848886273,defined,0.042601418925976665,sensitivity_only
id:x%3A0x1.0000000000000p%2B2,45,0.99,2.0668,2.0969227384546705,0.7070829848886273,defined,-0.042601418925976665,sensitivity_only
id:x%3A0x1.0000000000000p%2B2,46,1.0,2.07,2.0398772615453296,0.7070829848886273,defined,0.042601418925976665,sensitivity_only
id:x%3A0x1.0000000000000p%2B2,47,1.012,2.07384,2.1039627384546704,0.7070829848886273,defined,-0.042601418925976665,sensitivity_only
id:x%3A0x1.0000000000000p%2B2,48,1.034,2.08088,2.05075726154533,0.7070829848886273,defined,0.042601418925976665,sensitivity_only
id:x%3A0x1.0000000000000p%2B2,49,1.056,2.08792,2.1180427384546703,0.7070829848886273,defined,-0.042601418925976665,sensitivity_only
id:x%3A0x1.0000000000000p%2B2,50,1.078,2.09496,2.0648372615453296,0.7070829848886273,defined,0.042601418925976665,sensitivity_only
id:x%3A0x1.0000000000000p%2B2,51,1.1,2.102,2.13212273845467,0.7070829848886273,defined,-0.042601418925976665,sensitivity_only
id:x%3A0x1.0000000000000p%2B2,52,1.122,2.1090400000000002,2.07891726154533,0.7070829848886273,defined,0.042601418925976665,sensitivity_only
id:x%3A0x1.0000000000000p%2B2,53,1.144,2.11608,2.1462027384546705,0.7070829848886273,defined,-0.042601418925976665,sensitivity_only
id:x%3A0x1.0000000000000p%2B2,54,1.166,2.12312,2.09299726154533,0.7070829848886273,defined,0.042601418925976665,sensitivity_only
id:x%3A0x1.0000000000000p%2B2,55,1.188,2.13016,2.1602827384546703,0.7070829848886273,defined,-0.042601418925976665,sensitivity_only
id:x%3A0x1.0000000000000p%2B2,56,1.21,2.1372,2.1070772615453297,0.7070829848886273,defined,0.042601418925976665,sensitivity_only
id:x%3A0x1.0000000000000p%2B2,57,1.232,2.14424,2.17436273845467,0.7070829848886273,defined,-0.042601418925976665,sensitivity_only
id:x%3A0x1.0000000000000p%2B2,58,1.254,2.15128,2.1211572615453296,0.7070829848886273,defined,0.042601418925976665,sensitivity_only
id:x%3A0x1.0000000000000p%2B2,59,1.276,2.15832,2.18844273845467,0.7070829848886273,defined,-0.042601418925976665,sensitivity_only
id:x%3A0x1.0000000000000p%2B2,60,1.298,2.16536,2.13523726154533,0.7070829848886273,defined,0.042601418925976665,sensitivity_only
id:x%3A0x1.0000000000000p%2B2,61,1.32,2.1724,2.2025227384546704,0.7070829848886273,defined,-0.042601418925976665,sensitivity_only
id:x%3A0x1.0000000000000p%2B2,62,1.342,2.17944,2.1493172615453298,0.7070829848886273,defined,0.042601418925976665,sensitivity_only
id:x%3A0x1.0000000000000p%2B2,63,1.364,2.18648,2.2166027384546703,0.7070829848886273,defined,-0.042601418925976665,sensitivity_only
id:x%3A0x1.0000000000000p%2B2,64,1.386,2.19352,2.1633972615453296,0.7070829848886273,defined,0.042601418925976665,sensitivity_only
id:x%3A0x1.0000000000000p%2B2,65,1.408,2.20056,2.23068273845467,0.7070829848886273,defined,-0.042601418925976665,sensitivity_only
id:x%3A0x1.0000000000000p%2B2,66,1.43,2.2076000000000002,2.17747726154533,0.7070829848886273,defined,0.042601418925976665,sensitivity_only
id:x%3A0x1.0000000000000p%2B2,67,1.452,2.21464,2.2447627384546704,0.7070829848886273,defined,-0.042601418925976665,sensitivity_only
id:x%3A0x1.0000000000000p%2B2,68,1.474,2.22168,2.19155726154533,0.7070829848886273,defined,0.042601418925976665,sensitivity_only
id:x%3A0x1.0000000000000p%2B2,69,1.496,2.22872,2.2588427384546703,0.7070829848886273,defined,-0.042601418925976665,sensitivity_only
id:x%3A0x1.0000000000000p%2B2,70,1.518,2.23576,2.202051221253107,0.7912595307087035,defined,0.042601418925976665,sensitivity_only
id:x%3A0x1.0000000000000p%2B2,71,1.54,2.2428,2.276508778746893,0.7912595307087035,defined,-0.042601418925976665,sensitivity_only
id:x%3A0x1.0000000000000p%2B2,72,1.562,2.24984,2.216131221253107,0.7912595307087035,defined,0.042601418925976665,sensitivity_only
id:x%3A0x1.0000000000000p%2B2,73,1.584,2.2568799999999998,2.290588778746893,0.7912595307087035,defined,-0.042601418925976665,sensitivity_only
id:x%3A0x1.0000000000000p%2B2,74,1.606,2.26392,2.230211221253107,0.7912595307087035,defined,0.042601418925976665,sensitivity_only
id:x%3A0x1.0000000000000p%2B2,75,1.628,2.27096,2.304668778746893,0.7912595307087035,defined,-0.042601418925976665,sensitivity_only
id:x%3A0x1.0000000000000p%2B2,76,1.65,2.278,2.244291221253107,0.7912595307087035,defined,0.042601418925976665,sensitivity_only
id:x%3A0x1.0000000000000p%2B2,77,1.672,2.28504,2.318748778746893,0.7912595307087035,defined,-0.042601418925976665,sensitivity_only
id:x%3A0x1.0000000000000p%2B2,78,1.694,2.29208,2.258371221253107,0.7912595307087035,defined,0.042601418925976665,sensitivity_only
id:x%3A0x1.0000000000000p%2B2,79,1.716,2.2991200000000003,2.3328287787468933,0.7912595307087035,defined,-0.042601418925976665,sensitivity_only
id:x%3A0x1.0000000000000p%2B2,80,1.738,2.30616,2.272451221253107,0.7912595307087035,defined,0.042601418925976665,sensitivity_only
id:x%3A0x1.0000000000000p%2B2,81,1.76,2.3132,2.346908778746893,0.7912595307087035,defined,-0.042601418925976665,sensitivity_only
id:x%3A0x1.0000000000000p%2B2,82,1.782,2.32024,2.286531221253107,0.7912595307087035,defined,0.042601418925976665,sensitivity_only
id:x%3A0x1.0000000000000p%2B2,83,1.804,2.32728,2.360988778746893,0.7912595307087035,defined,-0.042601418925976665,sensitivity_only
id:x%3A0x1.0000000000000p%2B2,84,1.826,2.33432,2.300611221253107,0.7912595307087035,defined,0.042601418925976665,sensitivity_only
id:x%3A0x1.0000000000000p%2B2,85,1.848,2.34136,2.375068778746893,0.7912595307087035,defined,-0.042601418925976665,sensitivity_only
id:x%3A0x1.0000000000000p%2B2,86,1.87,2.3484,2.314691221253107,0.7912595307087035,defined,0.042601418925976665,sensitivity_only
id:x%3A0x1.0000000000000p%2B2,87,1.892,2.3554399999999998,2.389148778746893,0.7912595307087035,defined,-0.042601418925976665,sensitivity_only
id:x%3A0x1.0000000000000p%2B2,88,1.914,2.36248,2.328771221253107,0.7912595307087035,defined,0.042601418925976665,sensitivity_only
id:x%3A0x1.0000000000000p%2B2,89,1.936,2.36952,2.403228778746893,0.7912595307087035,defined,-0.042601418925976665,sensitivity_only
id:x%3A0x1.0000000000000p%2B2,90,1.958,2.37656,2.342851221253107,0.7912595307087035,defined,0.042601418925976665,sensitivity_only
id:x%3A0x1.0000000000000p%2B2,91,1.98,2.3836,2.417308778746893,0.7912595307087035,defined,-0.042601418925976665,sensitivity_only
id:x%3A0x1.0000000000000p%2B2,92,2.0,2.39,2.356291221253107,0.7912595307087035,defined,0.042601418925976665,sensitivity_only
id:x%3A0x1.0000000000000p%2B2,93,2.002,2.39064,2.424348778746893,0.7912595307087035,defined,-0.042601418925976665,sensitivity_only
id:x%3A0x1.0000000000000p%2B2,94,2.024,2.3976800000000003,2.363971221253107,0.7912595307087035,defined,0.042601418925976665,sensitivity_only
id:x%3A0x1.0000000000000p%2B2,95,2.046,2.40472,2.4384287787468932,0.7912595307087035,defined,-0.042601418925976665,sensitivity_only
id:x%3A0x1.0000000000000p%2B2,96,2.068,2.41176,2.378051221253107,0.7912595307087035,defined,0.042601418925976665,sensitivity_only
id:x%3A0x1.0000000000000p%2B2,97,2.09,2.4188,2.452508778746893,0.7912595307087035,defined,-0.042601418925976665,sensitivity_only
id:x%3A0x1.0000000000000p%2B2,98,2.112,2.42584,2.392131221253107,0.7912595307087035,defined,0.042601418925976665,sensitivity_only
id:x%3A0x1.0000000000000p%2B2,99,2.134,2.43288,2.466588778746893,0.7912595307087035,defined,-0.042601418925976665,sensitivity_only
id:x%3A0x1.0000000000000p%2B2,100,2.156,2.43992,2.406211221253107,0.7912595307087035,defined,0.042601418925976665,sensitivity_only
id:x%3A0x1.0000000000000p%2B2,101,2.178,2.44696,2.480668778746893,0.7912595307087035,defined,-0.042601418925976665,sensitivity_only
id:x%3A0x1.0000000000000p%2B2,102,2.2,2.454,2.420291221253107,0.7912595307087035,defined,0.042601418925976665,sensitivity_only
id:x%3A0x1.0000000000000p%2B2,103,2.222,2.46104,2.494748778746893,0.7912595307087035,defined,-0.042601418925976665,sensitivity_only
id:x%3A0x1.0000000000000p%2B2,104,2.244,2.46808,2.434371221253107,0.7912595307087035,defined,0.042601418925976665,sensitivity_only
id:x%3A0x1.0000000000000p%2B2,105,2.266,2.47512,2.508828778746893,0.7912595307087035,defined,-0.042601418925976665,sensitivity_only
id:x%3A0x1.0000000000000p%2B2,106,2.288,2.48216,2.448451221253107,0.7912595307087035,defined,0.042601418925976665,sensitivity_only
id:x%3A0x1.0000000000000p%2B2,107,2.31,2.4892000000000003,2.5229087787468933,0.7912595307087035,defined,-0.042601418925976665,sensitivity_only
id:x%3A0x1.0000000000000p%2B2,108,2.332,2.4962400000000002,2.462531221253107,0.7912595307087035,defined,0.042601418925976665,sensitivity_only
id:x%3A0x1.0000000000000p%2B2,109,2.354,2.50328,2.536988778746893,0.7912595307087035,defined,-0.042601418925976665,sensitivity_only
id:x%3A0x1.0000000000000p%2B2,110,2.376,2.51032,2.476611221253107,0.7912595307087035,defined,0.042601418925976665,sensitivity_only
id:x%3A0x1.0000000000000p%2B2,111,2.398,2.51736,2.551068778746893,0.7912595307087035,defined,-0.042601418925976665,sensitivity_only
id:x%3A0x1.0000000000000p%2B2,112,2.42,2.5244,2.490691221253107,0.7912595307087035,defined,0.042601418925976665,sensitivity_only
id:x%3A0x1.0000000000000p%2B2,113,2.442,2.53144,2.565148778746893,0.7912595307087035,defined,-0.042601418925976665,sensitivity_only
id:x%3A0x1.0000000000000p%2B2,114,2.464,2.53848,2.504771221253107,0.7912595307087035,defined,0.042601418925976665,sensitivity_only
id:x%3A0x1.0000000000000p%2B2,115,2.486,2.5455200000000002,2.5792287787468933,0.7912595307087035,defined,-0.042601418925976665,sensitivity_only
id:x%3A0x1.0000000000000p%2B2,116,2.508,2.55256,2.516487888646235,0.8467349741670217,defined,0.042601418925976665,sensitivity_only
id:x%3A0x1.0000000000000p%2B2,117,2.53,2.5596,2.5956721113537653,0.8467349741670217,defined,-0.042601418925976665,sensitivity_only
id:x%3A0x1.0000000000000p%2B2,118,2.552,2.56664,2.530567888646235,0.8467349741670217,defined,0.042601418925976665,sensitivity_only
id:x%3A0x1.0000000000000p%2B2,119,2.574,2.57368,2.609752111353765,0.8467349741670217,defined,-0.042601418925976665,sensitivity_only
id:x%3A0x1.0000000000000p%2B2,120,2.596,2.58072,2.5446478886462347,0.8467349741670217,defined,0.042601418925976665,sensitivity_only
id:x%3A0x1.0000000000000p%2B2,121,2.618,2.58776,2.623832111353765,0.8467349741670217,defined,-0.042601418925976665,sensitivity_only
id:x%3A0x1.0000000000000p%2B2,122,2.64,2.5948,2.558727888646235,0.8467349741670217,defined,0.042601418925976665,sensitivity_only
id:x%3A0x1.0000000000000p%2B2,123,2.662,2.60184,2.6379121113537654,0.8467349741670217,defined,-0.042601418925976665,sensitivity_only
id:x%3A0x1.0000000000000p%2B2,124,2.684,2.60888,2.572807888646235,0.8467349741670217,defined,0.042601418925976665,sensitivity_only
id:x%3A0x1.0000000000000p%2B2,125,2.706,2.61592,2.6519921113537652,0.8467349741670217,defined,-0.042601418925976665,sensitivity_only
id:x%3A0x1.0000000000000p%2B2,126,2.728,2.62296,2.5868878886462348,0.8467349741670217,defined,0.042601418925976665,sensitivity_only
id:x%3A0x1.0000000000000p%2B2,127,2.75,2.63,2.666072111353765,0.8467349741670217,defined,-0.042601418925976665,sensitivity_only
id:x%3A0x1.0000000000000p%2B2,128,2.772,2.63704,2.6009678886462346,0.8467349741670217,defined,0.042601418925976665,sensitivity_only
id:x%3A0x1.0000000000000p%2B2,129,2.794,2.6440799999999998,2.680152111353765,0.8467349741670217,defined,-0.042601418925976665,sensitivity_only
id:x%3A0x1.0000000000000p%2B2,130,2.816,2.6511199999999997,2.6150478886462345,0.8467349741670217,defined,0.042601418925976665,sensitivity_only
id:x%3A0x1.0000000000000p%2B2,131,2.838,2.65816,2.6942321113537653,0.8467349741670217,defined,-0.042601418925976665,sensitivity_only
id:x%3A0x1.0000000000000p%2B2,132,2.86,2.6652,2.629127888646235,0.8467349741670217,defined,0.042601418925976665,sensitivity_only
id:x%3A0x1.0000000000000p%2B2,133,2.882,2.67224,2.708312111353765,0.8467349741670217,defined,-0.042601418925976665,sensitivity_only
id:x%3A0x1.0000000000000p%2B2,134,2.904,2.67928,2.6432078886462347,0.8467349741670217,defined,0.042601418925976665,sensitivity_only
id:x%3A0x1.0000000000000p%2B2,135,2.926,2.6863200000000003,2.7223921113537655,0.8467349741670217,defined,-0.042601418925976665,sensitivity_only
id:x%3A0x1.0000000000000p%2B2,136,2.948,2.69336,2.657287888646235,0.8467349741670217,defined,0.042601418925976665,sensitivity_only
id:x%3A0x1.0000000000000p%2B2,137,2.97,2.7004,2.7364721113537653,0.8467349741670217,defined,-0.042601418925976665,sensitivity_only
id:x%3A0x1.0000000000000p%2B2,138,2.992,2.70744,2.671367888646235,0.8467349741670217,defined,0.042601418925976665,sensitivity_only
id:x%3A0x1.0000000000000p%2B2,139,3.0,2.71,2.746072111353765,0.8467349741670217,defined,-0.042601418925976665,sensitivity_only
id:x%3A0x1.0000000000000p%2B2,140,3.014,2.71448,2.678407888646235,0.8467349741670217,defined,0.042601418925976665,sensitivity_only
id:x%3A0x1.0000000000000p%2B2,141,3.036,2.72152,2.757592111353765,0.8467349741670217,defined,-0.042601418925976665,sensitivity_only
id:x%3A0x1.0000000000000p%2B2,142,3.058,2.72856,2.6924878886462347,0.8467349741670217,defined,0.042601418925976665,sensitivity_only
id:x%3A0x1.0000000000000p%2B2,143,3.08,2.7356,2.771672111353765,0.8467349741670217,defined,-0.042601418925976665,sensitivity_only
id:x%3A0x1.0000000000000p%2B2,144,3.102,2.7426399999999997,2.7065678886462345,0.8467349741670217,defined,0.042601418925976665,sensitivity_only
id:x%3A0x1.0000000000000p%2B2,145,3.124,2.74968,2.7857521113537653,0.8467349741670217,defined,-0.042601418925976665,sensitivity_only
id:x%3A0x1.0000000000000p%2B2,146,3.146,2.75672,2.720647888646235,0.8467349741670217,defined,0.042601418925976665,sensitivity_only
id:x%3A0x1.0000000000000p%2B2,147,3.168,2.76376,2.799832111353765,0.8467349741670217,defined,-0.042601418925976665,sensitivity_only
id:x%3A0x1.0000000000000p%2B2,148,3.19,2.7708,2.7347278886462347,0.8467349741670217,defined,0.042601418925976665,sensitivity_only
id:x%3A0x1.0000000000000p%2B2,149,3.212,2.7778400000000003,2.8139121113537655,0.8467349741670217,defined,-0.042601418925976665,sensitivity_only
id:x%3A0x1.0000000000000p%2B2,150,3.234,2.7848800000000002,2.748807888646235,0.8467349741670217,defined,0.042601418925976665,sensitivity_only
id:x%3A0x1.0000000000000p%2B2,151,3.256,2.79192,2.8279921113537654,0.8467349741670217,defined,-0.042601418925976665,sensitivity_only
id:x%3A0x1.0000000000000p%2B2,152,3.278,2.79896,2.762887888646235,0.8467349741670217,defined,0.042601418925976665,sensitivity_only
id:x%3A0x1.0000000000000p%2B2,153,3.3,2.806,2.8420721113537653,0.8467349741670217,defined,-0.042601418925976665,sensitivity_only
id:x%3A0x1.0000000000000p%2B2,154,3.322,2.81304,2.776967888646235,0.8467349741670217,defined,0.042601418925976665,sensitivity_only
id:x%3A0x1.0000000000000p%2B2,155,3.344,2.82008,2.856152111353765,0.8467349741670217,defined,-0.042601418925976665,sensitivity_only
id:x%3A0x1.0000000000000p%2B2,156,3.366,2.82712,2.7910478886462347,0.8467349741670217,defined,0.042601418925976665,sensitivity_only
id:x%3A0x1.0000000000000p%2B2,157,3.388,2.83416,2.870232111353765,0.8467349741670217,defined,-0.042601418925976665,sensitivity_only
id:x%3A0x1.0000000000000p%2B2,158,3.41,2.8412,2.805127888646235,0.8467349741670217,defined,0.042601418925976665,sensitivity_only
id:x%3A0x1.0000000000000p%2B2,159,3.432,2.84824,2.8843121113537653,0.8467349741670217,defined,-0.042601418925976665,sensitivity_only
id:x%3A0x1.0000000000000p%2B2,160,3.454,2.85528,2.819207888646235,0.8467349741670217,defined,0.042601418925976665,sensitivity_only
id:x%3A0x1.0000000000000p%2B2,161,3.476,2.86232,2.898392111353765,0.8467349741670217,defined,-0.042601418925976665,sensitivity_only
id:x%3A0x1.0000000000000p%2B2,162,3.498,2.8693600000000004,2.833287888646235,0.8467349741670217,defined,0.042601418925976665,sensitivity_only
id:x%3A0x1.0000000000000p%2B2,163,3.52,2.8764000000000003,2.9124721113537655,0.8467349741670217,defined,-0.042601418925976665,sensitivity_only
id:x%3A0x1.0000000000000p%2B2,164,3.542,2.8834400000000002,2.847367888646235,0.8467349741670217,defined,0.042601418925976665,sensitivity_only
id:x%3A0x1.0000000000000p%2B2,165,3.564,2.89048,2.9265521113537654,0.8467349741670217,defined,-0.042601418925976665,sensitivity_only
id:x%3A0x1.0000000000000p%2B2,166,3.586,2.89752,2.861447888646235,0.8467349741670217,defined,0.042601418925976665,sensitivity_only
id:x%3A0x1.0000000000000p%2B2,167,3.608,2.90456,2.9406321113537652,0.8467349741670217,defined,-0.042601418925976665,sensitivity_only
id:x%3A0x1.0000000000000p%2B2,168,3.63,2.9116,2.8755278886462348,0.8467349741670217,defined,0.042601418925976665,sensitivity_only
id:x%3A0x1.0000000000000p%2B2,169,3.652,2.91864,2.954712111353765,0.8467349741670217,defined,-0.042601418925976665,sensitivity_only
id:x%3A0x1.0000000000000p%2B2,170,3.674,2.92568,2.8896078886462346,0.8467349741670217,defined,0.042601418925976665,sensitivity_only
id:x%3A0x1.0000000000000p%2B2,171,3.696,2.9327199999999998,2.968792111353765,0.8467349741670217,defined,-0.042601418925976665,sensitivity_only
id:x%3A0x1.0000000000000p%2B2,172,3.718,2.9397599999999997,2.9036878886462345,0.8467349741670217,defined,0.042601418925976665,sensitivity_only
id:x%3A0x1.0000000000000p%2B2,173,3.74,2.9468,2.9828721113537653,0.8467349741670217,defined,-0.042601418925976665,sensitivity_only
id:x%3A0x1.0000000000000p%2B2,174,3.762,2.95384,2.917767888646235,0.8467349741670217,defined,0.042601418925976665,sensitivity_only
id:x%3A0x1.0000000000000p%2B2,175,3.784,2.96088,2.996952111353765,0.8467349741670217,defined,-0.042601418925976665,sensitivity_only
id:x%3A0x1.0000000000000p%2B2,176,3.806,2.9679200000000003,2.931847888646235,0.8467349741670217,defined,0.042601418925976665,sensitivity_only
id:x%3A0x1.0000000000000p%2B2,177,3.828,2.9749600000000003,3.0110321113537655,0.8467349741670217,defined,-0.042601418925976665,sensitivity_only
id:x%3A0x1.0000000000000p%2B2,178,3.85,2.982,2.945927888646235,0.8467349741670217,defined,0.042601418925976665,sensitivity_only
id:x%3A0x1.0000000000000p%2B2,179,3.872,2.98904,3.0251121113537653,0.8467349741670217,defined,-0.042601418925976665,sensitivity_only
id:x%3A0x1.0000000000000p%2B2,180,3.894,2.99608,2.960007888646235,0.8467349741670217,defined,0.042601418925976665,sensitivity_only
id:x%3A0x1.0000000000000p%2B2,181,3.916,3.00312,3.039192111353765,0.8467349741670217,defined,-0.042601418925976665,sensitivity_only
id:x%3A0x1.0000000000000p%2B2,182,3.938,3.01016,2.9740878886462347,0.8467349741670217,defined,0.042601418925976665,sensitivity_only
id:x%3A0x1.0000000000000p%2B2,183,3.96,3.0172,3.053272111353765,0.8467349741670217,defined,-0.042601418925976665,sensitivity_only
id:x%3A0x1.0000000000000p%2B2,184,3.982,3.02424,2.9881678886462346,0.8467349741670217,defined,0.042601418925976665,sensitivity_only
id:x%3A0x1.0000000000000p%2B2,185,4.0,3.0300000000000002,3.0660721113537655,0.8467349741670217,defined,-0.042601418925976665,sensitivity_only
id:x%3A0x1.0000000000000p%2B2,186,4.004,3.0312799999999998,2.9952078886462346,0.8467349741670217,defined,0.042601418925976665,sensitivity_only
id:x%3A0x1.0000000000000p%2B2,187,4.026,3.0383199999999997,3.074392111353765,0.8467349741670217,defined,-0.042601418925976665,sensitivity_only
id:x%3A0x1.0000000000000p%2B2,188,4.048,3.04536,3.009287888646235,0.8467349741670217,defined,0.042601418925976665,sensitivity_only
id:x%3A0x1.0000000000000p%2B2,189,4.07,3.0524000000000004,3.0884721113537656,0.8467349741670217,defined,-0.042601418925976665,sensitivity_only
id:x%3A0x1.0000000000000p%2B2,190,4.092,3.05944,3.0233678886462347,0.8467349741670217,defined,0.042601418925976665,sensitivity_only
id:x%3A0x1.0000000000000p%2B2,191,4.114,3.0664800000000003,3.1025521113537655,0.8467349741670217,defined,-0.042601418925976665,sensitivity_only
id:x%3A0x1.0000000000000p%2B2,192,4.136,3.0735200000000003,3.037447888646235,0.8467349741670217,defined,0.042601418925976665,sensitivity_only
id:x%3A0x1.0000000000000p%2B2,193,4.158,3.08056,3.1166321113537654,0.8467349741670217,defined,-0.042601418925976665,sensitivity_only
id:x%3A0x1.0000000000000p%2B2,194,4.18,3.0876,3.051527888646235,0.8467349741670217,defined,0.042601418925976665,sensitivity_only
id:x%3A0x1.0000000000000p%2B2,195,4.202,3.09464,3.1307121113537653,0.8467349741670217,defined,-0.042601418925976665,sensitivity_only
id:x%3A0x1.0000000000000p%2B2,196,4.224,3.10168,3.065607888646235,0.8467349741670217,defined,0.042601418925976665,sensitivity_only
id:x%3A0x1.0000000000000p%2B2,197,4.246,3.10872,3.144792111353765,0.8467349741670217,defined,-0.042601418925976665,sensitivity_only
id:x%3A0x1.0000000000000p%2B2,198,4.268,3.11576,3.0796878886462347,0.8467349741670217,defined,0.042601418925976665,sensitivity_only
id:x%3A0x1.0000000000000p%2B2,199,4.29,3.1228,3.158872111353765,0.8467349741670217,defined,-0.042601418925976665,sensitivity_only
id:x%3A0x1.0000000000000p%2B2,200,4.312,3.12984,3.093767888646235,0.8467349741670217,defined,0.042601418925976665,sensitivity_only
id:x%3A0x1.0000000000000p%2B2,201,4.334,3.1368799999999997,3.172952111353765,0.8467349741670217,defined,-0.042601418925976665,sensitivity_only
id:x%3A0x1.0000000000000p%2B2,202,4.356,3.14392,3.107847888646235,0.8467349741670217,defined,0.042601418925976665,sensitivity_only
id:x%3A0x1.0000000000000p%2B2,203,4.378,3.15096,3.187032111353765,0.8467349741670217,defined,-0.042601418925976665,sensitivity_only
id:x%3A0x1.0000000000000p%2B2,204,4.4,3.1580000000000004,3.121927888646235,0.8467349741670217,defined,0.042601418925976665,sensitivity_only
id:x%3A0x1.0000000000000p%2B2,205,4.422,3.16504,3.201112111353765,0.8467349741670217,defined,-0.042601418925976665,sensitivity_only
id:x%3A0x1.0000000000000p%2B2,206,4.444,3.1720800000000002,3.136007888646235,0.8467349741670217,defined,0.042601418925976665,sensitivity_only
id:x%3A0x1.0000000000000p%2B2,207,4.466,3.17912,3.2151921113537654,0.8467349741670217,defined,-0.042601418925976665,sensitivity_only
id:x%3A0x1.0000000000000p%2B2,208,4.488,3.18616,3.150087888646235,0.8467349741670217,defined,0.042601418925976665,sensitivity_only
id:x%3A0x1.0000000000000p%2B2,209,4.51,3.1932,3.226908778746893,0.7912595307087035,defined,-0.042601418925976665,sensitivity_only
id:x%3A0x1.0000000000000p%2B2,210,4.532,3.20024,3.166531221253107,0.7912595307087035,defined,0.042601418925976665,sensitivity_only
id:x%3A0x1.0000000000000p%2B2,211,4.554,3.20728,3.240988778746893,0.7912595307087035,defined,-0.042601418925976665,sensitivity_only
id:x%3A0x1.0000000000000p%2B2,212,4.576,3.21432,3.180611221253107,0.7912595307087035,defined,0.042601418925976665,sensitivity_only
id:x%3A0x1.0000000000000p%2B2,213,4.598,3.22136,3.255068778746893,0.7912595307087035,defined,-0.042601418925976665,sensitivity_only
id:x%3A0x1.0000000000000p%2B2,214,4.62,3.2284,3.194691221253107,0.7912595307087035,defined,0.042601418925976665,sensitivity_only
id:x%3A0x1.0000000000000p%2B2,215,4.642,3.23544,3.269148778746893,0.7912595307087035,defined,-0.042601418925976665,sensitivity_only
id:x%3A0x1.0000000000000p%2B2,216,4.664,3.24248,3.208771221253107,0.7912595307087035,defined,0.042601418925976665,sensitivity_only
id:x%3A0x1.0000000000000p%2B2,217,4.686,3.24952,3.283228778746893,0.7912595307087035,defined,-0.042601418925976665,sensitivity_only
id:x%3A0x1.0000000000000p%2B2,218,4.708,3.2565600000000003,3.2228512212531073,0.7912595307087035,defined,0.042601418925976665,sensitivity_only
id:x%3A0x1.0000000000000p%2B2,219,4.73,3.2636000000000003,3.2973087787468933,0.7912595307087035,defined,-0.042601418925976665,sensitivity_only
id:x%3A0x1.0000000000000p%2B2,220,4.752,3.27064,3.236931221253107,0.7912595307087035,defined,0.042601418925976665,sensitivity_only
id:x%3A0x1.0000000000000p%2B2,221,4.774,3.27768,3.311388778746893,0.7912595307087035,defined,-0.042601418925976665,sensitivity_only
id:x%3A0x1.0000000000000p%2B2,222,4.796,3.28472,3.251011221253107,0.7912595307087035,defined,0.042601418925976665,sensitivity_only
id:x%3A0x1.0000000000000p%2B2,223,4.818,3.29176,3.325468778746893,0.7912595307087035,defined,-0.042601418925976665,sensitivity_only
id:x%3A0x1.0000000000000p%2B2,224,4.84,3.2988,3.265091221253107,0.7912595307087035,defined,0.042601418925976665,sensitivity_only
id:x%3A0x1.0000000000000p%2B2,225,4.862,3.30584,3.339548778746893,0.7912595307087035,defined,-0.042601418925976665,sensitivity_only
id:x%3A0x1.0000000000000p%2B2,226,4.884,3.31288,3.279171221253107,0.7912595307087035,defined,0.042601418925976665,sensitivity_only
id:x%3A0x1.0000000000000p%2B2,227,4.906,3.3199199999999998,3.353628778746893,0.7912595307087035,defined,-0.042601418925976665,sensitivity_only
id:x%3A0x1.0000000000000p%2B2,228,4.928,3.3269599999999997,3.2932512212531067,0.7912595307087035,defined,0.042601418925976665,sensitivity_only
id:x%3A0x1.0000000000000p%2B2,229,4.95,3.334,3.367708778746893,0.7912595307087035,defined,-0.042601418925976665,sensitivity_only
id:x%3A0x1.0000000000000p%2B2,230,4.972,3.3410400000000005,3.3073312212531074,0.7912595307087035,defined,0.042601418925976665,sensitivity_only
id:x%3A0x1.0000000000000p%2B2,231,4.994,3.34808,3.381788778746893,0.7912595307087035,defined,-0.042601418925976665,sensitivity_only
id:x%3A0x1.0000000000000p%2B2,232,5.0,3.35,3.316291221253107,0.7912595307087035,defined,0.042601418925976665,sensitivity_only
id:x%3A0x1.0000000000000p%2B2,233,5.016,3.3551200000000003,3.3888287787468934,0.7912595307087035,defined,-0.042601418925976665,sensitivity_only
id:x%3A0x1.0000000000000p%2B2,234,5.038,3.3621600000000003,3.328451221253107,0.7912595307087035,defined,0.042601418925976665,sensitivity_only
id:x%3A0x1.0000000000000p%2B2,235,5.06,3.3692,3.4029087787468932,0.7912595307087035,defined,-0.042601418925976665,sensitivity_only
id:x%3A0x1.0000000000000p%2B2,236,5.082,3.37624,3.342531221253107,0.7912595307087035,defined,0.042601418925976665,sensitivity_only
id:x%3A0x1.0000000000000p%2B2,237,5.104,3.38328,3.416988778746893,0.7912595307087035,defined,-0.042601418925976665,sensitivity_only
id:x%3A0x1.0000000000000p%2B2,238,5.126,3.39032,3.356611221253107,0.7912595307087035,defined,0.042601418925976665,sensitivity_only
id:x%3A0x1.0000000000000p%2B2,239,5.148,3.39736,3.431068778746893,0.7912595307087035,defined,-0.042601418925976665,sensitivity_only
id:x%3A0x1.0000000000000p%2B2,240,5.17,3.4044,3.370691221253107,0.7912595307087035,defined,0.042601418925976665,sensitivity_only
id:x%3A0x1.0000000000000p%2B2,241,5.192,3.41144,3.445148778746893,0.7912595307087035,defined,-0.042601418925976665,sensitivity_only
id:x%3A0x1.0000000000000p%2B2,242,5.214,3.41848,3.384771221253107,0.7912595307087035,defined,0.042601418925976665,sensitivity_only
id:x%3A0x1.0000000000000p%2B2,243,5.236,3.4255199999999997,3.4592287787468927,0.7912595307087035,defined,-0.042601418925976665,sensitivity_only
id:x%3A0x1.0000000000000p%2B2,244,5.258,3.43256,3.398851221253107,0.7912595307087035,defined,0.042601418925976665,sensitivity_only
id:x%3A0x1.0000000000000p%2B2,245,5.28,3.4396000000000004,3.4733087787468935,0.7912595307087035,defined,-0.042601418925976665,sensitivity_only
id:x%3A0x1.0000000000000p%2B2,246,5.302,3.44664,3.412931221253107,0.7912595307087035,defined,0.042601418925976665,sensitivity_only
id:x%3A0x1.0000000000000p%2B2,247,5.324,3.4536800000000003,3.4873887787468933,0.7912595307087035,defined,-0.042601418925976665,sensitivity_only
id:x%3A0x1.0000000000000p%2B2,248,5.346,3.4607200000000002,3.427011221253107,0.7912595307087035,defined,0.042601418925976665,sensitivity_only
id:x%3A0x1.0000000000000p%2B2,249,5.368,3.46776,3.501468778746893,0.7912595307087035,defined,-0.042601418925976665,sensitivity_only
id:x%3A0x1.0000000000000p%2B2,250,5.39,3.4748,3.441091221253107,0.7912595307087035,defined,0.042601418925976665,sensitivity_only
id:x%3A0x1.0000000000000p%2B2,251,5.412,3.48184,3.515548778746893,0.7912595307087035,defined,-0.042601418925976665,sensitivity_only
id:x%3A0x1.0000000000000p%2B2,252,5.434,3.48888,3.455171221253107,0.7912595307087035,defined,0.042601418925976665,sensitivity_only
id:x%3A0x1.0000000000000p%2B2,253,5.456,3.49592,3.529628778746893,0.7912595307087035,defined,-0.042601418925976665,sensitivity_only
id:x%3A0x1.0000000000000p%2B2,254,5.478,3.50296,3.469251221253107,0.7912595307087035,defined,0.042601418925976665,sensitivity_only
id:x%3A0x1.0000000000000p%2B2,255,5.5,3.51,3.543708778746893,0.7912595307087035,defined,-0.042601418925976665,sensitivity_only
id:x%3A0x1.0000000000000p%2B2,256,5.522,3.53156,3.498759119337544,0.7699480789466207,defined,0.042601418925976665,sensitivity_only
id:x%3A0x1.0000000000000p%2B2,257,5.544,3.5531199999999994,3.585920880662455,0.7699480789466207,defined,-0.042601418925976665,sensitivity_only
id:x%3A0x1.0000000000000p%2B2,258,5.566,3.5746799999999994,3.5418791193375436,0.7699480789466207,defined,0.042601418925976665,sensitivity_only
id:x%3A0x1.0000000000000p%2B2,259,5.588,3.59624,3.6290408806624557,0.7699480789466207,defined,-0.042601418925976665,sensitivity_only
id:x%3A0x1.0000000000000p%2B2,260,5.61,3.6178,3.584999119337544,0.7699480789466207,defined,0.042601418925976665,sensitivity_only
id:x%3A0x1.0000000000000p%2B2,261,5.632,3.6393599999999995,3.6721608806624553,0.7699480789466207,defined,-0.042601418925976665,sensitivity_only
id:x%3A0x1.0000000000000p%2B2,262,5.654,3.6609199999999995,3.6281191193375437,0.7699480789466207,defined,0.042601418925976665,sensitivity_only
id:x%3A0x1.0000000000000p%2B2,263,5.676,3.68248,3.7152808806624558,0.7699480789466207,defined,-0.042601418925976665,sensitivity_only
id:x%3A0x1.0000000000000p%2B2,264,5.698,3.70404,3.671239119337544,0.7699480789466207,defined,0.042601418925976665,sensitivity_only
id:x%3A0x1.0000000000000p%2B2,265,5.72,3.7255999999999996,3.7584008806624554,0.7699480789466207,defined,-0.042601418925976665,sensitivity_only
id:x%3A0x1.0000000000000p%2B2,266,5.742,3.7471599999999996,3.714359119337544,0.7699480789466207,defined,0.042601418925976665,sensitivity_only
id:x%3A0x1.0000000000000p%2B2,267,5.764,3.76872,3.801520880662456,0.7699480789466207,defined,-0.042601418925976665,sensitivity_only
id:x%3A0x1.0000000000000p%2B2,268,5.786,3.790279999999999,3.7574791193375434,0.7699480789466207,defined,0.042601418925976665,sensitivity_only
id:x%3A0x1.0000000000000p%2B2,269,5.808,3.8118399999999997,3.8446408806624555,0.7699480789466207,defined,-0.042601418925976665,sensitivity_only
id:x%3A0x1.0000000000000p%2B2,270,5.83,3.8333999999999997,3.800599119337544,0.7699480789466207,defined,0.042601418925976665,sensitivity_only
id:x%3A0x1.0000000000000p%2B2,271,5.852,3.85496,3.887760880662456,0.7699480789466207,defined,-0.042601418925976665,sensitivity_only
id:x%3A0x1.0000000000000p%2B2,272,5.874,3.8765199999999993,3.8437191193375435,0.7699480789466207,defined,0.042601418925976665,sensitivity_only
id:x%3A0x1.0000000000000p%2B2,273,5.896,3.8980799999999998,3.9308808806624556,0.7699480789466207,defined,-0.042601418925976665,sensitivity_only
id:x%3A0x1.0000000000000p%2B2,274,5.918,3.91964,3.886839119337544,0.7699480789466207,defined,0.042601418925976665,sensitivity_only
id:x%3A0x1.0000000000000p%2B2,275,5.94,3.9412000000000003,3.974000880662456,0.7699480789466207,defined,-0.042601418925976665,sensitivity_only
id:x%3A0x1.0000000000000p%2B2,276,5.962,3.9627599999999994,3.9299591193375436,0.7699480789466207,defined,0.042601418925976665,sensitivity_only
id:x%3A0x1.0000000000000p%2B2,277,5.984,3.98432,4.017120880662456,0.7699480789466207,defined,-0.042601418925976665,sensitivity_only
id:x%3A0x1.0000000000000p%2B2,278,6.0,4.0,3.967199119337544,0.7699480789466207,defined,0.042601418925976665,sensitivity_only
id:x%3A0x1.0000000000000p%2B2,279,6.006,4.00588,4.038680880662456,0.7699480789466207,defined,-0.042601418925976665,sensitivity_only
id:x%3A0x1.0000000000000p%2B2,280,6.028,4.0274399999999995,3.9946391193375437,0.7699480789466207,defined,0.042601418925976665,sensitivity_only
id:x%3A0x1.0000000000000p%2B2,281,6.05,4.0489999999999995,4.081800880662455,0.7699480789466207,defined,-0.042601418925976665,sensitivity_only
id:x%3A0x1.0000000000000p%2B2,282,6.072,4.0705599999999995,4.037759119337544,0.7699480789466207,defined,0.042601418925976665,sensitivity_only
id:x%3A0x1.0000000000000p%2B2,283,6.094,4.09212,4.124920880662456,0.7699480789466207,defined,-0.042601418925976665,sensitivity_only
id:x%3A0x1.0000000000000p%2B2,284,6.116,4.11368,4.080879119337544,0.7699480789466207,defined,0.042601418925976665,sensitivity_only
id:x%3A0x1.0000000000000p%2B2,285,6.138,4.13524,4.168040880662455,0.7699480789466207,defined,-0.042601418925976665,sensitivity_only
id:x%3A0x1.0000000000000p%2B2,286,6.16,4.1568,4.123999119337544,0.7699480789466207,defined,0.042601418925976665,sensitivity_only
id:x%3A0x1.0000000000000p%2B2,287,6.182,4.1783600000000005,4.211160880662456,0.7699480789466207,defined,-0.042601418925976665,sensitivity_only
id:x%3A0x1.0000000000000p%2B2,288,6.204,4.19992,4.167119119337544,0.7699480789466207,defined,0.042601418925976665,sensitivity_only
id:x%3A0x1.0000000000000p%2B2,289,6.226,4.22148,4.2542808806624555,0.7699480789466207,defined,-0.042601418925976665,sensitivity_only
id:x%3A0x1.0000000000000p%2B2,290,6.248,4.24304,4.210239119337544,0.7699480789466207,defined,0.042601418925976665,sensitivity_only
id:x%3A0x1.0000000000000p%2B2,291,6.27,4.2646,4.2974008806624555,0.7699480789466207,defined,-0.042601418925976665,sensitivity_only
id:x%3A0x1.0000000000000p%2B2,292,6.292,4.28616,4.253359119337544,0.7699480789466207,defined,0.042601418925976665,sensitivity_only
id:x%3A0x1.0000000000000p%2B2,293,6.314,4.30772,4.340520880662456,0.7699480789466207,defined,-0.042601418925976665,sensitivity_only
id:x%3A0x1.0000000000000p%2B2,294,6.336,4.32928,4.296479119337544,0.7699480789466207,defined,0.042601418925976665,sensitivity_only
id:x%3A0x1.0000000000000p%2B2,295,6.358,4.35084,4.383640880662456,0.7699480789466207,defined,-0.042601418925976665,sensitivity_only
id:x%3A0x1.0000000000000p%2B2,296,6.38,4.3724,4.339599119337544,0.7699480789466207,defined,0.042601418925976665,sensitivity_only
id:x%3A0x1.0000000000000p%2B2,297,6.402,4.39396,4.426760880662456,0.7699480789466207,defined,-0.042601418925976665,sensitivity_only
id:x%3A0x1.0000000000000p%2B2,298,6.424,4.41552,4.382719119337544,0.7699480789466207,defined,0.042601418925976665,sensitivity_only
id:x%3A0x1.0000000000000p%2B2,299,6.446,4.43708,4.469880880662456,0.7699480789466207,defined,-0.042601418925976665,sensitivity_only
id:x%3A0x1.0000000000000p%2B2,300,6.468,4.45864,4.425839119337544,0.7699480789466207,defined,0.042601418925976665,sensitivity_only
id:x%3A0x1.0000000000000p%2B2,301,6.49,4.4802,4.513000880662456,0.7699480789466207,defined,-0.042601418925976665,sensitivity_only
id:x%3A0x1.0000000000000p%2B2,302,6.512,4.501759999999999,4.465103742636487,0.8604468650963308,defined,0.042601418925976665,sensitivity_only
id:x%3A0x1.0000000000000p%2B2,303,6.534,4.52332,4.5599762573635125,0.8604468650963308,defined,-0.042601418925976665,sensitivity_only
id:x%3A0x1.0000000000000p%2B2,304,6.556,4.54488,4.5082237426364875,0.8604468650963308,defined,0.042601418925976665,sensitivity_only
id:x%3A0x1.0000000000000p%2B2,305,6.578,4.56644,4.603096257363513,0.8604468650963308,defined,-0.042601418925976665,sensitivity_only
id:x%3A0x1.0000000000000p%2B2,306,6.6,4.587999999999999,4.551343742636487,0.8604468650963308,defined,0.042601418925976665,sensitivity_only
id:x%3A0x1.0000000000000p%2B2,307,6.622,4.60956,4.646216257363513,0.8604468650963308,defined,-0.042601418925976665,sensitivity_only
id:x%3A0x1.0000000000000p%2B2,308,6.644,4.63112,4.594463742636488,0.8604468650963308,defined,0.042601418925976665,sensitivity_only
id:x%3A0x1.0000000000000p%2B2,309,6.666,4.65268,4.689336257363513,0.8604468650963308,defined,-0.042601418925976665,sensitivity_only
id:x%3A0x1.0000000000000p%2B2,310,6.688,4.674239999999999,4.637583742636487,0.8604468650963308,defined,0.042601418925976665,sensitivity_only
id:x%3A0x1.0000000000000p%2B2,311,6.71,4.6958,4.732456257363513,0.8604468650963308,defined,-0.042601418925976665,sensitivity_only
id:x%3A0x1.0000000000000p%2B2,312,6.732,4.71736,4.680703742636488,0.8604468650963308,defined,0.042601418925976665,sensitivity_only
id:x%3A0x1.0000000000000p%2B2,313,6.754,4.738919999999999,4.775576257363512,0.8604468650963308,defined,-0.042601418925976665,sensitivity_only
id:x%3A0x1.0000000000000p%2B2,314,6.776,4.760479999999999,4.723823742636487,0.8604468650963308,defined,0.042601418925976665,sensitivity_only
id:x%3A0x1.0000000000000p%2B2,315,6.798,4.78204,4.818696257363513,0.8604468650963308,defined,-0.042601418925976665,sensitivity_only
id:x%3A0x1.0000000000000p%2B2,316,6.82,4.8036,4.766943742636488,0.8604468650963308,defined,0.042601418925976665,sensitivity_only
id:x%3A0x1.0000000000000p%2B2,317,6.842,4.8251599999999994,4.861816257363512,0.8604468650963308,defined,-0.042601418925976665,sensitivity_only
id:x%3A0x1.0000000000000p%2B2,318,6.864,4.8467199999999995,4.810063742636487,0.8604468650963308,defined,0.042601418925976665,sensitivity_only
id:x%3A0x1.0000000000000p%2B2,319,6.886,4.86828,4.904936257363513,0.8604468650963308,defined,-0.042601418925976665,sensitivity_only
id:x%3A0x1.0000000000000p%2B2,320,6.908,4.88984,4.853183742636488,0.8604468650963308,defined,0.042601418925976665,sensitivity_only
id:x%3A0x1.0000000000000p%2B2,321,6.93,4.9113999999999995,4.948056257363512,0.8604468650963308,defined,-0.042601418925976665,sensitivity_only
id:x%3A0x1.0000000000000p%2B2,322,6.952,4.93296,4.896303742636487,0.8604468650963308,defined,0.042601418925976665,sensitivity_only
id:x%3A0x1.0000000000000p%2B2,323,6.974,4.9545200000000005,4.991176257363513,0.8604468650963308,defined,-0.042601418925976665,sensitivity_only
id:x%3A0x1.0000000000000p%2B2,324,6.996,4.9760800000000005,4.939423742636488,0.8604468650963308,defined,0.042601418925976665,sensitivity_only
id:x%3A0x1.0000000000000p%2B2,325,7.0,4.9799999999999995,5.016656257363512,0.8604468650963308,defined,-0.042601418925976665,sensitivity_only
id:x%3A0x1.0000000000000p%2B2,326,7.018,4.99764,4.960983742636487,0.8604468650963308,defined,0.042601418925976665,sensitivity_only
id:x%3A0x1.0000000000000p%2B2,327,7.04,5.0192,5.055856257363512,0.8604468650963308,defined,-0.042601418925976665,sensitivity_only
id:x%3A0x1.0000000000000p%2B2,328,7.062,5.040760000000001,5.004103742636488,0.8604468650963308,defined,0.042601418925976665,sensitivity_only
id:x%3A0x1.0000000000000p%2B2,329,7.084,5.06232,5.098976257363512,0.8604468650963308,defined,-0.042601418925976665,sensitivity_only
id:x%3A0x1.0000000000000p%2B2,330,7.106,5.08388,5.047223742636487,0.8604468650963308,defined,0.042601418925976665,sensitivity_only
id:x%3A0x1.0000000000000p%2B2,331,7.128,5.10544,5.142096257363512,0.8604468650963308,defined,-0.042601418925976665,sensitivity_only
id:x%3A0x1.0000000000000p%2B2,332,7.15,5.127,5.090343742636487,0.8604468650963308,defined,0.042601418925976665,sensitivity_only
id:x%3A0x1.0000000000000p%2B2,333,7.172,5.14856,5.185216257363512,0.8604468650963308,defined,-0.042601418925976665,sensitivity_only
id:x%3A0x1.0000000000000p%2B2,334,7.194,5.17012,5.133463742636487,0.8604468650963308,defined,0.042601418925976665,sensitivity_only
id:x%3A0x1.0000000000000p%2B2,335,7.216,5.19168,5.228336257363512,0.8604468650963308,defined,-0.042601418925976665,sensitivity_only
id:x%3A0x1.0000000000000p%2B2,336,7.238,5.21324,5.176583742636487,0.8604468650963308,defined,0.042601418925976665,sensitivity_only
id:x%3A0x1.0000000000000p%2B2,337,7.26,5.2348,5.271456257363512,0.8604468650963308,defined,-0.042601418925976665,sensitivity_only
id:x%3A0x1.0000000000000p%2B2,338,7.282,5.25636,5.219703742636487,0.8604468650963308,defined,0.042601418925976665,sensitivity_only
id:x%3A0x1.0000000000000p%2B2,339,7.304,5.27792,5.3145762573635125,0.8604468650963308,defined,-0.042601418925976665,sensitivity_only
id:x%3A0x1.0000000000000p%2B2,340,7.326,5.299479999999999,5.262823742636487,0.8604468650963308,defined,0.042601418925976665,sensitivity_only
id:x%3A0x1.0000000000000p%2B2,341,7.348,5.32104,5.3576962573635125,0.8604468650963308,defined,-0.042601418925976665,sensitivity_only
id:x%3A0x1.0000000000000p%2B2,342,7.37,5.3426,5.3059437426364875,0.8604468650963308,defined,0.042601418925976665,sensitivity_only
id:x%3A0x1.0000000000000p%2B2,343,7.392,5.36416,5.400816257363513,0.8604468650963308,defined,-0.042601418925976665,sensitivity_only
id:x%3A0x1.0000000000000p%2B2,344,7.414,5.385719999999999,5.349063742636487,0.8604468650963308,defined,0.042601418925976665,sensitivity_only
id:x%3A0x1.0000000000000p%2B2,345,7.436,5.40728,5.443936257363513,0.8604468650963308,defined,-0.042601418925976665,sensitivity_only
id:x%3A0x1.0000000000000p%2B2,346,7.458,5.42884,5.392183742636488,0.8604468650963308,defined,0.042601418925976665,sensitivity_only
id:x%3A0x1.0000000000000p%2B2,347,7.48,5.4504,5.487056257363513,0.8604468650963308,defined,-0.042601418925976665,sensitivity_only
id:x%3A0x1.0000000000000p%2B2,348,7.502,5.471959999999999,5.425396646051754,1.0930000718791255,defined,0.042601418925976665,sensitivity_only
id:x%3A0x1.0000000000000p%2B2,349,7.524,5.49352,5.540083353948245,1.0930000718791255,defined,-0.042601418925976665,sensitivity_only
id:x%3A0x1.0000000000000p%2B2,350,7.546,5.51508,5.468516646051755,1.0930000718791255,defined,0.042601418925976665,sensitivity_only
id:x%3A0x1.0000000000000p%2B2,351,7.568,5.536639999999999,5.583203353948244,1.0930000718791255,defined,-0.042601418925976665,sensitivity_only
id:x%3A0x1.0000000000000p%2B2,352,7.59,5.558199999999999,5.5116366460517545,1.0930000718791255,defined,0.042601418925976665,sensitivity_only
id:x%3A0x1.0000000000000p%2B2,353,7.612,5.57976,5.626323353948245,1.0930000718791255,defined,-0.042601418925976665,sensitivity_only
id:x%3A0x1.0000000000000p%2B2,354,7.634,5.60132,5.5547566460517555,1.0930000718791255,defined,0.042601418925976665,sensitivity_only
id:x%3A0x1.0000000000000p%2B2,355,7.656,5.622879999999999,5.669443353948244,1.0930000718791255,defined,-0.042601418925976665,sensitivity_only
id:x%3A0x1.0000000000000p%2B2,356,7.678,5.6444399999999995,5.597876646051755,1.0930000718791255,defined,0.042601418925976665,sensitivity_only
id:x%3A0x1.0000000000000p%2B2,357,7.7,5.666,5.712563353948245,1.0930000718791255,defined,-0.042601418925976665,sensitivity_only
id:x%3A0x1.0000000000000p%2B2,358,7.722,5.6875599999999995,5.640996646051755,1.0930000718791255,defined,0.042601418925976665,sensitivity_only
id:x%3A0x1.0000000000000p%2B2,359,7.744,5.7091199999999995,5.755683353948244,1.0930000718791255,defined,-0.042601418925976665,sensitivity_only
id:x%3A0x1.0000000000000p%2B2,360,7.766,5.7306799999999996,5.684116646051755,1.0930000718791255,defined,0.042601418925976665,sensitivity_only
id:x%3A0x1.0000000000000p%2B2,361,7.788,5.7522400000000005,5.798803353948245,1.0930000718791255,defined,-0.042601418925976665,sensitivity_only
id:x%3A0x1.0000000000000p%2B2,362,7.81,5.7738,5.727236646051755,1.0930000718791255,defined,0.042601418925976665,sensitivity_only
id:x%3A0x1.0000000000000p%2B2,363,7.832,5.79536,5.8419233539482445,1.0930000718791255,defined,-0.042601418925976665,sensitivity_only
id:x%3A0x1.0000000000000p%2B2,364,7.854,5.81692,5.770356646051755,1.0930000718791255,defined,0.042601418925976665,sensitivity_only
id:x%3A0x1.0000000000000p%2B2,365,7.876,5.838480000000001,5.885043353948245,1.0930000718791255,defined,-0.042601418925976665,sensitivity_only
id:x%3A0x1.0000000000000p%2B2,366,7.898,5.86004,5.813476646051755,1.0930000718791255,defined,0.042601418925976665,sensitivity_only
id:x%3A0x1.0000000000000p%2B2,367,7.92,5.8816,5.928163353948245,1.0930000718791255,defined,-0.042601418925976665,sensitivity_only
id:x%3A0x1.0000000000000p%2B2,368,7.942,5.90316,5.856596646051755,1.0930000718791255,defined,0.042601418925976665,sensitivity_only
id:x%3A0x1.0000000000000p%2B2,369,7.964,5.924720000000001,5.9712833539482455,1.0930000718791255,defined,-0.042601418925976665,sensitivity_only
id:x%3A0x1.0000000000000p%2B2,370,7.986,5.94628,5.899716646051755,1.0930000718791255,defined,0.042601418925976665,sensitivity_only
id:x%3A0x1.0000000000000p%2B2,371,8.0,5.96,6.006563353948245,1.0930000718791255,defined,-0.042601418925976665,sensitivity_only
id:x%3A0x1.0000000000000p%2B2,372,8.008,5.967839999999999,5.921276646051754,1.0930000718791255,defined,0.042601418925976665,sensitivity_only
id:x%3A0x1.0000000000000p%2B2,373,8.03,5.989399999999999,6.035963353948244,1.0930000718791255,defined,-0.042601418925976665,sensitivity_only
id:x%3A0x1.0000000000000p%2B2,374,8.052,6.010959999999999,5.964396646051754,1.0930000718791255,defined,0.042601418925976665,sensitivity_only
id:x%3A0x1.0000000000000p%2B2,375,8.074,6.03252,6.079083353948245,1.0930000718791255,defined,-0.042601418925976665,sensitivity_only
id:x%3A0x1.0000000000000p%2B2,376,8.096,6.05408,6.007516646051755,1.0930000718791255,defined,0.042601418925976665,sensitivity_only
id:x%3A0x1.0000000000000p%2B2,377,8.118,6.07564,6.122203353948245,1.0930000718791255,defined,-0.042601418925976665,sensitivity_only
id:x%3A0x1.0000000000000p%2B2,378,8.14,6.097200000000001,6.050636646051756,1.0930000718791255,defined,0.042601418925976665,sensitivity_only
id:x%3A0x1.0000000000000p%2B2,379,8.162,6.11876,6.165323353948245,1.0930000718791255,defined,-0.042601418925976665,sensitivity_only
id:x%3A0x1.0000000000000p%2B2,380,8.184,6.140319999999999,6.093756646051754,1.0930000718791255,defined,0.042601418925976665,sensitivity_only
id:x%3A0x1.0000000000000p%2B2,381,8.206,6.161879999999999,6.208443353948244,1.0930000718791255,defined,-0.042601418925976665,sensitivity_only
id:x%3A0x1.0000000000000p%2B2,382,8.228,6.183439999999999,6.136876646051754,1.0930000718791255,defined,0.042601418925976665,sensitivity_only
id:x%3A0x1.0000000000000p%2B2,383,8.25,6.205,6.251563353948245,1.0930000718791255,defined,-0.042601418925976665,sensitivity_only
id:x%3A0x1.0000000000000p%2B2,384,8.272,6.22656,6.179996646051755,1.0930000718791255,defined,0.042601418925976665,sensitivity_only
id:x%3A0x1.0000000000000p%2B2,385,8.294,6.24812,6.294683353948245,1.0930000718791255,defined,-0.042601418925976665,sensitivity_only
id:x%3A0x1.0000000000000p%2B2,386,8.316,6.269680000000001,6.223116646051756,1.0930000718791255,defined,0.042601418925976665,sensitivity_only
id:x%3A0x1.0000000000000p%2B2,387,8.338,6.291239999999998,6.337803353948243,1.0930000718791255,defined,-0.042601418925976665,sensitivity_only
id:x%3A0x1.0000000000000p%2B2,388,8.36,6.312799999999999,6.2662366460517545,1.0930000718791255,defined,0.042601418925976665,sensitivity_only
id:x%3A0x1.0000000000000p%2B2,389,8.382,6.334359999999999,6.380923353948244,1.0930000718791255,defined,-0.042601418925976665,sensitivity_only
id:x%3A0x1.0000000000000p%2B2,390,8.404,6.355919999999999,6.3093566460517545,1.0930000718791255,defined,0.042601418925976665,sensitivity_only
id:x%3A0x1.0000000000000p%2B2,391,8.426,6.37748,6.424043353948245,1.0930000718791255,defined,-0.042601418925976665,sensitivity_only
id:x%3A0x1.0000000000000p%2B2,392,8.448,6.39904,6.352476646051755,1.0930000718791255,defined,0.042601418925976665,sensitivity_only
id:x%3A0x1.0000000000000p%2B2,393,8.47,6.4206,6.467163353948245,1.0930000718791255,defined,-0.042601418925976665,sensitivity_only
id:x%3A0x1.0000000000000p%2B2,394,8.492,6.442160000000001,6.395596646051756,1.0930000718791255,defined,0.042601418925976665,sensitivity_only
id:x%3A0x1.0000000000000p%2B2,395,8.514,6.463719999999999,6.500376257363511,0.8604468650963308,defined,-0.042601418925976665,sensitivity_only
id:x%3A0x1.0000000000000p%2B2,396,8.536,6.4852799999999995,6.448623742636487,0.8604468650963308,defined,0.042601418925976665,sensitivity_only
id:x%3A0x1.0000000000000p%2B2,397,8.558,6.5068399999999995,6.543496257363512,0.8604468650963308,defined,-0.042601418925976665,sensitivity_only
id:x%3A0x1.0000000000000p%2B2,398,8.58,6.5283999999999995,6.491743742636487,0.8604468650963308,defined,0.042601418925976665,sensitivity_only
id:x%3A0x1.0000000000000p%2B2,399,8.602,6.5499600000000004,6.586616257363513,0.8604468650963308,defined,-0.042601418925976665,sensitivity_only
id:x%3A0x1.0000000000000p%2B2,400,8.624,6.5715200000000005,6.534863742636488,0.8604468650963308,defined,0.042601418925976665,sensitivity_only
id:x%3A0x1.0000000000000p%2B2,401,8.646,6.5930800000000005,6.629736257363513,0.8604468650963308,defined,-0.042601418925976665,sensitivity_only
id:x%3A0x1.0000000000000p%2B2,402,8.668,6.61464,6.577983742636487,0.8604468650963308,defined,0.042601418925976665,sensitivity_only
id:x%3A0x1.0000000000000p%2B2,403,8.69,6.636199999999999,6.672856257363511,0.8604468650963308,defined,-0.042601418925976665,sensitivity_only
id:x%3A0x1.0000000000000p%2B2,404,8.712,6.65776,6.621103742636487,0.8604468650963308,defined,0.042601418925976665,sensitivity_only
id:x%3A0x1.0000000000000p%2B2,405,8.734,6.67932,6.715976257363512,0.8604468650963308,defined,-0.042601418925976665,sensitivity_only
id:x%3A0x1.0000000000000p%2B2,406,8.756,6.70088,6.664223742636487,0.8604468650963308,defined,0.042601418925976665,sensitivity_only
id:x%3A0x1.0000000000000p%2B2,407,8.778,6.722440000000001,6.759096257363513,0.8604468650963308,defined,-0.042601418925976665,sensitivity_only
id:x%3A0x1.0000000000000p%2B2,408,8.8,6.744,6.707343742636487,0.8604468650963308,defined,0.042601418925976665,sensitivity_only
id:x%3A0x1.0000000000000p%2B2,409,8.822,6.765559999999999,6.802216257363511,0.8604468650963308,defined,-0.042601418925976665,sensitivity_only
id:x%3A0x1.0000000000000p%2B2,410,8.844,6.78712,6.750463742636487,0.8604468650963308,defined,0.042601418925976665,sensitivity_only
id:x%3A0x1.0000000000000p%2B2,411,8.866,6.808679999999999,6.8453362573635115,0.8604468650963308,defined,-0.042601418925976665,sensitivity_only
id:x%3A0x1.0000000000000p%2B2,412,8.888,6.83024,6.793583742636487,0.8604468650963308,defined,0.042601418925976665,sensitivity_only
id:x%3A0x1.0000000000000p%2B2,413,8.91,6.8518,6.888456257363512,0.8604468650963308,defined,-0.042601418925976665,sensitivity_only
id:x%3A0x1.0000000000000p%2B2,414,8.932,6.87336,6.836703742636487,0.8604468650963308,defined,0.042601418925976665,sensitivity_only
id:x%3A0x1.0000000000000p%2B2,415,8.954,6.894920000000001,6.931576257363513,0.8604468650963308,defined,-0.042601418925976665,sensitivity_only
id:x%3A0x1.0000000000000p%2B2,416,8.976,6.91648,6.879823742636487,0.8604468650963308,defined,0.042601418925976665,sensitivity_only
id:x%3A0x1.0000000000000p%2B2,417,8.998,6.938039999999999,6.974696257363512,0.8604468650963308,defined,-0.042601418925976665,sensitivity_only
id:x%3A0x1.0000000000000p%2B2,418,9.0,6.9399999999999995,6.903343742636487,0.8604468650963308,defined,0.042601418925976665,sensitivity_only
id:x%3A0x1.0000000000000p%2B2,419,9.02,6.959599999999999,6.996256257363512,0.8604468650963308,defined,-0.042601418925976665,sensitivity_only
id:x%3A0x1.0000000000000p%2B2,420,9.042,6.981159999999999,6.944503742636487,0.8604468650963308,defined,0.042601418925976665,sensitivity_only
id:x%3A0x1.0000000000000p%2B2,421,9.064,7.00272,7.039376257363513,0.8604468650963308,defined,-0.042601418925976665,sensitivity_only
id:x%3A0x1.0000000000000p%2B2,422,9.086,7.02428,6.987623742636488,0.8604468650963308,defined,0.042601418925976665,sensitivity_only
id:x%3A0x1.0000000000000p%2B2,423,9.108,7.04584,7.082496257363513,0.8604468650963308,defined,-0.042601418925976665,sensitivity_only
id:x%3A0x1.0000000000000p%2B2,424,9.13,7.067400000000001,7.0307437426364885,0.8604468650963308,defined,0.042601418925976665,sensitivity_only
id:x%3A0x1.0000000000000p%2B2,425,9.152,7.088959999999998,7.125616257363511,0.8604468650963308,defined,-0.042601418925976665,sensitivity_only
id:x%3A0x1.0000000000000p%2B2,426,9.174,7.110519999999999,7.073863742636487,0.8604468650963308,defined,0.042601418925976665,sensitivity_only
id:x%3A0x1.0000000000000p%2B2,427,9.196,7.132079999999999,7.168736257363512,0.8604468650963308,defined,-0.042601418925976665,sensitivity_only
id:x%3A0x1.0000000000000p%2B2,428,9.218,7.153639999999999,7.116983742636487,0.8604468650963308,defined,0.042601418925976665,sensitivity_only
id:x%3A0x1.0000000000000p%2B2,429,9.24,7.1752,7.211856257363513,0.8604468650963308,defined,-0.042601418925976665,sensitivity_only
id:x%3A0x1.0000000000000p%2B2,430,9.262,7.19676,7.160103742636488,0.8604468650963308,defined,0.042601418925976665,sensitivity_only
id:x%3A0x1.0000000000000p%2B2,431,9.284,7.21832,7.254976257363513,0.8604468650963308,defined,-0.042601418925976665,sensitivity_only
id:x%3A0x1.0000000000000p%2B2,432,9.306,7.239879999999999,7.203223742636487,0.8604468650963308,defined,0.042601418925976665,sensitivity_only
id:x%3A0x1.0000000000000p%2B2,433,9.328,7.261439999999999,7.298096257363511,0.8604468650963308,defined,-0.042601418925976665,sensitivity_only
id:x%3A0x1.0000000000000p%2B2,434,9.35,7.2829999999999995,7.246343742636487,0.8604468650963308,defined,0.042601418925976665,sensitivity_only
id:x%3A0x1.0000000000000p%2B2,435,9.372,7.3045599999999995,7.341216257363512,0.8604468650963308,defined,-0.042601418925976665,sensitivity_only
id:x%3A0x1.0000000000000p%2B2,436,9.394,7.3261199999999995,7.289463742636487,0.8604468650963308,defined,0.042601418925976665,sensitivity_only
id:x%3A0x1.0000000000000p%2B2,437,9.416,7.34768,7.384336257363513,0.8604468650963308,defined,-0.042601418925976665,sensitivity_only
id:x%3A0x1.0000000000000p%2B2,438,9.438,7.3692400000000005,7.332583742636488,0.8604468650963308,defined,0.042601418925976665,sensitivity_only
id:x%3A0x1.0000000000000p%2B2,439,9.46,7.3908000000000005,7.427456257363513,0.8604468650963308,defined,-0.042601418925976665,sensitivity_only
id:x%3A0x1.0000000000000p%2B2,440,9.482,7.41236,7.375703742636487,0.8604468650963308,defined,0.042601418925976665,sensitivity_only
id:x%3A0x1.0000000000000p%2B2,441,9.504,7.433919999999999,7.459678451120305,0.6046383376352611,defined,-0.042601418925976665,sensitivity_only
id:x%3A0x1.0000000000000p%2B2,442,9.526,7.45548,7.4297215488796935,0.6046383376352611,defined,0.042601418925976665,sensitivity_only
id:x%3A0x1.0000000000000p%2B2,443,9.548,7.47704,7.502798451120306,0.6046383376352611,defined,-0.042601418925976665,sensitivity_only
id:x%3A0x1.0000000000000p%2B2,444,9.57,7.4986,7.4728415488796935,0.6046383376352611,defined,0.042601418925976665,sensitivity_only
id:x%3A0x1.0000000000000p%2B2,445,9.592,7.520160000000001,7.545918451120307,0.6046383376352611,defined,-0.042601418925976665,sensitivity_only
id:x%3A0x1.0000000000000p%2B2,446,9.614,7.541720000000001,7.5159615488796945,0.6046383376352611,defined,0.042601418925976665,sensitivity_only
id:x%3A0x1.0000000000000p%2B2,447,9.636,7.563279999999999,7.589038451120305,0.6046383376352611,defined,-0.042601418925976665,sensitivity_only
id:x%3A0x1.0000000000000p%2B2,448,9.658,7.584839999999999,7.559081548879693,0.6046383376352611,defined,0.042601418925976665,sensitivity_only
id:x%3A0x1.0000000000000p%2B2,449,9.68,7.6064,7.632158451120306,0.6046383376352611,defined,-0.042601418925976665,sensitivity_only
id:x%3A0x1.0000000000000p%2B2,450,9.702,7.62796,7.602201548879694,0.6046383376352611,defined,0.042601418925976665,sensitivity_only
id:x%3A0x1.0000000000000p%2B2,451,9.724,7.64952,7.675278451120306,0.6046383376352611,defined,-0.042601418925976665,sensitivity_only
id:x%3A0x1.0000000000000p%2B2,452,9.746,7.67108,7.645321548879694,0.6046383376352611,defined,0.042601418925976665,sensitivity_only
id:x%3A0x1.0000000000000p%2B2,453,9.768,7.692640000000001,7.718398451120307,0.6046383376352611,defined,-0.042601418925976665,sensitivity_only
id:x%3A0x1.0000000000000p%2B2,454,9.79,7.714199999999999,7.688441548879693,0.6046383376352611,defined,0.042601418925976665,sensitivity_only
id:x%3A0x1.0000000000000p%2B2,455,9.812,7.735759999999999,7.761518451120305,0.6046383376352611,defined,-0.042601418925976665,sensitivity_only
id:x%3A0x1.0000000000000p%2B2,456,9.834,7.757319999999999,7.731561548879693,0.6046383376352611,defined,0.042601418925976665,sensitivity_only
id:x%3A0x1.0000000000000p%2B2,457,9.856,7.77888,7.804638451120306,0.6046383376352611,defined,-0.042601418925976665,sensitivity_only
id:x%3A0x1.0000000000000p%2B2,458,9.878,7.80044,7.774681548879694,0.6046383376352611,defined,0.042601418925976665,sensitivity_only
id:x%3A0x1.0000000000000p%2B2,459,9.9,7.822,7.847758451120306,0.6046383376352611,defined,-0.042601418925976665,sensitivity_only
id:x%3A0x1.0000000000000p%2B2,460,9.922,7.84356,7.817801548879694,0.6046383376352611,defined,0.042601418925976665,sensitivity_only
id:x%3A0x1.0000000000000p%2B2,461,9.944,7.86512,7.890878451120306,0.6046383376352611,defined,-0.042601418925976665,sensitivity_only
id:x%3A0x1.0000000000000p%2B2,462,9.966,7.886679999999999,7.860921548879693,0.6046383376352611,defined,0.042601418925976665,sensitivity_only
id:x%3A0x1.0000000000000p%2B2,463,9.988,7.908239999999999,7.933998451120305,0.6046383376352611,defined,-0.042601418925976665,sensitivity_only
id:x%3A0x1.0000000000000p%2B2,464,10.0,7.92,7.894241548879694,0.6046383376352611,defined,0.042601418925976665,sensitivity_only
id:x%3A0x1.0000000000000p%2B2,465,10.01,7.929799999999999,7.9555584511203055,0.6046383376352611,defined,-0.042601418925976665,sensitivity_only
id:x%3A0x1.0000000000000p%2B2,466,10.032,7.951359999999999,7.925601548879693,0.6046383376352611,defined,0.042601418925976665,sensitivity_only
id:x%3A0x1.0000000000000p%2B2,467,10.054,7.97292,7.998678451120306,0.6046383376352611,defined,-0.042601418925976665,sensitivity_only
id:x%3A0x1.0000000000000p%2B2,468,10.076,7.99448,7.968721548879694,0.6046383376352611,defined,0.042601418925976665,sensitivity_only
id:x%3A0x1.0000000000000p%2B2,469,10.098,8.01604,8.041798451120306,0.6046383376352611,defined,-0.042601418925976665,sensitivity_only
id:x%3A0x1.0000000000000p%2B2,470,10.12,8.037599999999998,8.011841548879692,0.6046383376352611,defined,0.042601418925976665,sensitivity_only
id:x%3A0x1.0000000000000p%2B2,471,10.142,8.059159999999999,8.084918451120304,0.6046383376352611,defined,-0.042601418925976665,sensitivity_only
id:x%3A0x1.0000000000000p%2B2,472,10.164,8.08072,8.054961548879694,0.6046383376352611,defined,0.042601418925976665,sensitivity_only
id:x%3A0x1.0000000000000p%2B2,473,10.186,8.10228,8.128038451120306,0.6046383376352611,defined,-0.042601418925976665,sensitivity_only
id:x%3A0x1.0000000000000p%2B2,474,10.208,8.12384,8.098081548879694,0.6046383376352611,defined,0.042601418925976665,sensitivity_only
id:x%3A0x1.0000000000000p%2B2,475,10.23,8.1454,8.171158451120306,0.6046383376352611,defined,-0.042601418925976665,sensitivity_only
id:x%3A0x1.0000000000000p%2B2,476,10.252,8.16696,8.141201548879694,0.6046383376352611,defined,0.042601418925976665,sensitivity_only
id:x%3A0x1.0000000000000p%2B2,477,10.274,8.188519999999999,8.214278451120304,0.6046383376352611,defined,-0.042601418925976665,sensitivity_only
id:x%3A0x1.0000000000000p%2B2,478,10.296,8.210079999999998,8.184321548879693,0.6046383376352611,defined,0.042601418925976665,sensitivity_only
id:x%3A0x1.0000000000000p%2B2,479,10.318,8.231639999999999,8.257398451120304,0.6046383376352611,defined,-0.042601418925976665,sensitivity_only
id:x%3A0x1.0000000000000p%2B2,480,10.34,8.2532,8.227441548879694,0.6046383376352611,defined,0.042601418925976665,sensitivity_only
id:x%3A0x1.0000000000000p%2B2,481,10.362,8.27476,8.300518451120306,0.6046383376352611,defined,-0.042601418925976665,sensitivity_only
id:x%3A0x1.0000000000000p%2B2,482,10.384,8.29632,8.270561548879694,0.6046383376352611,defined,0.042601418925976665,sensitivity_only
id:x%3A0x1.0000000000000p%2B2,483,10.406,8.31788,8.343638451120306,0.6046383376352611,defined,-0.042601418925976665,sensitivity_only
id:x%3A0x1.0000000000000p%2B2,484,10.428,8.33944,8.313681548879694,0.6046383376352611,defined,0.042601418925976665,sensitivity_only
id:x%3A0x1.0000000000000p%2B2,485,10.45,8.360999999999999,8.386758451120304,0.6046383376352611,defined,-0.042601418925976665,sensitivity_only
id:x%3A0x1.0000000000000p%2B2,486,10.472,8.382559999999998,8.356801548879693,0.6046383376352611,defined,0.042601418925976665,sensitivity_only
id:x%3A0x1.0000000000000p%2B2,487,10.494,8.404119999999999,8.429878451120304,0.6046383376352611,defined,-0.042601418925976665,sensitivity_only
id:x%3A0x1.0000000000000p%2B2,488,10.516,8.42568,8.399493867741182,0.6146774665960905,defined,0.042601418925976665,sensitivity_only
id:x%3A0x1.0000000000000p%2B2,489,10.538,8.44724,8.473426132258819,0.6146774665960905,defined,-0.042601418925976665,sensitivity_only
id:x%3A0x1.0000000000000p%2B2,490,10.56,8.4688,8.442613867741182,0.6146774665960905,defined,0.042601418925976665,sensitivity_only
id:x%3A0x1.0000000000000p%2B2,491,10.582,8.49036,8.516546132258819,0.6146774665960905,defined,-0.042601418925976665,sensitivity_only
id:x%3A0x1.0000000000000p%2B2,492,10.604,8.51192,8.485733867741182,0.6146774665960905,defined,0.042601418925976665,sensitivity_only
id:x%3A0x1.0000000000000p%2B2,493,10.626,8.533479999999999,8.559666132258817,0.6146774665960905,defined,-0.042601418925976665,sensitivity_only
id:x%3A0x1.0000000000000p%2B2,494,10.648,8.555039999999998,8.52885386774118,0.6146774665960905,defined,0.042601418925976665,sensitivity_only
id:x%3A0x1.0000000000000p%2B2,495,10.67,8.5766,8.602786132258817,0.6146774665960905,defined,-0.042601418925976665,sensitivity_only
id:x%3A0x1.0000000000000p%2B2,496,10.692,8.59816,8.571973867741182,0.6146774665960905,defined,0.042601418925976665,sensitivity_only
id:x%3A0x1.0000000000000p%2B2,497,10.714,8.619720000000001,8.645906132258819,0.6146774665960905,defined,-0.042601418925976665,sensitivity_only
id:x%3A0x1.0000000000000p%2B2,498,10.736,8.64128,8.615093867741182,0.6146774665960905,defined,0.042601418925976665,sensitivity_only
id:x%3A0x1.0000000000000p%2B2,499,10.758,8.66284,8.689026132258817,0.6146774665960905,defined,-0.042601418925976665,sensitivity_only
id:x%3A0x1.0000000000000p%2B2,500,10.78,8.6844,8.658213867741182,0.6146774665960905,defined,0.042601418925976665,sensitivity_only
id:x%3A0x1.0000000000000p%2B2,501,10.802,8.70596,8.732146132258817,0.6146774665960905,defined,-0.042601418925976665,sensitivity_only
id:x%3A0x1.0000000000000p%2B2,502,10.824,8.727519999999998,8.70133386774118,0.6146774665960905,defined,0.042601418925976665,sensitivity_only
id:x%3A0x1.0000000000000p%2B2,503,10.846,8.74908,8.775266132258817,0.6146774665960905,defined,-0.042601418925976665,sensitivity_only
id:x%3A0x1.0000000000000p%2B2,504,10.868,8.77064,8.744453867741182,0.6146774665960905,defined,0.042601418925976665,sensitivity_only
id:x%3A0x1.0000000000000p%2B2,505,10.89,8.792200000000001,8.81838613225882,0.6146774665960905,defined,-0.042601418925976665,sensitivity_only
id:x%3A0x1.0000000000000p%2B2,506,10.912,8.81376,8.787573867741182,0.6146774665960905,defined,0.042601418925976665,sensitivity_only
id:x%3A0x1.0000000000000p%2B2,507,10.934,8.83532,8.861506132258818,0.6146774665960905,defined,-0.042601418925976665,sensitivity_only
id:x%3A0x1.0000000000000p%2B2,508,10.956,8.85688,8.830693867741182,0.6146774665960905,defined,0.042601418925976665,sensitivity_only
id:x%3A0x1.0000000000000p%2B2,509,10.978,8.87844,8.904626132258818,0.6146774665960905,defined,-0.042601418925976665,sensitivity_only
id:x%3A0x1.0000000000000p%2B2,510,11.0,8.899999999999999,8.87381386774118,0.6146774665960905,defined,0.042601418925976665,sensitivity_only
id:x%3A0x1.4000000000000p%2B2,0,0.0,1.75,1.6966866557011566,0.6516075414303091,defined,0.08181818181818182,sensitivity_only
id:x%3A0x1.4000000000000p%2B2,1,0.022,1.75704,1.783618154535126,0.6516075414303091,defined,-0.040788592588701066,sensitivity_only
id:x%3A0x1.4000000000000p%2B2,2,0.044,1.76408,1.737501845464874,0.6516075414303091,defined,0.040788592588701066,sensitivity_only
id:x%3A0x1.4000000000000p%2B2,3,0.066,1.77112,1.797698154535126,0.6516075414303091,defined,-0.040788592588701066,sensitivity_only
id:x%3A0x1.4000000000000p%2B2,4,0.088,1.77816,1.751581845464874,0.6516075414303091,defined,0.040788592588701066,sensitivity_only
id:x%3A0x1.4000000000000p%2B2,5,0.11,1.7852,1.811778154535126,0.6516075414303091,defined,-0.040788592588701066,sensitivity_only
id:x%3A0x1.4000000000000p%2B2,6,0.132,1.79224,1.765661845464874,0.6516075414303091,defined,0.040788592588701066,sensitivity_only
id:x%3A0x1.4000000000000p%2B2,7,0.154,1.79928,1.825858154535126,0.6516075414303091,defined,-0.040788592588701066,sensitivity_only
id:x%3A0x1.4000000000000p%2B2,8,0.176,1.80632,1.779741845464874,0.6516075414303091,defined,0.040788592588701066,sensitivity_only
id:x%3A0x1.4000000000000p%2B2,9,0.198,1.81336,1.839938154535126,0.6516075414303091,defined,-0.040788592588701066,sensitivity_only
id:x%3A0x1.4000000000000p%2B2,10,0.22,1.8204,1.793821845464874,0.6516075414303091,defined,0.040788592588701066,sensitivity_only
id:x%3A0x1.4000000000000p%2B2,11,0.242,1.82744,1.854018154535126,0.6516075414303091,defined,-0.040788592588701066,sensitivity_only
id:x%3A0x1.4000000000000p%2B2,12,0.264,1.83448,1.807901845464874,0.6516075414303091,defined,0.040788592588701066,sensitivity_only
id:x%3A0x1.4000000000000p%2B2,13,0.286,1.84152,1.868098154535126,0.6516075414303091,defined,-0.040788592588701066,sensitivity_only
id:x%3A0x1.4000000000000p%2B2,14,0.308,1.84856,1.821981845464874,0.6516075414303091,defined,0.040788592588701066,sensitivity_only
id:x%3A0x1.4000000000000p%2B2,15,0.33,1.8556,1.882178154535126,0.6516075414303091,defined,-0.040788592588701066,sensitivity_only
id:x%3A0x1.4000000000000p%2B2,16,0.352,1.86264,1.836061845464874,0.6516075414303091,defined,0.040788592588701066,sensitivity_only
id:x%3A0x1.4000000000000p%2B2,17,0.374,1.86968,1.896258154535126,0.6516075414303091,defined,-0.040788592588701066,sensitivity_only
id:x%3A0x1.4000000000000p%2B2,18,0.396,1.87672,1.850141845464874,0.6516075414303091,defined,0.040788592588701066,sensitivity_only
id:x%3A0x1.4000000000000p%2B2,19,0.418,1.88376,1.9103381545351261,0.6516075414303091,defined,-0.040788592588701066,sensitivity_only
id:x%3A0x1.4000000000000p%2B2,20,0.44,1.8908,1.864221845464874,0.6516075414303091,defined,0.040788592588701066,sensitivity_only
id:x%3A0x1.4000000000000p%2B2,21,0.462,1.89784,1.924418154535126,0.6516075414303091,defined,-0.040788592588701066,sensitivity_only
id:x%3A0x1.4000000000000p%2B2,22,0.484,1.90488,1.8783018454648739,0.6516075414303091,defined,0.040788592588701066,sensitivity_only
id:x%3A0x1.4000000000000p%2B2,23,0.506,1.91192,1.940760919797025,0.7070829848886273,defined,-0.040788592588701066,sensitivity_only
id:x%3A0x1.4000000000000p%2B2,24,0.528,1.91896,1.890119080202975,0.7070829848886273,defined,0.040788592588701066,sensitivity_only
id:x%3A0x1.4000000000000p%2B2,25,0.55,1.926,1.954840919797025,0.7070829848886273,defined,-0.040788592588701066,sensitivity_only
id:x%3A0x1.4000000000000p%2B2,26,0.572,1.93304,1.9041990802029751,0.7070829848886273,defined,0.040788592588701066,sensitivity_only
id:x%3A0x1.4000000000000p%2B2,27,0.594,1.94008,1.968920919797025,0.7070829848886273,defined,-0.040788592588701066,sensitivity_only
id:x%3A0x1.4000000000000p%2B2,28,0.616,1.94712,1.918279080202975,0.7070829848886273,defined,0.040788592588701066,sensitivity_only
id:x%3A0x1.4000000000000p%2B2,29,0.638,1.95416,1.9830009197970249,0.7070829848886273,defined,-0.040788592588701066,sensitivity_only
id:x%3A0x1.4000000000000p%2B2,30,0.66,1.9612,1.932359080202975,0.7070829848886273,defined,0.040788592588701066,sensitivity_only
id:x%3A0x1.4000000000000p%2B2,31,0.682,1.96824,1.997080919797025,0.7070829848886273,defined,-0.040788592588701066,sensitivity_only
id:x%3A0x1.4000000000000p%2B2,32,0.704,1.97528,1.946439080202975,0.7070829848886273,defined,0.040788592588701066,sensitivity_only
id:x%3A0x1.4000000000000p%2B2,33,0.726,1.98232,2.011160919797025,0.7070829848886273,defined,-0.040788592588701066,sensitivity_only
id:x%3A0x1.4000000000000p%2B2,34,0.748,1.98936,1.960519080202975,0.7070829848886273,defined,0.040788592588701066,sensitivity_only
id:x%3A0x1.4000000000000p%2B2,35,0.77,1.9964,2.025240919797025,0.7070829848886273,defined,-0.040788592588701066,sensitivity_only
id:x%3A0x1.4000000000000p%2B2,36,0.792,2.00344,1.974599080202975,0.7070829848886273,defined,0.040788592588701066,sensitivity_only
id:x%3A0x1.4000000000000p%2B2,37,0.814,2.01048,2.039320919797025,0.7070829848886273,defined,-0.040788592588701066,sensitivity_only
id:x%3A0x1.4000000000000p%2B2,38,0.836,2.01752,1.9886790802029752,0.7070829848886273,defined,0.040788592588701066,sensitivity_only
id:x%3A0x1.4000000000000p%2B2,39,0.858,2.02456,2.053400919797025,0.7070829848886273,defined,-0.040788592588701066,sensitivity_only
id:x%3A0x1.4000000000000p%2B2,40,0.88,2.0316,2.002759080202975,0.7070829848886273,defined,0.040788592588701066,sensitivity_only
id:x%3A0x1.4000000000000p%2B2,41,0.902,2.03864,2.067480919797025,0.7070829848886273,defined,-0.040788592588701066,sensitivity_only
id:x%3A0x1.4000000000000p%2B2,42,0.924,2.04568,2.016839080202975,0.7070829848886273,defined,0.040788592588701066,sensitivity_only
id:x%3A0x1.4000000000000p%2B2,43,0.946,2.05272,2.081560919797025,0.7070829848886273,defined,-0.040788592588701066,sensitivity_only
id:x%3A0x1.4000000000000p%2B2,44,0.968,2.05976,2.030919080202975,0.7070829848886273,defined,0.040788592588701066,sensitivity_only
id:x%3A0x1.4000000000000p%2B2,45,0.99,2.0668,2.095640919797025,0.7070829848886273,defined,-0.040788592588701066,sensitivity_only
id:x%3A0x1.4000000000000p%2B2,46,1.0,2.07,2.041159080202975,0.7070829848886273,defined,0.040788592588701066,sensitivity_only
id:x%3A0x1.4000000000000p%2B2,47,1.012,2.07384,2.102680919797025,0.7070829848886273,defined,-0.040788592588701066,sensitivity_only
id:x%3A0x1.4000000000000p%2B2,48,1.034,2.08088,2.052039080202975,0.7070829848886273,defined,0.040788592588701066,sensitivity_only
id:x%3A0x1.4000000000000p%2B2,49,1.056,2.08792,2.116760919797025,0.7070829848886273,defined,-0.040788592588701066,sensitivity_only
id:x%3A0x1.4000000000000p%2B2,50,1.078,2.09496,2.066119080202975,0.7070829848886273,defined,0.040788592588701066,sensitivity_only
id:x%3A0x1.4000000000000p%2B2,51,1.1,2.102,2.130840919797025,0.7070829848886273,defined,-0.040788592588701066,sensitivity_only
id:x%3A0x1.4000000000000p%2B2,52,1.122,2.1090400000000002,2.0801990802029753,0.7070829848886273,defined,0.040788592588701066,sensitivity_only
id:x%3A0x1.4000000000000p%2B2,53,1.144,2.11608,2.144920919797025,0.7070829848886273,defined,-0.040788592588701066,sensitivity_only
id:x%3A0x1.4000000000000p%2B2,54,1.166,2.12312,2.094279080202975,0.7070829848886273,defined,0.040788592588701066,sensitivity_only
id:x%3A0x1.4000000000000p%2B2,55,1.188,2.13016,2.159000919797025,0.7070829848886273,defined,-0.040788592588701066,sensitivity_only
id:x%3A0x1.4000000000000p%2B2,56,1.21,2.1372,2.108359080202975,0.7070829848886273,defined,0.040788592588701066,sensitivity_only
id:x%3A0x1.4000000000000p%2B2,57,1.232,2.14424,2.173080919797025,0.7070829848886273,defined,-0.040788592588701066,sensitivity_only
id:x%3A0x1.4000000000000p%2B2,58,1.254,2.15128,2.122439080202975,0.7070829848886273,defined,0.040788592588701066,sensitivity_only
id:x%3A0x1.4000000000000p%2B2,59,1.276,2.15832,2.1871609197970248,0.7070829848886273,defined,-0.040788592588701066,sensitivity_only
id:x%3A0x1.4000000000000p%2B2,60,1.298,2.16536,2.136519080202975,0.7070829848886273,defined,0.040788592588701066,sensitivity_only
id:x%3A0x1.4000000000000p%2B2,61,1.32,2.1724,2.201240919797025,0.7070829848886273,defined,-0.040788592588701066,sensitivity_only
id:x%3A0x1.4000000000000p%2B2,62,1.342,2.17944,2.150599080202975,0.7070829848886273,defined,0.040788592588701066,sensitivity_only
id:x%3A0x1.4000000000000p%2B2,63,1.364,2.18648,2.215320919797025,0.7070829848886273,defined,-0.040788592588701066,sensitivity_only
id:x%3A0x1.4000000000000p%2B2,64,1.386,2.19352,2.164679080202975,0.7070829848886273,defined,0.040788592588701066,sensitivity_only
id:x%3A0x1.4000000000000p%2B2,65,1.408,2.20056,2.229400919797025,0.7070829848886273,defined,-0.040788592588701066,sensitivity_only
id:x%3A0x1.4000000000000p%2B2,66,1.43,2.2076000000000002,2.1787590802029753,0.7070829848886273,defined,0.040788592588701066,sensitivity_only
id:x%3A0x1.4000000000000p%2B2,67,1.452,2.21464,2.243480919797025,0.7070829848886273,defined,-0.040788592588701066,sensitivity_only
id:x%3A0x1.4000000000000p%2B2,68,1.474,2.22168,2.192839080202975,0.7070829848886273,defined,0.040788592588701066,sensitivity_only
id:x%3A0x1.4000000000000p%2B2,69,1.496,2.22872,2.257560919797025,0.7070829848886273,defined,-0.040788592588701066,sensitivity_only
id:x%3A0x1.4000000000000p%2B2,70,1.518,2.23576,2.203485637369996,0.7912595307087035,defined,0.040788592588701066,sensitivity_only
id:x%3A0x1.4000000000000p%2B2,71,1.54,2.2428,2.275074362630004,0.7912595307087035,defined,-0.040788592588701066,sensitivity_only
id:x%3A0x1.4000000000000p%2B2,72,1.562,2.24984,2.217565637369996,0.7912595307087035,defined,0.040788592588701066,sensitivity_only
id:x%3A0x1.4000000000000p%2B2,73,1.584,2.2568799999999998,2.2891543626300037,0.7912595307087035,defined,-0.040788592588701066,sensitivity_only
id:x%3A0x1.4000000000000p%2B2,74,1.606,2.26392,2.231645637369996,0.7912595307087035,defined,0.040788592588701066,sensitivity_only
id:x%3A0x1.4000000000000p%2B2,75,1.628,2.27096,2.303234362630004,0.7912595307087035,defined,-0.040788592588701066,sensitivity_only
id:x%3A0x1.4000000000000p%2B2,76,1.65,2.278,2.245725637369996,0.7912595307087035,defined,0.040788592588701066,sensitivity_only
id:x%3A0x1.4000000000000p%2B2,77,1.672,2.28504,2.317314362630004,0.7912595307087035,defined,-0.040788592588701066,sensitivity_only
id:x%3A0x1.4000000000000p%2B2,78,1.694,2.29208,2.259805637369996,0.7912595307087035,defined,0.040788592588701066,sensitivity_only
id:x%3A0x1.4000000000000p%2B2,79,1.716,2.2991200000000003,2.331394362630004,0.7912595307087035,defined,-0.040788592588701066,sensitivity_only
id:x%3A0x1.4000000000000p%2B2,80,1.738,2.30616,2.2738856373699963,0.7912595307087035,defined,0.040788592588701066,sensitivity_only
id:x%3A0x1.4000000000000p%2B2,81,1.76,2.3132,2.345474362630004,0.7912595307087035,defined,-0.040788592588701066,sensitivity_only
id:x%3A0x1.4000000000000p%2B2,82,1.782,2.32024,2.287965637369996,0.7912595307087035,defined,0.040788592588701066,sensitivity_only
id:x%3A0x1.4000000000000p%2B2,83,1.804,2.32728,2.359554362630004,0.7912595307087035,defined,-0.040788592588701066,sensitivity_only
id:x%3A0x1.4000000000000p%2B2,84,1.826,2.33432,2.302045637369996,0.7912595307087035,defined,0.040788592588701066,sensitivity_only
id:x%3A0x1.4000000000000p%2B2,85,1.848,2.34136,2.373634362630004,0.7912595307087035,defined,-0.040788592588701066,sensitivity_only
id:x%3A0x1.4000000000000p%2B2,86,1.87,2.3484,2.316125637369996,0.7912595307087035,defined,0.040788592588701066,sensitivity_only
id:x%3A0x1.4000000000000p%2B2,87,1.892,2.3554399999999998,2.3877143626300037,0.7912595307087035,defined,-0.040788592588701066,sensitivity_only
id:x%3A0x1.4000000000000p%2B2,88,1.914,2.36248,2.330205637369996,0.7912595307087035,defined,0.040788592588701066,sensitivity_only
id:x%3A0x1.4000000000000p%2B2,89,1.936,2.36952,2.401794362630004,0.7912595307087035,defined,-0.040788592588701066,sensitivity_only
id:x%3A0x1.4000000000000p%2B2,90,1.958,2.37656,2.344285637369996,0.7912595307087035,defined,0.040788592588701066,sensitivity_only
id:x%3A0x1.4000000000000p%2B2,91,1.98,2.3836,2.415874362630004,0.7912595307087035,defined,-0.040788592588701066,sensitivity_only
id:x%3A0x1.4000000000000p%2B2,92,2.0,2.39,2.357725637369996,0.7912595307087035,defined,0.040788592588701066,sensitivity_only
id:x%3A0x1.4000000000000p%2B2,93,2.002,2.39064,2.422914362630004,0.7912595307087035,defined,-0.040788592588701066,sensitivity_only
id:x%3A0x1.4000000000000p%2B2,94,2.024,2.3976800000000003,2.3654056373699963,0.7912595307087035,defined,0.040788592588701066,sensitivity_only
id:x%3A0x1.4000000000000p%2B2,95,2.046,2.40472,2.436994362630004,0.7912595307087035,defined,-0.040788592588701066,sensitivity_only
id:x%3A0x1.4000000000000p%2B2,96,2.068,2.41176,2.379485637369996,0.7912595307087035,defined,0.040788592588701066,sensitivity_only
id:x%3A0x1.4000000000000p%2B2,97,2.09,2.4188,2.451074362630004,0.7912595307087035,defined,-0.040788592588701066,sensitivity_only
id:x%3A0x1.4000000000000p%2B2,98,2.112,2.42584,2.393565637369996,0.7912595307087035,defined,0.040788592588701066,sensitivity_only
id:x%3A0x1.4000000000000p%2B2,99,2.134,2.43288,2.465154362630004,0.7912595307087035,defined,-0.040788592588701066,sensitivity_only
id:x%3A0x1.4000000000000p%2B2,100,2.156,2.43992,2.407645637369996,0.7912595307087035,defined,0.040788592588701066,sensitivity_only
id:x%3A0x1.4000000000000p%2B2,101,2.178,2.44696,2.4792343626300037,0.7912595307087035,defined,-0.040788592588701066,sensitivity_only
id:x%3A0x1.4000000000000p%2B2,102,2.2,2.454,2.4217256373699962,0.7912595307087035,defined,0.040788592588701066,sensitivity_only
id:x%3A0x1.4000000000000p%2B2,103,2.222,2.46104,2.493314362630004,0.7912595307087035,defined,-0.040788592588701066,sensitivity_only
id:x%3A0x1.4000000000000p%2B2,104,2.244,2.46808,2.435805637369996,0.7912595307087035,defined,0.040788592588701066,sensitivity_only
id:x%3A0x1.4000000000000p%2B2,105,2.266,2.47512,2.507394362630004,0.7912595307087035,defined,-0.040788592588701066,sensitivity_only
id:x%3A0x1.4000000000000p%2B2,106,2.288,2.48216,2.449885637369996,0.7912595307087035,defined,0.040788592588701066,sensitivity_only
id:x%3A0x1.4000000000000p%2B2,107,2.31,2.4892000000000003,2.5214743626300042,0.7912595307087035,defined,-0.040788592588701066,sensitivity_only
id:x%3A0x1.4000000000000p%2B2,108,2.332,2.4962400000000002,2.4639656373699963,0.7912595307087035,defined,0.040788592588701066,sensitivity_only
id:x%3A0x1.4000000000000p%2B2,109,2.354,2.50328,2.535554362630004,0.7912595307087035,defined,-0.040788592588701066,sensitivity_only
id:x%3A0x1.4000000000000p%2B2,110,2.376,2.51032,2.478045637369996,0.7912595307087035,defined,0.040788592588701066,sensitivity_only
id:x%3A0x1.4000000000000p%2B2,111,2.398,2.51736,2.549634362630004,0.7912595307087035,defined,-0.040788592588701066,sensitivity_only
id:x%3A0x1.4000000000000p%2B2,112,2.42,2.5244,2.492125637369996,0.7912595307087035,defined,0.040788592588701066,sensitivity_only
id:x%3A0x1.4000000000000p%2B2,113,2.442,2.53144,2.563714362630004,0.7912595307087035,defined,-0.040788592588701066,sensitivity_only
id:x%3A0x1.4000000000000p%2B2,114,2.464,2.53848,2.506205637369996,0.7912595307087035,defined,0.040788592588701066,sensitivity_only
id:x%3A0x1.4000000000000p%2B2,115,2.486,2.5455200000000002,2.577794362630004,0.7912595307087035,defined,-0.040788592588701066,sensitivity_only
id:x%3A0x1.4000000000000p%2B2,116,2.508,2.55256,2.518022872108097,0.8467349741670217,defined,0.040788592588701066,sensitivity_only
id:x%3A0x1.4000000000000p%2B2,117,2.53,2.5596,2.594137127891903,0.8467349741670217,defined,-0.040788592588701066,sensitivity_only
id:x%3A0x1.4000000000000p%2B2,118,2.552,2.56664,2.532102872108097,0.8467349741670217,defined,0.040788592588701066,sensitivity_only
id:x%3A0x1.4000000000000p%2B2,119,2.574,2.57368,2.608217127891903,0.8467349741670217,defined,-0.040788592588701066,sensitivity_only
id:x%3A0x1.4000000000000p%2B2,120,2.596,2.58072,2.546182872108097,0.8467349741670217,defined,0.040788592588701066,sensitivity_only
id:x%3A0x1.4000000000000p%2B2,121,2.618,2.58776,2.622297127891903,0.8467349741670217,defined,-0.040788592588701066,sensitivity_only
id:x%3A0x1.4000000000000p%2B2,122,2.64,2.5948,2.560262872108097,0.8467349741670217,defined,0.040788592588701066,sensitivity_only
id:x%3A0x1.4000000000000p%2B2,123,2.662,2.60184,2.6363771278919033,0.8467349741670217,defined,-0.040788592588701066,sensitivity_only
id:x%3A0x1.4000000000000p%2B2,124,2.684,2.60888,2.574342872108097,0.8467349741670217,defined,0.040788592588701066,sensitivity_only
id:x%3A0x1.4000000000000p%2B2,125,2.706,2.61592,2.650457127891903,0.8467349741670217,defined,-0.040788592588701066,sensitivity_only
id:x%3A0x1.4000000000000p%2B2,126,2.728,2.62296,2.588422872108097,0.8467349741670217,defined,0.040788592588701066,sensitivity_only
id:x%3A0x1.4000000000000p%2B2,127,2.75,2.63,2.664537127891903,0.8467349741670217,defined,-0.040788592588701066,sensitivity_only
id:x%3A0x1.4000000000000p%2B2,128,2.772,2.63704,2.6025028721080967,0.8467349741670217,defined,0.040788592588701066,sensitivity_only
id:x%3A0x1.4000000000000p%2B2,129,2.794,2.6440799999999998,2.678617127891903,0.8467349741670217,defined,-0.040788592588701066,sensitivity_only
id:x%3A0x1.4000000000000p%2B2,130,2.816,2.6511199999999997,2.6165828721080966,0.8467349741670217,defined,0.040788592588701066,sensitivity_only
id:x%3A0x1.4000000000000p%2B2,131,2.838,2.65816,2.692697127891903,0.8467349741670217,defined,-0.040788592588701066,sensitivity_only
id:x%3A0x1.4000000000000p%2B2,132,2.86,2.6652,2.630662872108097,0.8467349741670217,defined,0.040788592588701066,sensitivity_only
id:x%3A0x1.4000000000000p%2B2,133,2.882,2.67224,2.706777127891903,0.8467349741670217,defined,-0.040788592588701066,sensitivity_only
id:x%3A0x1.4000000000000p%2B2,134,2.904,2.67928,2.6447428721080968,0.8467349741670217,defined,0.040788592588701066,sensitivity_only
id:x%3A0x1.4000000000000p%2B2,135,2.926,2.6863200000000003,2.7208571278919034,0.8467349741670217,defined,-0.040788592588701066,sensitivity_only
id:x%3A0x1.4000000000000p%2B2,136,2.948,2.69336,2.658822872108097,0.8467349741670217,defined,0.040788592588701066,sensitivity_only
id:x%3A0x1.4000000000000p%2B2,137,2.97,2.7004,2.7349371278919032,0.8467349741670217,defined,-0.040788592588701066,sensitivity_only
id:x%3A0x1.4000000000000p%2B2,138,2.992,2.70744,2.672902872108097,0.8467349741670217,defined,0.040788592588701066,sensitivity_only
id:x%3A0x1.4000000000000p%2B2,139,3.0,2.71,2.744537127891903,0.8467349741670217,defined,-0.040788592588701066,sensitivity_only
id:x%3A0x1.4000000000000p%2B2,140,3.014,2.71448,2.679942872108097,0.8467349741670217,defined,0.040788592588701066,sensitivity_only
id:x%3A0x1.4000000000000p%2B2,141,3.036,2.72152,2.756057127891903,0.8467349741670217,defined,-0.040788592588701066,sensitivity_only
id:x%3A0x1.4000000000000p%2B2,142,3.058,2.72856,2.6940228721080968,0.8467349741670217,defined,0.040788592588701066,sensitivity_only
id:x%3A0x1.4000000000000p%2B2,143,3.08,2.7356,2.770137127891903,0.8467349741670217,defined,-0.040788592588701066,sensitivity_only
id:x%3A0x1.4000000000000p%2B2,144,3.102,2.7426399999999997,2.7081028721080966,0.8467349741670217,defined,0.040788592588701066,sensitivity_only
id:x%3A0x1.4000000000000p%2B2,145,3.124,2.74968,2.7842171278919032,0.8467349741670217,defined,-0.040788592588701066,sensitivity_only
id:x%3A0x1.4000000000000p%2B2,146,3.146,2.75672,2.722182872108097,0.8467349741670217,defined,0.040788592588701066,sensitivity_only
id:x%3A0x1.4000000000000p%2B2,147,3.168,2.76376,2.798297127891903,0.8467349741670217,defined,-0.040788592588701066,sensitivity_only
id:x%3A0x1.4000000000000p%2B2,148,3.19,2.7708,2.736262872108097,0.8467349741670217,defined,0.040788592588701066,sensitivity_only
id:x%3A0x1.4000000000000p%2B2,149,3.212,2.7778400000000003,2.8123771278919034,0.8467349741670217,defined,-0.040788592588701066,sensitivity_only
id:x%3A0x1.4000000000000p%2B2,150,3.234,2.7848800000000002,2.750342872108097,0.8467349741670217,defined,0.040788592588701066,sensitivity_only
id:x%3A0x1.4000000000000p%2B2,151,3.256,2.79192,2.8264571278919033,0.8467349741670217,defined,-0.040788592588701066,sensitivity_only
id:x%3A0x1.4000000000000p%2B2,152,3.278,2.79896,2.764422872108097,0.8467349741670217,defined,0.040788592588701066,sensitivity_only
id:x%3A0x1.4000000000000p%2B2,153,3.3,2.806,2.840537127891903,0.8467349741670217,defined,-0.040788592588701066,sensitivity_only
id:x%3A0x1.4000000000000p%2B2,154,3.322,2.81304,2.778502872108097,0.8467349741670217,defined,0.040788592588701066,sensitivity_only
id:x%3A0x1.4000000000000p%2B2,155,3.344,2.82008,2.854617127891903,0.8467349741670217,defined,-0.040788592588701066,sensitivity_only
id:x%3A0x1.4000000000000p%2B2,156,3.366,2.82712,2.7925828721080967,0.8467349741670217,defined,0.040788592588701066,sensitivity_only
id:x%3A0x1.4000000000000p%2B2,157,3.388,2.83416,2.868697127891903,0.8467349741670217,defined,-0.040788592588701066,sensitivity_only
id:x%3A0x1.4000000000000p%2B2,158,3.41,2.8412,2.806662872108097,0.8467349741670217,defined,0.040788592588701066,sensitivity_only
id:x%3A0x1.4000000000000p%2B2,159,3.432,2.84824,2.882777127891903,0.8467349741670217,defined,-0.040788592588701066,sensitivity_only
id:x%3A0x1.4000000000000p%2B2,160,3.454,2.85528,2.820742872108097,0.8467349741670217,defined,0.040788592588701066,sensitivity_only
id:x%3A0x1.4000000000000p%2B2,161,3.476,2.86232,2.896857127891903,0.8467349741670217,defined,-0.040788592588701066,sensitivity_only
id:x%3A0x1.4000000000000p%2B2,162,3.498,2.8693600000000004,2.8348228721080972,0.8467349741670217,defined,0.040788592588701066,sensitivity_only
id:x%3A0x1.4000000000000p%2B2,163,3.52,2.8764000000000003,2.9109371278919034,0.8467349741670217,defined,-0.040788592588701066,sensitivity_only
id:x%3A0x1.4000000000000p%2B2,164,3.542,2.8834400000000002,2.848902872108097,0.8467349741670217,defined,0.040788592588701066,sensitivity_only
id:x%3A0x1.4000000000000p%2B2,165,3.564,2.89048,2.9250171278919033,0.8467349741670217,defined,-0.040788592588701066,sensitivity_only
id:x%3A0x1.4000000000000p%2B2,166,3.586,2.89752,2.862982872108097,0.8467349741670217,defined,0.040788592588701066,sensitivity_only
id:x%3A0x1.4000000000000p%2B2,167,3.608,2.90456,2.939097127891903,0.8467349741670217,defined,-0.040788592588701066,sensitivity_only
id:x%3A0x1.4000000000000p%2B2,168,3.63,2.9116,2.877062872108097,0.8467349741670217,defined,0.040788592588701066,sensitivity_only
id:x%3A0x1.4000000000000p%2B2,169,3.652,2.91864,2.953177127891903,0.8467349741670217,defined,-0.040788592588701066,sensitivity_only
id:x%3A0x1.4000000000000p%2B2,170,3.674,2.92568,2.8911428721080967,0.8467349741670217,defined,0.040788592588701066,sensitivity_only
id:x%3A0x1.4000000000000p%2B2,171,3.696,2.9327199999999998,2.967257127891903,0.8467349741670217,defined,-0.040788592588701066,sensitivity_only
id:x%3A0x1.4000000000000p%2B2,172,3.718,2.9397599999999997,2.9052228721080966,0.8467349741670217,defined,0.040788592588701066,sensitivity_only
id:x%3A0x1.4000000000000p%2B2,173,3.74,2.9468,2.981337127891903,0.8467349741670217,defined,-0.040788592588701066,sensitivity_only
id:x%3A0x1.4000000000000p%2B2,174,3.762,2.95384,2.919302872108097,0.8467349741670217,defined,0.040788592588701066,sensitivity_only
id:x%3A0x1.4000000000000p%2B2,175,3.784,2.96088,2.995417127891903,0.8467349741670217,defined,-0.040788592588701066,sensitivity_only
id:x%3A0x1.4000000000000p%2B2,176,3.806,2.9679200000000003,2.9333828721080972,0.8467349741670217,defined,0.040788592588701066,sensitivity_only
id:x%3A0x1.4000000000000p%2B2,177,3.828,2.9749600000000003,3.0094971278919034,0.8467349741670217,defined,-0.040788592588701066,sensitivity_only
id:x%3A0x1.4000000000000p%2B2,178,3.85,2.982,2.947462872108097,0.8467349741670217,defined,0.040788592588701066,sensitivity_only
id:x%3A0x1.4000000000000p%2B2,179,3.872,2.98904,3.0235771278919032,0.8467349741670217,defined,-0.040788592588701066,sensitivity_only
id:x%3A0x1.4000000000000p%2B2,180,3.894,2.99608,2.961542872108097,0.8467349741670217,defined,0.040788592588701066,sensitivity_only
id:x%3A0x1.4000000000000p%2B2,181,3.916,3.00312,3.037657127891903,0.8467349741670217,defined,-0.040788592588701066,sensitivity_only
id:x%3A0x1.4000000000000p%2B2,182,3.938,3.01016,2.975622872108097,0.8467349741670217,defined,0.040788592588701066,sensitivity_only
id:x%3A0x1.4000000000000p%2B2,183,3.96,3.0172,3.051737127891903,0.8467349741670217,defined,-0.040788592588701066,sensitivity_only
id:x%3A0x1.4000000000000p%2B2,184,3.982,3.02424,2.9897028721080967,0.8467349741670217,defined,0.040788592588701066,sensitivity_only
id:x%3A0x1.4000000000000p%2B2,185,4.0,3.0300000000000002,3.0645371278919034,0.8467349741670217,defined,-0.040788592588701066,sensitivity_only
id:x%3A0x1.4000000000000p%2B2,186,4.004,3.0312799999999998,2.9967428721080966,0.8467349741670217,defined,0.040788592588701066,sensitivity_only
id:x%3A0x1.4000000000000p%2B2,187,4.026,3.0383199999999997,3.072857127891903,0.8467349741670217,defined,-0.040788592588701066,sensitivity_only
id:x%3A0x1.4000000000000p%2B2,188,4.048,3.04536,3.010822872108097,0.8467349741670217,defined,0.040788592588701066,sensitivity_only
id:x%3A0x1.4000000000000p%2B2,189,4.07,3.0524000000000004,3.0869371278919036,0.8467349741670217,defined,-0.040788592588701066,sensitivity_only
id:x%3A0x1.4000000000000p%2B2,190,4.092,3.05944,3.024902872108097,0.8467349741670217,defined,0.040788592588701066,sensitivity_only
id:x%3A0x1.4000000000000p%2B2,191,4.114,3.0664800000000003,3.1010171278919034,0.8467349741670217,defined,-0.040788592588701066,sensitivity_only
id:x%3A0x1.4000000000000p%2B2,192,4.136,3.0735200000000003,3.038982872108097,0.8467349741670217,defined,0.040788592588701066,sensitivity_only
id:x%3A0x1.4000000000000p%2B2,193,4.158,3.08056,3.1150971278919033,0.8467349741670217,defined,-0.040788592588701066,sensitivity_only
id:x%3A0x1.4000000000000p%2B2,194,4.18,3.0876,3.053062872108097,0.8467349741670217,defined,0.040788592588701066,sensitivity_only
id:x%3A0x1.4000000000000p%2B2,195,4.202,3.09464,3.129177127891903,0.8467349741670217,defined,-0.040788592588701066,sensitivity_only
id:x%3A0x1.4000000000000p%2B2,196,4.224,3.10168,3.067142872108097,0.8467349741670217,defined,0.040788592588701066,sensitivity_only
id:x%3A0x1.4000000000000p%2B2,197,4.246,3.10872,3.143257127891903,0.8467349741670217,defined,-0.040788592588701066,sensitivity_only
id:x%3A0x1.4000000000000p%2B2,198,4.268,3.11576,3.0812228721080968,0.8467349741670217,defined,0.040788592588701066,sensitivity_only
id:x%3A0x1.4000000000000p%2B2,199,4.29,3.1228,3.157337127891903,0.8467349741670217,defined,-0.040788592588701066,sensitivity_only
id:x%3A0x1.4000000000000p%2B2,200,4.312,3.12984,3.095302872108097,0.8467349741670217,defined,0.040788592588701066,sensitivity_only
id:x%3A0x1.4000000000000p%2B2,201,4.334,3.1368799999999997,3.1714171278919028,0.8467349741670217,defined,-0.040788592588701066,sensitivity_only
id:x%3A0x1.4000000000000p%2B2,202,4.356,3.14392,3.109382872108097,0.8467349741670217,defined,0.040788592588701066,sensitivity_only
id:x%3A0x1.4000000000000p%2B2,203,4.378,3.15096,3.185497127891903,0.8467349741670217,defined,-0.040788592588701066,sensitivity_only
id:x%3A0x1.4000000000000p%2B2,204,4.4,3.1580000000000004,3.1234628721080973,0.8467349741670217,defined,0.040788592588701066,sensitivity_only
id:x%3A0x1.4000000000000p%2B2,205,4.422,3.16504,3.199577127891903,0.8467349741670217,defined,-0.040788592588701066,sensitivity_only
id:x%3A0x1.4000000000000p%2B2,206,4.444,3.1720800000000002,3.137542872108097,0.8467349741670217,defined,0.040788592588701066,sensitivity_only
id:x%3A0x1.4000000000000p%2B2,207,4.466,3.17912,3.2136571278919033,0.8467349741670217,defined,-0.040788592588701066,sensitivity_only
id:x%3A0x1.4000000000000p%2B2,208,4.488,3.18616,3.151622872108097,0.8467349741670217,defined,0.040788592588701066,sensitivity_only
id:x%3A0x1.4000000000000p%2B2,209,4.51,3.1932,3.225474362630004,0.7912595307087035,defined,-0.040788592588701066,sensitivity_only
id:x%3A0x1.4000000000000p%2B2,210,4.532,3.20024,3.167965637369996,0.7912595307087035,defined,0.040788592588701066,sensitivity_only
id:x%3A0x1.4000000000000p%2B2,211,4.554,3.20728,3.239554362630004,0.7912595307087035,defined,-0.040788592588701066,sensitivity_only
id:x%3A0x1.4000000000000p%2B2,212,4.576,3.21432,3.182045637369996,0.7912595307087035,defined,0.040788592588701066,sensitivity_only
id:x%3A0x1.4000000000000p%2B2,213,4.598,3.22136,3.2536343626300037,0.7912595307087035,defined,-0.040788592588701066,sensitivity_only
id:x%3A0x1.4000000000000p%2B2,214,4.62,3.2284,3.196125637369996,0.7912595307087035,defined,0.040788592588701066,sensitivity_only
id:x%3A0x1.4000000000000p%2B2,215,4.642,3.23544,3.267714362630004,0.7912595307087035,defined,-0.040788592588701066,sensitivity_only
id:x%3A0x1.4000000000000p%2B2,216,4.664,3.24248,3.210205637369996,0.7912595307087035,defined,0.040788592588701066,sensitivity_only
id:x%3A0x1.4000000000000p%2B2,217,4.686,3.24952,3.281794362630004,0.7912595307087035,defined,-0.040788592588701066,sensitivity_only
id:x%3A0x1.4000000000000p%2B2,218,4.708,3.2565600000000003,3.2242856373699964,0.7912595307087035,defined,0.040788592588701066,sensitivity_only
id:x%3A0x1.4000000000000p%2B2,219,4.73,3.2636000000000003,3.295874362630004,0.7912595307087035,defined,-0.040788592588701066,sensitivity_only
id:x%3A0x1.4000000000000p%2B2,220,4.752,3.27064,3.2383656373699963,0.7912595307087035,defined,0.040788592588701066,sensitivity_only
id:x%3A0x1.4000000000000p%2B2,221,4.774,3.27768,3.309954362630004,0.7912595307087035,defined,-0.040788592588701066,sensitivity_only
id:x%3A0x1.4000000000000p%2B2,222,4.796,3.28472,3.252445637369996,0.7912595307087035,defined,0.040788592588701066,sensitivity_only
id:x%3A0x1.4000000000000p%2B2,223,4.818,3.29176,3.324034362630004,0.7912595307087035,defined,-0.040788592588701066,sensitivity_only
id:x%3A0x1.4000000000000p%2B2,224,4.84,3.2988,3.266525637369996,0.7912595307087035,defined,0.040788592588701066,sensitivity_only
id:x%3A0x1.4000000000000p%2B2,225,4.862,3.30584,3.338114362630004,0.7912595307087035,defined,-0.040788592588701066,sensitivity_only
id:x%3A0x1.4000000000000p%2B2,226,4.884,3.31288,3.280605637369996,0.7912595307087035,defined,0.040788592588701066,sensitivity_only
id:x%3A0x1.4000000000000p%2B2,227,4.906,3.3199199999999998,3.3521943626300037,0.7912595307087035,defined,-0.040788592588701066,sensitivity_only
id:x%3A0x1.4000000000000p%2B2,228,4.928,3.3269599999999997,3.2946856373699958,0.7912595307087035,defined,0.040788592588701066,sensitivity_only
id:x%3A0x1.4000000000000p%2B2,229,4.95,3.334,3.366274362630004,0.7912595307087035,defined,-0.040788592588701066,sensitivity_only
id:x%3A0x1.4000000000000p%2B2,230,4.972,3.3410400000000005,3.3087656373699965,0.7912595307087035,defined,0.040788592588701066,sensitivity_only
id:x%3A0x1.4000000000000p%2B2,231,4.994,3.34808,3.380354362630004,0.7912595307087035,defined,-0.040788592588701066,sensitivity_only
id:x%3A0x1.4000000000000p%2B2,232,5.0,3.35,3.317725637369996,0.7912595307087035,defined,0.040788592588701066,sensitivity_only
id:x%3A0x1.4000000000000p%2B2,233,5.016,3.3551200000000003,3.3873943626300043,0.7912595307087035,defined,-0.040788592588701066,sensitivity_only
id:x%3A0x1.4000000000000p%2B2,234,5.038,3.3621600000000003,3.3298856373699963,0.7912595307087035,defined,0.040788592588701066,sensitivity_only
id:x%3A0x1.4000000000000p%2B2,235,5.06,3.3692,3.401474362630004,0.7912595307087035,defined,-0.040788592588701066,sensitivity_only
id:x%3A0x1.4000000000000p%2B2,236,5.082,3.37624,3.343965637369996,0.7912595307087035,defined,0.040788592588701066,sensitivity_only
id:x%3A0x1.4000000000000p%2B2,237,5.104,3.38328,3.415554362630004,0.7912595307087035,defined,-0.040788592588701066,sensitivity_only
id:x%3A0x1.4000000000000p%2B2,238,5.126,3.39032,3.358045637369996,0.7912595307087035,defined,0.040788592588701066,sensitivity_only
id:x%3A0x1.4000000000000p%2B2,239,5.148,3.39736,3.429634362630004,0.7912595307087035,defined,-0.040788592588701066,sensitivity_only
id:x%3A0x1.4000000000000p%2B2,240,5.17,3.4044,3.372125637369996,0.7912595307087035,defined,0.040788592588701066,sensitivity_only
id:x%3A0x1.4000000000000p%2B2,241,5.192,3.41144,3.4437143626300037,0.7912595307087035,defined,-0.040788592588701066,sensitivity_only
id:x%3A0x1.4000000000000p%2B2,242,5.214,3.41848,3.3862056373699962,0.7912595307087035,defined,0.040788592588701066,sensitivity_only
id:x%3A0x1.4000000000000p%2B2,243,5.236,3.4255199999999997,3.4577943626300036,0.7912595307087035,defined,-0.040788592588701066,sensitivity_only
id:x%3A0x1.4000000000000p%2B2,244,5.258,3.43256,3.400285637369996,0.7912595307087035,defined,0.040788592588701066,sensitivity_only
id:x%3A0x1.4000000000000p%2B2,245,5.28,3.4396000000000004,3.4718743626300044,0.7912595307087035,defined,-0.040788592588701066,sensitivity_only
id:x%3A0x1.4000000000000p%2B2,246,5.302,3.44664,3.414365637369996,0.7912595307087035,defined,0.040788592588701066,sensitivity_only
id:x%3A0x1.4000000000000p%2B2,247,5.324,3.4536800000000003,3.4859543626300042,0.7912595307087035,defined,-0.040788592588701066,sensitivity_only
id:x%3A0x1.4000000000000p%2B2,248,5.346,3.4607200000000002,3.4284456373699963,0.7912595307087035,defined,0.040788592588701066,sensitivity_only
id:x%3A0x1.4000000000000p%2B2,249,5.368,3.46776,3.500034362630004,0.7912595307087035,defined,-0.040788592588701066,sensitivity_only
id:x%3A0x1.4000000000000p%2B2,250,5.39,3.4748,3.442525637369996,0.7912595307087035,defined,0.040788592588701066,sensitivity_only
id:x%3A0x1.4000000000000p%2B2,251,5.412,3.48184,3.514114362630004,0.7912595307087035,defined,-0.040788592588701066,sensitivity_only
id:x%3A0x1.4000000000000p%2B2,252,5.434,3.48888,3.456605637369996,0.7912595307087035,defined,0.040788592588701066,sensitivity_only
id:x%3A0x1.4000000000000p%2B2,253,5.456,3.49592,3.528194362630004,0.7912595307087035,defined,-0.040788592588701066,sensitivity_only
id:x%3A0x1.4000000000000p%2B2,254,5.478,3.50296,3.470685637369996,0.7912595307087035,defined,0.040788592588701066,sensitivity_only
id:x%3A0x1.4000000000000p%2B2,255,5.5,3.51,3.5422743626300037,0.7912595307087035,defined,-0.040788592588701066,sensitivity_only
id:x%3A0x1.4000000000000p%2B2,256,5.522,3.53156,3.500154901493393,0.7699480789466207,defined,0.040788592588701066,sensitivity_only
id:x%3A0x1.4000000000000p%2B2,257,5.544,3.5531199999999994,3.584525098506606,0.7699480789466207,defined,-0.040788592588701066,sensitivity_only
id:x%3A0x1.4000000000000p%2B2,258,5.566,3.5746799999999994,3.5432749014933926,0.7699480789466207,defined,0.040788592588701066,sensitivity_only
id:x%3A0x1.4000000000000p%2B2,259,5.588,3.59624,3.6276450985066067,0.7699480789466207,defined,-0.040788592588701066,sensitivity_only
id:x%3A0x1.4000000000000p%2B2,260,5.61,3.6178,3.586394901493393,0.7699480789466207,defined,0.040788592588701066,sensitivity_only
id:x%3A0x1.4000000000000p%2B2,261,5.632,3.6393599999999995,3.6707650985066063,0.7699480789466207,defined,-0.040788592588701066,sensitivity_only
id:x%3A0x1.4000000000000p%2B2,262,5.654,3.6609199999999995,3.6295149014933927,0.7699480789466207,defined,0.040788592588701066,sensitivity_only
id:x%3A0x1.4000000000000p%2B2,263,5.676,3.68248,3.7138850985066068,0.7699480789466207,defined,-0.040788592588701066,sensitivity_only
id:x%3A0x1.4000000000000p%2B2,264,5.698,3.70404,3.6726349014933932,0.7699480789466207,defined,0.040788592588701066,sensitivity_only
id:x%3A0x1.4000000000000p%2B2,265,5.72,3.7255999999999996,3.7570050985066064,0.7699480789466207,defined,-0.040788592588701066,sensitivity_only
id:x%3A0x1.4000000000000p%2B2,266,5.742,3.7471599999999996,3.715754901493393,0.7699480789466207,defined,0.040788592588701066,sensitivity_only
id:x%3A0x1.4000000000000p%2B2,267,5.764,3.76872,3.800125098506607,0.7699480789466207,defined,-0.040788592588701066,sensitivity_only
id:x%3A0x1.4000000000000p%2B2,268,5.786,3.790279999999999,3.7588749014933924,0.7699480789466207,defined,0.040788592588701066,sensitivity_only
id:x%3A0x1.4000000000000p%2B2,269,5.808,3.8118399999999997,3.8432450985066064,0.7699480789466207,defined,-0.040788592588701066,sensitivity_only
id:x%3A0x1.4000000000000p%2B2,270,5.83,3.8333999999999997,3.801994901493393,0.7699480789466207,defined,0.040788592588701066,sensitivity_only
id:x%3A0x1.4000000000000p%2B2,271,5.852,3.85496,3.886365098506607,0.7699480789466207,defined,-0.040788592588701066,sensitivity_only
id:x%3A0x1.4000000000000p%2B2,272,5.874,3.8765199999999993,3.8451149014933925,0.7699480789466207,defined,0.040788592588701066,sensitivity_only
id:x%3A0x1.4000000000000p%2B2,273,5.896,3.8980799999999998,3.9294850985066065,0.7699480789466207,defined,-0.040788592588701066,sensitivity_only
id:x%3A0x1.4000000000000p%2B2,274,5.918,3.91964,3.888234901493393,0.7699480789466207,defined,0.040788592588701066,sensitivity_only
id:x%3A0x1.4000000000000p%2B2,275,5.94,3.9412000000000003,3.972605098506607,0.7699480789466207,defined,-0.040788592588701066,sensitivity_only
id:x%3A0x1.4000000000000p%2B2,276,5.962,3.9627599999999994,3.9313549014933926,0.7699480789466207,defined,0.040788592588701066,sensitivity_only
id:x%3A0x1.4000000000000p%2B2,277,5.984,3.98432,4.015725098506606,0.7699480789466207,defined,-0.040788592588701066,sensitivity_only
id:x%3A0x1.4000000000000p%2B2,278,6.0,4.0,3.9685949014933932,0.7699480789466207,defined,0.040788592588701066,sensitivity_only
id:x%3A0x1.4000000000000p%2B2,279,6.006,4.00588,4.037285098506607,0.7699480789466207,defined,-0.040788592588701066,sensitivity_only
id:x%3A0x1.4000000000000p%2B2,280,6.028,4.0274399999999995,3.9960349014933927,0.7699480789466207,defined,0.040788592588701066,sensitivity_only
id:x%3A0x1.4000000000000p%2B2,281,6.05,4.0489999999999995,4.080405098506606,0.7699480789466207,defined,-0.040788592588701066,sensitivity_only
id:x%3A0x1.4000000000000p%2B2,282,6.072,4.0705599999999995,4.039154901493393,0.7699480789466207,defined,0.040788592588701066,sensitivity_only
id:x%3A0x1.4000000000000p%2B2,283,6.094,4.09212,4.123525098506607,0.7699480789466207,defined,-0.040788592588701066,sensitivity_only
id:x%3A0x1.4000000000000p%2B2,284,6.116,4.11368,4.082274901493393,0.7699480789466207,defined,0.040788592588701066,sensitivity_only
id:x%3A0x1.4000000000000p%2B2,285,6.138,4.13524,4.166645098506606,0.7699480789466207,defined,-0.040788592588701066,sensitivity_only
id:x%3A0x1.4000000000000p%2B2,286,6.16,4.1568,4.125394901493393,0.7699480789466207,defined,0.040788592588701066,sensitivity_only
id:x%3A0x1.4000000000000p%2B2,287,6.182,4.1783600000000005,4.209765098506607,0.7699480789466207,defined,-0.040788592588701066,sensitivity_only
id:x%3A0x1.4000000000000p%2B2,288,6.204,4.19992,4.168514901493393,0.7699480789466207,defined,0.040788592588701066,sensitivity_only
id:x%3A0x1.4000000000000p%2B2,289,6.226,4.22148,4.2528850985066065,0.7699480789466207,defined,-0.040788592588701066,sensitivity_only
id:x%3A0x1.4000000000000p%2B2,290,6.248,4.24304,4.211634901493393,0.7699480789466207,defined,0.040788592588701066,sensitivity_only
id:x%3A0x1.4000000000000p%2B2,291,6.27,4.2646,4.2960050985066065,0.7699480789466207,defined,-0.040788592588701066,sensitivity_only
id:x%3A0x1.4000000000000p%2B2,292,6.292,4.28616,4.254754901493393,0.7699480789466207,defined,0.040788592588701066,sensitivity_only
id:x%3A0x1.4000000000000p%2B2,293,6.314,4.30772,4.3391250985066065,0.7699480789466207,defined,-0.040788592588701066,sensitivity_only
id:x%3A0x1.4000000000000p%2B2,294,6.336,4.32928,4.297874901493393,0.7699480789466207,defined,0.040788592588701066,sensitivity_only
id:x%3A0x1.4000000000000p%2B2,295,6.358,4.35084,4.382245098506607,0.7699480789466207,defined,-0.040788592588701066,sensitivity_only
id:x%3A0x1.4000000000000p%2B2,296,6.38,4.3724,4.340994901493393,0.7699480789466207,defined,0.040788592588701066,sensitivity_only
id:x%3A0x1.4000000000000p%2B2,297,6.402,4.39396,4.425365098506607,0.7699480789466207,defined,-0.040788592588701066,sensitivity_only
id:x%3A0x1.4000000000000p%2B2,298,6.424,4.41552,4.384114901493393,0.7699480789466207,defined,0.040788592588701066,sensitivity_only
id:x%3A0x1.4000000000000p%2B2,299,6.446,4.43708,4.468485098506607,0.7699480789466207,defined,-0.040788592588701066,sensitivity_only
id:x%3A0x1.4000000000000p%2B2,300,6.468,4.45864,4.427234901493393,0.7699480789466207,defined,0.040788592588701066,sensitivity_only
id:x%3A0x1.4000000000000p%2B2,301,6.49,4.4802,4.511605098506607,0.7699480789466207,defined,-0.040788592588701066,sensitivity_only
id:x%3A0x1.4000000000000p%2B2,302,6.512,4.501759999999999,4.46666358337536,0.8604468650963308,defined,0.040788592588701066,sensitivity_only
id:x%3A0x1.4000000000000p%2B2,303,6.534,4.52332,4.558416416624639,0.8604468650963308,defined,-0.040788592588701066,sensitivity_only
id:x%3A0x1.4000000000000p%2B2,304,6.556,4.54488,4.509783583375361,0.8604468650963308,defined,0.040788592588701066,sensitivity_only
id:x%3A0x1.4000000000000p%2B2,305,6.578,4.56644,4.601536416624639,0.8604468650963308,defined,-0.040788592588701066,sensitivity_only
id:x%3A0x1.4000000000000p%2B2,306,6.6,4.587999999999999,4.55290358337536,0.8604468650963308,defined,0.040788592588701066,sensitivity_only
id:x%3A0x1.4000000000000p%2B2,307,6.622,4.60956,4.644656416624639,0.8604468650963308,defined,-0.040788592588701066,sensitivity_only
id:x%3A0x1.4000000000000p%2B2,308,6.644,4.63112,4.596023583375361,0.8604468650963308,defined,0.040788592588701066,sensitivity_only
id:x%3A0x1.4000000000000p%2B2,309,6.666,4.65268,4.687776416624639,0.8604468650963308,defined,-0.040788592588701066,sensitivity_only
id:x%3A0x1.4000000000000p%2B2,310,6.688,4.674239999999999,4.63914358337536,0.8604468650963308,defined,0.040788592588701066,sensitivity_only
id:x%3A0x1.4000000000000p%2B2,311,6.71,4.6958,4.730896416624639,0.8604468650963308,defined,-0.040788592588701066,sensitivity_only
id:x%3A0x1.4000000000000p%2B2,312,6.732,4.71736,4.682263583375361,0.8604468650963308,defined,0.040788592588701066,sensitivity_only
id:x%3A0x1.4000000000000p%2B2,313,6.754,4.738919999999999,4.774016416624638,0.8604468650963308,defined,-0.040788592588701066,sensitivity_only
id:x%3A0x1.4000000000000p%2B2,314,6.776,4.760479999999999,4.72538358337536,0.8604468650963308,defined,0.040788592588701066,sensitivity_only
id:x%3A0x1.4000000000000p%2B2,315,6.798,4.78204,4.817136416624639,0.8604468650963308,defined,-0.040788592588701066,sensitivity_only
id:x%3A0x1.4000000000000p%2B2,316,6.82,4.8036,4.768503583375361,0.8604468650963308,defined,0.040788592588701066,sensitivity_only
id:x%3A0x1.4000000000000p%2B2,317,6.842,4.8251599999999994,4.8602564166246385,0.8604468650963308,defined,-0.040788592588701066,sensitivity_only
id:x%3A0x1.4000000000000p%2B2,318,6.864,4.8467199999999995,4.8116235833753604,0.8604468650963308,defined,0.040788592588701066,sensitivity_only
id:x%3A0x1.4000000000000p%2B2,319,6.886,4.86828,4.903376416624639,0.8604468650963308,defined,-0.040788592588701066,sensitivity_only
id:x%3A0x1.4000000000000p%2B2,320,6.908,4.88984,4.854743583375361,0.8604468650963308,defined,0.040788592588701066,sensitivity_only
id:x%3A0x1.4000000000000p%2B2,321,6.93,4.9113999999999995,4.946496416624639,0.8604468650963308,defined,-0.040788592588701066,sensitivity_only
id:x%3A0x1.4000000000000p%2B2,322,6.952,4.93296,4.8978635833753605,0.8604468650963308,defined,0.040788592588701066,sensitivity_only
id:x%3A0x1.4000000000000p%2B2,323,6.974,4.9545200000000005,4.9896164166246395,0.8604468650963308,defined,-0.040788592588701066,sensitivity_only
id:x%3A0x1.4000000000000p%2B2,324,6.996,4.9760800000000005,4.9409835833753615,0.8604468650963308,defined,0.040788592588701066,sensitivity_only
id:x%3A0x1.4000000000000p%2B2,325,7.0,4.9799999999999995,5.015096416624639,0.8604468650963308,defined,-0.040788592588701066,sensitivity_only
id:x%3A0x1.4000000000000p%2B2,326,7.018,4.99764,4.962543583375361,0.8604468650963308,defined,0.040788592588701066,sensitivity_only
id:x%3A0x1.4000000000000p%2B2,327,7.04,5.0192,5.054296416624639,0.8604468650963308,defined,-0.040788592588701066,sensitivity_only
id:x%3A0x1.4000000000000p%2B2,328,7.062,5.040760000000001,5.0056635833753615,0.8604468650963308,defined,0.040788592588701066,sensitivity_only
id:x%3A0x1.4000000000000p%2B2,329,7.084,5.06232,5.097416416624639,0.8604468650963308,defined,-0.040788592588701066,sensitivity_only
id:x%3A0x1.4000000000000p%2B2,330,7.106,5.08388,5.048783583375361,0.8604468650963308,defined,0.040788592588701066,sensitivity_only
id:x%3A0x1.4000000000000p%2B2,331,7.128,5.10544,5.140536416624639,0.8604468650963308,defined,-0.040788592588701066,sensitivity_only
id:x%3A0x1.4000000000000p%2B2,332,7.15,5.127,5.091903583375361,0.8604468650963308,defined,0.040788592588701066,sensitivity_only
id:x%3A0x1.4000000000000p%2B2,333,7.172,5.14856,5.183656416624639,0.8604468650963308,defined,-0.040788592588701066,sensitivity_only
id:x%3A0x1.4000000000000p%2B2,334,7.194,5.17012,5.135023583375361,0.8604468650963308,defined,0.040788592588701066,sensitivity_only
id:x%3A0x1.4000000000000p%2B2,335,7.216,5.19168,5.226776416624639,0.8604468650963308,defined,-0.040788592588701066,sensitivity_only
id:x%3A0x1.4000000000000p%2B2,336,7.238,5.21324,5.178143583375361,0.8604468650963308,defined,0.040788592588701066,sensitivity_only
id:x%3A0x1.4000000000000p%2B2,337,7.26,5.2348,5.269896416624639,0.8604468650963308,defined,-0.040788592588701066,sensitivity_only
id:x%3A0x1.4000000000000p%2B2,338,7.282,5.25636,5.221263583375361,0.8604468650963308,defined,0.040788592588701066,sensitivity_only
id:x%3A0x1.4000000000000p%2B2,339,7.304,5.27792,5.313016416624639,0.8604468650963308,defined,-0.040788592588701066,sensitivity_only
id:x%3A0x1.4000000000000p%2B2,340,7.326,5.299479999999999,5.26438358337536,0.8604468650963308,defined,0.040788592588701066,sensitivity_only
id:x%3A0x1.4000000000000p%2B2,341,7.348,5.32104,5.356136416624639,0.8604468650963308,defined,-0.040788592588701066,sensitivity_only
id:x%3A0x1.4000000000000p%2B2,342,7.37,5.3426,5.307503583375361,0.8604468650963308,defined,0.040788592588701066,sensitivity_only
id:x%3A0x1.4000000000000p%2B2,343,7.392,5.36416,5.399256416624639,0.8604468650963308,defined,-0.040788592588701066,sensitivity_only
id:x%3A0x1.4000000000000p%2B2,344,7.414,5.385719999999999,5.35062358337536,0.8604468650963308,defined,0.040788592588701066,sensitivity_only
id:x%3A0x1.4000000000000p%2B2,345,7.436,5.40728,5.442376416624639,0.8604468650963308,defined,-0.040788592588701066,sensitivity_only
id:x%3A0x1.4000000000000p%2B2,346,7.458,5.42884,5.393743583375361,0.8604468650963308,defined,0.040788592588701066,sensitivity_only
id:x%3A0x1.4000000000000p%2B2,347,7.48,5.4504,5.485496416624639,0.8604468650963308,defined,-0.040788592588701066,sensitivity_only
id:x%3A0x1.4000000000000p%2B2,348,7.502,5.471959999999999,5.427378065368701,1.0930000718791255,defined,0.040788592588701066,sensitivity_only
id:x%3A0x1.4000000000000p%2B2,349,7.524,5.49352,5.538101934631299,1.0930000718791255,defined,-0.040788592588701066,sensitivity_only
id:x%3A0x1.4000000000000p%2B2,350,7.546,5.51508,5.470498065368702,1.0930000718791255,defined,0.040788592588701066,sensitivity_only
id:x%3A0x1.4000000000000p%2B2,351,7.568,5.536639999999999,5.581221934631298,1.0930000718791255,defined,-0.040788592588701066,sensitivity_only
id:x%3A0x1.4000000000000p%2B2,352,7.59,5.558199999999999,5.513618065368701,1.0930000718791255,defined,0.040788592588701066,sensitivity_only
id:x%3A0x1.4000000000000p%2B2,353,7.612,5.57976,5.624341934631299,1.0930000718791255,defined,-0.040788592588701066,sensitivity_only
id:x%3A0x1.4000000000000p%2B2,354,7.634,5.60132,5.556738065368702,1.0930000718791255,defined,0.040788592588701066,sensitivity_only
id:x%3A0x1.4000000000000p%2B2,355,7.656,5.622879999999999,5.667461934631298,1.0930000718791255,defined,-0.040788592588701066,sensitivity_only
id:x%3A0x1.4000000000000p%2B2,356,7.678,5.6444399999999995,5.599858065368701,1.0930000718791255,defined,0.040788592588701066,sensitivity_only
id:x%3A0x1.4000000000000p%2B2,357,7.7,5.666,5.710581934631299,1.0930000718791255,defined,-0.040788592588701066,sensitivity_only
id:x%3A0x1.4000000000000p%2B2,358,7.722,5.6875599999999995,5.642978065368701,1.0930000718791255,defined,0.040788592588701066,sensitivity_only
id:x%3A0x1.4000000000000p%2B2,359,7.744,5.7091199999999995,5.753701934631298,1.0930000718791255,defined,-0.040788592588701066,sensitivity_only
id:x%3A0x1.4000000000000p%2B2,360,7.766,5.7306799999999996,5.686098065368701,1.0930000718791255,defined,0.040788592588701066,sensitivity_only
id:x%3A0x1.4000000000000p%2B2,361,7.788,5.7522400000000005,5.796821934631299,1.0930000718791255,defined,-0.040788592588701066,sensitivity_only
id:x%3A0x1.4000000000000p%2B2,362,7.81,5.7738,5.729218065368701,1.0930000718791255,defined,0.040788592588701066,sensitivity_only
id:x%3A0x1.4000000000000p%2B2,363,7.832,5.79536,5.839941934631298,1.0930000718791255,defined,-0.040788592588701066,sensitivity_only
id:x%3A0x1.4000000000000p%2B2,364,7.854,5.81692,5.772338065368701,1.0930000718791255,defined,0.040788592588701066,sensitivity_only
id:x%3A0x1.4000000000000p%2B2,365,7.876,5.838480000000001,5.883061934631299,1.0930000718791255,defined,-0.040788592588701066,sensitivity_only
id:x%3A0x1.4000000000000p%2B2,366,7.898,5.86004,5.815458065368701,1.0930000718791255,defined,0.040788592588701066,sensitivity_only
id:x%3A0x1.4000000000000p%2B2,367,7.92,5.8816,5.926181934631298,1.0930000718791255,defined,-0.040788592588701066,sensitivity_only
id:x%3A0x1.4000000000000p%2B2,368,7.942,5.90316,5.858578065368701,1.0930000718791255,defined,0.040788592588701066,sensitivity_only
id:x%3A0x1.4000000000000p%2B2,369,7.964,5.924720000000001,5.969301934631299,1.0930000718791255,defined,-0.040788592588701066,sensitivity_only
id:x%3A0x1.4000000000000p%2B2,370,7.986,5.94628,5.901698065368701,1.0930000718791255,defined,0.040788592588701066,sensitivity_only
id:x%3A0x1.4000000000000p%2B2,371,8.0,5.96,6.0045819346312985,1.0930000718791255,defined,-0.040788592588701066,sensitivity_only
id:x%3A0x1.4000000000000p%2B2,372,8.008,5.967839999999999,5.9232580653687,1.0930000718791255,defined,0.040788592588701066,sensitivity_only
id:x%3A0x1.4000000000000p%2B2,373,8.03,5.989399999999999,6.0339819346312975,1.0930000718791255,defined,-0.040788592588701066,sensitivity_only
id:x%3A0x1.4000000000000p%2B2,374,8.052,6.010959999999999,5.9663780653687,1.0930000718791255,defined,0.040788592588701066,sensitivity_only
id:x%3A0x1.4000000000000p%2B2,375,8.074,6.03252,6.077101934631298,1.0930000718791255,defined,-0.040788592588701066,sensitivity_only
id:x%3A0x1.4000000000000p%2B2,376,8.096,6.05408,6.009498065368701,1.0930000718791255,defined,0.040788592588701066,sensitivity_only
id:x%3A0x1.4000000000000p%2B2,377,8.118,6.07564,6.1202219346312985,1.0930000718791255,defined,-0.040788592588701066,sensitivity_only
id:x%3A0x1.4000000000000p%2B2,378,8.14,6.097200000000001,6.052618065368702,1.0930000718791255,defined,0.040788592588701066,sensitivity_only
id:x%3A0x1.4000000000000p%2B2,379,8.162,6.11876,6.1633419346312985,1.0930000718791255,defined,-0.040788592588701066,sensitivity_only
id:x%3A0x1.4000000000000p%2B2,380,8.184,6.140319999999999,6.0957380653687006,1.0930000718791255,defined,0.040788592588701066,sensitivity_only
id:x%3A0x1.4000000000000p%2B2,381,8.206,6.161879999999999,6.206461934631298,1.0930000718791255,defined,-0.040788592588701066,sensitivity_only
id:x%3A0x1.4000000000000p%2B2,382,8.228,6.183439999999999,6.138858065368701,1.0930000718791255,defined,0.040788592588701066,sensitivity_only
id:x%3A0x1.4000000000000p%2B2,383,8.25,6.205,6.249581934631299,1.0930000718791255,defined,-0.040788592588701066,sensitivity_only
id:x%3A0x1.4000000000000p%2B2,384,8.272,6.22656,6.1819780653687015,1.0930000718791255,defined,0.040788592588701066,sensitivity_only
id:x%3A0x1.4000000000000p%2B2,385,8.294,6.24812,6.292701934631299,1.0930000718791255,defined,-0.040788592588701066,sensitivity_only
id:x%3A0x1.4000000000000p%2B2,386,8.316,6.269680000000001,6.2250980653687025,1.0930000718791255,defined,0.040788592588701066,sensitivity_only
id:x%3A0x1.4000000000000p%2B2,387,8.338,6.291239999999998,6.335821934631297,1.0930000718791255,defined,-0.040788592588701066,sensitivity_only
id:x%3A0x1.4000000000000p%2B2,388,8.36,6.312799999999999,6.268218065368701,1.0930000718791255,defined,0.040788592588701066,sensitivity_only
id:x%3A0x1.4000000000000p%2B2,389,8.382,6.334359999999999,6.378941934631298,1.0930000718791255,defined,-0.040788592588701066,sensitivity_only
id:x%3A0x1.4000000000000p%2B2,390,8.404,6.355919999999999,6.311338065368701,1.0930000718791255,defined,0.040788592588701066,sensitivity_only
id:x%3A0x1.4000000000000p%2B2,391,8.426,6.37748,6.422061934631299,1.0930000718791255,defined,-0.040788592588701066,sensitivity_only
id:x%3A0x1.4000000000000p%2B2,392,8.448,6.39904,6.354458065368702,1.0930000718791255,defined,0.040788592588701066,sensitivity_only
id:x%3A0x1.4000000000000p%2B2,393,8.47,6.4206,6.465181934631299,1.0930000718791255,defined,-0.040788592588701066,sensitivity_only
id:x%3A0x1.4000000000000p%2B2,394,8.492,6.442160000000001,6.397578065368703,1.0930000718791255,defined,0.040788592588701066,sensitivity_only
id:x%3A0x1.4000000000000p%2B2,395,8.514,6.463719999999999,6.498816416624638,0.8604468650963308,defined,-0.040788592588701066,sensitivity_only
id:x%3A0x1.4000000000000p%2B2,396,8.536,6.4852799999999995,6.4501835833753605,0.8604468650963308,defined,0.040788592588701066,sensitivity_only
id:x%3A0x1.4000000000000p%2B2,397,8.558,6.5068399999999995,6.5419364166246385,0.8604468650963308,defined,-0.040788592588701066,sensitivity_only
id:x%3A0x1.4000000000000p%2B2,398,8.58,6.5283999999999995,6.4933035833753605,0.8604468650963308,defined,0.040788592588701066,sensitivity_only
id:x%3A0x1.4000000000000p%2B2,399,8.602,6.5499600000000004,6.5850564166246395,0.8604468650963308,defined,-0.040788592588701066,sensitivity_only
id:x%3A0x1.4000000000000p%2B2,400,8.624,6.5715200000000005,6.5364235833753614,0.8604468650963308,defined,0.040788592588701066,sensitivity_only
id:x%3A0x1.4000000000000p%2B2,401,8.646,6.5930800000000005,6.6281764166246395,0.8604468650963308,defined,-0.040788592588701066,sensitivity_only
id:x%3A0x1.4000000000000p%2B2,402,8.668,6.61464,6.579543583375361,0.8604468650963308,defined,0.040788592588701066,sensitivity_only
id:x%3A0x1.4000000000000p%2B2,403,8.69,6.636199999999999,6.671296416624638,0.8604468650963308,defined,-0.040788592588701066,sensitivity_only
id:x%3A0x1.4000000000000p%2B2,404,8.712,6.65776,6.622663583375361,0.8604468650963308,defined,0.040788592588701066,sensitivity_only
id:x%3A0x1.4000000000000p%2B2,405,8.734,6.67932,6.714416416624639,0.8604468650963308,defined,-0.040788592588701066,sensitivity_only
id:x%3A0x1.4000000000000p%2B2,406,8.756,6.70088,6.665783583375361,0.8604468650963308,defined,0.040788592588701066,sensitivity_only
id:x%3A0x1.4000000000000p%2B2,407,8.778,6.722440000000001,6.75753641662464,0.8604468650963308,defined,-0.040788592588701066,sensitivity_only
id:x%3A0x1.4000000000000p%2B2,408,8.8,6.744,6.708903583375361,0.8604468650963308,defined,0.040788592588701066,sensitivity_only
id:x%3A0x1.4000000000000p%2B2,409,8.822,6.765559999999999,6.800656416624638,0.8604468650963308,defined,-0.040788592588701066,sensitivity_only
id:x%3A0x1.4000000000000p%2B2,410,8.844,6.78712,6.752023583375361,0.8604468650963308,defined,0.040788592588701066,sensitivity_only
id:x%3A0x1.4000000000000p%2B2,411,8.866,6.808679999999999,6.843776416624638,0.8604468650963308,defined,-0.040788592588701066,sensitivity_only
id:x%3A0x1.4000000000000p%2B2,412,8.888,6.83024,6.795143583375361,0.8604468650963308,defined,0.040788592588701066,sensitivity_only
id:x%3A0x1.4000000000000p%2B2,413,8.91,6.8518,6.886896416624639,0.8604468650963308,defined,-0.040788592588701066,sensitivity_only
id:x%3A0x1.4000000000000p%2B2,414,8.932,6.87336,6.838263583375361,0.8604468650963308,defined,0.040788592588701066,sensitivity_only
id:x%3A0x1.4000000000000p%2B2,415,8.954,6.894920000000001,6.93001641662464,0.8604468650963308,defined,-0.040788592588701066,sensitivity_only
id:x%3A0x1.4000000000000p%2B2,416,8.976,6.91648,6.881383583375361,0.8604468650963308,defined,0.040788592588701066,sensitivity_only
id:x%3A0x1.4000000000000p%2B2,417,8.998,6.938039999999999,6.973136416624638,0.8604468650963308,defined,-0.040788592588701066,sensitivity_only
id:x%3A0x1.4000000000000p%2B2,418,9.0,6.9399999999999995,6.9049035833753605,0.8604468650963308,defined,0.040788592588701066,sensitivity_only
id:x%3A0x1.4000000000000p%2B2,419,9.02,6.959599999999999,6.994696416624638,0.8604468650963308,defined,-0.040788592588701066,sensitivity_only
id:x%3A0x1.4000000000000p%2B2,420,9.042,6.981159999999999,6.94606358337536,0.8604468650963308,defined,0.040788592588701066,sensitivity_only
id:x%3A0x1.4000000000000p%2B2,421,9.064,7.00272,7.037816416624639,0.8604468650963308,defined,-0.040788592588701066,sensitivity_only
id:x%3A0x1.4000000000000p%2B2,422,9.086,7.02428,6.989183583375361,0.8604468650963308,defined,0.040788592588701066,sensitivity_only
id:x%3A0x1.4000000000000p%2B2,423,9.108,7.04584,7.080936416624639,0.8604468650963308,defined,-0.040788592588701066,sensitivity_only
id:x%3A0x1.4000000000000p%2B2,424,9.13,7.067400000000001,7.032303583375362,0.8604468650963308,defined,0.040788592588701066,sensitivity_only
id:x%3A0x1.4000000000000p%2B2,425,9.152,7.088959999999998,7.124056416624637,0.8604468650963308,defined,-0.040788592588701066,sensitivity_only
id:x%3A0x1.4000000000000p%2B2,426,9.174,7.110519999999999,7.07542358337536,0.8604468650963308,defined,0.040788592588701066,sensitivity_only
id:x%3A0x1.4000000000000p%2B2,427,9.196,7.132079999999999,7.167176416624638,0.8604468650963308,defined,-0.040788592588701066,sensitivity_only
id:x%3A0x1.4000000000000p%2B2,428,9.218,7.153639999999999,7.11854358337536,0.8604468650963308,defined,0.040788592588701066,sensitivity_only
id:x%3A0x1.4000000000000p%2B2,429,9.24,7.1752,7.210296416624639,0.8604468650963308,defined,-0.040788592588701066,sensitivity_only
id:x%3A0x1.4000000000000p%2B2,430,9.262,7.19676,7.161663583375361,0.8604468650963308,defined,0.040788592588701066,sensitivity_only
id:x%3A0x1.4000000000000p%2B2,431,9.284,7.21832,7.253416416624639,0.8604468650963308,defined,-0.040788592588701066,sensitivity_only
id:x%3A0x1.4000000000000p%2B2,432,9.306,7.239879999999999,7.20478358337536,0.8604468650963308,defined,0.040788592588701066,sensitivity_only
id:x%3A0x1.4000000000000p%2B2,433,9.328,7.261439999999999,7.296536416624638,0.8604468650963308,defined,-0.040788592588701066,sensitivity_only
id:x%3A0x1.4000000000000p%2B2,434,9.35,7.2829999999999995,7.2479035833753604,0.8604468650963308,defined,0.040788592588701066,sensitivity_only
id:x%3A0x1.4000000000000p%2B2,435,9.372,7.3045599999999995,7.3396564166246385,0.8604468650963308,defined,-0.040788592588701066,sensitivity_only
id:x%3A0x1.4000000000000p%2B2,436,9.394,7.3261199999999995,7.2910235833753605,0.8604468650963308,defined,0.040788592588701066,sensitivity_only
id:x%3A0x1.4000000000000p%2B2,437,9.416,7.34768,7.3827764166246395,0.8604468650963308,defined,-0.040788592588701066,sensitivity_only
id:x%3A0x1.4000000000000p%2B2,438,9.438,7.3692400000000005,7.334143583375361,0.8604468650963308,defined,0.040788592588701066,sensitivity_only
id:x%3A0x1.4000000000000p%2B2,439,9.46,7.3908000000000005,7.4258964166246395,0.8604468650963308,defined,-0.040788592588701066,sensitivity_only
id:x%3A0x1.4000000000000p%2B2,440,9.482,7.41236,7.377263583375361,0.8604468650963308,defined,0.040788592588701066,sensitivity_only
id:x%3A0x1.4000000000000p%2B2,441,9.504,7.433919999999999,7.4585823468173125,0.6046383376352611,defined,-0.040788592588701066,sensitivity_only
id:x%3A0x1.4000000000000p%2B2,442,9.526,7.45548,7.430817653182686,0.6046383376352611,defined,0.040788592588701066,sensitivity_only
id:x%3A0x1.4000000000000p%2B2,443,9.548,7.47704,7.501702346817313,0.6046383376352611,defined,-0.040788592588701066,sensitivity_only
id:x%3A0x1.4000000000000p%2B2,444,9.57,7.4986,7.473937653182686,0.6046383376352611,defined,0.040788592588701066,sensitivity_only
id:x%3A0x1.4000000000000p%2B2,445,9.592,7.520160000000001,7.544822346817314,0.6046383376352611,defined,-0.040788592588701066,sensitivity_only
id:x%3A0x1.4000000000000p%2B2,446,9.614,7.541720000000001,7.517057653182687,0.6046383376352611,defined,0.040788592588701066,sensitivity_only
id:x%3A0x1.4000000000000p%2B2,447,9.636,7.563279999999999,7.587942346817313,0.6046383376352611,defined,-0.040788592588701066,sensitivity_only
id:x%3A0x1.4000000000000p%2B2,448,9.658,7.584839999999999,7.560177653182685,0.6046383376352611,defined,0.040788592588701066,sensitivity_only
id:x%3A0x1.4000000000000p%2B2,449,9.68,7.6064,7.6310623468173135,0.6046383376352611,defined,-0.040788592588701066,sensitivity_only
id:x%3A0x1.4000000000000p%2B2,450,9.702,7.62796,7.603297653182686,0.6046383376352611,defined,0.040788592588701066,sensitivity_only
id:x%3A0x1.4000000000000p%2B2,451,9.724,7.64952,7.674182346817314,0.6046383376352611,defined,-0.040788592588701066,sensitivity_only
id:x%3A0x1.4000000000000p%2B2,452,9.746,7.67108,7.646417653182686,0.6046383376352611,defined,0.040788592588701066,sensitivity_only
id:x%3A0x1.4000000000000p%2B2,453,9.768,7.692640000000001,7.7173023468173145,0.6046383376352611,defined,-0.040788592588701066,sensitivity_only
id:x%3A0x1.4000000000000p%2B2,454,9.79,7.714199999999999,7.689537653182685,0.6046383376352611,defined,0.040788592588701066,sensitivity_only
id:x%3A0x1.4000000000000p%2B2,455,9.812,7.735759999999999,7.760422346817313,0.6046383376352611,defined,-0.040788592588701066,sensitivity_only
id:x%3A0x1.4000000000000p%2B2,456,9.834,7.757319999999999,7.732657653182685,0.6046383376352611,defined,0.040788592588701066,sensitivity_only
id:x%3A0x1.4000000000000p%2B2,457,9.856,7.77888,7.803542346817314,0.6046383376352611,defined,-0.040788592588701066,sensitivity_only
id:x%3A0x1.4000000000000p%2B2,458,9.878,7.80044,7.775777653182686,0.6046383376352611,defined,0.040788592588701066,sensitivity_only
id:x%3A0x1.4000000000000p%2B2,459,9.9,7.822,7.846662346817314,0.6046383376352611,defined,-0.040788592588701066,sensitivity_only
id:x%3A0x1.4000000000000p%2B2,460,9.922,7.84356,7.818897653182686,0.6046383376352611,defined,0.040788592588701066,sensitivity_only
id:x%3A0x1.4000000000000p%2B2,461,9.944,7.86512,7.889782346817314,0.6046383376352611,defined,-0.040788592588701066,sensitivity_only
id:x%3A0x1.4000000000000p%2B2,462,9.966,7.886679999999999,7.8620176531826855,0.6046383376352611,defined,0.040788592588701066,sensitivity_only
id:x%3A0x1.4000000000000p%2B2,463,9.988,7.908239999999999,7.932902346817313,0.6046383376352611,defined,-0.040788592588701066,sensitivity_only
id:x%3A0x1.4000000000000p%2B2,464,10.0,7.92,7.895337653182686,0.6046383376352611,defined,0.040788592588701066,sensitivity_only
id:x%3A0x1.4000000000000p%2B2,465,10.01,7.929799999999999,7.954462346817313,0.6046383376352611,defined,-0.040788592588701066,sensitivity_only
id:x%3A0x1.4000000000000p%2B2,466,10.032,7.951359999999999,7.926697653182686,0.6046383376352611,defined,0.040788592588701066,sensitivity_only
id:x%3A0x1.4000000000000p%2B2,467,10.054,7.97292,7.997582346817314,0.6046383376352611,defined,-0.040788592588701066,sensitivity_only
id:x%3A0x1.4000000000000p%2B2,468,10.076,7.99448,7.9698176531826865,0.6046383376352611,defined,0.040788592588701066,sensitivity_only
id:x%3A0x1.4000000000000p%2B2,469,10.098,8.01604,8.040702346817314,0.6046383376352611,defined,-0.040788592588701066,sensitivity_only
id:x%3A0x1.4000000000000p%2B2,470,10.12,8.037599999999998,8.012937653182684,0.6046383376352611,defined,0.040788592588701066,sensitivity_only
id:x%3A0x1.4000000000000p%2B2,471,10.142,8.059159999999999,8.083822346817312,0.6046383376352611,defined,-0.040788592588701066,sensitivity_only
id:x%3A0x1.4000000000000p%2B2,472,10.164,8.08072,8.056057653182686,0.6046383376352611,defined,0.040788592588701066,sensitivity_only
id:x%3A0x1.4000000000000p%2B2,473,10.186,8.10228,8.126942346817314,0.6046383376352611,defined,-0.040788592588701066,sensitivity_only
id:x%3A0x1.4000000000000p%2B2,474,10.208,8.12384,8.099177653182686,0.6046383376352611,defined,0.040788592588701066,sensitivity_only
id:x%3A0x1.4000000000000p%2B2,475,10.23,8.1454,8.170062346817314,0.6046383376352611,defined,-0.040788592588701066,sensitivity_only
id:x%3A0x1.4000000000000p%2B2,476,10.252,8.16696,8.142297653182686,0.6046383376352611,defined,0.040788592588701066,sensitivity_only
id:x%3A0x1.4000000000000p%2B2,477,10.274,8.188519999999999,8.213182346817312,0.6046383376352611,defined,-0.040788592588701066,sensitivity_only
id:x%3A0x1.4000000000000p%2B2,478,10.296,8.210079999999998,8.185417653182684,0.6046383376352611,defined,0.040788592588701066,sensitivity_only
id:x%3A0x1.4000000000000p%2B2,479,10.318,8.231639999999999,8.256302346817312,0.6046383376352611,defined,-0.040788592588701066,sensitivity_only
id:x%3A0x1.4000000000000p%2B2,480,10.34,8.2532,8.228537653182686,0.6046383376352611,defined,0.040788592588701066,sensitivity_only
id:x%3A0x1.4000000000000p%2B2,481,10.362,8.27476,8.299422346817314,0.6046383376352611,defined,-0.040788592588701066,sensitivity_only
id:x%3A0x1.4000000000000p%2B2,482,10.384,8.29632,8.271657653182686,0.6046383376352611,defined,0.040788592588701066,sensitivity_only
id:x%3A0x1.4000000000000p%2B2,483,10.406,8.31788,8.342542346817314,0.6046383376352611,defined,-0.040788592588701066,sensitivity_only
id:x%3A0x1.4000000000000p%2B2,484,10.428,8.33944,8.314777653182686,0.6046383376352611,defined,0.040788592588701066,sensitivity_only
id:x%3A0x1.4000000000000p%2B2,485,10.45,8.360999999999999,8.385662346817313,0.6046383376352611,defined,-0.040788592588701066,sensitivity_only
id:x%3A0x1.4000000000000p%2B2,486,10.472,8.382559999999998,8.357897653182684,0.6046383376352611,defined,0.040788592588701066,sensitivity_only
id:x%3A0x1.4000000000000p%2B2,487,10.494,8.404119999999999,8.428782346817313,0.6046383376352611,defined,-0.040788592588701066,sensitivity_only
id:x%3A0x1.4000000000000p%2B2,488,10.516,8.42568,8.400608171241556,0.6146774665960905,defined,0.040788592588701066,sensitivity_only
id:x%3A0x1.4000000000000p%2B2,489,10.538,8.44724,8.472311828758444,0.6146774665960905,defined,-0.040788592588701066,sensitivity_only
id:x%3A0x1.4000000000000p%2B2,490,10.56,8.4688,8.443728171241556,0.6146774665960905,defined,0.040788592588701066,sensitivity_only
id:x%3A0x1.4000000000000p%2B2,491,10.582,8.49036,8.515431828758445,0.6146774665960905,defined,-0.040788592588701066,sensitivity_only
id:x%3A0x1.4000000000000p%2B2,492,10.604,8.51192,8.486848171241556,0.6146774665960905,defined,0.040788592588701066,sensitivity_only
id:x%3A0x1.4000000000000p%2B2,493,10.626,8.533479999999999,8.558551828758443,0.6146774665960905,defined,-0.040788592588701066,sensitivity_only
id:x%3A0x1.4000000000000p%2B2,494,10.648,8.555039999999998,8.529968171241554,0.6146774665960905,defined,0.040788592588701066,sensitivity_only
id:x%3A0x1.4000000000000p%2B2,495,10.67,8.5766,8.601671828758443,0.6146774665960905,defined,-0.040788592588701066,sensitivity_only
id:x%3A0x1.4000000000000p%2B2,496,10.692,8.59816,8.573088171241556,0.6146774665960905,defined,0.040788592588701066,sensitivity_only
id:x%3A0x1.4000000000000p%2B2,497,10.714,8.619720000000001,8.644791828758445,0.6146774665960905,defined,-0.040788592588701066,sensitivity_only
id:x%3A0x1.4000000000000p%2B2,498,10.736,8.64128,8.616208171241556,0.6146774665960905,defined,0.040788592588701066,sensitivity_only
id:x%3A0x1.4000000000000p%2B2,499,10.758,8.66284,8.687911828758443,0.6146774665960905,defined,-0.040788592588701066,sensitivity_only
id:x%3A0x1.4000000000000p%2B2,500,10.78,8.6844,8.659328171241556,0.6146774665960905,defined,0.040788592588701066,sensitivity_only
id:x%3A0x1.4000000000000p%2B2,501,10.802,8.70596,8.731031828758443,0.6146774665960905,defined,-0.040788592588701066,sensitivity_only
id:x%3A0x1.4000000000000p%2B2,502,10.824,8.727519999999998,8.702448171241555,0.6146774665960905,defined,0.040788592588701066,sensitivity_only
id:x%3A0x1.4000000000000p%2B2,503,10.846,8.74908,8.774151828758443,0.6146774665960905,defined,-0.040788592588701066,sensitivity_only
id:x%3A0x1.4000000000000p%2B2,504,10.868,8.77064,8.745568171241556,0.6146774665960905,defined,0.040788592588701066,sensitivity_only
id:x%3A0x1.4000000000000p%2B2,505,10.89,8.792200000000001,8.817271828758445,0.6146774665960905,defined,-0.040788592588701066,sensitivity_only
id:x%3A0x1.4000000000000p%2B2,506,10.912,8.81376,8.788688171241557,0.6146774665960905,defined,0.040788592588701066,sensitivity_only
id:x%3A0x1.4000000000000p%2B2,507,10.934,8.83532,8.860391828758443,0.6146774665960905,defined,-0.040788592588701066,sensitivity_only
id:x%3A0x1.4000000000000p%2B2,508,10.956,8.85688,8.831808171241557,0.6146774665960905,defined,0.040788592588701066,sensitivity_only
id:x%3A0x1.4000000000000p%2B2,509,10.978,8.87844,8.903511828758443,0.6146774665960905,defined,-0.040788592588701066,sensitivity_only
id:x%3A0x1.4000000000000p%2B2,510,11.0,8.899999999999999,8.874928171241555,0.6146774665960905,defined,0.040788592588701066,sensitivity_only
id:x%3A0x1.8000000000000p%2B2,0,0.0,1.75,1.6966866557011566,0.6516075414303091,defined,0.08181818181818182,sensitivity_only
id:x%3A0x1.8000000000000p%2B2,1,0.022,1.75704,1.783618154535126,0.6516075414303091,defined,-0.040788592588701066,sensitivity_only
id:x%3A0x1.8000000000000p%2B2,2,0.044,1.76408,1.737501845464874,0.6516075414303091,defined,0.040788592588701066,sensitivity_only
id:x%3A0x1.8000000000000p%2B2,3,0.066,1.77112,1.797698154535126,0.6516075414303091,defined,-0.040788592588701066,sensitivity_only
id:x%3A0x1.8000000000000p%2B2,4,0.088,1.77816,1.751581845464874,0.6516075414303091,defined,0.040788592588701066,sensitivity_only
id:x%3A0x1.8000000000000p%2B2,5,0.11,1.7852,1.811778154535126,0.6516075414303091,defined,-0.040788592588701066,sensitivity_only
id:x%3A0x1.8000000000000p%2B2,6,0.132,1.79224,1.765661845464874,0.6516075414303091,defined,0.040788592588701066,sensitivity_only
id:x%3A0x1.8000000000000p%2B2,7,0.154,1.79928,1.825858154535126,0.6516075414303091,defined,-0.040788592588701066,sensitivity_only
id:x%3A0x1.8000000000000p%2B2,8,0.176,1.80632,1.779741845464874,0.6516075414303091,defined,0.040788592588701066,sensitivity_only
id:x%3A0x1.8000000000000p%2B2,9,0.198,1.81336,1.839938154535126,0.6516075414303091,defined,-0.040788592588701066,sensitivity_only
id:x%3A0x1.8000000000000p%2B2,10,0.22,1.8204,1.793821845464874,0.6516075414303091,defined,0.040788592588701066,sensitivity_only
id:x%3A0x1.8000000000000p%2B2,11,0.242,1.82744,1.854018154535126,0.6516075414303091,defined,-0.040788592588701066,sensitivity_only
id:x%3A0x1.8000000000000p%2B2,12,0.264,1.83448,1.807901845464874,0.6516075414303091,defined,0.040788592588701066,sensitivity_only
id:x%3A0x1.8000000000000p%2B2,13,0.286,1.84152,1.868098154535126,0.6516075414303091,defined,-0.040788592588701066,sensitivity_only
id:x%3A0x1.8000000000000p%2B2,14,0.308,1.84856,1.821981845464874,0.6516075414303091,defined,0.040788592588701066,sensitivity_only
id:x%3A0x1.8000000000000p%2B2,15,0.33,1.8556,1.882178154535126,0.6516075414303091,defined,-0.040788592588701066,sensitivity_only
id:x%3A0x1.8000000000000p%2B2,16,0.352,1.86264,1.836061845464874,0.6516075414303091,defined,0.040788592588701066,sensitivity_only
id:x%3A0x1.8000000000000p%2B2,17,0.374,1.86968,1.896258154535126,0.6516075414303091,defined,-0.040788592588701066,sensitivity_only
id:x%3A0x1.8000000000000p%2B2,18,0.396,1.87672,1.850141845464874,0.6516075414303091,defined,0.040788592588701066,sensitivity_only
id:x%3A0x1.8000000000000p%2B2,19,0.418,1.88376,1.9103381545351261,0.6516075414303091,defined,-0.040788592588701066,sensitivity_only
id:x%3A0x1.8000000000000p%2B2,20,0.44,1.8908,1.864221845464874,0.6516075414303091,defined,0.040788592588701066,sensitivity_only
id:x%3A0x1.8000000000000p%2B2,21,0.462,1.89784,1.924418154535126,0.6516075414303091,defined,-0.040788592588701066,sensitivity_only
id:x%3A0x1.8000000000000p%2B2,22,0.484,1.90488,1.8783018454648739,0.6516075414303091,defined,0.040788592588701066,sensitivity_only
id:x%3A0x1.8000000000000p%2B2,23,0.506,1.91192,1.940760919797025,0.7070829848886273,defined,-0.040788592588701066,sensitivity_only
id:x%3A0x1.8000000000000p%2B2,24,0.528,1.91896,1.890119080202975,0.7070829848886273,defined,0.040788592588701066,sensitivity_only
id:x%3A0x1.8000000000000p%2B2,25,0.55,1.926,1.954840919797025,0.7070829848886273,defined,-0.040788592588701066,sensitivity_only
id:x%3A0x1.8000000000000p%2B2,26,0.572,1.93304,1.9041990802029751,0.7070829848886273,defined,0.040788592588701066,sensitivity_only
id:x%3A0x1.8000000000000p%2B2,27,0.594,1.94008,1.968920919797025,0.7070829848886273,defined,-0.040788592588701066,sensitivity_only
id:x%3A0x1.8000000000000p%2B2,28,0.616,1.94712,1.918279080202975,0.7070829848886273,defined,0.040788592588701066,sensitivity_only
id:x%3A0x1.8000000000000p%2B2,29,0.638,1.95416,1.9830009197970249,0.7070829848886273,defined,-0.040788592588701066,sensitivity_only
id:x%3A0x1.8000000000000p%2B2,30,0.66,1.9612,1.932359080202975,0.7070829848886273,defined,0.040788592588701066,sensitivity_only
id:x%3A0x1.8000000000000p%2B2,31,0.682,1.96824,1.997080919797025,0.7070829848886273,defined,-0.040788592588701066,sensitivity_only
id:x%3A0x1.8000000000000p%2B2,32,0.704,1.97528,1.946439080202975,0.7070829848886273,defined,0.040788592588701066,sensitivity_only
id:x%3A0x1.8000000000000p%2B2,33,0.726,1.98232,2.011160919797025,0.7070829848886273,defined,-0.040788592588701066,sensitivity_only
id:x%3A0x1.8000000000000p%2B2,34,0.748,1.98936,1.960519080202975,0.7070829848886273,defined,0.040788592588701066,sensitivity_only
id:x%3A0x1.8000000000000p%2B2,35,0.77,1.9964,2.025240919797025,0.7070829848886273,defined,-0.040788592588701066,sensitivity_only
id:x%3A0x1.8000000000000p%2B2,36,0.792,2.00344,1.974599080202975,0.7070829848886273,defined,0.040788592588701066,sensitivity_only
id:x%3A0x1.8000000000000p%2B2,37,0.814,2.01048,2.039320919797025,0.7070829848886273,defined,-0.040788592588701066,sensitivity_only
id:x%3A0x1.8000000000000p%2B2,38,0.836,2.01752,1.9886790802029752,0.7070829848886273,defined,0.040788592588701066,sensitivity_only
id:x%3A0x1.8000000000000p%2B2,39,0.858,2.02456,2.053400919797025,0.7070829848886273,defined,-0.040788592588701066,sensitivity_only
id:x%3A0x1.8000000000000p%2B2,40,0.88,2.0316,2.002759080202975,0.7070829848886273,defined,0.040788592588701066,sensitivity_only
id:x%3A0x1.8000000000000p%2B2,41,0.902,2.03864,2.067480919797025,0.7070829848886273,defined,-0.040788592588701066,sensitivity_only
id:x%3A0x1.8000000000000p%2B2,42,0.924,2.04568,2.016839080202975,0.7070829848886273,defined,0.040788592588701066,sensitivity_only
id:x%3A0x1.8000000000000p%2B2,43,0.946,2.05272,2.081560919797025,0.7070829848886273,defined,-0.040788592588701066,sensitivity_only
id:x%3A0x1.8000000000000p%2B2,44,0.968,2.05976,2.030919080202975,0.7070829848886273,defined,0.040788592588701066,sensitivity_only
id:x%3A0x1.8000000000000p%2B2,45,0.99,2.0668,2.095640919797025,0.7070829848886273,defined,-0.040788592588701066,sensitivity_only
id:x%3A0x1.8000000000000p%2B2,46,1.0,2.07,2.041159080202975,0.7070829848886273,defined,0.040788592588701066,sensitivity_only
id:x%3A0x1.8000000000000p%2B2,47,1.012,2.07384,2.102680919797025,0.7070829848886273,defined,-0.040788592588701066,sensitivity_only
id:x%3A0x1.8000000000000p%2B2,48,1.034,2.08088,2.052039080202975,0.7070829848886273,defined,0.040788592588701066,sensitivity_only
id:x%3A0x1.8000000000000p%2B2,49,1.056,2.08792,2.116760919797025,0.7070829848886273,defined,-0.040788592588701066,sensitivity_only
id:x%3A0x1.8000000000000p%2B2,50,1.078,2.09496,2.066119080202975,0.7070829848886273,defined,0.040788592588701066,sensitivity_only
id:x%3A0x1.8000000000000p%2B2,51,1.1,2.102,2.130840919797025,0.7070829848886273,defined,-0.040788592588701066,sensitivity_only
id:x%3A0x1.8000000000000p%2B2,52,1.122,2.1090400000000002,2.0801990802029753,0.7070829848886273,defined,0.040788592588701066,sensitivity_only
id:x%3A0x1.8000000000000p%2B2,53,1.144,2.11608,2.144920919797025,0.7070829848886273,defined,-0.040788592588701066,sensitivity_only
id:x%3A0x1.8000000000000p%2B2,54,1.166,2.12312,2.094279080202975,0.7070829848886273,defined,0.040788592588701066,sensitivity_only
id:x%3A0x1.8000000000000p%2B2,55,1.188,2.13016,2.159000919797025,0.7070829848886273,defined,-0.040788592588701066,sensitivity_only
id:x%3A0x1.8000000000000p%2B2,56,1.21,2.1372,2.108359080202975,0.7070829848886273,defined,0.040788592588701066,sensitivity_only
id:x%3A0x1.8000000000000p%2B2,57,1.232,2.14424,2.173080919797025,0.7070829848886273,defined,-0.040788592588701066,sensitivity_only
id:x%3A0x1.8000000000000p%2B2,58,1.254,2.15128,2.122439080202975,0.7070829848886273,defined,0.040788592588701066,sensitivity_only
id:x%3A0x1.8000000000000p%2B2,59,1.276,2.15832,2.1871609197970248,0.7070829848886273,defined,-0.040788592588701066,sensitivity_only
id:x%3A0x1.8000000000000p%2B2,60,1.298,2.16536,2.136519080202975,0.7070829848886273,defined,0.040788592588701066,sensitivity_only
id:x%3A0x1.8000000000000p%2B2,61,1.32,2.1724,2.201240919797025,0.7070829848886273,defined,-0.040788592588701066,sensitivity_only
id:x%3A0x1.8000000000000p%2B2,62,1.342,2.17944,2.150599080202975,0.7070829848886273,defined,0.040788592588701066,sensitivity_only
id:x%3A0x1.8000000000000p%2B2,63,1.364,2.18648,2.215320919797025,0.7070829848886273,defined,-0.040788592588701066,sensitivity_only
id:x%3A0x1.8000000000000p%2B2,64,1.386,2.19352,2.164679080202975,0.7070829848886273,defined,0.040788592588701066,sensitivity_only
id:x%3A0x1.8000000000000p%2B2,65,1.408,2.20056,2.229400919797025,0.7070829848886273,defined,-0.040788592588701066,sensitivity_only
id:x%3A0x1.8000000000000p%2B2,66,1.43,2.2076000000000002,2.1787590802029753,0.7070829848886273,defined,0.040788592588701066,sensitivity_only
id:x%3A0x1.8000000000000p%2B2,67,1.452,2.21464,2.243480919797025,0.7070829848886273,defined,-0.040788592588701066,sensitivity_only
id:x%3A0x1.8000000000000p%2B2,68,1.474,2.22168,2.192839080202975,0.7070829848886273,defined,0.040788592588701066,sensitivity_only
id:x%3A0x1.8000000000000p%2B2,69,1.496,2.22872,2.257560919797025,0.7070829848886273,defined,-0.040788592588701066,sensitivity_only
id:x%3A0x1.8000000000000p%2B2,70,1.518,2.23576,2.203485637369996,0.7912595307087035,defined,0.040788592588701066,sensitivity_only
id:x%3A0x1.8000000000000p%2B2,71,1.54,2.2428,2.275074362630004,0.7912595307087035,defined,-0.040788592588701066,sensitivity_only
id:x%3A0x1.8000000000000p%2B2,72,1.562,2.24984,2.217565637369996,0.7912595307087035,defined,0.040788592588701066,sensitivity_only
id:x%3A0x1.8000000000000p%2B2,73,1.584,2.2568799999999998,2.2891543626300037,0.7912595307087035,defined,-0.040788592588701066,sensitivity_only
id:x%3A0x1.8000000000000p%2B2,74,1.606,2.26392,2.231645637369996,0.7912595307087035,defined,0.040788592588701066,sensitivity_only
id:x%3A0x1.8000000000000p%2B2,75,1.628,2.27096,2.303234362630004,0.7912595307087035,defined,-0.040788592588701066,sensitivity_only
id:x%3A0x1.8000000000000p%2B2,76,1.65,2.278,2.245725637369996,0.7912595307087035,defined,0.040788592588701066,sensitivity_only
id:x%3A0x1.8000000000000p%2B2,77,1.672,2.28504,2.317314362630004,0.7912595307087035,defined,-0.040788592588701066,sensitivity_only
id:x%3A0x1.8000000000000p%2B2,78,1.694,2.29208,2.259805637369996,0.7912595307087035,defined,0.040788592588701066,sensitivity_only
id:x%3A0x1.8000000000000p%2B2,79,1.716,2.2991200000000003,2.331394362630004,0.7912595307087035,defined,-0.040788592588701066,sensitivity_only
id:x%3A0x1.8000000000000p%2B2,80,1.738,2.30616,2.2738856373699963,0.7912595307087035,defined,0.040788592588701066,sensitivity_only
id:x%3A0x1.8000000000000p%2B2,81,1.76,2.3132,2.345474362630004,0.7912595307087035,defined,-0.040788592588701066,sensitivity_only
id:x%3A0x1.8000000000000p%2B2,82,1.782,2.32024,2.287965637369996,0.7912595307087035,defined,0.040788592588701066,sensitivity_only
id:x%3A0x1.8000000000000p%2B2,83,1.804,2.32728,2.359554362630004,0.7912595307087035,defined,-0.040788592588701066,sensitivity_only
id:x%3A0x1.8000000000000p%2B2,84,1.826,2.33432,2.302045637369996,0.7912595307087035,defined,0.040788592588701066,sensitivity_only
id:x%3A0x1.8000000000000p%2B2,85,1.848,2.34136,2.373634362630004,0.7912595307087035,defined,-0.040788592588701066,sensitivity_only
id:x%3A0x1.8000000000000p%2B2,86,1.87,2.3484,2.316125637369996,0.7912595307087035,defined,0.040788592588701066,sensitivity_only
id:x%3A0x1.8000000000000p%2B2,87,1.892,2.3554399999999998,2.3877143626300037,0.7912595307087035,defined,-0.040788592588701066,sensitivity_only
id:x%3A0x1.8000000000000p%2B2,88,1.914,2.36248,2.330205637369996,0.7912595307087035,defined,0.040788592588701066,sensitivity_only
id:x%3A0x1.8000000000000p%2B2,89,1.936,2.36952,2.401794362630004,0.7912595307087035,defined,-0.040788592588701066,sensitivity_only
id:x%3A0x1.8000000000000p%2B2,90,1.958,2.37656,2.344285637369996,0.7912595307087035,defined,0.040788592588701066,sensitivity_only
id:x%3A0x1.8000000000000p%2B2,91,1.98,2.3836,2.415874362630004,0.7912595307087035,defined,-0.040788592588701066,sensitivity_only
id:x%3A0x1.8000000000000p%2B2,92,2.0,2.39,2.357725637369996,0.7912595307087035,defined,0.040788592588701066,sensitivity_only
id:x%3A0x1.8000000000000p%2B2,93,2.002,2.39064,2.422914362630004,0.7912595307087035,defined,-0.040788592588701066,sensitivity_only
id:x%3A0x1.8000000000000p%2B2,94,2.024,2.3976800000000003,2.3654056373699963,0.7912595307087035,defined,0.040788592588701066,sensitivity_only
id:x%3A0x1.8000000000000p%2B2,95,2.046,2.40472,2.436994362630004,0.7912595307087035,defined,-0.040788592588701066,sensitivity_only
id:x%3A0x1.8000000000000p%2B2,96,2.068,2.41176,2.379485637369996,0.7912595307087035,defined,0.040788592588701066,sensitivity_only
id:x%3A0x1.8000000000000p%2B2,97,2.09,2.4188,2.451074362630004,0.7912595307087035,defined,-0.040788592588701066,sensitivity_only
id:x%3A0x1.8000000000000p%2B2,98,2.112,2.42584,2.393565637369996,0.7912595307087035,defined,0.040788592588701066,sensitivity_only
id:x%3A0x1.8000000000000p%2B2,99,2.134,2.43288,2.465154362630004,0.7912595307087035,defined,-0.040788592588701066,sensitivity_only
id:x%3A0x1.8000000000000p%2B2,100,2.156,2.43992,2.407645637369996,0.7912595307087035,defined,0.040788592588701066,sensitivity_only
id:x%3A0x1.8000000000000p%2B2,101,2.178,2.44696,2.4792343626300037,0.7912595307087035,defined,-0.040788592588701066,sensitivity_only
id:x%3A0x1.8000000000000p%2B2,102,2.2,2.454,2.4217256373699962,0.7912595307087035,defined,0.040788592588701066,sensitivity_only
id:x%3A0x1.8000000000000p%2B2,103,2.222,2.46104,2.493314362630004,0.7912595307087035,defined,-0.040788592588701066,sensitivity_only
id:x%3A0x1.8000000000000p%2B2,104,2.244,2.46808,2.435805637369996,0.7912595307087035,defined,0.040788592588701066,sensitivity_only
id:x%3A0x1.8000000000000p%2B2,105,2.266,2.47512,2.507394362630004,0.7912595307087035,defined,-0.040788592588701066,sensitivity_only
id:x%3A0x1.8000000000000p%2B2,106,2.288,2.48216,2.449885637369996,0.7912595307087035,defined,0.040788592588701066,sensitivity_only
id:x%3A0x1.8000000000000p%2B2,107,2.31,2.4892000000000003,2.5214743626300042,0.7912595307087035,defined,-0.040788592588701066,sensitivity_only
id:x%3A0x1.8000000000000p%2B2,108,2.332,2.4962400000000002,2.4639656373699963,0.7912595307087035,defined,0.040788592588701066,sensitivity_only
id:x%3A0x1.8000000000000p%2B2,109,2.354,2.50328,2.535554362630004,0.7912595307087035,defined,-0.040788592588701066,sensitivity_only
id:x%3A0x1.8000000000000p%2B2,110,2.376,2.51032,2.478045637369996,0.7912595307087035,defined,0.040788592588701066,sensitivity_only
id:x%3A0x1.8000000000000p%2B2,111,2.398,2.51736,2.549634362630004,0.7912595307087035,defined,-0.040788592588701066,sensitivity_only
id:x%3A0x1.8000000000000p%2B2,112,2.42,2.5244,2.492125637369996,0.7912595307087035,defined,0.040788592588701066,sensitivity_only
id:x%3A0x1.8000000000000p%2B2,113,2.442,2.53144,2.563714362630004,0.7912595307087035,defined,-0.040788592588701066,sensitivity_only
id:x%3A0x1.8000000000000p%2B2,114,2.464,2.53848,2.506205637369996,0.7912595307087035,defined,0.040788592588701066,sensitivity_only
id:x%3A0x1.8000000000000p%2B2,115,2.486,2.5455200000000002,2.577794362630004,0.7912595307087035,defined,-0.040788592588701066,sensitivity_only
id:x%3A0x1.8000000000000p%2B2,116,2.508,2.55256,2.518022872108097,0.8467349741670217,defined,0.040788592588701066,sensitivity_only
id:x%3A0x1.8000000000000p%2B2,117,2.53,2.5596,2.594137127891903,0.8467349741670217,defined,-0.040788592588701066,sensitivity_only
id:x%3A0x1.8000000000000p%2B2,118,2.552,2.56664,2.532102872108097,0.8467349741670217,defined,0.040788592588701066,sensitivity_only
id:x%3A0x1.8000000000000p%2B2,119,2.574,2.57368,2.608217127891903,0.8467349741670217,defined,-0.040788592588701066,sensitivity_only
id:x%3A0x1.8000000000000p%2B2,120,2.596,2.58072,2.546182872108097,0.8467349741670217,defined,0.040788592588701066,sensitivity_only
id:x%3A0x1.8000000000000p%2B2,121,2.618,2.58776,2.622297127891903,0.8467349741670217,defined,-0.040788592588701066,sensitivity_only
id:x%3A0x1.8000000000000p%2B2,122,2.64,2.5948,2.560262872108097,0.8467349741670217,defined,0.040788592588701066,sensitivity_only
id:x%3A0x1.8000000000000p%2B2,123,2.662,2.60184,2.6363771278919033,0.8467349741670217,defined,-0.040788592588701066,sensitivity_only
id:x%3A0x1.8000000000000p%2B2,124,2.684,2.60888,2.574342872108097,0.8467349741670217,defined,0.040788592588701066,sensitivity_only
id:x%3A0x1.8000000000000p%2B2,125,2.706,2.61592,2.650457127891903,0.8467349741670217,defined,-0.040788592588701066,sensitivity_only
id:x%3A0x1.8000000000000p%2B2,126,2.728,2.62296,2.588422872108097,0.8467349741670217,defined,0.040788592588701066,sensitivity_only
id:x%3A0x1.8000000000000p%2B2,127,2.75,2.63,2.664537127891903,0.8467349741670217,defined,-0.040788592588701066,sensitivity_only
id:x%3A0x1.8000000000000p%2B2,128,2.772,2.63704,2.6025028721080967,0.8467349741670217,defined,0.040788592588701066,sensitivity_only
id:x%3A0x1.8000000000000p%2B2,129,2.794,2.6440799999999998,2.678617127891903,0.8467349741670217,defined,-0.040788592588701066,sensitivity_only
id:x%3A0x1.8000000000000p%2B2,130,2.816,2.6511199999999997,2.6165828721080966,0.8467349741670217,defined,0.040788592588701066,sensitivity_only
id:x%3A0x1.8000000000000p%2B2,131,2.838,2.65816,2.692697127891903,0.8467349741670217,defined,-0.040788592588701066,sensitivity_only
id:x%3A0x1.8000000000000p%2B2,132,2.86,2.6652,2.630662872108097,0.8467349741670217,defined,0.040788592588701066,sensitivity_only
id:x%3A0x1.8000000000000p%2B2,133,2.882,2.67224,2.706777127891903,0.8467349741670217,defined,-0.040788592588701066,sensitivity_only
id:x%3A0x1.8000000000000p%2B2,134,2.904,2.67928,2.6447428721080968,0.8467349741670217,defined,0.040788592588701066,sensitivity_only
id:x%3A0x1.8000000000000p%2B2,135,2.926,2.6863200000000003,2.7208571278919034,0.8467349741670217,defined,-0.040788592588701066,sensitivity_only
id:x%3A0x1.8000000000000p%2B2,136,2.948,2.69336,2.658822872108097,0.8467349741670217,defined,0.040788592588701066,sensitivity_only
id:x%3A0x1.8000000000000p%2B2,137,2.97,2.7004,2.7349371278919032,0.8467349741670217,defined,-0.040788592588701066,sensitivity_only
id:x%3A0x1.8000000000000p%2B2,138,2.992,2.70744,2.672902872108097,0.8467349741670217,defined,0.040788592588701066,sensitivity_only
id:x%3A0x1.8000000000000p%2B2,139,3.0,2.71,2.744537127891903,0.8467349741670217,defined,-0.040788592588701066,sensitivity_only
id:x%3A0x1.8000000000000p%2B2,140,3.014,2.71448,2.679942872108097,0.8467349741670217,defined,0.040788592588701066,sensitivity_only
id:x%3A0x1.8000000000000p%2B2,141,3.036,2.72152,2.756057127891903,0.8467349741670217,defined,-0.040788592588701066,sensitivity_only
id:x%3A0x1.8000000000000p%2B2,142,3.058,2.72856,2.6940228721080968,0.8467349741670217,defined,0.040788592588701066,sensitivity_only
id:x%3A0x1.8000000000000p%2B2,143,3.08,2.7356,2.770137127891903,0.8467349741670217,defined,-0.040788592588701066,sensitivity_only
id:x%3A0x1.8000000000000p%2B2,144,3.102,2.7426399999999997,2.7081028721080966,0.8467349741670217,defined,0.040788592588701066,sensitivity_only
id:x%3A0x1.8000000000000p%2B2,145,3.124,2.74968,2.7842171278919032,0.8467349741670217,defined,-0.040788592588701066,sensitivity_only
id:x%3A0x1.8000000000000p%2B2,146,3.146,2.75672,2.722182872108097,0.8467349741670217,defined,0.040788592588701066,sensitivity_only
id:x%3A0x1.8000000000000p%2B2,147,3.168,2.76376,2.798297127891903,0.8467349741670217,defined,-0.040788592588701066,sensitivity_only
id:x%3A0x1.8000000000000p%2B2,148,3.19,2.7708,2.736262872108097,0.8467349741670217,defined,0.040788592588701066,sensitivity_only
id:x%3A0x1.8000000000000p%2B2,149,3.212,2.7778400000000003,2.8123771278919034,0.8467349741670217,defined,-0.040788592588701066,sensitivity_only
id:x%3A0x1.8000000000000p%2B2,150,3.234,2.7848800000000002,2.750342872108097,0.8467349741670217,defined,0.040788592588701066,sensitivity_only
id:x%3A0x1.8000000000000p%2B2,151,3.256,2.79192,2.8264571278919033,0.8467349741670217,defined,-0.040788592588701066,sensitivity_only
id:x%3A0x1.8000000000000p%2B2,152,3.278,2.79896,2.764422872108097,0.8467349741670217,defined,0.040788592588701066,sensitivity_only
id:x%3A0x1.8000000000000p%2B2,153,3.3,2.806,2.840537127891903,0.8467349741670217,defined,-0.040788592588701066,sensitivity_only
id:x%3A0x1.8000000000000p%2B2,154,3.322,2.81304,2.778502872108097,0.8467349741670217,defined,0.040788592588701066,sensitivity_only
id:x%3A0x1.8000000000000p%2B2,155,3.344,2.82008,2.854617127891903,0.8467349741670217,defined,-0.040788592588701066,sensitivity_only
id:x%3A0x1.8000000000000p%2B2,156,3.366,2.82712,2.7925828721080967,0.8467349741670217,defined,0.040788592588701066,sensitivity_only
id:x%3A0x1.8000000000000p%2B2,157,3.388,2.83416,2.868697127891903,0.8467349741670217,defined,-0.040788592588701066,sensitivity_only
id:x%3A0x1.8000000000000p%2B2,158,3.41,2.8412,2.806662872108097,0.8467349741670217,defined,0.040788592588701066,sensitivity_only
id:x%3A0x1.8000000000000p%2B2,159,3.432,2.84824,2.882777127891903,0.8467349741670217,defined,-0.040788592588701066,sensitivity_only
id:x%3A0x1.8000000000000p%2B2,160,3.454,2.85528,2.820742872108097,0.8467349741670217,defined,0.040788592588701066,sensitivity_only
id:x%3A0x1.8000000000000p%2B2,161,3.476,2.86232,2.896857127891903,0.8467349741670217,defined,-0.040788592588701066,sensitivity_only
id:x%3A0x1.8000000000000p%2B2,162,3.498,2.8693600000000004,2.8348228721080972,0.8467349741670217,defined,0.040788592588701066,sensitivity_only
id:x%3A0x1.8000000000000p%2B2,163,3.52,2.8764000000000003,2.9109371278919034,0.8467349741670217,defined,-0.040788592588701066,sensitivity_only
id:x%3A0x1.8000000000000p%2B2,164,3.542,2.8834400000000002,2.848902872108097,0.8467349741670217,defined,0.040788592588701066,sensitivity_only
id:x%3A0x1.8000000000000p%2B2,165,3.564,2.89048,2.9250171278919033,0.8467349741670217,defined,-0.040788592588701066,sensitivity_only
id:x%3A0x1.8000000000000p%2B2,166,3.586,2.89752,2.862982872108097,0.8467349741670217,defined,0.040788592588701066,sensitivity_only
id:x%3A0x1.8000000000000p%2B2,167,3.608,2.90456,2.939097127891903,0.8467349741670217,defined,-0.040788592588701066,sensitivity_only
id:x%3A0x1.8000000000000p%2B2,168,3.63,2.9116,2.877062872108097,0.8467349741670217,defined,0.040788592588701066,sensitivity_only
id:x%3A0x1.8000000000000p%2B2,169,3.652,2.91864,2.953177127891903,0.8467349741670217,defined,-0.040788592588701066,sensitivity_only
id:x%3A0x1.8000000000000p%2B2,170,3.674,2.92568,2.8911428721080967,0.8467349741670217,defined,0.040788592588701066,sensitivity_only
id:x%3A0x1.8000000000000p%2B2,171,3.696,2.9327199999999998,2.967257127891903,0.8467349741670217,defined,-0.040788592588701066,sensitivity_only
id:x%3A0x1.8000000000000p%2B2,172,3.718,2.9397599999999997,2.9052228721080966,0.8467349741670217,defined,0.040788592588701066,sensitivity_only
id:x%3A0x1.8000000000000p%2B2,173,3.74,2.9468,2.981337127891903,0.8467349741670217,defined,-0.040788592588701066,sensitivity_only
id:x%3A0x1.8000000000000p%2B2,174,3.762,2.95384,2.919302872108097,0.8467349741670217,defined,0.040788592588701066,sensitivity_only
id:x%3A0x1.8000000000000p%2B2,175,3.784,2.96088,2.995417127891903,0.8467349741670217,defined,-0.040788592588701066,sensitivity_only
id:x%3A0x1.8000000000000p%2B2,176,3.806,2.9679200000000003,2.9333828721080972,0.8467349741670217,defined,0.040788592588701066,sensitivity_only
id:x%3A0x1.8000000000000p%2B2,177,3.828,2.9749600000000003,3.0094971278919034,0.8467349741670217,defined,-0.040788592588701066,sensitivity_only
id:x%3A0x1.8000000000000p%2B2,178,3.85,2.982,2.947462872108097,0.8467349741670217,defined,0.040788592588701066,sensitivity_only
id:x%3A0x1.8000000000000p%2B2,179,3.872,2.98904,3.0235771278919032,0.8467349741670217,defined,-0.040788592588701066,sensitivity_only
id:x%3A0x1.8000000000000p%2B2,180,3.894,2.99608,2.961542872108097,0.8467349741670217,defined,0.040788592588701066,sensitivity_only
id:x%3A0x1.8000000000000p%2B2,181,3.916,3.00312,3.037657127891903,0.8467349741670217,defined,-0.040788592588701066,sensitivity_only
id:x%3A0x1.8000000000000p%2B2,182,3.938,3.01016,2.975622872108097,0.8467349741670217,defined,0.040788592588701066,sensitivity_only
id:x%3A0x1.8000000000000p%2B2,183,3.96,3.0172,3.051737127891903,0.8467349741670217,defined,-0.040788592588701066,sensitivity_only
id:x%3A0x1.8000000000000p%2B2,184,3.982,3.02424,2.9897028721080967,0.8467349741670217,defined,0.040788592588701066,sensitivity_only
id:x%3A0x1.8000000000000p%2B2,185,4.0,3.0300000000000002,3.0645371278919034,0.8467349741670217,defined,-0.040788592588701066,sensitivity_only
id:x%3A0x1.8000000000000p%2B2,186,4.004,3.0312799999999998,2.9967428721080966,0.8467349741670217,defined,0.040788592588701066,sensitivity_only
id:x%3A0x1.8000000000000p%2B2,187,4.026,3.0383199999999997,3.072857127891903,0.8467349741670217,defined,-0.040788592588701066,sensitivity_only
id:x%3A0x1.8000000000000p%2B2,188,4.048,3.04536,3.010822872108097,0.8467349741670217,defined,0.040788592588701066,sensitivity_only
id:x%3A0x1.8000000000000p%2B2,189,4.07,3.0524000000000004,3.0869371278919036,0.8467349741670217,defined,-0.040788592588701066,sensitivity_only
id:x%3A0x1.8000000000000p%2B2,190,4.092,3.05944,3.024902872108097,0.8467349741670217,defined,0.040788592588701066,sensitivity_only
id:x%3A0x1.8000000000000p%2B2,191,4.114,3.0664800000000003,3.1010171278919034,0.8467349741670217,defined,-0.040788592588701066,sensitivity_only
id:x%3A0x1.8000000000000p%2B2,192,4.136,3.0735200000000003,3.038982872108097,0.8467349741670217,defined,0.040788592588701066,sensitivity_only
id:x%3A0x1.8000000000000p%2B2,193,4.158,3.08056,3.1150971278919033,0.8467349741670217,defined,-0.040788592588701066,sensitivity_only
id:x%3A0x1.8000000000000p%2B2,194,4.18,3.0876,3.053062872108097,0.8467349741670217,defined,0.040788592588701066,sensitivity_only
id:x%3A0x1.8000000000000p%2B2,195,4.202,3.09464,3.129177127891903,0.8467349741670217,defined,-0.040788592588701066,sensitivity_only
id:x%3A0x1.8000000000000p%2B2,196,4.224,3.10168,3.067142872108097,0.8467349741670217,defined,0.040788592588701066,sensitivity_only
id:x%3A0x1.8000000000000p%2B2,197,4.246,3.10872,3.143257127891903,0.8467349741670217,defined,-0.040788592588701066,sensitivity_only
id:x%3A0x1.8000000000000p%2B2,198,4.268,3.11576,3.0812228721080968,0.8467349741670217,defined,0.040788592588701066,sensitivity_only
id:x%3A0x1.8000000000000p%2B2,199,4.29,3.1228,3.157337127891903,0.8467349741670217,defined,-0.040788592588701066,sensitivity_only
id:x%3A0x1.8000000000000p%2B2,200,4.312,3.12984,3.095302872108097,0.8467349741670217,defined,0.040788592588701066,sensitivity_only
id:x%3A0x1.8000000000000p%2B2,201,4.334,3.1368799999999997,3.1714171278919028,0.8467349741670217,defined,-0.040788592588701066,sensitivity_only
id:x%3A0x1.8000000000000p%2B2,202,4.356,3.14392,3.109382872108097,0.8467349741670217,defined,0.040788592588701066,sensitivity_only
id:x%3A0x1.8000000000000p%2B2,203,4.378,3.15096,3.185497127891903,0.8467349741670217,defined,-0.040788592588701066,sensitivity_only
id:x%3A0x1.8000000000000p%2B2,204,4.4,3.1580000000000004,3.1234628721080973,0.8467349741670217,defined,0.040788592588701066,sensitivity_only
id:x%3A0x1.8000000000000p%2B2,205,4.422,3.16504,3.199577127891903,0.8467349741670217,defined,-0.040788592588701066,sensitivity_only
id:x%3A0x1.8000000000000p%2B2,206,4.444,3.1720800000000002,3.137542872108097,0.8467349741670217,defined,0.040788592588701066,sensitivity_only
id:x%3A0x1.8000000000000p%2B2,207,4.466,3.17912,3.2136571278919033,0.8467349741670217,defined,-0.040788592588701066,sensitivity_only
id:x%3A0x1.8000000000000p%2B2,208,4.488,3.18616,3.151622872108097,0.8467349741670217,defined,0.040788592588701066,sensitivity_only
id:x%3A0x1.8000000000000p%2B2,209,4.51,3.1932,3.225474362630004,0.7912595307087035,defined,-0.040788592588701066,sensitivity_only
id:x%3A0x1.8000000000000p%2B2,210,4.532,3.20024,3.167965637369996,0.7912595307087035,defined,0.040788592588701066,sensitivity_only
id:x%3A0x1.8000000000000p%2B2,211,4.554,3.20728,3.239554362630004,0.7912595307087035,defined,-0.040788592588701066,sensitivity_only
id:x%3A0x1.8000000000000p%2B2,212,4.576,3.21432,3.182045637369996,0.7912595307087035,defined,0.040788592588701066,sensitivity_only
id:x%3A0x1.8000000000000p%2B2,213,4.598,3.22136,3.2536343626300037,0.7912595307087035,defined,-0.040788592588701066,sensitivity_only
id:x%3A0x1.8000000000000p%2B2,214,4.62,3.2284,3.196125637369996,0.7912595307087035,defined,0.040788592588701066,sensitivity_only
id:x%3A0x1.8000000000000p%2B2,215,4.642,3.23544,3.267714362630004,0.7912595307087035,defined,-0.040788592588701066,sensitivity_only
id:x%3A0x1.8000000000000p%2B2,216,4.664,3.24248,3.210205637369996,0.7912595307087035,defined,0.040788592588701066,sensitivity_only
id:x%3A0x1.8000000000000p%2B2,217,4.686,3.24952,3.281794362630004,0.7912595307087035,defined,-0.040788592588701066,sensitivity_only
id:x%3A0x1.8000000000000p%2B2,218,4.708,3.2565600000000003,3.2242856373699964,0.7912595307087035,defined,0.040788592588701066,sensitivity_only
id:x%3A0x1.8000000000000p%2B2,219,4.73,3.2636000000000003,3.295874362630004,0.7912595307087035,defined,-0.040788592588701066,sensitivity_only
id:x%3A0x1.8000000000000p%2B2,220,4.752,3.27064,3.2383656373699963,0.7912595307087035,defined,0.040788592588701066,sensitivity_only
id:x%3A0x1.8000000000000p%2B2,221,4.774,3.27768,3.309954362630004,0.7912595307087035,defined,-0.040788592588701066,sensitivity_only
id:x%3A0x1.8000000000000p%2B2,222,4.796,3.28472,3.252445637369996,0.7912595307087035,defined,0.040788592588701066,sensitivity_only
id:x%3A0x1.8000000000000p%2B2,223,4.818,3.29176,3.324034362630004,0.7912595307087035,defined,-0.040788592588701066,sensitivity_only
id:x%3A0x1.8000000000000p%2B2,224,4.84,3.2988,3.266525637369996,0.7912595307087035,defined,0.040788592588701066,sensitivity_only
id:x%3A0x1.8000000000000p%2B2,225,4.862,3.30584,3.338114362630004,0.7912595307087035,defined,-0.040788592588701066,sensitivity_only
id:x%3A0x1.8000000000000p%2B2,226,4.884,3.31288,3.280605637369996,0.7912595307087035,defined,0.040788592588701066,sensitivity_only
id:x%3A0x1.8000000000000p%2B2,227,4.906,3.3199199999999998,3.3521943626300037,0.7912595307087035,defined,-0.040788592588701066,sensitivity_only
id:x%3A0x1.8000000000000p%2B2,228,4.928,3.3269599999999997,3.2946856373699958,0.7912595307087035,defined,0.040788592588701066,sensitivity_only
id:x%3A0x1.8000000000000p%2B2,229,4.95,3.334,3.366274362630004,0.7912595307087035,defined,-0.040788592588701066,sensitivity_only
id:x%3A0x1.8000000000000p%2B2,230,4.972,3.3410400000000005,3.3087656373699965,0.7912595307087035,defined,0.040788592588701066,sensitivity_only
id:x%3A0x1.8000000000000p%2B2,231,4.994,3.34808,3.380354362630004,0.7912595307087035,defined,-0.040788592588701066,sensitivity_only
id:x%3A0x1.8000000000000p%2B2,232,5.0,3.35,3.317725637369996,0.7912595307087035,defined,0.040788592588701066,sensitivity_only
id:x%3A0x1.8000000000000p%2B2,233,5.016,3.3551200000000003,3.3873943626300043,0.7912595307087035,defined,-0.040788592588701066,sensitivity_only
id:x%3A0x1.8000000000000p%2B2,234,5.038,3.3621600000000003,3.3298856373699963,0.7912595307087035,defined,0.040788592588701066,sensitivity_only
id:x%3A0x1.8000000000000p%2B2,235,5.06,3.3692,3.401474362630004,0.7912595307087035,defined,-0.040788592588701066,sensitivity_only
id:x%3A0x1.8000000000000p%2B2,236,5.082,3.37624,3.343965637369996,0.7912595307087035,defined,0.040788592588701066,sensitivity_only
id:x%3A0x1.8000000000000p%2B2,237,5.104,3.38328,3.415554362630004,0.7912595307087035,defined,-0.040788592588701066,sensitivity_only
id:x%3A0x1.8000000000000p%2B2,238,5.126,3.39032,3.358045637369996,0.7912595307087035,defined,0.040788592588701066,sensitivity_only
id:x%3A0x1.8000000000000p%2B2,239,5.148,3.39736,3.429634362630004,0.7912595307087035,defined,-0.040788592588701066,sensitivity_only
id:x%3A0x1.8000000000000p%2B2,240,5.17,3.4044,3.372125637369996,0.7912595307087035,defined,0.040788592588701066,sensitivity_only
id:x%3A0x1.8000000000000p%2B2,241,5.192,3.41144,3.4437143626300037,0.7912595307087035,defined,-0.040788592588701066,sensitivity_only
id:x%3A0x1.8000000000000p%2B2,242,5.214,3.41848,3.3862056373699962,0.7912595307087035,defined,0.040788592588701066,sensitivity_only
id:x%3A0x1.8000000000000p%2B2,243,5.236,3.4255199999999997,3.4577943626300036,0.7912595307087035,defined,-0.040788592588701066,sensitivity_only
id:x%3A0x1.8000000000000p%2B2,244,5.258,3.43256,3.400285637369996,0.7912595307087035,defined,0.040788592588701066,sensitivity_only
id:x%3A0x1.8000000000000p%2B2,245,5.28,3.4396000000000004,3.4718743626300044,0.7912595307087035,defined,-0.040788592588701066,sensitivity_only
id:x%3A0x1.8000000000000p%2B2,246,5.302,3.44664,3.414365637369996,0.7912595307087035,defined,0.040788592588701066,sensitivity_only
id:x%3A0x1.8000000000000p%2B2,247,5.324,3.4536800000000003,3.4859543626300042,0.7912595307087035,defined,-0.040788592588701066,sensitivity_only
id:x%3A0x1.8000000000000p%2B2,248,5.346,3.4607200000000002,3.4284456373699963,0.7912595307087035,defined,0.040788592588701066,sensitivity_only
id:x%3A0x1.8000000000000p%2B2,249,5.368,3.46776,3.500034362630004,0.7912595307087035,defined,-0.040788592588701066,sensitivity_only
id:x%3A0x1.8000000000000p%2B2,250,5.39,3.4748,3.442525637369996,0.7912595307087035,defined,0.040788592588701066,sensitivity_only
id:x%3A0x1.8000000000000p%2B2,251,5.412,3.48184,3.514114362630004,0.7912595307087035,defined,-0.040788592588701066,sensitivity_only
id:x%3A0x1.8000000000000p%2B2,252,5.434,3.48888,3.456605637369996,0.7912595307087035,defined,0.040788592588701066,sensitivity_only
id:x%3A0x1.8000000000000p%2B2,253,5.456,3.49592,3.528194362630004,0.7912595307087035,defined,-0.040788592588701066,sensitivity_only
id:x%3A0x1.8000000000000p%2B2,254,5.478,3.50296,3.470685637369996,0.7912595307087035,defined,0.040788592588701066,sensitivity_only
id:x%3A0x1.8000000000000p%2B2,255,5.5,3.51,3.5422743626300037,0.7912595307087035,defined,-0.040788592588701066,sensitivity_only
id:x%3A0x1.8000000000000p%2B2,256,5.522,3.53156,3.500154901493393,0.7699480789466207,defined,0.040788592588701066,sensitivity_only
id:x%3A0x1.8000000000000p%2B2,257,5.544,3.5531199999999994,3.584525098506606,0.7699480789466207,defined,-0.040788592588701066,sensitivity_only
id:x%3A0x1.8000000000000p%2B2,258,5.566,3.5746799999999994,3.5432749014933926,0.7699480789466207,defined,0.040788592588701066,sensitivity_only
id:x%3A0x1.8000000000000p%2B2,259,5.588,3.59624,3.6276450985066067,0.7699480789466207,defined,-0.040788592588701066,sensitivity_only
id:x%3A0x1.8000000000000p%2B2,260,5.61,3.6178,3.586394901493393,0.7699480789466207,defined,0.040788592588701066,sensitivity_only
id:x%3A0x1.8000000000000p%2B2,261,5.632,3.6393599999999995,3.6707650985066063,0.7699480789466207,defined,-0.040788592588701066,sensitivity_only
id:x%3A0x1.8000000000000p%2B2,262,5.654,3.6609199999999995,3.6295149014933927,0.7699480789466207,defined,0.040788592588701066,sensitivity_only
id:x%3A0x1.8000000000000p%2B2,263,5.676,3.68248,3.7138850985066068,0.7699480789466207,defined,-0.040788592588701066,sensitivity_only
id:x%3A0x1.8000000000000p%2B2,264,5.698,3.70404,3.6726349014933932,0.7699480789466207,defined,0.040788592588701066,sensitivity_only
id:x%3A0x1.8000000000000p%2B2,265,5.72,3.7255999999999996,3.7570050985066064,0.7699480789466207,defined,-0.040788592588701066,sensitivity_only
id:x%3A0x1.8000000000000p%2B2,266,5.742,3.7471599999999996,3.715754901493393,0.7699480789466207,defined,0.040788592588701066,sensitivity_only
id:x%3A0x1.8000000000000p%2B2,267,5.764,3.76872,3.800125098506607,0.7699480789466207,defined,-0.040788592588701066,sensitivity_only
id:x%3A0x1.8000000000000p%2B2,268,5.786,3.790279999999999,3.7588749014933924,0.7699480789466207,defined,0.040788592588701066,sensitivity_only
id:x%3A0x1.8000000000000p%2B2,269,5.808,3.8118399999999997,3.8432450985066064,0.7699480789466207,defined,-0.040788592588701066,sensitivity_only
id:x%3A0x1.8000000000000p%2B2,270,5.83,3.8333999999999997,3.801994901493393,0.7699480789466207,defined,0.040788592588701066,sensitivity_only
id:x%3A0x1.8000000000000p%2B2,271,5.852,3.85496,3.886365098506607,0.7699480789466207,defined,-0.040788592588701066,sensitivity_only
id:x%3A0x1.8000000000000p%2B2,272,5.874,3.8765199999999993,3.8451149014933925,0.7699480789466207,defined,0.040788592588701066,sensitivity_only
id:x%3A0x1.8000000000000p%2B2,273,5.896,3.8980799999999998,3.9294850985066065,0.7699480789466207,defined,-0.040788592588701066,sensitivity_only
id:x%3A0x1.8000000000000p%2B2,274,5.918,3.91964,3.888234901493393,0.7699480789466207,defined,0.040788592588701066,sensitivity_only
id:x%3A0x1.8000000000000p%2B2,275,5.94,3.9412000000000003,3.972605098506607,0.7699480789466207,defined,-0.040788592588701066,sensitivity_only
id:x%3A0x1.8000000000000p%2B2,276,5.962,3.9627599999999994,3.9313549014933926,0.7699480789466207,defined,0.040788592588701066,sensitivity_only
id:x%3A0x1.8000000000000p%2B2,277,5.984,3.98432,4.015725098506606,0.7699480789466207,defined,-0.040788592588701066,sensitivity_only
id:x%3A0x1.8000000000000p%2B2,278,6.0,4.0,3.9685949014933932,0.7699480789466207,defined,0.040788592588701066,sensitivity_only
id:x%3A0x1.8000000000000p%2B2,279,6.006,4.00588,4.037285098506607,0.7699480789466207,defined,-0.040788592588701066,sensitivity_only
id:x%3A0x1.8000000000000p%2B2,280,6.028,4.0274399999999995,3.9960349014933927,0.7699480789466207,defined,0.040788592588701066,sensitivity_only
id:x%3A0x1.8000000000000p%2B2,281,6.05,4.0489999999999995,4.080405098506606,0.7699480789466207,defined,-0.040788592588701066,sensitivity_only
id:x%3A0x1.8000000000000p%2B2,282,6.072,4.0705599999999995,4.039154901493393,0.7699480789466207,defined,0.040788592588701066,sensitivity_only
id:x%3A0x1.8000000000000p%2B2,283,6.094,4.09212,4.123525098506607,0.7699480789466207,defined,-0.040788592588701066,sensitivity_only
id:x%3A0x1.8000000000000p%2B2,284,6.116,4.11368,4.082274901493393,0.7699480789466207,defined,0.040788592588701066,sensitivity_only
id:x%3A0x1.8000000000000p%2B2,285,6.138,4.13524,4.166645098506606,0.7699480789466207,defined,-0.040788592588701066,sensitivity_only
id:x%3A0x1.8000000000000p%2B2,286,6.16,4.1568,4.125394901493393,0.7699480789466207,defined,0.040788592588701066,sensitivity_only
id:x%3A0x1.8000000000000p%2B2,287,6.182,4.1783600000000005,4.209765098506607,0.7699480789466207,defined,-0.040788592588701066,sensitivity_only
id:x%3A0x1.8000000000000p%2B2,288,6.204,4.19992,4.168514901493393,0.7699480789466207,defined,0.040788592588701066,sensitivity_only
id:x%3A0x1.8000000000000p%2B2,289,6.226,4.22148,4.2528850985066065,0.7699480789466207,defined,-0.040788592588701066,sensitivity_only
id:x%3A0x1.8000000000000p%2B2,290,6.248,4.24304,4.211634901493393,0.7699480789466207,defined,0.040788592588701066,sensitivity_only
id:x%3A0x1.8000000000000p%2B2,291,6.27,4.2646,4.2960050985066065,0.7699480789466207,defined,-0.040788592588701066,sensitivity_only
id:x%3A0x1.8000000000000p%2B2,292,6.292,4.28616,4.254754901493393,0.7699480789466207,defined,0.040788592588701066,sensitivity_only
id:x%3A0x1.8000000000000p%2B2,293,6.314,4.30772,4.3391250985066065,0.7699480789466207,defined,-0.040788592588701066,sensitivity_only
id:x%3A0x1.8000000000000p%2B2,294,6.336,4.32928,4.297874901493393,0.7699480789466207,defined,0.040788592588701066,sensitivity_only
id:x%3A0x1.8000000000000p%2B2,295,6.358,4.35084,4.382245098506607,0.7699480789466207,defined,-0.040788592588701066,sensitivity_only
id:x%3A0x1.8000000000000p%2B2,296,6.38,4.3724,4.340994901493393,0.7699480789466207,defined,0.040788592588701066,sensitivity_only
id:x%3A0x1.8000000000000p%2B2,297,6.402,4.39396,4.425365098506607,0.7699480789466207,defined,-0.040788592588701066,sensitivity_only
id:x%3A0x1.8000000000000p%2B2,298,6.424,4.41552,4.384114901493393,0.7699480789466207,defined,0.040788592588701066,sensitivity_only
id:x%3A0x1.8000000000000p%2B2,299,6.446,4.43708,4.468485098506607,0.7699480789466207,defined,-0.040788592588701066,sensitivity_only
id:x%3A0x1.8000000000000p%2B2,300,6.468,4.45864,4.427234901493393,0.7699480789466207,defined,0.040788592588701066,sensitivity_only
id:x%3A0x1.8000000000000p%2B2,301,6.49,4.4802,4.511605098506607,0.7699480789466207,defined,-0.040788592588701066,sensitivity_only
id:x%3A0x1.8000000000000p%2B2,302,6.512,4.501759999999999,4.46666358337536,0.8604468650963308,defined,0.040788592588701066,sensitivity_only
id:x%3A0x1.8000000000000p%2B2,303,6.534,4.52332,4.558416416624639,0.8604468650963308,defined,-0.040788592588701066,sensitivity_only
id:x%3A0x1.8000000000000p%2B2,304,6.556,4.54488,4.509783583375361,0.8604468650963308,defined,0.040788592588701066,sensitivity_only
id:x%3A0x1.8000000000000p%2B2,305,6.578,4.56644,4.601536416624639,0.8604468650963308,defined,-0.040788592588701066,sensitivity_only
id:x%3A0x1.8000000000000p%2B2,306,6.6,4.587999999999999,4.55290358337536,0.8604468650963308,defined,0.040788592588701066,sensitivity_only
id:x%3A0x1.8000000000000p%2B2,307,6.622,4.60956,4.644656416624639,0.8604468650963308,defined,-0.040788592588701066,sensitivity_only
id:x%3A0x1.8000000000000p%2B2,308,6.644,4.63112,4.596023583375361,0.8604468650963308,defined,0.040788592588701066,sensitivity_only
id:x%3A0x1.8000000000000p%2B2,309,6.666,4.65268,4.687776416624639,0.8604468650963308,defined,-0.040788592588701066,sensitivity_only
id:x%3A0x1.8000000000000p%2B2,310,6.688,4.674239999999999,4.63914358337536,0.8604468650963308,defined,0.040788592588701066,sensitivity_only
id:x%3A0x1.8000000000000p%2B2,311,6.71,4.6958,4.730896416624639,0.8604468650963308,defined,-0.040788592588701066,sensitivity_only
id:x%3A0x1.8000000000000p%2B2,312,6.732,4.71736,4.682263583375361,0.8604468650963308,defined,0.040788592588701066,sensitivity_only
id:x%3A0x1.8000000000000p%2B2,313,6.754,4.738919999999999,4.774016416624638,0.8604468650963308,defined,-0.040788592588701066,sensitivity_only
id:x%3A0x1.8000000000000p%2B2,314,6.776,4.760479999999999,4.72538358337536,0.8604468650963308,defined,0.040788592588701066,sensitivity_only
id:x%3A0x1.8000000000000p%2B2,315,6.798,4.78204,4.817136416624639,0.8604468650963308,defined,-0.040788592588701066,sensitivity_only
id:x%3A0x1.8000000000000p%2B2,316,6.82,4.8036,4.768503583375361,0.8604468650963308,defined,0.040788592588701066,sensitivity_only
id:x%3A0x1.8000000000000p%2B2,317,6.842,4.8251599999999994,4.8602564166246385,0.8604468650963308,defined,-0.040788592588701066,sensitivity_only
id:x%3A0x1.8000000000000p%2B2,318,6.864,4.8467199999999995,4.8116235833753604,0.8604468650963308,defined,0.040788592588701066,sensitivity_only
id:x%3A0x1.8000000000000p%2B2,319,6.886,4.86828,4.903376416624639,0.8604468650963308,defined,-0.040788592588701066,sensitivity_only
id:x%3A0x1.8000000000000p%2B2,320,6.908,4.88984,4.854743583375361,0.8604468650963308,defined,0.040788592588701066,sensitivity_only
id:x%3A0x1.8000000000000p%2B2,321,6.93,4.9113999999999995,4.946496416624639,0.8604468650963308,defined,-0.040788592588701066,sensitivity_only
id:x%3A0x1.8000000000000p%2B2,322,6.952,4.93296,4.8978635833753605,0.8604468650963308,defined,0.040788592588701066,sensitivity_only
id:x%3A0x1.8000000000000p%2B2,323,6.974,4.9545200000000005,4.9896164166246395,0.8604468650963308,defined,-0.040788592588701066,sensitivity_only
id:x%3A0x1.8000000000000p%2B2,324,6.996,4.9760800000000005,4.9409835833753615,0.8604468650963308,defined,0.040788592588701066,sensitivity_only
id:x%3A0x1.8000000000000p%2B2,325,7.0,4.9799999999999995,5.015096416624639,0.8604468650963308,defined,-0.040788592588701066,sensitivity_only
id:x%3A0x1.8000000000000p%2B2,326,7.018,4.99764,4.962543583375361,0.8604468650963308,defined,0.040788592588701066,sensitivity_only
id:x%3A0x1.8000000000000p%2B2,327,7.04,5.0192,5.054296416624639,0.8604468650963308,defined,-0.040788592588701066,sensitivity_only
id:x%3A0x1.8000000000000p%2B2,328,7.062,5.040760000000001,5.0056635833753615,0.8604468650963308,defined,0.040788592588701066,sensitivity_only
id:x%3A0x1.8000000000000p%2B2,329,7.084,5.06232,5.097416416624639,0.8604468650963308,defined,-0.040788592588701066,sensitivity_only
id:x%3A0x1.8000000000000p%2B2,330,7.106,5.08388,5.048783583375361,0.8604468650963308,defined,0.040788592588701066,sensitivity_only
id:x%3A0x1.8000000000000p%2B2,331,7.128,5.10544,5.140536416624639,0.8604468650963308,defined,-0.040788592588701066,sensitivity_only
id:x%3A0x1.8000000000000p%2B2,332,7.15,5.127,5.091903583375361,0.8604468650963308,defined,0.040788592588701066,sensitivity_only
id:x%3A0x1.8000000000000p%2B2,333,7.172,5.14856,5.183656416624639,0.8604468650963308,defined,-0.040788592588701066,sensitivity_only
id:x%3A0x1.8000000000000p%2B2,334,7.194,5.17012,5.135023583375361,0.8604468650963308,defined,0.040788592588701066,sensitivity_only
id:x%3A0x1.8000000000000p%2B2,335,7.216,5.19168,5.226776416624639,0.8604468650963308,defined,-0.040788592588701066,sensitivity_only
id:x%3A0x1.8000000000000p%2B2,336,7.238,5.21324,5.178143583375361,0.8604468650963308,defined,0.040788592588701066,sensitivity_only
id:x%3A0x1.8000000000000p%2B2,337,7.26,5.2348,5.269896416624639,0.8604468650963308,defined,-0.040788592588701066,sensitivity_only
id:x%3A0x1.8000000000000p%2B2,338,7.282,5.25636,5.221263583375361,0.8604468650963308,defined,0.040788592588701066,sensitivity_only
id:x%3A0x1.8000000000000p%2B2,339,7.304,5.27792,5.313016416624639,0.8604468650963308,defined,-0.040788592588701066,sensitivity_only
id:x%3A0x1.8000000000000p%2B2,340,7.326,5.299479999999999,5.26438358337536,0.8604468650963308,defined,0.040788592588701066,sensitivity_only
id:x%3A0x1.8000000000000p%2B2,341,7.348,5.32104,5.356136416624639,0.8604468650963308,defined,-0.040788592588701066,sensitivity_only
id:x%3A0x1.8000000000000p%2B2,342,7.37,5.3426,5.307503583375361,0.8604468650963308,defined,0.040788592588701066,sensitivity_only
id:x%3A0x1.8000000000000p%2B2,343,7.392,5.36416,5.399256416624639,0.8604468650963308,defined,-0.040788592588701066,sensitivity_only
id:x%3A0x1.8000000000000p%2B2,344,7.414,5.385719999999999,5.35062358337536,0.8604468650963308,defined,0.040788592588701066,sensitivity_only
id:x%3A0x1.8000000000000p%2B2,345,7.436,5.40728,5.442376416624639,0.8604468650963308,defined,-0.040788592588701066,sensitivity_only
id:x%3A0x1.8000000000000p%2B2,346,7.458,5.42884,5.393743583375361,0.8604468650963308,defined,0.040788592588701066,sensitivity_only
id:x%3A0x1.8000000000000p%2B2,347,7.48,5.4504,5.485496416624639,0.8604468650963308,defined,-0.040788592588701066,sensitivity_only
id:x%3A0x1.8000000000000p%2B2,348,7.502,5.471959999999999,5.427378065368701,1.0930000718791255,defined,0.040788592588701066,sensitivity_only
id:x%3A0x1.8000000000000p%2B2,349,7.524,5.49352,5.538101934631299,1.0930000718791255,defined,-0.040788592588701066,sensitivity_only
id:x%3A0x1.8000000000000p%2B2,350,7.546,5.51508,5.470498065368702,1.0930000718791255,defined,0.040788592588701066,sensitivity_only
id:x%3A0x1.8000000000000p%2B2,351,7.568,5.536639999999999,5.581221934631298,1.0930000718791255,defined,-0.040788592588701066,sensitivity_only
id:x%3A0x1.8000000000000p%2B2,352,7.59,5.558199999999999,5.513618065368701,1.0930000718791255,defined,0.040788592588701066,sensitivity_only
id:x%3A0x1.8000000000000p%2B2,353,7.612,5.57976,5.624341934631299,1.0930000718791255,defined,-0.040788592588701066,sensitivity_only
id:x%3A0x1.8000000000000p%2B2,354,7.634,5.60132,5.556738065368702,1.0930000718791255,defined,0.040788592588701066,sensitivity_only
id:x%3A0x1.8000000000000p%2B2,355,7.656,5.622879999999999,5.667461934631298,1.0930000718791255,defined,-0.040788592588701066,sensitivity_only
id:x%3A0x1.8000000000000p%2B2,356,7.678,5.6444399999999995,5.599858065368701,1.0930000718791255,defined,0.040788592588701066,sensitivity_only
id:x%3A0x1.8000000000000p%2B2,357,7.7,5.666,5.710581934631299,1.0930000718791255,defined,-0.040788592588701066,sensitivity_only
id:x%3A0x1.8000000000000p%2B2,358,7.722,5.6875599999999995,5.642978065368701,1.0930000718791255,defined,0.040788592588701066,sensitivity_only
id:x%3A0x1.8000000000000p%2B2,359,7.744,5.7091199999999995,5.753701934631298,1.0930000718791255,defined,-0.040788592588701066,sensitivity_only
id:x%3A0x1.8000000000000p%2B2,360,7.766,5.7306799999999996,5.686098065368701,1.0930000718791255,defined,0.040788592588701066,sensitivity_only
id:x%3A0x1.8000000000000p%2B2,361,7.788,5.7522400000000005,5.796821934631299,1.0930000718791255,defined,-0.040788592588701066,sensitivity_only
id:x%3A0x1.8000000000000p%2B2,362,7.81,5.7738,5.729218065368701,1.0930000718791255,defined,0.040788592588701066,sensitivity_only
id:x%3A0x1.8000000000000p%2B2,363,7.832,5.79536,5.839941934631298,1.0930000718791255,defined,-0.040788592588701066,sensitivity_only
id:x%3A0x1.8000000000000p%2B2,364,7.854,5.81692,5.772338065368701,1.0930000718791255,defined,0.040788592588701066,sensitivity_only
id:x%3A0x1.8000000000000p%2B2,365,7.876,5.838480000000001,5.883061934631299,1.0930000718791255,defined,-0.040788592588701066,sensitivity_only
id:x%3A0x1.8000000000000p%2B2,366,7.898,5.86004,5.815458065368701,1.0930000718791255,defined,0.040788592588701066,sensitivity_only
id:x%3A0x1.8000000000000p%2B2,367,7.92,5.8816,5.926181934631298,1.0930000718791255,defined,-0.040788592588701066,sensitivity_only
id:x%3A0x1.8000000000000p%2B2,368,7.942,5.90316,5.858578065368701,1.0930000718791255,defined,0.040788592588701066,sensitivity_only
id:x%3A0x1.8000000000000p%2B2,369,7.964,5.924720000000001,5.969301934631299,1.0930000718791255,defined,-0.040788592588701066,sensitivity_only
id:x%3A0x1.8000000000000p%2B2,370,7.986,5.94628,5.901698065368701,1.0930000718791255,defined,0.040788592588701066,sensitivity_only
id:x%3A0x1.8000000000000p%2B2,371,8.0,5.96,6.0045819346312985,1.0930000718791255,defined,-0.040788592588701066,sensitivity_only
id:x%3A0x1.8000000000000p%2B2,372,8.008,5.967839999999999,5.9232580653687,1.0930000718791255,defined,0.040788592588701066,sensitivity_only
id:x%3A0x1.8000000000000p%2B2,373,8.03,5.989399999999999,6.0339819346312975,1.0930000718791255,defined,-0.040788592588701066,sensitivity_only
id:x%3A0x1.8000000000000p%2B2,374,8.052,6.010959999999999,5.9663780653687,1.0930000718791255,defined,0.040788592588701066,sensitivity_only
id:x%3A0x1.8000000000000p%2B2,375,8.074,6.03252,6.077101934631298,1.0930000718791255,defined,-0.040788592588701066,sensitivity_only
id:x%3A0x1.8000000000000p%2B2,376,8.096,6.05408,6.009498065368701,1.0930000718791255,defined,0.040788592588701066,sensitivity_only
id:x%3A0x1.8000000000000p%2B2,377,8.118,6.07564,6.1202219346312985,1.0930000718791255,defined,-0.040788592588701066,sensitivity_only
id:x%3A0x1.8000000000000p%2B2,378,8.14,6.097200000000001,6.052618065368702,1.0930000718791255,defined,0.040788592588701066,sensitivity_only
id:x%3A0x1.8000000000000p%2B2,379,8.162,6.11876,6.1633419346312985,1.0930000718791255,defined,-0.040788592588701066,sensitivity_only
id:x%3A0x1.8000000000000p%2B2,380,8.184,6.140319999999999,6.0957380653687006,1.0930000718791255,defined,0.040788592588701066,sensitivity_only
id:x%3A0x1.8000000000000p%2B2,381,8.206,6.161879999999999,6.206461934631298,1.0930000718791255,defined,-0.040788592588701066,sensitivity_only
id:x%3A0x1.8000000000000p%2B2,382,8.228,6.183439999999999,6.138858065368701,1.0930000718791255,defined,0.040788592588701066,sensitivity_only
id:x%3A0x1.8000000000000p%2B2,383,8.25,6.205,6.249581934631299,1.0930000718791255,defined,-0.040788592588701066,sensitivity_only
id:x%3A0x1.8000000000000p%2B2,384,8.272,6.22656,6.1819780653687015,1.0930000718791255,defined,0.040788592588701066,sensitivity_only
id:x%3A0x1.8000000000000p%2B2,385,8.294,6.24812,6.292701934631299,1.0930000718791255,defined,-0.040788592588701066,sensitivity_only
id:x%3A0x1.8000000000000p%2B2,386,8.316,6.269680000000001,6.2250980653687025,1.0930000718791255,defined,0.040788592588701066,sensitivity_only
id:x%3A0x1.8000000000000p%2B2,387,8.338,6.291239999999998,6.335821934631297,1.0930000718791255,defined,-0.040788592588701066,sensitivity_only
id:x%3A0x1.8000000000000p%2B2,388,8.36,6.312799999999999,6.268218065368701,1.0930000718791255,defined,0.040788592588701066,sensitivity_only
id:x%3A0x1.8000000000000p%2B2,389,8.382,6.334359999999999,6.378941934631298,1.0930000718791255,defined,-0.040788592588701066,sensitivity_only
id:x%3A0x1.8000000000000p%2B2,390,8.404,6.355919999999999,6.311338065368701,1.0930000718791255,defined,0.040788592588701066,sensitivity_only
id:x%3A0x1.8000000000000p%2B2,391,8.426,6.37748,6.422061934631299,1.0930000718791255,defined,-0.040788592588701066,sensitivity_only
id:x%3A0x1.8000000000000p%2B2,392,8.448,6.39904,6.354458065368702,1.0930000718791255,defined,0.040788592588701066,sensitivity_only
id:x%3A0x1.8000000000000p%2B2,393,8.47,6.4206,6.465181934631299,1.0930000718791255,defined,-0.040788592588701066,sensitivity_only
id:x%3A0x1.8000000000000p%2B2,394,8.492,6.442160000000001,6.397578065368703,1.0930000718791255,defined,0.040788592588701066,sensitivity_only
id:x%3A0x1.8000000000000p%2B2,395,8.514,6.463719999999999,6.498816416624638,0.8604468650963308,defined,-0.040788592588701066,sensitivity_only
id:x%3A0x1.8000000000000p%2B2,396,8.536,6.4852799999999995,6.4501835833753605,0.8604468650963308,defined,0.040788592588701066,sensitivity_only
id:x%3A0x1.8000000000000p%2B2,397,8.558,6.5068399999999995,6.5419364166246385,0.8604468650963308,defined,-0.040788592588701066,sensitivity_only
id:x%3A0x1.8000000000000p%2B2,398,8.58,6.5283999999999995,6.4933035833753605,0.8604468650963308,defined,0.040788592588701066,sensitivity_only
id:x%3A0x1.8000000000000p%2B2,399,8.602,6.5499600000000004,6.5850564166246395,0.8604468650963308,defined,-0.040788592588701066,sensitivity_only
id:x%3A0x1.8000000000000p%2B2,400,8.624,6.5715200000000005,6.5364235833753614,0.8604468650963308,defined,0.040788592588701066,sensitivity_only
id:x%3A0x1.8000000000000p%2B2,401,8.646,6.5930800000000005,6.6281764166246395,0.8604468650963308,defined,-0.040788592588701066,sensitivity_only
id:x%3A0x1.8000000000000p%2B2,402,8.668,6.61464,6.579543583375361,0.8604468650963308,defined,0.040788592588701066,sensitivity_only
id:x%3A0x1.8000000000000p%2B2,403,8.69,6.636199999999999,6.671296416624638,0.8604468650963308,defined,-0.040788592588701066,sensitivity_only
id:x%3A0x1.8000000000000p%2B2,404,8.712,6.65776,6.622663583375361,0.8604468650963308,defined,0.040788592588701066,sensitivity_only
id:x%3A0x1.8000000000000p%2B2,405,8.734,6.67932,6.714416416624639,0.8604468650963308,defined,-0.040788592588701066,sensitivity_only
id:x%3A0x1.8000000000000p%2B2,406,8.756,6.70088,6.665783583375361,0.8604468650963308,defined,0.040788592588701066,sensitivity_only
id:x%3A0x1.8000000000000p%2B2,407,8.778,6.722440000000001,6.75753641662464,0.8604468650963308,defined,-0.040788592588701066,sensitivity_only
id:x%3A0x1.8000000000000p%2B2,408,8.8,6.744,6.708903583375361,0.8604468650963308,defined,0.040788592588701066,sensitivity_only
id:x%3A0x1.8000000000000p%2B2,409,8.822,6.765559999999999,6.800656416624638,0.8604468650963308,defined,-0.040788592588701066,sensitivity_only
id:x%3A0x1.8000000000000p%2B2,410,8.844,6.78712,6.752023583375361,0.8604468650963308,defined,0.040788592588701066,sensitivity_only
id:x%3A0x1.8000000000000p%2B2,411,8.866,6.808679999999999,6.843776416624638,0.8604468650963308,defined,-0.040788592588701066,sensitivity_only
id:x%3A0x1.8000000000000p%2B2,412,8.888,6.83024,6.795143583375361,0.8604468650963308,defined,0.040788592588701066,sensitivity_only
id:x%3A0x1.8000000000000p%2B2,413,8.91,6.8518,6.886896416624639,0.8604468650963308,defined,-0.040788592588701066,sensitivity_only
id:x%3A0x1.8000000000000p%2B2,414,8.932,6.87336,6.838263583375361,0.8604468650963308,defined,0.040788592588701066,sensitivity_only
id:x%3A0x1.8000000000000p%2B2,415,8.954,6.894920000000001,6.93001641662464,0.8604468650963308,defined,-0.040788592588701066,sensitivity_only
id:x%3A0x1.8000000000000p%2B2,416,8.976,6.91648,6.881383583375361,0.8604468650963308,defined,0.040788592588701066,sensitivity_only
id:x%3A0x1.8000000000000p%2B2,417,8.998,6.938039999999999,6.973136416624638,0.8604468650963308,defined,-0.040788592588701066,sensitivity_only
id:x%3A0x1.8000000000000p%2B2,418,9.0,6.9399999999999995,6.9049035833753605,0.8604468650963308,defined,0.040788592588701066,sensitivity_only
id:x%3A0x1.8000000000000p%2B2,419,9.02,6.959599999999999,6.994696416624638,0.8604468650963308,defined,-0.040788592588701066,sensitivity_only
id:x%3A0x1.8000000000000p%2B2,420,9.042,6.981159999999999,6.94606358337536,0.8604468650963308,defined,0.040788592588701066,sensitivity_only
id:x%3A0x1.8000000000000p%2B2,421,9.064,7.00272,7.037816416624639,0.8604468650963308,defined,-0.040788592588701066,sensitivity_only
id:x%3A0x1.8000000000000p%2B2,422,9.086,7.02428,6.989183583375361,0.8604468650963308,defined,0.040788592588701066,sensitivity_only
id:x%3A0x1.8000000000000p%2B2,423,9.108,7.04584,7.080936416624639,0.8604468650963308,defined,-0.040788592588701066,sensitivity_only
id:x%3A0x1.8000000000000p%2B2,424,9.13,7.067400000000001,7.032303583375362,0.8604468650963308,defined,0.040788592588701066,sensitivity_only
id:x%3A0x1.8000000000000p%2B2,425,9.152,7.088959999999998,7.124056416624637,0.8604468650963308,defined,-0.040788592588701066,sensitivity_only
id:x%3A0x1.8000000000000p%2B2,426,9.174,7.110519999999999,7.07542358337536,0.8604468650963308,defined,0.040788592588701066,sensitivity_only
id:x%3A0x1.8000000000000p%2B2,427,9.196,7.132079999999999,7.167176416624638,0.8604468650963308,defined,-0.040788592588701066,sensitivity_only
id:x%3A0x1.8000000000000p%2B2,428,9.218,7.153639999999999,7.11854358337536,0.8604468650963308,defined,0.040788592588701066,sensitivity_only
id:x%3A0x1.8000000000000p%2B2,429,9.24,7.1752,7.210296416624639,0.8604468650963308,defined,-0.040788592588701066,sensitivity_only
id:x%3A0x1.8000000000000p%2B2,430,9.262,7.19676,7.161663583375361,0.8604468650963308,defined,0.040788592588701066,sensitivity_only
id:x%3A0x1.8000000000000p%2B2,431,9.284,7.21832,7.253416416624639,0.8604468650963308,defined,-0.040788592588701066,sensitivity_only
id:x%3A0x1.8000000000000p%2B2,432,9.306,7.239879999999999,7.20478358337536,0.8604468650963308,defined,0.040788592588701066,sensitivity_only
id:x%3A0x1.8000000000000p%2B2,433,9.328,7.261439999999999,7.296536416624638,0.8604468650963308,defined,-0.040788592588701066,sensitivity_only
id:x%3A0x1.8000000000000p%2B2,434,9.35,7.2829999999999995,7.2479035833753604,0.8604468650963308,defined,0.040788592588701066,sensitivity_only
id:x%3A0x1.8000000000000p%2B2,435,9.372,7.3045599999999995,7.3396564166246385,0.8604468650963308,defined,-0.040788592588701066,sensitivity_only
id:x%3A0x1.8000000000000p%2B2,436,9.394,7.3261199999999995,7.2910235833753605,0.8604468650963308,defined,0.040788592588701066,sensitivity_only
id:x%3A0x1.8000000000000p%2B2,437,9.416,7.34768,7.3827764166246395,0.8604468650963308,defined,-0.040788592588701066,sensitivity_only
id:x%3A0x1.8000000000000p%2B2,438,9.438,7.3692400000000005,7.334143583375361,0.8604468650963308,defined,0.040788592588701066,sensitivity_only
id:x%3A0x1.8000000000000p%2B2,439,9.46,7.3908000000000005,7.4258964166246395,0.8604468650963308,defined,-0.040788592588701066,sensitivity_only
id:x%3A0x1.8000000000000p%2B2,440,9.482,7.41236,7.377263583375361,0.8604468650963308,defined,0.040788592588701066,sensitivity_only
id:x%3A0x1.8000000000000p%2B2,441,9.504,7.433919999999999,7.4585823468173125,0.6046383376352611,defined,-0.040788592588701066,sensitivity_only
id:x%3A0x1.8000000000000p%2B2,442,9.526,7.45548,7.430817653182686,0.6046383376352611,defined,0.040788592588701066,sensitivity_only
id:x%3A0x1.8000000000000p%2B2,443,9.548,7.47704,7.501702346817313,0.6046383376352611,defined,-0.040788592588701066,sensitivity_only
id:x%3A0x1.8000000000000p%2B2,444,9.57,7.4986,7.473937653182686,0.6046383376352611,defined,0.040788592588701066,sensitivity_only
id:x%3A0x1.8000000000000p%2B2,445,9.592,7.520160000000001,7.544822346817314,0.6046383376352611,defined,-0.040788592588701066,sensitivity_only
id:x%3A0x1.8000000000000p%2B2,446,9.614,7.541720000000001,7.517057653182687,0.6046383376352611,defined,0.040788592588701066,sensitivity_only
id:x%3A0x1.8000000000000p%2B2,447,9.636,7.563279999999999,7.587942346817313,0.6046383376352611,defined,-0.040788592588701066,sensitivity_only
id:x%3A0x1.8000000000000p%2B2,448,9.658,7.584839999999999,7.560177653182685,0.6046383376352611,defined,0.040788592588701066,sensitivity_only
id:x%3A0x1.8000000000000p%2B2,449,9.68,7.6064,7.6310623468173135,0.6046383376352611,defined,-0.040788592588701066,sensitivity_only
id:x%3A0x1.8000000000000p%2B2,450,9.702,7.62796,7.603297653182686,0.6046383376352611,defined,0.040788592588701066,sensitivity_only
id:x%3A0x1.8000000000000p%2B2,451,9.724,7.64952,7.674182346817314,0.6046383376352611,defined,-0.040788592588701066,sensitivity_only
id:x%3A0x1.8000000000000p%2B2,452,9.746,7.67108,7.646417653182686,0.6046383376352611,defined,0.040788592588701066,sensitivity_only
id:x%3A0x1.8000000000000p%2B2,453,9.768,7.692640000000001,7.7173023468173145,0.6046383376352611,defined,-0.040788592588701066,sensitivity_only
id:x%3A0x1.8000000000000p%2B2,454,9.79,7.714199999999999,7.689537653182685,0.6046383376352611,defined,0.040788592588701066,sensitivity_only
id:x%3A0x1.8000000000000p%2B2,455,9.812,7.735759999999999,7.760422346817313,0.6046383376352611,defined,-0.040788592588701066,sensitivity_only
id:x%3A0x1.8000000000000p%2B2,456,9.834,7.757319999999999,7.732657653182685,0.6046383376352611,defined,0.040788592588701066,sensitivity_only
id:x%3A0x1.8000000000000p%2B2,457,9.856,7.77888,7.803542346817314,0.6046383376352611,defined,-0.040788592588701066,sensitivity_only
id:x%3A0x1.8000000000000p%2B2,458,9.878,7.80044,7.775777653182686,0.6046383376352611,defined,0.040788592588701066,sensitivity_only
id:x%3A0x1.8000000000000p%2B2,459,9.9,7.822,7.846662346817314,0.6046383376352611,defined,-0.040788592588701066,sensitivity_only
id:x%3A0x1.8000000000000p%2B2,460,9.922,7.84356,7.818897653182686,0.6046383376352611,defined,0.040788592588701066,sensitivity_only
id:x%3A0x1.8000000000000p%2B2,461,9.944,7.86512,7.889782346817314,0.6046383376352611,defined,-0.040788592588701066,sensitivity_only
id:x%3A0x1.8000000000000p%2B2,462,9.966,7.886679999999999,7.8620176531826855,0.6046383376352611,defined,0.040788592588701066,sensitivity_only
id:x%3A0x1.8000000000000p%2B2,463,9.988,7.908239999999999,7.932902346817313,0.6046383376352611,defined,-0.040788592588701066,sensitivity_only
id:x%3A0x1.8000000000000p%2B2,464,10.0,7.92,7.895337653182686,0.6046383376352611,defined,0.040788592588701066,sensitivity_only
id:x%3A0x1.8000000000000p%2B2,465,10.01,7.929799999999999,7.954462346817313,0.6046383376352611,defined,-0.040788592588701066,sensitivity_only
id:x%3A0x1.8000000000000p%2B2,466,10.032,7.951359999999999,7.926697653182686,0.6046383376352611,defined,0.040788592588701066,sensitivity_only
id:x%3A0x1.8000000000000p%2B2,467,10.054,7.97292,7.997582346817314,0.6046383376352611,defined,-0.040788592588701066,sensitivity_only
id:x%3A0x1.8000000000000p%2B2,468,10.076,7.99448,7.9698176531826865,0.6046383376352611,defined,0.040788592588701066,sensitivity_only
id:x%3A0x1.8000000000000p%2B2,469,10.098,8.01604,8.040702346817314,0.6046383376352611,defined,-0.040788592588701066,sensitivity_only
id:x%3A0x1.8000000000000p%2B2,470,10.12,8.037599999999998,8.012937653182684,0.6046383376352611,defined,0.040788592588701066,sensitivity_only
id:x%3A0x1.8000000000000p%2B2,471,10.142,8.059159999999999,8.083822346817312,0.6046383376352611,defined,-0.040788592588701066,sensitivity_only
id:x%3A0x1.8000000000000p%2B2,472,10.164,8.08072,8.056057653182686,0.6046383376352611,defined,0.040788592588701066,sensitivity_only
id:x%3A0x1.8000000000000p%2B2,473,10.186,8.10228,8.126942346817314,0.6046383376352611,defined,-0.040788592588701066,sensitivity_only
id:x%3A0x1.8000000000000p%2B2,474,10.208,8.12384,8.099177653182686,0.6046383376352611,defined,0.040788592588701066,sensitivity_only
id:x%3A0x1.8000000000000p%2B2,475,10.23,8.1454,8.170062346817314,0.6046383376352611,defined,-0.040788592588701066,sensitivity_only
id:x%3A0x1.8000000000000p%2B2,476,10.252,8.16696,8.142297653182686,0.6046383376352611,defined,0.040788592588701066,sensitivity_only
id:x%3A0x1.8000000000000p%2B2,477,10.274,8.188519999999999,8.213182346817312,0.6046383376352611,defined,-0.040788592588701066,sensitivity_only
id:x%3A0x1.8000000000000p%2B2,478,10.296,8.210079999999998,8.185417653182684,0.6046383376352611,defined,0.040788592588701066,sensitivity_only
id:x%3A0x1.8000000000000p%2B2,479,10.318,8.231639999999999,8.256302346817312,0.6046383376352611,defined,-0.040788592588701066,sensitivity_only
id:x%3A0x1.8000000000000p%2B2,480,10.34,8.2532,8.228537653182686,0.6046383376352611,defined,0.040788592588701066,sensitivity_only
id:x%3A0x1.8000000000000p%2B2,481,10.362,8.27476,8.299422346817314,0.6046383376352611,defined,-0.040788592588701066,sensitivity_only
id:x%3A0x1.8000000000000p%2B2,482,10.384,8.29632,8.271657653182686,0.6046383376352611,defined,0.040788592588701066,sensitivity_only
id:x%3A0x1.8000000000000p%2B2,483,10.406,8.31788,8.342542346817314,0.6046383376352611,defined,-0.040788592588701066,sensitivity_only
id:x%3A0x1.8000000000000p%2B2,484,10.428,8.33944,8.314777653182686,0.6046383376352611,defined,0.040788592588701066,sensitivity_only
id:x%3A0x1.8000000000000p%2B2,485,10.45,8.360999999999999,8.385662346817313,0.6046383376352611,defined,-0.040788592588701066,sensitivity_only
id:x%3A0x1.8000000000000p%2B2,486,10.472,8.382559999999998,8.357897653182684,0.6046383376352611,defined,0.040788592588701066,sensitivity_only
id:x%3A0x1.8000000000000p%2B2,487,10.494,8.404119999999999,8.428782346817313,0.6046383376352611,defined,-0.040788592588701066,sensitivity_only
id:x%3A0x1.8000000000000p%2B2,488,10.516,8.42568,8.400608171241556,0.6146774665960905,defined,0.040788592588701066,sensitivity_only
id:x%3A0x1.8000000000000p%2B2,489,10.538,8.44724,8.472311828758444,0.6146774665960905,defined,-0.040788592588701066,sensitivity_only
id:x%3A0x1.8000000000000p%2B2,490,10.56,8.4688,8.443728171241556,0.6146774665960905,defined,0.040788592588701066,sensitivity_only
id:x%3A0x1.8000000000000p%2B2,491,10.582,8.49036,8.515431828758445,0.6146774665960905,defined,-0.040788592588701066,sensitivity_only
id:x%3A0x1.8000000000000p%2B2,492,10.604,8.51192,8.486848171241556,0.6146774665960905,defined,0.040788592588701066,sensitivity_only
id:x%3A0x1.8000000000000p%2B2,493,10.626,8.533479999999999,8.558551828758443,0.6146774665960905,defined,-0.040788592588701066,sensitivity_only
id:x%3A0x1.8000000000000p%2B2,494,10.648,8.555039999999998,8.529968171241554,0.6146774665960905,defined,0.040788592588701066,sensitivity_only
id:x%3A0x1.8000000000000p%2B2,495,10.67,8.5766,8.601671828758443,0.6146774665960905,defined,-0.040788592588701066,sensitivity_only
id:x%3A0x1.8000000000000p%2B2,496,10.692,8.59816,8.573088171241556,0.6146774665960905,defined,0.040788592588701066,sensitivity_only
id:x%3A0x1.8000000000000p%2B2,497,10.714,8.619720000000001,8.644791828758445,0.6146774665960905,defined,-0.040788592588701066,sensitivity_only
id:x%3A0x1.8000000000000p%2B2,498,10.736,8.64128,8.616208171241556,0.6146774665960905,defined,0.040788592588701066,sensitivity_only
id:x%3A0x1.8000000000000p%2B2,499,10.758,8.66284,8.687911828758443,0.6146774665960905,defined,-0.040788592588701066,sensitivity_only
id:x%3A0x1.8000000000000p%2B2,500,10.78,8.6844,8.659328171241556,0.6146774665960905,defined,0.040788592588701066,sensitivity_only
id:x%3A0x1.8000000000000p%2B2,501,10.802,8.70596,8.731031828758443,0.6146774665960905,defined,-0.040788592588701066,sensitivity_only
id:x%3A0x1.8000000000000p%2B2,502,10.824,8.727519999999998,8.702448171241555,0.6146774665960905,defined,0.040788592588701066,sensitivity_only
id:x%3A0x1.8000000000000p%2B2,503,10.846,8.74908,8.774151828758443,0.6146774665960905,defined,-0.040788592588701066,sensitivity_only
id:x%3A0x1.8000000000000p%2B2,504,10.868,8.77064,8.745568171241556,0.6146774665960905,defined,0.040788592588701066,sensitivity_only
id:x%3A0x1.8000000000000p%2B2,505,10.89,8.792200000000001,8.817271828758445,0.6146774665960905,defined,-0.040788592588701066,sensitivity_only
id:x%3A0x1.8000000000000p%2B2,506,10.912,8.81376,8.788688171241557,0.6146774665960905,defined,0.040788592588701066,sensitivity_only
id:x%3A0x1.8000000000000p%2B2,507,10.934,8.83532,8.860391828758443,0.6146774665960905,defined,-0.040788592588701066,sensitivity_only
id:x%3A0x1.8000000000000p%2B2,508,10.956,8.85688,8.831808171241557,0.6146774665960905,defined,0.040788592588701066,sensitivity_only
id:x%3A0x1.8000000000000p%2B2,509,10.978,8.87844,8.903511828758443,0.6146774665960905,defined,-0.040788592588701066,sensitivity_only
id:x%3A0x1.8000000000000p%2B2,510,11.0,8.899999999999999,8.874928171241555,0.6146774665960905,defined,0.040788592588701066,sensitivity_only
id:x%3A0x1.c000000000000p%2B2,0,0.0,1.75,1.694317173732319,0.6516075414303091,defined,0.08545454545454545,sensitivity_only
id:x%3A0x1.c000000000000p%2B2,1,0.022,1.75704,1.7847994058477983,0.6516075414303091,defined,-0.042601418925976665,sensitivity_only
id:x%3A0x1.c000000000000p%2B2,2,0.044,1.76408,1.7363205941522017,0.6516075414303091,defined,0.042601418925976665,sensitivity_only
id:x%3A0x1.c000000000000p%2B2,3,0.066,1.77112,1.7988794058477984,0.6516075414303091,defined,-0.042601418925976665,sensitivity_only
id:x%3A0x1.c000000000000p%2B2,4,0.088,1.77816,1.7504005941522016,0.6516075414303091,defined,0.042601418925976665,sensitivity_only
id:x%3A0x1.c000000000000p%2B2,5,0.11,1.7852,1.8129594058477982,0.6516075414303091,defined,-0.042601418925976665,sensitivity_only
id:x%3A0x1.c000000000000p%2B2,6,0.132,1.79224,1.7644805941522017,0.6516075414303091,defined,0.042601418925976665,sensitivity_only
id:x%3A0x1.c000000000000p%2B2,7,0.154,1.79928,1.8270394058477983,0.6516075414303091,defined,-0.042601418925976665,sensitivity_only
id:x%3A0x1.c000000000000p%2B2,8,0.176,1.80632,1.7785605941522016,0.6516075414303091,defined,0.042601418925976665,sensitivity_only
id:x%3A0x1.c000000000000p%2B2,9,0.198,1.81336,1.8411194058477984,0.6516075414303091,defined,-0.042601418925976665,sensitivity_only
id:x%3A0x1.c000000000000p%2B2,10,0.22,1.8204,1.7926405941522017,0.6516075414303091,defined,0.042601418925976665,sensitivity_only
id:x%3A0x1.c000000000000p%2B2,11,0.242,1.82744,1.8551994058477983,0.6516075414303091,defined,-0.042601418925976665,sensitivity_only
id:x%3A0x1.c000000000000p%2B2,12,0.264,1.83448,1.8067205941522018,0.6516075414303091,defined,0.042601418925976665,sensitivity_only
id:x%3A0x1.c000000000000p%2B2,13,0.286,1.84152,1.8692794058477984,0.6516075414303091,defined,-0.042601418925976665,sensitivity_only
id:x%3A0x1.c000000000000p%2B2,14,0.308,1.84856,1.8208005941522016,0.6516075414303091,defined,0.042601418925976665,sensitivity_only
id:x%3A0x1.c000000000000p%2B2,15,0.33,1.8556,1.8833594058477983,0.6516075414303091,defined,-0.042601418925976665,sensitivity_only
id:x%3A0x1.c000000000000p%2B2,16,0.352,1.86264,1.8348805941522017,0.6516075414303091,defined,0.042601418925976665,sensitivity_only
id:x%3A0x1.c000000000000p%2B2,17,0.374,1.86968,1.8974394058477984,0.6516075414303091,defined,-0.042601418925976665,sensitivity_only
id:x%3A0x1.c000000000000p%2B2,18,0.396,1.87672,1.8489605941522016,0.6516075414303091,defined,0.042601418925976665,sensitivity_only
id:x%3A0x1.c000000000000p%2B2,19,0.418,1.88376,1.9115194058477984,0.6516075414303091,defined,-0.042601418925976665,sensitivity_only
id:x%3A0x1.c000000000000p%2B2,20,0.44,1.8908,1.8630405941522017,0.6516075414303091,defined,0.042601418925976665,sensitivity_only
id:x%3A0x1.c000000000000p%2B2,21,0.462,1.89784,1.9255994058477983,0.6516075414303091,defined,-0.042601418925976665,sensitivity_only
id:x%3A0x1.c000000000000p%2B2,22,0.484,1.90488,1.8771205941522016,0.6516075414303091,defined,0.042601418925976665,sensitivity_only
id:x%3A0x1.c000000000000p%2B2,23,0.506,1.91192,1.9420427384546706,0.7070829848886273,defined,-0.042601418925976665,sensitivity_only
id:x%3A0x1.c000000000000p%2B2,24,0.528,1.91896,1.8888372615453295,0.7070829848886273,defined,0.042601418925976665,sensitivity_only
id:x%3A0x1.c000000000000p%2B2,25,0.55,1.926,1.9561227384546704,0.7070829848886273,defined,-0.042601418925976665,sensitivity_only
id:x%3A0x1.c000000000000p%2B2,26,0.572,1.93304,1.9029172615453296,0.7070829848886273,defined,0.042601418925976665,sensitivity_only
id:x%3A0x1.c000000000000p%2B2,27,0.594,1.94008,1.9702027384546705,0.7070829848886273,defined,-0.042601418925976665,sensitivity_only
id:x%3A0x1.c000000000000p%2B2,28,0.616,1.94712,1.9169972615453295,0.7070829848886273,defined,0.042601418925976665,sensitivity_only
id:x%3A0x1.c000000000000p%2B2,29,0.638,1.95416,1.9842827384546704,0.7070829848886273,defined,-0.042601418925976665,sensitivity_only
id:x%3A0x1.c000000000000p%2B2,30,0.66,1.9612,1.9310772615453295,0.7070829848886273,defined,0.042601418925976665,sensitivity_only
id:x%3A0x1.c000000000000p%2B2,31,0.682,1.96824,1.9983627384546705,0.7070829848886273,defined,-0.042601418925976665,sensitivity_only
id:x%3A0x1.c000000000000p%2B2,32,0.704,1.97528,1.9451572615453294,0.7070829848886273,defined,0.042601418925976665,sensitivity_only
id:x%3A0x1.c000000000000p%2B2,33,0.726,1.98232,2.0124427384546704,0.7070829848886273,defined,-0.042601418925976665,sensitivity_only
id:x%3A0x1.c000000000000p%2B2,34,0.748,1.98936,1.9592372615453295,0.7070829848886273,defined,0.042601418925976665,sensitivity_only
id:x%3A0x1.c000000000000p%2B2,35,0.77,1.9964,2.0265227384546702,0.7070829848886273,defined,-0.042601418925976665,sensitivity_only
id:x%3A0x1.c000000000000p%2B2,36,0.792,2.00344,1.9733172615453294,0.7070829848886273,defined,0.042601418925976665,sensitivity_only
id:x%3A0x1.c000000000000p%2B2,37,0.814,2.01048,2.04060273845467,0.7070829848886273,defined,-0.042601418925976665,sensitivity_only
id:x%3A0x1.c000000000000p%2B2,38,0.836,2.01752,1.9873972615453297,0.7070829848886273,defined,0.042601418925976665,sensitivity_only
id:x%3A0x1.c000000000000p%2B2,39,0.858,2.02456,2.0546827384546704,0.7070829848886273,defined,-0.042601418925976665,sensitivity_only
id:x%3A0x1.c000000000000p%2B2,40,0.88,2.0316,2.00147726154533,0.7070829848886273,defined,0.042601418925976665,sensitivity_only
id:x%3A0x1.c000000000000p%2B2,41,0.902,2.03864,2.0687627384546703,0.7070829848886273,defined,-0.042601418925976665,sensitivity_only
id:x%3A0x1.c000000000000p%2B2,42,0.924,2.04568,2.0155572615453297,0.7070829848886273,defined,0.042601418925976665,sensitivity_only
id:x%3A0x1.c000000000000p%2B2,43,0.946,2.05272,2.08284273845467,0.7070829848886273,defined,-0.042601418925976665,sensitivity_only
id:x%3A0x1.c000000000000p%2B2,44,0.968,2.05976,2.0296372615453295,0.7070829848886273,defined,0.042601418925976665,sensitivity_only
id:x%3A0x1.c000000000000p%2B2,45,0.99,2.0668,2.0969227384546705,0.7070829848886273,defined,-0.042601418925976665,sensitivity_only
id:x%3A0x1.c000000000000p%2B2,46,1.0,2.07,2.0398772615453296,0.7070829848886273,defined,0.042601418925976665,sensitivity_only
id:x%3A0x1.c000000000000p%2B2,47,1.012,2.07384,2.1039627384546704,0.7070829848886273,defined,-0.042601418925976665,sensitivity_only
id:x%3A0x1.c000000000000p%2B2,48,1.034,2.08088,2.05075726154533,0.7070829848886273,defined,0.042601418925976665,sensitivity_only
id:x%3A0x1.c000000000000p%2B2,49,1.056,2.08792,2.1180427384546703,0.7070829848886273,defined,-0.042601418925976665,sensitivity_only
id:x%3A0x1.c000000000000p%2B2,50,1.078,2.09496,2.0648372615453296,0.7070829848886273,defined,0.042601418925976665,sensitivity_only
id:x%3A0x1.c000000000000p%2B2,51,1.1,2.102,2.13212273845467,0.7070829848886273,defined,-0.042601418925976665,sensitivity_only
id:x%3A0x1.c000000000000p%2B2,52,1.122,2.1090400000000002,2.07891726154533,0.7070829848886273,defined,0.042601418925976665,sensitivity_only
id:x%3A0x1.c000000000000p%2B2,53,1.144,2.11608,2.1462027384546705,0.7070829848886273,defined,-0.042601418925976665,sensitivity_only
id:x%3A0x1.c000000000000p%2B2,54,1.166,2.12312,2.09299726154533,0.7070829848886273,defined,0.042601418925976665,sensitivity_only
id:x%3A0x1.c000000000000p%2B2,55,1.188,2.13016,2.1602827384546703,0.7070829848886273,defined,-0.042601418925976665,sensitivity_only
id:x%3A0x1.c000000000000p%2B2,56,1.21,2.1372,2.1070772615453297,0.7070829848886273,defined,0.042601418925976665,sensitivity_only
id:x%3A0x1.c000000000000p%2B2,57,1.232,2.14424,2.17436273845467,0.7070829848886273,defined,-0.042601418925976665,sensitivity_only
id:x%3A0x1.c000000000000p%2B2,58,1.254,2.15128,2.1211572615453296,0.7070829848886273,defined,0.042601418925976665,sensitivity_only
id:x%3A0x1.c000000000000p%2B2,59,1.276,2.15832,2.18844273845467,0.7070829848886273,defined,-0.042601418925976665,sensitivity_only
id:x%3A0x1.c000000000000p%2B2,60,1.298,2.16536,2.13523726154533,0.7070829848886273,defined,0.042601418925976665,sensitivity_only
id:x%3A0x1.c000000000000p%2B2,61,1.32,2.1724,2.2025227384546704,0.7070829848886273,defined,-0.042601418925976665,sensitivity_only
id:x%3A0x1.c000000000000p%2B2,62,1.342,2.17944,2.1493172615453298,0.7070829848886273,defined,0.042601418925976665,sensitivity_only
id:x%3A0x1.c000000000000p%2B2,63,1.364,2.18648,2.2166027384546703,0.7070829848886273,defined,-0.042601418925976665,sensitivity_only
id:x%3A0x1.c000000000000p%2B2,64,1.386,2.19352,2.1633972615453296,0.7070829848886273,defined,0.042601418925976665,sensitivity_only
id:x%3A0x1.c000000000000p%2B2,65,1.408,2.20056,2.23068273845467,0.7070829848886273,defined,-0.042601418925976665,sensitivity_only
id:x%3A0x1.c000000000000p%2B2,66,1.43,2.2076000000000002,2.17747726154533,0.7070829848886273,defined,0.042601418925976665,sensitivity_only
id:x%3A0x1.c000000000000p%2B2,67,1.452,2.21464,2.2447627384546704,0.7070829848886273,defined,-0.042601418925976665,sensitivity_only
id:x%3A0x1.c000000000000p%2B2,68,1.474,2.22168,2.19155726154533,0.7070829848886273,defined,0.042601418925976665,sensitivity_only
id:x%3A0x1.c000000000000p%2B2,69,1.496,2.22872,2.2588427384546703,0.7070829848886273,defined,-0.042601418925976665,sensitivity_only
id:x%3A0x1.c000000000000p%2B2,70,1.518,2.23576,2.202051221253107,0.7912595307087035,defined,0.042601418925976665,sensitivity_only
id:x%3A0x1.c000000000000p%2B2,71,1.54,2.2428,2.276508778746893,0.7912595307087035,defined,-0.042601418925976665,sensitivity_only
id:x%3A0x1.c000000000000p%2B2,72,1.562,2.24984,2.216131221253107,0.7912595307087035,defined,0.042601418925976665,sensitivity_only
id:x%3A0x1.c000000000000p%2B2,73,1.584,2.2568799999999998,2.290588778746893,0.7912595307087035,defined,-0.042601418925976665,sensitivity_only
id:x%3A0x1.c000000000000p%2B2,74,1.606,2.26392,2.230211221253107,0.7912595307087035,defined,0.042601418925976665,sensitivity_only
id:x%3A0x1.c000000000000p%2B2,75,1.628,2.27096,2.304668778746893,0.7912595307087035,defined,-0.042601418925976665,sensitivity_only
id:x%3A0x1.c000000000000p%2B2,76,1.65,2.278,2.244291221253107,0.7912595307087035,defined,0.042601418925976665,sensitivity_only
id:x%3A0x1.c000000000000p%2B2,77,1.672,2.28504,2.318748778746893,0.7912595307087035,defined,-0.042601418925976665,sensitivity_only
id:x%3A0x1.c000000000000p%2B2,78,1.694,2.29208,2.258371221253107,0.7912595307087035,defined,0.042601418925976665,sensitivity_only
id:x%3A0x1.c000000000000p%2B2,79,1.716,2.2991200000000003,2.3328287787468933,0.7912595307087035,defined,-0.042601418925976665,sensitivity_only
id:x%3A0x1.c000000000000p%2B2,80,1.738,2.30616,2.272451221253107,0.7912595307087035,defined,0.042601418925976665,sensitivity_only
id:x%3A0x1.c000000000000p%2B2,81,1.76,2.3132,2.346908778746893,0.7912595307087035,defined,-0.042601418925976665,sensitivity_only
id:x%3A0x1.c000000000000p%2B2,82,1.782,2.32024,2.286531221253107,0.7912595307087035,defined,0.042601418925976665,sensitivity_only
id:x%3A0x1.c000000000000p%2B2,83,1.804,2.32728,2.360988778746893,0.7912595307087035,defined,-0.042601418925976665,sensitivity_only
id:x%3A0x1.c000000000000p%2B2,84,1.826,2.33432,2.300611221253107,0.7912595307087035,defined,0.042601418925976665,sensitivity_only
id:x%3A0x1.c000000000000p%2B2,85,1.848,2.34136,2.375068778746893,0.7912595307087035,defined,-0.042601418925976665,sensitivity_only
id:x%3A0x1.c000000000000p%2B2,86,1.87,2.3484,2.314691221253107,0.7912595307087035,defined,0.042601418925976665,sensitivity_only
id:x%3A0x1.c000000000000p%2B2,87,1.892,2.3554399999999998,2.389148778746893,0.7912595307087035,defined,-0.042601418925976665,sensitivity_only
id:x%3A0x1.c000000000000p%2B2,88,1.914,2.36248,2.328771221253107,0.7912595307087035,defined,0.042601418925976665,sensitivity_only
id:x%3A0x1.c000000000000p%2B2,89,1.936,2.36952,2.403228778746893,0.7912595307087035,defined,-0.042601418925976665,sensitivity_only
id:x%3A0x1.c000000000000p%2B2,90,1.958,2.37656,2.342851221253107,0.7912595307087035,defined,0.042601418925976665,sensitivity_only
id:x%3A0x1.c000000000000p%2B2,91,1.98,2.3836,2.417308778746893,0.7912595307087035,defined,-0.042601418925976665,sensitivity_only
id:x%3A0x1.c000000000000p%2B2,92,2.0,2.39,2.356291221253107,0.7912595307087035,defined,0.042601418925976665,sensitivity_only
id:x%3A0x1.c000000000000p%2B2,93,2.002,2.39064,2.424348778746893,0.7912595307087035,defined,-0.042601418925976665,sensitivity_only
id:x%3A0x1.c000000000000p%2B2,94,2.024,2.3976800000000003,2.363971221253107,0.7912595307087035,defined,0.042601418925976665,sensitivity_only
id:x%3A0x1.c000000000000p%2B2,95,2.046,2.40472,2.4384287787468932,0.7912595307087035,defined,-0.042601418925976665,sensitivity_only
id:x%3A0x1.c000000000000p%2B2,96,2.068,2.41176,2.378051221253107,0.7912595307087035,defined,0.042601418925976665,sensitivity_only
id:x%3A0x1.c000000000000p%2B2,97,2.09,2.4188,2.452508778746893,0.7912595307087035,defined,-0.042601418925976665,sensitivity_only
id:x%3A0x1.c000000000000p%2B2,98,2.112,2.42584,2.392131221253107,0.7912595307087035,defined,0.042601418925976665,sensitivity_only
id:x%3A0x1.c000000000000p%2B2,99,2.134,2.43288,2.466588778746893,0.7912595307087035,defined,-0.042601418925976665,sensitivity_only
id:x%3A0x1.c000000000000p%2B2,100,2.156,2.43992,2.406211221253107,0.7912595307087035,defined,0.042601418925976665,sensitivity_only
id:x%3A0x1.c000000000000p%2B2,101,2.178,2.44696,2.480668778746893,0.7912595307087035,defined,-0.042601418925976665,sensitivity_only
id:x%3A0x1.c000000000000p%2B2,102,2.2,2.454,2.420291221253107,0.7912595307087035,defined,0.042601418925976665,sensitivity_only
id:x%3A0x1.c000000000000p%2B2,103,2.222,2.46104,2.494748778746893,0.7912595307087035,defined,-0.042601418925976665,sensitivity_only
id:x%3A0x1.c000000000000p%2B2,104,2.244,2.46808,2.434371221253107,0.7912595307087035,defined,0.042601418925976665,sensitivity_only
id:x%3A0x1.c000000000000p%2B2,105,2.266,2.47512,2.508828778746893,0.7912595307087035,defined,-0.042601418925976665,sensitivity_only
id:x%3A0x1.c000000000000p%2B2,106,2.288,2.48216,2.448451221253107,0.7912595307087035,defined,0.042601418925976665,sensitivity_only
id:x%3A0x1.c000000000000p%2B2,107,2.31,2.4892000000000003,2.5229087787468933,0.7912595307087035,defined,-0.042601418925976665,sensitivity_only
id:x%3A0x1.c000000000000p%2B2,108,2.332,2.4962400000000002,2.462531221253107,0.7912595307087035,defined,0.042601418925976665,sensitivity_only
id:x%3A0x1.c000000000000p%2B2,109,2.354,2.50328,2.536988778746893,0.7912595307087035,defined,-0.042601418925976665,sensitivity_only
id:x%3A0x1.c000000000000p%2B2,110,2.376,2.51032,2.476611221253107,0.7912595307087035,defined,0.042601418925976665,sensitivity_only
id:x%3A0x1.c000000000000p%2B2,111,2.398,2.51736,2.551068778746893,0.7912595307087035,defined,-0.042601418925976665,sensitivity_only
id:x%3A0x1.c000000000000p%2B2,112,2.42,2.5244,2.490691221253107,0.7912595307087035,defined,0.042601418925976665,sensitivity_only
id:x%3A0x1.c000000000000p%2B2,113,2.442,2.53144,2.565148778746893,0.7912595307087035,defined,-0.042601418925976665,sensitivity_only
id:x%3A0x1.c000000000000p%2B2,114,2.464,2.53848,2.504771221253107,0.7912595307087035,defined,0.042601418925976665,sensitivity_only
id:x%3A0x1.c000000000000p%2B2,115,2.486,2.5455200000000002,2.5792287787468933,0.7912595307087035,defined,-0.042601418925976665,sensitivity_only
id:x%3A0x1.c000000000000p%2B2,116,2.508,2.55256,2.516487888646235,0.8467349741670217,defined,0.042601418925976665,sensitivity_only
id:x%3A0x1.c000000000000p%2B2,117,2.53,2.5596,2.5956721113537653,0.8467349741670217,defined,-0.042601418925976665,sensitivity_only
id:x%3A0x1.c000000000000p%2B2,118,2.552,2.56664,2.530567888646235,0.8467349741670217,defined,0.042601418925976665,sensitivity_only
id:x%3A0x1.c000000000000p%2B2,119,2.574,2.57368,2.609752111353765,0.8467349741670217,defined,-0.042601418925976665,sensitivity_only
id:x%3A0x1.c000000000000p%2B2,120,2.596,2.58072,2.5446478886462347,0.8467349741670217,defined,0.042601418925976665,sensitivity_only
id:x%3A0x1.c000000000000p%2B2,121,2.618,2.58776,2.623832111353765,0.8467349741670217,defined,-0.042601418925976665,sensitivity_only
id:x%3A0x1.c000000000000p%2B2,122,2.64,2.5948,2.558727888646235,0.8467349741670217,defined,0.042601418925976665,sensitivity_only
id:x%3A0x1.c000000000000p%2B2,123,2.662,2.60184,2.6379121113537654,0.8467349741670217,defined,-0.042601418925976665,sensitivity_only
id:x%3A0x1.c000000000000p%2B2,124,2.684,2.60888,2.572807888646235,0.8467349741670217,defined,0.042601418925976665,sensitivity_only
id:x%3A0x1.c000000000000p%2B2,125,2.706,2.61592,2.6519921113537652,0.8467349741670217,defined,-0.042601418925976665,sensitivity_only
id:x%3A0x1.c000000000000p%2B2,126,2.728,2.62296,2.5868878886462348,0.8467349741670217,defined,0.042601418925976665,sensitivity_only
id:x%3A0x1.c000000000000p%2B2,127,2.75,2.63,2.666072111353765,0.8467349741670217,defined,-0.042601418925976665,sensitivity_only
id:x%3A0x1.c000000000000p%2B2,128,2.772,2.63704,2.6009678886462346,0.8467349741670217,defined,0.042601418925976665,sensitivity_only
id:x%3A0x1.c000000000000p%2B2,129,2.794,2.6440799999999998,2.680152111353765,0.8467349741670217,defined,-0.042601418925976665,sensitivity_only
id:x%3A0x1.c000000000000p%2B2,130,2.816,2.6511199999999997,2.6150478886462345,0.8467349741670217,defined,0.042601418925976665,sensitivity_only
id:x%3A0x1.c000000000000p%2B2,131,2.838,2.65816,2.6942321113537653,0.8467349741670217,defined,-0.042601418925976665,sensitivity_only
id:x%3A0x1.c000000000000p%2B2,132,2.86,2.6652,2.629127888646235,0.8467349741670217,defined,0.042601418925976665,sensitivity_only
id:x%3A0x1.c000000000000p%2B2,133,2.882,2.67224,2.708312111353765,0.8467349741670217,defined,-0.042601418925976665,sensitivity_only
id:x%3A0x1.c000000000000p%2B2,134,2.904,2.67928,2.6432078886462347,0.8467349741670217,defined,0.042601418925976665,sensitivity_only
id:x%3A0x1.c000000000000p%2B2,135,2.926,2.6863200000000003,2.7223921113537655,0.8467349741670217,defined,-0.042601418925976665,sensitivity_only
id:x%3A0x1.c000000000000p%2B2,136,2.948,2.69336,2.657287888646235,0.8467349741670217,defined,0.042601418925976665,sensitivity_only
id:x%3A0x1.c000000000000p%2B2,137,2.97,2.7004,2.7364721113537653,0.8467349741670217,defined,-0.042601418925976665,sensitivity_only
id:x%3A0x1.c000000000000p%2B2,138,2.992,2.70744,2.671367888646235,0.8467349741670217,defined,0.042601418925976665,sensitivity_only
id:x%3A0x1.c000000000000p%2B2,139,3.0,2.71,2.746072111353765,0.8467349741670217,defined,-0.042601418925976665,sensitivity_only
id:x%3A0x1.c000000000000p%2B2,140,3.014,2.71448,2.678407888646235,0.8467349741670217,defined,0.042601418925976665,sensitivity_only
id:x%3A0x1.c000000000000p%2B2,141,3.036,2.72152,2.757592111353765,0.8467349741670217,defined,-0.042601418925976665,sensitivity_only
id:x%3A0x1.c000000000000p%2B2,142,3.058,2.72856,2.6924878886462347,0.8467349741670217,defined,0.042601418925976665,sensitivity_only
id:x%3A0x1.c000000000000p%2B2,143,3.08,2.7356,2.771672111353765,0.8467349741670217,defined,-0.042601418925976665,sensitivity_only
id:x%3A0x1.c000000000000p%2B2,144,3.102,2.7426399999999997,2.7065678886462345,0.8467349741670217,defined,0.042601418925976665,sensitivity_only
id:x%3A0x1.c000000000000p%2B2,145,3.124,2.74968,2.7857521113537653,0.8467349741670217,defined,-0.042601418925976665,sensitivity_only
id:x%3A0x1.c000000000000p%2B2,146,3.146,2.75672,2.720647888646235,0.8467349741670217,defined,0.042601418925976665,sensitivity_only
id:x%3A0x1.c000000000000p%2B2,147,3.168,2.76376,2.799832111353765,0.8467349741670217,defined,-0.042601418925976665,sensitivity_only
id:x%3A0x1.c000000000000p%2B2,148,3.19,2.7708,2.7347278886462347,0.8467349741670217,defined,0.042601418925976665,sensitivity_only
id:x%3A0x1.c000000000000p%2B2,149,3.212,2.7778400000000003,2.8139121113537655,0.8467349741670217,defined,-0.042601418925976665,sensitivity_only
id:x%3A0x1.c000000000000p%2B2,150,3.234,2.7848800000000002,2.748807888646235,0.8467349741670217,defined,0.042601418925976665,sensitivity_only
id:x%3A0x1.c000000000000p%2B2,151,3.256,2.79192,2.8279921113537654,0.8467349741670217,defined,-0.042601418925976665,sensitivity_only
id:x%3A0x1.c000000000000p%2B2,152,3.278,2.79896,2.762887888646235,0.8467349741670217,defined,0.042601418925976665,sensitivity_only
id:x%3A0x1.c000000000000p%2B2,153,3.3,2.806,2.8420721113537653,0.8467349741670217,defined,-0.042601418925976665,sensitivity_only
id:x%3A0x1.c000000000000p%2B2,154,3.322,2.81304,2.776967888646235,0.8467349741670217,defined,0.042601418925976665,sensitivity_only
id:x%3A0x1.c000000000000p%2B2,155,3.344,2.82008,2.856152111353765,0.8467349741670217,defined,-0.042601418925976665,sensitivity_only
id:x%3A0x1.c000000000000p%2B2,156,3.366,2.82712,2.7910478886462347,0.8467349741670217,defined,0.042601418925976665,sensitivity_only
id:x%3A0x1.c000000000000p%2B2,157,3.388,2.83416,2.870232111353765,0.8467349741670217,defined,-0.042601418925976665,sensitivity_only
id:x%3A0x1.c000000000000p%2B2,158,3.41,2.8412,2.805127888646235,0.8467349741670217,defined,0.042601418925976665,sensitivity_only
id:x%3A0x1.c000000000000p%2B2,159,3.432,2.84824,2.8843121113537653,0.8467349741670217,defined,-0.042601418925976665,sensitivity_only
id:x%3A0x1.c000000000000p%2B2,160,3.454,2.85528,2.819207888646235,0.8467349741670217,defined,0.042601418925976665,sensitivity_only
id:x%3A0x1.c000000000000p%2B2,161,3.476,2.86232,2.898392111353765,0.8467349741670217,defined,-0.042601418925976665,sensitivity_only
id:x%3A0x1.c000000000000p%2B2,162,3.498,2.8693600000000004,2.833287888646235,0.8467349741670217,defined,0.042601418925976665,sensitivity_only
id:x%3A0x1.c000000000000p%2B2,163,3.52,2.8764000000000003,2.9124721113537655,0.8467349741670217,defined,-0.042601418925976665,sensitivity_only
id:x%3A0x1.c000000000000p%2B2,164,3.542,2.8834400000000002,2.847367888646235,0.8467349741670217,defined,0.042601418925976665,sensitivity_only
id:x%3A0x1.c000000000000p%2B2,165,3.564,2.89048,2.9265521113537654,0.8467349741670217,defined,-0.042601418925976665,sensitivity_only
id:x%3A0x1.c000000000000p%2B2,166,3.586,2.89752,2.861447888646235,0.8467349741670217,defined,0.042601418925976665,sensitivity_only
id:x%3A0x1.c000000000000p%2B2,167,3.608,2.90456,2.9406321113537652,0.8467349741670217,defined,-0.042601418925976665,sensitivity_only
id:x%3A0x1.c000000000000p%2B2,168,3.63,2.9116,2.8755278886462348,0.8467349741670217,defined,0.042601418925976665,sensitivity_only
id:x%3A0x1.c000000000000p%2B2,169,3.652,2.91864,2.954712111353765,0.8467349741670217,defined,-0.042601418925976665,sensitivity_only
id:x%3A0x1.c000000000000p%2B2,170,3.674,2.92568,2.8896078886462346,0.8467349741670217,defined,0.042601418925976665,sensitivity_only
id:x%3A0x1.c000000000000p%2B2,171,3.696,2.9327199999999998,2.968792111353765,0.8467349741670217,defined,-0.042601418925976665,sensitivity_only
id:x%3A0x1.c000000000000p%2B2,172,3.718,2.9397599999999997,2.9036878886462345,0.8467349741670217,defined,0.042601418925976665,sensitivity_only
id:x%3A0x1.c000000000000p%2B2,173,3.74,2.9468,2.9828721113537653,0.8467349741670217,defined,-0.042601418925976665,sensitivity_only
id:x%3A0x1.c000000000000p%2B2,174,3.762,2.95384,2.917767888646235,0.8467349741670217,defined,0.042601418925976665,sensitivity_only
id:x%3A0x1.c000000000000p%2B2,175,3.784,2.96088,2.996952111353765,0.8467349741670217,defined,-0.042601418925976665,sensitivity_only
id:x%3A0x1.c000000000000p%2B2,176,3.806,2.9679200000000003,2.931847888646235,0.8467349741670217,defined,0.042601418925976665,sensitivity_only
id:x%3A0x1.c000000000000p%2B2,177,3.828,2.9749600000000003,3.0110321113537655,0.8467349741670217,defined,-0.042601418925976665,sensitivity_only
id:x%3A0x1.c000000000000p%2B2,178,3.85,2.982,2.945927888646235,0.8467349741670217,defined,0.042601418925976665,sensitivity_only
id:x%3A0x1.c000000000000p%2B2,179,3.872,2.98904,3.0251121113537653,0.8467349741670217,defined,-0.042601418925976665,sensitivity_only
id:x%3A0x1.c000000000000p%2B2,180,3.894,2.99608,2.960007888646235,0.8467349741670217,defined,0.042601418925976665,sensitivity_only
id:x%3A0x1.c000000000000p%2B2,181,3.916,3.00312,3.039192111353765,0.8467349741670217,defined,-0.042601418925976665,sensitivity_only
id:x%3A0x1.c000000000000p%2B2,182,3.938,3.01016,2.9740878886462347,0.8467349741670217,defined,0.042601418925976665,sensitivity_only
id:x%3A0x1.c000000000000p%2B2,183,3.96,3.0172,3.053272111353765,0.8467349741670217,defined,-0.042601418925976665,sensitivity_only
id:x%3A0x1.c000000000000p%2B2,184,3.982,3.02424,2.9881678886462346,0.8467349741670217,defined,0.042601418925976665,sensitivity_only
id:x%3A0x1.c000000000000p%2B2,185,4.0,3.0300000000000002,3.0660721113537655,0.8467349741670217,defined,-0.042601418925976665,sensitivity_only
id:x%3A0x1.c000000000000p%2B2,186,4.004,3.0312799999999998,2.9952078886462346,0.8467349741670217,defined,0.042601418925976665,sensitivity_only
id:x%3A0x1.c000000000000p%2B2,187,4.026,3.0383199999999997,3.074392111353765,0.8467349741670217,defined,-0.042601418925976665,sensitivity_only
id:x%3A0x1.c000000000000p%2B2,188,4.048,3.04536,3.009287888646235,0.8467349741670217,defined,0.042601418925976665,sensitivity_only
id:x%3A0x1.c000000000000p%2B2,189,4.07,3.0524000000000004,3.0884721113537656,0.8467349741670217,defined,-0.042601418925976665,sensitivity_only
id:x%3A0x1.c000000000000p%2B2,190,4.092,3.05944,3.0233678886462347,0.8467349741670217,defined,0.042601418925976665,sensitivity_only
id:x%3A0x1.c000000000000p%2B2,191,4.114,3.0664800000000003,3.1025521113537655,0.8467349741670217,defined,-0.042601418925976665,sensitivity_only
id:x%3A0x1.c000000000000p%2B2,192,4.136,3.0735200000000003,3.037447888646235,0.8467349741670217,defined,0.042601418925976665,sensitivity_only
id:x%3A0x1.c000000000000p%2B2,193,4.158,3.08056,3.1166321113537654,0.8467349741670217,defined,-0.042601418925976665,sensitivity_only
id:x%3A0x1.c000000000000p%2B2,194,4.18,3.0876,3.051527888646235,0.8467349741670217,defined,0.042601418925976665,sensitivity_only
id:x%3A0x1.c000000000000p%2B2,195,4.202,3.09464,3.1307121113537653,0.8467349741670217,defined,-0.042601418925976665,sensitivity_only
id:x%3A0x1.c000000000000p%2B2,196,4.224,3.10168,3.065607888646235,0.8467349741670217,defined,0.042601418925976665,sensitivity_only
id:x%3A0x1.c000000000000p%2B2,197,4.246,3.10872,3.144792111353765,0.8467349741670217,defined,-0.042601418925976665,sensitivity_only
id:x%3A0x1.c000000000000p%2B2,198,4.268,3.11576,3.0796878886462347,0.8467349741670217,defined,0.042601418925976665,sensitivity_only
id:x%3A0x1.c000000000000p%2B2,199,4.29,3.1228,3.158872111353765,0.8467349741670217,defined,-0.042601418925976665,sensitivity_only
id:x%3A0x1.c000000000000p%2B2,200,4.312,3.12984,3.093767888646235,0.8467349741670217,defined,0.042601418925976665,sensitivity_only
id:x%3A0x1.c000000000000p%2B2,201,4.334,3.1368799999999997,3.172952111353765,0.8467349741670217,defined,-0.042601418925976665,sensitivity_only
id:x%3A0x1.c000000000000p%2B2,202,4.356,3.14392,3.107847888646235,0.8467349741670217,defined,0.042601418925976665,sensitivity_only
id:x%3A0x1.c000000000000p%2B2,203,4.378,3.15096,3.187032111353765,0.8467349741670217,defined,-0.042601418925976665,sensitivity_only
id:x%3A0x1.c000000000000p%2B2,204,4.4,3.1580000000000004,3.121927888646235,0.8467349741670217,defined,0.042601418925976665,sensitivity_only
id:x%3A0x1.c000000000000p%2B2,205,4.422,3.16504,3.201112111353765,0.8467349741670217,defined,-0.042601418925976665,sensitivity_only
id:x%3A0x1.c000000000000p%2B2,206,4.444,3.1720800000000002,3.136007888646235,0.8467349741670217,defined,0.042601418925976665,sensitivity_only
id:x%3A0x1.c000000000000p%2B2,207,4.466,3.17912,3.2151921113537654,0.8467349741670217,defined,-0.042601418925976665,sensitivity_only
id:x%3A0x1.c000000000000p%2B2,208,4.488,3.18616,3.150087888646235,0.8467349741670217,defined,0.042601418925976665,sensitivity_only
id:x%3A0x1.c000000000000p%2B2,209,4.51,3.1932,3.226908778746893,0.7912595307087035,defined,-0.042601418925976665,sensitivity_only
id:x%3A0x1.c000000000000p%2B2,210,4.532,3.20024,3.166531221253107,0.7912595307087035,defined,0.042601418925976665,sensitivity_only
id:x%3A0x1.c000000000000p%2B2,211,4.554,3.20728,3.240988778746893,0.7912595307087035,defined,-0.042601418925976665,sensitivity_only
id:x%3A0x1.c000000000000p%2B2,212,4.576,3.21432,3.180611221253107,0.7912595307087035,defined,0.042601418925976665,sensitivity_only
id:x%3A0x1.c000000000000p%2B2,213,4.598,3.22136,3.255068778746893,0.7912595307087035,defined,-0.042601418925976665,sensitivity_only
id:x%3A0x1.c000000000000p%2B2,214,4.62,3.2284,3.194691221253107,0.7912595307087035,defined,0.042601418925976665,sensitivity_only
id:x%3A0x1.c000000000000p%2B2,215,4.642,3.23544,3.269148778746893,0.7912595307087035,defined,-0.042601418925976665,sensitivity_only
id:x%3A0x1.c000000000000p%2B2,216,4.664,3.24248,3.208771221253107,0.7912595307087035,defined,0.042601418925976665,sensitivity_only
id:x%3A0x1.c000000000000p%2B2,217,4.686,3.24952,3.283228778746893,0.7912595307087035,defined,-0.042601418925976665,sensitivity_only
id:x%3A0x1.c000000000000p%2B2,218,4.708,3.2565600000000003,3.2228512212531073,0.7912595307087035,defined,0.042601418925976665,sensitivity_only
id:x%3A0x1.c000000000000p%2B2,219,4.73,3.2636000000000003,3.2973087787468933,0.7912595307087035,defined,-0.042601418925976665,sensitivity_only
id:x%3A0x1.c000000000000p%2B2,220,4.752,3.27064,3.236931221253107,0.7912595307087035,defined,0.042601418925976665,sensitivity_only
id:x%3A0x1.c000000000000p%2B2,221,4.774,3.27768,3.311388778746893,0.7912595307087035,defined,-0.042601418925976665,sensitivity_only
id:x%3A0x1.c000000000000p%2B2,222,4.796,3.28472,3.251011221253107,0.7912595307087035,defined,0.042601418925976665,sensitivity_only
id:x%3A0x1.c000000000000p%2B2,223,4.818,3.29176,3.325468778746893,0.7912595307087035,defined,-0.042601418925976665,sensitivity_only
id:x%3A0x1.c000000000000p%2B2,224,4.84,3.2988,3.265091221253107,0.7912595307087035,defined,0.042601418925976665,sensitivity_only
id:x%3A0x1.c000000000000p%2B2,225,4.862,3.30584,3.339548778746893,0.7912595307087035,defined,-0.042601418925976665,sensitivity_only
id:x%3A0x1.c000000000000p%2B2,226,4.884,3.31288,3.279171221253107,0.7912595307087035,defined,0.042601418925976665,sensitivity_only
id:x%3A0x1.c000000000000p%2B2,227,4.906,3.3199199999999998,3.353628778746893,0.7912595307087035,defined,-0.042601418925976665,sensitivity_only
id:x%3A0x1.c000000000000p%2B2,228,4.928,3.3269599999999997,3.2932512212531067,0.7912595307087035,defined,0.042601418925976665,sensitivity_only
id:x%3A0x1.c000000000000p%2B2,229,4.95,3.334,3.367708778746893,0.7912595307087035,defined,-0.042601418925976665,sensitivity_only
id:x%3A0x1.c000000000000p%2B2,230,4.972,3.3410400000000005,3.3073312212531074,0.7912595307087035,defined,0.042601418925976665,sensitivity_only
id:x%3A0x1.c000000000000p%2B2,231,4.994,3.34808,3.381788778746893,0.7912595307087035,defined,-0.042601418925976665,sensitivity_only
id:x%3A0x1.c000000000000p%2B2,232,5.0,3.35,3.316291221253107,0.7912595307087035,defined,0.042601418925976665,sensitivity_only
id:x%3A0x1.c000000000000p%2B2,233,5.016,3.3551200000000003,3.3888287787468934,0.7912595307087035,defined,-0.042601418925976665,sensitivity_only
id:x%3A0x1.c000000000000p%2B2,234,5.038,3.3621600000000003,3.328451221253107,0.7912595307087035,defined,0.042601418925976665,sensitivity_only
id:x%3A0x1.c000000000000p%2B2,235,5.06,3.3692,3.4029087787468932,0.7912595307087035,defined,-0.042601418925976665,sensitivity_only
id:x%3A0x1.c000000000000p%2B2,236,5.082,3.37624,3.342531221253107,0.7912595307087035,defined,0.042601418925976665,sensitivity_only
id:x%3A0x1.c000000000000p%2B2,237,5.104,3.38328,3.416988778746893,0.7912595307087035,defined,-0.042601418925976665,sensitivity_only
id:x%3A0x1.c000000000000p%2B2,238,5.126,3.39032,3.356611221253107,0.7912595307087035,defined,0.042601418925976665,sensitivity_only
id:x%3A0x1.c000000000000p%2B2,239,5.148,3.39736,3.431068778746893,0.7912595307087035,defined,-0.042601418925976665,sensitivity_only
id:x%3A0x1.c000000000000p%2B2,240,5.17,3.4044,3.370691221253107,0.7912595307087035,defined,0.042601418925976665,sensitivity_only
id:x%3A0x1.c000000000000p%2B2,241,5.192,3.41144,3.445148778746893,0.7912595307087035,defined,-0.042601418925976665,sensitivity_only
id:x%3A0x1.c000000000000p%2B2,242,5.214,3.41848,3.384771221253107,0.7912595307087035,defined,0.042601418925976665,sensitivity_only
id:x%3A0x1.c000000000000p%2B2,243,5.236,3.4255199999999997,3.4592287787468927,0.7912595307087035,defined,-0.042601418925976665,sensitivity_only
id:x%3A0x1.c000000000000p%2B2,244,5.258,3.43256,3.398851221253107,0.7912595307087035,defined,0.042601418925976665,sensitivity_only
id:x%3A0x1.c000000000000p%2B2,245,5.28,3.4396000000000004,3.4733087787468935,0.7912595307087035,defined,-0.042601418925976665,sensitivity_only
id:x%3A0x1.c000000000000p%2B2,246,5.302,3.44664,3.412931221253107,0.7912595307087035,defined,0.042601418925976665,sensitivity_only
id:x%3A0x1.c000000000000p%2B2,247,5.324,3.4536800000000003,3.4873887787468933,0.7912595307087035,defined,-0.042601418925976665,sensitivity_only
id:x%3A0x1.c000000000000p%2B2,248,5.346,3.4607200000000002,3.427011221253107,0.7912595307087035,defined,0.042601418925976665,sensitivity_only
id:x%3A0x1.c000000000000p%2B2,249,5.368,3.46776,3.501468778746893,0.7912595307087035,defined,-0.042601418925976665,sensitivity_only
id:x%3A0x1.c000000000000p%2B2,250,5.39,3.4748,3.441091221253107,0.7912595307087035,defined,0.042601418925976665,sensitivity_only
id:x%3A0x1.c000000000000p%2B2,251,5.412,3.48184,3.515548778746893,0.7912595307087035,defined,-0.042601418925976665,sensitivity_only
id:x%3A0x1.c000000000000p%2B2,252,5.434,3.48888,3.455171221253107,0.7912595307087035,defined,0.042601418925976665,sensitivity_only
id:x%3A0x1.c000000000000p%2B2,253,5.456,3.49592,3.529628778746893,0.7912595307087035,defined,-0.042601418925976665,sensitivity_only
id:x%3A0x1.c000000000000p%2B2,254,5.478,3.50296,3.469251221253107,0.7912595307087035,defined,0.042601418925976665,sensitivity_only
id:x%3A0x1.c000000000000p%2B2,255,5.5,3.51,3.543708778746893,0.7912595307087035,defined,-0.042601418925976665,sensitivity_only
id:x%3A0x1.c000000000000p%2B2,256,5.522,3.53156,3.498759119337544,0.7699480789466207,defined,0.042601418925976665,sensitivity_only
id:x%3A0x1.c000000000000p%2B2,257,5.544,3.5531199999999994,3.585920880662455,0.7699480789466207,defined,-0.042601418925976665,sensitivity_only
id:x%3A0x1.c000000000000p%2B2,258,5.566,3.5746799999999994,3.5418791193375436,0.7699480789466207,defined,0.042601418925976665,sensitivity_only
id:x%3A0x1.c000000000000p%2B2,259,5.588,3.59624,3.6290408806624557,0.7699480789466207,defined,-0.042601418925976665,sensitivity_only
id:x%3A0x1.c000000000000p%2B2,260,5.61,3.6178,3.584999119337544,0.7699480789466207,defined,0.042601418925976665,sensitivity_only
id:x%3A0x1.c000000000000p%2B2,261,5.632,3.6393599999999995,3.6721608806624553,0.7699480789466207,defined,-0.042601418925976665,sensitivity_only
id:x%3A0x1.c000000000000p%2B2,262,5.654,3.6609199999999995,3.6281191193375437,0.7699480789466207,defined,0.042601418925976665,sensitivity_only
id:x%3A0x1.c000000000000p%2B2,263,5.676,3.68248,3.7152808806624558,0.7699480789466207,defined,-0.042601418925976665,sensitivity_only
id:x%3A0x1.c000000000000p%2B2,264,5.698,3.70404,3.671239119337544,0.7699480789466207,defined,0.042601418925976665,sensitivity_only
id:x%3A0x1.c000000000000p%2B2,265,5.72,3.7255999999999996,3.7584008806624554,0.7699480789466207,defined,-0.042601418925976665,sensitivity_only
id:x%3A0x1.c000000000000p%2B2,266,5.742,3.7471599999999996,3.714359119337544,0.7699480789466207,defined,0.042601418925976665,sensitivity_only
id:x%3A0x1.c000000000000p%2B2,267,5.764,3.76872,3.801520880662456,0.7699480789466207,defined,-0.042601418925976665,sensitivity_only
id:x%3A0x1.c000000000000p%2B2,268,5.786,3.790279999999999,3.7574791193375434,0.7699480789466207,defined,0.042601418925976665,sensitivity_only
id:x%3A0x1.c000000000000p%2B2,269,5.808,3.8118399999999997,3.8446408806624555,0.7699480789466207,defined,-0.042601418925976665,sensitivity_only
id:x%3A0x1.c000000000000p%2B2,270,5.83,3.8333999999999997,3.800599119337544,0.7699480789466207,defined,0.042601418925976665,sensitivity_only
id:x%3A0x1.c000000000000p%2B2,271,5.852,3.85496,3.887760880662456,0.7699480789466207,defined,-0.042601418925976665,sensitivity_only
id:x%3A0x1.c000000000000p%2B2,272,5.874,3.8765199999999993,3.8437191193375435,0.7699480789466207,defined,0.042601418925976665,sensitivity_only
id:x%3A0x1.c000000000000p%2B2,273,5.896,3.8980799999999998,3.9308808806624556,0.7699480789466207,defined,-0.042601418925976665,sensitivity_only
id:x%3A0x1.c000000000000p%2B2,274,5.918,3.91964,3.886839119337544,0.7699480789466207,defined,0.042601418925976665,sensitivity_only
id:x%3A0x1.c000000000000p%2B2,275,5.94,3.9412000000000003,3.974000880662456,0.7699480789466207,defined,-0.042601418925976665,sensitivity_only
id:x%3A0x1.c000000000000p%2B2,276,5.962,3.9627599999999994,3.9299591193375436,0.7699480789466207,defined,0.042601418925976665,sensitivity_only
id:x%3A0x1.c000000000000p%2B2,277,5.984,3.98432,4.017120880662456,0.7699480789466207,defined,-0.042601418925976665,sensitivity_only
id:x%3A0x1.c000000000000p%2B2,278,6.0,4.0,3.967199119337544,0.7699480789466207,defined,0.042601418925976665,sensitivity_only
id:x%3A0x1.c000000000000p%2B2,279,6.006,4.00588,4.038680880662456,0.7699480789466207,defined,-0.042601418925976665,sensitivity_only
id:x%3A0x1.c000000000000p%2B2,280,6.028,4.0274399999999995,3.9946391193375437,0.7699480789466207,defined,0.042601418925976665,sensitivity_only
id:x%3A0x1.c000000000000p%2B2,281,6.05,4.0489999999999995,4.081800880662455,0.7699480789466207,defined,-0.042601418925976665,sensitivity_only
id:x%3A0x1.c000000000000p%2B2,282,6.072,4.0705599999999995,4.037759119337544,0.7699480789466207,defined,0.042601418925976665,sensitivity_only
id:x%3A0x1.c000000000000p%2B2,283,6.094,4.09212,4.124920880662456,0.7699480789466207,defined,-0.042601418925976665,sensitivity_only
id:x%3A0x1.c000000000000p%2B2,284,6.116,4.11368,4.080879119337544,0.7699480789466207,defined,0.042601418925976665,sensitivity_only
id:x%3A0x1.c000000000000p%2B2,285,6.138,4.13524,4.168040880662455,0.7699480789466207,defined,-0.042601418925976665,sensitivity_only
id:x%3A0x1.c000000000000p%2B2,286,6.16,4.1568,4.123999119337544,0.7699480789466207,defined,0.042601418925976665,sensitivity_only
id:x%3A0x1.c000000000000p%2B2,287,6.182,4.1783600000000005,4.211160880662456,0.7699480789466207,defined,-0.042601418925976665,sensitivity_only
id:x%3A0x1.c000000000000p%2B2,288,6.204,4.19992,4.167119119337544,0.7699480789466207,defined,0.042601418925976665,sensitivity_only
id:x%3A0x1.c000000000000p%2B2,289,6.226,4.22148,4.2542808806624555,0.7699480789466207,defined,-0.042601418925976665,sensitivity_only
id:x%3A0x1.c000000000000p%2B2,290,6.248,4.24304,4.210239119337544,0.7699480789466207,defined,0.042601418925976665,sensitivity_only
id:x%3A0x1.c000000000000p%2B2,291,6.27,4.2646,4.2974008806624555,0.7699480789466207,defined,-0.042601418925976665,sensitivity_only
id:x%3A0x1.c000000000000p%2B2,292,6.292,4.28616,4.253359119337544,0.7699480789466207,defined,0.042601418925976665,sensitivity_only
id:x%3A0x1.c000000000000p%2B2,293,6.314,4.30772,4.340520880662456,0.7699480789466207,defined,-0.042601418925976665,sensitivity_only
id:x%3A0x1.c000000000000p%2B2,294,6.336,4.32928,4.296479119337544,0.7699480789466207,defined,0.042601418925976665,sensitivity_only
id:x%3A0x1.c000000000000p%2B2,295,6.358,4.35084,4.383640880662456,0.7699480789466207,defined,-0.042601418925976665,sensitivity_only
id:x%3A0x1.c000000000000p%2B2,296,6.38,4.3724,4.339599119337544,0.7699480789466207,defined,0.042601418925976665,sensitivity_only
id:x%3A0x1.c000000000000p%2B2,297,6.402,4.39396,4.426760880662456,0.7699480789466207,defined,-0.042601418925976665,sensitivity_only
id:x%3A0x1.c000000000000p%2B2,298,6.424,4.41552,4.382719119337544,0.7699480789466207,defined,0.042601418925976665,sensitivity_only
id:x%3A0x1.c000000000000p%2B2,299,6.446,4.43708,4.469880880662456,0.7699480789466207,defined,-0.042601418925976665,sensitivity_only
id:x%3A0x1.c000000000000p%2B2,300,6.468,4.45864,4.425839119337544,0.7699480789466207,defined,0.042601418925976665,sensitivity_only
id:x%3A0x1.c000000000000p%2B2,301,6.49,4.4802,4.513000880662456,0.7699480789466207,defined,-0.042601418925976665,sensitivity_only
id:x%3A0x1.c000000000000p%2B2,302,6.512,4.501759999999999,4.465103742636487,0.8604468650963308,defined,0.042601418925976665,sensitivity_only
id:x%3A0x1.c000000000000p%2B2,303,6.534,4.52332,4.5599762573635125,0.8604468650963308,defined,-0.042601418925976665,sensitivity_only
id:x%3A0x1.c000000000000p%2B2,304,6.556,4.54488,4.5082237426364875,0.8604468650963308,defined,0.042601418925976665,sensitivity_only
id:x%3A0x1.c000000000000p%2B2,305,6.578,4.56644,4.603096257363513,0.8604468650963308,defined,-0.042601418925976665,sensitivity_only
id:x%3A0x1.c000000000000p%2B2,306,6.6,4.587999999999999,4.551343742636487,0.8604468650963308,defined,0.042601418925976665,sensitivity_only
id:x%3A0x1.c000000000000p%2B2,307,6.622,4.60956,4.646216257363513,0.8604468650963308,defined,-0.042601418925976665,sensitivity_only
id:x%3A0x1.c000000000000p%2B2,308,6.644,4.63112,4.594463742636488,0.8604468650963308,defined,0.042601418925976665,sensitivity_only
id:x%3A0x1.c000000000000p%2B2,309,6.666,4.65268,4.689336257363513,0.8604468650963308,defined,-0.042601418925976665,sensitivity_only
id:x%3A0x1.c000000000000p%2B2,310,6.688,4.674239999999999,4.637583742636487,0.8604468650963308,defined,0.042601418925976665,sensitivity_only
id:x%3A0x1.c000000000000p%2B2,311,6.71,4.6958,4.732456257363513,0.8604468650963308,defined,-0.042601418925976665,sensitivity_only
id:x%3A0x1.c000000000000p%2B2,312,6.732,4.71736,4.680703742636488,0.8604468650963308,defined,0.042601418925976665,sensitivity_only
id:x%3A0x1.c000000000000p%2B2,313,6.754,4.738919999999999,4.775576257363512,0.8604468650963308,defined,-0.042601418925976665,sensitivity_only
id:x%3A0x1.c000000000000p%2B2,314,6.776,4.760479999999999,4.723823742636487,0.8604468650963308,defined,0.042601418925976665,sensitivity_only
id:x%3A0x1.c000000000000p%2B2,315,6.798,4.78204,4.818696257363513,0.8604468650963308,defined,-0.042601418925976665,sensitivity_only
id:x%3A0x1.c000000000000p%2B2,316,6.82,4.8036,4.766943742636488,0.8604468650963308,defined,0.042601418925976665,sensitivity_only
id:x%3A0x1.c000000000000p%2B2,317,6.842,4.8251599999999994,4.861816257363512,0.8604468650963308,defined,-0.042601418925976665,sensitivity_only
id:x%3A0x1.c000000000000p%2B2,318,6.864,4.8467199999999995,4.810063742636487,0.8604468650963308,defined,0.042601418925976665,sensitivity_only
id:x%3A0x1.c000000000000p%2B2,319,6.886,4.86828,4.904936257363513,0.8604468650963308,defined,-0.042601418925976665,sensitivity_only
id:x%3A0x1.c000000000000p%2B2,320,6.908,4.88984,4.853183742636488,0.8604468650963308,defined,0.042601418925976665,sensitivity_only
id:x%3A0x1.c000000000000p%2B2,321,6.93,4.9113999999999995,4.948056257363512,0.8604468650963308,defined,-0.042601418925976665,sensitivity_only
id:x%3A0x1.c000000000000p%2B2,322,6.952,4.93296,4.896303742636487,0.8604468650963308,defined,0.042601418925976665,sensitivity_only
id:x%3A0x1.c000000000000p%2B2,323,6.974,4.9545200000000005,4.991176257363513,0.8604468650963308,defined,-0.042601418925976665,sensitivity_only
id:x%3A0x1.c000000000000p%2B2,324,6.996,4.9760800000000005,4.939423742636488,0.8604468650963308,defined,0.042601418925976665,sensitivity_only
id:x%3A0x1.c000000000000p%2B2,325,7.0,4.9799999999999995,5.016656257363512,0.8604468650963308,defined,-0.042601418925976665,sensitivity_only
id:x%3A0x1.c000000000000p%2B2,326,7.018,4.99764,4.960983742636487,0.8604468650963308,defined,0.042601418925976665,sensitivity_only
id:x%3A0x1.c000000000000p%2B2,327,7.04,5.0192,5.055856257363512,0.8604468650963308,defined,-0.042601418925976665,sensitivity_only
id:x%3A0x1.c000000000000p%2B2,328,7.062,5.040760000000001,5.004103742636488,0.8604468650963308,defined,0.042601418925976665,sensitivity_only
id:x%3A0x1.c000000000000p%2B2,329,7.084,5.06232,5.098976257363512,0.8604468650963308,defined,-0.042601418925976665,sensitivity_only
id:x%3A0x1.c000000000000p%2B2,330,7.106,5.08388,5.047223742636487,0.8604468650963308,defined,0.042601418925976665,sensitivity_only
id:x%3A0x1.c000000000000p%2B2,331,7.128,5.10544,5.142096257363512,0.8604468650963308,defined,-0.042601418925976665,sensitivity_only
id:x%3A0x1.c000000000000p%2B2,332,7.15,5.127,5.090343742636487,0.8604468650963308,defined,0.042601418925976665,sensitivity_only
id:x%3A0x1.c000000000000p%2B2,333,7.172,5.14856,5.185216257363512,0.8604468650963308,defined,-0.042601418925976665,sensitivity_only
id:x%3A0x1.c000000000000p%2B2,334,7.194,5.17012,5.133463742636487,0.8604468650963308,defined,0.042601418925976665,sensitivity_only
id:x%3A0x1.c000000000000p%2B2,335,7.216,5.19168,5.228336257363512,0.8604468650963308,defined,-0.042601418925976665,sensitivity_only
id:x%3A0x1.c000000000000p%2B2,336,7.238,5.21324,5.176583742636487,0.8604468650963308,defined,0.042601418925976665,sensitivity_only
id:x%3A0x1.c000000000000p%2B2,337,7.26,5.2348,5.271456257363512,0.8604468650963308,defined,-0.042601418925976665,sensitivity_only
id:x%3A0x1.c000000000000p%2B2,338,7.282,5.25636,5.219703742636487,0.8604468650963308,defined,0.042601418925976665,sensitivity_only
id:x%3A0x1.c000000000000p%2B2,339,7.304,5.27792,5.3145762573635125,0.8604468650963308,defined,-0.042601418925976665,sensitivity_only
id:x%3A0x1.c000000000000p%2B2,340,7.326,5.299479999999999,5.262823742636487,0.8604468650963308,defined,0.042601418925976665,sensitivity_only
id:x%3A0x1.c000000000000p%2B2,341,7.348,5.32104,5.3576962573635125,0.8604468650963308,defined,-0.042601418925976665,sensitivity_only
id:x%3A0x1.c000000000000p%2B2,342,7.37,5.3426,5.3059437426364875,0.8604468650963308,defined,0.042601418925976665,sensitivity_only
id:x%3A0x1.c000000000000p%2B2,343,7.392,5.36416,5.400816257363513,0.8604468650963308,defined,-0.042601418925976665,sensitivity_only
id:x%3A0x1.c000000000000p%2B2,344,7.414,5.385719999999999,5.349063742636487,0.8604468650963308,defined,0.042601418925976665,sensitivity_only
id:x%3A0x1.c000000000000p%2B2,345,7.436,5.40728,5.443936257363513,0.8604468650963308,defined,-0.042601418925976665,sensitivity_only
id:x%3A0x1.c000000000000p%2B2,346,7.458,5.42884,5.392183742636488,0.8604468650963308,defined,0.042601418925976665,sensitivity_only
id:x%3A0x1.c000000000000p%2B2,347,7.48,5.4504,5.487056257363513,0.8604468650963308,defined,-0.042601418925976665,sensitivity_only
id:x%3A0x1.c000000000000p%2B2,348,7.502,5.471959999999999,5.425396646051754,1.0930000718791255,defined,0.042601418925976665,sensitivity_only
id:x%3A0x1.c000000000000p%2B2,349,7.524,5.49352,5.540083353948245,1.0930000718791255,defined,-0.042601418925976665,sensitivity_only
id:x%3A0x1.c000000000000p%2B2,350,7.546,5.51508,5.468516646051755,1.0930000718791255,defined,0.042601418925976665,sensitivity_only
id:x%3A0x1.c000000000000p%2B2,351,7.568,5.536639999999999,5.583203353948244,1.0930000718791255,defined,-0.042601418925976665,sensitivity_only
id:x%3A0x1.c000000000000p%2B2,352,7.59,5.558199999999999,5.5116366460517545,1.0930000718791255,defined,0.042601418925976665,sensitivity_only
id:x%3A0x1.c000000000000p%2B2,353,7.612,5.57976,5.626323353948245,1.0930000718791255,defined,-0.042601418925976665,sensitivity_only
id:x%3A0x1.c000000000000p%2B2,354,7.634,5.60132,5.5547566460517555,1.0930000718791255,defined,0.042601418925976665,sensitivity_only
id:x%3A0x1.c000000000000p%2B2,355,7.656,5.622879999999999,5.669443353948244,1.0930000718791255,defined,-0.042601418925976665,sensitivity_only
id:x%3A0x1.c000000000000p%2B2,356,7.678,5.6444399999999995,5.597876646051755,1.0930000718791255,defined,0.042601418925976665,sensitivity_only
id:x%3A0x1.c000000000000p%2B2,357,7.7,5.666,5.712563353948245,1.0930000718791255,defined,-0.042601418925976665,sensitivity_only
id:x%3A0x1.c000000000000p%2B2,358,7.722,5.6875599999999995,5.640996646051755,1.0930000718791255,defined,0.042601418925976665,sensitivity_only
id:x%3A0x1.c000000000000p%2B2,359,7.744,5.7091199999999995,5.755683353948244,1.0930000718791255,defined,-0.042601418925976665,sensitivity_only
id:x%3A0x1.c000000000000p%2B2,360,7.766,5.7306799999999996,5.684116646051755,1.0930000718791255,defined,0.042601418925976665,sensitivity_only
id:x%3A0x1.c000000000000p%2B2,361,7.788,5.7522400000000005,5.798803353948245,1.0930000718791255,defined,-0.042601418925976665,sensitivity_only
id:x%3A0x1.c000000000000p%2B2,362,7.81,5.7738,5.727236646051755,1.0930000718791255,defined,0.042601418925976665,sensitivity_only
id:x%3A0x1.c000000000000p%2B2,363,7.832,5.79536,5.8419233539482445,1.0930000718791255,defined,-0.042601418925976665,sensitivity_only
id:x%3A0x1.c000000000000p%2B2,364,7.854,5.81692,5.770356646051755,1.0930000718791255,defined,0.042601418925976665,sensitivity_only
id:x%3A0x1.c000000000000p%2B2,365,7.876,5.838480000000001,5.885043353948245,1.0930000718791255,defined,-0.042601418925976665,sensitivity_only
id:x%3A0x1.c000000000000p%2B2,366,7.898,5.86004,5.813476646051755,1.0930000718791255,defined,0.042601418925976665,sensitivity_only
id:x%3A0x1.c000000000000p%2B2,367,7.92,5.8816,5.928163353948245,1.0930000718791255,defined,-0.042601418925976665,sensitivity_only
id:x%3A0x1.c000000000000p%2B2,368,7.942,5.90316,5.856596646051755,1.0930000718791255,defined,0.042601418925976665,sensitivity_only
id:x%3A0x1.c000000000000p%2B2,369,7.964,5.924720000000001,5.9712833539482455,1.0930000718791255,defined,-0.042601418925976665,sensitivity_only
id:x%3A0x1.c000000000000p%2B2,370,7.986,5.94628,5.899716646051755,1.0930000718791255,defined,0.042601418925976665,sensitivity_only
id:x%3A0x1.c000000000000p%2B2,371,8.0,5.96,6.006563353948245,1.0930000718791255,defined,-0.042601418925976665,sensitivity_only
id:x%3A0x1.c000000000000p%2B2,372,8.008,5.967839999999999,5.921276646051754,1.0930000718791255,defined,0.042601418925976665,sensitivity_only
id:x%3A0x1.c000000000000p%2B2,373,8.03,5.989399999999999,6.035963353948244,1.0930000718791255,defined,-0.042601418925976665,sensitivity_only
id:x%3A0x1.c000000000000p%2B2,374,8.052,6.010959999999999,5.964396646051754,1.0930000718791255,defined,0.042601418925976665,sensitivity_only
id:x%3A0x1.c000000000000p%2B2,375,8.074,6.03252,6.079083353948245,1.0930000718791255,defined,-0.042601418925976665,sensitivity_only
id:x%3A0x1.c000000000000p%2B2,376,8.096,6.05408,6.007516646051755,1.0930000718791255,defined,0.042601418925976665,sensitivity_only
id:x%3A0x1.c000000000000p%2B2,377,8.118,6.07564,6.122203353948245,1.0930000718791255,defined,-0.042601418925976665,sensitivity_only
id:x%3A0x1.c000000000000p%2B2,378,8.14,6.097200000000001,6.050636646051756,1.0930000718791255,defined,0.042601418925976665,sensitivity_only
id:x%3A0x1.c000000000000p%2B2,379,8.162,6.11876,6.165323353948245,1.0930000718791255,defined,-0.042601418925976665,sensitivity_only
id:x%3A0x1.c000000000000p%2B2,380,8.184,6.140319999999999,6.093756646051754,1.0930000718791255,defined,0.042601418925976665,sensitivity_only
id:x%3A0x1.c000000000000p%2B2,381,8.206,6.161879999999999,6.208443353948244,1.0930000718791255,defined,-0.042601418925976665,sensitivity_only
id:x%3A0x1.c000000000000p%2B2,382,8.228,6.183439999999999,6.136876646051754,1.0930000718791255,defined,0.042601418925976665,sensitivity_only
id:x%3A0x1.c000000000000p%2B2,383,8.25,6.205,6.251563353948245,1.0930000718791255,defined,-0.042601418925976665,sensitivity_only
id:x%3A0x1.c000000000000p%2B2,384,8.272,6.22656,6.179996646051755,1.0930000718791255,defined,0.042601418925976665,sensitivity_only
id:x%3A0x1.c000000000000p%2B2,385,8.294,6.24812,6.294683353948245,1.0930000718791255,defined,-0.042601418925976665,sensitivity_only
id:x%3A0x1.c000000000000p%2B2,386,8.316,6.269680000000001,6.223116646051756,1.0930000718791255,defined,0.042601418925976665,sensitivity_only
id:x%3A0x1.c000000000000p%2B2,387,8.338,6.291239999999998,6.337803353948243,1.0930000718791255,defined,-0.042601418925976665,sensitivity_only
id:x%3A0x1.c000000000000p%2B2,388,8.36,6.312799999999999,6.2662366460517545,1.0930000718791255,defined,0.042601418925976665,sensitivity_only
id:x%3A0x1.c000000000000p%2B2,389,8.382,6.334359999999999,6.380923353948244,1.0930000718791255,defined,-0.042601418925976665,sensitivity_only
id:x%3A0x1.c000000000000p%2B2,390,8.404,6.355919999999999,6.3093566460517545,1.0930000718791255,defined,0.042601418925976665,sensitivity_only
id:x%3A0x1.c000000000000p%2B2,391,8.426,6.37748,6.424043353948245,1.0930000718791255,defined,-0.042601418925976665,sensitivity_only
id:x%3A0x1.c000000000000p%2B2,392,8.448,6.39904,6.352476646051755,1.0930000718791255,defined,0.042601418925976665,sensitivity_only
id:x%3A0x1.c000000000000p%2B2,393,8.47,6.4206,6.467163353948245,1.0930000718791255,defined,-0.042601418925976665,sensitivity_only
id:x%3A0x1.c000000000000p%2B2,394,8.492,6.442160000000001,6.395596646051756,1.0930000718791255,defined,0.042601418925976665,sensitivity_only
id:x%3A0x1.c000000000000p%2B2,395,8.514,6.463719999999999,6.500376257363511,0.8604468650963308,defined,-0.042601418925976665,sensitivity_only
id:x%3A0x1.c000000000000p%2B2,396,8.536,6.4852799999999995,6.448623742636487,0.8604468650963308,defined,0.042601418925976665,sensitivity_only
id:x%3A0x1.c000000000000p%2B2,397,8.558,6.5068399999999995,6.543496257363512,0.8604468650963308,defined,-0.042601418925976665,sensitivity_only
id:x%3A0x1.c000000000000p%2B2,398,8.58,6.5283999999999995,6.491743742636487,0.8604468650963308,defined,0.042601418925976665,sensitivity_only
id:x%3A0x1.c000000000000p%2B2,399,8.602,6.5499600000000004,6.586616257363513,0.8604468650963308,defined,-0.042601418925976665,sensitivity_only
id:x%3A0x1.c000000000000p%2B2,400,8.624,6.5715200000000005,6.534863742636488,0.8604468650963308,defined,0.042601418925976665,sensitivity_only
id:x%3A0x1.c000000000000p%2B2,401,8.646,6.5930800000000005,6.629736257363513,0.8604468650963308,defined,-0.042601418925976665,sensitivity_only
id:x%3A0x1.c000000000000p%2B2,402,8.668,6.61464,6.577983742636487,0.8604468650963308,defined,0.042601418925976665,sensitivity_only
id:x%3A0x1.c000000000000p%2B2,403,8.69,6.636199999999999,6.672856257363511,0.8604468650963308,defined,-0.042601418925976665,sensitivity_only
id:x%3A0x1.c000000000000p%2B2,404,8.712,6.65776,6.621103742636487,0.8604468650963308,defined,0.042601418925976665,sensitivity_only
id:x%3A0x1.c000000000000p%2B2,405,8.734,6.67932,6.715976257363512,0.8604468650963308,defined,-0.042601418925976665,sensitivity_only
id:x%3A0x1.c000000000000p%2B2,406,8.756,6.70088,6.664223742636487,0.8604468650963308,defined,0.042601418925976665,sensitivity_only
id:x%3A0x1.c000000000000p%2B2,407,8.778,6.722440000000001,6.759096257363513,0.8604468650963308,defined,-0.042601418925976665,sensitivity_only
id:x%3A0x1.c000000000000p%2B2,408,8.8,6.744,6.707343742636487,0.8604468650963308,defined,0.042601418925976665,sensitivity_only
id:x%3A0x1.c000000000000p%2B2,409,8.822,6.765559999999999,6.802216257363511,0.8604468650963308,defined,-0.042601418925976665,sensitivity_only
id:x%3A0x1.c000000000000p%2B2,410,8.844,6.78712,6.750463742636487,0.8604468650963308,defined,0.042601418925976665,sensitivity_only
id:x%3A0x1.c000000000000p%2B2,411,8.866,6.808679999999999,6.8453362573635115,0.8604468650963308,defined,-0.042601418925976665,sensitivity_only
id:x%3A0x1.c000000000000p%2B2,412,8.888,6.83024,6.793583742636487,0.8604468650963308,defined,0.042601418925976665,sensitivity_only
id:x%3A0x1.c000000000000p%2B2,413,8.91,6.8518,6.888456257363512,0.8604468650963308,defined,-0.042601418925976665,sensitivity_only
id:x%3A0x1.c000000000000p%2B2,414,8.932,6.87336,6.836703742636487,0.8604468650963308,defined,0.042601418925976665,sensitivity_only
id:x%3A0x1.c000000000000p%2B2,415,8.954,6.894920000000001,6.931576257363513,0.8604468650963308,defined,-0.042601418925976665,sensitivity_only
id:x%3A0x1.c000000000000p%2B2,416,8.976,6.91648,6.879823742636487,0.8604468650963308,defined,0.042601418925976665,sensitivity_only
id:x%3A0x1.c000000000000p%2B2,417,8.998,6.938039999999999,6.974696257363512,0.8604468650963308,defined,-0.042601418925976665,sensitivity_only
id:x%3A0x1.c000000000000p%2B2,418,9.0,6.9399999999999995,6.903343742636487,0.8604468650963308,defined,0.042601418925976665,sensitivity_only
id:x%3A0x1.c000000000000p%2B2,419,9.02,6.959599999999999,6.996256257363512,0.8604468650963308,defined,-0.042601418925976665,sensitivity_only
id:x%3A0x1.c000000000000p%2B2,420,9.042,6.981159999999999,6.944503742636487,0.8604468650963308,defined,0.042601418925976665,sensitivity_only
id:x%3A0x1.c000000000000p%2B2,421,9.064,7.00272,7.039376257363513,0.8604468650963308,defined,-0.042601418925976665,sensitivity_only
id:x%3A0x1.c000000000000p%2B2,422,9.086,7.02428,6.987623742636488,0.8604468650963308,defined,0.042601418925976665,sensitivity_only
id:x%3A0x1.c000000000000p%2B2,423,9.108,7.04584,7.082496257363513,0.8604468650963308,defined,-0.042601418925976665,sensitivity_only
id:x%3A0x1.c000000000000p%2B2,424,9.13,7.067400000000001,7.0307437426364885,0.8604468650963308,defined,0.042601418925976665,sensitivity_only
id:x%3A0x1.c000000000000p%2B2,425,9.152,7.088959999999998,7.125616257363511,0.8604468650963308,defined,-0.042601418925976665,sensitivity_only
id:x%3A0x1.c000000000000p%2B2,426,9.174,7.110519999999999,7.073863742636487,0.8604468650963308,defined,0.042601418925976665,sensitivity_only
id:x%3A0x1.c000000000000p%2B2,427,9.196,7.132079999999999,7.168736257363512,0.8604468650963308,defined,-0.042601418925976665,sensitivity_only
id:x%3A0x1.c000000000000p%2B2,428,9.218,7.153639999999999,7.116983742636487,0.8604468650963308,defined,0.042601418925976665,sensitivity_only
id:x%3A0x1.c000000000000p%2B2,429,9.24,7.1752,7.211856257363513,0.8604468650963308,defined,-0.042601418925976665,sensitivity_only
id:x%3A0x1.c000000000000p%2B2,430,9.262,7.19676,7.160103742636488,0.8604468650963308,defined,0.042601418925976665,sensitivity_only
id:x%3A0x1.c000000000000p%2B2,431,9.284,7.21832,7.254976257363513,0.8604468650963308,defined,-0.042601418925976665,sensitivity_only
id:x%3A0x1.c000000000000p%2B2,432,9.306,7.239879999999999,7.203223742636487,0.8604468650963308,defined,0.042601418925976665,sensitivity_only
id:x%3A0x1.c000000000000p%2B2,433,9.328,7.261439999999999,7.298096257363511,0.8604468650963308,defined,-0.042601418925976665,sensitivity_only
id:x%3A0x1.c000000000000p%2B2,434,9.35,7.2829999999999995,7.246343742636487,0.8604468650963308,defined,0.042601418925976665,sensitivity_only
id:x%3A0x1.c000000000000p%2B2,435,9.372,7.3045599999999995,7.341216257363512,0.8604468650963308,defined,-0.042601418925976665,sensitivity_only
id:x%3A0x1.c000000000000p%2B2,436,9.394,7.3261199999999995,7.289463742636487,0.8604468650963308,defined,0.042601418925976665,sensitivity_only
id:x%3A0x1.c000000000000p%2B2,437,9.416,7.34768,7.384336257363513,0.8604468650963308,defined,-0.042601418925976665,sensitivity_only
id:x%3A0x1.c000000000000p%2B2,438,9.438,7.3692400000000005,7.332583742636488,0.8604468650963308,defined,0.042601418925976665,sensitivity_only
id:x%3A0x1.c000000000000p%2B2,439,9.46,7.3908000000000005,7.427456257363513,0.8604468650963308,defined,-0.042601418925976665,sensitivity_only
id:x%3A0x1.c000000000000p%2B2,440,9.482,7.41236,7.375703742636487,0.8604468650963308,defined,0.042601418925976665,sensitivity_only
id:x%3A0x1.c000000000000p%2B2,441,9.504,7.433919999999999,7.459678451120305,0.6046383376352611,defined,-0.042601418925976665,sensitivity_only
id:x%3A0x1.c000000000000p%2B2,442,9.526,7.45548,7.4297215488796935,0.6046383376352611,defined,0.042601418925976665,sensitivity_only
id:x%3A0x1.c000000000000p%2B2,443,9.548,7.47704,7.502798451120306,0.6046383376352611,defined,-0.042601418925976665,sensitivity_only
id:x%3A0x1.c000000000000p%2B2,444,9.57,7.4986,7.4728415488796935,0.6046383376352611,defined,0.042601418925976665,sensitivity_only
id:x%3A0x1.c000000000000p%2B2,445,9.592,7.520160000000001,7.545918451120307,0.6046383376352611,defined,-0.042601418925976665,sensitivity_only
id:x%3A0x1.c000000000000p%2B2,446,9.614,7.541720000000001,7.5159615488796945,0.6046383376352611,defined,0.042601418925976665,sensitivity_only
id:x%3A0x1.c000000000000p%2B2,447,9.636,7.563279999999999,7.589038451120305,0.6046383376352611,defined,-0.042601418925976665,sensitivity_only
id:x%3A0x1.c000000000000p%2B2,448,9.658,7.584839999999999,7.559081548879693,0.6046383376352611,defined,0.042601418925976665,sensitivity_only
id:x%3A0x1.c000000000000p%2B2,449,9.68,7.6064,7.632158451120306,0.6046383376352611,defined,-0.042601418925976665,sensitivity_only
id:x%3A0x1.c000000000000p%2B2,450,9.702,7.62796,7.602201548879694,0.6046383376352611,defined,0.042601418925976665,sensitivity_only
id:x%3A0x1.c000000000000p%2B2,451,9.724,7.64952,7.675278451120306,0.6046383376352611,defined,-0.042601418925976665,sensitivity_only
id:x%3A0x1.c000000000000p%2B2,452,9.746,7.67108,7.645321548879694,0.6046383376352611,defined,0.042601418925976665,sensitivity_only
id:x%3A0x1.c000000000000p%2B2,453,9.768,7.692640000000001,7.718398451120307,0.6046383376352611,defined,-0.042601418925976665,sensitivity_only
id:x%3A0x1.c000000000000p%2B2,454,9.79,7.714199999999999,7.688441548879693,0.6046383376352611,defined,0.042601418925976665,sensitivity_only
id:x%3A0x1.c000000000000p%2B2,455,9.812,7.735759999999999,7.761518451120305,0.6046383376352611,defined,-0.042601418925976665,sensitivity_only
id:x%3A0x1.c000000000000p%2B2,456,9.834,7.757319999999999,7.731561548879693,0.6046383376352611,defined,0.042601418925976665,sensitivity_only
id:x%3A0x1.c000000000000p%2B2,457,9.856,7.77888,7.804638451120306,0.6046383376352611,defined,-0.042601418925976665,sensitivity_only
id:x%3A0x1.c000000000000p%2B2,458,9.878,7.80044,7.774681548879694,0.6046383376352611,defined,0.042601418925976665,sensitivity_only
id:x%3A0x1.c000000000000p%2B2,459,9.9,7.822,7.847758451120306,0.6046383376352611,defined,-0.042601418925976665,sensitivity_only
id:x%3A0x1.c000000000000p%2B2,460,9.922,7.84356,7.817801548879694,0.6046383376352611,defined,0.042601418925976665,sensitivity_only
id:x%3A0x1.c000000000000p%2B2,461,9.944,7.86512,7.890878451120306,0.6046383376352611,defined,-0.042601418925976665,sensitivity_only
id:x%3A0x1.c000000000000p%2B2,462,9.966,7.886679999999999,7.860921548879693,0.6046383376352611,defined,0.042601418925976665,sensitivity_only
id:x%3A0x1.c000000000000p%2B2,463,9.988,7.908239999999999,7.933998451120305,0.6046383376352611,defined,-0.042601418925976665,sensitivity_only
id:x%3A0x1.c000000000000p%2B2,464,10.0,7.92,7.894241548879694,0.6046383376352611,defined,0.042601418925976665,sensitivity_only
id:x%3A0x1.c000000000000p%2B2,465,10.01,7.929799999999999,7.9555584511203055,0.6046383376352611,defined,-0.042601418925976665,sensitivity_only
id:x%3A0x1.c000000000000p%2B2,466,10.032,7.951359999999999,7.925601548879693,0.6046383376352611,defined,0.042601418925976665,sensitivity_only
id:x%3A0x1.c000000000000p%2B2,467,10.054,7.97292,7.998678451120306,0.6046383376352611,defined,-0.042601418925976665,sensitivity_only
id:x%3A0x1.c000000000000p%2B2,468,10.076,7.99448,7.968721548879694,0.6046383376352611,defined,0.042601418925976665,sensitivity_only
id:x%3A0x1.c000000000000p%2B2,469,10.098,8.01604,8.041798451120306,0.6046383376352611,defined,-0.042601418925976665,sensitivity_only
id:x%3A0x1.c000000000000p%2B2,470,10.12,8.037599999999998,8.011841548879692,0.6046383376352611,defined,0.042601418925976665,sensitivity_only
id:x%3A0x1.c000000000000p%2B2,471,10.142,8.059159999999999,8.084918451120304,0.6046383376352611,defined,-0.042601418925976665,sensitivity_only
id:x%3A0x1.c000000000000p%2B2,472,10.164,8.08072,8.054961548879694,0.6046383376352611,defined,0.042601418925976665,sensitivity_only
id:x%3A0x1.c000000000000p%2B2,473,10.186,8.10228,8.128038451120306,0.6046383376352611,defined,-0.042601418925976665,sensitivity_only
id:x%3A0x1.c000000000000p%2B2,474,10.208,8.12384,8.098081548879694,0.6046383376352611,defined,0.042601418925976665,sensitivity_only
id:x%3A0x1.c000000000000p%2B2,475,10.23,8.1454,8.171158451120306,0.6046383376352611,defined,-0.042601418925976665,sensitivity_only
id:x%3A0x1.c000000000000p%2B2,476,10.252,8.16696,8.141201548879694,0.6046383376352611,defined,0.042601418925976665,sensitivity_only
id:x%3A0x1.c000000000000p%2B2,477,10.274,8.188519999999999,8.214278451120304,0.6046383376352611,defined,-0.042601418925976665,sensitivity_only
id:x%3A0x1.c000000000000p%2B2,478,10.296,8.210079999999998,8.184321548879693,0.6046383376352611,defined,0.042601418925976665,sensitivity_only
id:x%3A0x1.c000000000000p%2B2,479,10.318,8.231639999999999,8.257398451120304,0.6046383376352611,defined,-0.042601418925976665,sensitivity_only
id:x%3A0x1.c000000000000p%2B2,480,10.34,8.2532,8.227441548879694,0.6046383376352611,defined,0.042601418925976665,sensitivity_only
id:x%3A0x1.c000000000000p%2B2,481,10.362,8.27476,8.300518451120306,0.6046383376352611,defined,-0.042601418925976665,sensitivity_only
id:x%3A0x1.c000000000000p%2B2,482,10.384,8.29632,8.270561548879694,0.6046383376352611,defined,0.042601418925976665,sensitivity_only
id:x%3A0x1.c000000000000p%2B2,483,10.406,8.31788,8.343638451120306,0.6046383376352611,defined,-0.042601418925976665,sensitivity_only
id:x%3A0x1.c000000000000p%2B2,484,10.428,8.33944,8.313681548879694,0.6046383376352611,defined,0.042601418925976665,sensitivity_only
id:x%3A0x1.c000000000000p%2B2,485,10.45,8.360999999999999,8.386758451120304,0.6046383376352611,defined,-0.042601418925976665,sensitivity_only
id:x%3A0x1.c000000000000p%2B2,486,10.472,8.382559999999998,8.356801548879693,0.6046383376352611,defined,0.042601418925976665,sensitivity_only
id:x%3A0x1.c000000000000p%2B2,487,10.494,8.404119999999999,8.429878451120304,0.6046383376352611,defined,-0.042601418925976665,sensitivity_only
id:x%3A0x1.c000000000000p%2B2,488,10.516,8.42568,8.399493867741182,0.6146774665960905,defined,0.042601418925976665,sensitivity_only
id:x%3A0x1.c000000000000p%2B2,489,10.538,8.44724,8.473426132258819,0.6146774665960905,defined,-0.042601418925976665,sensitivity_only
id:x%3A0x1.c000000000000p%2B2,490,10.56,8.4688,8.442613867741182,0.6146774665960905,defined,0.042601418925976665,sensitivity_only
id:x%3A0x1.c000000000000p%2B2,491,10.582,8.49036,8.516546132258819,0.6146774665960905,defined,-0.042601418925976665,sensitivity_only
id:x%3A0x1.c000000000000p%2B2,492,10.604,8.51192,8.485733867741182,0.6146774665960905,defined,0.042601418925976665,sensitivity_only
id:x%3A0x1.c000000000000p%2B2,493,10.626,8.533479999999999,8.559666132258817,0.6146774665960905,defined,-0.042601418925976665,sensitivity_only
id:x%3A0x1.c000000000000p%2B2,494,10.648,8.555039999999998,8.52885386774118,0.6146774665960905,defined,0.042601418925976665,sensitivity_only
id:x%3A0x1.c000000000000p%2B2,495,10.67,8.5766,8.602786132258817,0.6146774665960905,defined,-0.042601418925976665,sensitivity_only
id:x%3A0x1.c000000000000p%2B2,496,10.692,8.59816,8.571973867741182,0.6146774665960905,defined,0.042601418925976665,sensitivity_only
id:x%3A0x1.c000000000000p%2B2,497,10.714,8.619720000000001,8.645906132258819,0.6146774665960905,defined,-0.042601418925976665,sensitivity_only
id:x%3A0x1.c000000000000p%2B2,498,10.736,8.64128,8.615093867741182,0.6146774665960905,defined,0.042601418925976665,sensitivity_only
id:x%3A0x1.c000000000000p%2B2,499,10.758,8.66284,8.689026132258817,0.6146774665960905,defined,-0.042601418925976665,sensitivity_only
id:x%3A0x1.c000000000000p%2B2,500,10.78,8.6844,8.658213867741182,0.6146774665960905,defined,0.042601418925976665,sensitivity_only
id:x%3A0x1.c000000000000p%2B2,501,10.802,8.70596,8.732146132258817,0.6146774665960905,defined,-0.042601418925976665,sensitivity_only
id:x%3A0x1.c000000000000p%2B2,502,10.824,8.727519999999998,8.70133386774118,0.6146774665960905,defined,0.042601418925976665,sensitivity_only
id:x%3A0x1.c000000000000p%2B2,503,10.846,8.74908,8.775266132258817,0.6146774665960905,defined,-0.042601418925976665,sensitivity_only
id:x%3A0x1.c000000000000p%2B2,504,10.868,8.77064,8.744453867741182,0.6146774665960905,defined,0.042601418925976665,sensitivity_only
id:x%3A0x1.c000000000000p%2B2,505,10.89,8.792200000000001,8.81838613225882,0.6146774665960905,defined,-0.042601418925976665,sensitivity_only
id:x%3A0x1.c000000000000p%2B2,506,10.912,8.81376,8.787573867741182,0.6146774665960905,defined,0.042601418925976665,sensitivity_only
id:x%3A0x1.c000000000000p%2B2,507,10.934,8.83532,8.861506132258818,0.6146774665960905,defined,-0.042601418925976665,sensitivity_only
id:x%3A0x1.c000000000000p%2B2,508,10.956,8.85688,8.830693867741182,0.6146774665960905,defined,0.042601418925976665,sensitivity_only
id:x%3A0x1.c000000000000p%2B2,509,10.978,8.87844,8.904626132258818,0.6146774665960905,defined,-0.042601418925976665,sensitivity_only
id:x%3A0x1.c000000000000p%2B2,510,11.0,8.899999999999999,8.87381386774118,0.6146774665960905,defined,0.042601418925976665,sensitivity_only
id:x%3A0x1.0000000000000p%2B3,0,0.0,1.75,1.6919476917634815,0.6516075414303091,defined,0.0890909090909091,sensitivity_only
id:x%3A0x1.0000000000000p%2B3,1,0.022,1.75704,1.7859806571604704,0.6516075414303091,defined,-0.04441424526325227,sensitivity_only
id:x%3A0x1.0000000000000p%2B3,2,0.044,1.76408,1.7351393428395294,0.6516075414303091,defined,0.04441424526325227,sensitivity_only
id:x%3A0x1.0000000000000p%2B3,3,0.066,1.77112,1.8000606571604707,0.6516075414303091,defined,-0.04441424526325227,sensitivity_only
id:x%3A0x1.0000000000000p%2B3,4,0.088,1.77816,1.7492193428395293,0.6516075414303091,defined,0.04441424526325227,sensitivity_only
id:x%3A0x1.0000000000000p%2B3,5,0.11,1.7852,1.8141406571604706,0.6516075414303091,defined,-0.04441424526325227,sensitivity_only
id:x%3A0x1.0000000000000p%2B3,6,0.132,1.79224,1.7632993428395296,0.6516075414303091,defined,0.04441424526325227,sensitivity_only
id:x%3A0x1.0000000000000p%2B3,7,0.154,1.79928,1.8282206571604704,0.6516075414303091,defined,-0.04441424526325227,sensitivity_only
id:x%3A0x1.0000000000000p%2B3,8,0.176,1.80632,1.7773793428395295,0.6516075414303091,defined,0.04441424526325227,sensitivity_only
id:x%3A0x1.0000000000000p%2B3,9,0.198,1.81336,1.8423006571604708,0.6516075414303091,defined,-0.04441424526325227,sensitivity_only
id:x%3A0x1.0000000000000p%2B3,10,0.22,1.8204,1.7914593428395293,0.6516075414303091,defined,0.04441424526325227,sensitivity_only
id:x%3A0x1.0000000000000p%2B3,11,0.242,1.82744,1.8563806571604706,0.6516075414303091,defined,-0.04441424526325227,sensitivity_only
id:x%3A0x1.0000000000000p%2B3,12,0.264,1.83448,1.8055393428395297,0.6516075414303091,defined,0.04441424526325227,sensitivity_only
id:x%3A0x1.0000000000000p%2B3,13,0.286,1.84152,1.8704606571604705,0.6516075414303091,defined,-0.04441424526325227,sensitivity_only
id:x%3A0x1.0000000000000p%2B3,14,0.308,1.84856,1.8196193428395295,0.6516075414303091,defined,0.04441424526325227,sensitivity_only
id:x%3A0x1.0000000000000p%2B3,15,0.33,1.8556,1.8845406571604704,0.6516075414303091,defined,-0.04441424526325227,sensitivity_only
id:x%3A0x1.0000000000000p%2B3,16,0.352,1.86264,1.8336993428395294,0.6516075414303091,defined,0.04441424526325227,sensitivity_only
id:x%3A0x1.0000000000000p%2B3,17,0.374,1.86968,1.8986206571604707,0.6516075414303091,defined,-0.04441424526325227,sensitivity_only
id:x%3A0x1.0000000000000p%2B3,18,0.396,1.87672,1.8477793428395293,0.6516075414303091,defined,0.04441424526325227,sensitivity_only
id:x%3A0x1.0000000000000p%2B3,19,0.418,1.88376,1.9127006571604706,0.6516075414303091,defined,-0.04441424526325227,sensitivity_only
id:x%3A0x1.0000000000000p%2B3,20,0.44,1.8908,1.8618593428395296,0.6516075414303091,defined,0.04441424526325227,sensitivity_only
id:x%3A0x1.0000000000000p%2B3,21,0.462,1.89784,1.9267806571604704,0.6516075414303091,defined,-0.04441424526325227,sensitivity_only
id:x%3A0x1.0000000000000p%2B3,22,0.484,1.90488,1.8759393428395295,0.6516075414303091,defined,0.04441424526325227,sensitivity_only
id:x%3A0x1.0000000000000p%2B3,23,0.506,1.91192,1.943324557112316,0.7070829848886273,defined,-0.04441424526325227,sensitivity_only
id:x%3A0x1.0000000000000p%2B3,24,0.528,1.91896,1.887555442887684,0.7070829848886273,defined,0.04441424526325227,sensitivity_only
id:x%3A0x1.0000000000000p%2B3,25,0.55,1.926,1.957404557112316,0.7070829848886273,defined,-0.04441424526325227,sensitivity_only
id:x%3A0x1.0000000000000p%2B3,26,0.572,1.93304,1.901635442887684,0.7070829848886273,defined,0.04441424526325227,sensitivity_only
id:x%3A0x1.0000000000000p%2B3,27,0.594,1.94008,1.971484557112316,0.7070829848886273,defined,-0.04441424526325227,sensitivity_only
id:x%3A0x1.0000000000000p%2B3,28,0.616,1.94712,1.915715442887684,0.7070829848886273,defined,0.04441424526325227,sensitivity_only
id:x%3A0x1.0000000000000p%2B3,29,0.638,1.95416,1.985564557112316,0.7070829848886273,defined,-0.04441424526325227,sensitivity_only
id:x%3A0x1.0000000000000p%2B3,30,0.66,1.9612,1.929795442887684,0.7070829848886273,defined,0.04441424526325227,sensitivity_only
id:x%3A0x1.0000000000000p%2B3,31,0.682,1.96824,1.999644557112316,0.7070829848886273,defined,-0.04441424526325227,sensitivity_only
id:x%3A0x1.0000000000000p%2B3,32,0.704,1.97528,1.9438754428876839,0.7070829848886273,defined,0.04441424526325227,sensitivity_only
id:x%3A0x1.0000000000000p%2B3,33,0.726,1.98232,2.013724557112316,0.7070829848886273,defined,-0.04441424526325227,sensitivity_only
id:x%3A0x1.0000000000000p%2B3,34,0.748,1.98936,1.957955442887684,0.7070829848886273,defined,0.04441424526325227,sensitivity_only
id:x%3A0x1.0000000000000p%2B3,35,0.77,1.9964,2.027804557112316,0.7070829848886273,defined,-0.04441424526325227,sensitivity_only
id:x%3A0x1.0000000000000p%2B3,36,0.792,2.00344,1.9720354428876838,0.7070829848886273,defined,0.04441424526325227,sensitivity_only
id:x%3A0x1.0000000000000p%2B3,37,0.814,2.01048,2.041884557112316,0.7070829848886273,defined,-0.04441424526325227,sensitivity_only
id:x%3A0x1.0000000000000p%2B3,38,0.836,2.01752,1.9861154428876842,0.7070829848886273,defined,0.04441424526325227,sensitivity_only
id:x%3A0x1.0000000000000p%2B3,39,0.858,2.02456,2.055964557112316,0.7070829848886273,defined,-0.04441424526325227,sensitivity_only
id:x%3A0x1.0000000000000p%2B3,40,0.88,2.0316,2.000195442887684,0.7070829848886273,defined,0.04441424526325227,sensitivity_only
id:x%3A0x1.0000000000000p%2B3,41,0.902,2.03864,2.070044557112316,0.7070829848886273,defined,-0.04441424526325227,sensitivity_only
id:x%3A0x1.0000000000000p%2B3,42,0.924,2.04568,2.014275442887684,0.7070829848886273,defined,0.04441424526325227,sensitivity_only
id:x%3A0x1.0000000000000p%2B3,43,0.946,2.05272,2.084124557112316,0.7070829848886273,defined,-0.04441424526325227,sensitivity_only
id:x%3A0x1.0000000000000p%2B3,44,0.968,2.05976,2.0283554428876838,0.7070829848886273,defined,0.04441424526325227,sensitivity_only
id:x%3A0x1.0000000000000p%2B3,45,0.99,2.0668,2.0982045571123162,0.7070829848886273,defined,-0.04441424526325227,sensitivity_only
id:x%3A0x1.0000000000000p%2B3,46,1.0,2.07,2.038595442887684,0.7070829848886273,defined,0.04441424526325227,sensitivity_only
id:x%3A0x1.0000000000000p%2B3,47,1.012,2.07384,2.105244557112316,0.7070829848886273,defined,-0.04441424526325227,sensitivity_only
id:x%3A0x1.0000000000000p%2B3,48,1.034,2.08088,2.049475442887684,0.7070829848886273,defined,0.04441424526325227,sensitivity_only
id:x%3A0x1.0000000000000p%2B3,49,1.056,2.08792,2.119324557112316,0.7070829848886273,defined,-0.04441424526325227,sensitivity_only
id:x%3A0x1.0000000000000p%2B3,50,1.078,2.09496,2.063555442887684,0.7070829848886273,defined,0.04441424526325227,sensitivity_only
id:x%3A0x1.0000000000000p%2B3,51,1.1,2.102,2.133404557112316,0.7070829848886273,defined,-0.04441424526325227,sensitivity_only
id:x%3A0x1.0000000000000p%2B3,52,1.122,2.1090400000000002,2.077635442887684,0.7070829848886273,defined,0.04441424526325227,sensitivity_only
id:x%3A0x1.0000000000000p%2B3,53,1.144,2.11608,2.1474845571123162,0.7070829848886273,defined,-0.04441424526325227,sensitivity_only
id:x%3A0x1.0000000000000p%2B3,54,1.166,2.12312,2.091715442887684,0.7070829848886273,defined,0.04441424526325227,sensitivity_only
id:x%3A0x1.0000000000000p%2B3,55,1.188,2.13016,2.161564557112316,0.7070829848886273,defined,-0.04441424526325227,sensitivity_only
id:x%3A0x1.0000000000000p%2B3,56,1.21,2.1372,2.105795442887684,0.7070829848886273,defined,0.04441424526325227,sensitivity_only
id:x%3A0x1.0000000000000p%2B3,57,1.232,2.14424,2.175644557112316,0.7070829848886273,defined,-0.04441424526325227,sensitivity_only
id:x%3A0x1.0000000000000p%2B3,58,1.254,2.15128,2.119875442887684,0.7070829848886273,defined,0.04441424526325227,sensitivity_only
id:x%3A0x1.0000000000000p%2B3,59,1.276,2.15832,2.189724557112316,0.7070829848886273,defined,-0.04441424526325227,sensitivity_only
id:x%3A0x1.0000000000000p%2B3,60,1.298,2.16536,2.133955442887684,0.7070829848886273,defined,0.04441424526325227,sensitivity_only
id:x%3A0x1.0000000000000p%2B3,61,1.32,2.1724,2.203804557112316,0.7070829848886273,defined,-0.04441424526325227,sensitivity_only
id:x%3A0x1.0000000000000p%2B3,62,1.342,2.17944,2.148035442887684,0.7070829848886273,defined,0.04441424526325227,sensitivity_only
id:x%3A0x1.0000000000000p%2B3,63,1.364,2.18648,2.217884557112316,0.7070829848886273,defined,-0.04441424526325227,sensitivity_only
id:x%3A0x1.0000000000000p%2B3,64,1.386,2.19352,2.162115442887684,0.7070829848886273,defined,0.04441424526325227,sensitivity_only
id:x%3A0x1.0000000000000p%2B3,65,1.408,2.20056,2.231964557112316,0.7070829848886273,defined,-0.04441424526325227,sensitivity_only
id:x%3A0x1.0000000000000p%2B3,66,1.43,2.2076000000000002,2.176195442887684,0.7070829848886273,defined,0.04441424526325227,sensitivity_only
id:x%3A0x1.0000000000000p%2B3,67,1.452,2.21464,2.246044557112316,0.7070829848886273,defined,-0.04441424526325227,sensitivity_only
id:x%3A0x1.0000000000000p%2B3,68,1.474,2.22168,2.190275442887684,0.7070829848886273,defined,0.04441424526325227,sensitivity_only
id:x%3A0x1.0000000000000p%2B3,69,1.496,2.22872,2.260124557112316,0.7070829848886273,defined,-0.04441424526325227,sensitivity_only
id:x%3A0x1.0000000000000p%2B3,70,1.518,2.23576,2.200616805136218,0.7912595307087035,defined,0.04441424526325227,sensitivity_only
id:x%3A0x1.0000000000000p%2B3,71,1.54,2.2428,2.277943194863782,0.7912595307087035,defined,-0.04441424526325227,sensitivity_only
id:x%3A0x1.0000000000000p%2B3,72,1.562,2.24984,2.2146968051362177,0.7912595307087035,defined,0.04441424526325227,sensitivity_only
id:x%3A0x1.0000000000000p%2B3,73,1.584,2.2568799999999998,2.292023194863782,0.7912595307087035,defined,-0.04441424526325227,sensitivity_only
id:x%3A0x1.0000000000000p%2B3,74,1.606,2.26392,2.228776805136218,0.7912595307087035,defined,0.04441424526325227,sensitivity_only
id:x%3A0x1.0000000000000p%2B3,75,1.628,2.27096,2.3061031948637822,0.7912595307087035,defined,-0.04441424526325227,sensitivity_only
id:x%3A0x1.0000000000000p%2B3,76,1.65,2.278,2.242856805136218,0.7912595307087035,defined,0.04441424526325227,sensitivity_only
id:x%3A0x1.0000000000000p%2B3,77,1.672,2.28504,2.320183194863782,0.7912595307087035,defined,-0.04441424526325227,sensitivity_only
id:x%3A0x1.0000000000000p%2B3,78,1.694,2.29208,2.2569368051362177,0.7912595307087035,defined,0.04441424526325227,sensitivity_only
id:x%3A0x1.0000000000000p%2B3,79,1.716,2.2991200000000003,2.3342631948637824,0.7912595307087035,defined,-0.04441424526325227,sensitivity_only
id:x%3A0x1.0000000000000p%2B3,80,1.738,2.30616,2.271016805136218,0.7912595307087035,defined,0.04441424526325227,sensitivity_only
id:x%3A0x1.0000000000000p%2B3,81,1.76,2.3132,2.3483431948637823,0.7912595307087035,defined,-0.04441424526325227,sensitivity_only
id:x%3A0x1.0000000000000p%2B3,82,1.782,2.32024,2.285096805136218,0.7912595307087035,defined,0.04441424526325227,sensitivity_only
id:x%3A0x1.0000000000000p%2B3,83,1.804,2.32728,2.362423194863782,0.7912595307087035,defined,-0.04441424526325227,sensitivity_only
id:x%3A0x1.0000000000000p%2B3,84,1.826,2.33432,2.299176805136218,0.7912595307087035,defined,0.04441424526325227,sensitivity_only
id:x%3A0x1.0000000000000p%2B3,85,1.848,2.34136,2.376503194863782,0.7912595307087035,defined,-0.04441424526325227,sensitivity_only
id:x%3A0x1.0000000000000p%2B3,86,1.87,2.3484,2.3132568051362177,0.7912595307087035,defined,0.04441424526325227,sensitivity_only
id:x%3A0x1.0000000000000p%2B3,87,1.892,2.3554399999999998,2.390583194863782,0.7912595307087035,defined,-0.04441424526325227,sensitivity_only
id:x%3A0x1.0000000000000p%2B3,88,1.914,2.36248,2.327336805136218,0.7912595307087035,defined,0.04441424526325227,sensitivity_only
id:x%3A0x1.0000000000000p%2B3,89,1.936,2.36952,2.404663194863782,0.7912595307087035,defined,-0.04441424526325227,sensitivity_only
id:x%3A0x1.0000000000000p%2B3,90,1.958,2.37656,2.341416805136218,0.7912595307087035,defined,0.04441424526325227,sensitivity_only
id:x%3A0x1.0000000000000p%2B3,91,1.98,2.3836,2.418743194863782,0.7912595307087035,defined,-0.04441424526325227,sensitivity_only
id:x%3A0x1.0000000000000p%2B3,92,2.0,2.39,2.354856805136218,0.7912595307087035,defined,0.04441424526325227,sensitivity_only
id:x%3A0x1.0000000000000p%2B3,93,2.002,2.39064,2.425783194863782,0.7912595307087035,defined,-0.04441424526325227,sensitivity_only
id:x%3A0x1.0000000000000p%2B3,94,2.024,2.3976800000000003,2.362536805136218,0.7912595307087035,defined,0.04441424526325227,sensitivity_only
id:x%3A0x1.0000000000000p%2B3,95,2.046,2.40472,2.4398631948637823,0.7912595307087035,defined,-0.04441424526325227,sensitivity_only
id:x%3A0x1.0000000000000p%2B3,96,2.068,2.41176,2.376616805136218,0.7912595307087035,defined,0.04441424526325227,sensitivity_only
id:x%3A0x1.0000000000000p%2B3,97,2.09,2.4188,2.453943194863782,0.7912595307087035,defined,-0.04441424526325227,sensitivity_only
id:x%3A0x1.0000000000000p%2B3,98,2.112,2.42584,2.390696805136218,0.7912595307087035,defined,0.04441424526325227,sensitivity_only
id:x%3A0x1.0000000000000p%2B3,99,2.134,2.43288,2.468023194863782,0.7912595307087035,defined,-0.04441424526325227,sensitivity_only
id:x%3A0x1.0000000000000p%2B3,100,2.156,2.43992,2.4047768051362177,0.7912595307087035,defined,0.04441424526325227,sensitivity_only
id:x%3A0x1.0000000000000p%2B3,101,2.178,2.44696,2.482103194863782,0.7912595307087035,defined,-0.04441424526325227,sensitivity_only
id:x%3A0x1.0000000000000p%2B3,102,2.2,2.454,2.418856805136218,0.7912595307087035,defined,0.04441424526325227,sensitivity_only
id:x%3A0x1.0000000000000p%2B3,103,2.222,2.46104,2.4961831948637823,0.7912595307087035,defined,-0.04441424526325227,sensitivity_only
id:x%3A0x1.0000000000000p%2B3,104,2.244,2.46808,2.432936805136218,0.7912595307087035,defined,0.04441424526325227,sensitivity_only
id:x%3A0x1.0000000000000p%2B3,105,2.266,2.47512,2.510263194863782,0.7912595307087035,defined,-0.04441424526325227,sensitivity_only
id:x%3A0x1.0000000000000p%2B3,106,2.288,2.48216,2.4470168051362178,0.7912595307087035,defined,0.04441424526325227,sensitivity_only
id:x%3A0x1.0000000000000p%2B3,107,2.31,2.4892000000000003,2.5243431948637824,0.7912595307087035,defined,-0.04441424526325227,sensitivity_only
id:x%3A0x1.0000000000000p%2B3,108,2.332,2.4962400000000002,2.461096805136218,0.7912595307087035,defined,0.04441424526325227,sensitivity_only
id:x%3A0x1.0000000000000p%2B3,109,2.354,2.50328,2.5384231948637823,0.7912595307087035,defined,-0.04441424526325227,sensitivity_only
id:x%3A0x1.0000000000000p%2B3,110,2.376,2.51032,2.475176805136218,0.7912595307087035,defined,0.04441424526325227,sensitivity_only
id:x%3A0x1.0000000000000p%2B3,111,2.398,2.51736,2.552503194863782,0.7912595307087035,defined,-0.04441424526325227,sensitivity_only
id:x%3A0x1.0000000000000p%2B3,112,2.42,2.5244,2.489256805136218,0.7912595307087035,defined,0.04441424526325227,sensitivity_only
id:x%3A0x1.0000000000000p%2B3,113,2.442,2.53144,2.566583194863782,0.7912595307087035,defined,-0.04441424526325227,sensitivity_only
id:x%3A0x1.0000000000000p%2B3,114,2.464,2.53848,2.5033368051362177,0.7912595307087035,defined,0.04441424526325227,sensitivity_only
id:x%3A0x1.0000000000000p%2B3,115,2.486,2.5455200000000002,2.5806631948637824,0.7912595307087035,defined,-0.04441424526325227,sensitivity_only
id:x%3A0x1.0000000000000p%2B3,116,2.508,2.55256,2.5149529051843724,0.8467349741670217,defined,0.04441424526325227,sensitivity_only
id:x%3A0x1.0000000000000p%2B3,117,2.53,2.5596,2.597207094815628,0.8467349741670217,defined,-0.04441424526325227,sensitivity_only
id:x%3A0x1.0000000000000p%2B3,118,2.552,2.56664,2.5290329051843723,0.8467349741670217,defined,0.04441424526325227,sensitivity_only
id:x%3A0x1.0000000000000p%2B3,119,2.574,2.57368,2.6112870948156277,0.8467349741670217,defined,-0.04441424526325227,sensitivity_only
id:x%3A0x1.0000000000000p%2B3,120,2.596,2.58072,2.543112905184372,0.8467349741670217,defined,0.04441424526325227,sensitivity_only
id:x%3A0x1.0000000000000p%2B3,121,2.618,2.58776,2.6253670948156276,0.8467349741670217,defined,-0.04441424526325227,sensitivity_only
id:x%3A0x1.0000000000000p%2B3,122,2.64,2.5948,2.5571929051843725,0.8467349741670217,defined,0.04441424526325227,sensitivity_only
id:x%3A0x1.0000000000000p%2B3,123,2.662,2.60184,2.639447094815628,0.8467349741670217,defined,-0.04441424526325227,sensitivity_only
id:x%3A0x1.0000000000000p%2B3,124,2.684,2.60888,2.5712729051843723,0.8467349741670217,defined,0.04441424526325227,sensitivity_only
id:x%3A0x1.0000000000000p%2B3,125,2.706,2.61592,2.6535270948156278,0.8467349741670217,defined,-0.04441424526325227,sensitivity_only
id:x%3A0x1.0000000000000p%2B3,126,2.728,2.62296,2.585352905184372,0.8467349741670217,defined,0.04441424526325227,sensitivity_only
id:x%3A0x1.0000000000000p%2B3,127,2.75,2.63,2.6676070948156276,0.8467349741670217,defined,-0.04441424526325227,sensitivity_only
id:x%3A0x1.0000000000000p%2B3,128,2.772,2.63704,2.599432905184372,0.8467349741670217,defined,0.04441424526325227,sensitivity_only
id:x%3A0x1.0000000000000p%2B3,129,2.794,2.6440799999999998,2.6816870948156275,0.8467349741670217,defined,-0.04441424526325227,sensitivity_only
id:x%3A0x1.0000000000000p%2B3,130,2.816,2.6511199999999997,2.613512905184372,0.8467349741670217,defined,0.04441424526325227,sensitivity_only
id:x%3A0x1.0000000000000p%2B3,131,2.838,2.65816,2.695767094815628,0.8467349741670217,defined,-0.04441424526325227,sensitivity_only
id:x%3A0x1.0000000000000p%2B3,132,2.86,2.6652,2.6275929051843723,0.8467349741670217,defined,0.04441424526325227,sensitivity_only
id:x%3A0x1.0000000000000p%2B3,133,2.882,2.67224,2.7098470948156277,0.8467349741670217,defined,-0.04441424526325227,sensitivity_only
id:x%3A0x1.0000000000000p%2B3,134,2.904,2.67928,2.641672905184372,0.8467349741670217,defined,0.04441424526325227,sensitivity_only
id:x%3A0x1.0000000000000p%2B3,135,2.926,2.6863200000000003,2.723927094815628,0.8467349741670217,defined,-0.04441424526325227,sensitivity_only
id:x%3A0x1.0000000000000p%2B3,136,2.948,2.69336,2.6557529051843725,0.8467349741670217,defined,0.04441424526325227,sensitivity_only
id:x%3A0x1.0000000000000p%2B3,137,2.97,2.7004,2.738007094815628,0.8467349741670217,defined,-0.04441424526325227,sensitivity_only
id:x%3A0x1.0000000000000p%2B3,138,2.992,2.70744,2.6698329051843723,0.8467349741670217,defined,0.04441424526325227,sensitivity_only
id:x%3A0x1.0000000000000p%2B3,139,3.0,2.71,2.7476070948156277,0.8467349741670217,defined,-0.04441424526325227,sensitivity_only
id:x%3A0x1.0000000000000p%2B3,140,3.014,2.71448,2.6768729051843723,0.8467349741670217,defined,0.04441424526325227,sensitivity_only
id:x%3A0x1.0000000000000p%2B3,141,3.036,2.72152,2.7591270948156277,0.8467349741670217,defined,-0.04441424526325227,sensitivity_only
id:x%3A0x1.0000000000000p%2B3,142,3.058,2.72856,2.690952905184372,0.8467349741670217,defined,0.04441424526325227,sensitivity_only
id:x%3A0x1.0000000000000p%2B3,143,3.08,2.7356,2.7732070948156275,0.8467349741670217,defined,-0.04441424526325227,sensitivity_only
id:x%3A0x1.0000000000000p%2B3,144,3.102,2.7426399999999997,2.705032905184372,0.8467349741670217,defined,0.04441424526325227,sensitivity_only
id:x%3A0x1.0000000000000p%2B3,145,3.124,2.74968,2.787287094815628,0.8467349741670217,defined,-0.04441424526325227,sensitivity_only
id:x%3A0x1.0000000000000p%2B3,146,3.146,2.75672,2.7191129051843723,0.8467349741670217,defined,0.04441424526325227,sensitivity_only
id:x%3A0x1.0000000000000p%2B3,147,3.168,2.76376,2.8013670948156277,0.8467349741670217,defined,-0.04441424526325227,sensitivity_only
id:x%3A0x1.0000000000000p%2B3,148,3.19,2.7708,2.733192905184372,0.8467349741670217,defined,0.04441424526325227,sensitivity_only
id:x%3A0x1.0000000000000p%2B3,149,3.212,2.7778400000000003,2.815447094815628,0.8467349741670217,defined,-0.04441424526325227,sensitivity_only
id:x%3A0x1.0000000000000p%2B3,150,3.234,2.7848800000000002,2.7472729051843725,0.8467349741670217,defined,0.04441424526325227,sensitivity_only
id:x%3A0x1.0000000000000p%2B3,151,3.256,2.79192,2.829527094815628,0.8467349741670217,defined,-0.04441424526325227,sensitivity_only
id:x%3A0x1.0000000000000p%2B3,152,3.278,2.79896,2.7613529051843724,0.8467349741670217,defined,0.04441424526325227,sensitivity_only
id:x%3A0x1.0000000000000p%2B3,153,3.3,2.806,2.843607094815628,0.8467349741670217,defined,-0.04441424526325227,sensitivity_only
id:x%3A0x1.0000000000000p%2B3,154,3.322,2.81304,2.7754329051843722,0.8467349741670217,defined,0.04441424526325227,sensitivity_only
id:x%3A0x1.0000000000000p%2B3,155,3.344,2.82008,2.8576870948156277,0.8467349741670217,defined,-0.04441424526325227,sensitivity_only
id:x%3A0x1.0000000000000p%2B3,156,3.366,2.82712,2.789512905184372,0.8467349741670217,defined,0.04441424526325227,sensitivity_only
id:x%3A0x1.0000000000000p%2B3,157,3.388,2.83416,2.8717670948156275,0.8467349741670217,defined,-0.04441424526325227,sensitivity_only
id:x%3A0x1.0000000000000p%2B3,158,3.41,2.8412,2.8035929051843724,0.8467349741670217,defined,0.04441424526325227,sensitivity_only
id:x%3A0x1.0000000000000p%2B3,159,3.432,2.84824,2.885847094815628,0.8467349741670217,defined,-0.04441424526325227,sensitivity_only
id:x%3A0x1.0000000000000p%2B3,160,3.454,2.85528,2.8176729051843723,0.8467349741670217,defined,0.04441424526325227,sensitivity_only
id:x%3A0x1.0000000000000p%2B3,161,3.476,2.86232,2.8999270948156277,0.8467349741670217,defined,-0.04441424526325227,sensitivity_only
id:x%3A0x1.0000000000000p%2B3,162,3.498,2.8693600000000004,2.8317529051843726,0.8467349741670217,defined,0.04441424526325227,sensitivity_only
id:x%3A0x1.0000000000000p%2B3,163,3.52,2.8764000000000003,2.914007094815628,0.8467349741670217,defined,-0.04441424526325227,sensitivity_only
id:x%3A0x1.0000000000000p%2B3,164,3.542,2.8834400000000002,2.8458329051843725,0.8467349741670217,defined,0.04441424526325227,sensitivity_only
id:x%3A0x1.0000000000000p%2B3,165,3.564,2.89048,2.928087094815628,0.8467349741670217,defined,-0.04441424526325227,sensitivity_only
id:x%3A0x1.0000000000000p%2B3,166,3.586,2.89752,2.8599129051843724,0.8467349741670217,defined,0.04441424526325227,sensitivity_only
id:x%3A0x1.0000000000000p%2B3,167,3.608,2.90456,2.9421670948156278,0.8467349741670217,defined,-0.04441424526325227,sensitivity_only
id:x%3A0x1.0000000000000p%2B3,168,3.63,2.9116,2.8739929051843722,0.8467349741670217,defined,0.04441424526325227,sensitivity_only
id:x%3A0x1.0000000000000p%2B3,169,3.652,2.91864,2.9562470948156276,0.8467349741670217,defined,-0.04441424526325227,sensitivity_only
id:x%3A0x1.0000000000000p%2B3,170,3.674,2.92568,2.888072905184372,0.8467349741670217,defined,0.04441424526325227,sensitivity_only
id:x%3A0x1.0000000000000p%2B3,171,3.696,2.9327199999999998,2.9703270948156275,0.8467349741670217,defined,-0.04441424526325227,sensitivity_only
id:x%3A0x1.0000000000000p%2B3,172,3.718,2.9397599999999997,2.902152905184372,0.8467349741670217,defined,0.04441424526325227,sensitivity_only
id:x%3A0x1.0000000000000p%2B3,173,3.74,2.9468,2.984407094815628,0.8467349741670217,defined,-0.04441424526325227,sensitivity_only
id:x%3A0x1.0000000000000p%2B3,174,3.762,2.95384,2.9162329051843723,0.8467349741670217,defined,0.04441424526325227,sensitivity_only
id:x%3A0x1.0000000000000p%2B3,175,3.784,2.96088,2.9984870948156277,0.8467349741670217,defined,-0.04441424526325227,sensitivity_only
id:x%3A0x1.0000000000000p%2B3,176,3.806,2.9679200000000003,2.9303129051843726,0.8467349741670217,defined,0.04441424526325227,sensitivity_only
id:x%3A0x1.0000000000000p%2B3,177,3.828,2.9749600000000003,3.012567094815628,0.8467349741670217,defined,-0.04441424526325227,sensitivity_only
id:x%3A0x1.0000000000000p%2B3,178,3.85,2.982,2.9443929051843725,0.8467349741670217,defined,0.04441424526325227,sensitivity_only
id:x%3A0x1.0000000000000p%2B3,179,3.872,2.98904,3.026647094815628,0.8467349741670217,defined,-0.04441424526325227,sensitivity_only
id:x%3A0x1.0000000000000p%2B3,180,3.894,2.99608,2.9584729051843723,0.8467349741670217,defined,0.04441424526325227,sensitivity_only
id:x%3A0x1.0000000000000p%2B3,181,3.916,3.00312,3.0407270948156278,0.8467349741670217,defined,-0.04441424526325227,sensitivity_only
id:x%3A0x1.0000000000000p%2B3,182,3.938,3.01016,2.972552905184372,0.8467349741670217,defined,0.04441424526325227,sensitivity_only
id:x%3A0x1.0000000000000p%2B3,183,3.96,3.0172,3.0548070948156276,0.8467349741670217,defined,-0.04441424526325227,sensitivity_only
id:x%3A0x1.0000000000000p%2B3,184,3.982,3.02424,2.986632905184372,0.8467349741670217,defined,0.04441424526325227,sensitivity_only
id:x%3A0x1.0000000000000p%2B3,185,4.0,3.0300000000000002,3.067607094815628,0.8467349741670217,defined,-0.04441424526325227,sensitivity_only
id:x%3A0x1.0000000000000p%2B3,186,4.004,3.0312799999999998,2.993672905184372,0.8467349741670217,defined,0.04441424526325227,sensitivity_only
id:x%3A0x1.0000000000000p%2B3,187,4.026,3.0383199999999997,3.0759270948156274,0.8467349741670217,defined,-0.04441424526325227,sensitivity_only
id:x%3A0x1.0000000000000p%2B3,188,4.048,3.04536,3.0077529051843723,0.8467349741670217,defined,0.04441424526325227,sensitivity_only
id:x%3A0x1.0000000000000p%2B3,189,4.07,3.0524000000000004,3.090007094815628,0.8467349741670217,defined,-0.04441424526325227,sensitivity_only
id:x%3A0x1.0000000000000p%2B3,190,4.092,3.05944,3.021832905184372,0.8467349741670217,defined,0.04441424526325227,sensitivity_only
id:x%3A0x1.0000000000000p%2B3,191,4.114,3.0664800000000003,3.104087094815628,0.8467349741670217,defined,-0.04441424526325227,sensitivity_only
id:x%3A0x1.0000000000000p%2B3,192,4.136,3.0735200000000003,3.0359129051843725,0.8467349741670217,defined,0.04441424526325227,sensitivity_only
id:x%3A0x1.0000000000000p%2B3,193,4.158,3.08056,3.118167094815628,0.8467349741670217,defined,-0.04441424526325227,sensitivity_only
id:x%3A0x1.0000000000000p%2B3,194,4.18,3.0876,3.0499929051843724,0.8467349741670217,defined,0.04441424526325227,sensitivity_only
id:x%3A0x1.0000000000000p%2B3,195,4.202,3.09464,3.132247094815628,0.8467349741670217,defined,-0.04441424526325227,sensitivity_only
id:x%3A0x1.0000000000000p%2B3,196,4.224,3.10168,3.0640729051843723,0.8467349741670217,defined,0.04441424526325227,sensitivity_only
id:x%3A0x1.0000000000000p%2B3,197,4.246,3.10872,3.1463270948156277,0.8467349741670217,defined,-0.04441424526325227,sensitivity_only
id:x%3A0x1.0000000000000p%2B3,198,4.268,3.11576,3.078152905184372,0.8467349741670217,defined,0.04441424526325227,sensitivity_only
id:x%3A0x1.0000000000000p%2B3,199,4.29,3.1228,3.1604070948156275,0.8467349741670217,defined,-0.04441424526325227,sensitivity_only
id:x%3A0x1.0000000000000p%2B3,200,4.312,3.12984,3.0922329051843724,0.8467349741670217,defined,0.04441424526325227,sensitivity_only
id:x%3A0x1.0000000000000p%2B3,201,4.334,3.1368799999999997,3.1744870948156274,0.8467349741670217,defined,-0.04441424526325227,sensitivity_only
id:x%3A0x1.0000000000000p%2B3,202,4.356,3.14392,3.1063129051843723,0.8467349741670217,defined,0.04441424526325227,sensitivity_only
id:x%3A0x1.0000000000000p%2B3,203,4.378,3.15096,3.1885670948156277,0.8467349741670217,defined,-0.04441424526325227,sensitivity_only
id:x%3A0x1.0000000000000p%2B3,204,4.4,3.1580000000000004,3.1203929051843726,0.8467349741670217,defined,0.04441424526325227,sensitivity_only
id:x%3A0x1.0000000000000p%2B3,205,4.422,3.16504,3.2026470948156276,0.8467349741670217,defined,-0.04441424526325227,sensitivity_only
id:x%3A0x1.0000000000000p%2B3,206,4.444,3.1720800000000002,3.1344729051843725,0.8467349741670217,defined,0.04441424526325227,sensitivity_only
id:x%3A0x1.0000000000000p%2B3,207,4.466,3.17912,3.216727094815628,0.8467349741670217,defined,-0.04441424526325227,sensitivity_only
id:x%3A0x1.0000000000000p%2B3,208,4.488,3.18616,3.1485529051843724,0.8467349741670217,defined,0.04441424526325227,sensitivity_only
id:x%3A0x1.0000000000000p%2B3,209,4.51,3.1932,3.228343194863782,0.7912595307087035,defined,-0.04441424526325227,sensitivity_only
id:x%3A0x1.0000000000000p%2B3,210,4.532,3.20024,3.165096805136218,0.7912595307087035,defined,0.04441424526325227,sensitivity_only
id:x%3A0x1.0000000000000p%2B3,211,4.554,3.20728,3.242423194863782,0.7912595307087035,defined,-0.04441424526325227,sensitivity_only
id:x%3A0x1.0000000000000p%2B3,212,4.576,3.21432,3.1791768051362177,0.7912595307087035,defined,0.04441424526325227,sensitivity_only
id:x%3A0x1.0000000000000p%2B3,213,4.598,3.22136,3.256503194863782,0.7912595307087035,defined,-0.04441424526325227,sensitivity_only
id:x%3A0x1.0000000000000p%2B3,214,4.62,3.2284,3.193256805136218,0.7912595307087035,defined,0.04441424526325227,sensitivity_only
id:x%3A0x1.0000000000000p%2B3,215,4.642,3.23544,3.2705831948637822,0.7912595307087035,defined,-0.04441424526325227,sensitivity_only
id:x%3A0x1.0000000000000p%2B3,216,4.664,3.24248,3.207336805136218,0.7912595307087035,defined,0.04441424526325227,sensitivity_only
id:x%3A0x1.0000000000000p%2B3,217,4.686,3.24952,3.284663194863782,0.7912595307087035,defined,-0.04441424526325227,sensitivity_only
id:x%3A0x1.0000000000000p%2B3,218,4.708,3.2565600000000003,3.221416805136218,0.7912595307087035,defined,0.04441424526325227,sensitivity_only
id:x%3A0x1.0000000000000p%2B3,219,4.73,3.2636000000000003,3.2987431948637824,0.7912595307087035,defined,-0.04441424526325227,sensitivity_only
id:x%3A0x1.0000000000000p%2B3,220,4.752,3.27064,3.235496805136218,0.7912595307087035,defined,0.04441424526325227,sensitivity_only
id:x%3A0x1.0000000000000p%2B3,221,4.774,3.27768,3.3128231948637823,0.7912595307087035,defined,-0.04441424526325227,sensitivity_only
id:x%3A0x1.0000000000000p%2B3,222,4.796,3.28472,3.249576805136218,0.7912595307087035,defined,0.04441424526325227,sensitivity_only
id:x%3A0x1.0000000000000p%2B3,223,4.818,3.29176,3.326903194863782,0.7912595307087035,defined,-0.04441424526325227,sensitivity_only
id:x%3A0x1.0000000000000p%2B3,224,4.84,3.2988,3.263656805136218,0.7912595307087035,defined,0.04441424526325227,sensitivity_only
id:x%3A0x1.0000000000000p%2B3,225,4.862,3.30584,3.340983194863782,0.7912595307087035,defined,-0.04441424526325227,sensitivity_only
id:x%3A0x1.0000000000000p%2B3,226,4.884,3.31288,3.2777368051362177,0.7912595307087035,defined,0.04441424526325227,sensitivity_only
id:x%3A0x1.0000000000000p%2B3,227,4.906,3.3199199999999998,3.355063194863782,0.7912595307087035,defined,-0.04441424526325227,sensitivity_only
id:x%3A0x1.0000000000000p%2B3,228,4.928,3.3269599999999997,3.2918168051362175,0.7912595307087035,defined,0.04441424526325227,sensitivity_only
id:x%3A0x1.0000000000000p%2B3,229,4.95,3.334,3.369143194863782,0.7912595307087035,defined,-0.04441424526325227,sensitivity_only
id:x%3A0x1.0000000000000p%2B3,230,4.972,3.3410400000000005,3.3058968051362183,0.7912595307087035,defined,0.04441424526325227,sensitivity_only
id:x%3A0x1.0000000000000p%2B3,231,4.994,3.34808,3.383223194863782,0.7912595307087035,defined,-0.04441424526325227,sensitivity_only
id:x%3A0x1.0000000000000p%2B3,232,5.0,3.35,3.314856805136218,0.7912595307087035,defined,0.04441424526325227,sensitivity_only
id:x%3A0x1.0000000000000p%2B3,233,5.016,3.3551200000000003,3.3902631948637825,0.7912595307087035,defined,-0.04441424526325227,sensitivity_only
id:x%3A0x1.0000000000000p%2B3,234,5.038,3.3621600000000003,3.327016805136218,0.7912595307087035,defined,0.04441424526325227,sensitivity_only
id:x%3A0x1.0000000000000p%2B3,235,5.06,3.3692,3.4043431948637823,0.7912595307087035,defined,-0.04441424526325227,sensitivity_only
id:x%3A0x1.0000000000000p%2B3,236,5.082,3.37624,3.341096805136218,0.7912595307087035,defined,0.04441424526325227,sensitivity_only
id:x%3A0x1.0000000000000p%2B3,237,5.104,3.38328,3.418423194863782,0.7912595307087035,defined,-0.04441424526325227,sensitivity_only
id:x%3A0x1.0000000000000p%2B3,238,5.126,3.39032,3.355176805136218,0.7912595307087035,defined,0.04441424526325227,sensitivity_only
id:x%3A0x1.0000000000000p%2B3,239,5.148,3.39736,3.432503194863782,0.7912595307087035,defined,-0.04441424526325227,sensitivity_only
id:x%3A0x1.0000000000000p%2B3,240,5.17,3.4044,3.3692568051362177,0.7912595307087035,defined,0.04441424526325227,sensitivity_only
id:x%3A0x1.0000000000000p%2B3,241,5.192,3.41144,3.446583194863782,0.7912595307087035,defined,-0.04441424526325227,sensitivity_only
id:x%3A0x1.0000000000000p%2B3,242,5.214,3.41848,3.383336805136218,0.7912595307087035,defined,0.04441424526325227,sensitivity_only
id:x%3A0x1.0000000000000p%2B3,243,5.236,3.4255199999999997,3.460663194863782,0.7912595307087035,defined,-0.04441424526325227,sensitivity_only
id:x%3A0x1.0000000000000p%2B3,244,5.258,3.43256,3.397416805136218,0.7912595307087035,defined,0.04441424526325227,sensitivity_only
id:x%3A0x1.0000000000000p%2B3,245,5.28,3.4396000000000004,3.4747431948637826,0.7912595307087035,defined,-0.04441424526325227,sensitivity_only
id:x%3A0x1.0000000000000p%2B3,246,5.302,3.44664,3.411496805136218,0.7912595307087035,defined,0.04441424526325227,sensitivity_only
id:x%3A0x1.0000000000000p%2B3,247,5.324,3.4536800000000003,3.4888231948637825,0.7912595307087035,defined,-0.04441424526325227,sensitivity_only
id:x%3A0x1.0000000000000p%2B3,248,5.346,3.4607200000000002,3.425576805136218,0.7912595307087035,defined,0.04441424526325227,sensitivity_only
id:x%3A0x1.0000000000000p%2B3,249,5.368,3.46776,3.5029031948637823,0.7912595307087035,defined,-0.04441424526325227,sensitivity_only
id:x%3A0x1.0000000000000p%2B3,250,5.39,3.4748,3.439656805136218,0.7912595307087035,defined,0.04441424526325227,sensitivity_only
id:x%3A0x1.0000000000000p%2B3,251,5.412,3.48184,3.516983194863782,0.7912595307087035,defined,-0.04441424526325227,sensitivity_only
id:x%3A0x1.0000000000000p%2B3,252,5.434,3.48888,3.453736805136218,0.7912595307087035,defined,0.04441424526325227,sensitivity_only
id:x%3A0x1.0000000000000p%2B3,253,5.456,3.49592,3.531063194863782,0.7912595307087035,defined,-0.04441424526325227,sensitivity_only
id:x%3A0x1.0000000000000p%2B3,254,5.478,3.50296,3.4678168051362177,0.7912595307087035,defined,0.04441424526325227,sensitivity_only
id:x%3A0x1.0000000000000p%2B3,255,5.5,3.51,3.545143194863782,0.7912595307087035,defined,-0.04441424526325227,sensitivity_only
id:x%3A0x1.0000000000000p%2B3,256,5.522,3.53156,3.4973633371816946,0.7699480789466207,defined,0.04441424526325227,sensitivity_only
id:x%3A0x1.0000000000000p%2B3,257,5.544,3.5531199999999994,3.5873166628183046,0.7699480789466207,defined,-0.04441424526325227,sensitivity_only
id:x%3A0x1.0000000000000p%2B3,258,5.566,3.5746799999999994,3.540483337181694,0.7699480789466207,defined,0.04441424526325227,sensitivity_only
id:x%3A0x1.0000000000000p%2B3,259,5.588,3.59624,3.630436662818305,0.7699480789466207,defined,-0.04441424526325227,sensitivity_only
id:x%3A0x1.0000000000000p%2B3,260,5.61,3.6178,3.5836033371816947,0.7699480789466207,defined,0.04441424526325227,sensitivity_only
id:x%3A0x1.0000000000000p%2B3,261,5.632,3.6393599999999995,3.6735566628183047,0.7699480789466207,defined,-0.04441424526325227,sensitivity_only
id:x%3A0x1.0000000000000p%2B3,262,5.654,3.6609199999999995,3.6267233371816943,0.7699480789466207,defined,0.04441424526325227,sensitivity_only
id:x%3A0x1.0000000000000p%2B3,263,5.676,3.68248,3.716676662818305,0.7699480789466207,defined,-0.04441424526325227,sensitivity_only
id:x%3A0x1.0000000000000p%2B3,264,5.698,3.70404,3.6698433371816948,0.7699480789466207,defined,0.04441424526325227,sensitivity_only
id:x%3A0x1.0000000000000p%2B3,265,5.72,3.7255999999999996,3.759796662818305,0.7699480789466207,defined,-0.04441424526325227,sensitivity_only
id:x%3A0x1.0000000000000p%2B3,266,5.742,3.7471599999999996,3.7129633371816944,0.7699480789466207,defined,0.04441424526325227,sensitivity_only
id:x%3A0x1.0000000000000p%2B3,267,5.764,3.76872,3.8029166628183053,0.7699480789466207,defined,-0.04441424526325227,sensitivity_only
id:x%3A0x1.0000000000000p%2B3,268,5.786,3.790279999999999,3.756083337181694,0.7699480789466207,defined,0.04441424526325227,sensitivity_only
id:x%3A0x1.0000000000000p%2B3,269,5.808,3.8118399999999997,3.846036662818305,0.7699480789466207,defined,-0.04441424526325227,sensitivity_only
id:x%3A0x1.0000000000000p%2B3,270,5.83,3.8333999999999997,3.7992033371816945,0.7699480789466207,defined,0.04441424526325227,sensitivity_only
id:x%3A0x1.0000000000000p%2B3,271,5.852,3.85496,3.8891566628183054,0.7699480789466207,defined,-0.04441424526325227,sensitivity_only
id:x%3A0x1.0000000000000p%2B3,272,5.874,3.8765199999999993,3.842323337181694,0.7699480789466207,defined,0.04441424526325227,sensitivity_only
id:x%3A0x1.0000000000000p%2B3,273,5.896,3.8980799999999998,3.932276662818305,0.7699480789466207,defined,-0.04441424526325227,sensitivity_only
id:x%3A0x1.0000000000000p%2B3,274,5.918,3.91964,3.8854433371816945,0.7699480789466207,defined,0.04441424526325227,sensitivity_only
id:x%3A0x1.0000000000000p%2B3,275,5.94,3.9412000000000003,3.9753966628183055,0.7699480789466207,defined,-0.04441424526325227,sensitivity_only
id:x%3A0x1.0000000000000p%2B3,276,5.962,3.9627599999999994,3.928563337181694,0.7699480789466207,defined,0.04441424526325227,sensitivity_only
id:x%3A0x1.0000000000000p%2B3,277,5.984,3.98432,4.018516662818305,0.7699480789466207,defined,-0.04441424526325227,sensitivity_only
id:x%3A0x1.0000000000000p%2B3,278,6.0,4.0,3.9658033371816948,0.7699480789466207,defined,0.04441424526325227,sensitivity_only
id:x%3A0x1.0000000000000p%2B3,279,6.006,4.00588,4.040076662818305,0.7699480789466207,defined,-0.04441424526325227,sensitivity_only
id:x%3A0x1.0000000000000p%2B3,280,6.028,4.0274399999999995,3.993243337181694,0.7699480789466207,defined,0.04441424526325227,sensitivity_only
id:x%3A0x1.0000000000000p%2B3,281,6.05,4.0489999999999995,4.083196662818304,0.7699480789466207,defined,-0.04441424526325227,sensitivity_only
id:x%3A0x1.0000000000000p%2B3,282,6.072,4.0705599999999995,4.036363337181695,0.7699480789466207,defined,0.04441424526325227,sensitivity_only
id:x%3A0x1.0000000000000p%2B3,283,6.094,4.09212,4.126316662818305,0.7699480789466207,defined,-0.04441424526325227,sensitivity_only
id:x%3A0x1.0000000000000p%2B3,284,6.116,4.11368,4.079483337181695,0.7699480789466207,defined,0.04441424526325227,sensitivity_only
id:x%3A0x1.0000000000000p%2B3,285,6.138,4.13524,4.169436662818304,0.7699480789466207,defined,-0.04441424526325227,sensitivity_only
id:x%3A0x1.0000000000000p%2B3,286,6.16,4.1568,4.122603337181695,0.7699480789466207,defined,0.04441424526325227,sensitivity_only
id:x%3A0x1.0000000000000p%2B3,287,6.182,4.1783600000000005,4.212556662818305,0.7699480789466207,defined,-0.04441424526325227,sensitivity_only
id:x%3A0x1.0000000000000p%2B3,288,6.204,4.19992,4.165723337181695,0.7699480789466207,defined,0.04441424526325227,sensitivity_only
id:x%3A0x1.0000000000000p%2B3,289,6.226,4.22148,4.2556766628183045,0.7699480789466207,defined,-0.04441424526325227,sensitivity_only
id:x%3A0x1.0000000000000p%2B3,290,6.248,4.24304,4.208843337181695,0.7699480789466207,defined,0.04441424526325227,sensitivity_only
id:x%3A0x1.0000000000000p%2B3,291,6.27,4.2646,4.2987966628183045,0.7699480789466207,defined,-0.04441424526325227,sensitivity_only
id:x%3A0x1.0000000000000p%2B3,292,6.292,4.28616,4.251963337181695,0.7699480789466207,defined,0.04441424526325227,sensitivity_only
id:x%3A0x1.0000000000000p%2B3,293,6.314,4.30772,4.341916662818305,0.7699480789466207,defined,-0.04441424526325227,sensitivity_only
id:x%3A0x1.0000000000000p%2B3,294,6.336,4.32928,4.295083337181695,0.7699480789466207,defined,0.04441424526325227,sensitivity_only
id:x%3A0x1.0000000000000p%2B3,295,6.358,4.35084,4.385036662818305,0.7699480789466207,defined,-0.04441424526325227,sensitivity_only
id:x%3A0x1.0000000000000p%2B3,296,6.38,4.3724,4.338203337181695,0.7699480789466207,defined,0.04441424526325227,sensitivity_only
id:x%3A0x1.0000000000000p%2B3,297,6.402,4.39396,4.428156662818305,0.7699480789466207,defined,-0.04441424526325227,sensitivity_only
id:x%3A0x1.0000000000000p%2B3,298,6.424,4.41552,4.381323337181695,0.7699480789466207,defined,0.04441424526325227,sensitivity_only
id:x%3A0x1.0000000000000p%2B3,299,6.446,4.43708,4.471276662818305,0.7699480789466207,defined,-0.04441424526325227,sensitivity_only
id:x%3A0x1.0000000000000p%2B3,300,6.468,4.45864,4.424443337181695,0.7699480789466207,defined,0.04441424526325227,sensitivity_only
id:x%3A0x1.0000000000000p%2B3,301,6.49,4.4802,4.514396662818305,0.7699480789466207,defined,-0.04441424526325227,sensitivity_only
id:x%3A0x1.0000000000000p%2B3,302,6.512,4.501759999999999,4.463543901897614,0.8604468650963308,defined,0.04441424526325227,sensitivity_only
id:x%3A0x1.0000000000000p%2B3,303,6.534,4.52332,4.561536098102385,0.8604468650963308,defined,-0.04441424526325227,sensitivity_only
id:x%3A0x1.0000000000000p%2B3,304,6.556,4.54488,4.506663901897615,0.8604468650963308,defined,0.04441424526325227,sensitivity_only
id:x%3A0x1.0000000000000p%2B3,305,6.578,4.56644,4.604656098102385,0.8604468650963308,defined,-0.04441424526325227,sensitivity_only
id:x%3A0x1.0000000000000p%2B3,306,6.6,4.587999999999999,4.549783901897614,0.8604468650963308,defined,0.04441424526325227,sensitivity_only
id:x%3A0x1.0000000000000p%2B3,307,6.622,4.60956,4.647776098102385,0.8604468650963308,defined,-0.04441424526325227,sensitivity_only
id:x%3A0x1.0000000000000p%2B3,308,6.644,4.63112,4.592903901897615,0.8604468650963308,defined,0.04441424526325227,sensitivity_only
id:x%3A0x1.0000000000000p%2B3,309,6.666,4.65268,4.690896098102385,0.8604468650963308,defined,-0.04441424526325227,sensitivity_only
id:x%3A0x1.0000000000000p%2B3,310,6.688,4.674239999999999,4.636023901897614,0.8604468650963308,defined,0.04441424526325227,sensitivity_only
id:x%3A0x1.0000000000000p%2B3,311,6.71,4.6958,4.734016098102385,0.8604468650963308,defined,-0.04441424526325227,sensitivity_only
id:x%3A0x1.0000000000000p%2B3,312,6.732,4.71736,4.679143901897615,0.8604468650963308,defined,0.04441424526325227,sensitivity_only
id:x%3A0x1.0000000000000p%2B3,313,6.754,4.738919999999999,4.7771360981023845,0.8604468650963308,defined,-0.04441424526325227,sensitivity_only
id:x%3A0x1.0000000000000p%2B3,314,6.776,4.760479999999999,4.722263901897614,0.8604468650963308,defined,0.04441424526325227,sensitivity_only
id:x%3A0x1.0000000000000p%2B3,315,6.798,4.78204,4.820256098102385,0.8604468650963308,defined,-0.04441424526325227,sensitivity_only
id:x%3A0x1.0000000000000p%2B3,316,6.82,4.8036,4.765383901897615,0.8604468650963308,defined,0.04441424526325227,sensitivity_only
id:x%3A0x1.0000000000000p%2B3,317,6.842,4.8251599999999994,4.863376098102385,0.8604468650963308,defined,-0.04441424526325227,sensitivity_only
id:x%3A0x1.0000000000000p%2B3,318,6.864,4.8467199999999995,4.808503901897614,0.8604468650963308,defined,0.04441424526325227,sensitivity_only
id:x%3A0x1.0000000000000p%2B3,319,6.886,4.86828,4.9064960981023855,0.8604468650963308,defined,-0.04441424526325227,sensitivity_only
id:x%3A0x1.0000000000000p%2B3,320,6.908,4.88984,4.851623901897615,0.8604468650963308,defined,0.04441424526325227,sensitivity_only
id:x%3A0x1.0000000000000p%2B3,321,6.93,4.9113999999999995,4.949616098102385,0.8604468650963308,defined,-0.04441424526325227,sensitivity_only
id:x%3A0x1.0000000000000p%2B3,322,6.952,4.93296,4.894743901897614,0.8604468650963308,defined,0.04441424526325227,sensitivity_only
id:x%3A0x1.0000000000000p%2B3,323,6.974,4.9545200000000005,4.992736098102386,0.8604468650963308,defined,-0.04441424526325227,sensitivity_only
id:x%3A0x1.0000000000000p%2B3,324,6.996,4.9760800000000005,4.937863901897615,0.8604468650963308,defined,0.04441424526325227,sensitivity_only
id:x%3A0x1.0000000000000p%2B3,325,7.0,4.9799999999999995,5.018216098102385,0.8604468650963308,defined,-0.04441424526325227,sensitivity_only
id:x%3A0x1.0000000000000p%2B3,326,7.018,4.99764,4.9594239018976145,0.8604468650963308,defined,0.04441424526325227,sensitivity_only
id:x%3A0x1.0000000000000p%2B3,327,7.04,5.0192,5.057416098102385,0.8604468650963308,defined,-0.04441424526325227,sensitivity_only
id:x%3A0x1.0000000000000p%2B3,328,7.062,5.040760000000001,5.002543901897615,0.8604468650963308,defined,0.04441424526325227,sensitivity_only
id:x%3A0x1.0000000000000p%2B3,329,7.084,5.06232,5.100536098102385,0.8604468650963308,defined,-0.04441424526325227,sensitivity_only
id:x%3A0x1.0000000000000p%2B3,330,7.106,5.08388,5.045663901897615,0.8604468650963308,defined,0.04441424526325227,sensitivity_only
id:x%3A0x1.0000000000000p%2B3,331,7.128,5.10544,5.143656098102385,0.8604468650963308,defined,-0.04441424526325227,sensitivity_only
id:x%3A0x1.0000000000000p%2B3,332,7.15,5.127,5.088783901897615,0.8604468650963308,defined,0.04441424526325227,sensitivity_only
id:x%3A0x1.0000000000000p%2B3,333,7.172,5.14856,5.186776098102385,0.8604468650963308,defined,-0.04441424526325227,sensitivity_only
id:x%3A0x1.0000000000000p%2B3,334,7.194,5.17012,5.131903901897615,0.8604468650963308,defined,0.04441424526325227,sensitivity_only
id:x%3A0x1.0000000000000p%2B3,335,7.216,5.19168,5.229896098102385,0.8604468650963308,defined,-0.04441424526325227,sensitivity_only
id:x%3A0x1.0000000000000p%2B3,336,7.238,5.21324,5.175023901897615,0.8604468650963308,defined,0.04441424526325227,sensitivity_only
id:x%3A0x1.0000000000000p%2B3,337,7.26,5.2348,5.273016098102385,0.8604468650963308,defined,-0.04441424526325227,sensitivity_only
id:x%3A0x1.0000000000000p%2B3,338,7.282,5.25636,5.218143901897615,0.8604468650963308,defined,0.04441424526325227,sensitivity_only
id:x%3A0x1.0000000000000p%2B3,339,7.304,5.27792,5.316136098102385,0.8604468650963308,defined,-0.04441424526325227,sensitivity_only
id:x%3A0x1.0000000000000p%2B3,340,7.326,5.299479999999999,5.261263901897614,0.8604468650963308,defined,0.04441424526325227,sensitivity_only
id:x%3A0x1.0000000000000p%2B3,341,7.348,5.32104,5.359256098102385,0.8604468650963308,defined,-0.04441424526325227,sensitivity_only
id:x%3A0x1.0000000000000p%2B3,342,7.37,5.3426,5.304383901897615,0.8604468650963308,defined,0.04441424526325227,sensitivity_only
id:x%3A0x1.0000000000000p%2B3,343,7.392,5.36416,5.402376098102385,0.8604468650963308,defined,-0.04441424526325227,sensitivity_only
id:x%3A0x1.0000000000000p%2B3,344,7.414,5.385719999999999,5.347503901897614,0.8604468650963308,defined,0.04441424526325227,sensitivity_only
id:x%3A0x1.0000000000000p%2B3,345,7.436,5.40728,5.445496098102385,0.8604468650963308,defined,-0.04441424526325227,sensitivity_only
id:x%3A0x1.0000000000000p%2B3,346,7.458,5.42884,5.390623901897615,0.8604468650963308,defined,0.04441424526325227,sensitivity_only
id:x%3A0x1.0000000000000p%2B3,347,7.48,5.4504,5.488616098102385,0.8604468650963308,defined,-0.04441424526325227,sensitivity_only
id:x%3A0x1.0000000000000p%2B3,348,7.502,5.471959999999999,5.423415226734807,1.0930000718791255,defined,0.04441424526325227,sensitivity_only
id:x%3A0x1.0000000000000p%2B3,349,7.524,5.49352,5.542064773265192,1.0930000718791255,defined,-0.04441424526325227,sensitivity_only
id:x%3A0x1.0000000000000p%2B3,350,7.546,5.51508,5.466535226734808,1.0930000718791255,defined,0.04441424526325227,sensitivity_only
id:x%3A0x1.0000000000000p%2B3,351,7.568,5.536639999999999,5.585184773265191,1.0930000718791255,defined,-0.04441424526325227,sensitivity_only
id:x%3A0x1.0000000000000p%2B3,352,7.59,5.558199999999999,5.509655226734807,1.0930000718791255,defined,0.04441424526325227,sensitivity_only
id:x%3A0x1.0000000000000p%2B3,353,7.612,5.57976,5.628304773265192,1.0930000718791255,defined,-0.04441424526325227,sensitivity_only
id:x%3A0x1.0000000000000p%2B3,354,7.634,5.60132,5.552775226734808,1.0930000718791255,defined,0.04441424526325227,sensitivity_only
id:x%3A0x1.0000000000000p%2B3,355,7.656,5.622879999999999,5.6714247732651915,1.0930000718791255,defined,-0.04441424526325227,sensitivity_only
id:x%3A0x1.0000000000000p%2B3,356,7.678,5.6444399999999995,5.595895226734807,1.0930000718791255,defined,0.04441424526325227,sensitivity_only
id:x%3A0x1.0000000000000p%2B3,357,7.7,5.666,5.714544773265192,1.0930000718791255,defined,-0.04441424526325227,sensitivity_only
id:x%3A0x1.0000000000000p%2B3,358,7.722,5.6875599999999995,5.6390152267348075,1.0930000718791255,defined,0.04441424526325227,sensitivity_only
id:x%3A0x1.0000000000000p%2B3,359,7.744,5.7091199999999995,5.7576647732651915,1.0930000718791255,defined,-0.04441424526325227,sensitivity_only
id:x%3A0x1.0000000000000p%2B3,360,7.766,5.7306799999999996,5.6821352267348075,1.0930000718791255,defined,0.04441424526325227,sensitivity_only
id:x%3A0x1.0000000000000p%2B3,361,7.788,5.7522400000000005,5.8007847732651925,1.0930000718791255,defined,-0.04441424526325227,sensitivity_only
id:x%3A0x1.0000000000000p%2B3,362,7.81,5.7738,5.725255226734808,1.0930000718791255,defined,0.04441424526325227,sensitivity_only
id:x%3A0x1.0000000000000p%2B3,363,7.832,5.79536,5.843904773265192,1.0930000718791255,defined,-0.04441424526325227,sensitivity_only
id:x%3A0x1.0000000000000p%2B3,364,7.854,5.81692,5.768375226734808,1.0930000718791255,defined,0.04441424526325227,sensitivity_only
id:x%3A0x1.0000000000000p%2B3,365,7.876,5.838480000000001,5.887024773265193,1.0930000718791255,defined,-0.04441424526325227,sensitivity_only
id:x%3A0x1.0000000000000p%2B3,366,7.898,5.86004,5.811495226734808,1.0930000718791255,defined,0.04441424526325227,sensitivity_only
id:x%3A0x1.0000000000000p%2B3,367,7.92,5.8816,5.930144773265192,1.0930000718791255,defined,-0.04441424526325227,sensitivity_only
id:x%3A0x1.0000000000000p%2B3,368,7.942,5.90316,5.854615226734808,1.0930000718791255,defined,0.04441424526325227,sensitivity_only
id:x%3A0x1.0000000000000p%2B3,369,7.964,5.924720000000001,5.973264773265193,1.0930000718791255,defined,-0.04441424526325227,sensitivity_only
id:x%3A0x1.0000000000000p%2B3,370,7.986,5.94628,5.897735226734808,1.0930000718791255,defined,0.04441424526325227,sensitivity_only
id:x%3A0x1.0000000000000p%2B3,371,8.0,5.96,6.008544773265192,1.0930000718791255,defined,-0.04441424526325227,sensitivity_only
id:x%3A0x1.0000000000000p%2B3,372,8.008,5.967839999999999,5.919295226734807,1.0930000718791255,defined,0.04441424526325227,sensitivity_only
id:x%3A0x1.0000000000000p%2B3,373,8.03,5.989399999999999,6.037944773265191,1.0930000718791255,defined,-0.04441424526325227,sensitivity_only
id:x%3A0x1.0000000000000p%2B3,374,8.052,6.010959999999999,5.962415226734807,1.0930000718791255,defined,0.04441424526325227,sensitivity_only
id:x%3A0x1.0000000000000p%2B3,375,8.074,6.03252,6.081064773265192,1.0930000718791255,defined,-0.04441424526325227,sensitivity_only
id:x%3A0x1.0000000000000p%2B3,376,8.096,6.05408,6.005535226734808,1.0930000718791255,defined,0.04441424526325227,sensitivity_only
id:x%3A0x1.0000000000000p%2B3,377,8.118,6.07564,6.124184773265192,1.0930000718791255,defined,-0.04441424526325227,sensitivity_only
id:x%3A0x1.0000000000000p%2B3,378,8.14,6.097200000000001,6.048655226734809,1.0930000718791255,defined,0.04441424526325227,sensitivity_only
id:x%3A0x1.0000000000000p%2B3,379,8.162,6.11876,6.167304773265192,1.0930000718791255,defined,-0.04441424526325227,sensitivity_only
id:x%3A0x1.0000000000000p%2B3,380,8.184,6.140319999999999,6.091775226734807,1.0930000718791255,defined,0.04441424526325227,sensitivity_only
id:x%3A0x1.0000000000000p%2B3,381,8.206,6.161879999999999,6.210424773265191,1.0930000718791255,defined,-0.04441424526325227,sensitivity_only
id:x%3A0x1.0000000000000p%2B3,382,8.228,6.183439999999999,6.134895226734807,1.0930000718791255,defined,0.04441424526325227,sensitivity_only
id:x%3A0x1.0000000000000p%2B3,383,8.25,6.205,6.253544773265192,1.0930000718791255,defined,-0.04441424526325227,sensitivity_only
id:x%3A0x1.0000000000000p%2B3,384,8.272,6.22656,6.178015226734808,1.0930000718791255,defined,0.04441424526325227,sensitivity_only
id:x%3A0x1.0000000000000p%2B3,385,8.294,6.24812,6.296664773265192,1.0930000718791255,defined,-0.04441424526325227,sensitivity_only
id:x%3A0x1.0000000000000p%2B3,386,8.316,6.269680000000001,6.221135226734809,1.0930000718791255,defined,0.04441424526325227,sensitivity_only
id:x%3A0x1.0000000000000p%2B3,387,8.338,6.291239999999998,6.33978477326519,1.0930000718791255,defined,-0.04441424526325227,sensitivity_only
id:x%3A0x1.0000000000000p%2B3,388,8.36,6.312799999999999,6.264255226734807,1.0930000718791255,defined,0.04441424526325227,sensitivity_only
id:x%3A0x1.0000000000000p%2B3,389,8.382,6.334359999999999,6.382904773265191,1.0930000718791255,defined,-0.04441424526325227,sensitivity_only
id:x%3A0x1.0000000000000p%2B3,390,8.404,6.355919999999999,6.307375226734807,1.0930000718791255,defined,0.04441424526325227,sensitivity_only
id:x%3A0x1.0000000000000p%2B3,391,8.426,6.37748,6.426024773265192,1.0930000718791255,defined,-0.04441424526325227,sensitivity_only
id:x%3A0x1.0000000000000p%2B3,392,8.448,6.39904,6.350495226734808,1.0930000718791255,defined,0.04441424526325227,sensitivity_only
id:x%3A0x1.0000000000000p%2B3,393,8.47,6.4206,6.469144773265192,1.0930000718791255,defined,-0.04441424526325227,sensitivity_only
id:x%3A0x1.0000000000000p%2B3,394,8.492,6.442160000000001,6.393615226734809,1.0930000718791255,defined,0.04441424526325227,sensitivity_only
id:x%3A0x1.0000000000000p%2B3,395,8.514,6.463719999999999,6.501936098102384,0.8604468650963308,defined,-0.04441424526325227,sensitivity_only
id:x%3A0x1.0000000000000p%2B3,396,8.536,6.4852799999999995,6.447063901897614,0.8604468650963308,defined,0.04441424526325227,sensitivity_only
id:x%3A0x1.0000000000000p%2B3,397,8.558,6.5068399999999995,6.545056098102385,0.8604468650963308,defined,-0.04441424526325227,sensitivity_only
id:x%3A0x1.0000000000000p%2B3,398,8.58,6.5283999999999995,6.490183901897614,0.8604468650963308,defined,0.04441424526325227,sensitivity_only
id:x%3A0x1.0000000000000p%2B3,399,8.602,6.5499600000000004,6.588176098102386,0.8604468650963308,defined,-0.04441424526325227,sensitivity_only
id:x%3A0x1.0000000000000p%2B3,400,8.624,6.5715200000000005,6.533303901897615,0.8604468650963308,defined,0.04441424526325227,sensitivity_only
id:x%3A0x1.0000000000000p%2B3,401,8.646,6.5930800000000005,6.631296098102386,0.8604468650963308,defined,-0.04441424526325227,sensitivity_only
id:x%3A0x1.0000000000000p%2B3,402,8.668,6.61464,6.5764239018976145,0.8604468650963308,defined,0.04441424526325227,sensitivity_only
id:x%3A0x1.0000000000000p%2B3,403,8.69,6.636199999999999,6.674416098102384,0.8604468650963308,defined,-0.04441424526325227,sensitivity_only
id:x%3A0x1.0000000000000p%2B3,404,8.712,6.65776,6.6195439018976145,0.8604468650963308,defined,0.04441424526325227,sensitivity_only
id:x%3A0x1.0000000000000p%2B3,405,8.734,6.67932,6.717536098102385,0.8604468650963308,defined,-0.04441424526325227,sensitivity_only
id:x%3A0x1.0000000000000p%2B3,406,8.756,6.70088,6.662663901897615,0.8604468650963308,defined,0.04441424526325227,sensitivity_only
id:x%3A0x1.0000000000000p%2B3,407,8.778,6.722440000000001,6.760656098102386,0.8604468650963308,defined,-0.04441424526325227,sensitivity_only
id:x%3A0x1.0000000000000p%2B3,408,8.8,6.744,6.705783901897615,0.8604468650963308,defined,0.04441424526325227,sensitivity_only
id:x%3A0x1.0000000000000p%2B3,409,8.822,6.765559999999999,6.803776098102384,0.8604468650963308,defined,-0.04441424526325227,sensitivity_only
id:x%3A0x1.0000000000000p%2B3,410,8.844,6.78712,6.748903901897615,0.8604468650963308,defined,0.04441424526325227,sensitivity_only
id:x%3A0x1.0000000000000p%2B3,411,8.866,6.808679999999999,6.846896098102384,0.8604468650963308,defined,-0.04441424526325227,sensitivity_only
id:x%3A0x1.0000000000000p%2B3,412,8.888,6.83024,6.792023901897615,0.8604468650963308,defined,0.04441424526325227,sensitivity_only
id:x%3A0x1.0000000000000p%2B3,413,8.91,6.8518,6.890016098102385,0.8604468650963308,defined,-0.04441424526325227,sensitivity_only
id:x%3A0x1.0000000000000p%2B3,414,8.932,6.87336,6.835143901897615,0.8604468650963308,defined,0.04441424526325227,sensitivity_only
id:x%3A0x1.0000000000000p%2B3,415,8.954,6.894920000000001,6.933136098102386,0.8604468650963308,defined,-0.04441424526325227,sensitivity_only
id:x%3A0x1.0000000000000p%2B3,416,8.976,6.91648,6.878263901897615,0.8604468650963308,defined,0.04441424526325227,sensitivity_only
id:x%3A0x1.0000000000000p%2B3,417,8.998,6.938039999999999,6.976256098102384,0.8604468650963308,defined,-0.04441424526325227,sensitivity_only
id:x%3A0x1.0000000000000p%2B3,418,9.0,6.9399999999999995,6.901783901897614,0.8604468650963308,defined,0.04441424526325227,sensitivity_only
id:x%3A0x1.0000000000000p%2B3,419,9.02,6.959599999999999,6.997816098102384,0.8604468650963308,defined,-0.04441424526325227,sensitivity_only
id:x%3A0x1.0000000000000p%2B3,420,9.042,6.981159999999999,6.942943901897614,0.8604468650963308,defined,0.04441424526325227,sensitivity_only
id:x%3A0x1.0000000000000p%2B3,421,9.064,7.00272,7.040936098102385,0.8604468650963308,defined,-0.04441424526325227,sensitivity_only
id:x%3A0x1.0000000000000p%2B3,422,9.086,7.02428,6.986063901897615,0.8604468650963308,defined,0.04441424526325227,sensitivity_only
id:x%3A0x1.0000000000000p%2B3,423,9.108,7.04584,7.084056098102385,0.8604468650963308,defined,-0.04441424526325227,sensitivity_only
id:x%3A0x1.0000000000000p%2B3,424,9.13,7.067400000000001,7.029183901897616,0.8604468650963308,defined,0.04441424526325227,sensitivity_only
id:x%3A0x1.0000000000000p%2B3,425,9.152,7.088959999999998,7.1271760981023835,0.8604468650963308,defined,-0.04441424526325227,sensitivity_only
id:x%3A0x1.0000000000000p%2B3,426,9.174,7.110519999999999,7.072303901897614,0.8604468650963308,defined,0.04441424526325227,sensitivity_only
id:x%3A0x1.0000000000000p%2B3,427,9.196,7.132079999999999,7.170296098102384,0.8604468650963308,defined,-0.04441424526325227,sensitivity_only
id:x%3A0x1.0000000000000p%2B3,428,9.218,7.153639999999999,7.115423901897614,0.8604468650963308,defined,0.04441424526325227,sensitivity_only
id:x%3A0x1.0000000000000p%2B3,429,9.24,7.1752,7.213416098102385,0.8604468650963308,defined,-0.04441424526325227,sensitivity_only
id:x%3A0x1.0000000000000p%2B3,430,9.262,7.19676,7.158543901897615,0.8604468650963308,defined,0.04441424526325227,sensitivity_only
id:x%3A0x1.0000000000000p%2B3,431,9.284,7.21832,7.256536098102385,0.8604468650963308,defined,-0.04441424526325227,sensitivity_only
id:x%3A0x1.0000000000000p%2B3,432,9.306,7.239879999999999,7.201663901897614,0.8604468650963308,defined,0.04441424526325227,sensitivity_only
id:x%3A0x1.0000000000000p%2B3,433,9.328,7.261439999999999,7.299656098102384,0.8604468650963308,defined,-0.04441424526325227,sensitivity_only
id:x%3A0x1.0000000000000p%2B3,434,9.35,7.2829999999999995,7.244783901897614,0.8604468650963308,defined,0.04441424526325227,sensitivity_only
id:x%3A0x1.0000000000000p%2B3,435,9.372,7.3045599999999995,7.342776098102385,0.8604468650963308,defined,-0.04441424526325227,sensitivity_only
id:x%3A0x1.0000000000000p%2B3,436,9.394,7.3261199999999995,7.287903901897614,0.8604468650963308,defined,0.04441424526325227,sensitivity_only
id:x%3A0x1.0000000000000p%2B3,437,9.416,7.34768,7.385896098102386,0.8604468650963308,defined,-0.04441424526325227,sensitivity_only
id:x%3A0x1.0000000000000p%2B3,438,9.438,7.3692400000000005,7.331023901897615,0.8604468650963308,defined,0.04441424526325227,sensitivity_only
id:x%3A0x1.0000000000000p%2B3,439,9.46,7.3908000000000005,7.429016098102386,0.8604468650963308,defined,-0.04441424526325227,sensitivity_only
id:x%3A0x1.0000000000000p%2B3,440,9.482,7.41236,7.3741439018976145,0.8604468650963308,defined,0.04441424526325227,sensitivity_only
id:x%3A0x1.0000000000000p%2B3,441,9.504,7.433919999999999,7.4607745554232965,0.6046383376352611,defined,-0.04441424526325227,sensitivity_only
id:x%3A0x1.0000000000000p%2B3,442,9.526,7.45548,7.428625444576702,0.6046383376352611,defined,0.04441424526325227,sensitivity_only
id:x%3A0x1.0000000000000p%2B3,443,9.548,7.47704,7.503894555423297,0.6046383376352611,defined,-0.04441424526325227,sensitivity_only
id:x%3A0x1.0000000000000p%2B3,444,9.57,7.4986,7.471745444576702,0.6046383376352611,defined,0.04441424526325227,sensitivity_only
id:x%3A0x1.0000000000000p%2B3,445,9.592,7.520160000000001,7.547014555423298,0.6046383376352611,defined,-0.04441424526325227,sensitivity_only
id:x%3A0x1.0000000000000p%2B3,446,9.614,7.541720000000001,7.514865444576703,0.6046383376352611,defined,0.04441424526325227,sensitivity_only
id:x%3A0x1.0000000000000p%2B3,447,9.636,7.563279999999999,7.590134555423297,0.6046383376352611,defined,-0.04441424526325227,sensitivity_only
id:x%3A0x1.0000000000000p%2B3,448,9.658,7.584839999999999,7.557985444576701,0.6046383376352611,defined,0.04441424526325227,sensitivity_only
id:x%3A0x1.0000000000000p%2B3,449,9.68,7.6064,7.633254555423298,0.6046383376352611,defined,-0.04441424526325227,sensitivity_only
id:x%3A0x1.0000000000000p%2B3,450,9.702,7.62796,7.601105444576702,0.6046383376352611,defined,0.04441424526325227,sensitivity_only
id:x%3A0x1.0000000000000p%2B3,451,9.724,7.64952,7.676374555423298,0.6046383376352611,defined,-0.04441424526325227,sensitivity_only
id:x%3A0x1.0000000000000p%2B3,452,9.746,7.67108,7.644225444576702,0.6046383376352611,defined,0.04441424526325227,sensitivity_only
id:x%3A0x1.0000000000000p%2B3,453,9.768,7.692640000000001,7.7194945554232985,0.6046383376352611,defined,-0.04441424526325227,sensitivity_only
id:x%3A0x1.0000000000000p%2B3,454,9.79,7.714199999999999,7.687345444576701,0.6046383376352611,defined,0.04441424526325227,sensitivity_only
id:x%3A0x1.0000000000000p%2B3,455,9.812,7.735759999999999,7.762614555423297,0.6046383376352611,defined,-0.04441424526325227,sensitivity_only
id:x%3A0x1.0000000000000p%2B3,456,9.834,7.757319999999999,7.730465444576701,0.6046383376352611,defined,0.04441424526325227,sensitivity_only
id:x%3A0x1.0000000000000p%2B3,457,9.856,7.77888,7.805734555423298,0.6046383376352611,defined,-0.04441424526325227,sensitivity_only
id:x%3A0x1.0000000000000p%2B3,458,9.878,7.80044,7.773585444576702,0.6046383376352611,defined,0.04441424526325227,sensitivity_only
id:x%3A0x1.0000000000000p%2B3,459,9.9,7.822,7.848854555423298,0.6046383376352611,defined,-0.04441424526325227,sensitivity_only
id:x%3A0x1.0000000000000p%2B3,460,9.922,7.84356,7.816705444576702,0.6046383376352611,defined,0.04441424526325227,sensitivity_only
id:x%3A0x1.0000000000000p%2B3,461,9.944,7.86512,7.891974555423298,0.6046383376352611,defined,-0.04441424526325227,sensitivity_only
id:x%3A0x1.0000000000000p%2B3,462,9.966,7.886679999999999,7.8598254445767015,0.6046383376352611,defined,0.04441424526325227,sensitivity_only
id:x%3A0x1.0000000000000p%2B3,463,9.988,7.908239999999999,7.935094555423297,0.6046383376352611,defined,-0.04441424526325227,sensitivity_only
id:x%3A0x1.0000000000000p%2B3,464,10.0,7.92,7.893145444576702,0.6046383376352611,defined,0.04441424526325227,sensitivity_only
id:x%3A0x1.0000000000000p%2B3,465,10.01,7.929799999999999,7.956654555423297,0.6046383376352611,defined,-0.04441424526325227,sensitivity_only
id:x%3A0x1.0000000000000p%2B3,466,10.032,7.951359999999999,7.924505444576702,0.6046383376352611,defined,0.04441424526325227,sensitivity_only
id:x%3A0x1.0000000000000p%2B3,467,10.054,7.97292,7.999774555423298,0.6046383376352611,defined,-0.04441424526325227,sensitivity_only
id:x%3A0x1.0000000000000p%2B3,468,10.076,7.99448,7.9676254445767025,0.6046383376352611,defined,0.04441424526325227,sensitivity_only
id:x%3A0x1.0000000000000p%2B3,469,10.098,8.01604,8.042894555423297,0.6046383376352611,defined,-0.04441424526325227,sensitivity_only
id:x%3A0x1.0000000000000p%2B3,470,10.12,8.037599999999998,8.0107454445767,0.6046383376352611,defined,0.04441424526325227,sensitivity_only
id:x%3A0x1.0000000000000p%2B3,471,10.142,8.059159999999999,8.086014555423295,0.6046383376352611,defined,-0.04441424526325227,sensitivity_only
id:x%3A0x1.0000000000000p%2B3,472,10.164,8.08072,8.053865444576703,0.6046383376352611,defined,0.04441424526325227,sensitivity_only
id:x%3A0x1.0000000000000p%2B3,473,10.186,8.10228,8.129134555423297,0.6046383376352611,defined,-0.04441424526325227,sensitivity_only
id:x%3A0x1.0000000000000p%2B3,474,10.208,8.12384,8.096985444576703,0.6046383376352611,defined,0.04441424526325227,sensitivity_only
id:x%3A0x1.0000000000000p%2B3,475,10.23,8.1454,8.172254555423297,0.6046383376352611,defined,-0.04441424526325227,sensitivity_only
id:x%3A0x1.0000000000000p%2B3,476,10.252,8.16696,8.140105444576703,0.6046383376352611,defined,0.04441424526325227,sensitivity_only
id:x%3A0x1.0000000000000p%2B3,477,10.274,8.188519999999999,8.215374555423296,0.6046383376352611,defined,-0.04441424526325227,sensitivity_only
id:x%3A0x1.0000000000000p%2B3,478,10.296,8.210079999999998,8.183225444576701,0.6046383376352611,defined,0.04441424526325227,sensitivity_only
id:x%3A0x1.0000000000000p%2B3,479,10.318,8.231639999999999,8.258494555423296,0.6046383376352611,defined,-0.04441424526325227,sensitivity_only
id:x%3A0x1.0000000000000p%2B3,480,10.34,8.2532,8.226345444576703,0.6046383376352611,defined,0.04441424526325227,sensitivity_only
id:x%3A0x1.0000000000000p%2B3,481,10.362,8.27476,8.301614555423297,0.6046383376352611,defined,-0.04441424526325227,sensitivity_only
id:x%3A0x1.0000000000000p%2B3,482,10.384,8.29632,8.269465444576703,0.6046383376352611,defined,0.04441424526325227,sensitivity_only
id:x%3A0x1.0000000000000p%2B3,483,10.406,8.31788,8.344734555423297,0.6046383376352611,defined,-0.04441424526325227,sensitivity_only
id:x%3A0x1.0000000000000p%2B3,484,10.428,8.33944,8.312585444576703,0.6046383376352611,defined,0.04441424526325227,sensitivity_only
id:x%3A0x1.0000000000000p%2B3,485,10.45,8.360999999999999,8.387854555423296,0.6046383376352611,defined,-0.04441424526325227,sensitivity_only
id:x%3A0x1.0000000000000p%2B3,486,10.472,8.382559999999998,8.355705444576701,0.6046383376352611,defined,0.04441424526325227,sensitivity_only
id:x%3A0x1.0000000000000p%2B3,487,10.494,8.404119999999999,8.430974555423296,0.6046383376352611,defined,-0.04441424526325227,sensitivity_only
id:x%3A0x1.0000000000000p%2B3,488,10.516,8.42568,8.398379564240807,0.6146774665960905,defined,0.04441424526325227,sensitivity_only
id:x%3A0x1.0000000000000p%2B3,489,10.538,8.44724,8.474540435759193,0.6146774665960905,defined,-0.04441424526325227,sensitivity_only
id:x%3A0x1.0000000000000p%2B3,490,10.56,8.4688,8.441499564240807,0.6146774665960905,defined,0.04441424526325227,sensitivity_only
id:x%3A0x1.0000000000000p%2B3,491,10.582,8.49036,8.517660435759193,0.6146774665960905,defined,-0.04441424526325227,sensitivity_only
id:x%3A0x1.0000000000000p%2B3,492,10.604,8.51192,8.484619564240807,0.6146774665960905,defined,0.04441424526325227,sensitivity_only
id:x%3A0x1.0000000000000p%2B3,493,10.626,8.533479999999999,8.560780435759192,0.6146774665960905,defined,-0.04441424526325227,sensitivity_only
id:x%3A0x1.0000000000000p%2B3,494,10.648,8.555039999999998,8.527739564240806,0.6146774665960905,defined,0.04441424526325227,sensitivity_only
id:x%3A0x1.0000000000000p%2B3,495,10.67,8.5766,8.603900435759192,0.6146774665960905,defined,-0.04441424526325227,sensitivity_only
id:x%3A0x1.0000000000000p%2B3,496,10.692,8.59816,8.570859564240807,0.6146774665960905,defined,0.04441424526325227,sensitivity_only
id:x%3A0x1.0000000000000p%2B3,497,10.714,8.619720000000001,8.647020435759194,0.6146774665960905,defined,-0.04441424526325227,sensitivity_only
id:x%3A0x1.0000000000000p%2B3,498,10.736,8.64128,8.613979564240807,0.6146774665960905,defined,0.04441424526325227,sensitivity_only
id:x%3A0x1.0000000000000p%2B3,499,10.758,8.66284,8.690140435759192,0.6146774665960905,defined,-0.04441424526325227,sensitivity_only
id:x%3A0x1.0000000000000p%2B3,500,10.78,8.6844,8.657099564240808,0.6146774665960905,defined,0.04441424526325227,sensitivity_only
id:x%3A0x1.0000000000000p%2B3,501,10.802,8.70596,8.733260435759192,0.6146774665960905,defined,-0.04441424526325227,sensitivity_only
id:x%3A0x1.0000000000000p%2B3,502,10.824,8.727519999999998,8.700219564240806,0.6146774665960905,defined,0.04441424526325227,sensitivity_only
id:x%3A0x1.0000000000000p%2B3,503,10.846,8.74908,8.776380435759192,0.6146774665960905,defined,-0.04441424526325227,sensitivity_only
id:x%3A0x1.0000000000000p%2B3,504,10.868,8.77064,8.743339564240808,0.6146774665960905,defined,0.04441424526325227,sensitivity_only
id:x%3A0x1.0000000000000p%2B3,505,10.89,8.792200000000001,8.819500435759194,0.6146774665960905,defined,-0.04441424526325227,sensitivity_only
id:x%3A0x1.0000000000000p%2B3,506,10.912,8.81376,8.786459564240808,0.6146774665960905,defined,0.04441424526325227,sensitivity_only
id:x%3A0x1.0000000000000p%2B3,507,10.934,8.83532,8.862620435759192,0.6146774665960905,defined,-0.04441424526325227,sensitivity_only
id:x%3A0x1.0000000000000p%2B3,508,10.956,8.85688,8.829579564240808,0.6146774665960905,defined,0.04441424526325227,sensitivity_only
id:x%3A0x1.0000000000000p%2B3,509,10.978,8.87844,8.905740435759192,0.6146774665960905,defined,-0.04441424526325227,sensitivity_only
id:x%3A0x1.0000000000000p%2B3,510,11.0,8.899999999999999,8.872699564240806,0.6146774665960905,defined,0.04441424526325227,sensitivity_only
id:x%3A0x1.2000000000000p%2B3,0,0.0,1.75,1.6895782097946441,0.6516075414303091,defined,0.09272727272727273,sensitivity_only
id:x%3A0x1.2000000000000p%2B3,1,0.022,1.75704,1.7871619084731427,0.6516075414303091,defined,-0.04622707160052787,sensitivity_only
id:x%3A0x1.2000000000000p%2B3,2,0.044,1.76408,1.7339580915268573,0.6516075414303091,defined,0.04622707160052787,sensitivity_only
id:x%3A0x1.2000000000000p%2B3,3,0.066,1.77112,1.8012419084731428,0.6516075414303091,defined,-0.04622707160052787,sensitivity_only
id:x%3A0x1.2000000000000p%2B3,4,0.088,1.77816,1.7480380915268572,0.6516075414303091,defined,0.04622707160052787,sensitivity_only
id:x%3A0x1.2000000000000p%2B3,5,0.11,1.7852,1.8153219084731427,0.6516075414303091,defined,-0.04622707160052787,sensitivity_only
id:x%3A0x1.2000000000000p%2B3,6,0.132,1.79224,1.7621180915268573,0.6516075414303091,defined,0.04622707160052787,sensitivity_only
id:x%3A0x1.2000000000000p%2B3,7,0.154,1.79928,1.8294019084731428,0.6516075414303091,defined,-0.04622707160052787,sensitivity_only
id:x%3A0x1.2000000000000p%2B3,8,0.176,1.80632,1.7761980915268571,0.6516075414303091,defined,0.04622707160052787,sensitivity_only
id:x%3A0x1.2000000000000p%2B3,9,0.198,1.81336,1.8434819084731429,0.6516075414303091,defined,-0.04622707160052787,sensitivity_only
id:x%3A0x1.2000000000000p%2B3,10,0.22,1.8204,1.7902780915268572,0.6516075414303091,defined,0.04622707160052787,sensitivity_only
id:x%3A0x1.2000000000000p%2B3,11,0.242,1.82744,1.8575619084731427,0.6516075414303091,defined,-0.04622707160052787,sensitivity_only
id:x%3A0x1.2000000000000p%2B3,12,0.264,1.83448,1.8043580915268573,0.6516075414303091,defined,0.04622707160052787,sensitivity_only
id:x%3A0x1.2000000000000p%2B3,13,0.286,1.84152,1.8716419084731428,0.6516075414303091,defined,-0.04622707160052787,sensitivity_only
id:x%3A0x1.2000000000000p%2B3,14,0.308,1.84856,1.8184380915268572,0.6516075414303091,defined,0.04622707160052787,sensitivity_only
id:x%3A0x1.2000000000000p%2B3,15,0.33,1.8556,1.8857219084731427,0.6516075414303091,defined,-0.04622707160052787,sensitivity_only
id:x%3A0x1.2000000000000p%2B3,16,0.352,1.86264,1.8325180915268573,0.6516075414303091,defined,0.04622707160052787,sensitivity_only
id:x%3A0x1.2000000000000p%2B3,17,0.374,1.86968,1.8998019084731428,0.6516075414303091,defined,-0.04622707160052787,sensitivity_only
id:x%3A0x1.2000000000000p%2B3,18,0.396,1.87672,1.8465980915268572,0.6516075414303091,defined,0.04622707160052787,sensitivity_only
id:x%3A0x1.2000000000000p%2B3,19,0.418,1.88376,1.9138819084731429,0.6516075414303091,defined,-0.04622707160052787,sensitivity_only
id:x%3A0x1.2000000000000p%2B3,20,0.44,1.8908,1.8606780915268573,0.6516075414303091,defined,0.04622707160052787,sensitivity_only
id:x%3A0x1.2000000000000p%2B3,21,0.462,1.89784,1.9279619084731427,0.6516075414303091,defined,-0.04622707160052787,sensitivity_only
id:x%3A0x1.2000000000000p%2B3,22,0.484,1.90488,1.8747580915268571,0.6516075414303091,defined,0.04622707160052787,sensitivity_only
id:x%3A0x1.2000000000000p%2B3,23,0.506,1.91192,1.9446063757699616,0.7070829848886273,defined,-0.04622707160052787,sensitivity_only
id:x%3A0x1.2000000000000p%2B3,24,0.528,1.91896,1.8862736242300384,0.7070829848886273,defined,0.04622707160052787,sensitivity_only
id:x%3A0x1.2000000000000p%2B3,25,0.55,1.926,1.9586863757699615,0.7070829848886273,defined,-0.04622707160052787,sensitivity_only
id:x%3A0x1.2000000000000p%2B3,26,0.572,1.93304,1.9003536242300385,0.7070829848886273,defined,0.04622707160052787,sensitivity_only
id:x%3A0x1.2000000000000p%2B3,27,0.594,1.94008,1.9727663757699616,0.7070829848886273,defined,-0.04622707160052787,sensitivity_only
id:x%3A0x1.2000000000000p%2B3,28,0.616,1.94712,1.9144336242300384,0.7070829848886273,defined,0.04622707160052787,sensitivity_only
id:x%3A0x1.2000000000000p%2B3,29,0.638,1.95416,1.9868463757699615,0.7070829848886273,defined,-0.04622707160052787,sensitivity_only
id:x%3A0x1.2000000000000p%2B3,30,0.66,1.9612,1.9285136242300385,0.7070829848886273,defined,0.04622707160052787,sensitivity_only
id:x%3A0x1.2000000000000p%2B3,31,0.682,1.96824,2.0009263757699616,0.7070829848886273,defined,-0.04622707160052787,sensitivity_only
id:x%3A0x1.2000000000000p%2B3,32,0.704,1.97528,1.9425936242300383,0.7070829848886273,defined,0.04622707160052787,sensitivity_only
id:x%3A0x1.2000000000000p%2B3,33,0.726,1.98232,2.0150063757699614,0.7070829848886273,defined,-0.04622707160052787,sensitivity_only
id:x%3A0x1.2000000000000p%2B3,34,0.748,1.98936,1.9566736242300384,0.7070829848886273,defined,0.04622707160052787,sensitivity_only
id:x%3A0x1.2000000000000p%2B3,35,0.77,1.9964,2.0290863757699613,0.7070829848886273,defined,-0.04622707160052787,sensitivity_only
id:x%3A0x1.2000000000000p%2B3,36,0.792,2.00344,1.9707536242300383,0.7070829848886273,defined,0.04622707160052787,sensitivity_only
id:x%3A0x1.2000000000000p%2B3,37,0.814,2.01048,2.043166375769961,0.7070829848886273,defined,-0.04622707160052787,sensitivity_only
id:x%3A0x1.2000000000000p%2B3,38,0.836,2.01752,1.9848336242300386,0.7070829848886273,defined,0.04622707160052787,sensitivity_only
id:x%3A0x1.2000000000000p%2B3,39,0.858,2.02456,2.0572463757699615,0.7070829848886273,defined,-0.04622707160052787,sensitivity_only
id:x%3A0x1.2000000000000p%2B3,40,0.88,2.0316,1.9989136242300385,0.7070829848886273,defined,0.04622707160052787,sensitivity_only
id:x%3A0x1.2000000000000p%2B3,41,0.902,2.03864,2.0713263757699614,0.7070829848886273,defined,-0.04622707160052787,sensitivity_only
id:x%3A0x1.2000000000000p%2B3,42,0.924,2.04568,2.0129936242300386,0.7070829848886273,defined,0.04622707160052787,sensitivity_only
id:x%3A0x1.2000000000000p%2B3,43,0.946,2.05272,2.0854063757699612,0.7070829848886273,defined,-0.04622707160052787,sensitivity_only
id:x%3A0x1.2000000000000p%2B3,44,0.968,2.05976,2.0270736242300385,0.7070829848886273,defined,0.04622707160052787,sensitivity_only
id:x%3A0x1.2000000000000p%2B3,45,0.99,2.0668,2.0994863757699616,0.7070829848886273,defined,-0.04622707160052787,sensitivity_only
id:x%3A0x1.2000000000000p%2B3,46,1.0,2.07,2.0373136242300385,0.7070829848886273,defined,0.04622707160052787,sensitivity_only
id:x%3A0x1.2000000000000p%2B3,47,1.012,2.07384,2.1065263757699615,0.7070829848886273,defined,-0.04622707160052787,sensitivity_only
id:x%3A0x1.2000000000000p%2B3,48,1.034,2.08088,2.0481936242300387,0.7070829848886273,defined,0.04622707160052787,sensitivity_only
id:x%3A0x1.2000000000000p%2B3,49,1.056,2.08792,2.1206063757699614,0.7070829848886273,defined,-0.04622707160052787,sensitivity_only
id:x%3A0x1.2000000000000p%2B3,50,1.078,2.09496,2.0622736242300386,0.7070829848886273,defined,0.04622707160052787,sensitivity_only
id:x%3A0x1.2000000000000p%2B3,51,1.1,2.102,2.1346863757699612,0.7070829848886273,defined,-0.04622707160052787,sensitivity_only
id:x%3A0x1.2000000000000p%2B3,52,1.122,2.1090400000000002,2.076353624230039,0.7070829848886273,defined,0.04622707160052787,sensitivity_only
id:x%3A0x1.2000000000000p%2B3,53,1.144,2.11608,2.1487663757699615,0.7070829848886273,defined,-0.04622707160052787,sensitivity_only
id:x%3A0x1.2000000000000p%2B3,54,1.166,2.12312,2.0904336242300388,0.7070829848886273,defined,0.04622707160052787,sensitivity_only
id:x%3A0x1.2000000000000p%2B3,55,1.188,2.13016,2.1628463757699614,0.7070829848886273,defined,-0.04622707160052787,sensitivity_only
id:x%3A0x1.2000000000000p%2B3,56,1.21,2.1372,2.1045136242300386,0.7070829848886273,defined,0.04622707160052787,sensitivity_only
id:x%3A0x1.2000000000000p%2B3,57,1.232,2.14424,2.1769263757699613,0.7070829848886273,defined,-0.04622707160052787,sensitivity_only
id:x%3A0x1.2000000000000p%2B3,58,1.254,2.15128,2.1185936242300385,0.7070829848886273,defined,0.04622707160052787,sensitivity_only
id:x%3A0x1.2000000000000p%2B3,59,1.276,2.15832,2.191006375769961,0.7070829848886273,defined,-0.04622707160052787,sensitivity_only
id:x%3A0x1.2000000000000p%2B3,60,1.298,2.16536,2.132673624230039,0.7070829848886273,defined,0.04622707160052787,sensitivity_only
id:x%3A0x1.2000000000000p%2B3,61,1.32,2.1724,2.2050863757699615,0.7070829848886273,defined,-0.04622707160052787,sensitivity_only
id:x%3A0x1.2000000000000p%2B3,62,1.342,2.17944,2.1467536242300387,0.7070829848886273,defined,0.04622707160052787,sensitivity_only
id:x%3A0x1.2000000000000p%2B3,63,1.364,2.18648,2.2191663757699613,0.7070829848886273,defined,-0.04622707160052787,sensitivity_only
id:x%3A0x1.2000000000000p%2B3,64,1.386,2.19352,2.1608336242300386,0.7070829848886273,defined,0.04622707160052787,sensitivity_only
id:x%3A0x1.2000000000000p%2B3,65,1.408,2.20056,2.233246375769961,0.7070829848886273,defined,-0.04622707160052787,sensitivity_only
id:x%3A0x1.2000000000000p%2B3,66,1.43,2.2076000000000002,2.174913624230039,0.7070829848886273,defined,0.04622707160052787,sensitivity_only
id:x%3A0x1.2000000000000p%2B3,67,1.452,2.21464,2.2473263757699615,0.7070829848886273,defined,-0.04622707160052787,sensitivity_only
id:x%3A0x1.2000000000000p%2B3,68,1.474,2.22168,2.1889936242300387,0.7070829848886273,defined,0.04622707160052787,sensitivity_only
id:x%3A0x1.2000000000000p%2B3,69,1.496,2.22872,2.2614063757699614,0.7070829848886273,defined,-0.04622707160052787,sensitivity_only
id:x%3A0x1.2000000000000p%2B3,70,1.518,2.23576,2.1991823890193287,0.7912595307087035,defined,0.04622707160052787,sensitivity_only
id:x%3A0x1.2000000000000p%2B3,71,1.54,2.2428,2.279377610980671,0.7912595307087035,defined,-0.04622707160052787,sensitivity_only
id:x%3A0x1.2000000000000p%2B3,72,1.562,2.24984,2.2132623890193286,0.7912595307087035,defined,0.04622707160052787,sensitivity_only
id:x%3A0x1.2000000000000p%2B3,73,1.584,2.2568799999999998,2.293457610980671,0.7912595307087035,defined,-0.04622707160052787,sensitivity_only
id:x%3A0x1.2000000000000p%2B3,74,1.606,2.26392,2.227342389019329,0.7912595307087035,defined,0.04622707160052787,sensitivity_only
id:x%3A0x1.2000000000000p%2B3,75,1.628,2.27096,2.3075376109806713,0.7912595307087035,defined,-0.04622707160052787,sensitivity_only
id:x%3A0x1.2000000000000p%2B3,76,1.65,2.278,2.2414223890193288,0.7912595307087035,defined,0.04622707160052787,sensitivity_only
id:x%3A0x1.2000000000000p%2B3,77,1.672,2.28504,2.321617610980671,0.7912595307087035,defined,-0.04622707160052787,sensitivity_only
id:x%3A0x1.2000000000000p%2B3,78,1.694,2.29208,2.2555023890193286,0.7912595307087035,defined,0.04622707160052787,sensitivity_only
id:x%3A0x1.2000000000000p%2B3,79,1.716,2.2991200000000003,2.3356976109806715,0.7912595307087035,defined,-0.04622707160052787,sensitivity_only
id:x%3A0x1.2000000000000p%2B3,80,1.738,2.30616,2.269582389019329,0.7912595307087035,defined,0.04622707160052787,sensitivity_only
id:x%3A0x1.2000000000000p%2B3,81,1.76,2.3132,2.3497776109806714,0.7912595307087035,defined,-0.04622707160052787,sensitivity_only
id:x%3A0x1.2000000000000p%2B3,82,1.782,2.32024,2.283662389019329,0.7912595307087035,defined,0.04622707160052787,sensitivity_only
id:x%3A0x1.2000000000000p%2B3,83,1.804,2.32728,2.3638576109806713,0.7912595307087035,defined,-0.04622707160052787,sensitivity_only
id:x%3A0x1.2000000000000p%2B3,84,1.826,2.33432,2.2977423890193287,0.7912595307087035,defined,0.04622707160052787,sensitivity_only
id:x%3A0x1.2000000000000p%2B3,85,1.848,2.34136,2.377937610980671,0.7912595307087035,defined,-0.04622707160052787,sensitivity_only
id:x%3A0x1.2000000000000p%2B3,86,1.87,2.3484,2.3118223890193286,0.7912595307087035,defined,0.04622707160052787,sensitivity_only
id:x%3A0x1.2000000000000p%2B3,87,1.892,2.3554399999999998,2.392017610980671,0.7912595307087035,defined,-0.04622707160052787,sensitivity_only
id:x%3A0x1.2000000000000p%2B3,88,1.914,2.36248,2.325902389019329,0.7912595307087035,defined,0.04622707160052787,sensitivity_only
id:x%3A0x1.2000000000000p%2B3,89,1.936,2.36952,2.4060976109806713,0.7912595307087035,defined,-0.04622707160052787,sensitivity_only
id:x%3A0x1.2000000000000p%2B3,90,1.958,2.37656,2.3399823890193288,0.7912595307087035,defined,0.04622707160052787,sensitivity_only
id:x%3A0x1.2000000000000p%2B3,91,1.98,2.3836,2.420177610980671,0.7912595307087035,defined,-0.04622707160052787,sensitivity_only
id:x%3A0x1.2000000000000p%2B3,92,2.0,2.39,2.353422389019329,0.7912595307087035,defined,0.04622707160052787,sensitivity_only
id:x%3A0x1.2000000000000p%2B3,93,2.002,2.39064,2.427217610980671,0.7912595307087035,defined,-0.04622707160052787,sensitivity_only
id:x%3A0x1.2000000000000p%2B3,94,2.024,2.3976800000000003,2.361102389019329,0.7912595307087035,defined,0.04622707160052787,sensitivity_only
id:x%3A0x1.2000000000000p%2B3,95,2.046,2.40472,2.4412976109806714,0.7912595307087035,defined,-0.04622707160052787,sensitivity_only
id:x%3A0x1.2000000000000p%2B3,96,2.068,2.41176,2.375182389019329,0.7912595307087035,defined,0.04622707160052787,sensitivity_only
id:x%3A0x1.2000000000000p%2B3,97,2.09,2.4188,2.4553776109806713,0.7912595307087035,defined,-0.04622707160052787,sensitivity_only
id:x%3A0x1.2000000000000p%2B3,98,2.112,2.42584,2.3892623890193287,0.7912595307087035,defined,0.04622707160052787,sensitivity_only
id:x%3A0x1.2000000000000p%2B3,99,2.134,2.43288,2.469457610980671,0.7912595307087035,defined,-0.04622707160052787,sensitivity_only
id:x%3A0x1.2000000000000p%2B3,100,2.156,2.43992,2.4033423890193286,0.7912595307087035,defined,0.04622707160052787,sensitivity_only
id:x%3A0x1.2000000000000p%2B3,101,2.178,2.44696,2.483537610980671,0.7912595307087035,defined,-0.04622707160052787,sensitivity_only
id:x%3A0x1.2000000000000p%2B3,102,2.2,2.454,2.417422389019329,0.7912595307087035,defined,0.04622707160052787,sensitivity_only
id:x%3A0x1.2000000000000p%2B3,103,2.222,2.46104,2.4976176109806714,0.7912595307087035,defined,-0.04622707160052787,sensitivity_only
id:x%3A0x1.2000000000000p%2B3,104,2.244,2.46808,2.431502389019329,0.7912595307087035,defined,0.04622707160052787,sensitivity_only
id:x%3A0x1.2000000000000p%2B3,105,2.266,2.47512,2.5116976109806712,0.7912595307087035,defined,-0.04622707160052787,sensitivity_only
id:x%3A0x1.2000000000000p%2B3,106,2.288,2.48216,2.4455823890193287,0.7912595307087035,defined,0.04622707160052787,sensitivity_only
id:x%3A0x1.2000000000000p%2B3,107,2.31,2.4892000000000003,2.5257776109806716,0.7912595307087035,defined,-0.04622707160052787,sensitivity_only
id:x%3A0x1.2000000000000p%2B3,108,2.332,2.4962400000000002,2.459662389019329,0.7912595307087035,defined,0.04622707160052787,sensitivity_only
id:x%3A0x1.2000000000000p%2B3,109,2.354,2.50328,2.5398576109806714,0.7912595307087035,defined,-0.04622707160052787,sensitivity_only
id:x%3A0x1.2000000000000p%2B3,110,2.376,2.51032,2.473742389019329,0.7912595307087035,defined,0.04622707160052787,sensitivity_only
id:x%3A0x1.2000000000000p%2B3,111,2.398,2.51736,2.5539376109806713,0.7912595307087035,defined,-0.04622707160052787,sensitivity_only
id:x%3A0x1.2000000000000p%2B3,112,2.42,2.5244,2.4878223890193287,0.7912595307087035,defined,0.04622707160052787,sensitivity_only
id:x%3A0x1.2000000000000p%2B3,113,2.442,2.53144,2.568017610980671,0.7912595307087035,defined,-0.04622707160052787,sensitivity_only
id:x%3A0x1.2000000000000p%2B3,114,2.464,2.53848,2.5019023890193286,0.7912595307087035,defined,0.04622707160052787,sensitivity_only
id:x%3A0x1.2000000000000p%2B3,115,2.486,2.5455200000000002,2.5820976109806715,0.7912595307087035,defined,-0.04622707160052787,sensitivity_only
id:x%3A0x1.2000000000000p%2B3,116,2.508,2.55256,2.5134179217225103,0.8467349741670217,defined,0.04622707160052787,sensitivity_only
id:x%3A0x1.2000000000000p%2B3,117,2.53,2.5596,2.59874207827749,0.8467349741670217,defined,-0.04622707160052787,sensitivity_only
id:x%3A0x1.2000000000000p%2B3,118,2.552,2.56664,2.52749792172251,0.8467349741670217,defined,0.04622707160052787,sensitivity_only
id:x%3A0x1.2000000000000p%2B3,119,2.574,2.57368,2.61282207827749,0.8467349741670217,defined,-0.04622707160052787,sensitivity_only
id:x%3A0x1.2000000000000p%2B3,120,2.596,2.58072,2.54157792172251,0.8467349741670217,defined,0.04622707160052787,sensitivity_only
id:x%3A0x1.2000000000000p%2B3,121,2.618,2.58776,2.6269020782774897,0.8467349741670217,defined,-0.04622707160052787,sensitivity_only
id:x%3A0x1.2000000000000p%2B3,122,2.64,2.5948,2.5556579217225104,0.8467349741670217,defined,0.04622707160052787,sensitivity_only
id:x%3A0x1.2000000000000p%2B3,123,2.662,2.60184,2.64098207827749,0.8467349741670217,defined,-0.04622707160052787,sensitivity_only
id:x%3A0x1.2000000000000p%2B3,124,2.684,2.60888,2.5697379217225103,0.8467349741670217,defined,0.04622707160052787,sensitivity_only
id:x%3A0x1.2000000000000p%2B3,125,2.706,2.61592,2.65506207827749,0.8467349741670217,defined,-0.04622707160052787,sensitivity_only
id:x%3A0x1.2000000000000p%2B3,126,2.728,2.62296,2.58381792172251,0.8467349741670217,defined,0.04622707160052787,sensitivity_only
id:x%3A0x1.2000000000000p%2B3,127,2.75,2.63,2.6691420782774897,0.8467349741670217,defined,-0.04622707160052787,sensitivity_only
id:x%3A0x1.2000000000000p%2B3,128,2.772,2.63704,2.59789792172251,0.8467349741670217,defined,0.04622707160052787,sensitivity_only
id:x%3A0x1.2000000000000p%2B3,129,2.794,2.6440799999999998,2.6832220782774896,0.8467349741670217,defined,-0.04622707160052787,sensitivity_only
id:x%3A0x1.2000000000000p%2B3,130,2.816,2.6511199999999997,2.61197792172251,0.8467349741670217,defined,0.04622707160052787,sensitivity_only
id:x%3A0x1.2000000000000p%2B3,131,2.838,2.65816,2.69730207827749,0.8467349741670217,defined,-0.04622707160052787,sensitivity_only
id:x%3A0x1.2000000000000p%2B3,132,2.86,2.6652,2.62605792172251,0.8467349741670217,defined,0.04622707160052787,sensitivity_only
id:x%3A0x1.2000000000000p%2B3,133,2.882,2.67224,2.71138207827749,0.8467349741670217,defined,-0.04622707160052787,sensitivity_only
id:x%3A0x1.2000000000000p%2B3,134,2.904,2.67928,2.64013792172251,0.8467349741670217,defined,0.04622707160052787,sensitivity_only
id:x%3A0x1.2000000000000p%2B3,135,2.926,2.6863200000000003,2.72546207827749,0.8467349741670217,defined,-0.04622707160052787,sensitivity_only
id:x%3A0x1.2000000000000p%2B3,136,2.948,2.69336,2.6542179217225104,0.8467349741670217,defined,0.04622707160052787,sensitivity_only
id:x%3A0x1.2000000000000p%2B3,137,2.97,2.7004,2.73954207827749,0.8467349741670217,defined,-0.04622707160052787,sensitivity_only
id:x%3A0x1.2000000000000p%2B3,138,2.992,2.70744,2.6682979217225102,0.8467349741670217,defined,0.04622707160052787,sensitivity_only
id:x%3A0x1.2000000000000p%2B3,139,3.0,2.71,2.74914207827749,0.8467349741670217,defined,-0.04622707160052787,sensitivity_only
id:x%3A0x1.2000000000000p%2B3,140,3.014,2.71448,2.67533792172251,0.8467349741670217,defined,0.04622707160052787,sensitivity_only
id:x%3A0x1.2000000000000p%2B3,141,3.036,2.72152,2.7606620782774898,0.8467349741670217,defined,-0.04622707160052787,sensitivity_only
id:x%3A0x1.2000000000000p%2B3,142,3.058,2.72856,2.68941792172251,0.8467349741670217,defined,0.04622707160052787,sensitivity_only
id:x%3A0x1.2000000000000p%2B3,143,3.08,2.7356,2.7747420782774896,0.8467349741670217,defined,-0.04622707160052787,sensitivity_only
id:x%3A0x1.2000000000000p%2B3,144,3.102,2.7426399999999997,2.70349792172251,0.8467349741670217,defined,0.04622707160052787,sensitivity_only
id:x%3A0x1.2000000000000p%2B3,145,3.124,2.74968,2.78882207827749,0.8467349741670217,defined,-0.04622707160052787,sensitivity_only
id:x%3A0x1.2000000000000p%2B3,146,3.146,2.75672,2.7175779217225102,0.8467349741670217,defined,0.04622707160052787,sensitivity_only
id:x%3A0x1.2000000000000p%2B3,147,3.168,2.76376,2.80290207827749,0.8467349741670217,defined,-0.04622707160052787,sensitivity_only
id:x%3A0x1.2000000000000p%2B3,148,3.19,2.7708,2.73165792172251,0.8467349741670217,defined,0.04622707160052787,sensitivity_only
id:x%3A0x1.2000000000000p%2B3,149,3.212,2.7778400000000003,2.81698207827749,0.8467349741670217,defined,-0.04622707160052787,sensitivity_only
id:x%3A0x1.2000000000000p%2B3,150,3.234,2.7848800000000002,2.7457379217225104,0.8467349741670217,defined,0.04622707160052787,sensitivity_only
id:x%3A0x1.2000000000000p%2B3,151,3.256,2.79192,2.83106207827749,0.8467349741670217,defined,-0.04622707160052787,sensitivity_only
id:x%3A0x1.2000000000000p%2B3,152,3.278,2.79896,2.7598179217225103,0.8467349741670217,defined,0.04622707160052787,sensitivity_only
id:x%3A0x1.2000000000000p%2B3,153,3.3,2.806,2.84514207827749,0.8467349741670217,defined,-0.04622707160052787,sensitivity_only
id:x%3A0x1.2000000000000p%2B3,154,3.322,2.81304,2.77389792172251,0.8467349741670217,defined,0.04622707160052787,sensitivity_only
id:x%3A0x1.2000000000000p%2B3,155,3.344,2.82008,2.8592220782774898,0.8467349741670217,defined,-0.04622707160052787,sensitivity_only
id:x%3A0x1.2000000000000p%2B3,156,3.366,2.82712,2.78797792172251,0.8467349741670217,defined,0.04622707160052787,sensitivity_only
id:x%3A0x1.2000000000000p%2B3,157,3.388,2.83416,2.8733020782774896,0.8467349741670217,defined,-0.04622707160052787,sensitivity_only
id:x%3A0x1.2000000000000p%2B3,158,3.41,2.8412,2.8020579217225103,0.8467349741670217,defined,0.04622707160052787,sensitivity_only
id:x%3A0x1.2000000000000p%2B3,159,3.432,2.84824,2.88738207827749,0.8467349741670217,defined,-0.04622707160052787,sensitivity_only
id:x%3A0x1.2000000000000p%2B3,160,3.454,2.85528,2.81613792172251,0.8467349741670217,defined,0.04622707160052787,sensitivity_only
id:x%3A0x1.2000000000000p%2B3,161,3.476,2.86232,2.90146207827749,0.8467349741670217,defined,-0.04622707160052787,sensitivity_only
id:x%3A0x1.2000000000000p%2B3,162,3.498,2.8693600000000004,2.8302179217225105,0.8467349741670217,defined,0.04622707160052787,sensitivity_only
id:x%3A0x1.2000000000000p%2B3,163,3.52,2.8764000000000003,2.91554207827749,0.8467349741670217,defined,-0.04622707160052787,sensitivity_only
id:x%3A0x1.2000000000000p%2B3,164,3.542,2.8834400000000002,2.8442979217225104,0.8467349741670217,defined,0.04622707160052787,sensitivity_only
id:x%3A0x1.2000000000000p%2B3,165,3.564,2.89048,2.92962207827749,0.8467349741670217,defined,-0.04622707160052787,sensitivity_only
id:x%3A0x1.2000000000000p%2B3,166,3.586,2.89752,2.8583779217225103,0.8467349741670217,defined,0.04622707160052787,sensitivity_only
id:x%3A0x1.2000000000000p%2B3,167,3.608,2.90456,2.94370207827749,0.8467349741670217,defined,-0.04622707160052787,sensitivity_only
id:x%3A0x1.2000000000000p%2B3,168,3.63,2.9116,2.87245792172251,0.8467349741670217,defined,0.04622707160052787,sensitivity_only
id:x%3A0x1.2000000000000p%2B3,169,3.652,2.91864,2.9577820782774897,0.8467349741670217,defined,-0.04622707160052787,sensitivity_only
id:x%3A0x1.2000000000000p%2B3,170,3.674,2.92568,2.88653792172251,0.8467349741670217,defined,0.04622707160052787,sensitivity_only
id:x%3A0x1.2000000000000p%2B3,171,3.696,2.9327199999999998,2.9718620782774896,0.8467349741670217,defined,-0.04622707160052787,sensitivity_only
id:x%3A0x1.2000000000000p%2B3,172,3.718,2.9397599999999997,2.90061792172251,0.8467349741670217,defined,0.04622707160052787,sensitivity_only
id:x%3A0x1.2000000000000p%2B3,173,3.74,2.9468,2.98594207827749,0.8467349741670217,defined,-0.04622707160052787,sensitivity_only
id:x%3A0x1.2000000000000p%2B3,174,3.762,2.95384,2.91469792172251,0.8467349741670217,defined,0.04622707160052787,sensitivity_only
id:x%3A0x1.2000000000000p%2B3,175,3.784,2.96088,3.00002207827749,0.8467349741670217,defined,-0.04622707160052787,sensitivity_only
id:x%3A0x1.2000000000000p%2B3,176,3.806,2.9679200000000003,2.9287779217225105,0.8467349741670217,defined,0.04622707160052787,sensitivity_only
id:x%3A0x1.2000000000000p%2B3,177,3.828,2.9749600000000003,3.01410207827749,0.8467349741670217,defined,-0.04622707160052787,sensitivity_only
id:x%3A0x1.2000000000000p%2B3,178,3.85,2.982,2.9428579217225104,0.8467349741670217,defined,0.04622707160052787,sensitivity_only
id:x%3A0x1.2000000000000p%2B3,179,3.872,2.98904,3.02818207827749,0.8467349741670217,defined,-0.04622707160052787,sensitivity_only
id:x%3A0x1.2000000000000p%2B3,180,3.894,2.99608,2.9569379217225102,0.8467349741670217,defined,0.04622707160052787,sensitivity_only
id:x%3A0x1.2000000000000p%2B3,181,3.916,3.00312,3.04226207827749,0.8467349741670217,defined,-0.04622707160052787,sensitivity_only
id:x%3A0x1.2000000000000p%2B3,182,3.938,3.01016,2.97101792172251,0.8467349741670217,defined,0.04622707160052787,sensitivity_only
id:x%3A0x1.2000000000000p%2B3,183,3.96,3.0172,3.0563420782774897,0.8467349741670217,defined,-0.04622707160052787,sensitivity_only
id:x%3A0x1.2000000000000p%2B3,184,3.982,3.02424,2.98509792172251,0.8467349741670217,defined,0.04622707160052787,sensitivity_only
id:x%3A0x1.2000000000000p%2B3,185,4.0,3.0300000000000002,3.06914207827749,0.8467349741670217,defined,-0.04622707160052787,sensitivity_only
id:x%3A0x1.2000000000000p%2B3,186,4.004,3.0312799999999998,2.99213792172251,0.8467349741670217,defined,0.04622707160052787,sensitivity_only
id:x%3A0x1.2000000000000p%2B3,187,4.026,3.0383199999999997,3.0774620782774895,0.8467349741670217,defined,-0.04622707160052787,sensitivity_only
id:x%3A0x1.2000000000000p%2B3,188,4.048,3.04536,3.0062179217225102,0.8467349741670217,defined,0.04622707160052787,sensitivity_only
id:x%3A0x1.2000000000000p%2B3,189,4.07,3.0524000000000004,3.0915420782774903,0.8467349741670217,defined,-0.04622707160052787,sensitivity_only
id:x%3A0x1.2000000000000p%2B3,190,4.092,3.05944,3.02029792172251,0.8467349741670217,defined,0.04622707160052787,sensitivity_only
id:x%3A0x1.2000000000000p%2B3,191,4.114,3.0664800000000003,3.10562207827749,0.8467349741670217,defined,-0.04622707160052787,sensitivity_only
id:x%3A0x1.2000000000000p%2B3,192,4.136,3.0735200000000003,3.0343779217225104,0.8467349741670217,defined,0.04622707160052787,sensitivity_only
id:x%3A0x1.2000000000000p%2B3,193,4.158,3.08056,3.11970207827749,0.8467349741670217,defined,-0.04622707160052787,sensitivity_only
id:x%3A0x1.2000000000000p%2B3,194,4.18,3.0876,3.0484579217225103,0.8467349741670217,defined,0.04622707160052787,sensitivity_only
id:x%3A0x1.2000000000000p%2B3,195,4.202,3.09464,3.13378207827749,0.8467349741670217,defined,-0.04622707160052787,sensitivity_only
id:x%3A0x1.2000000000000p%2B3,196,4.224,3.10168,3.06253792172251,0.8467349741670217,defined,0.04622707160052787,sensitivity_only
id:x%3A0x1.2000000000000p%2B3,197,4.246,3.10872,3.1478620782774898,0.8467349741670217,defined,-0.04622707160052787,sensitivity_only
id:x%3A0x1.2000000000000p%2B3,198,4.268,3.11576,3.07661792172251,0.8467349741670217,defined,0.04622707160052787,sensitivity_only
id:x%3A0x1.2000000000000p%2B3,199,4.29,3.1228,3.1619420782774896,0.8467349741670217,defined,-0.04622707160052787,sensitivity_only
id:x%3A0x1.2000000000000p%2B3,200,4.312,3.12984,3.0906979217225103,0.8467349741670217,defined,0.04622707160052787,sensitivity_only
id:x%3A0x1.2000000000000p%2B3,201,4.334,3.1368799999999997,3.1760220782774895,0.8467349741670217,defined,-0.04622707160052787,sensitivity_only
id:x%3A0x1.2000000000000p%2B3,202,4.356,3.14392,3.10477792172251,0.8467349741670217,defined,0.04622707160052787,sensitivity_only
id:x%3A0x1.2000000000000p%2B3,203,4.378,3.15096,3.19010207827749,0.8467349741670217,defined,-0.04622707160052787,sensitivity_only
id:x%3A0x1.2000000000000p%2B3,204,4.4,3.1580000000000004,3.1188579217225105,0.8467349741670217,defined,0.04622707160052787,sensitivity_only
id:x%3A0x1.2000000000000p%2B3,205,4.422,3.16504,3.2041820782774897,0.8467349741670217,defined,-0.04622707160052787,sensitivity_only
id:x%3A0x1.2000000000000p%2B3,206,4.444,3.1720800000000002,3.1329379217225104,0.8467349741670217,defined,0.04622707160052787,sensitivity_only
id:x%3A0x1.2000000000000p%2B3,207,4.466,3.17912,3.21826207827749,0.8467349741670217,defined,-0.04622707160052787,sensitivity_only
id:x%3A0x1.2000000000000p%2B3,208,4.488,3.18616,3.1470179217225103,0.8467349741670217,defined,0.04622707160052787,sensitivity_only
id:x%3A0x1.2000000000000p%2B3,209,4.51,3.1932,3.2297776109806713,0.7912595307087035,defined,-0.04622707160052787,sensitivity_only
id:x%3A0x1.2000000000000p%2B3,210,4.532,3.20024,3.1636623890193287,0.7912595307087035,defined,0.04622707160052787,sensitivity_only
id:x%3A0x1.2000000000000p%2B3,211,4.554,3.20728,3.243857610980671,0.7912595307087035,defined,-0.04622707160052787,sensitivity_only
id:x%3A0x1.2000000000000p%2B3,212,4.576,3.21432,3.1777423890193286,0.7912595307087035,defined,0.04622707160052787,sensitivity_only
id:x%3A0x1.2000000000000p%2B3,213,4.598,3.22136,3.257937610980671,0.7912595307087035,defined,-0.04622707160052787,sensitivity_only
id:x%3A0x1.2000000000000p%2B3,214,4.62,3.2284,3.191822389019329,0.7912595307087035,defined,0.04622707160052787,sensitivity_only
id:x%3A0x1.2000000000000p%2B3,215,4.642,3.23544,3.2720176109806713,0.7912595307087035,defined,-0.04622707160052787,sensitivity_only
id:x%3A0x1.2000000000000p%2B3,216,4.664,3.24248,3.205902389019329,0.7912595307087035,defined,0.04622707160052787,sensitivity_only
id:x%3A0x1.2000000000000p%2B3,217,4.686,3.24952,3.286097610980671,0.7912595307087035,defined,-0.04622707160052787,sensitivity_only
id:x%3A0x1.2000000000000p%2B3,218,4.708,3.2565600000000003,3.219982389019329,0.7912595307087035,defined,0.04622707160052787,sensitivity_only
id:x%3A0x1.2000000000000p%2B3,219,4.73,3.2636000000000003,3.3001776109806715,0.7912595307087035,defined,-0.04622707160052787,sensitivity_only
id:x%3A0x1.2000000000000p%2B3,220,4.752,3.27064,3.234062389019329,0.7912595307087035,defined,0.04622707160052787,sensitivity_only
id:x%3A0x1.2000000000000p%2B3,221,4.774,3.27768,3.3142576109806714,0.7912595307087035,defined,-0.04622707160052787,sensitivity_only
id:x%3A0x1.2000000000000p%2B3,222,4.796,3.28472,3.248142389019329,0.7912595307087035,defined,0.04622707160052787,sensitivity_only
id:x%3A0x1.2000000000000p%2B3,223,4.818,3.29176,3.3283376109806713,0.7912595307087035,defined,-0.04622707160052787,sensitivity_only
id:x%3A0x1.2000000000000p%2B3,224,4.84,3.2988,3.2622223890193287,0.7912595307087035,defined,0.04622707160052787,sensitivity_only
id:x%3A0x1.2000000000000p%2B3,225,4.862,3.30584,3.342417610980671,0.7912595307087035,defined,-0.04622707160052787,sensitivity_only
id:x%3A0x1.2000000000000p%2B3,226,4.884,3.31288,3.2763023890193286,0.7912595307087035,defined,0.04622707160052787,sensitivity_only
id:x%3A0x1.2000000000000p%2B3,227,4.906,3.3199199999999998,3.356497610980671,0.7912595307087035,defined,-0.04622707160052787,sensitivity_only
id:x%3A0x1.2000000000000p%2B3,228,4.928,3.3269599999999997,3.2903823890193284,0.7912595307087035,defined,0.04622707160052787,sensitivity_only
id:x%3A0x1.2000000000000p%2B3,229,4.95,3.334,3.3705776109806713,0.7912595307087035,defined,-0.04622707160052787,sensitivity_only
id:x%3A0x1.2000000000000p%2B3,230,4.972,3.3410400000000005,3.304462389019329,0.7912595307087035,defined,0.04622707160052787,sensitivity_only
id:x%3A0x1.2000000000000p%2B3,231,4.994,3.34808,3.384657610980671,0.7912595307087035,defined,-0.04622707160052787,sensitivity_only
id:x%3A0x1.2000000000000p%2B3,232,5.0,3.35,3.313422389019329,0.7912595307087035,defined,0.04622707160052787,sensitivity_only
id:x%3A0x1.2000000000000p%2B3,233,5.016,3.3551200000000003,3.3916976109806716,0.7912595307087035,defined,-0.04622707160052787,sensitivity_only
id:x%3A0x1.2000000000000p%2B3,234,5.038,3.3621600000000003,3.325582389019329,0.7912595307087035,defined,0.04622707160052787,sensitivity_only
id:x%3A0x1.2000000000000p%2B3,235,5.06,3.3692,3.4057776109806714,0.7912595307087035,defined,-0.04622707160052787,sensitivity_only
id:x%3A0x1.2000000000000p%2B3,236,5.082,3.37624,3.339662389019329,0.7912595307087035,defined,0.04622707160052787,sensitivity_only
id:x%3A0x1.2000000000000p%2B3,237,5.104,3.38328,3.4198576109806713,0.7912595307087035,defined,-0.04622707160052787,sensitivity_only
id:x%3A0x1.2000000000000p%2B3,238,5.126,3.39032,3.3537423890193288,0.7912595307087035,defined,0.04622707160052787,sensitivity_only
id:x%3A0x1.2000000000000p%2B3,239,5.148,3.39736,3.433937610980671,0.7912595307087035,defined,-0.04622707160052787,sensitivity_only
id:x%3A0x1.2000000000000p%2B3,240,5.17,3.4044,3.3678223890193286,0.7912595307087035,defined,0.04622707160052787,sensitivity_only
id:x%3A0x1.2000000000000p%2B3,241,5.192,3.41144,3.448017610980671,0.7912595307087035,defined,-0.04622707160052787,sensitivity_only
id:x%3A0x1.2000000000000p%2B3,242,5.214,3.41848,3.381902389019329,0.7912595307087035,defined,0.04622707160052787,sensitivity_only
id:x%3A0x1.2000000000000p%2B3,243,5.236,3.4255199999999997,3.462097610980671,0.7912595307087035,defined,-0.04622707160052787,sensitivity_only
id:x%3A0x1.2000000000000p%2B3,244,5.258,3.43256,3.395982389019329,0.7912595307087035,defined,0.04622707160052787,sensitivity_only
id:x%3A0x1.2000000000000p%2B3,245,5.28,3.4396000000000004,3.4761776109806717,0.7912595307087035,defined,-0.04622707160052787,sensitivity_only
id:x%3A0x1.2000000000000p%2B3,246,5.302,3.44664,3.4100623890193287,0.7912595307087035,defined,0.04622707160052787,sensitivity_only
id:x%3A0x1.2000000000000p%2B3,247,5.324,3.4536800000000003,3.4902576109806716,0.7912595307087035,defined,-0.04622707160052787,sensitivity_only
id:x%3A0x1.2000000000000p%2B3,248,5.346,3.4607200000000002,3.424142389019329,0.7912595307087035,defined,0.04622707160052787,sensitivity_only
id:x%3A0x1.2000000000000p%2B3,249,5.368,3.46776,3.5043376109806714,0.7912595307087035,defined,-0.04622707160052787,sensitivity_only
id:x%3A0x1.2000000000000p%2B3,250,5.39,3.4748,3.438222389019329,0.7912595307087035,defined,0.04622707160052787,sensitivity_only
id:x%3A0x1.2000000000000p%2B3,251,5.412,3.48184,3.5184176109806713,0.7912595307087035,defined,-0.04622707160052787,sensitivity_only
id:x%3A0x1.2000000000000p%2B3,252,5.434,3.48888,3.4523023890193287,0.7912595307087035,defined,0.04622707160052787,sensitivity_only
id:x%3A0x1.2000000000000p%2B3,253,5.456,3.49592,3.532497610980671,0.7912595307087035,defined,-0.04622707160052787,sensitivity_only
id:x%3A0x1.2000000000000p%2B3,254,5.478,3.50296,3.4663823890193286,0.7912595307087035,defined,0.04622707160052787,sensitivity_only
id:x%3A0x1.2000000000000p%2B3,255,5.5,3.51,3.546577610980671,0.7912595307087035,defined,-0.04622707160052787,sensitivity_only
id:x%3A0x1.2000000000000p%2B3,256,5.522,3.53156,3.4959675550258456,0.7699480789466207,defined,0.04622707160052787,sensitivity_only
id:x%3A0x1.2000000000000p%2B3,257,5.544,3.5531199999999994,3.5887124449741536,0.7699480789466207,defined,-0.04622707160052787,sensitivity_only
id:x%3A0x1.2000000000000p%2B3,258,5.566,3.5746799999999994,3.539087555025845,0.7699480789466207,defined,0.04622707160052787,sensitivity_only
id:x%3A0x1.2000000000000p%2B3,259,5.588,3.59624,3.631832444974154,0.7699480789466207,defined,-0.04622707160052787,sensitivity_only
id:x%3A0x1.2000000000000p%2B3,260,5.61,3.6178,3.5822075550258456,0.7699480789466207,defined,0.04622707160052787,sensitivity_only
id:x%3A0x1.2000000000000p%2B3,261,5.632,3.6393599999999995,3.6749524449741537,0.7699480789466207,defined,-0.04622707160052787,sensitivity_only
id:x%3A0x1.2000000000000p%2B3,262,5.654,3.6609199999999995,3.6253275550258452,0.7699480789466207,defined,0.04622707160052787,sensitivity_only
id:x%3A0x1.2000000000000p%2B3,263,5.676,3.68248,3.7180724449741542,0.7699480789466207,defined,-0.04622707160052787,sensitivity_only
id:x%3A0x1.2000000000000p%2B3,264,5.698,3.70404,3.6684475550258457,0.7699480789466207,defined,0.04622707160052787,sensitivity_only
id:x%3A0x1.2000000000000p%2B3,265,5.72,3.7255999999999996,3.761192444974154,0.7699480789466207,defined,-0.04622707160052787,sensitivity_only
id:x%3A0x1.2000000000000p%2B3,266,5.742,3.7471599999999996,3.7115675550258453,0.7699480789466207,defined,0.04622707160052787,sensitivity_only
id:x%3A0x1.2000000000000p%2B3,267,5.764,3.76872,3.8043124449741543,0.7699480789466207,defined,-0.04622707160052787,sensitivity_only
id:x%3A0x1.2000000000000p%2B3,268,5.786,3.790279999999999,3.754687555025845,0.7699480789466207,defined,0.04622707160052787,sensitivity_only
id:x%3A0x1.2000000000000p%2B3,269,5.808,3.8118399999999997,3.847432444974154,0.7699480789466207,defined,-0.04622707160052787,sensitivity_only
id:x%3A0x1.2000000000000p%2B3,270,5.83,3.8333999999999997,3.7978075550258454,0.7699480789466207,defined,0.04622707160052787,sensitivity_only
id:x%3A0x1.2000000000000p%2B3,271,5.852,3.85496,3.8905524449741544,0.7699480789466207,defined,-0.04622707160052787,sensitivity_only
id:x%3A0x1.2000000000000p%2B3,272,5.874,3.8765199999999993,3.840927555025845,0.7699480789466207,defined,0.04622707160052787,sensitivity_only
id:x%3A0x1.2000000000000p%2B3,273,5.896,3.8980799999999998,3.933672444974154,0.7699480789466207,defined,-0.04622707160052787,sensitivity_only
id:x%3A0x1.2000000000000p%2B3,274,5.918,3.91964,3.8840475550258455,0.7699480789466207,defined,0.04622707160052787,sensitivity_only
id:x%3A0x1.2000000000000p%2B3,275,5.94,3.9412000000000003,3.9767924449741545,0.7699480789466207,defined,-0.04622707160052787,sensitivity_only
id:x%3A0x1.2000000000000p%2B3,276,5.962,3.9627599999999994,3.927167555025845,0.7699480789466207,defined,0.04622707160052787,sensitivity_only
id:x%3A0x1.2000000000000p%2B3,277,5.984,3.98432,4.019912444974154,0.7699480789466207,defined,-0.04622707160052787,sensitivity_only
id:x%3A0x1.2000000000000p%2B3,278,6.0,4.0,3.9644075550258457,0.7699480789466207,defined,0.04622707160052787,sensitivity_only
id:x%3A0x1.2000000000000p%2B3,279,6.006,4.00588,4.041472444974155,0.7699480789466207,defined,-0.04622707160052787,sensitivity_only
id:x%3A0x1.2000000000000p%2B3,280,6.028,4.0274399999999995,3.991847555025845,0.7699480789466207,defined,0.04622707160052787,sensitivity_only
id:x%3A0x1.2000000000000p%2B3,281,6.05,4.0489999999999995,4.084592444974154,0.7699480789466207,defined,-0.04622707160052787,sensitivity_only
id:x%3A0x1.2000000000000p%2B3,282,6.072,4.0705599999999995,4.034967555025845,0.7699480789466207,defined,0.04622707160052787,sensitivity_only
id:x%3A0x1.2000000000000p%2B3,283,6.094,4.09212,4.127712444974155,0.7699480789466207,defined,-0.04622707160052787,sensitivity_only
id:x%3A0x1.2000000000000p%2B3,284,6.116,4.11368,4.078087555025845,0.7699480789466207,defined,0.04622707160052787,sensitivity_only
id:x%3A0x1.2000000000000p%2B3,285,6.138,4.13524,4.170832444974154,0.7699480789466207,defined,-0.04622707160052787,sensitivity_only
id:x%3A0x1.2000000000000p%2B3,286,6.16,4.1568,4.121207555025845,0.7699480789466207,defined,0.04622707160052787,sensitivity_only
id:x%3A0x1.2000000000000p%2B3,287,6.182,4.1783600000000005,4.213952444974155,0.7699480789466207,defined,-0.04622707160052787,sensitivity_only
id:x%3A0x1.2000000000000p%2B3,288,6.204,4.19992,4.164327555025845,0.7699480789466207,defined,0.04622707160052787,sensitivity_only
id:x%3A0x1.2000000000000p%2B3,289,6.226,4.22148,4.257072444974154,0.7699480789466207,defined,-0.04622707160052787,sensitivity_only
id:x%3A0x1.2000000000000p%2B3,290,6.248,4.24304,4.207447555025845,0.7699480789466207,defined,0.04622707160052787,sensitivity_only
id:x%3A0x1.2000000000000p%2B3,291,6.27,4.2646,4.300192444974154,0.7699480789466207,defined,-0.04622707160052787,sensitivity_only
id:x%3A0x1.2000000000000p%2B3,292,6.292,4.28616,4.250567555025845,0.7699480789466207,defined,0.04622707160052787,sensitivity_only
id:x%3A0x1.2000000000000p%2B3,293,6.314,4.30772,4.3433124449741545,0.7699480789466207,defined,-0.04622707160052787,sensitivity_only
id:x%3A0x1.2000000000000p%2B3,294,6.336,4.32928,4.293687555025845,0.7699480789466207,defined,0.04622707160052787,sensitivity_only
id:x%3A0x1.2000000000000p%2B3,295,6.358,4.35084,4.3864324449741545,0.7699480789466207,defined,-0.04622707160052787,sensitivity_only
id:x%3A0x1.2000000000000p%2B3,296,6.38,4.3724,4.336807555025845,0.7699480789466207,defined,0.04622707160052787,sensitivity_only
id:x%3A0x1.2000000000000p%2B3,297,6.402,4.39396,4.429552444974155,0.7699480789466207,defined,-0.04622707160052787,sensitivity_only
id:x%3A0x1.2000000000000p%2B3,298,6.424,4.41552,4.379927555025845,0.7699480789466207,defined,0.04622707160052787,sensitivity_only
id:x%3A0x1.2000000000000p%2B3,299,6.446,4.43708,4.472672444974155,0.7699480789466207,defined,-0.04622707160052787,sensitivity_only
id:x%3A0x1.2000000000000p%2B3,300,6.468,4.45864,4.423047555025845,0.7699480789466207,defined,0.04622707160052787,sensitivity_only
id:x%3A0x1.2000000000000p%2B3,301,6.49,4.4802,4.515792444974155,0.7699480789466207,defined,-0.04622707160052787,sensitivity_only
id:x%3A0x1.2000000000000p%2B3,302,6.512,4.501759999999999,4.461984061158741,0.8604468650963308,defined,0.04622707160052787,sensitivity_only
id:x%3A0x1.2000000000000p%2B3,303,6.534,4.52332,4.563095938841258,0.8604468650963308,defined,-0.04622707160052787,sensitivity_only
id:x%3A0x1.2000000000000p%2B3,304,6.556,4.54488,4.505104061158742,0.8604468650963308,defined,0.04622707160052787,sensitivity_only
id:x%3A0x1.2000000000000p%2B3,305,6.578,4.56644,4.606215938841258,0.8604468650963308,defined,-0.04622707160052787,sensitivity_only
id:x%3A0x1.2000000000000p%2B3,306,6.6,4.587999999999999,4.5482240611587414,0.8604468650963308,defined,0.04622707160052787,sensitivity_only
id:x%3A0x1.2000000000000p%2B3,307,6.622,4.60956,4.649335938841258,0.8604468650963308,defined,-0.04622707160052787,sensitivity_only
id:x%3A0x1.2000000000000p%2B3,308,6.644,4.63112,4.591344061158742,0.8604468650963308,defined,0.04622707160052787,sensitivity_only
id:x%3A0x1.2000000000000p%2B3,309,6.666,4.65268,4.692455938841258,0.8604468650963308,defined,-0.04622707160052787,sensitivity_only
id:x%3A0x1.2000000000000p%2B3,310,6.688,4.674239999999999,4.6344640611587415,0.8604468650963308,defined,0.04622707160052787,sensitivity_only
id:x%3A0x1.2000000000000p%2B3,311,6.71,4.6958,4.735575938841258,0.8604468650963308,defined,-0.04622707160052787,sensitivity_only
id:x%3A0x1.2000000000000p%2B3,312,6.732,4.71736,4.6775840611587425,0.8604468650963308,defined,0.04622707160052787,sensitivity_only
id:x%3A0x1.2000000000000p%2B3,313,6.754,4.738919999999999,4.778695938841257,0.8604468650963308,defined,-0.04622707160052787,sensitivity_only
id:x%3A0x1.2000000000000p%2B3,314,6.776,4.760479999999999,4.720704061158742,0.8604468650963308,defined,0.04622707160052787,sensitivity_only
id:x%3A0x1.2000000000000p%2B3,315,6.798,4.78204,4.821815938841258,0.8604468650963308,defined,-0.04622707160052787,sensitivity_only
id:x%3A0x1.2000000000000p%2B3,316,6.82,4.8036,4.763824061158743,0.8604468650963308,defined,0.04622707160052787,sensitivity_only
id:x%3A0x1.2000000000000p%2B3,317,6.842,4.8251599999999994,4.864935938841257,0.8604468650963308,defined,-0.04622707160052787,sensitivity_only
id:x%3A0x1.2000000000000p%2B3,318,6.864,4.8467199999999995,4.806944061158742,0.8604468650963308,defined,0.04622707160052787,sensitivity_only
id:x%3A0x1.2000000000000p%2B3,319,6.886,4.86828,4.908055938841258,0.8604468650963308,defined,-0.04622707160052787,sensitivity_only
id:x%3A0x1.2000000000000p%2B3,320,6.908,4.88984,4.850064061158743,0.8604468650963308,defined,0.04622707160052787,sensitivity_only
id:x%3A0x1.2000000000000p%2B3,321,6.93,4.9113999999999995,4.951175938841257,0.8604468650963308,defined,-0.04622707160052787,sensitivity_only
id:x%3A0x1.2000000000000p%2B3,322,6.952,4.93296,4.893184061158742,0.8604468650963308,defined,0.04622707160052787,sensitivity_only
id:x%3A0x1.2000000000000p%2B3,323,6.974,4.9545200000000005,4.994295938841258,0.8604468650963308,defined,-0.04622707160052787,sensitivity_only
id:x%3A0x1.2000000000000p%2B3,324,6.996,4.9760800000000005,4.936304061158743,0.8604468650963308,defined,0.04622707160052787,sensitivity_only
id:x%3A0x1.2000000000000p%2B3,325,7.0,4.9799999999999995,5.019775938841257,0.8604468650963308,defined,-0.04622707160052787,sensitivity_only
id:x%3A0x1.2000000000000p%2B3,326,7.018,4.99764,4.957864061158742,0.8604468650963308,defined,0.04622707160052787,sensitivity_only
id:x%3A0x1.2000000000000p%2B3,327,7.04,5.0192,5.058975938841257,0.8604468650963308,defined,-0.04622707160052787,sensitivity_only
id:x%3A0x1.2000000000000p%2B3,328,7.062,5.040760000000001,5.000984061158743,0.8604468650963308,defined,0.04622707160052787,sensitivity_only
id:x%3A0x1.2000000000000p%2B3,329,7.084,5.06232,5.1020959388412574,0.8604468650963308,defined,-0.04622707160052787,sensitivity_only
id:x%3A0x1.2000000000000p%2B3,330,7.106,5.08388,5.044104061158742,0.8604468650963308,defined,0.04622707160052787,sensitivity_only
id:x%3A0x1.2000000000000p%2B3,331,7.128,5.10544,5.1452159388412575,0.8604468650963308,defined,-0.04622707160052787,sensitivity_only
id:x%3A0x1.2000000000000p%2B3,332,7.15,5.127,5.087224061158742,0.8604468650963308,defined,0.04622707160052787,sensitivity_only
id:x%3A0x1.2000000000000p%2B3,333,7.172,5.14856,5.1883359388412575,0.8604468650963308,defined,-0.04622707160052787,sensitivity_only
id:x%3A0x1.2000000000000p%2B3,334,7.194,5.17012,5.130344061158742,0.8604468650963308,defined,0.04622707160052787,sensitivity_only
id:x%3A0x1.2000000000000p%2B3,335,7.216,5.19168,5.231455938841258,0.8604468650963308,defined,-0.04622707160052787,sensitivity_only
id:x%3A0x1.2000000000000p%2B3,336,7.238,5.21324,5.173464061158742,0.8604468650963308,defined,0.04622707160052787,sensitivity_only
id:x%3A0x1.2000000000000p%2B3,337,7.26,5.2348,5.274575938841258,0.8604468650963308,defined,-0.04622707160052787,sensitivity_only
id:x%3A0x1.2000000000000p%2B3,338,7.282,5.25636,5.216584061158742,0.8604468650963308,defined,0.04622707160052787,sensitivity_only
id:x%3A0x1.2000000000000p%2B3,339,7.304,5.27792,5.317695938841258,0.8604468650963308,defined,-0.04622707160052787,sensitivity_only
id:x%3A0x1.2000000000000p%2B3,340,7.326,5.299479999999999,5.259704061158741,0.8604468650963308,defined,0.04622707160052787,sensitivity_only
id:x%3A0x1.2000000000000p%2B3,341,7.348,5.32104,5.360815938841258,0.8604468650963308,defined,-0.04622707160052787,sensitivity_only
id:x%3A0x1.2000000000000p%2B3,342,7.37,5.3426,5.302824061158742,0.8604468650963308,defined,0.04622707160052787,sensitivity_only
id:x%3A0x1.2000000000000p%2B3,343,7.392,5.36416,5.403935938841258,0.8604468650963308,defined,-0.04622707160052787,sensitivity_only
id:x%3A0x1.2000000000000p%2B3,344,7.414,5.385719999999999,5.345944061158741,0.8604468650963308,defined,0.04622707160052787,sensitivity_only
id:x%3A0x1.2000000000000p%2B3,345,7.436,5.40728,5.447055938841258,0.8604468650963308,defined,-0.04622707160052787,sensitivity_only
id:x%3A0x1.2000000000000p%2B3,346,7.458,5.42884,5.389064061158742,0.8604468650963308,defined,0.04622707160052787,sensitivity_only
id:x%3A0x1.2000000000000p%2B3,347,7.48,5.4504,5.490175938841258,0.8604468650963308,defined,-0.04622707160052787,sensitivity_only
id:x%3A0x1.2000000000000p%2B3,348,7.502,5.471959999999999,5.421433807417861,1.0930000718791255,defined,0.04622707160052787,sensitivity_only
id:x%3A0x1.2000000000000p%2B3,349,7.524,5.49352,5.5440461925821385,1.0930000718791255,defined,-0.04622707160052787,sensitivity_only
id:x%3A0x1.2000000000000p%2B3,350,7.546,5.51508,5.464553807417862,1.0930000718791255,defined,0.04622707160052787,sensitivity_only
id:x%3A0x1.2000000000000p%2B3,351,7.568,5.536639999999999,5.587166192582138,1.0930000718791255,defined,-0.04622707160052787,sensitivity_only
id:x%3A0x1.2000000000000p%2B3,352,7.59,5.558199999999999,5.507673807417861,1.0930000718791255,defined,0.04622707160052787,sensitivity_only
id:x%3A0x1.2000000000000p%2B3,353,7.612,5.57976,5.630286192582139,1.0930000718791255,defined,-0.04622707160052787,sensitivity_only
id:x%3A0x1.2000000000000p%2B3,354,7.634,5.60132,5.550793807417862,1.0930000718791255,defined,0.04622707160052787,sensitivity_only
id:x%3A0x1.2000000000000p%2B3,355,7.656,5.622879999999999,5.673406192582138,1.0930000718791255,defined,-0.04622707160052787,sensitivity_only
id:x%3A0x1.2000000000000p%2B3,356,7.678,5.6444399999999995,5.593913807417861,1.0930000718791255,defined,0.04622707160052787,sensitivity_only
id:x%3A0x1.2000000000000p%2B3,357,7.7,5.666,5.716526192582139,1.0930000718791255,defined,-0.04622707160052787,sensitivity_only
id:x%3A0x1.2000000000000p%2B3,358,7.722,5.6875599999999995,5.637033807417861,1.0930000718791255,defined,0.04622707160052787,sensitivity_only
id:x%3A0x1.2000000000000p%2B3,359,7.744,5.7091199999999995,5.759646192582138,1.0930000718791255,defined,-0.04622707160052787,sensitivity_only
id:x%3A0x1.2000000000000p%2B3,360,7.766,5.7306799999999996,5.680153807417861,1.0930000718791255,defined,0.04622707160052787,sensitivity_only
id:x%3A0x1.2000000000000p%2B3,361,7.788,5.7522400000000005,5.802766192582139,1.0930000718791255,defined,-0.04622707160052787,sensitivity_only
id:x%3A0x1.2000000000000p%2B3,362,7.81,5.7738,5.723273807417861,1.0930000718791255,defined,0.04622707160052787,sensitivity_only
id:x%3A0x1.2000000000000p%2B3,363,7.832,5.79536,5.845886192582138,1.0930000718791255,defined,-0.04622707160052787,sensitivity_only
id:x%3A0x1.2000000000000p%2B3,364,7.854,5.81692,5.766393807417861,1.0930000718791255,defined,0.04622707160052787,sensitivity_only
id:x%3A0x1.2000000000000p%2B3,365,7.876,5.838480000000001,5.889006192582139,1.0930000718791255,defined,-0.04622707160052787,sensitivity_only
id:x%3A0x1.2000000000000p%2B3,366,7.898,5.86004,5.809513807417861,1.0930000718791255,defined,0.04622707160052787,sensitivity_only
id:x%3A0x1.2000000000000p%2B3,367,7.92,5.8816,5.932126192582138,1.0930000718791255,defined,-0.04622707160052787,sensitivity_only
id:x%3A0x1.2000000000000p%2B3,368,7.942,5.90316,5.852633807417861,1.0930000718791255,defined,0.04622707160052787,sensitivity_only
id:x%3A0x1.2000000000000p%2B3,369,7.964,5.924720000000001,5.975246192582139,1.0930000718791255,defined,-0.04622707160052787,sensitivity_only
id:x%3A0x1.2000000000000p%2B3,370,7.986,5.94628,5.8957538074178615,1.0930000718791255,defined,0.04622707160052787,sensitivity_only
id:x%3A0x1.2000000000000p%2B3,371,8.0,5.96,6.010526192582138,1.0930000718791255,defined,-0.04622707160052787,sensitivity_only
id:x%3A0x1.2000000000000p%2B3,372,8.008,5.967839999999999,5.917313807417861,1.0930000718791255,defined,0.04622707160052787,sensitivity_only
id:x%3A0x1.2000000000000p%2B3,373,8.03,5.989399999999999,6.039926192582137,1.0930000718791255,defined,-0.04622707160052787,sensitivity_only
id:x%3A0x1.2000000000000p%2B3,374,8.052,6.010959999999999,5.960433807417861,1.0930000718791255,defined,0.04622707160052787,sensitivity_only
id:x%3A0x1.2000000000000p%2B3,375,8.074,6.03252,6.083046192582138,1.0930000718791255,defined,-0.04622707160052787,sensitivity_only
id:x%3A0x1.2000000000000p%2B3,376,8.096,6.05408,6.003553807417862,1.0930000718791255,defined,0.04622707160052787,sensitivity_only
id:x%3A0x1.2000000000000p%2B3,377,8.118,6.07564,6.126166192582138,1.0930000718791255,defined,-0.04622707160052787,sensitivity_only
id:x%3A0x1.2000000000000p%2B3,378,8.14,6.097200000000001,6.0466738074178625,1.0930000718791255,defined,0.04622707160052787,sensitivity_only
id:x%3A0x1.2000000000000p%2B3,379,8.162,6.11876,6.169286192582138,1.0930000718791255,defined,-0.04622707160052787,sensitivity_only
id:x%3A0x1.2000000000000p%2B3,380,8.184,6.140319999999999,6.089793807417861,1.0930000718791255,defined,0.04622707160052787,sensitivity_only
id:x%3A0x1.2000000000000p%2B3,381,8.206,6.161879999999999,6.212406192582137,1.0930000718791255,defined,-0.04622707160052787,sensitivity_only
id:x%3A0x1.2000000000000p%2B3,382,8.228,6.183439999999999,6.132913807417861,1.0930000718791255,defined,0.04622707160052787,sensitivity_only
id:x%3A0x1.2000000000000p%2B3,383,8.25,6.205,6.255526192582138,1.0930000718791255,defined,-0.04622707160052787,sensitivity_only
id:x%3A0x1.2000000000000p%2B3,384,8.272,6.22656,6.176033807417862,1.0930000718791255,defined,0.04622707160052787,sensitivity_only
id:x%3A0x1.2000000000000p%2B3,385,8.294,6.24812,6.298646192582138,1.0930000718791255,defined,-0.04622707160052787,sensitivity_only
id:x%3A0x1.2000000000000p%2B3,386,8.316,6.269680000000001,6.219153807417863,1.0930000718791255,defined,0.04622707160052787,sensitivity_only
id:x%3A0x1.2000000000000p%2B3,387,8.338,6.291239999999998,6.341766192582137,1.0930000718791255,defined,-0.04622707160052787,sensitivity_only
id:x%3A0x1.2000000000000p%2B3,388,8.36,6.312799999999999,6.262273807417861,1.0930000718791255,defined,0.04622707160052787,sensitivity_only
id:x%3A0x1.2000000000000p%2B3,389,8.382,6.334359999999999,6.384886192582138,1.0930000718791255,defined,-0.04622707160052787,sensitivity_only
id:x%3A0x1.2000000000000p%2B3,390,8.404,6.355919999999999,6.305393807417861,1.0930000718791255,defined,0.04622707160052787,sensitivity_only
id:x%3A0x1.2000000000000p%2B3,391,8.426,6.37748,6.428006192582139,1.0930000718791255,defined,-0.04622707160052787,sensitivity_only
id:x%3A0x1.2000000000000p%2B3,392,8.448,6.39904,6.348513807417862,1.0930000718791255,defined,0.04622707160052787,sensitivity_only
id:x%3A0x1.2000000000000p%2B3,393,8.47,6.4206,6.471126192582139,1.0930000718791255,defined,-0.04622707160052787,sensitivity_only
id:x%3A0x1.2000000000000p%2B3,394,8.492,6.442160000000001,6.391633807417863,1.0930000718791255,defined,0.04622707160052787,sensitivity_only
id:x%3A0x1.2000000000000p%2B3,395,8.514,6.463719999999999,6.503495938841256,0.8604468650963308,defined,-0.04622707160052787,sensitivity_only
id:x%3A0x1.2000000000000p%2B3,396,8.536,6.4852799999999995,6.445504061158742,0.8604468650963308,defined,0.04622707160052787,sensitivity_only
id:x%3A0x1.2000000000000p%2B3,397,8.558,6.5068399999999995,6.546615938841257,0.8604468650963308,defined,-0.04622707160052787,sensitivity_only
id:x%3A0x1.2000000000000p%2B3,398,8.58,6.5283999999999995,6.488624061158742,0.8604468650963308,defined,0.04622707160052787,sensitivity_only
id:x%3A0x1.2000000000000p%2B3,399,8.602,6.5499600000000004,6.589735938841258,0.8604468650963308,defined,-0.04622707160052787,sensitivity_only
id:x%3A0x1.2000000000000p%2B3,400,8.624,6.5715200000000005,6.531744061158743,0.8604468650963308,defined,0.04622707160052787,sensitivity_only
id:x%3A0x1.2000000000000p%2B3,401,8.646,6.5930800000000005,6.632855938841258,0.8604468650963308,defined,-0.04622707160052787,sensitivity_only
id:x%3A0x1.2000000000000p%2B3,402,8.668,6.61464,6.574864061158742,0.8604468650963308,defined,0.04622707160052787,sensitivity_only
id:x%3A0x1.2000000000000p%2B3,403,8.69,6.636199999999999,6.6759759388412565,0.8604468650963308,defined,-0.04622707160052787,sensitivity_only
id:x%3A0x1.2000000000000p%2B3,404,8.712,6.65776,6.617984061158742,0.8604468650963308,defined,0.04622707160052787,sensitivity_only
id:x%3A0x1.2000000000000p%2B3,405,8.734,6.67932,6.719095938841257,0.8604468650963308,defined,-0.04622707160052787,sensitivity_only
id:x%3A0x1.2000000000000p%2B3,406,8.756,6.70088,6.661104061158742,0.8604468650963308,defined,0.04622707160052787,sensitivity_only
id:x%3A0x1.2000000000000p%2B3,407,8.778,6.722440000000001,6.762215938841258,0.8604468650963308,defined,-0.04622707160052787,sensitivity_only
id:x%3A0x1.2000000000000p%2B3,408,8.8,6.744,6.704224061158742,0.8604468650963308,defined,0.04622707160052787,sensitivity_only
id:x%3A0x1.2000000000000p%2B3,409,8.822,6.765559999999999,6.805335938841257,0.8604468650963308,defined,-0.04622707160052787,sensitivity_only
id:x%3A0x1.2000000000000p%2B3,410,8.844,6.78712,6.747344061158742,0.8604468650963308,defined,0.04622707160052787,sensitivity_only
id:x%3A0x1.2000000000000p%2B3,411,8.866,6.808679999999999,6.848455938841257,0.8604468650963308,defined,-0.04622707160052787,sensitivity_only
id:x%3A0x1.2000000000000p%2B3,412,8.888,6.83024,6.790464061158742,0.8604468650963308,defined,0.04622707160052787,sensitivity_only
id:x%3A0x1.2000000000000p%2B3,413,8.91,6.8518,6.891575938841258,0.8604468650963308,defined,-0.04622707160052787,sensitivity_only
id:x%3A0x1.2000000000000p%2B3,414,8.932,6.87336,6.833584061158742,0.8604468650963308,defined,0.04622707160052787,sensitivity_only
id:x%3A0x1.2000000000000p%2B3,415,8.954,6.894920000000001,6.934695938841259,0.8604468650963308,defined,-0.04622707160052787,sensitivity_only
id:x%3A0x1.2000000000000p%2B3,416,8.976,6.91648,6.876704061158742,0.8604468650963308,defined,0.04622707160052787,sensitivity_only
id:x%3A0x1.2000000000000p%2B3,417,8.998,6.938039999999999,6.977815938841257,0.8604468650963308,defined,-0.04622707160052787,sensitivity_only
id:x%3A0x1.2000000000000p%2B3,418,9.0,6.9399999999999995,6.900224061158742,0.8604468650963308,defined,0.04622707160052787,sensitivity_only
id:x%3A0x1.2000000000000p%2B3,419,9.02,6.959599999999999,6.999375938841257,0.8604468650963308,defined,-0.04622707160052787,sensitivity_only
id:x%3A0x1.2000000000000p%2B3,420,9.042,6.981159999999999,6.941384061158741,0.8604468650963308,defined,0.04622707160052787,sensitivity_only
id:x%3A0x1.2000000000000p%2B3,421,9.064,7.00272,7.042495938841258,0.8604468650963308,defined,-0.04622707160052787,sensitivity_only
id:x%3A0x1.2000000000000p%2B3,422,9.086,7.02428,6.984504061158742,0.8604468650963308,defined,0.04622707160052787,sensitivity_only
id:x%3A0x1.2000000000000p%2B3,423,9.108,7.04584,7.085615938841258,0.8604468650963308,defined,-0.04622707160052787,sensitivity_only
id:x%3A0x1.2000000000000p%2B3,424,9.13,7.067400000000001,7.027624061158743,0.8604468650963308,defined,0.04622707160052787,sensitivity_only
id:x%3A0x1.2000000000000p%2B3,425,9.152,7.088959999999998,7.128735938841256,0.8604468650963308,defined,-0.04622707160052787,sensitivity_only
id:x%3A0x1.2000000000000p%2B3,426,9.174,7.110519999999999,7.0707440611587415,0.8604468650963308,defined,0.04622707160052787,sensitivity_only
id:x%3A0x1.2000000000000p%2B3,427,9.196,7.132079999999999,7.171855938841257,0.8604468650963308,defined,-0.04622707160052787,sensitivity_only
id:x%3A0x1.2000000000000p%2B3,428,9.218,7.153639999999999,7.113864061158742,0.8604468650963308,defined,0.04622707160052787,sensitivity_only
id:x%3A0x1.2000000000000p%2B3,429,9.24,7.1752,7.214975938841258,0.8604468650963308,defined,-0.04622707160052787,sensitivity_only
id:x%3A0x1.2000000000000p%2B3,430,9.262,7.19676,7.1569840611587425,0.8604468650963308,defined,0.04622707160052787,sensitivity_only
id:x%3A0x1.2000000000000p%2B3,431,9.284,7.21832,7.258095938841258,0.8604468650963308,defined,-0.04622707160052787,sensitivity_only
id:x%3A0x1.2000000000000p%2B3,432,9.306,7.239879999999999,7.200104061158742,0.8604468650963308,defined,0.04622707160052787,sensitivity_only
id:x%3A0x1.2000000000000p%2B3,433,9.328,7.261439999999999,7.301215938841256,0.8604468650963308,defined,-0.04622707160052787,sensitivity_only
id:x%3A0x1.2000000000000p%2B3,434,9.35,7.2829999999999995,7.243224061158742,0.8604468650963308,defined,0.04622707160052787,sensitivity_only
id:x%3A0x1.2000000000000p%2B3,435,9.372,7.3045599999999995,7.344335938841257,0.8604468650963308,defined,-0.04622707160052787,sensitivity_only
id:x%3A0x1.2000000000000p%2B3,436,9.394,7.3261199999999995,7.286344061158742,0.8604468650963308,defined,0.04622707160052787,sensitivity_only
id:x%3A0x1.2000000000000p%2B3,437,9.416,7.34768,7.387455938841258,0.8604468650963308,defined,-0.04622707160052787,sensitivity_only
id:x%3A0x1.2000000000000p%2B3,438,9.438,7.3692400000000005,7.329464061158743,0.8604468650963308,defined,0.04622707160052787,sensitivity_only
id:x%3A0x1.2000000000000p%2B3,439,9.46,7.3908000000000005,7.430575938841258,0.8604468650963308,defined,-0.04622707160052787,sensitivity_only
id:x%3A0x1.2000000000000p%2B3,440,9.482,7.41236,7.372584061158742,0.8604468650963308,defined,0.04622707160052787,sensitivity_only
id:x%3A0x1.2000000000000p%2B3,441,9.504,7.433919999999999,7.461870659726288,0.6046383376352611,defined,-0.04622707160052787,sensitivity_only
id:x%3A0x1.2000000000000p%2B3,442,9.526,7.45548,7.42752934027371,0.6046383376352611,defined,0.04622707160052787,sensitivity_only
id:x%3A0x1.2000000000000p%2B3,443,9.548,7.47704,7.504990659726289,0.6046383376352611,defined,-0.04622707160052787,sensitivity_only
id:x%3A0x1.2000000000000p%2B3,444,9.57,7.4986,7.47064934027371,0.6046383376352611,defined,0.04622707160052787,sensitivity_only
id:x%3A0x1.2000000000000p%2B3,445,9.592,7.520160000000001,7.54811065972629,0.6046383376352611,defined,-0.04622707160052787,sensitivity_only
id:x%3A0x1.2000000000000p%2B3,446,9.614,7.541720000000001,7.513769340273711,0.6046383376352611,defined,0.04622707160052787,sensitivity_only
id:x%3A0x1.2000000000000p%2B3,447,9.636,7.563279999999999,7.591230659726288,0.6046383376352611,defined,-0.04622707160052787,sensitivity_only
id:x%3A0x1.2000000000000p%2B3,448,9.658,7.584839999999999,7.55688934027371,0.6046383376352611,defined,0.04622707160052787,sensitivity_only
id:x%3A0x1.2000000000000p%2B3,449,9.68,7.6064,7.634350659726289,0.6046383376352611,defined,-0.04622707160052787,sensitivity_only
id:x%3A0x1.2000000000000p%2B3,450,9.702,7.62796,7.600009340273711,0.6046383376352611,defined,0.04622707160052787,sensitivity_only
id:x%3A0x1.2000000000000p%2B3,451,9.724,7.64952,7.677470659726289,0.6046383376352611,defined,-0.04622707160052787,sensitivity_only
id:x%3A0x1.2000000000000p%2B3,452,9.746,7.67108,7.643129340273711,0.6046383376352611,defined,0.04622707160052787,sensitivity_only
id:x%3A0x1.2000000000000p%2B3,453,9.768,7.692640000000001,7.72059065972629,0.6046383376352611,defined,-0.04622707160052787,sensitivity_only
id:x%3A0x1.2000000000000p%2B3,454,9.79,7.714199999999999,7.68624934027371,0.6046383376352611,defined,0.04622707160052787,sensitivity_only
id:x%3A0x1.2000000000000p%2B3,455,9.812,7.735759999999999,7.763710659726288,0.6046383376352611,defined,-0.04622707160052787,sensitivity_only
id:x%3A0x1.2000000000000p%2B3,456,9.834,7.757319999999999,7.72936934027371,0.6046383376352611,defined,0.04622707160052787,sensitivity_only
id:x%3A0x1.2000000000000p%2B3,457,9.856,7.77888,7.806830659726289,0.6046383376352611,defined,-0.04622707160052787,sensitivity_only
id:x%3A0x1.2000000000000p%2B3,458,9.878,7.80044,7.772489340273711,0.6046383376352611,defined,0.04622707160052787,sensitivity_only
id:x%3A0x1.2000000000000p%2B3,459,9.9,7.822,7.849950659726289,0.6046383376352611,defined,-0.04622707160052787,sensitivity_only
id:x%3A0x1.2000000000000p%2B3,460,9.922,7.84356,7.815609340273711,0.6046383376352611,defined,0.04622707160052787,sensitivity_only
id:x%3A0x1.2000000000000p%2B3,461,9.944,7.86512,7.893070659726289,0.6046383376352611,defined,-0.04622707160052787,sensitivity_only
id:x%3A0x1.2000000000000p%2B3,462,9.966,7.886679999999999,7.85872934027371,0.6046383376352611,defined,0.04622707160052787,sensitivity_only
id:x%3A0x1.2000000000000p%2B3,463,9.988,7.908239999999999,7.936190659726289,0.6046383376352611,defined,-0.04622707160052787,sensitivity_only
id:x%3A0x1.2000000000000p%2B3,464,10.0,7.92,7.892049340273711,0.6046383376352611,defined,0.04622707160052787,sensitivity_only
id:x%3A0x1.2000000000000p%2B3,465,10.01,7.929799999999999,7.957750659726289,0.6046383376352611,defined,-0.04622707160052787,sensitivity_only
id:x%3A0x1.2000000000000p%2B3,466,10.032,7.951359999999999,7.92340934027371,0.6046383376352611,defined,0.04622707160052787,sensitivity_only
id:x%3A0x1.2000000000000p%2B3,467,10.054,7.97292,8.00087065972629,0.6046383376352611,defined,-0.04622707160052787,sensitivity_only
id:x%3A0x1.2000000000000p%2B3,468,10.076,7.99448,7.966529340273711,0.6046383376352611,defined,0.04622707160052787,sensitivity_only
id:x%3A0x1.2000000000000p%2B3,469,10.098,8.01604,8.04399065972629,0.6046383376352611,defined,-0.04622707160052787,sensitivity_only
id:x%3A0x1.2000000000000p%2B3,470,10.12,8.037599999999998,8.009649340273707,0.6046383376352611,defined,0.04622707160052787,sensitivity_only
id:x%3A0x1.2000000000000p%2B3,471,10.142,8.059159999999999,8.087110659726289,0.6046383376352611,defined,-0.04622707160052787,sensitivity_only
id:x%3A0x1.2000000000000p%2B3,472,10.164,8.08072,8.05276934027371,0.6046383376352611,defined,0.04622707160052787,sensitivity_only
id:x%3A0x1.2000000000000p%2B3,473,10.186,8.10228,8.13023065972629,0.6046383376352611,defined,-0.04622707160052787,sensitivity_only
id:x%3A0x1.2000000000000p%2B3,474,10.208,8.12384,8.09588934027371,0.6046383376352611,defined,0.04622707160052787,sensitivity_only
id:x%3A0x1.2000000000000p%2B3,475,10.23,8.1454,8.17335065972629,0.6046383376352611,defined,-0.04622707160052787,sensitivity_only
id:x%3A0x1.2000000000000p%2B3,476,10.252,8.16696,8.13900934027371,0.6046383376352611,defined,0.04622707160052787,sensitivity_only
id:x%3A0x1.2000000000000p%2B3,477,10.274,8.188519999999999,8.216470659726289,0.6046383376352611,defined,-0.04622707160052787,sensitivity_only
id:x%3A0x1.2000000000000p%2B3,478,10.296,8.210079999999998,8.182129340273708,0.6046383376352611,defined,0.04622707160052787,sensitivity_only
id:x%3A0x1.2000000000000p%2B3,479,10.318,8.231639999999999,8.259590659726289,0.6046383376352611,defined,-0.04622707160052787,sensitivity_only
id:x%3A0x1.2000000000000p%2B3,480,10.34,8.2532,8.22524934027371,0.6046383376352611,defined,0.04622707160052787,sensitivity_only
id:x%3A0x1.2000000000000p%2B3,481,10.362,8.27476,8.30271065972629,0.6046383376352611,defined,-0.04622707160052787,sensitivity_only
id:x%3A0x1.2000000000000p%2B3,482,10.384,8.29632,8.26836934027371,0.6046383376352611,defined,0.04622707160052787,sensitivity_only
id:x%3A0x1.2000000000000p%2B3,483,10.406,8.31788,8.34583065972629,0.6046383376352611,defined,-0.04622707160052787,sensitivity_only
id:x%3A0x1.2000000000000p%2B3,484,10.428,8.33944,8.31148934027371,0.6046383376352611,defined,0.04622707160052787,sensitivity_only
id:x%3A0x1.2000000000000p%2B3,485,10.45,8.360999999999999,8.388950659726289,0.6046383376352611,defined,-0.04622707160052787,sensitivity_only
id:x%3A0x1.2000000000000p%2B3,486,10.472,8.382559999999998,8.354609340273708,0.6046383376352611,defined,0.04622707160052787,sensitivity_only
id:x%3A0x1.2000000000000p%2B3,487,10.494,8.404119999999999,8.432070659726289,0.6046383376352611,defined,-0.04622707160052787,sensitivity_only
id:x%3A0x1.2000000000000p%2B3,488,10.516,8.42568,8.397265260740431,0.6146774665960905,defined,0.04622707160052787,sensitivity_only
id:x%3A0x1.2000000000000p%2B3,489,10.538,8.44724,8.47565473925957,0.6146774665960905,defined,-0.04622707160052787,sensitivity_only
id:x%3A0x1.2000000000000p%2B3,490,10.56,8.4688,8.440385260740431,0.6146774665960905,defined,0.04622707160052787,sensitivity_only
id:x%3A0x1.2000000000000p%2B3,491,10.582,8.49036,8.51877473925957,0.6146774665960905,defined,-0.04622707160052787,sensitivity_only
id:x%3A0x1.2000000000000p%2B3,492,10.604,8.51192,8.483505260740431,0.6146774665960905,defined,0.04622707160052787,sensitivity_only
id:x%3A0x1.2000000000000p%2B3,493,10.626,8.533479999999999,8.561894739259568,0.6146774665960905,defined,-0.04622707160052787,sensitivity_only
id:x%3A0x1.2000000000000p%2B3,494,10.648,8.555039999999998,8.52662526074043,0.6146774665960905,defined,0.04622707160052787,sensitivity_only
id:x%3A0x1.2000000000000p%2B3,495,10.67,8.5766,8.605014739259568,0.6146774665960905,defined,-0.04622707160052787,sensitivity_only
id:x%3A0x1.2000000000000p%2B3,496,10.692,8.59816,8.569745260740431,0.6146774665960905,defined,0.04622707160052787,sensitivity_only
id:x%3A0x1.2000000000000p%2B3,497,10.714,8.619720000000001,8.64813473925957,0.6146774665960905,defined,-0.04622707160052787,sensitivity_only
id:x%3A0x1.2000000000000p%2B3,498,10.736,8.64128,8.612865260740431,0.6146774665960905,defined,0.04622707160052787,sensitivity_only
id:x%3A0x1.2000000000000p%2B3,499,10.758,8.66284,8.691254739259568,0.6146774665960905,defined,-0.04622707160052787,sensitivity_only
id:x%3A0x1.2000000000000p%2B3,500,10.78,8.6844,8.655985260740431,0.6146774665960905,defined,0.04622707160052787,sensitivity_only
id:x%3A0x1.2000000000000p%2B3,501,10.802,8.70596,8.734374739259568,0.6146774665960905,defined,-0.04622707160052787,sensitivity_only
id:x%3A0x1.2000000000000p%2B3,502,10.824,8.727519999999998,8.69910526074043,0.6146774665960905,defined,0.04622707160052787,sensitivity_only
id:x%3A0x1.2000000000000p%2B3,503,10.846,8.74908,8.777494739259568,0.6146774665960905,defined,-0.04622707160052787,sensitivity_only
id:x%3A0x1.2000000000000p%2B3,504,10.868,8.77064,8.742225260740431,0.6146774665960905,defined,0.04622707160052787,sensitivity_only
id:x%3A0x1.2000000000000p%2B3,505,10.89,8.792200000000001,8.82061473925957,0.6146774665960905,defined,-0.04622707160052787,sensitivity_only
id:x%3A0x1.2000000000000p%2B3,506,10.912,8.81376,8.785345260740431,0.6146774665960905,defined,0.04622707160052787,sensitivity_only
id:x%3A0x1.2000000000000p%2B3,507,10.934,8.83532,8.863734739259568,0.6146774665960905,defined,-0.04622707160052787,sensitivity_only
id:x%3A0x1.2000000000000p%2B3,508,10.956,8.85688,8.828465260740431,0.6146774665960905,defined,0.04622707160052787,sensitivity_only
id:x%3A0x1.2000000000000p%2B3,509,10.978,8.87844,8.906854739259568,0.6146774665960905,defined,-0.04622707160052787,sensitivity_only
id:x%3A0x1.2000000000000p%2B3,510,11.0,8.899999999999999,8.87158526074043,0.6146774665960905,defined,0.04622707160052787,sensitivity_only
id:x%3A0x1.4000000000000p%2B3,0,0.0,1.75,1.6872087278258066,0.6516075414303091,defined,0.09636363636363637,sensitivity_only
id:x%3A0x1.4000000000000p%2B3,1,0.022,1.75704,1.788343159785815,0.6516075414303091,defined,-0.04803989793780348,sensitivity_only
id:x%3A0x1.4000000000000p%2B3,2,0.044,1.76408,1.732776840214185,0.6516075414303091,defined,0.04803989793780348,sensitivity_only
id:x%3A0x1.4000000000000p%2B3,3,0.066,1.77112,1.8024231597858151,0.6516075414303091,defined,-0.04803989793780348,sensitivity_only
id:x%3A0x1.4000000000000p%2B3,4,0.088,1.77816,1.7468568402141849,0.6516075414303091,defined,0.04803989793780348,sensitivity_only
id:x%3A0x1.4000000000000p%2B3,5,0.11,1.7852,1.816503159785815,0.6516075414303091,defined,-0.04803989793780348,sensitivity_only
id:x%3A0x1.4000000000000p%2B3,6,0.132,1.79224,1.760936840214185,0.6516075414303091,defined,0.04803989793780348,sensitivity_only
id:x%3A0x1.4000000000000p%2B3,7,0.154,1.79928,1.830583159785815,0.6516075414303091,defined,-0.04803989793780348,sensitivity_only
id:x%3A0x1.4000000000000p%2B3,8,0.176,1.80632,1.7750168402141848,0.6516075414303091,defined,0.04803989793780348,sensitivity_only
id:x%3A0x1.4000000000000p%2B3,9,0.198,1.81336,1.8446631597858152,0.6516075414303091,defined,-0.04803989793780348,sensitivity_only
id:x%3A0x1.4000000000000p%2B3,10,0.22,1.8204,1.789096840214185,0.6516075414303091,defined,0.04803989793780348,sensitivity_only
id:x%3A0x1.4000000000000p%2B3,11,0.242,1.82744,1.858743159785815,0.6516075414303091,defined,-0.04803989793780348,sensitivity_only
id:x%3A0x1.4000000000000p%2B3,12,0.264,1.83448,1.803176840214185,0.6516075414303091,defined,0.04803989793780348,sensitivity_only
id:x%3A0x1.4000000000000p%2B3,13,0.286,1.84152,1.8728231597858152,0.6516075414303091,defined,-0.04803989793780348,sensitivity_only
id:x%3A0x1.4000000000000p%2B3,14,0.308,1.84856,1.8172568402141849,0.6516075414303091,defined,0.04803989793780348,sensitivity_only
id:x%3A0x1.4000000000000p%2B3,15,0.33,1.8556,1.886903159785815,0.6516075414303091,defined,-0.04803989793780348,sensitivity_only
id:x%3A0x1.4000000000000p%2B3,16,0.352,1.86264,1.831336840214185,0.6516075414303091,defined,0.04803989793780348,sensitivity_only
id:x%3A0x1.4000000000000p%2B3,17,0.374,1.86968,1.9009831597858151,0.6516075414303091,defined,-0.04803989793780348,sensitivity_only
id:x%3A0x1.4000000000000p%2B3,18,0.396,1.87672,1.8454168402141848,0.6516075414303091,defined,0.04803989793780348,sensitivity_only
id:x%3A0x1.4000000000000p%2B3,19,0.418,1.88376,1.9150631597858152,0.6516075414303091,defined,-0.04803989793780348,sensitivity_only
id:x%3A0x1.4000000000000p%2B3,20,0.44,1.8908,1.859496840214185,0.6516075414303091,defined,0.04803989793780348,sensitivity_only
id:x%3A0x1.4000000000000p%2B3,21,0.462,1.89784,1.929143159785815,0.6516075414303091,defined,-0.04803989793780348,sensitivity_only
id:x%3A0x1.4000000000000p%2B3,22,0.484,1.90488,1.8735768402141848,0.6516075414303091,defined,0.04803989793780348,sensitivity_only
id:x%3A0x1.4000000000000p%2B3,23,0.506,1.91192,1.9458881944276072,0.7070829848886273,defined,-0.04803989793780348,sensitivity_only
id:x%3A0x1.4000000000000p%2B3,24,0.528,1.91896,1.8849918055723929,0.7070829848886273,defined,0.04803989793780348,sensitivity_only
id:x%3A0x1.4000000000000p%2B3,25,0.55,1.926,1.959968194427607,0.7070829848886273,defined,-0.04803989793780348,sensitivity_only
id:x%3A0x1.4000000000000p%2B3,26,0.572,1.93304,1.899071805572393,0.7070829848886273,defined,0.04803989793780348,sensitivity_only
id:x%3A0x1.4000000000000p%2B3,27,0.594,1.94008,1.9740481944276072,0.7070829848886273,defined,-0.04803989793780348,sensitivity_only
id:x%3A0x1.4000000000000p%2B3,28,0.616,1.94712,1.9131518055723928,0.7070829848886273,defined,0.04803989793780348,sensitivity_only
id:x%3A0x1.4000000000000p%2B3,29,0.638,1.95416,1.988128194427607,0.7070829848886273,defined,-0.04803989793780348,sensitivity_only
id:x%3A0x1.4000000000000p%2B3,30,0.66,1.9612,1.927231805572393,0.7070829848886273,defined,0.04803989793780348,sensitivity_only
id:x%3A0x1.4000000000000p%2B3,31,0.682,1.96824,2.002208194427607,0.7070829848886273,defined,-0.04803989793780348,sensitivity_only
id:x%3A0x1.4000000000000p%2B3,32,0.704,1.97528,1.9413118055723928,0.7070829848886273,defined,0.04803989793780348,sensitivity_only
id:x%3A0x1.4000000000000p%2B3,33,0.726,1.98232,2.016288194427607,0.7070829848886273,defined,-0.04803989793780348,sensitivity_only
id:x%3A0x1.4000000000000p%2B3,34,0.748,1.98936,1.955391805572393,0.7070829848886273,defined,0.04803989793780348,sensitivity_only
id:x%3A0x1.4000000000000p%2B3,35,0.77,1.9964,2.030368194427607,0.7070829848886273,defined,-0.04803989793780348,sensitivity_only
id:x%3A0x1.4000000000000p%2B3,36,0.792,2.00344,1.9694718055723928,0.7070829848886273,defined,0.04803989793780348,sensitivity_only
id:x%3A0x1.4000000000000p%2B3,37,0.814,2.01048,2.044448194427607,0.7070829848886273,defined,-0.04803989793780348,sensitivity_only
id:x%3A0x1.4000000000000p%2B3,38,0.836,2.01752,1.983551805572393,0.7070829848886273,defined,0.04803989793780348,sensitivity_only
id:x%3A0x1.4000000000000p%2B3,39,0.858,2.02456,2.0585281944276073,0.7070829848886273,defined,-0.04803989793780348,sensitivity_only
id:x%3A0x1.4000000000000p%2B3,40,0.88,2.0316,1.997631805572393,0.7070829848886273,defined,0.04803989793780348,sensitivity_only
id:x%3A0x1.4000000000000p%2B3,41,0.902,2.03864,2.072608194427607,0.7070829848886273,defined,-0.04803989793780348,sensitivity_only
id:x%3A0x1.4000000000000p%2B3,42,0.924,2.04568,2.011711805572393,0.7070829848886273,defined,0.04803989793780348,sensitivity_only
id:x%3A0x1.4000000000000p%2B3,43,0.946,2.05272,2.086688194427607,0.7070829848886273,defined,-0.04803989793780348,sensitivity_only
id:x%3A0x1.4000000000000p%2B3,44,0.968,2.05976,2.0257918055723927,0.7070829848886273,defined,0.04803989793780348,sensitivity_only
id:x%3A0x1.4000000000000p%2B3,45,0.99,2.0668,2.1007681944276073,0.7070829848886273,defined,-0.04803989793780348,sensitivity_only
id:x%3A0x1.4000000000000p%2B3,46,1.0,2.07,2.0360318055723927,0.7070829848886273,defined,0.04803989793780348,sensitivity_only
id:x%3A0x1.4000000000000p%2B3,47,1.012,2.07384,2.1078081944276073,0.7070829848886273,defined,-0.04803989793780348,sensitivity_only
id:x%3A0x1.4000000000000p%2B3,48,1.034,2.08088,2.046911805572393,0.7070829848886273,defined,0.04803989793780348,sensitivity_only
id:x%3A0x1.4000000000000p%2B3,49,1.056,2.08792,2.121888194427607,0.7070829848886273,defined,-0.04803989793780348,sensitivity_only
id:x%3A0x1.4000000000000p%2B3,50,1.078,2.09496,2.060991805572393,0.7070829848886273,defined,0.04803989793780348,sensitivity_only
id:x%3A0x1.4000000000000p%2B3,51,1.1,2.102,2.135968194427607,0.7070829848886273,defined,-0.04803989793780348,sensitivity_only
id:x%3A0x1.4000000000000p%2B3,52,1.122,2.1090400000000002,2.075071805572393,0.7070829848886273,defined,0.04803989793780348,sensitivity_only
id:x%3A0x1.4000000000000p%2B3,53,1.144,2.11608,2.1500481944276073,0.7070829848886273,defined,-0.04803989793780348,sensitivity_only
id:x%3A0x1.4000000000000p%2B3,54,1.166,2.12312,2.089151805572393,0.7070829848886273,defined,0.04803989793780348,sensitivity_only
id:x%3A0x1.4000000000000p%2B3,55,1.188,2.13016,2.164128194427607,0.7070829848886273,defined,-0.04803989793780348,sensitivity_only
id:x%3A0x1.4000000000000p%2B3,56,1.21,2.1372,2.103231805572393,0.7070829848886273,defined,0.04803989793780348,sensitivity_only
id:x%3A0x1.4000000000000p%2B3,57,1.232,2.14424,2.178208194427607,0.7070829848886273,defined,-0.04803989793780348,sensitivity_only
id:x%3A0x1.4000000000000p%2B3,58,1.254,2.15128,2.1173118055723927,0.7070829848886273,defined,0.04803989793780348,sensitivity_only
id:x%3A0x1.4000000000000p%2B3,59,1.276,2.15832,2.192288194427607,0.7070829848886273,defined,-0.04803989793780348,sensitivity_only
id:x%3A0x1.4000000000000p%2B3,60,1.298,2.16536,2.131391805572393,0.7070829848886273,defined,0.04803989793780348,sensitivity_only
id:x%3A0x1.4000000000000p%2B3,61,1.32,2.1724,2.2063681944276072,0.7070829848886273,defined,-0.04803989793780348,sensitivity_only
id:x%3A0x1.4000000000000p%2B3,62,1.342,2.17944,2.145471805572393,0.7070829848886273,defined,0.04803989793780348,sensitivity_only
id:x%3A0x1.4000000000000p%2B3,63,1.364,2.18648,2.220448194427607,0.7070829848886273,defined,-0.04803989793780348,sensitivity_only
id:x%3A0x1.4000000000000p%2B3,64,1.386,2.19352,2.159551805572393,0.7070829848886273,defined,0.04803989793780348,sensitivity_only
id:x%3A0x1.4000000000000p%2B3,65,1.408,2.20056,2.234528194427607,0.7070829848886273,defined,-0.04803989793780348,sensitivity_only
id:x%3A0x1.4000000000000p%2B3,66,1.43,2.2076000000000002,2.173631805572393,0.7070829848886273,defined,0.04803989793780348,sensitivity_only
id:x%3A0x1.4000000000000p%2B3,67,1.452,2.21464,2.2486081944276073,0.7070829848886273,defined,-0.04803989793780348,sensitivity_only
id:x%3A0x1.4000000000000p%2B3,68,1.474,2.22168,2.187711805572393,0.7070829848886273,defined,0.04803989793780348,sensitivity_only
id:x%3A0x1.4000000000000p%2B3,69,1.496,2.22872,2.262688194427607,0.7070829848886273,defined,-0.04803989793780348,sensitivity_only
id:x%3A0x1.4000000000000p%2B3,70,1.518,2.23576,2.1977479729024396,0.7912595307087035,defined,0.04803989793780348,sensitivity_only
id:x%3A0x1.4000000000000p%2B3,71,1.54,2.2428,2.2808120270975603,0.7912595307087035,defined,-0.04803989793780348,sensitivity_only
id:x%3A0x1.4000000000000p%2B3,72,1.562,2.24984,2.2118279729024395,0.7912595307087035,defined,0.04803989793780348,sensitivity_only
id:x%3A0x1.4000000000000p%2B3,73,1.584,2.2568799999999998,2.29489202709756,0.7912595307087035,defined,-0.04803989793780348,sensitivity_only
id:x%3A0x1.4000000000000p%2B3,74,1.606,2.26392,2.22590797290244,0.7912595307087035,defined,0.04803989793780348,sensitivity_only
id:x%3A0x1.4000000000000p%2B3,75,1.628,2.27096,2.3089720270975604,0.7912595307087035,defined,-0.04803989793780348,sensitivity_only
id:x%3A0x1.4000000000000p%2B3,76,1.65,2.278,2.2399879729024397,0.7912595307087035,defined,0.04803989793780348,sensitivity_only
id:x%3A0x1.4000000000000p%2B3,77,1.672,2.28504,2.3230520270975603,0.7912595307087035,defined,-0.04803989793780348,sensitivity_only
id:x%3A0x1.4000000000000p%2B3,78,1.694,2.29208,2.2540679729024395,0.7912595307087035,defined,0.04803989793780348,sensitivity_only
id:x%3A0x1.4000000000000p%2B3,79,1.716,2.2991200000000003,2.3371320270975606,0.7912595307087035,defined,-0.04803989793780348,sensitivity_only
id:x%3A0x1.4000000000000p%2B3,80,1.738,2.30616,2.26814797290244,0.7912595307087035,defined,0.04803989793780348,sensitivity_only
id:x%3A0x1.4000000000000p%2B3,81,1.76,2.3132,2.3512120270975605,0.7912595307087035,defined,-0.04803989793780348,sensitivity_only
id:x%3A0x1.4000000000000p%2B3,82,1.782,2.32024,2.2822279729024397,0.7912595307087035,defined,0.04803989793780348,sensitivity_only
id:x%3A0x1.4000000000000p%2B3,83,1.804,2.32728,2.3652920270975604,0.7912595307087035,defined,-0.04803989793780348,sensitivity_only
id:x%3A0x1.4000000000000p%2B3,84,1.826,2.33432,2.2963079729024396,0.7912595307087035,defined,0.04803989793780348,sensitivity_only
id:x%3A0x1.4000000000000p%2B3,85,1.848,2.34136,2.3793720270975602,0.7912595307087035,defined,-0.04803989793780348,sensitivity_only
id:x%3A0x1.4000000000000p%2B3,86,1.87,2.3484,2.3103879729024395,0.7912595307087035,defined,0.04803989793780348,sensitivity_only
id:x%3A0x1.4000000000000p%2B3,87,1.892,2.3554399999999998,2.39345202709756,0.7912595307087035,defined,-0.04803989793780348,sensitivity_only
id:x%3A0x1.4000000000000p%2B3,88,1.914,2.36248,2.32446797290244,0.7912595307087035,defined,0.04803989793780348,sensitivity_only
id:x%3A0x1.4000000000000p%2B3,89,1.936,2.36952,2.4075320270975604,0.7912595307087035,defined,-0.04803989793780348,sensitivity_only
id:x%3A0x1.4000000000000p%2B3,90,1.958,2.37656,2.3385479729024397,0.7912595307087035,defined,0.04803989793780348,sensitivity_only
id:x%3A0x1.4000000000000p%2B3,91,1.98,2.3836,2.4216120270975603,0.7912595307087035,defined,-0.04803989793780348,sensitivity_only
id:x%3A0x1.4000000000000p%2B3,92,2.0,2.39,2.3519879729024398,0.7912595307087035,defined,0.04803989793780348,sensitivity_only
id:x%3A0x1.4000000000000p%2B3,93,2.002,2.39064,2.4286520270975602,0.7912595307087035,defined,-0.04803989793780348,sensitivity_only
id:x%3A0x1.4000000000000p%2B3,94,2.024,2.3976800000000003,2.35966797290244,0.7912595307087035,defined,0.04803989793780348,sensitivity_only
id:x%3A0x1.4000000000000p%2B3,95,2.046,2.40472,2.4427320270975605,0.7912595307087035,defined,-0.04803989793780348,sensitivity_only
id:x%3A0x1.4000000000000p%2B3,96,2.068,2.41176,2.3737479729024398,0.7912595307087035,defined,0.04803989793780348,sensitivity_only
id:x%3A0x1.4000000000000p%2B3,97,2.09,2.4188,2.4568120270975604,0.7912595307087035,defined,-0.04803989793780348,sensitivity_only
id:x%3A0x1.4000000000000p%2B3,98,2.112,2.42584,2.3878279729024396,0.7912595307087035,defined,0.04803989793780348,sensitivity_only
id:x%3A0x1.4000000000000p%2B3,99,2.134,2.43288,2.4708920270975603,0.7912595307087035,defined,-0.04803989793780348,sensitivity_only
id:x%3A0x1.4000000000000p%2B3,100,2.156,2.43992,2.4019079729024395,0.7912595307087035,defined,0.04803989793780348,sensitivity_only
id:x%3A0x1.4000000000000p%2B3,101,2.178,2.44696,2.48497202709756,0.7912595307087035,defined,-0.04803989793780348,sensitivity_only
id:x%3A0x1.4000000000000p%2B3,102,2.2,2.454,2.41598797290244,0.7912595307087035,defined,0.04803989793780348,sensitivity_only
id:x%3A0x1.4000000000000p%2B3,103,2.222,2.46104,2.4990520270975605,0.7912595307087035,defined,-0.04803989793780348,sensitivity_only
id:x%3A0x1.4000000000000p%2B3,104,2.244,2.46808,2.4300679729024397,0.7912595307087035,defined,0.04803989793780348,sensitivity_only
id:x%3A0x1.4000000000000p%2B3,105,2.266,2.47512,2.5131320270975603,0.7912595307087035,defined,-0.04803989793780348,sensitivity_only
id:x%3A0x1.4000000000000p%2B3,106,2.288,2.48216,2.4441479729024396,0.7912595307087035,defined,0.04803989793780348,sensitivity_only
id:x%3A0x1.4000000000000p%2B3,107,2.31,2.4892000000000003,2.5272120270975607,0.7912595307087035,defined,-0.04803989793780348,sensitivity_only
id:x%3A0x1.4000000000000p%2B3,108,2.332,2.4962400000000002,2.45822797290244,0.7912595307087035,defined,0.04803989793780348,sensitivity_only
id:x%3A0x1.4000000000000p%2B3,109,2.354,2.50328,2.5412920270975605,0.7912595307087035,defined,-0.04803989793780348,sensitivity_only
id:x%3A0x1.4000000000000p%2B3,110,2.376,2.51032,2.4723079729024398,0.7912595307087035,defined,0.04803989793780348,sensitivity_only
id:x%3A0x1.4000000000000p%2B3,111,2.398,2.51736,2.5553720270975604,0.7912595307087035,defined,-0.04803989793780348,sensitivity_only
id:x%3A0x1.4000000000000p%2B3,112,2.42,2.5244,2.4863879729024396,0.7912595307087035,defined,0.04803989793780348,sensitivity_only
id:x%3A0x1.4000000000000p%2B3,113,2.442,2.53144,2.5694520270975603,0.7912595307087035,defined,-0.04803989793780348,sensitivity_only
id:x%3A0x1.4000000000000p%2B3,114,2.464,2.53848,2.5004679729024395,0.7912595307087035,defined,0.04803989793780348,sensitivity_only
id:x%3A0x1.4000000000000p%2B3,115,2.486,2.5455200000000002,2.5835320270975606,0.7912595307087035,defined,-0.04803989793780348,sensitivity_only
id:x%3A0x1.4000000000000p%2B3,116,2.508,2.55256,2.511882938260648,0.8467349741670217,defined,0.04803989793780348,sensitivity_only
id:x%3A0x1.4000000000000p%2B3,117,2.53,2.5596,2.6002770617393525,0.8467349741670217,defined,-0.04803989793780348,sensitivity_only
id:x%3A0x1.4000000000000p%2B3,118,2.552,2.56664,2.5259629382606477,0.8467349741670217,defined,0.04803989793780348,sensitivity_only
id:x%3A0x1.4000000000000p%2B3,119,2.574,2.57368,2.6143570617393523,0.8467349741670217,defined,-0.04803989793780348,sensitivity_only
id:x%3A0x1.4000000000000p%2B3,120,2.596,2.58072,2.5400429382606475,0.8467349741670217,defined,0.04803989793780348,sensitivity_only
id:x%3A0x1.4000000000000p%2B3,121,2.618,2.58776,2.628437061739352,0.8467349741670217,defined,-0.04803989793780348,sensitivity_only
id:x%3A0x1.4000000000000p%2B3,122,2.64,2.5948,2.554122938260648,0.8467349741670217,defined,0.04803989793780348,sensitivity_only
id:x%3A0x1.4000000000000p%2B3,123,2.662,2.60184,2.6425170617393525,0.8467349741670217,defined,-0.04803989793780348,sensitivity_only
id:x%3A0x1.4000000000000p%2B3,124,2.684,2.60888,2.5682029382606477,0.8467349741670217,defined,0.04803989793780348,sensitivity_only
id:x%3A0x1.4000000000000p%2B3,125,2.706,2.61592,2.6565970617393524,0.8467349741670217,defined,-0.04803989793780348,sensitivity_only
id:x%3A0x1.4000000000000p%2B3,126,2.728,2.62296,2.5822829382606476,0.8467349741670217,defined,0.04803989793780348,sensitivity_only
id:x%3A0x1.4000000000000p%2B3,127,2.75,2.63,2.6706770617393523,0.8467349741670217,defined,-0.04803989793780348,sensitivity_only
id:x%3A0x1.4000000000000p%2B3,128,2.772,2.63704,2.5963629382606475,0.8467349741670217,defined,0.04803989793780348,sensitivity_only
id:x%3A0x1.4000000000000p%2B3,129,2.794,2.6440799999999998,2.684757061739352,0.8467349741670217,defined,-0.04803989793780348,sensitivity_only
id:x%3A0x1.4000000000000p%2B3,130,2.816,2.6511199999999997,2.6104429382606473,0.8467349741670217,defined,0.04803989793780348,sensitivity_only
id:x%3A0x1.4000000000000p%2B3,131,2.838,2.65816,2.6988370617393524,0.8467349741670217,defined,-0.04803989793780348,sensitivity_only
id:x%3A0x1.4000000000000p%2B3,132,2.86,2.6652,2.6245229382606476,0.8467349741670217,defined,0.04803989793780348,sensitivity_only
id:x%3A0x1.4000000000000p%2B3,133,2.882,2.67224,2.7129170617393523,0.8467349741670217,defined,-0.04803989793780348,sensitivity_only
id:x%3A0x1.4000000000000p%2B3,134,2.904,2.67928,2.6386029382606475,0.8467349741670217,defined,0.04803989793780348,sensitivity_only
id:x%3A0x1.4000000000000p%2B3,135,2.926,2.6863200000000003,2.7269970617393526,0.8467349741670217,defined,-0.04803989793780348,sensitivity_only
id:x%3A0x1.4000000000000p%2B3,136,2.948,2.69336,2.652682938260648,0.8467349741670217,defined,0.04803989793780348,sensitivity_only
id:x%3A0x1.4000000000000p%2B3,137,2.97,2.7004,2.7410770617393525,0.8467349741670217,defined,-0.04803989793780348,sensitivity_only
id:x%3A0x1.4000000000000p%2B3,138,2.992,2.70744,2.6667629382606477,0.8467349741670217,defined,0.04803989793780348,sensitivity_only
id:x%3A0x1.4000000000000p%2B3,139,3.0,2.71,2.7506770617393523,0.8467349741670217,defined,-0.04803989793780348,sensitivity_only
id:x%3A0x1.4000000000000p%2B3,140,3.014,2.71448,2.6738029382606476,0.8467349741670217,defined,0.04803989793780348,sensitivity_only
id:x%3A0x1.4000000000000p%2B3,141,3.036,2.72152,2.7621970617393523,0.8467349741670217,defined,-0.04803989793780348,sensitivity_only
id:x%3A0x1.4000000000000p%2B3,142,3.058,2.72856,2.6878829382606475,0.8467349741670217,defined,0.04803989793780348,sensitivity_only
id:x%3A0x1.4000000000000p%2B3,143,3.08,2.7356,2.776277061739352,0.8467349741670217,defined,-0.04803989793780348,sensitivity_only
id:x%3A0x1.4000000000000p%2B3,144,3.102,2.7426399999999997,2.7019629382606474,0.8467349741670217,defined,0.04803989793780348,sensitivity_only
id:x%3A0x1.4000000000000p%2B3,145,3.124,2.74968,2.7903570617393525,0.8467349741670217,defined,-0.04803989793780348,sensitivity_only
id:x%3A0x1.4000000000000p%2B3,146,3.146,2.75672,2.7160429382606477,0.8467349741670217,defined,0.04803989793780348,sensitivity_only
id:x%3A0x1.4000000000000p%2B3,147,3.168,2.76376,2.8044370617393524,0.8467349741670217,defined,-0.04803989793780348,sensitivity_only
id:x%3A0x1.4000000000000p%2B3,148,3.19,2.7708,2.7301229382606476,0.8467349741670217,defined,0.04803989793780348,sensitivity_only
id:x%3A0x1.4000000000000p%2B3,149,3.212,2.7778400000000003,2.8185170617393527,0.8467349741670217,defined,-0.04803989793780348,sensitivity_only
id:x%3A0x1.4000000000000p%2B3,150,3.234,2.7848800000000002,2.744202938260648,0.8467349741670217,defined,0.04803989793780348,sensitivity_only
id:x%3A0x1.4000000000000p%2B3,151,3.256,2.79192,2.8325970617393526,0.8467349741670217,defined,-0.04803989793780348,sensitivity_only
id:x%3A0x1.4000000000000p%2B3,152,3.278,2.79896,2.7582829382606477,0.8467349741670217,defined,0.04803989793780348,sensitivity_only
id:x%3A0x1.4000000000000p%2B3,153,3.3,2.806,2.8466770617393524,0.8467349741670217,defined,-0.04803989793780348,sensitivity_only
id:x%3A0x1.4000000000000p%2B3,154,3.322,2.81304,2.7723629382606476,0.8467349741670217,defined,0.04803989793780348,sensitivity_only
id:x%3A0x1.4000000000000p%2B3,155,3.344,2.82008,2.8607570617393523,0.8467349741670217,defined,-0.04803989793780348,sensitivity_only
id:x%3A0x1.4000000000000p%2B3,156,3.366,2.82712,2.7864429382606475,0.8467349741670217,defined,0.04803989793780348,sensitivity_only
id:x%3A0x1.4000000000000p%2B3,157,3.388,2.83416,2.874837061739352,0.8467349741670217,defined,-0.04803989793780348,sensitivity_only
id:x%3A0x1.4000000000000p%2B3,158,3.41,2.8412,2.800522938260648,0.8467349741670217,defined,0.04803989793780348,sensitivity_only
id:x%3A0x1.4000000000000p%2B3,159,3.432,2.84824,2.8889170617393525,0.8467349741670217,defined,-0.04803989793780348,sensitivity_only
id:x%3A0x1.4000000000000p%2B3,160,3.454,2.85528,2.8146029382606477,0.8467349741670217,defined,0.04803989793780348,sensitivity_only
id:x%3A0x1.4000000000000p%2B3,161,3.476,2.86232,2.9029970617393523,0.8467349741670217,defined,-0.04803989793780348,sensitivity_only
id:x%3A0x1.4000000000000p%2B3,162,3.498,2.8693600000000004,2.828682938260648,0.8467349741670217,defined,0.04803989793780348,sensitivity_only
id:x%3A0x1.4000000000000p%2B3,163,3.52,2.8764000000000003,2.9170770617393527,0.8467349741670217,defined,-0.04803989793780348,sensitivity_only
id:x%3A0x1.4000000000000p%2B3,164,3.542,2.8834400000000002,2.842762938260648,0.8467349741670217,defined,0.04803989793780348,sensitivity_only
id:x%3A0x1.4000000000000p%2B3,165,3.564,2.89048,2.9311570617393525,0.8467349741670217,defined,-0.04803989793780348,sensitivity_only
id:x%3A0x1.4000000000000p%2B3,166,3.586,2.89752,2.8568429382606477,0.8467349741670217,defined,0.04803989793780348,sensitivity_only
id:x%3A0x1.4000000000000p%2B3,167,3.608,2.90456,2.9452370617393524,0.8467349741670217,defined,-0.04803989793780348,sensitivity_only
id:x%3A0x1.4000000000000p%2B3,168,3.63,2.9116,2.8709229382606476,0.8467349741670217,defined,0.04803989793780348,sensitivity_only
id:x%3A0x1.4000000000000p%2B3,169,3.652,2.91864,2.9593170617393523,0.8467349741670217,defined,-0.04803989793780348,sensitivity_only
id:x%3A0x1.4000000000000p%2B3,170,3.674,2.92568,2.8850029382606475,0.8467349741670217,defined,0.04803989793780348,sensitivity_only
id:x%3A0x1.4000000000000p%2B3,171,3.696,2.9327199999999998,2.973397061739352,0.8467349741670217,defined,-0.04803989793780348,sensitivity_only
id:x%3A0x1.4000000000000p%2B3,172,3.718,2.9397599999999997,2.8990829382606473,0.8467349741670217,defined,0.04803989793780348,sensitivity_only
id:x%3A0x1.4000000000000p%2B3,173,3.74,2.9468,2.9874770617393525,0.8467349741670217,defined,-0.04803989793780348,sensitivity_only
id:x%3A0x1.4000000000000p%2B3,174,3.762,2.95384,2.9131629382606476,0.8467349741670217,defined,0.04803989793780348,sensitivity_only
id:x%3A0x1.4000000000000p%2B3,175,3.784,2.96088,3.0015570617393523,0.8467349741670217,defined,-0.04803989793780348,sensitivity_only
id:x%3A0x1.4000000000000p%2B3,176,3.806,2.9679200000000003,2.927242938260648,0.8467349741670217,defined,0.04803989793780348,sensitivity_only
id:x%3A0x1.4000000000000p%2B3,177,3.828,2.9749600000000003,3.0156370617393526,0.8467349741670217,defined,-0.04803989793780348,sensitivity_only
id:x%3A0x1.4000000000000p%2B3,178,3.85,2.982,2.941322938260648,0.8467349741670217,defined,0.04803989793780348,sensitivity_only
id:x%3A0x1.4000000000000p%2B3,179,3.872,2.98904,3.0297170617393525,0.8467349741670217,defined,-0.04803989793780348,sensitivity_only
id:x%3A0x1.4000000000000p%2B3,180,3.894,2.99608,2.9554029382606477,0.8467349741670217,defined,0.04803989793780348,sensitivity_only
id:x%3A0x1.4000000000000p%2B3,181,3.916,3.00312,3.0437970617393524,0.8467349741670217,defined,-0.04803989793780348,sensitivity_only
id:x%3A0x1.4000000000000p%2B3,182,3.938,3.01016,2.9694829382606476,0.8467349741670217,defined,0.04803989793780348,sensitivity_only
id:x%3A0x1.4000000000000p%2B3,183,3.96,3.0172,3.0578770617393523,0.8467349741670217,defined,-0.04803989793780348,sensitivity_only
id:x%3A0x1.4000000000000p%2B3,184,3.982,3.02424,2.9835629382606474,0.8467349741670217,defined,0.04803989793780348,sensitivity_only
id:x%3A0x1.4000000000000p%2B3,185,4.0,3.0300000000000002,3.0706770617393526,0.8467349741670217,defined,-0.04803989793780348,sensitivity_only
id:x%3A0x1.4000000000000p%2B3,186,4.004,3.0312799999999998,2.9906029382606474,0.8467349741670217,defined,0.04803989793780348,sensitivity_only
id:x%3A0x1.4000000000000p%2B3,187,4.026,3.0383199999999997,3.078997061739352,0.8467349741670217,defined,-0.04803989793780348,sensitivity_only
id:x%3A0x1.4000000000000p%2B3,188,4.048,3.04536,3.0046829382606477,0.8467349741670217,defined,0.04803989793780348,sensitivity_only
id:x%3A0x1.4000000000000p%2B3,189,4.07,3.0524000000000004,3.093077061739353,0.8467349741670217,defined,-0.04803989793780348,sensitivity_only
id:x%3A0x1.4000000000000p%2B3,190,4.092,3.05944,3.0187629382606476,0.8467349741670217,defined,0.04803989793780348,sensitivity_only
id:x%3A0x1.4000000000000p%2B3,191,4.114,3.0664800000000003,3.1071570617393527,0.8467349741670217,defined,-0.04803989793780348,sensitivity_only
id:x%3A0x1.4000000000000p%2B3,192,4.136,3.0735200000000003,3.032842938260648,0.8467349741670217,defined,0.04803989793780348,sensitivity_only
id:x%3A0x1.4000000000000p%2B3,193,4.158,3.08056,3.1212370617393526,0.8467349741670217,defined,-0.04803989793780348,sensitivity_only
id:x%3A0x1.4000000000000p%2B3,194,4.18,3.0876,3.0469229382606478,0.8467349741670217,defined,0.04803989793780348,sensitivity_only
id:x%3A0x1.4000000000000p%2B3,195,4.202,3.09464,3.1353170617393524,0.8467349741670217,defined,-0.04803989793780348,sensitivity_only
id:x%3A0x1.4000000000000p%2B3,196,4.224,3.10168,3.0610029382606476,0.8467349741670217,defined,0.04803989793780348,sensitivity_only
id:x%3A0x1.4000000000000p%2B3,197,4.246,3.10872,3.1493970617393523,0.8467349741670217,defined,-0.04803989793780348,sensitivity_only
id:x%3A0x1.4000000000000p%2B3,198,4.268,3.11576,3.0750829382606475,0.8467349741670217,defined,0.04803989793780348,sensitivity_only
id:x%3A0x1.4000000000000p%2B3,199,4.29,3.1228,3.163477061739352,0.8467349741670217,defined,-0.04803989793780348,sensitivity_only
id:x%3A0x1.4000000000000p%2B3,200,4.312,3.12984,3.089162938260648,0.8467349741670217,defined,0.04803989793780348,sensitivity_only
id:x%3A0x1.4000000000000p%2B3,201,4.334,3.1368799999999997,3.177557061739352,0.8467349741670217,defined,-0.04803989793780348,sensitivity_only
id:x%3A0x1.4000000000000p%2B3,202,4.356,3.14392,3.1032429382606477,0.8467349741670217,defined,0.04803989793780348,sensitivity_only
id:x%3A0x1.4000000000000p%2B3,203,4.378,3.15096,3.1916370617393524,0.8467349741670217,defined,-0.04803989793780348,sensitivity_only
id:x%3A0x1.4000000000000p%2B3,204,4.4,3.1580000000000004,3.117322938260648,0.8467349741670217,defined,0.04803989793780348,sensitivity_only
id:x%3A0x1.4000000000000p%2B3,205,4.422,3.16504,3.2057170617393522,0.8467349741670217,defined,-0.04803989793780348,sensitivity_only
id:x%3A0x1.4000000000000p%2B3,206,4.444,3.1720800000000002,3.131402938260648,0.8467349741670217,defined,0.04803989793780348,sensitivity_only
id:x%3A0x1.4000000000000p%2B3,207,4.466,3.17912,3.2197970617393525,0.8467349741670217,defined,-0.04803989793780348,sensitivity_only
id:x%3A0x1.4000000000000p%2B3,208,4.488,3.18616,3.1454829382606477,0.8467349741670217,defined,0.04803989793780348,sensitivity_only
id:x%3A0x1.4000000000000p%2B3,209,4.51,3.1932,3.2312120270975604,0.7912595307087035,defined,-0.04803989793780348,sensitivity_only
id:x%3A0x1.4000000000000p%2B3,210,4.532,3.20024,3.1622279729024396,0.7912595307087035,defined,0.04803989793780348,sensitivity_only
id:x%3A0x1.4000000000000p%2B3,211,4.554,3.20728,3.2452920270975603,0.7912595307087035,defined,-0.04803989793780348,sensitivity_only
id:x%3A0x1.4000000000000p%2B3,212,4.576,3.21432,3.1763079729024395,0.7912595307087035,defined,0.04803989793780348,sensitivity_only
id:x%3A0x1.4000000000000p%2B3,213,4.598,3.22136,3.25937202709756,0.7912595307087035,defined,-0.04803989793780348,sensitivity_only
id:x%3A0x1.4000000000000p%2B3,214,4.62,3.2284,3.19038797290244,0.7912595307087035,defined,0.04803989793780348,sensitivity_only
id:x%3A0x1.4000000000000p%2B3,215,4.642,3.23544,3.2734520270975604,0.7912595307087035,defined,-0.04803989793780348,sensitivity_only
id:x%3A0x1.4000000000000p%2B3,216,4.664,3.24248,3.2044679729024397,0.7912595307087035,defined,0.04803989793780348,sensitivity_only
id:x%3A0x1.4000000000000p%2B3,217,4.686,3.24952,3.2875320270975603,0.7912595307087035,defined,-0.04803989793780348,sensitivity_only
id:x%3A0x1.4000000000000p%2B3,218,4.708,3.2565600000000003,3.21854797290244,0.7912595307087035,defined,0.04803989793780348,sensitivity_only
id:x%3A0x1.4000000000000p%2B3,219,4.73,3.2636000000000003,3.3016120270975606,0.7912595307087035,defined,-0.04803989793780348,sensitivity_only
id:x%3A0x1.4000000000000p%2B3,220,4.752,3.27064,3.23262797290244,0.7912595307087035,defined,0.04803989793780348,sensitivity_only
id:x%3A0x1.4000000000000p%2B3,221,4.774,3.27768,3.3156920270975605,0.7912595307087035,defined,-0.04803989793780348,sensitivity_only
id:x%3A0x1.4000000000000p%2B3,222,4.796,3.28472,3.2467079729024397,0.7912595307087035,defined,0.04803989793780348,sensitivity_only
id:x%3A0x1.4000000000000p%2B3,223,4.818,3.29176,3.3297720270975604,0.7912595307087035,defined,-0.04803989793780348,sensitivity_only
id:x%3A0x1.4000000000000p%2B3,224,4.84,3.2988,3.2607879729024396,0.7912595307087035,defined,0.04803989793780348,sensitivity_only
id:x%3A0x1.4000000000000p%2B3,225,4.862,3.30584,3.3438520270975602,0.7912595307087035,defined,-0.04803989793780348,sensitivity_only
id:x%3A0x1.4000000000000p%2B3,226,4.884,3.31288,3.2748679729024395,0.7912595307087035,defined,0.04803989793780348,sensitivity_only
id:x%3A0x1.4000000000000p%2B3,227,4.906,3.3199199999999998,3.35793202709756,0.7912595307087035,defined,-0.04803989793780348,sensitivity_only
id:x%3A0x1.4000000000000p%2B3,228,4.928,3.3269599999999997,3.2889479729024393,0.7912595307087035,defined,0.04803989793780348,sensitivity_only
id:x%3A0x1.4000000000000p%2B3,229,4.95,3.334,3.3720120270975604,0.7912595307087035,defined,-0.04803989793780348,sensitivity_only
id:x%3A0x1.4000000000000p%2B3,230,4.972,3.3410400000000005,3.30302797290244,0.7912595307087035,defined,0.04803989793780348,sensitivity_only
id:x%3A0x1.4000000000000p%2B3,231,4.994,3.34808,3.3860920270975603,0.7912595307087035,defined,-0.04803989793780348,sensitivity_only
id:x%3A0x1.4000000000000p%2B3,232,5.0,3.35,3.3119879729024397,0.7912595307087035,defined,0.04803989793780348,sensitivity_only
id:x%3A0x1.4000000000000p%2B3,233,5.016,3.3551200000000003,3.3931320270975607,0.7912595307087035,defined,-0.04803989793780348,sensitivity_only
id:x%3A0x1.4000000000000p%2B3,234,5.038,3.3621600000000003,3.32414797290244,0.7912595307087035,defined,0.04803989793780348,sensitivity_only
id:x%3A0x1.4000000000000p%2B3,235,5.06,3.3692,3.4072120270975605,0.7912595307087035,defined,-0.04803989793780348,sensitivity_only
id:x%3A0x1.4000000000000p%2B3,236,5.082,3.37624,3.3382279729024398,0.7912595307087035,defined,0.04803989793780348,sensitivity_only
id:x%3A0x1.4000000000000p%2B3,237,5.104,3.38328,3.4212920270975604,0.7912595307087035,defined,-0.04803989793780348,sensitivity_only
id:x%3A0x1.4000000000000p%2B3,238,5.126,3.39032,3.3523079729024396,0.7912595307087035,defined,0.04803989793780348,sensitivity_only
id:x%3A0x1.4000000000000p%2B3,239,5.148,3.39736,3.4353720270975603,0.7912595307087035,defined,-0.04803989793780348,sensitivity_only
id:x%3A0x1.4000000000000p%2B3,240,5.17,3.4044,3.3663879729024395,0.7912595307087035,defined,0.04803989793780348,sensitivity_only
id:x%3A0x1.4000000000000p%2B3,241,5.192,3.41144,3.44945202709756,0.7912595307087035,defined,-0.04803989793780348,sensitivity_only
id:x%3A0x1.4000000000000p%2B3,242,5.214,3.41848,3.38046797290244,0.7912595307087035,defined,0.04803989793780348,sensitivity_only
id:x%3A0x1.4000000000000p%2B3,243,5.236,3.4255199999999997,3.46353202709756,0.7912595307087035,defined,-0.04803989793780348,sensitivity_only
id:x%3A0x1.4000000000000p%2B3,244,5.258,3.43256,3.3945479729024397,0.7912595307087035,defined,0.04803989793780348,sensitivity_only
id:x%3A0x1.4000000000000p%2B3,245,5.28,3.4396000000000004,3.477612027097561,0.7912595307087035,defined,-0.04803989793780348,sensitivity_only
id:x%3A0x1.4000000000000p%2B3,246,5.302,3.44664,3.4086279729024396,0.7912595307087035,defined,0.04803989793780348,sensitivity_only
id:x%3A0x1.4000000000000p%2B3,247,5.324,3.4536800000000003,3.4916920270975607,0.7912595307087035,defined,-0.04803989793780348,sensitivity_only
id:x%3A0x1.4000000000000p%2B3,248,5.346,3.4607200000000002,3.42270797290244,0.7912595307087035,defined,0.04803989793780348,sensitivity_only
id:x%3A0x1.4000000000000p%2B3,249,5.368,3.46776,3.5057720270975605,0.7912595307087035,defined,-0.04803989793780348,sensitivity_only
id:x%3A0x1.4000000000000p%2B3,250,5.39,3.4748,3.4367879729024398,0.7912595307087035,defined,0.04803989793780348,sensitivity_only
id:x%3A0x1.4000000000000p%2B3,251,5.412,3.48184,3.5198520270975604,0.7912595307087035,defined,-0.04803989793780348,sensitivity_only
id:x%3A0x1.4000000000000p%2B3,252,5.434,3.48888,3.4508679729024396,0.7912595307087035,defined,0.04803989793780348,sensitivity_only
id:x%3A0x1.4000000000000p%2B3,253,5.456,3.49592,3.5339320270975603,0.7912595307087035,defined,-0.04803989793780348,sensitivity_only
id:x%3A0x1.4000000000000p%2B3,254,5.478,3.50296,3.4649479729024395,0.7912595307087035,defined,0.04803989793780348,sensitivity_only
id:x%3A0x1.4000000000000p%2B3,255,5.5,3.51,3.54801202709756,0.7912595307087035,defined,-0.04803989793780348,sensitivity_only
id:x%3A0x1.4000000000000p%2B3,256,5.522,3.53156,3.494571772869996,0.7699480789466207,defined,0.04803989793780348,sensitivity_only
id:x%3A0x1.4000000000000p%2B3,257,5.544,3.5531199999999994,3.590108227130003,0.7699480789466207,defined,-0.04803989793780348,sensitivity_only
id:x%3A0x1.4000000000000p%2B3,258,5.566,3.5746799999999994,3.5376917728699957,0.7699480789466207,defined,0.04803989793780348,sensitivity_only
id:x%3A0x1.4000000000000p%2B3,259,5.588,3.59624,3.6332282271300036,0.7699480789466207,defined,-0.04803989793780348,sensitivity_only
id:x%3A0x1.4000000000000p%2B3,260,5.61,3.6178,3.580811772869996,0.7699480789466207,defined,0.04803989793780348,sensitivity_only
id:x%3A0x1.4000000000000p%2B3,261,5.632,3.6393599999999995,3.676348227130003,0.7699480789466207,defined,-0.04803989793780348,sensitivity_only
id:x%3A0x1.4000000000000p%2B3,262,5.654,3.6609199999999995,3.623931772869996,0.7699480789466207,defined,0.04803989793780348,sensitivity_only
id:x%3A0x1.4000000000000p%2B3,263,5.676,3.68248,3.7194682271300037,0.7699480789466207,defined,-0.04803989793780348,sensitivity_only
id:x%3A0x1.4000000000000p%2B3,264,5.698,3.70404,3.6670517728699963,0.7699480789466207,defined,0.04803989793780348,sensitivity_only
id:x%3A0x1.4000000000000p%2B3,265,5.72,3.7255999999999996,3.7625882271300033,0.7699480789466207,defined,-0.04803989793780348,sensitivity_only
id:x%3A0x1.4000000000000p%2B3,266,5.742,3.7471599999999996,3.710171772869996,0.7699480789466207,defined,0.04803989793780348,sensitivity_only
id:x%3A0x1.4000000000000p%2B3,267,5.764,3.76872,3.805708227130004,0.7699480789466207,defined,-0.04803989793780348,sensitivity_only
id:x%3A0x1.4000000000000p%2B3,268,5.786,3.790279999999999,3.7532917728699955,0.7699480789466207,defined,0.04803989793780348,sensitivity_only
id:x%3A0x1.4000000000000p%2B3,269,5.808,3.8118399999999997,3.8488282271300034,0.7699480789466207,defined,-0.04803989793780348,sensitivity_only
id:x%3A0x1.4000000000000p%2B3,270,5.83,3.8333999999999997,3.796411772869996,0.7699480789466207,defined,0.04803989793780348,sensitivity_only
id:x%3A0x1.4000000000000p%2B3,271,5.852,3.85496,3.891948227130004,0.7699480789466207,defined,-0.04803989793780348,sensitivity_only
id:x%3A0x1.4000000000000p%2B3,272,5.874,3.8765199999999993,3.8395317728699956,0.7699480789466207,defined,0.04803989793780348,sensitivity_only
id:x%3A0x1.4000000000000p%2B3,273,5.896,3.8980799999999998,3.9350682271300035,0.7699480789466207,defined,-0.04803989793780348,sensitivity_only
id:x%3A0x1.4000000000000p%2B3,274,5.918,3.91964,3.882651772869996,0.7699480789466207,defined,0.04803989793780348,sensitivity_only
id:x%3A0x1.4000000000000p%2B3,275,5.94,3.9412000000000003,3.978188227130004,0.7699480789466207,defined,-0.04803989793780348,sensitivity_only
id:x%3A0x1.4000000000000p%2B3,276,5.962,3.9627599999999994,3.9257717728699957,0.7699480789466207,defined,0.04803989793780348,sensitivity_only
id:x%3A0x1.4000000000000p%2B3,277,5.984,3.98432,4.021308227130003,0.7699480789466207,defined,-0.04803989793780348,sensitivity_only
id:x%3A0x1.4000000000000p%2B3,278,6.0,4.0,3.9630117728699963,0.7699480789466207,defined,0.04803989793780348,sensitivity_only
id:x%3A0x1.4000000000000p%2B3,279,6.006,4.00588,4.042868227130004,0.7699480789466207,defined,-0.04803989793780348,sensitivity_only
id:x%3A0x1.4000000000000p%2B3,280,6.028,4.0274399999999995,3.9904517728699958,0.7699480789466207,defined,0.04803989793780348,sensitivity_only
id:x%3A0x1.4000000000000p%2B3,281,6.05,4.0489999999999995,4.085988227130003,0.7699480789466207,defined,-0.04803989793780348,sensitivity_only
id:x%3A0x1.4000000000000p%2B3,282,6.072,4.0705599999999995,4.033571772869996,0.7699480789466207,defined,0.04803989793780348,sensitivity_only
id:x%3A0x1.4000000000000p%2B3,283,6.094,4.09212,4.129108227130004,0.7699480789466207,defined,-0.04803989793780348,sensitivity_only
id:x%3A0x1.4000000000000p%2B3,284,6.116,4.11368,4.076691772869996,0.7699480789466207,defined,0.04803989793780348,sensitivity_only
id:x%3A0x1.4000000000000p%2B3,285,6.138,4.13524,4.172228227130003,0.7699480789466207,defined,-0.04803989793780348,sensitivity_only
id:x%3A0x1.4000000000000p%2B3,286,6.16,4.1568,4.119811772869996,0.7699480789466207,defined,0.04803989793780348,sensitivity_only
id:x%3A0x1.4000000000000p%2B3,287,6.182,4.1783600000000005,4.215348227130004,0.7699480789466207,defined,-0.04803989793780348,sensitivity_only
id:x%3A0x1.4000000000000p%2B3,288,6.204,4.19992,4.162931772869996,0.7699480789466207,defined,0.04803989793780348,sensitivity_only
id:x%3A0x1.4000000000000p%2B3,289,6.226,4.22148,4.258468227130003,0.7699480789466207,defined,-0.04803989793780348,sensitivity_only
id:x%3A0x1.4000000000000p%2B3,290,6.248,4.24304,4.206051772869996,0.7699480789466207,defined,0.04803989793780348,sensitivity_only
id:x%3A0x1.4000000000000p%2B3,291,6.27,4.2646,4.301588227130003,0.7699480789466207,defined,-0.04803989793780348,sensitivity_only
id:x%3A0x1.4000000000000p%2B3,292,6.292,4.28616,4.249171772869996,0.7699480789466207,defined,0.04803989793780348,sensitivity_only
id:x%3A0x1.4000000000000p%2B3,293,6.314,4.30772,4.3447082271300035,0.7699480789466207,defined,-0.04803989793780348,sensitivity_only
id:x%3A0x1.4000000000000p%2B3,294,6.336,4.32928,4.292291772869996,0.7699480789466207,defined,0.04803989793780348,sensitivity_only
id:x%3A0x1.4000000000000p%2B3,295,6.358,4.35084,4.3878282271300035,0.7699480789466207,defined,-0.04803989793780348,sensitivity_only
id:x%3A0x1.4000000000000p%2B3,296,6.38,4.3724,4.335411772869996,0.7699480789466207,defined,0.04803989793780348,sensitivity_only
id:x%3A0x1.4000000000000p%2B3,297,6.402,4.39396,4.430948227130004,0.7699480789466207,defined,-0.04803989793780348,sensitivity_only
id:x%3A0x1.4000000000000p%2B3,298,6.424,4.41552,4.378531772869996,0.7699480789466207,defined,0.04803989793780348,sensitivity_only
id:x%3A0x1.4000000000000p%2B3,299,6.446,4.43708,4.474068227130004,0.7699480789466207,defined,-0.04803989793780348,sensitivity_only
id:x%3A0x1.4000000000000p%2B3,300,6.468,4.45864,4.421651772869996,0.7699480789466207,defined,0.04803989793780348,sensitivity_only
id:x%3A0x1.4000000000000p%2B3,301,6.49,4.4802,4.517188227130004,0.7699480789466207,defined,-0.04803989793780348,sensitivity_only
id:x%3A0x1.4000000000000p%2B3,302,6.512,4.501759999999999,4.460424220419869,0.8604468650963308,defined,0.04803989793780348,sensitivity_only
id:x%3A0x1.4000000000000p%2B3,303,6.534,4.52332,4.56465577958013,0.8604468650963308,defined,-0.04803989793780348,sensitivity_only
id:x%3A0x1.4000000000000p%2B3,304,6.556,4.54488,4.50354422041987,0.8604468650963308,defined,0.04803989793780348,sensitivity_only
id:x%3A0x1.4000000000000p%2B3,305,6.578,4.56644,4.60777577958013,0.8604468650963308,defined,-0.04803989793780348,sensitivity_only
id:x%3A0x1.4000000000000p%2B3,306,6.6,4.587999999999999,4.546664220419869,0.8604468650963308,defined,0.04803989793780348,sensitivity_only
id:x%3A0x1.4000000000000p%2B3,307,6.622,4.60956,4.6508957795801305,0.8604468650963308,defined,-0.04803989793780348,sensitivity_only
id:x%3A0x1.4000000000000p%2B3,308,6.644,4.63112,4.58978422041987,0.8604468650963308,defined,0.04803989793780348,sensitivity_only
id:x%3A0x1.4000000000000p%2B3,309,6.666,4.65268,4.6940157795801305,0.8604468650963308,defined,-0.04803989793780348,sensitivity_only
id:x%3A0x1.4000000000000p%2B3,310,6.688,4.674239999999999,4.632904220419869,0.8604468650963308,defined,0.04803989793780348,sensitivity_only
id:x%3A0x1.4000000000000p%2B3,311,6.71,4.6958,4.7371357795801305,0.8604468650963308,defined,-0.04803989793780348,sensitivity_only
id:x%3A0x1.4000000000000p%2B3,312,6.732,4.71736,4.67602422041987,0.8604468650963308,defined,0.04803989793780348,sensitivity_only
id:x%3A0x1.4000000000000p%2B3,313,6.754,4.738919999999999,4.78025577958013,0.8604468650963308,defined,-0.04803989793780348,sensitivity_only
id:x%3A0x1.4000000000000p%2B3,314,6.776,4.760479999999999,4.719144220419869,0.8604468650963308,defined,0.04803989793780348,sensitivity_only
id:x%3A0x1.4000000000000p%2B3,315,6.798,4.78204,4.823375779580131,0.8604468650963308,defined,-0.04803989793780348,sensitivity_only
id:x%3A0x1.4000000000000p%2B3,316,6.82,4.8036,4.76226422041987,0.8604468650963308,defined,0.04803989793780348,sensitivity_only
id:x%3A0x1.4000000000000p%2B3,317,6.842,4.8251599999999994,4.86649577958013,0.8604468650963308,defined,-0.04803989793780348,sensitivity_only
id:x%3A0x1.4000000000000p%2B3,318,6.864,4.8467199999999995,4.805384220419869,0.8604468650963308,defined,0.04803989793780348,sensitivity_only
id:x%3A0x1.4000000000000p%2B3,319,6.886,4.86828,4.909615779580131,0.8604468650963308,defined,-0.04803989793780348,sensitivity_only
id:x%3A0x1.4000000000000p%2B3,320,6.908,4.88984,4.84850422041987,0.8604468650963308,defined,0.04803989793780348,sensitivity_only
id:x%3A0x1.4000000000000p%2B3,321,6.93,4.9113999999999995,4.95273577958013,0.8604468650963308,defined,-0.04803989793780348,sensitivity_only
id:x%3A0x1.4000000000000p%2B3,322,6.952,4.93296,4.891624220419869,0.8604468650963308,defined,0.04803989793780348,sensitivity_only
id:x%3A0x1.4000000000000p%2B3,323,6.974,4.9545200000000005,4.995855779580131,0.8604468650963308,defined,-0.04803989793780348,sensitivity_only
id:x%3A0x1.4000000000000p%2B3,324,6.996,4.9760800000000005,4.93474422041987,0.8604468650963308,defined,0.04803989793780348,sensitivity_only
id:x%3A0x1.4000000000000p%2B3,325,7.0,4.9799999999999995,5.02133577958013,0.8604468650963308,defined,-0.04803989793780348,sensitivity_only
id:x%3A0x1.4000000000000p%2B3,326,7.018,4.99764,4.956304220419869,0.8604468650963308,defined,0.04803989793780348,sensitivity_only
id:x%3A0x1.4000000000000p%2B3,327,7.04,5.0192,5.06053577958013,0.8604468650963308,defined,-0.04803989793780348,sensitivity_only
id:x%3A0x1.4000000000000p%2B3,328,7.062,5.040760000000001,4.99942422041987,0.8604468650963308,defined,0.04803989793780348,sensitivity_only
id:x%3A0x1.4000000000000p%2B3,329,7.084,5.06232,5.10365577958013,0.8604468650963308,defined,-0.04803989793780348,sensitivity_only
id:x%3A0x1.4000000000000p%2B3,330,7.106,5.08388,5.042544220419869,0.8604468650963308,defined,0.04803989793780348,sensitivity_only
id:x%3A0x1.4000000000000p%2B3,331,7.128,5.10544,5.14677577958013,0.8604468650963308,defined,-0.04803989793780348,sensitivity_only
id:x%3A0x1.4000000000000p%2B3,332,7.15,5.127,5.085664220419869,0.8604468650963308,defined,0.04803989793780348,sensitivity_only
id:x%3A0x1.4000000000000p%2B3,333,7.172,5.14856,5.18989577958013,0.8604468650963308,defined,-0.04803989793780348,sensitivity_only
id:x%3A0x1.4000000000000p%2B3,334,7.194,5.17012,5.1287842204198695,0.8604468650963308,defined,0.04803989793780348,sensitivity_only
id:x%3A0x1.4000000000000p%2B3,335,7.216,5.19168,5.23301577958013,0.8604468650963308,defined,-0.04803989793780348,sensitivity_only
id:x%3A0x1.4000000000000p%2B3,336,7.238,5.21324,5.1719042204198695,0.8604468650963308,defined,0.04803989793780348,sensitivity_only
id:x%3A0x1.4000000000000p%2B3,337,7.26,5.2348,5.27613577958013,0.8604468650963308,defined,-0.04803989793780348,sensitivity_only
id:x%3A0x1.4000000000000p%2B3,338,7.282,5.25636,5.21502422041987,0.8604468650963308,defined,0.04803989793780348,sensitivity_only
id:x%3A0x1.4000000000000p%2B3,339,7.304,5.27792,5.31925577958013,0.8604468650963308,defined,-0.04803989793780348,sensitivity_only
id:x%3A0x1.4000000000000p%2B3,340,7.326,5.299479999999999,5.258144220419869,0.8604468650963308,defined,0.04803989793780348,sensitivity_only
id:x%3A0x1.4000000000000p%2B3,341,7.348,5.32104,5.36237577958013,0.8604468650963308,defined,-0.04803989793780348,sensitivity_only
id:x%3A0x1.4000000000000p%2B3,342,7.37,5.3426,5.30126422041987,0.8604468650963308,defined,0.04803989793780348,sensitivity_only
id:x%3A0x1.4000000000000p%2B3,343,7.392,5.36416,5.40549577958013,0.8604468650963308,defined,-0.04803989793780348,sensitivity_only
id:x%3A0x1.4000000000000p%2B3,344,7.414,5.385719999999999,5.344384220419869,0.8604468650963308,defined,0.04803989793780348,sensitivity_only
id:x%3A0x1.4000000000000p%2B3,345,7.436,5.40728,5.44861577958013,0.8604468650963308,defined,-0.04803989793780348,sensitivity_only
id:x%3A0x1.4000000000000p%2B3,346,7.458,5.42884,5.38750422041987,0.8604468650963308,defined,0.04803989793780348,sensitivity_only
id:x%3A0x1.4000000000000p%2B3,347,7.48,5.4504,5.4917357795801305,0.8604468650963308,defined,-0.04803989793780348,sensitivity_only
id:x%3A0x1.4000000000000p%2B3,348,7.502,5.471959999999999,5.419452388100914,1.0930000718791255,defined,0.04803989793780348,sensitivity_only
id:x%3A0x1.4000000000000p%2B3,349,7.524,5.49352,5.546027611899086,1.0930000718791255,defined,-0.04803989793780348,sensitivity_only
id:x%3A0x1.4000000000000p%2B3,350,7.546,5.51508,5.462572388100915,1.0930000718791255,defined,0.04803989793780348,sensitivity_only
id:x%3A0x1.4000000000000p%2B3,351,7.568,5.536639999999999,5.589147611899085,1.0930000718791255,defined,-0.04803989793780348,sensitivity_only
id:x%3A0x1.4000000000000p%2B3,352,7.59,5.558199999999999,5.505692388100914,1.0930000718791255,defined,0.04803989793780348,sensitivity_only
id:x%3A0x1.4000000000000p%2B3,353,7.612,5.57976,5.632267611899086,1.0930000718791255,defined,-0.04803989793780348,sensitivity_only
id:x%3A0x1.4000000000000p%2B3,354,7.634,5.60132,5.548812388100915,1.0930000718791255,defined,0.04803989793780348,sensitivity_only
id:x%3A0x1.4000000000000p%2B3,355,7.656,5.622879999999999,5.675387611899085,1.0930000718791255,defined,-0.04803989793780348,sensitivity_only
id:x%3A0x1.4000000000000p%2B3,356,7.678,5.6444399999999995,5.591932388100914,1.0930000718791255,defined,0.04803989793780348,sensitivity_only
id:x%3A0x1.4000000000000p%2B3,357,7.7,5.666,5.718507611899086,1.0930000718791255,defined,-0.04803989793780348,sensitivity_only
id:x%3A0x1.4000000000000p%2B3,358,7.722,5.6875599999999995,5.635052388100914,1.0930000718791255,defined,0.04803989793780348,sensitivity_only
id:x%3A0x1.4000000000000p%2B3,359,7.744,5.7091199999999995,5.761627611899085,1.0930000718791255,defined,-0.04803989793780348,sensitivity_only
id:x%3A0x1.4000000000000p%2B3,360,7.766,5.7306799999999996,5.678172388100914,1.0930000718791255,defined,0.04803989793780348,sensitivity_only
id:x%3A0x1.4000000000000p%2B3,361,7.788,5.7522400000000005,5.804747611899086,1.0930000718791255,defined,-0.04803989793780348,sensitivity_only
id:x%3A0x1.4000000000000p%2B3,362,7.81,5.7738,5.721292388100914,1.0930000718791255,defined,0.04803989793780348,sensitivity_only
id:x%3A0x1.4000000000000p%2B3,363,7.832,5.79536,5.847867611899085,1.0930000718791255,defined,-0.04803989793780348,sensitivity_only
id:x%3A0x1.4000000000000p%2B3,364,7.854,5.81692,5.764412388100914,1.0930000718791255,defined,0.04803989793780348,sensitivity_only
id:x%3A0x1.4000000000000p%2B3,365,7.876,5.838480000000001,5.890987611899086,1.0930000718791255,defined,-0.04803989793780348,sensitivity_only
id:x%3A0x1.4000000000000p%2B3,366,7.898,5.86004,5.807532388100914,1.0930000718791255,defined,0.04803989793780348,sensitivity_only
id:x%3A0x1.4000000000000p%2B3,367,7.92,5.8816,5.934107611899085,1.0930000718791255,defined,-0.04803989793780348,sensitivity_only
id:x%3A0x1.4000000000000p%2B3,368,7.942,5.90316,5.850652388100914,1.0930000718791255,defined,0.04803989793780348,sensitivity_only
id:x%3A0x1.4000000000000p%2B3,369,7.964,5.924720000000001,5.977227611899086,1.0930000718791255,defined,-0.04803989793780348,sensitivity_only
id:x%3A0x1.4000000000000p%2B3,370,7.986,5.94628,5.893772388100914,1.0930000718791255,defined,0.04803989793780348,sensitivity_only
id:x%3A0x1.4000000000000p%2B3,371,8.0,5.96,6.0125076118990854,1.0930000718791255,defined,-0.04803989793780348,sensitivity_only
id:x%3A0x1.4000000000000p%2B3,372,8.008,5.967839999999999,5.915332388100913,1.0930000718791255,defined,0.04803989793780348,sensitivity_only
id:x%3A0x1.4000000000000p%2B3,373,8.03,5.989399999999999,6.041907611899084,1.0930000718791255,defined,-0.04803989793780348,sensitivity_only
id:x%3A0x1.4000000000000p%2B3,374,8.052,6.010959999999999,5.9584523881009135,1.0930000718791255,defined,0.04803989793780348,sensitivity_only
id:x%3A0x1.4000000000000p%2B3,375,8.074,6.03252,6.085027611899085,1.0930000718791255,defined,-0.04803989793780348,sensitivity_only
id:x%3A0x1.4000000000000p%2B3,376,8.096,6.05408,6.001572388100914,1.0930000718791255,defined,0.04803989793780348,sensitivity_only
id:x%3A0x1.4000000000000p%2B3,377,8.118,6.07564,6.128147611899085,1.0930000718791255,defined,-0.04803989793780348,sensitivity_only
id:x%3A0x1.4000000000000p%2B3,378,8.14,6.097200000000001,6.044692388100915,1.0930000718791255,defined,0.04803989793780348,sensitivity_only
id:x%3A0x1.4000000000000p%2B3,379,8.162,6.11876,6.1712676118990855,1.0930000718791255,defined,-0.04803989793780348,sensitivity_only
id:x%3A0x1.4000000000000p%2B3,380,8.184,6.140319999999999,6.087812388100914,1.0930000718791255,defined,0.04803989793780348,sensitivity_only
id:x%3A0x1.4000000000000p%2B3,381,8.206,6.161879999999999,6.214387611899085,1.0930000718791255,defined,-0.04803989793780348,sensitivity_only
id:x%3A0x1.4000000000000p%2B3,382,8.228,6.183439999999999,6.130932388100914,1.0930000718791255,defined,0.04803989793780348,sensitivity_only
id:x%3A0x1.4000000000000p%2B3,383,8.25,6.205,6.2575076118990856,1.0930000718791255,defined,-0.04803989793780348,sensitivity_only
id:x%3A0x1.4000000000000p%2B3,384,8.272,6.22656,6.174052388100915,1.0930000718791255,defined,0.04803989793780348,sensitivity_only
id:x%3A0x1.4000000000000p%2B3,385,8.294,6.24812,6.300627611899086,1.0930000718791255,defined,-0.04803989793780348,sensitivity_only
id:x%3A0x1.4000000000000p%2B3,386,8.316,6.269680000000001,6.2171723881009155,1.0930000718791255,defined,0.04803989793780348,sensitivity_only
id:x%3A0x1.4000000000000p%2B3,387,8.338,6.291239999999998,6.343747611899084,1.0930000718791255,defined,-0.04803989793780348,sensitivity_only
id:x%3A0x1.4000000000000p%2B3,388,8.36,6.312799999999999,6.260292388100914,1.0930000718791255,defined,0.04803989793780348,sensitivity_only
id:x%3A0x1.4000000000000p%2B3,389,8.382,6.334359999999999,6.386867611899085,1.0930000718791255,defined,-0.04803989793780348,sensitivity_only
id:x%3A0x1.4000000000000p%2B3,390,8.404,6.355919999999999,6.303412388100914,1.0930000718791255,defined,0.04803989793780348,sensitivity_only
id:x%3A0x1.4000000000000p%2B3,391,8.426,6.37748,6.429987611899086,1.0930000718791255,defined,-0.04803989793780348,sensitivity_only
id:x%3A0x1.4000000000000p%2B3,392,8.448,6.39904,6.346532388100915,1.0930000718791255,defined,0.04803989793780348,sensitivity_only
id:x%3A0x1.4000000000000p%2B3,393,8.47,6.4206,6.473107611899086,1.0930000718791255,defined,-0.04803989793780348,sensitivity_only
id:x%3A0x1.4000000000000p%2B3,394,8.492,6.442160000000001,6.389652388100916,1.0930000718791255,defined,0.04803989793780348,sensitivity_only
id:x%3A0x1.4000000000000p%2B3,395,8.514,6.463719999999999,6.505055779580129,0.8604468650963308,defined,-0.04803989793780348,sensitivity_only
id:x%3A0x1.4000000000000p%2B3,396,8.536,6.4852799999999995,6.443944220419869,0.8604468650963308,defined,0.04803989793780348,sensitivity_only
id:x%3A0x1.4000000000000p%2B3,397,8.558,6.5068399999999995,6.54817577958013,0.8604468650963308,defined,-0.04803989793780348,sensitivity_only
id:x%3A0x1.4000000000000p%2B3,398,8.58,6.5283999999999995,6.487064220419869,0.8604468650963308,defined,0.04803989793780348,sensitivity_only
id:x%3A0x1.4000000000000p%2B3,399,8.602,6.5499600000000004,6.591295779580131,0.8604468650963308,defined,-0.04803989793780348,sensitivity_only
id:x%3A0x1.4000000000000p%2B3,400,8.624,6.5715200000000005,6.53018422041987,0.8604468650963308,defined,0.04803989793780348,sensitivity_only
id:x%3A0x1.4000000000000p%2B3,401,8.646,6.5930800000000005,6.634415779580131,0.8604468650963308,defined,-0.04803989793780348,sensitivity_only
id:x%3A0x1.4000000000000p%2B3,402,8.668,6.61464,6.573304220419869,0.8604468650963308,defined,0.04803989793780348,sensitivity_only
id:x%3A0x1.4000000000000p%2B3,403,8.69,6.636199999999999,6.677535779580129,0.8604468650963308,defined,-0.04803989793780348,sensitivity_only
id:x%3A0x1.4000000000000p%2B3,404,8.712,6.65776,6.616424220419869,0.8604468650963308,defined,0.04803989793780348,sensitivity_only
id:x%3A0x1.4000000000000p%2B3,405,8.734,6.67932,6.72065577958013,0.8604468650963308,defined,-0.04803989793780348,sensitivity_only
id:x%3A0x1.4000000000000p%2B3,406,8.756,6.70088,6.659544220419869,0.8604468650963308,defined,0.04803989793780348,sensitivity_only
id:x%3A0x1.4000000000000p%2B3,407,8.778,6.722440000000001,6.763775779580131,0.8604468650963308,defined,-0.04803989793780348,sensitivity_only
id:x%3A0x1.4000000000000p%2B3,408,8.8,6.744,6.702664220419869,0.8604468650963308,defined,0.04803989793780348,sensitivity_only
id:x%3A0x1.4000000000000p%2B3,409,8.822,6.765559999999999,6.806895779580129,0.8604468650963308,defined,-0.04803989793780348,sensitivity_only
id:x%3A0x1.4000000000000p%2B3,410,8.844,6.78712,6.7457842204198695,0.8604468650963308,defined,0.04803989793780348,sensitivity_only
id:x%3A0x1.4000000000000p%2B3,411,8.866,6.808679999999999,6.850015779580129,0.8604468650963308,defined,-0.04803989793780348,sensitivity_only
id:x%3A0x1.4000000000000p%2B3,412,8.888,6.83024,6.7889042204198695,0.8604468650963308,defined,0.04803989793780348,sensitivity_only
id:x%3A0x1.4000000000000p%2B3,413,8.91,6.8518,6.89313577958013,0.8604468650963308,defined,-0.04803989793780348,sensitivity_only
id:x%3A0x1.4000000000000p%2B3,414,8.932,6.87336,6.83202422041987,0.8604468650963308,defined,0.04803989793780348,sensitivity_only
id:x%3A0x1.4000000000000p%2B3,415,8.954,6.894920000000001,6.936255779580131,0.8604468650963308,defined,-0.04803989793780348,sensitivity_only
id:x%3A0x1.4000000000000p%2B3,416,8.976,6.91648,6.87514422041987,0.8604468650963308,defined,0.04803989793780348,sensitivity_only
id:x%3A0x1.4000000000000p%2B3,417,8.998,6.938039999999999,6.9793757795801294,0.8604468650963308,defined,-0.04803989793780348,sensitivity_only
id:x%3A0x1.4000000000000p%2B3,418,9.0,6.9399999999999995,6.898664220419869,0.8604468650963308,defined,0.04803989793780348,sensitivity_only
id:x%3A0x1.4000000000000p%2B3,419,9.02,6.959599999999999,7.0009357795801295,0.8604468650963308,defined,-0.04803989793780348,sensitivity_only
id:x%3A0x1.4000000000000p%2B3,420,9.042,6.981159999999999,6.939824220419869,0.8604468650963308,defined,0.04803989793780348,sensitivity_only
id:x%3A0x1.4000000000000p%2B3,421,9.064,7.00272,7.04405577958013,0.8604468650963308,defined,-0.04803989793780348,sensitivity_only
id:x%3A0x1.4000000000000p%2B3,422,9.086,7.02428,6.98294422041987,0.8604468650963308,defined,0.04803989793780348,sensitivity_only
id:x%3A0x1.4000000000000p%2B3,423,9.108,7.04584,7.0871757795801305,0.8604468650963308,defined,-0.04803989793780348,sensitivity_only
id:x%3A0x1.4000000000000p%2B3,424,9.13,7.067400000000001,7.026064220419871,0.8604468650963308,defined,0.04803989793780348,sensitivity_only
id:x%3A0x1.4000000000000p%2B3,425,9.152,7.088959999999998,7.130295779580129,0.8604468650963308,defined,-0.04803989793780348,sensitivity_only
id:x%3A0x1.4000000000000p%2B3,426,9.174,7.110519999999999,7.069184220419869,0.8604468650963308,defined,0.04803989793780348,sensitivity_only
id:x%3A0x1.4000000000000p%2B3,427,9.196,7.132079999999999,7.17341577958013,0.8604468650963308,defined,-0.04803989793780348,sensitivity_only
id:x%3A0x1.4000000000000p%2B3,428,9.218,7.153639999999999,7.112304220419869,0.8604468650963308,defined,0.04803989793780348,sensitivity_only
id:x%3A0x1.4000000000000p%2B3,429,9.24,7.1752,7.216535779580131,0.8604468650963308,defined,-0.04803989793780348,sensitivity_only
id:x%3A0x1.4000000000000p%2B3,430,9.262,7.19676,7.15542422041987,0.8604468650963308,defined,0.04803989793780348,sensitivity_only
id:x%3A0x1.4000000000000p%2B3,431,9.284,7.21832,7.259655779580131,0.8604468650963308,defined,-0.04803989793780348,sensitivity_only
id:x%3A0x1.4000000000000p%2B3,432,9.306,7.239879999999999,7.198544220419869,0.8604468650963308,defined,0.04803989793780348,sensitivity_only
id:x%3A0x1.4000000000000p%2B3,433,9.328,7.261439999999999,7.302775779580129,0.8604468650963308,defined,-0.04803989793780348,sensitivity_only
id:x%3A0x1.4000000000000p%2B3,434,9.35,7.2829999999999995,7.241664220419869,0.8604468650963308,defined,0.04803989793780348,sensitivity_only
id:x%3A0x1.4000000000000p%2B3,435,9.372,7.3045599999999995,7.34589577958013,0.8604468650963308,defined,-0.04803989793780348,sensitivity_only
id:x%3A0x1.4000000000000p%2B3,436,9.394,7.3261199999999995,7.284784220419869,0.8604468650963308,defined,0.04803989793780348,sensitivity_only
id:x%3A0x1.4000000000000p%2B3,437,9.416,7.34768,7.389015779580131,0.8604468650963308,defined,-0.04803989793780348,sensitivity_only
id:x%3A0x1.4000000000000p%2B3,438,9.438,7.3692400000000005,7.32790422041987,0.8604468650963308,defined,0.04803989793780348,sensitivity_only
id:x%3A0x1.4000000000000p%2B3,439,9.46,7.3908000000000005,7.432135779580131,0.8604468650963308,defined,-0.04803989793780348,sensitivity_only
id:x%3A0x1.4000000000000p%2B3,440,9.482,7.41236,7.371024220419869,0.8604468650963308,defined,0.04803989793780348,sensitivity_only
id:x%3A0x1.4000000000000p%2B3,441,9.504,7.433919999999999,7.46296676402928,0.6046383376352611,defined,-0.04803989793780348,sensitivity_only
id:x%3A0x1.4000000000000p%2B3,442,9.526,7.45548,7.426433235970719,0.6046383376352611,defined,0.04803989793780348,sensitivity_only
id:x%3A0x1.4000000000000p%2B3,443,9.548,7.47704,7.5060867640292805,0.6046383376352611,defined,-0.04803989793780348,sensitivity_only
id:x%3A0x1.4000000000000p%2B3,444,9.57,7.4986,7.469553235970719,0.6046383376352611,defined,0.04803989793780348,sensitivity_only
id:x%3A0x1.4000000000000p%2B3,445,9.592,7.520160000000001,7.5492067640292815,0.6046383376352611,defined,-0.04803989793780348,sensitivity_only
id:x%3A0x1.4000000000000p%2B3,446,9.614,7.541720000000001,7.51267323597072,0.6046383376352611,defined,0.04803989793780348,sensitivity_only
id:x%3A0x1.4000000000000p%2B3,447,9.636,7.563279999999999,7.59232676402928,0.6046383376352611,defined,-0.04803989793780348,sensitivity_only
id:x%3A0x1.4000000000000p%2B3,448,9.658,7.584839999999999,7.555793235970718,0.6046383376352611,defined,0.04803989793780348,sensitivity_only
id:x%3A0x1.4000000000000p%2B3,449,9.68,7.6064,7.635446764029281,0.6046383376352611,defined,-0.04803989793780348,sensitivity_only
id:x%3A0x1.4000000000000p%2B3,450,9.702,7.62796,7.598913235970719,0.6046383376352611,defined,0.04803989793780348,sensitivity_only
id:x%3A0x1.4000000000000p%2B3,451,9.724,7.64952,7.678566764029281,0.6046383376352611,defined,-0.04803989793780348,sensitivity_only
id:x%3A0x1.4000000000000p%2B3,452,9.746,7.67108,7.642033235970719,0.6046383376352611,defined,0.04803989793780348,sensitivity_only
id:x%3A0x1.4000000000000p%2B3,453,9.768,7.692640000000001,7.721686764029282,0.6046383376352611,defined,-0.04803989793780348,sensitivity_only
id:x%3A0x1.4000000000000p%2B3,454,9.79,7.714199999999999,7.685153235970718,0.6046383376352611,defined,0.04803989793780348,sensitivity_only
id:x%3A0x1.4000000000000p%2B3,455,9.812,7.735759999999999,7.76480676402928,0.6046383376352611,defined,-0.04803989793780348,sensitivity_only
id:x%3A0x1.4000000000000p%2B3,456,9.834,7.757319999999999,7.728273235970718,0.6046383376352611,defined,0.04803989793780348,sensitivity_only
id:x%3A0x1.4000000000000p%2B3,457,9.856,7.77888,7.807926764029281,0.6046383376352611,defined,-0.04803989793780348,sensitivity_only
id:x%3A0x1.4000000000000p%2B3,458,9.878,7.80044,7.771393235970719,0.6046383376352611,defined,0.04803989793780348,sensitivity_only
id:x%3A0x1.4000000000000p%2B3,459,9.9,7.822,7.851046764029281,0.6046383376352611,defined,-0.04803989793780348,sensitivity_only
id:x%3A0x1.4000000000000p%2B3,460,9.922,7.84356,7.814513235970719,0.6046383376352611,defined,0.04803989793780348,sensitivity_only
id:x%3A0x1.4000000000000p%2B3,461,9.944,7.86512,7.894166764029281,0.6046383376352611,defined,-0.04803989793780348,sensitivity_only
id:x%3A0x1.4000000000000p%2B3,462,9.966,7.886679999999999,7.857633235970718,0.6046383376352611,defined,0.04803989793780348,sensitivity_only
id:x%3A0x1.4000000000000p%2B3,463,9.988,7.908239999999999,7.93728676402928,0.6046383376352611,defined,-0.04803989793780348,sensitivity_only
id:x%3A0x1.4000000000000p%2B3,464,10.0,7.92,7.890953235970719,0.6046383376352611,defined,0.04803989793780348,sensitivity_only
id:x%3A0x1.4000000000000p%2B3,465,10.01,7.929799999999999,7.95884676402928,0.6046383376352611,defined,-0.04803989793780348,sensitivity_only
id:x%3A0x1.4000000000000p%2B3,466,10.032,7.951359999999999,7.9223132359707185,0.6046383376352611,defined,0.04803989793780348,sensitivity_only
id:x%3A0x1.4000000000000p%2B3,467,10.054,7.97292,8.001966764029282,0.6046383376352611,defined,-0.04803989793780348,sensitivity_only
id:x%3A0x1.4000000000000p%2B3,468,10.076,7.99448,7.965433235970719,0.6046383376352611,defined,0.04803989793780348,sensitivity_only
id:x%3A0x1.4000000000000p%2B3,469,10.098,8.01604,8.045086764029282,0.6046383376352611,defined,-0.04803989793780348,sensitivity_only
id:x%3A0x1.4000000000000p%2B3,470,10.12,8.037599999999998,8.008553235970716,0.6046383376352611,defined,0.04803989793780348,sensitivity_only
id:x%3A0x1.4000000000000p%2B3,471,10.142,8.059159999999999,8.08820676402928,0.6046383376352611,defined,-0.04803989793780348,sensitivity_only
id:x%3A0x1.4000000000000p%2B3,472,10.164,8.08072,8.051673235970718,0.6046383376352611,defined,0.04803989793780348,sensitivity_only
id:x%3A0x1.4000000000000p%2B3,473,10.186,8.10228,8.131326764029282,0.6046383376352611,defined,-0.04803989793780348,sensitivity_only
id:x%3A0x1.4000000000000p%2B3,474,10.208,8.12384,8.094793235970718,0.6046383376352611,defined,0.04803989793780348,sensitivity_only
id:x%3A0x1.4000000000000p%2B3,475,10.23,8.1454,8.174446764029282,0.6046383376352611,defined,-0.04803989793780348,sensitivity_only
id:x%3A0x1.4000000000000p%2B3,476,10.252,8.16696,8.137913235970718,0.6046383376352611,defined,0.04803989793780348,sensitivity_only
id:x%3A0x1.4000000000000p%2B3,477,10.274,8.188519999999999,8.21756676402928,0.6046383376352611,defined,-0.04803989793780348,sensitivity_only
id:x%3A0x1.4000000000000p%2B3,478,10.296,8.210079999999998,8.181033235970716,0.6046383376352611,defined,0.04803989793780348,sensitivity_only
id:x%3A0x1.4000000000000p%2B3,479,10.318,8.231639999999999,8.26068676402928,0.6046383376352611,defined,-0.04803989793780348,sensitivity_only
id:x%3A0x1.4000000000000p%2B3,480,10.34,8.2532,8.224153235970718,0.6046383376352611,defined,0.04803989793780348,sensitivity_only
id:x%3A0x1.4000000000000p%2B3,481,10.362,8.27476,8.303806764029282,0.6046383376352611,defined,-0.04803989793780348,sensitivity_only
id:x%3A0x1.4000000000000p%2B3,482,10.384,8.29632,8.267273235970718,0.6046383376352611,defined,0.04803989793780348,sensitivity_only
id:x%3A0x1.4000000000000p%2B3,483,10.406,8.31788,8.346926764029282,0.6046383376352611,defined,-0.04803989793780348,sensitivity_only
id:x%3A0x1.4000000000000p%2B3,484,10.428,8.33944,8.310393235970718,0.6046383376352611,defined,0.04803989793780348,sensitivity_only
id:x%3A0x1.4000000000000p%2B3,485,10.45,8.360999999999999,8.39004676402928,0.6046383376352611,defined,-0.04803989793780348,sensitivity_only
id:x%3A0x1.4000000000000p%2B3,486,10.472,8.382559999999998,8.353513235970716,0.6046383376352611,defined,0.04803989793780348,sensitivity_only
id:x%3A0x1.4000000000000p%2B3,487,10.494,8.404119999999999,8.43316676402928,0.6046383376352611,defined,-0.04803989793780348,sensitivity_only
id:x%3A0x1.4000000000000p%2B3,488,10.516,8.42568,8.396150957240057,0.6146774665960905,defined,0.04803989793780348,sensitivity_only
id:x%3A0x1.4000000000000p%2B3,489,10.538,8.44724,8.476769042759944,0.6146774665960905,defined,-0.04803989793780348,sensitivity_only
id:x%3A0x1.4000000000000p%2B3,490,10.56,8.4688,8.439270957240057,0.6146774665960905,defined,0.04803989793780348,sensitivity_only
id:x%3A0x1.4000000000000p%2B3,491,10.582,8.49036,8.519889042759944,0.6146774665960905,defined,-0.04803989793780348,sensitivity_only
id:x%3A0x1.4000000000000p%2B3,492,10.604,8.51192,8.482390957240057,0.6146774665960905,defined,0.04803989793780348,sensitivity_only
id:x%3A0x1.4000000000000p%2B3,493,10.626,8.533479999999999,8.563009042759942,0.6146774665960905,defined,-0.04803989793780348,sensitivity_only
id:x%3A0x1.4000000000000p%2B3,494,10.648,8.555039999999998,8.525510957240055,0.6146774665960905,defined,0.04803989793780348,sensitivity_only
id:x%3A0x1.4000000000000p%2B3,495,10.67,8.5766,8.606129042759942,0.6146774665960905,defined,-0.04803989793780348,sensitivity_only
id:x%3A0x1.4000000000000p%2B3,496,10.692,8.59816,8.568630957240057,0.6146774665960905,defined,0.04803989793780348,sensitivity_only
id:x%3A0x1.4000000000000p%2B3,497,10.714,8.619720000000001,8.649249042759944,0.6146774665960905,defined,-0.04803989793780348,sensitivity_only
id:x%3A0x1.4000000000000p%2B3,498,10.736,8.64128,8.611750957240057,0.6146774665960905,defined,0.04803989793780348,sensitivity_only
id:x%3A0x1.4000000000000p%2B3,499,10.758,8.66284,8.692369042759942,0.6146774665960905,defined,-0.04803989793780348,sensitivity_only
id:x%3A0x1.4000000000000p%2B3,500,10.78,8.6844,8.654870957240057,0.6146774665960905,defined,0.04803989793780348,sensitivity_only
id:x%3A0x1.4000000000000p%2B3,501,10.802,8.70596,8.735489042759943,0.6146774665960905,defined,-0.04803989793780348,sensitivity_only
id:x%3A0x1.4000000000000p%2B3,502,10.824,8.727519999999998,8.697990957240055,0.6146774665960905,defined,0.04803989793780348,sensitivity_only
id:x%3A0x1.4000000000000p%2B3,503,10.846,8.74908,8.778609042759943,0.6146774665960905,defined,-0.04803989793780348,sensitivity_only
id:x%3A0x1.4000000000000p%2B3,504,10.868,8.77064,8.741110957240057,0.6146774665960905,defined,0.04803989793780348,sensitivity_only
id:x%3A0x1.4000000000000p%2B3,505,10.89,8.792200000000001,8.821729042759944,0.6146774665960905,defined,-0.04803989793780348,sensitivity_only
id:x%3A0x1.4000000000000p%2B3,506,10.912,8.81376,8.784230957240057,0.6146774665960905,defined,0.04803989793780348,sensitivity_only
id:x%3A0x1.4000000000000p%2B3,507,10.934,8.83532,8.864849042759943,0.6146774665960905,defined,-0.04803989793780348,sensitivity_only
id:x%3A0x1.4000000000000p%2B3,508,10.956,8.85688,8.827350957240057,0.6146774665960905,defined,0.04803989793780348,sensitivity_only
id:x%3A0x1.4000000000000p%2B3,509,10.978,8.87844,8.907969042759943,0.6146774665960905,defined,-0.04803989793780348,sensitivity_only
id:x%3A0x1.4000000000000p%2B3,510,11.0,8.899999999999999,8.870470957240055,0.6146774665960905,defined,0.04803989793780348,sensitivity_only
id:x%3A0x1.6000000000000p%2B3,0,0.0,1.75,1.6848392458569692,0.6516075414303091,defined,0.1,sensitivity_only
id:x%3A0x1.6000000000000p%2B3,1,0.022,1.75704,1.7895244110984874,0.6516075414303091,defined,-0.04985272427507908,sensitivity_only
id:x%3A0x1.6000000000000p%2B3,2,0.044,1.76408,1.7315955889015127,0.6516075414303091,defined,0.04985272427507908,sensitivity_only
id:x%3A0x1.6000000000000p%2B3,3,0.066,1.77112,1.8036044110984875,0.6516075414303091,defined,-0.04985272427507908,sensitivity_only
id:x%3A0x1.6000000000000p%2B3,4,0.088,1.77816,1.7456755889015125,0.6516075414303091,defined,0.04985272427507908,sensitivity_only
id:x%3A0x1.6000000000000p%2B3,5,0.11,1.7852,1.8176844110984873,0.6516075414303091,defined,-0.04985272427507908,sensitivity_only
id:x%3A0x1.6000000000000p%2B3,6,0.132,1.79224,1.7597555889015126,0.6516075414303091,defined,0.04985272427507908,sensitivity_only
id:x%3A0x1.6000000000000p%2B3,7,0.154,1.79928,1.8317644110984874,0.6516075414303091,defined,-0.04985272427507908,sensitivity_only
id:x%3A0x1.6000000000000p%2B3,8,0.176,1.80632,1.7738355889015125,0.6516075414303091,defined,0.04985272427507908,sensitivity_only
id:x%3A0x1.6000000000000p%2B3,9,0.198,1.81336,1.8458444110984875,0.6516075414303091,defined,-0.04985272427507908,sensitivity_only
id:x%3A0x1.6000000000000p%2B3,10,0.22,1.8204,1.7879155889015126,0.6516075414303091,defined,0.04985272427507908,sensitivity_only
id:x%3A0x1.6000000000000p%2B3,11,0.242,1.82744,1.8599244110984874,0.6516075414303091,defined,-0.04985272427507908,sensitivity_only
id:x%3A0x1.6000000000000p%2B3,12,0.264,1.83448,1.8019955889015127,0.6516075414303091,defined,0.04985272427507908,sensitivity_only
id:x%3A0x1.6000000000000p%2B3,13,0.286,1.84152,1.8740044110984875,0.6516075414303091,defined,-0.04985272427507908,sensitivity_only
id:x%3A0x1.6000000000000p%2B3,14,0.308,1.84856,1.8160755889015125,0.6516075414303091,defined,0.04985272427507908,sensitivity_only
id:x%3A0x1.6000000000000p%2B3,15,0.33,1.8556,1.8880844110984873,0.6516075414303091,defined,-0.04985272427507908,sensitivity_only
id:x%3A0x1.6000000000000p%2B3,16,0.352,1.86264,1.8301555889015126,0.6516075414303091,defined,0.04985272427507908,sensitivity_only
id:x%3A0x1.6000000000000p%2B3,17,0.374,1.86968,1.9021644110984874,0.6516075414303091,defined,-0.04985272427507908,sensitivity_only
id:x%3A0x1.6000000000000p%2B3,18,0.396,1.87672,1.8442355889015125,0.6516075414303091,defined,0.04985272427507908,sensitivity_only
id:x%3A0x1.6000000000000p%2B3,19,0.418,1.88376,1.9162444110984875,0.6516075414303091,defined,-0.04985272427507908,sensitivity_only
id:x%3A0x1.6000000000000p%2B3,20,0.44,1.8908,1.8583155889015126,0.6516075414303091,defined,0.04985272427507908,sensitivity_only
id:x%3A0x1.6000000000000p%2B3,21,0.462,1.89784,1.9303244110984874,0.6516075414303091,defined,-0.04985272427507908,sensitivity_only
id:x%3A0x1.6000000000000p%2B3,22,0.484,1.90488,1.8723955889015125,0.6516075414303091,defined,0.04985272427507908,sensitivity_only
id:x%3A0x1.6000000000000p%2B3,23,0.506,1.91192,1.9471700130852527,0.7070829848886273,defined,-0.04985272427507908,sensitivity_only
id:x%3A0x1.6000000000000p%2B3,24,0.528,1.91896,1.8837099869147473,0.7070829848886273,defined,0.04985272427507908,sensitivity_only
id:x%3A0x1.6000000000000p%2B3,25,0.55,1.926,1.9612500130852526,0.7070829848886273,defined,-0.04985272427507908,sensitivity_only
id:x%3A0x1.6000000000000p%2B3,26,0.572,1.93304,1.8977899869147474,0.7070829848886273,defined,0.04985272427507908,sensitivity_only
id:x%3A0x1.6000000000000p%2B3,27,0.594,1.94008,1.9753300130852527,0.7070829848886273,defined,-0.04985272427507908,sensitivity_only
id:x%3A0x1.6000000000000p%2B3,28,0.616,1.94712,1.9118699869147473,0.7070829848886273,defined,0.04985272427507908,sensitivity_only
id:x%3A0x1.6000000000000p%2B3,29,0.638,1.95416,1.9894100130852526,0.7070829848886273,defined,-0.04985272427507908,sensitivity_only
id:x%3A0x1.6000000000000p%2B3,30,0.66,1.9612,1.9259499869147474,0.7070829848886273,defined,0.04985272427507908,sensitivity_only
id:x%3A0x1.6000000000000p%2B3,31,0.682,1.96824,2.0034900130852527,0.7070829848886273,defined,-0.04985272427507908,sensitivity_only
id:x%3A0x1.6000000000000p%2B3,32,0.704,1.97528,1.9400299869147473,0.7070829848886273,defined,0.04985272427507908,sensitivity_only
id:x%3A0x1.6000000000000p%2B3,33,0.726,1.98232,2.0175700130852525,0.7070829848886273,defined,-0.04985272427507908,sensitivity_only
id:x%3A0x1.6000000000000p%2B3,34,0.748,1.98936,1.9541099869147474,0.7070829848886273,defined,0.04985272427507908,sensitivity_only
id:x%3A0x1.6000000000000p%2B3,35,0.77,1.9964,2.0316500130852524,0.7070829848886273,defined,-0.04985272427507908,sensitivity_only
id:x%3A0x1.6000000000000p%2B3,36,0.792,2.00344,1.9681899869147472,0.7070829848886273,defined,0.04985272427507908,sensitivity_only
id:x%3A0x1.6000000000000p%2B3,37,0.814,2.01048,2.0457300130852523,0.7070829848886273,defined,-0.04985272427507908,sensitivity_only
id:x%3A0x1.6000000000000p%2B3,38,0.836,2.01752,1.9822699869147475,0.7070829848886273,defined,0.04985272427507908,sensitivity_only
id:x%3A0x1.6000000000000p%2B3,39,0.858,2.02456,2.0598100130852526,0.7070829848886273,defined,-0.04985272427507908,sensitivity_only
id:x%3A0x1.6000000000000p%2B3,40,0.88,2.0316,1.9963499869147474,0.7070829848886273,defined,0.04985272427507908,sensitivity_only
id:x%3A0x1.6000000000000p%2B3,41,0.902,2.03864,2.0738900130852524,0.7070829848886273,defined,-0.04985272427507908,sensitivity_only
id:x%3A0x1.6000000000000p%2B3,42,0.924,2.04568,2.0104299869147475,0.7070829848886273,defined,0.04985272427507908,sensitivity_only
id:x%3A0x1.6000000000000p%2B3,43,0.946,2.05272,2.0879700130852523,0.7070829848886273,defined,-0.04985272427507908,sensitivity_only
id:x%3A0x1.6000000000000p%2B3,44,0.968,2.05976,2.0245099869147474,0.7070829848886273,defined,0.04985272427507908,sensitivity_only
id:x%3A0x1.6000000000000p%2B3,45,0.99,2.0668,2.1020500130852526,0.7070829848886273,defined,-0.04985272427507908,sensitivity_only
id:x%3A0x1.6000000000000p%2B3,46,1.0,2.07,2.0347499869147474,0.7070829848886273,defined,0.04985272427507908,sensitivity_only
id:x%3A0x1.6000000000000p%2B3,47,1.012,2.07384,2.1090900130852526,0.7070829848886273,defined,-0.04985272427507908,sensitivity_only
id:x%3A0x1.6000000000000p%2B3,48,1.034,2.08088,2.0456299869147476,0.7070829848886273,defined,0.04985272427507908,sensitivity_only
id:x%3A0x1.6000000000000p%2B3,49,1.056,2.08792,2.1231700130852524,0.7070829848886273,defined,-0.04985272427507908,sensitivity_only
id:x%3A0x1.6000000000000p%2B3,50,1.078,2.09496,2.0597099869147475,0.7070829848886273,defined,0.04985272427507908,sensitivity_only
id:x%3A0x1.6000000000000p%2B3,51,1.1,2.102,2.1372500130852523,0.7070829848886273,defined,-0.04985272427507908,sensitivity_only
id:x%3A0x1.6000000000000p%2B3,52,1.122,2.1090400000000002,2.073789986914748,0.7070829848886273,defined,0.04985272427507908,sensitivity_only
id:x%3A0x1.6000000000000p%2B3,53,1.144,2.11608,2.1513300130852526,0.7070829848886273,defined,-0.04985272427507908,sensitivity_only
id:x%3A0x1.6000000000000p%2B3,54,1.166,2.12312,2.0878699869147477,0.7070829848886273,defined,0.04985272427507908,sensitivity_only
id:x%3A0x1.6000000000000p%2B3,55,1.188,2.13016,2.1654100130852525,0.7070829848886273,defined,-0.04985272427507908,sensitivity_only
id:x%3A0x1.6000000000000p%2B3,56,1.21,2.1372,2.1019499869147475,0.7070829848886273,defined,0.04985272427507908,sensitivity_only
id:x%3A0x1.6000000000000p%2B3,57,1.232,2.14424,2.1794900130852524,0.7070829848886273,defined,-0.04985272427507908,sensitivity_only
id:x%3A0x1.6000000000000p%2B3,58,1.254,2.15128,2.1160299869147474,0.7070829848886273,defined,0.04985272427507908,sensitivity_only
id:x%3A0x1.6000000000000p%2B3,59,1.276,2.15832,2.1935700130852522,0.7070829848886273,defined,-0.04985272427507908,sensitivity_only
id:x%3A0x1.6000000000000p%2B3,60,1.298,2.16536,2.1301099869147477,0.7070829848886273,defined,0.04985272427507908,sensitivity_only
id:x%3A0x1.6000000000000p%2B3,61,1.32,2.1724,2.2076500130852525,0.7070829848886273,defined,-0.04985272427507908,sensitivity_only
id:x%3A0x1.6000000000000p%2B3,62,1.342,2.17944,2.1441899869147476,0.7070829848886273,defined,0.04985272427507908,sensitivity_only
id:x%3A0x1.6000000000000p%2B3,63,1.364,2.18648,2.2217300130852524,0.7070829848886273,defined,-0.04985272427507908,sensitivity_only
id:x%3A0x1.6000000000000p%2B3,64,1.386,2.19352,2.1582699869147475,0.7070829848886273,defined,0.04985272427507908,sensitivity_only
id:x%3A0x1.6000000000000p%2B3,65,1.408,2.20056,2.2358100130852523,0.7070829848886273,defined,-0.04985272427507908,sensitivity_only
id:x%3A0x1.6000000000000p%2B3,66,1.43,2.2076000000000002,2.172349986914748,0.7070829848886273,defined,0.04985272427507908,sensitivity_only
id:x%3A0x1.6000000000000p%2B3,67,1.452,2.21464,2.2498900130852526,0.7070829848886273,defined,-0.04985272427507908,sensitivity_only
id:x%3A0x1.6000000000000p%2B3,68,1.474,2.22168,2.1864299869147477,0.7070829848886273,defined,0.04985272427507908,sensitivity_only
id:x%3A0x1.6000000000000p%2B3,69,1.496,2.22872,2.2639700130852525,0.7070829848886273,defined,-0.04985272427507908,sensitivity_only
id:x%3A0x1.6000000000000p%2B3,70,1.518,2.23576,2.1963135567855505,0.7912595307087035,defined,0.04985272427507908,sensitivity_only
id:x%3A0x1.6000000000000p%2B3,71,1.54,2.2428,2.2822464432144494,0.7912595307087035,defined,-0.04985272427507908,sensitivity_only
id:x%3A0x1.6000000000000p%2B3,72,1.562,2.24984,2.2103935567855504,0.7912595307087035,defined,0.04985272427507908,sensitivity_only
id:x%3A0x1.6000000000000p%2B3,73,1.584,2.2568799999999998,2.2963264432144492,0.7912595307087035,defined,-0.04985272427507908,sensitivity_only
id:x%3A0x1.6000000000000p%2B3,74,1.606,2.26392,2.2244735567855507,0.7912595307087035,defined,0.04985272427507908,sensitivity_only
id:x%3A0x1.6000000000000p%2B3,75,1.628,2.27096,2.3104064432144495,0.7912595307087035,defined,-0.04985272427507908,sensitivity_only
id:x%3A0x1.6000000000000p%2B3,76,1.65,2.278,2.2385535567855506,0.7912595307087035,defined,0.04985272427507908,sensitivity_only
id:x%3A0x1.6000000000000p%2B3,77,1.672,2.28504,2.3244864432144494,0.7912595307087035,defined,-0.04985272427507908,sensitivity_only
id:x%3A0x1.6000000000000p%2B3,78,1.694,2.29208,2.2526335567855504,0.7912595307087035,defined,0.04985272427507908,sensitivity_only
id:x%3A0x1.6000000000000p%2B3,79,1.716,2.2991200000000003,2.3385664432144497,0.7912595307087035,defined,-0.04985272427507908,sensitivity_only
id:x%3A0x1.6000000000000p%2B3,80,1.738,2.30616,2.2667135567855508,0.7912595307087035,defined,0.04985272427507908,sensitivity_only
id:x%3A0x1.6000000000000p%2B3,81,1.76,2.3132,2.3526464432144496,0.7912595307087035,defined,-0.04985272427507908,sensitivity_only
id:x%3A0x1.6000000000000p%2B3,82,1.782,2.32024,2.2807935567855506,0.7912595307087035,defined,0.04985272427507908,sensitivity_only
id:x%3A0x1.6000000000000p%2B3,83,1.804,2.32728,2.3667264432144495,0.7912595307087035,defined,-0.04985272427507908,sensitivity_only
id:x%3A0x1.6000000000000p%2B3,84,1.826,2.33432,2.2948735567855505,0.7912595307087035,defined,0.04985272427507908,sensitivity_only
id:x%3A0x1.6000000000000p%2B3,85,1.848,2.34136,2.3808064432144493,0.7912595307087035,defined,-0.04985272427507908,sensitivity_only
id:x%3A0x1.6000000000000p%2B3,86,1.87,2.3484,2.3089535567855504,0.7912595307087035,defined,0.04985272427507908,sensitivity_only
id:x%3A0x1.6000000000000p%2B3,87,1.892,2.3554399999999998,2.394886443214449,0.7912595307087035,defined,-0.04985272427507908,sensitivity_only
id:x%3A0x1.6000000000000p%2B3,88,1.914,2.36248,2.3230335567855507,0.7912595307087035,defined,0.04985272427507908,sensitivity_only
id:x%3A0x1.6000000000000p%2B3,89,1.936,2.36952,2.4089664432144495,0.7912595307087035,defined,-0.04985272427507908,sensitivity_only
id:x%3A0x1.6000000000000p%2B3,90,1.958,2.37656,2.3371135567855505,0.7912595307087035,defined,0.04985272427507908,sensitivity_only
id:x%3A0x1.6000000000000p%2B3,91,1.98,2.3836,2.4230464432144494,0.7912595307087035,defined,-0.04985272427507908,sensitivity_only
id:x%3A0x1.6000000000000p%2B3,92,2.0,2.39,2.3505535567855507,0.7912595307087035,defined,0.04985272427507908,sensitivity_only
id:x%3A0x1.6000000000000p%2B3,93,2.002,2.39064,2.4300864432144493,0.7912595307087035,defined,-0.04985272427507908,sensitivity_only
id:x%3A0x1.6000000000000p%2B3,94,2.024,2.3976800000000003,2.358233556785551,0.7912595307087035,defined,0.04985272427507908,sensitivity_only
id:x%3A0x1.6000000000000p%2B3,95,2.046,2.40472,2.4441664432144496,0.7912595307087035,defined,-0.04985272427507908,sensitivity_only
id:x%3A0x1.6000000000000p%2B3,96,2.068,2.41176,2.3723135567855507,0.7912595307087035,defined,0.04985272427507908,sensitivity_only
id:x%3A0x1.6000000000000p%2B3,97,2.09,2.4188,2.4582464432144495,0.7912595307087035,defined,-0.04985272427507908,sensitivity_only
id:x%3A0x1.6000000000000p%2B3,98,2.112,2.42584,2.3863935567855505,0.7912595307087035,defined,0.04985272427507908,sensitivity_only
id:x%3A0x1.6000000000000p%2B3,99,2.134,2.43288,2.4723264432144494,0.7912595307087035,defined,-0.04985272427507908,sensitivity_only
id:x%3A0x1.6000000000000p%2B3,100,2.156,2.43992,2.4004735567855504,0.7912595307087035,defined,0.04985272427507908,sensitivity_only
id:x%3A0x1.6000000000000p%2B3,101,2.178,2.44696,2.4864064432144493,0.7912595307087035,defined,-0.04985272427507908,sensitivity_only
id:x%3A0x1.6000000000000p%2B3,102,2.2,2.454,2.4145535567855507,0.7912595307087035,defined,0.04985272427507908,sensitivity_only
id:x%3A0x1.6000000000000p%2B3,103,2.222,2.46104,2.5004864432144496,0.7912595307087035,defined,-0.04985272427507908,sensitivity_only
id:x%3A0x1.6000000000000p%2B3,104,2.244,2.46808,2.4286335567855506,0.7912595307087035,defined,0.04985272427507908,sensitivity_only
id:x%3A0x1.6000000000000p%2B3,105,2.266,2.47512,2.5145664432144494,0.7912595307087035,defined,-0.04985272427507908,sensitivity_only
id:x%3A0x1.6000000000000p%2B3,106,2.288,2.48216,2.4427135567855505,0.7912595307087035,defined,0.04985272427507908,sensitivity_only
id:x%3A0x1.6000000000000p%2B3,107,2.31,2.4892000000000003,2.5286464432144498,0.7912595307087035,defined,-0.04985272427507908,sensitivity_only
id:x%3A0x1.6000000000000p%2B3,108,2.332,2.4962400000000002,2.456793556785551,0.7912595307087035,defined,0.04985272427507908,sensitivity_only
id:x%3A0x1.6000000000000p%2B3,109,2.354,2.50328,2.5427264432144496,0.7912595307087035,defined,-0.04985272427507908,sensitivity_only
id:x%3A0x1.6000000000000p%2B3,110,2.376,2.51032,2.4708735567855507,0.7912595307087035,defined,0.04985272427507908,sensitivity_only
id:x%3A0x1.6000000000000p%2B3,111,2.398,2.51736,2.5568064432144495,0.7912595307087035,defined,-0.04985272427507908,sensitivity_only
id:x%3A0x1.6000000000000p%2B3,112,2.42,2.5244,2.4849535567855505,0.7912595307087035,defined,0.04985272427507908,sensitivity_only
id:x%3A0x1.6000000000000p%2B3,113,2.442,2.53144,2.5708864432144494,0.7912595307087035,defined,-0.04985272427507908,sensitivity_only
id:x%3A0x1.6000000000000p%2B3,114,2.464,2.53848,2.4990335567855504,0.7912595307087035,defined,0.04985272427507908,sensitivity_only
id:x%3A0x1.6000000000000p%2B3,115,2.486,2.5455200000000002,2.5849664432144497,0.7912595307087035,defined,-0.04985272427507908,sensitivity_only
id:x%3A0x1.6000000000000p%2B3,116,2.508,2.55256,2.5103479547987853,0.8467349741670217,defined,0.04985272427507908,sensitivity_only
id:x%3A0x1.6000000000000p%2B3,117,2.53,2.5596,2.601812045201215,0.8467349741670217,defined,-0.04985272427507908,sensitivity_only
id:x%3A0x1.6000000000000p%2B3,118,2.552,2.56664,2.524427954798785,0.8467349741670217,defined,0.04985272427507908,sensitivity_only
id:x%3A0x1.6000000000000p%2B3,119,2.574,2.57368,2.615892045201215,0.8467349741670217,defined,-0.04985272427507908,sensitivity_only
id:x%3A0x1.6000000000000p%2B3,120,2.596,2.58072,2.538507954798785,0.8467349741670217,defined,0.04985272427507908,sensitivity_only
id:x%3A0x1.6000000000000p%2B3,121,2.618,2.58776,2.6299720452012147,0.8467349741670217,defined,-0.04985272427507908,sensitivity_only
id:x%3A0x1.6000000000000p%2B3,122,2.64,2.5948,2.5525879547987853,0.8467349741670217,defined,0.04985272427507908,sensitivity_only
id:x%3A0x1.6000000000000p%2B3,123,2.662,2.60184,2.644052045201215,0.8467349741670217,defined,-0.04985272427507908,sensitivity_only
id:x%3A0x1.6000000000000p%2B3,124,2.684,2.60888,2.566667954798785,0.8467349741670217,defined,0.04985272427507908,sensitivity_only
id:x%3A0x1.6000000000000p%2B3,125,2.706,2.61592,2.658132045201215,0.8467349741670217,defined,-0.04985272427507908,sensitivity_only
id:x%3A0x1.6000000000000p%2B3,126,2.728,2.62296,2.580747954798785,0.8467349741670217,defined,0.04985272427507908,sensitivity_only
id:x%3A0x1.6000000000000p%2B3,127,2.75,2.63,2.672212045201215,0.8467349741670217,defined,-0.04985272427507908,sensitivity_only
id:x%3A0x1.6000000000000p%2B3,128,2.772,2.63704,2.594827954798785,0.8467349741670217,defined,0.04985272427507908,sensitivity_only
id:x%3A0x1.6000000000000p%2B3,129,2.794,2.6440799999999998,2.6862920452012147,0.8467349741670217,defined,-0.04985272427507908,sensitivity_only
id:x%3A0x1.6000000000000p%2B3,130,2.816,2.6511199999999997,2.608907954798785,0.8467349741670217,defined,0.04985272427507908,sensitivity_only
id:x%3A0x1.6000000000000p%2B3,131,2.838,2.65816,2.700372045201215,0.8467349741670217,defined,-0.04985272427507908,sensitivity_only
id:x%3A0x1.6000000000000p%2B3,132,2.86,2.6652,2.622987954798785,0.8467349741670217,defined,0.04985272427507908,sensitivity_only
id:x%3A0x1.6000000000000p%2B3,133,2.882,2.67224,2.714452045201215,0.8467349741670217,defined,-0.04985272427507908,sensitivity_only
id:x%3A0x1.6000000000000p%2B3,134,2.904,2.67928,2.637067954798785,0.8467349741670217,defined,0.04985272427507908,sensitivity_only
id:x%3A0x1.6000000000000p%2B3,135,2.926,2.6863200000000003,2.728532045201215,0.8467349741670217,defined,-0.04985272427507908,sensitivity_only
id:x%3A0x1.6000000000000p%2B3,136,2.948,2.69336,2.6511479547987853,0.8467349741670217,defined,0.04985272427507908,sensitivity_only
id:x%3A0x1.6000000000000p%2B3,137,2.97,2.7004,2.742612045201215,0.8467349741670217,defined,-0.04985272427507908,sensitivity_only
id:x%3A0x1.6000000000000p%2B3,138,2.992,2.70744,2.665227954798785,0.8467349741670217,defined,0.04985272427507908,sensitivity_only
id:x%3A0x1.6000000000000p%2B3,139,3.0,2.71,2.752212045201215,0.8467349741670217,defined,-0.04985272427507908,sensitivity_only
id:x%3A0x1.6000000000000p%2B3,140,3.014,2.71448,2.672267954798785,0.8467349741670217,defined,0.04985272427507908,sensitivity_only
id:x%3A0x1.6000000000000p%2B3,141,3.036,2.72152,2.763732045201215,0.8467349741670217,defined,-0.04985272427507908,sensitivity_only
id:x%3A0x1.6000000000000p%2B3,142,3.058,2.72856,2.686347954798785,0.8467349741670217,defined,0.04985272427507908,sensitivity_only
id:x%3A0x1.6000000000000p%2B3,143,3.08,2.7356,2.7778120452012147,0.8467349741670217,defined,-0.04985272427507908,sensitivity_only
id:x%3A0x1.6000000000000p%2B3,144,3.102,2.7426399999999997,2.700427954798785,0.8467349741670217,defined,0.04985272427507908,sensitivity_only
id:x%3A0x1.6000000000000p%2B3,145,3.124,2.74968,2.791892045201215,0.8467349741670217,defined,-0.04985272427507908,sensitivity_only
id:x%3A0x1.6000000000000p%2B3,146,3.146,2.75672,2.714507954798785,0.8467349741670217,defined,0.04985272427507908,sensitivity_only
id:x%3A0x1.6000000000000p%2B3,147,3.168,2.76376,2.805972045201215,0.8467349741670217,defined,-0.04985272427507908,sensitivity_only
id:x%3A0x1.6000000000000p%2B3,148,3.19,2.7708,2.728587954798785,0.8467349741670217,defined,0.04985272427507908,sensitivity_only
id:x%3A0x1.6000000000000p%2B3,149,3.212,2.7778400000000003,2.820052045201215,0.8467349741670217,defined,-0.04985272427507908,sensitivity_only
id:x%3A0x1.6000000000000p%2B3,150,3.234,2.7848800000000002,2.7426679547987853,0.8467349741670217,defined,0.04985272427507908,sensitivity_only
id:x%3A0x1.6000000000000p%2B3,151,3.256,2.79192,2.834132045201215,0.8467349741670217,defined,-0.04985272427507908,sensitivity_only
id:x%3A0x1.6000000000000p%2B3,152,3.278,2.79896,2.756747954798785,0.8467349741670217,defined,0.04985272427507908,sensitivity_only
id:x%3A0x1.6000000000000p%2B3,153,3.3,2.806,2.848212045201215,0.8467349741670217,defined,-0.04985272427507908,sensitivity_only
id:x%3A0x1.6000000000000p%2B3,154,3.322,2.81304,2.770827954798785,0.8467349741670217,defined,0.04985272427507908,sensitivity_only
id:x%3A0x1.6000000000000p%2B3,155,3.344,2.82008,2.862292045201215,0.8467349741670217,defined,-0.04985272427507908,sensitivity_only
id:x%3A0x1.6000000000000p%2B3,156,3.366,2.82712,2.784907954798785,0.8467349741670217,defined,0.04985272427507908,sensitivity_only
id:x%3A0x1.6000000000000p%2B3,157,3.388,2.83416,2.8763720452012147,0.8467349741670217,defined,-0.04985272427507908,sensitivity_only
id:x%3A0x1.6000000000000p%2B3,158,3.41,2.8412,2.7989879547987853,0.8467349741670217,defined,0.04985272427507908,sensitivity_only
id:x%3A0x1.6000000000000p%2B3,159,3.432,2.84824,2.890452045201215,0.8467349741670217,defined,-0.04985272427507908,sensitivity_only
id:x%3A0x1.6000000000000p%2B3,160,3.454,2.85528,2.813067954798785,0.8467349741670217,defined,0.04985272427507908,sensitivity_only
id:x%3A0x1.6000000000000p%2B3,161,3.476,2.86232,2.904532045201215,0.8467349741670217,defined,-0.04985272427507908,sensitivity_only
id:x%3A0x1.6000000000000p%2B3,162,3.498,2.8693600000000004,2.8271479547987854,0.8467349741670217,defined,0.04985272427507908,sensitivity_only
id:x%3A0x1.6000000000000p%2B3,163,3.52,2.8764000000000003,2.918612045201215,0.8467349741670217,defined,-0.04985272427507908,sensitivity_only
id:x%3A0x1.6000000000000p%2B3,164,3.542,2.8834400000000002,2.8412279547987853,0.8467349741670217,defined,0.04985272427507908,sensitivity_only
id:x%3A0x1.6000000000000p%2B3,165,3.564,2.89048,2.932692045201215,0.8467349741670217,defined,-0.04985272427507908,sensitivity_only
id:x%3A0x1.6000000000000p%2B3,166,3.586,2.89752,2.855307954798785,0.8467349741670217,defined,0.04985272427507908,sensitivity_only
id:x%3A0x1.6000000000000p%2B3,167,3.608,2.90456,2.946772045201215,0.8467349741670217,defined,-0.04985272427507908,sensitivity_only
id:x%3A0x1.6000000000000p%2B3,168,3.63,2.9116,2.869387954798785,0.8467349741670217,defined,0.04985272427507908,sensitivity_only
id:x%3A0x1.6000000000000p%2B3,169,3.652,2.91864,2.960852045201215,0.8467349741670217,defined,-0.04985272427507908,sensitivity_only
id:x%3A0x1.6000000000000p%2B3,170,3.674,2.92568,2.883467954798785,0.8467349741670217,defined,0.04985272427507908,sensitivity_only
id:x%3A0x1.6000000000000p%2B3,171,3.696,2.9327199999999998,2.9749320452012147,0.8467349741670217,defined,-0.04985272427507908,sensitivity_only
id:x%3A0x1.6000000000000p%2B3,172,3.718,2.9397599999999997,2.897547954798785,0.8467349741670217,defined,0.04985272427507908,sensitivity_only
id:x%3A0x1.6000000000000p%2B3,173,3.74,2.9468,2.989012045201215,0.8467349741670217,defined,-0.04985272427507908,sensitivity_only
id:x%3A0x1.6000000000000p%2B3,174,3.762,2.95384,2.911627954798785,0.8467349741670217,defined,0.04985272427507908,sensitivity_only
id:x%3A0x1.6000000000000p%2B3,175,3.784,2.96088,3.003092045201215,0.8467349741670217,defined,-0.04985272427507908,sensitivity_only
id:x%3A0x1.6000000000000p%2B3,176,3.806,2.9679200000000003,2.9257079547987854,0.8467349741670217,defined,0.04985272427507908,sensitivity_only
id:x%3A0x1.6000000000000p%2B3,177,3.828,2.9749600000000003,3.017172045201215,0.8467349741670217,defined,-0.04985272427507908,sensitivity_only
id:x%3A0x1.6000000000000p%2B3,178,3.85,2.982,2.9397879547987853,0.8467349741670217,defined,0.04985272427507908,sensitivity_only
id:x%3A0x1.6000000000000p%2B3,179,3.872,2.98904,3.031252045201215,0.8467349741670217,defined,-0.04985272427507908,sensitivity_only
id:x%3A0x1.6000000000000p%2B3,180,3.894,2.99608,2.953867954798785,0.8467349741670217,defined,0.04985272427507908,sensitivity_only
id:x%3A0x1.6000000000000p%2B3,181,3.916,3.00312,3.045332045201215,0.8467349741670217,defined,-0.04985272427507908,sensitivity_only
id:x%3A0x1.6000000000000p%2B3,182,3.938,3.01016,2.967947954798785,0.8467349741670217,defined,0.04985272427507908,sensitivity_only
id:x%3A0x1.6000000000000p%2B3,183,3.96,3.0172,3.059412045201215,0.8467349741670217,defined,-0.04985272427507908,sensitivity_only
id:x%3A0x1.6000000000000p%2B3,184,3.982,3.02424,2.982027954798785,0.8467349741670217,defined,0.04985272427507908,sensitivity_only
id:x%3A0x1.6000000000000p%2B3,185,4.0,3.0300000000000002,3.072212045201215,0.8467349741670217,defined,-0.04985272427507908,sensitivity_only
id:x%3A0x1.6000000000000p%2B3,186,4.004,3.0312799999999998,2.989067954798785,0.8467349741670217,defined,0.04985272427507908,sensitivity_only
id:x%3A0x1.6000000000000p%2B3,187,4.026,3.0383199999999997,3.0805320452012146,0.8467349741670217,defined,-0.04985272427507908,sensitivity_only
id:x%3A0x1.6000000000000p%2B3,188,4.048,3.04536,3.003147954798785,0.8467349741670217,defined,0.04985272427507908,sensitivity_only
id:x%3A0x1.6000000000000p%2B3,189,4.07,3.0524000000000004,3.0946120452012154,0.8467349741670217,defined,-0.04985272427507908,sensitivity_only
id:x%3A0x1.6000000000000p%2B3,190,4.092,3.05944,3.017227954798785,0.8467349741670217,defined,0.04985272427507908,sensitivity_only
id:x%3A0x1.6000000000000p%2B3,191,4.114,3.0664800000000003,3.1086920452012152,0.8467349741670217,defined,-0.04985272427507908,sensitivity_only
id:x%3A0x1.6000000000000p%2B3,192,4.136,3.0735200000000003,3.0313079547987853,0.8467349741670217,defined,0.04985272427507908,sensitivity_only
id:x%3A0x1.6000000000000p%2B3,193,4.158,3.08056,3.122772045201215,0.8467349741670217,defined,-0.04985272427507908,sensitivity_only
id:x%3A0x1.6000000000000p%2B3,194,4.18,3.0876,3.045387954798785,0.8467349741670217,defined,0.04985272427507908,sensitivity_only
id:x%3A0x1.6000000000000p%2B3,195,4.202,3.09464,3.136852045201215,0.8467349741670217,defined,-0.04985272427507908,sensitivity_only
id:x%3A0x1.6000000000000p%2B3,196,4.224,3.10168,3.059467954798785,0.8467349741670217,defined,0.04985272427507908,sensitivity_only
id:x%3A0x1.6000000000000p%2B3,197,4.246,3.10872,3.150932045201215,0.8467349741670217,defined,-0.04985272427507908,sensitivity_only
id:x%3A0x1.6000000000000p%2B3,198,4.268,3.11576,3.073547954798785,0.8467349741670217,defined,0.04985272427507908,sensitivity_only
id:x%3A0x1.6000000000000p%2B3,199,4.29,3.1228,3.1650120452012147,0.8467349741670217,defined,-0.04985272427507908,sensitivity_only
id:x%3A0x1.6000000000000p%2B3,200,4.312,3.12984,3.0876279547987853,0.8467349741670217,defined,0.04985272427507908,sensitivity_only
id:x%3A0x1.6000000000000p%2B3,201,4.334,3.1368799999999997,3.1790920452012146,0.8467349741670217,defined,-0.04985272427507908,sensitivity_only
id:x%3A0x1.6000000000000p%2B3,202,4.356,3.14392,3.101707954798785,0.8467349741670217,defined,0.04985272427507908,sensitivity_only
id:x%3A0x1.6000000000000p%2B3,203,4.378,3.15096,3.193172045201215,0.8467349741670217,defined,-0.04985272427507908,sensitivity_only
id:x%3A0x1.6000000000000p%2B3,204,4.4,3.1580000000000004,3.1157879547987855,0.8467349741670217,defined,0.04985272427507908,sensitivity_only
id:x%3A0x1.6000000000000p%2B3,205,4.422,3.16504,3.2072520452012148,0.8467349741670217,defined,-0.04985272427507908,sensitivity_only
id:x%3A0x1.6000000000000p%2B3,206,4.444,3.1720800000000002,3.1298679547987853,0.8467349741670217,defined,0.04985272427507908,sensitivity_only
id:x%3A0x1.6000000000000p%2B3,207,4.466,3.17912,3.221332045201215,0.8467349741670217,defined,-0.04985272427507908,sensitivity_only
id:x%3A0x1.6000000000000p%2B3,208,4.488,3.18616,3.143947954798785,0.8467349741670217,defined,0.04985272427507908,sensitivity_only
id:x%3A0x1.6000000000000p%2B3,209,4.51,3.1932,3.2326464432144495,0.7912595307087035,defined,-0.04985272427507908,sensitivity_only
id:x%3A0x1.6000000000000p%2B3,210,4.532,3.20024,3.1607935567855505,0.7912595307087035,defined,0.04985272427507908,sensitivity_only
id:x%3A0x1.6000000000000p%2B3,211,4.554,3.20728,3.2467264432144494,0.7912595307087035,defined,-0.04985272427507908,sensitivity_only
id:x%3A0x1.6000000000000p%2B3,212,4.576,3.21432,3.1748735567855504,0.7912595307087035,defined,0.04985272427507908,sensitivity_only
id:x%3A0x1.6000000000000p%2B3,213,4.598,3.22136,3.2608064432144492,0.7912595307087035,defined,-0.04985272427507908,sensitivity_only
id:x%3A0x1.6000000000000p%2B3,214,4.62,3.2284,3.1889535567855507,0.7912595307087035,defined,0.04985272427507908,sensitivity_only
id:x%3A0x1.6000000000000p%2B3,215,4.642,3.23544,3.2748864432144495,0.7912595307087035,defined,-0.04985272427507908,sensitivity_only
id:x%3A0x1.6000000000000p%2B3,216,4.664,3.24248,3.2030335567855506,0.7912595307087035,defined,0.04985272427507908,sensitivity_only
id:x%3A0x1.6000000000000p%2B3,217,4.686,3.24952,3.2889664432144494,0.7912595307087035,defined,-0.04985272427507908,sensitivity_only
id:x%3A0x1.6000000000000p%2B3,218,4.708,3.2565600000000003,3.217113556785551,0.7912595307087035,defined,0.04985272427507908,sensitivity_only
id:x%3A0x1.6000000000000p%2B3,219,4.73,3.2636000000000003,3.3030464432144497,0.7912595307087035,defined,-0.04985272427507908,sensitivity_only
id:x%3A0x1.6000000000000p%2B3,220,4.752,3.27064,3.2311935567855508,0.7912595307087035,defined,0.04985272427507908,sensitivity_only
id:x%3A0x1.6000000000000p%2B3,221,4.774,3.27768,3.3171264432144496,0.7912595307087035,defined,-0.04985272427507908,sensitivity_only
id:x%3A0x1.6000000000000p%2B3,222,4.796,3.28472,3.2452735567855506,0.7912595307087035,defined,0.04985272427507908,sensitivity_only
id:x%3A0x1.6000000000000p%2B3,223,4.818,3.29176,3.3312064432144495,0.7912595307087035,defined,-0.04985272427507908,sensitivity_only
id:x%3A0x1.6000000000000p%2B3,224,4.84,3.2988,3.2593535567855505,0.7912595307087035,defined,0.04985272427507908,sensitivity_only
id:x%3A0x1.6000000000000p%2B3,225,4.862,3.30584,3.3452864432144493,0.7912595307087035,defined,-0.04985272427507908,sensitivity_only
id:x%3A0x1.6000000000000p%2B3,226,4.884,3.31288,3.2734335567855504,0.7912595307087035,defined,0.04985272427507908,sensitivity_only
id:x%3A0x1.6000000000000p%2B3,227,4.906,3.3199199999999998,3.359366443214449,0.7912595307087035,defined,-0.04985272427507908,sensitivity_only
id:x%3A0x1.6000000000000p%2B3,228,4.928,3.3269599999999997,3.2875135567855502,0.7912595307087035,defined,0.04985272427507908,sensitivity_only
id:x%3A0x1.6000000000000p%2B3,229,4.95,3.334,3.3734464432144495,0.7912595307087035,defined,-0.04985272427507908,sensitivity_only
id:x%3A0x1.6000000000000p%2B3,230,4.972,3.3410400000000005,3.301593556785551,0.7912595307087035,defined,0.04985272427507908,sensitivity_only
id:x%3A0x1.6000000000000p%2B3,231,4.994,3.34808,3.3875264432144494,0.7912595307087035,defined,-0.04985272427507908,sensitivity_only
id:x%3A0x1.6000000000000p%2B3,232,5.0,3.35,3.3105535567855506,0.7912595307087035,defined,0.04985272427507908,sensitivity_only
id:x%3A0x1.6000000000000p%2B3,233,5.016,3.3551200000000003,3.39456644321445,0.7912595307087035,defined,-0.04985272427507908,sensitivity_only
id:x%3A0x1.6000000000000p%2B3,234,5.038,3.3621600000000003,3.322713556785551,0.7912595307087035,defined,0.04985272427507908,sensitivity_only
id:x%3A0x1.6000000000000p%2B3,235,5.06,3.3692,3.4086464432144497,0.7912595307087035,defined,-0.04985272427507908,sensitivity_only
id:x%3A0x1.6000000000000p%2B3,236,5.082,3.37624,3.3367935567855507,0.7912595307087035,defined,0.04985272427507908,sensitivity_only
id:x%3A0x1.6000000000000p%2B3,237,5.104,3.38328,3.4227264432144495,0.7912595307087035,defined,-0.04985272427507908,sensitivity_only
id:x%3A0x1.6000000000000p%2B3,238,5.126,3.39032,3.3508735567855505,0.7912595307087035,defined,0.04985272427507908,sensitivity_only
id:x%3A0x1.6000000000000p%2B3,239,5.148,3.39736,3.4368064432144494,0.7912595307087035,defined,-0.04985272427507908,sensitivity_only
id:x%3A0x1.6000000000000p%2B3,240,5.17,3.4044,3.3649535567855504,0.7912595307087035,defined,0.04985272427507908,sensitivity_only
id:x%3A0x1.6000000000000p%2B3,241,5.192,3.41144,3.4508864432144493,0.7912595307087035,defined,-0.04985272427507908,sensitivity_only
id:x%3A0x1.6000000000000p%2B3,242,5.214,3.41848,3.3790335567855507,0.7912595307087035,defined,0.04985272427507908,sensitivity_only
id:x%3A0x1.6000000000000p%2B3,243,5.236,3.4255199999999997,3.464966443214449,0.7912595307087035,defined,-0.04985272427507908,sensitivity_only
id:x%3A0x1.6000000000000p%2B3,244,5.258,3.43256,3.3931135567855506,0.7912595307087035,defined,0.04985272427507908,sensitivity_only
id:x%3A0x1.6000000000000p%2B3,245,5.28,3.4396000000000004,3.47904644321445,0.7912595307087035,defined,-0.04985272427507908,sensitivity_only
id:x%3A0x1.6000000000000p%2B3,246,5.302,3.44664,3.4071935567855505,0.7912595307087035,defined,0.04985272427507908,sensitivity_only
id:x%3A0x1.6000000000000p%2B3,247,5.324,3.4536800000000003,3.4931264432144498,0.7912595307087035,defined,-0.04985272427507908,sensitivity_only
id:x%3A0x1.6000000000000p%2B3,248,5.346,3.4607200000000002,3.421273556785551,0.7912595307087035,defined,0.04985272427507908,sensitivity_only
id:x%3A0x1.6000000000000p%2B3,249,5.368,3.46776,3.5072064432144496,0.7912595307087035,defined,-0.04985272427507908,sensitivity_only
id:x%3A0x1.6000000000000p%2B3,250,5.39,3.4748,3.4353535567855507,0.7912595307087035,defined,0.04985272427507908,sensitivity_only
id:x%3A0x1.6000000000000p%2B3,251,5.412,3.48184,3.5212864432144495,0.7912595307087035,defined,-0.04985272427507908,sensitivity_only
id:x%3A0x1.6000000000000p%2B3,252,5.434,3.48888,3.4494335567855505,0.7912595307087035,defined,0.04985272427507908,sensitivity_only
id:x%3A0x1.6000000000000p%2B3,253,5.456,3.49592,3.5353664432144494,0.7912595307087035,defined,-0.04985272427507908,sensitivity_only
id:x%3A0x1.6000000000000p%2B3,254,5.478,3.50296,3.4635135567855504,0.7912595307087035,defined,0.04985272427507908,sensitivity_only
id:x%3A0x1.6000000000000p%2B3,255,5.5,3.51,3.5494464432144492,0.7912595307087035,defined,-0.04985272427507908,sensitivity_only
id:x%3A0x1.6000000000000p%2B3,256,5.522,3.53156,3.493175990714147,0.7699480789466207,defined,0.04985272427507908,sensitivity_only
id:x%3A0x1.6000000000000p%2B3,257,5.544,3.5531199999999994,3.591504009285852,0.7699480789466207,defined,-0.04985272427507908,sensitivity_only
id:x%3A0x1.6000000000000p%2B3,258,5.566,3.5746799999999994,3.5362959907141467,0.7699480789466207,defined,0.04985272427507908,sensitivity_only
id:x%3A0x1.6000000000000p%2B3,259,5.588,3.59624,3.6346240092858526,0.7699480789466207,defined,-0.04985272427507908,sensitivity_only
id:x%3A0x1.6000000000000p%2B3,260,5.61,3.6178,3.579415990714147,0.7699480789466207,defined,0.04985272427507908,sensitivity_only
id:x%3A0x1.6000000000000p%2B3,261,5.632,3.6393599999999995,3.677744009285852,0.7699480789466207,defined,-0.04985272427507908,sensitivity_only
id:x%3A0x1.6000000000000p%2B3,262,5.654,3.6609199999999995,3.622535990714147,0.7699480789466207,defined,0.04985272427507908,sensitivity_only
id:x%3A0x1.6000000000000p%2B3,263,5.676,3.68248,3.7208640092858527,0.7699480789466207,defined,-0.04985272427507908,sensitivity_only
id:x%3A0x1.6000000000000p%2B3,264,5.698,3.70404,3.6656559907141473,0.7699480789466207,defined,0.04985272427507908,sensitivity_only
id:x%3A0x1.6000000000000p%2B3,265,5.72,3.7255999999999996,3.7639840092858523,0.7699480789466207,defined,-0.04985272427507908,sensitivity_only
id:x%3A0x1.6000000000000p%2B3,266,5.742,3.7471599999999996,3.708775990714147,0.7699480789466207,defined,0.04985272427507908,sensitivity_only
id:x%3A0x1.6000000000000p%2B3,267,5.764,3.76872,3.807104009285853,0.7699480789466207,defined,-0.04985272427507908,sensitivity_only
id:x%3A0x1.6000000000000p%2B3,268,5.786,3.790279999999999,3.7518959907141465,0.7699480789466207,defined,0.04985272427507908,sensitivity_only
id:x%3A0x1.6000000000000p%2B3,269,5.808,3.8118399999999997,3.8502240092858524,0.7699480789466207,defined,-0.04985272427507908,sensitivity_only
id:x%3A0x1.6000000000000p%2B3,270,5.83,3.8333999999999997,3.795015990714147,0.7699480789466207,defined,0.04985272427507908,sensitivity_only
id:x%3A0x1.6000000000000p%2B3,271,5.852,3.85496,3.893344009285853,0.7699480789466207,defined,-0.04985272427507908,sensitivity_only
id:x%3A0x1.6000000000000p%2B3,272,5.874,3.8765199999999993,3.8381359907141466,0.7699480789466207,defined,0.04985272427507908,sensitivity_only
id:x%3A0x1.6000000000000p%2B3,273,5.896,3.8980799999999998,3.9364640092858525,0.7699480789466207,defined,-0.04985272427507908,sensitivity_only
id:x%3A0x1.6000000000000p%2B3,274,5.918,3.91964,3.881255990714147,0.7699480789466207,defined,0.04985272427507908,sensitivity_only
id:x%3A0x1.6000000000000p%2B3,275,5.94,3.9412000000000003,3.979584009285853,0.7699480789466207,defined,-0.04985272427507908,sensitivity_only
id:x%3A0x1.6000000000000p%2B3,276,5.962,3.9627599999999994,3.9243759907141467,0.7699480789466207,defined,0.04985272427507908,sensitivity_only
id:x%3A0x1.6000000000000p%2B3,277,5.984,3.98432,4.022704009285852,0.7699480789466207,defined,-0.04985272427507908,sensitivity_only
id:x%3A0x1.6000000000000p%2B3,278,6.0,4.0,3.9616159907141473,0.7699480789466207,defined,0.04985272427507908,sensitivity_only
id:x%3A0x1.6000000000000p%2B3,279,6.006,4.00588,4.044264009285853,0.7699480789466207,defined,-0.04985272427507908,sensitivity_only
id:x%3A0x1.6000000000000p%2B3,280,6.028,4.0274399999999995,3.9890559907141467,0.7699480789466207,defined,0.04985272427507908,sensitivity_only
id:x%3A0x1.6000000000000p%2B3,281,6.05,4.0489999999999995,4.087384009285852,0.7699480789466207,defined,-0.04985272427507908,sensitivity_only
id:x%3A0x1.6000000000000p%2B3,282,6.072,4.0705599999999995,4.032175990714147,0.7699480789466207,defined,0.04985272427507908,sensitivity_only
id:x%3A0x1.6000000000000p%2B3,283,6.094,4.09212,4.130504009285853,0.7699480789466207,defined,-0.04985272427507908,sensitivity_only
id:x%3A0x1.6000000000000p%2B3,284,6.116,4.11368,4.075295990714147,0.7699480789466207,defined,0.04985272427507908,sensitivity_only
id:x%3A0x1.6000000000000p%2B3,285,6.138,4.13524,4.173624009285852,0.7699480789466207,defined,-0.04985272427507908,sensitivity_only
id:x%3A0x1.6000000000000p%2B3,286,6.16,4.1568,4.118415990714147,0.7699480789466207,defined,0.04985272427507908,sensitivity_only
id:x%3A0x1.6000000000000p%2B3,287,6.182,4.1783600000000005,4.216744009285853,0.7699480789466207,defined,-0.04985272427507908,sensitivity_only
id:x%3A0x1.6000000000000p%2B3,288,6.204,4.19992,4.161535990714147,0.7699480789466207,defined,0.04985272427507908,sensitivity_only
id:x%3A0x1.6000000000000p%2B3,289,6.226,4.22148,4.259864009285852,0.7699480789466207,defined,-0.04985272427507908,sensitivity_only
id:x%3A0x1.6000000000000p%2B3,290,6.248,4.24304,4.204655990714147,0.7699480789466207,defined,0.04985272427507908,sensitivity_only
id:x%3A0x1.6000000000000p%2B3,291,6.27,4.2646,4.3029840092858525,0.7699480789466207,defined,-0.04985272427507908,sensitivity_only
id:x%3A0x1.6000000000000p%2B3,292,6.292,4.28616,4.247775990714147,0.7699480789466207,defined,0.04985272427507908,sensitivity_only
id:x%3A0x1.6000000000000p%2B3,293,6.314,4.30772,4.3461040092858525,0.7699480789466207,defined,-0.04985272427507908,sensitivity_only
id:x%3A0x1.6000000000000p%2B3,294,6.336,4.32928,4.290895990714147,0.7699480789466207,defined,0.04985272427507908,sensitivity_only
id:x%3A0x1.6000000000000p%2B3,295,6.358,4.35084,4.3892240092858525,0.7699480789466207,defined,-0.04985272427507908,sensitivity_only
id:x%3A0x1.6000000000000p%2B3,296,6.38,4.3724,4.334015990714147,0.7699480789466207,defined,0.04985272427507908,sensitivity_only
id:x%3A0x1.6000000000000p%2B3,297,6.402,4.39396,4.432344009285853,0.7699480789466207,defined,-0.04985272427507908,sensitivity_only
id:x%3A0x1.6000000000000p%2B3,298,6.424,4.41552,4.377135990714147,0.7699480789466207,defined,0.04985272427507908,sensitivity_only
id:x%3A0x1.6000000000000p%2B3,299,6.446,4.43708,4.475464009285853,0.7699480789466207,defined,-0.04985272427507908,sensitivity_only
id:x%3A0x1.6000000000000p%2B3,300,6.468,4.45864,4.420255990714147,0.7699480789466207,defined,0.04985272427507908,sensitivity_only
id:x%3A0x1.6000000000000p%2B3,301,6.49,4.4802,4.518584009285853,0.7699480789466207,defined,-0.04985272427507908,sensitivity_only
id:x%3A0x1.6000000000000p%2B3,302,6.512,4.501759999999999,4.458864379680995,0.8604468650963308,defined,0.04985272427507908,sensitivity_only
id:x%3A0x1.6000000000000p%2B3,303,6.534,4.52332,4.566215620319004,0.8604468650963308,defined,-0.04985272427507908,sensitivity_only
id:x%3A0x1.6000000000000p%2B3,304,6.556,4.54488,4.501984379680996,0.8604468650963308,defined,0.04985272427507908,sensitivity_only
id:x%3A0x1.6000000000000p%2B3,305,6.578,4.56644,4.609335620319004,0.8604468650963308,defined,-0.04985272427507908,sensitivity_only
id:x%3A0x1.6000000000000p%2B3,306,6.6,4.587999999999999,4.545104379680995,0.8604468650963308,defined,0.04985272427507908,sensitivity_only
id:x%3A0x1.6000000000000p%2B3,307,6.622,4.60956,4.652455620319004,0.8604468650963308,defined,-0.04985272427507908,sensitivity_only
id:x%3A0x1.6000000000000p%2B3,308,6.644,4.63112,4.588224379680996,0.8604468650963308,defined,0.04985272427507908,sensitivity_only
id:x%3A0x1.6000000000000p%2B3,309,6.666,4.65268,4.695575620319004,0.8604468650963308,defined,-0.04985272427507908,sensitivity_only
id:x%3A0x1.6000000000000p%2B3,310,6.688,4.674239999999999,4.631344379680995,0.8604468650963308,defined,0.04985272427507908,sensitivity_only
id:x%3A0x1.6000000000000p%2B3,311,6.71,4.6958,4.738695620319004,0.8604468650963308,defined,-0.04985272427507908,sensitivity_only
id:x%3A0x1.6000000000000p%2B3,312,6.732,4.71736,4.674464379680996,0.8604468650963308,defined,0.04985272427507908,sensitivity_only
id:x%3A0x1.6000000000000p%2B3,313,6.754,4.738919999999999,4.781815620319003,0.8604468650963308,defined,-0.04985272427507908,sensitivity_only
id:x%3A0x1.6000000000000p%2B3,314,6.776,4.760479999999999,4.7175843796809955,0.8604468650963308,defined,0.04985272427507908,sensitivity_only
id:x%3A0x1.6000000000000p%2B3,315,6.798,4.78204,4.824935620319004,0.8604468650963308,defined,-0.04985272427507908,sensitivity_only
id:x%3A0x1.6000000000000p%2B3,316,6.82,4.8036,4.7607043796809965,0.8604468650963308,defined,0.04985272427507908,sensitivity_only
id:x%3A0x1.6000000000000p%2B3,317,6.842,4.8251599999999994,4.868055620319003,0.8604468650963308,defined,-0.04985272427507908,sensitivity_only
id:x%3A0x1.6000000000000p%2B3,318,6.864,4.8467199999999995,4.803824379680996,0.8604468650963308,defined,0.04985272427507908,sensitivity_only
id:x%3A0x1.6000000000000p%2B3,319,6.886,4.86828,4.911175620319004,0.8604468650963308,defined,-0.04985272427507908,sensitivity_only
id:x%3A0x1.6000000000000p%2B3,320,6.908,4.88984,4.846944379680997,0.8604468650963308,defined,0.04985272427507908,sensitivity_only
id:x%3A0x1.6000000000000p%2B3,321,6.93,4.9113999999999995,4.954295620319003,0.8604468650963308,defined,-0.04985272427507908,sensitivity_only
id:x%3A0x1.6000000000000p%2B3,322,6.952,4.93296,4.890064379680996,0.8604468650963308,defined,0.04985272427507908,sensitivity_only
id:x%3A0x1.6000000000000p%2B3,323,6.974,4.9545200000000005,4.997415620319004,0.8604468650963308,defined,-0.04985272427507908,sensitivity_only
id:x%3A0x1.6000000000000p%2B3,324,6.996,4.9760800000000005,4.933184379680997,0.8604468650963308,defined,0.04985272427507908,sensitivity_only
id:x%3A0x1.6000000000000p%2B3,325,7.0,4.9799999999999995,5.022895620319003,0.8604468650963308,defined,-0.04985272427507908,sensitivity_only
id:x%3A0x1.6000000000000p%2B3,326,7.018,4.99764,4.954744379680996,0.8604468650963308,defined,0.04985272427507908,sensitivity_only
id:x%3A0x1.6000000000000p%2B3,327,7.04,5.0192,5.0620956203190035,0.8604468650963308,defined,-0.04985272427507908,sensitivity_only
id:x%3A0x1.6000000000000p%2B3,328,7.062,5.040760000000001,4.997864379680997,0.8604468650963308,defined,0.04985272427507908,sensitivity_only
id:x%3A0x1.6000000000000p%2B3,329,7.084,5.06232,5.1052156203190036,0.8604468650963308,defined,-0.04985272427507908,sensitivity_only
id:x%3A0x1.6000000000000p%2B3,330,7.106,5.08388,5.040984379680996,0.8604468650963308,defined,0.04985272427507908,sensitivity_only
id:x%3A0x1.6000000000000p%2B3,331,7.128,5.10544,5.148335620319004,0.8604468650963308,defined,-0.04985272427507908,sensitivity_only
id:x%3A0x1.6000000000000p%2B3,332,7.15,5.127,5.084104379680996,0.8604468650963308,defined,0.04985272427507908,sensitivity_only
id:x%3A0x1.6000000000000p%2B3,333,7.172,5.14856,5.191455620319004,0.8604468650963308,defined,-0.04985272427507908,sensitivity_only
id:x%3A0x1.6000000000000p%2B3,334,7.194,5.17012,5.127224379680996,0.8604468650963308,defined,0.04985272427507908,sensitivity_only
id:x%3A0x1.6000000000000p%2B3,335,7.216,5.19168,5.234575620319004,0.8604468650963308,defined,-0.04985272427507908,sensitivity_only
id:x%3A0x1.6000000000000p%2B3,336,7.238,5.21324,5.170344379680996,0.8604468650963308,defined,0.04985272427507908,sensitivity_only
id:x%3A0x1.6000000000000p%2B3,337,7.26,5.2348,5.277695620319004,0.8604468650963308,defined,-0.04985272427507908,sensitivity_only
id:x%3A0x1.6000000000000p%2B3,338,7.282,5.25636,5.213464379680996,0.8604468650963308,defined,0.04985272427507908,sensitivity_only
id:x%3A0x1.6000000000000p%2B3,339,7.304,5.27792,5.320815620319004,0.8604468650963308,defined,-0.04985272427507908,sensitivity_only
id:x%3A0x1.6000000000000p%2B3,340,7.326,5.299479999999999,5.256584379680995,0.8604468650963308,defined,0.04985272427507908,sensitivity_only
id:x%3A0x1.6000000000000p%2B3,341,7.348,5.32104,5.363935620319004,0.8604468650963308,defined,-0.04985272427507908,sensitivity_only
id:x%3A0x1.6000000000000p%2B3,342,7.37,5.3426,5.299704379680996,0.8604468650963308,defined,0.04985272427507908,sensitivity_only
id:x%3A0x1.6000000000000p%2B3,343,7.392,5.36416,5.407055620319004,0.8604468650963308,defined,-0.04985272427507908,sensitivity_only
id:x%3A0x1.6000000000000p%2B3,344,7.414,5.385719999999999,5.342824379680995,0.8604468650963308,defined,0.04985272427507908,sensitivity_only
id:x%3A0x1.6000000000000p%2B3,345,7.436,5.40728,5.450175620319004,0.8604468650963308,defined,-0.04985272427507908,sensitivity_only
id:x%3A0x1.6000000000000p%2B3,346,7.458,5.42884,5.385944379680996,0.8604468650963308,defined,0.04985272427507908,sensitivity_only
id:x%3A0x1.6000000000000p%2B3,347,7.48,5.4504,5.493295620319004,0.8604468650963308,defined,-0.04985272427507908,sensitivity_only
id:x%3A0x1.6000000000000p%2B3,348,7.502,5.471959999999999,5.4174709687839675,1.0930000718791255,defined,0.04985272427507908,sensitivity_only
id:x%3A0x1.6000000000000p%2B3,349,7.524,5.49352,5.548009031216032,1.0930000718791255,defined,-0.04985272427507908,sensitivity_only
id:x%3A0x1.6000000000000p%2B3,350,7.546,5.51508,5.460590968783968,1.0930000718791255,defined,0.04985272427507908,sensitivity_only
id:x%3A0x1.6000000000000p%2B3,351,7.568,5.536639999999999,5.591129031216031,1.0930000718791255,defined,-0.04985272427507908,sensitivity_only
id:x%3A0x1.6000000000000p%2B3,352,7.59,5.558199999999999,5.503710968783968,1.0930000718791255,defined,0.04985272427507908,sensitivity_only
id:x%3A0x1.6000000000000p%2B3,353,7.612,5.57976,5.634249031216032,1.0930000718791255,defined,-0.04985272427507908,sensitivity_only
id:x%3A0x1.6000000000000p%2B3,354,7.634,5.60132,5.5468309687839685,1.0930000718791255,defined,0.04985272427507908,sensitivity_only
id:x%3A0x1.6000000000000p%2B3,355,7.656,5.622879999999999,5.677369031216031,1.0930000718791255,defined,-0.04985272427507908,sensitivity_only
id:x%3A0x1.6000000000000p%2B3,356,7.678,5.6444399999999995,5.589950968783968,1.0930000718791255,defined,0.04985272427507908,sensitivity_only
id:x%3A0x1.6000000000000p%2B3,357,7.7,5.666,5.720489031216032,1.0930000718791255,defined,-0.04985272427507908,sensitivity_only
id:x%3A0x1.6000000000000p%2B3,358,7.722,5.6875599999999995,5.633070968783968,1.0930000718791255,defined,0.04985272427507908,sensitivity_only
id:x%3A0x1.6000000000000p%2B3,359,7.744,5.7091199999999995,5.763609031216031,1.0930000718791255,defined,-0.04985272427507908,sensitivity_only
id:x%3A0x1.6000000000000p%2B3,360,7.766,5.7306799999999996,5.676190968783968,1.0930000718791255,defined,0.04985272427507908,sensitivity_only
id:x%3A0x1.6000000000000p%2B3,361,7.788,5.7522400000000005,5.806729031216032,1.0930000718791255,defined,-0.04985272427507908,sensitivity_only
id:x%3A0x1.6000000000000p%2B3,362,7.81,5.7738,5.719310968783968,1.0930000718791255,defined,0.04985272427507908,sensitivity_only
id:x%3A0x1.6000000000000p%2B3,363,7.832,5.79536,5.849849031216031,1.0930000718791255,defined,-0.04985272427507908,sensitivity_only
id:x%3A0x1.6000000000000p%2B3,364,7.854,5.81692,5.762430968783968,1.0930000718791255,defined,0.04985272427507908,sensitivity_only
id:x%3A0x1.6000000000000p%2B3,365,7.876,5.838480000000001,5.892969031216032,1.0930000718791255,defined,-0.04985272427507908,sensitivity_only
id:x%3A0x1.6000000000000p%2B3,366,7.898,5.86004,5.805550968783968,1.0930000718791255,defined,0.04985272427507908,sensitivity_only
id:x%3A0x1.6000000000000p%2B3,367,7.92,5.8816,5.9360890312160315,1.0930000718791255,defined,-0.04985272427507908,sensitivity_only
id:x%3A0x1.6000000000000p%2B3,368,7.942,5.90316,5.848670968783968,1.0930000718791255,defined,0.04985272427507908,sensitivity_only
id:x%3A0x1.6000000000000p%2B3,369,7.964,5.924720000000001,5.979209031216032,1.0930000718791255,defined,-0.04985272427507908,sensitivity_only
id:x%3A0x1.6000000000000p%2B3,370,7.986,5.94628,5.891790968783968,1.0930000718791255,defined,0.04985272427507908,sensitivity_only
id:x%3A0x1.6000000000000p%2B3,371,8.0,5.96,6.014489031216032,1.0930000718791255,defined,-0.04985272427507908,sensitivity_only
id:x%3A0x1.6000000000000p%2B3,372,8.008,5.967839999999999,5.913350968783967,1.0930000718791255,defined,0.04985272427507908,sensitivity_only
id:x%3A0x1.6000000000000p%2B3,373,8.03,5.989399999999999,6.043889031216031,1.0930000718791255,defined,-0.04985272427507908,sensitivity_only
id:x%3A0x1.6000000000000p%2B3,374,8.052,6.010959999999999,5.956470968783967,1.0930000718791255,defined,0.04985272427507908,sensitivity_only
id:x%3A0x1.6000000000000p%2B3,375,8.074,6.03252,6.087009031216032,1.0930000718791255,defined,-0.04985272427507908,sensitivity_only
id:x%3A0x1.6000000000000p%2B3,376,8.096,6.05408,5.999590968783968,1.0930000718791255,defined,0.04985272427507908,sensitivity_only
id:x%3A0x1.6000000000000p%2B3,377,8.118,6.07564,6.130129031216032,1.0930000718791255,defined,-0.04985272427507908,sensitivity_only
id:x%3A0x1.6000000000000p%2B3,378,8.14,6.097200000000001,6.042710968783969,1.0930000718791255,defined,0.04985272427507908,sensitivity_only
id:x%3A0x1.6000000000000p%2B3,379,8.162,6.11876,6.173249031216032,1.0930000718791255,defined,-0.04985272427507908,sensitivity_only
id:x%3A0x1.6000000000000p%2B3,380,8.184,6.140319999999999,6.085830968783967,1.0930000718791255,defined,0.04985272427507908,sensitivity_only
id:x%3A0x1.6000000000000p%2B3,381,8.206,6.161879999999999,6.216369031216031,1.0930000718791255,defined,-0.04985272427507908,sensitivity_only
id:x%3A0x1.6000000000000p%2B3,382,8.228,6.183439999999999,6.128950968783967,1.0930000718791255,defined,0.04985272427507908,sensitivity_only
id:x%3A0x1.6000000000000p%2B3,383,8.25,6.205,6.259489031216032,1.0930000718791255,defined,-0.04985272427507908,sensitivity_only
id:x%3A0x1.6000000000000p%2B3,384,8.272,6.22656,6.172070968783968,1.0930000718791255,defined,0.04985272427507908,sensitivity_only
id:x%3A0x1.6000000000000p%2B3,385,8.294,6.24812,6.302609031216032,1.0930000718791255,defined,-0.04985272427507908,sensitivity_only
id:x%3A0x1.6000000000000p%2B3,386,8.316,6.269680000000001,6.215190968783969,1.0930000718791255,defined,0.04985272427507908,sensitivity_only
id:x%3A0x1.6000000000000p%2B3,387,8.338,6.291239999999998,6.34572903121603,1.0930000718791255,defined,-0.04985272427507908,sensitivity_only
id:x%3A0x1.6000000000000p%2B3,388,8.36,6.312799999999999,6.2583109687839675,1.0930000718791255,defined,0.04985272427507908,sensitivity_only
id:x%3A0x1.6000000000000p%2B3,389,8.382,6.334359999999999,6.388849031216031,1.0930000718791255,defined,-0.04985272427507908,sensitivity_only
id:x%3A0x1.6000000000000p%2B3,390,8.404,6.355919999999999,6.301430968783968,1.0930000718791255,defined,0.04985272427507908,sensitivity_only
id:x%3A0x1.6000000000000p%2B3,391,8.426,6.37748,6.431969031216032,1.0930000718791255,defined,-0.04985272427507908,sensitivity_only
id:x%3A0x1.6000000000000p%2B3,392,8.448,6.39904,6.3445509687839685,1.0930000718791255,defined,0.04985272427507908,sensitivity_only
id:x%3A0x1.6000000000000p%2B3,393,8.47,6.4206,6.475089031216032,1.0930000718791255,defined,-0.04985272427507908,sensitivity_only
id:x%3A0x1.6000000000000p%2B3,394,8.492,6.442160000000001,6.3876709687839694,1.0930000718791255,defined,0.04985272427507908,sensitivity_only
id:x%3A0x1.6000000000000p%2B3,395,8.514,6.463719999999999,6.506615620319002,0.8604468650963308,defined,-0.04985272427507908,sensitivity_only
id:x%3A0x1.6000000000000p%2B3,396,8.536,6.4852799999999995,6.442384379680996,0.8604468650963308,defined,0.04985272427507908,sensitivity_only
id:x%3A0x1.6000000000000p%2B3,397,8.558,6.5068399999999995,6.549735620319003,0.8604468650963308,defined,-0.04985272427507908,sensitivity_only
id:x%3A0x1.6000000000000p%2B3,398,8.58,6.5283999999999995,6.485504379680996,0.8604468650963308,defined,0.04985272427507908,sensitivity_only
id:x%3A0x1.6000000000000p%2B3,399,8.602,6.5499600000000004,6.592855620319004,0.8604468650963308,defined,-0.04985272427507908,sensitivity_only
id:x%3A0x1.6000000000000p%2B3,400,8.624,6.5715200000000005,6.528624379680997,0.8604468650963308,defined,0.04985272427507908,sensitivity_only
id:x%3A0x1.6000000000000p%2B3,401,8.646,6.5930800000000005,6.635975620319004,0.8604468650963308,defined,-0.04985272427507908,sensitivity_only
id:x%3A0x1.6000000000000p%2B3,402,8.668,6.61464,6.571744379680996,0.8604468650963308,defined,0.04985272427507908,sensitivity_only
id:x%3A0x1.6000000000000p%2B3,403,8.69,6.636199999999999,6.679095620319003,0.8604468650963308,defined,-0.04985272427507908,sensitivity_only
id:x%3A0x1.6000000000000p%2B3,404,8.712,6.65776,6.614864379680996,0.8604468650963308,defined,0.04985272427507908,sensitivity_only
id:x%3A0x1.6000000000000p%2B3,405,8.734,6.67932,6.7222156203190035,0.8604468650963308,defined,-0.04985272427507908,sensitivity_only
id:x%3A0x1.6000000000000p%2B3,406,8.756,6.70088,6.657984379680996,0.8604468650963308,defined,0.04985272427507908,sensitivity_only
id:x%3A0x1.6000000000000p%2B3,407,8.778,6.722440000000001,6.7653356203190045,0.8604468650963308,defined,-0.04985272427507908,sensitivity_only
id:x%3A0x1.6000000000000p%2B3,408,8.8,6.744,6.701104379680996,0.8604468650963308,defined,0.04985272427507908,sensitivity_only
id:x%3A0x1.6000000000000p%2B3,409,8.822,6.765559999999999,6.808455620319003,0.8604468650963308,defined,-0.04985272427507908,sensitivity_only
id:x%3A0x1.6000000000000p%2B3,410,8.844,6.78712,6.744224379680996,0.8604468650963308,defined,0.04985272427507908,sensitivity_only
id:x%3A0x1.6000000000000p%2B3,411,8.866,6.808679999999999,6.851575620319003,0.8604468650963308,defined,-0.04985272427507908,sensitivity_only
id:x%3A0x1.6000000000000p%2B3,412,8.888,6.83024,6.787344379680996,0.8604468650963308,defined,0.04985272427507908,sensitivity_only
id:x%3A0x1.6000000000000p%2B3,413,8.91,6.8518,6.894695620319004,0.8604468650963308,defined,-0.04985272427507908,sensitivity_only
id:x%3A0x1.6000000000000p%2B3,414,8.932,6.87336,6.830464379680996,0.8604468650963308,defined,0.04985272427507908,sensitivity_only
id:x%3A0x1.6000000000000p%2B3,415,8.954,6.894920000000001,6.937815620319005,0.8604468650963308,defined,-0.04985272427507908,sensitivity_only
id:x%3A0x1.6000000000000p%2B3,416,8.976,6.91648,6.873584379680996,0.8604468650963308,defined,0.04985272427507908,sensitivity_only
id:x%3A0x1.6000000000000p%2B3,417,8.998,6.938039999999999,6.980935620319003,0.8604468650963308,defined,-0.04985272427507908,sensitivity_only
id:x%3A0x1.6000000000000p%2B3,418,9.0,6.9399999999999995,6.897104379680996,0.8604468650963308,defined,0.04985272427507908,sensitivity_only
id:x%3A0x1.6000000000000p%2B3,419,9.02,6.959599999999999,7.002495620319003,0.8604468650963308,defined,-0.04985272427507908,sensitivity_only
id:x%3A0x1.6000000000000p%2B3,420,9.042,6.981159999999999,6.938264379680995,0.8604468650963308,defined,0.04985272427507908,sensitivity_only
id:x%3A0x1.6000000000000p%2B3,421,9.064,7.00272,7.045615620319004,0.8604468650963308,defined,-0.04985272427507908,sensitivity_only
id:x%3A0x1.6000000000000p%2B3,422,9.086,7.02428,6.981384379680996,0.8604468650963308,defined,0.04985272427507908,sensitivity_only
id:x%3A0x1.6000000000000p%2B3,423,9.108,7.04584,7.088735620319004,0.8604468650963308,defined,-0.04985272427507908,sensitivity_only
id:x%3A0x1.6000000000000p%2B3,424,9.13,7.067400000000001,7.024504379680997,0.8604468650963308,defined,0.04985272427507908,sensitivity_only
id:x%3A0x1.6000000000000p%2B3,425,9.152,7.088959999999998,7.131855620319002,0.8604468650963308,defined,-0.04985272427507908,sensitivity_only
id:x%3A0x1.6000000000000p%2B3,426,9.174,7.110519999999999,7.067624379680995,0.8604468650963308,defined,0.04985272427507908,sensitivity_only
id:x%3A0x1.6000000000000p%2B3,427,9.196,7.132079999999999,7.174975620319003,0.8604468650963308,defined,-0.04985272427507908,sensitivity_only
id:x%3A0x1.6000000000000p%2B3,428,9.218,7.153639999999999,7.1107443796809955,0.8604468650963308,defined,0.04985272427507908,sensitivity_only
id:x%3A0x1.6000000000000p%2B3,429,9.24,7.1752,7.218095620319004,0.8604468650963308,defined,-0.04985272427507908,sensitivity_only
id:x%3A0x1.6000000000000p%2B3,430,9.262,7.19676,7.153864379680996,0.8604468650963308,defined,0.04985272427507908,sensitivity_only
id:x%3A0x1.6000000000000p%2B3,431,9.284,7.21832,7.261215620319004,0.8604468650963308,defined,-0.04985272427507908,sensitivity_only
id:x%3A0x1.6000000000000p%2B3,432,9.306,7.239879999999999,7.196984379680996,0.8604468650963308,defined,0.04985272427507908,sensitivity_only
id:x%3A0x1.6000000000000p%2B3,433,9.328,7.261439999999999,7.304335620319002,0.8604468650963308,defined,-0.04985272427507908,sensitivity_only
id:x%3A0x1.6000000000000p%2B3,434,9.35,7.2829999999999995,7.240104379680996,0.8604468650963308,defined,0.04985272427507908,sensitivity_only
id:x%3A0x1.6000000000000p%2B3,435,9.372,7.3045599999999995,7.347455620319003,0.8604468650963308,defined,-0.04985272427507908,sensitivity_only
id:x%3A0x1.6000000000000p%2B3,436,9.394,7.3261199999999995,7.283224379680996,0.8604468650963308,defined,0.04985272427507908,sensitivity_only
id:x%3A0x1.6000000000000p%2B3,437,9.416,7.34768,7.390575620319004,0.8604468650963308,defined,-0.04985272427507908,sensitivity_only
id:x%3A0x1.6000000000000p%2B3,438,9.438,7.3692400000000005,7.326344379680997,0.8604468650963308,defined,0.04985272427507908,sensitivity_only
id:x%3A0x1.6000000000000p%2B3,439,9.46,7.3908000000000005,7.433695620319004,0.8604468650963308,defined,-0.04985272427507908,sensitivity_only
id:x%3A0x1.6000000000000p%2B3,440,9.482,7.41236,7.369464379680996,0.8604468650963308,defined,0.04985272427507908,sensitivity_only
id:x%3A0x1.6000000000000p%2B3,441,9.504,7.433919999999999,7.464062868332271,0.6046383376352611,defined,-0.04985272427507908,sensitivity_only
id:x%3A0x1.6000000000000p%2B3,442,9.526,7.45548,7.425337131667727,0.6046383376352611,defined,0.04985272427507908,sensitivity_only
id:x%3A0x1.6000000000000p%2B3,443,9.548,7.47704,7.507182868332272,0.6046383376352611,defined,-0.04985272427507908,sensitivity_only
id:x%3A0x1.6000000000000p%2B3,444,9.57,7.4986,7.468457131667727,0.6046383376352611,defined,0.04985272427507908,sensitivity_only
id:x%3A0x1.6000000000000p%2B3,445,9.592,7.520160000000001,7.550302868332273,0.6046383376352611,defined,-0.04985272427507908,sensitivity_only
id:x%3A0x1.6000000000000p%2B3,446,9.614,7.541720000000001,7.511577131667728,0.6046383376352611,defined,0.04985272427507908,sensitivity_only
id:x%3A0x1.6000000000000p%2B3,447,9.636,7.563279999999999,7.593422868332271,0.6046383376352611,defined,-0.04985272427507908,sensitivity_only
id:x%3A0x1.6000000000000p%2B3,448,9.658,7.584839999999999,7.5546971316677265,0.6046383376352611,defined,0.04985272427507908,sensitivity_only
id:x%3A0x1.6000000000000p%2B3,449,9.68,7.6064,7.636542868332272,0.6046383376352611,defined,-0.04985272427507908,sensitivity_only
id:x%3A0x1.6000000000000p%2B3,450,9.702,7.62796,7.597817131667727,0.6046383376352611,defined,0.04985272427507908,sensitivity_only
id:x%3A0x1.6000000000000p%2B3,451,9.724,7.64952,7.679662868332272,0.6046383376352611,defined,-0.04985272427507908,sensitivity_only
id:x%3A0x1.6000000000000p%2B3,452,9.746,7.67108,7.6409371316677275,0.6046383376352611,defined,0.04985272427507908,sensitivity_only
id:x%3A0x1.6000000000000p%2B3,453,9.768,7.692640000000001,7.722782868332273,0.6046383376352611,defined,-0.04985272427507908,sensitivity_only
id:x%3A0x1.6000000000000p%2B3,454,9.79,7.714199999999999,7.684057131667727,0.6046383376352611,defined,0.04985272427507908,sensitivity_only
id:x%3A0x1.6000000000000p%2B3,455,9.812,7.735759999999999,7.7659028683322715,0.6046383376352611,defined,-0.04985272427507908,sensitivity_only
id:x%3A0x1.6000000000000p%2B3,456,9.834,7.757319999999999,7.727177131667727,0.6046383376352611,defined,0.04985272427507908,sensitivity_only
id:x%3A0x1.6000000000000p%2B3,457,9.856,7.77888,7.809022868332272,0.6046383376352611,defined,-0.04985272427507908,sensitivity_only
id:x%3A0x1.6000000000000p%2B3,458,9.878,7.80044,7.770297131667728,0.6046383376352611,defined,0.04985272427507908,sensitivity_only
id:x%3A0x1.6000000000000p%2B3,459,9.9,7.822,7.8521428683322725,0.6046383376352611,defined,-0.04985272427507908,sensitivity_only
id:x%3A0x1.6000000000000p%2B3,460,9.922,7.84356,7.813417131667728,0.6046383376352611,defined,0.04985272427507908,sensitivity_only
id:x%3A0x1.6000000000000p%2B3,461,9.944,7.86512,7.8952628683322725,0.6046383376352611,defined,-0.04985272427507908,sensitivity_only
id:x%3A0x1.6000000000000p%2B3,462,9.966,7.886679999999999,7.856537131667727,0.6046383376352611,defined,0.04985272427507908,sensitivity_only
id:x%3A0x1.6000000000000p%2B3,463,9.988,7.908239999999999,7.938382868332272,0.6046383376352611,defined,-0.04985272427507908,sensitivity_only
id:x%3A0x1.6000000000000p%2B3,464,10.0,7.92,7.8898571316677275,0.6046383376352611,defined,0.04985272427507908,sensitivity_only
id:x%3A0x1.6000000000000p%2B3,465,10.01,7.929799999999999,7.959942868332272,0.6046383376352611,defined,-0.04985272427507908,sensitivity_only
id:x%3A0x1.6000000000000p%2B3,466,10.032,7.951359999999999,7.921217131667727,0.6046383376352611,defined,0.04985272427507908,sensitivity_only
id:x%3A0x1.6000000000000p%2B3,467,10.054,7.97292,8.003062868332274,0.6046383376352611,defined,-0.04985272427507908,sensitivity_only
id:x%3A0x1.6000000000000p%2B3,468,10.076,7.99448,7.964337131667728,0.6046383376352611,defined,0.04985272427507908,sensitivity_only
id:x%3A0x1.6000000000000p%2B3,469,10.098,8.01604,8.046182868332274,0.6046383376352611,defined,-0.04985272427507908,sensitivity_only
id:x%3A0x1.6000000000000p%2B3,470,10.12,8.037599999999998,8.007457131667724,0.6046383376352611,defined,0.04985272427507908,sensitivity_only
id:x%3A0x1.6000000000000p%2B3,471,10.142,8.059159999999999,8.089302868332272,0.6046383376352611,defined,-0.04985272427507908,sensitivity_only
id:x%3A0x1.6000000000000p%2B3,472,10.164,8.08072,8.050577131667726,0.6046383376352611,defined,0.04985272427507908,sensitivity_only
id:x%3A0x1.6000000000000p%2B3,473,10.186,8.10228,8.132422868332274,0.6046383376352611,defined,-0.04985272427507908,sensitivity_only
id:x%3A0x1.6000000000000p%2B3,474,10.208,8.12384,8.093697131667726,0.6046383376352611,defined,0.04985272427507908,sensitivity_only
id:x%3A0x1.6000000000000p%2B3,475,10.23,8.1454,8.175542868332274,0.6046383376352611,defined,-0.04985272427507908,sensitivity_only
id:x%3A0x1.6000000000000p%2B3,476,10.252,8.16696,8.136817131667726,0.6046383376352611,defined,0.04985272427507908,sensitivity_only
id:x%3A0x1.6000000000000p%2B3,477,10.274,8.188519999999999,8.218662868332272,0.6046383376352611,defined,-0.04985272427507908,sensitivity_only
id:x%3A0x1.6000000000000p%2B3,478,10.296,8.210079999999998,8.179937131667725,0.6046383376352611,defined,0.04985272427507908,sensitivity_only
id:x%3A0x1.6000000000000p%2B3,479,10.318,8.231639999999999,8.261782868332272,0.6046383376352611,defined,-0.04985272427507908,sensitivity_only
id:x%3A0x1.6000000000000p%2B3,480,10.34,8.2532,8.223057131667726,0.6046383376352611,defined,0.04985272427507908,sensitivity_only
id:x%3A0x1.6000000000000p%2B3,481,10.362,8.27476,8.304902868332274,0.6046383376352611,defined,-0.04985272427507908,sensitivity_only
id:x%3A0x1.6000000000000p%2B3,482,10.384,8.29632,8.266177131667726,0.6046383376352611,defined,0.04985272427507908,sensitivity_only
id:x%3A0x1.6000000000000p%2B3,483,10.406,8.31788,8.348022868332274,0.6046383376352611,defined,-0.04985272427507908,sensitivity_only
id:x%3A0x1.6000000000000p%2B3,484,10.428,8.33944,8.309297131667726,0.6046383376352611,defined,0.04985272427507908,sensitivity_only
id:x%3A0x1.6000000000000p%2B3,485,10.45,8.360999999999999,8.391142868332272,0.6046383376352611,defined,-0.04985272427507908,sensitivity_only
id:x%3A0x1.6000000000000p%2B3,486,10.472,8.382559999999998,8.352417131667725,0.6046383376352611,defined,0.04985272427507908,sensitivity_only
id:x%3A0x1.6000000000000p%2B3,487,10.494,8.404119999999999,8.434262868332272,0.6046383376352611,defined,-0.04985272427507908,sensitivity_only
id:x%3A0x1.6000000000000p%2B3,488,10.516,8.42568,8.39503665373968,0.6146774665960905,defined,0.04985272427507908,sensitivity_only
id:x%3A0x1.6000000000000p%2B3,489,10.538,8.44724,8.47788334626032,0.6146774665960905,defined,-0.04985272427507908,sensitivity_only
id:x%3A0x1.6000000000000p%2B3,490,10.56,8.4688,8.43815665373968,0.6146774665960905,defined,0.04985272427507908,sensitivity_only
id:x%3A0x1.6000000000000p%2B3,491,10.582,8.49036,8.52100334626032,0.6146774665960905,defined,-0.04985272427507908,sensitivity_only
id:x%3A0x1.6000000000000p%2B3,492,10.604,8.51192,8.48127665373968,0.6146774665960905,defined,0.04985272427507908,sensitivity_only
id:x%3A0x1.6000000000000p%2B3,493,10.626,8.533479999999999,8.564123346260319,0.6146774665960905,defined,-0.04985272427507908,sensitivity_only
id:x%3A0x1.6000000000000p%2B3,494,10.648,8.555039999999998,8.524396653739679,0.6146774665960905,defined,0.04985272427507908,sensitivity_only
id:x%3A0x1.6000000000000p%2B3,495,10.67,8.5766,8.607243346260319,0.6146774665960905,defined,-0.04985272427507908,sensitivity_only
id:x%3A0x1.6000000000000p%2B3,496,10.692,8.59816,8.56751665373968,0.6146774665960905,defined,0.04985272427507908,sensitivity_only
id:x%3A0x1.6000000000000p%2B3,497,10.714,8.619720000000001,8.65036334626032,0.6146774665960905,defined,-0.04985272427507908,sensitivity_only
id:x%3A0x1.6000000000000p%2B3,498,10.736,8.64128,8.61063665373968,0.6146774665960905,defined,0.04985272427507908,sensitivity_only
id:x%3A0x1.6000000000000p%2B3,499,10.758,8.66284,8.693483346260319,0.6146774665960905,defined,-0.04985272427507908,sensitivity_only
id:x%3A0x1.6000000000000p%2B3,500,10.78,8.6844,8.65375665373968,0.6146774665960905,defined,0.04985272427507908,sensitivity_only
id:x%3A0x1.6000000000000p%2B3,501,10.802,8.70596,8.736603346260319,0.6146774665960905,defined,-0.04985272427507908,sensitivity_only
id:x%3A0x1.6000000000000p%2B3,502,10.824,8.727519999999998,8.696876653739679,0.6146774665960905,defined,0.04985272427507908,sensitivity_only
id:x%3A0x1.6000000000000p%2B3,503,10.846,8.74908,8.779723346260319,0.6146774665960905,defined,-0.04985272427507908,sensitivity_only
id:x%3A0x1.6000000000000p%2B3,504,10.868,8.77064,8.73999665373968,0.6146774665960905,defined,0.04985272427507908,sensitivity_only
id:x%3A0x1.6000000000000p%2B3,505,10.89,8.792200000000001,8.82284334626032,0.6146774665960905,defined,-0.04985272427507908,sensitivity_only
id:x%3A0x1.6000000000000p%2B3,506,10.912,8.81376,8.78311665373968,0.6146774665960905,defined,0.04985272427507908,sensitivity_only
id:x%3A0x1.6000000000000p%2B3,507,10.934,8.83532,8.865963346260319,0.6146774665960905,defined,-0.04985272427507908,sensitivity_only
id:x%3A0x1.6000000000000p%2B3,508,10.956,8.85688,8.82623665373968,0.6146774665960905,defined,0.04985272427507908,sensitivity_only
id:x%3A0x1.6000000000000p%2B3,509,10.978,8.87844,8.909083346260319,0.6146774665960905,defined,-0.04985272427507908,sensitivity_only
id:x%3A0x1.6000000000000p%2B3,510,11.0,8.899999999999999,8.869356653739679,0.6146774665960905,defined,0.04985272427507908,sensitivity_only
