appearance_id,repetition,outer_fold_id,row_id,x_group_id,procedure,y,prediction_oof,residual_oof,robust_scale,scale_method,scale_scope,z_oof,fallback_status,fallback_code,action
id:diag-one-rep-001%3Arow-01,1,id:outer-01-fold-1,id:row-01,id:x%3A0x0.0p%2B0,one,1.0,2.6367880131525894,-1.6367880131525894,1.104336015201135,qn_finite_sample,outer_train_inner_oof,-1.4821467294575899,not_applicable,,review_only
id:diag-two-rep-001%3Arow-01,1,id:outer-01-fold-1,id:row-01,id:x%3A0x0.0p%2B0,two,1.0,2.6367880131525894,-1.6367880131525894,1.104336015201135,qn_finite_sample,outer_train_inner_oof,-1.4821467294575899,failed_with_p1_fallback,NO_BALANCED_SPLIT,review_only
id:diag-one-rep-001%3Arow-02,1,id:outer-01-fold-2,id:row-02,id:x%3A0x1.0000000000000p%2B0,one,10.0,6.492597114673023,3.507402885326977,0.9740626108105254,qn_finite_sample,outer_train_inner_oof,3.6007981893570875,not_applicable,,review_only
id:diag-two-rep-001%3Arow-02,1,id:outer-01-fold-2,id:row-02,id:x%3A0x1.0000000000000p%2B0,two,10.0,6.492597114673023,3.507402885326977,0.9740626108105254,qn_finite_sample,outer_train_inner_oof,3.6007981893570875,failed_with_p1_fallback,NO_BALANCED_SPLIT,review_only
id:diag-one-rep-001%3Arow-03,1,id:outer-01-fold-3,id:row-03,id:x%3A0x1.0000000000000p%2B1,one,2.0,3.06521124665486,-1.0652112466548596,1.1413862494773641,qn_finite_sample,outer_train_inner_oof,-0.9332609772919687,not_applicable,,review_only
id:diag-two-rep-001%3Arow-03,1,id:outer-01-fold-3,id:row-03,id:x%3A0x1.0000000000000p%2B1,two,2.0,3.06521124665486,-1.0652112466548596,1.1413862494773641,qn_finite_sample,outer_train_inner_oof,-0.9332609772919687,failed_with_p1_fallback,NO_BALANCED_SPLIT,review_only
id:diag-one-rep-001%3Arow-04,1,id:outer-01-fold-4,id:row-04,id:x%3A0x1.8000000000000p%2B1,one,2.5,3.5318074096517456,-1.0318074096517456,1.3060540317377747,qn_finite_sample,outer_train_inner_oof,-0.7900189307473525,not_applicable,,review_only
id:diag-two-rep-001%3Arow-04,1,id:outer-01-fold-4,id:row-04,id:x%3A0x1.8000000000000p%2B1,two,2.5,3.5318074096517456,-1.0318074096517456,1.3060540317377747,qn_finite_sample,outer_train_inner_oof,-0.7900189307473525,failed_with_p1_fallback,NO_BALANCED_SPLIT,review_only
id:diag-one-rep-001%3Arow-05,1,id:outer-01-fold-1,id:row-05,id:x%3A0x1.8000000000000p%2B1,one,2.7,3.627884361197613,-0.9278843611976129,1.3060540317377747,qn_finite_sample,outer_train_inner_oof,-0.7104486787296335,not_applicable,,review_only
id:diag-two-rep-001%3Arow-05,1,id:outer-01-fold-1,id:row-05,id:x%3A0x1.8000000000000p%2B1,two,2.7,3.627884361197613,-0.9278843611976129,1.3060540317377747,qn_finite_sample,outer_train_inner_oof,-0.7104486787296335,failed_with_p1_fallback,NO_BALANCED_SPLIT,review_only
id:diag-one-rep-001%3Arow-06,1,id:outer-01-fold-2,id:row-06,id:x%3A0x1.8000000000000p%2B1,one,2.7,3.627884361197613,-0.9278843611976129,1.3060540317377747,qn_finite_sample,outer_train_inner_oof,-0.7104486787296335,not_applicable,,review_only
id:diag-two-rep-001%3Arow-06,1,id:outer-01-fold-2,id:row-06,id:x%3A0x1.8000000000000p%2B1,two,2.7,3.627884361197613,-0.9278843611976129,1.3060540317377747,qn_finite_sample,outer_train_inner_oof,-0.7104486787296335,failed_with_p1_fallback,NO_BALANCED_SPLIT,review_only
id:diag-one-rep-001%3Arow-07,1,id:outer-01-fold-3,id:row-07,id:x%3A0x1.8000000000000p%2B1,one,3.2,3.8680767400622815,-0.6680767400622812,1.3060540317377747,qn_finite_sample,outer_train_inner_oof,-0.5115230486853362,not_applicable,,review_only
id:diag-two-rep-001%3Arow-07,1,id:outer-01-fold-3,id:row-07,id:x%3A0x1.8000000000000p%2B1,two,3.2,3.8680767400622815,-0.6680767400622812,1.3060540317377747,qn_finite_sample,outer_train_inner_oof,-0.5115230486853362,failed_with_p1_fallback,NO_BALANCED_SPLIT,review_only
id:diag-one-rep-001%3Arow-08,1,id:outer-01-fold-4,id:row-08,id:x%3A0x1.0000000000000p%2B2,one,3.8,3.8363730669589464,-0.03637306695894658,1.104336015201135,qn_finite_sample,outer_train_inner_oof,-0.03293659398794657,not_applicable,,review_only
id:diag-two-rep-001%3Arow-08,1,id:outer-01-fold-4,id:row-08,id:x%3A0x1.0000000000000p%2B2,two,3.8,3.8363730669589464,-0.03637306695894658,1.104336015201135,qn_finite_sample,outer_train_inner_oof,-0.03293659398794657,failed_with_p1_fallback,NO_BALANCED_SPLIT,review_only
id:diag-one-rep-001%3Arow-09,1,id:outer-01-fold-1,id:row-09,id:x%3A0x1.4000000000000p%2B2,one,4.2,4.007742360359854,0.1922576396401457,1.1043360152011354,qn_finite_sample,outer_train_inner_oof,0.17409342536485992,not_applicable,,review_only
id:diag-two-rep-001%3Arow-09,1,id:outer-01-fold-1,id:row-09,id:x%3A0x1.4000000000000p%2B2,two,4.2,4.007742360359854,0.1922576396401457,1.1043360152011354,qn_finite_sample,outer_train_inner_oof,0.17409342536485992,failed_with_p1_fallback,NO_BALANCED_SPLIT,review_only
id:diag-one-rep-001%3Arow-10,1,id:outer-01-fold-2,id:row-10,id:x%3A0x1.8000000000000p%2B2,one,5.0,4.350480947161671,0.649519052838329,1.104336015201135,qn_finite_sample,outer_train_inner_oof,0.588153464070472,not_applicable,,review_only
id:diag-two-rep-001%3Arow-10,1,id:outer-01-fold-2,id:row-10,id:x%3A0x1.8000000000000p%2B2,two,5.0,4.350480947161671,0.649519052838329,1.104336015201135,qn_finite_sample,outer_train_inner_oof,0.588153464070472,failed_with_p1_fallback,NO_BALANCED_SPLIT,review_only
id:diag-one-rep-001%3Arow-11,1,id:outer-01-fold-3,id:row-11,id:x%3A0x1.c000000000000p%2B2,one,5.4,4.521850240562579,0.8781497594374211,1.0170886893248545,qn_finite_sample,outer_train_inner_oof,0.8633954626123497,not_applicable,,review_only
id:diag-two-rep-001%3Arow-11,1,id:outer-01-fold-3,id:row-11,id:x%3A0x1.c000000000000p%2B2,two,5.4,4.521850240562579,0.8781497594374211,1.0170886893248545,qn_finite_sample,outer_train_inner_oof,0.8633954626123497,failed_with_p1_fallback,NO_BALANCED_SPLIT,review_only
id:diag-one-rep-002%3Arow-01,2,id:outer-02-fold-2,id:row-01,id:x%3A0x0.0p%2B0,one,1.0,2.6367880131525894,-1.6367880131525894,1.104336015201135,qn_finite_sample,outer_train_inner_oof,-1.4821467294575899,not_applicable,,review_only
id:diag-two-rep-002%3Arow-01,2,id:outer-02-fold-2,id:row-01,id:x%3A0x0.0p%2B0,two,1.0,2.6367880131525894,-1.6367880131525894,1.104336015201135,qn_finite_sample,outer_train_inner_oof,-1.4821467294575899,failed_with_p1_fallback,NO_BALANCED_SPLIT,review_only
id:diag-one-rep-002%3Arow-02,2,id:outer-02-fold-3,id:row-02,id:x%3A0x1.0000000000000p%2B0,one,10.0,6.492597114673023,3.507402885326977,0.9740626108105254,qn_finite_sample,outer_train_inner_oof,3.6007981893570875,not_applicable,,review_only
id:diag-two-rep-002%3Arow-02,2,id:outer-02-fold-3,id:row-02,id:x%3A0x1.0000000000000p%2B0,two,10.0,6.492597114673023,3.507402885326977,0.9740626108105254,qn_finite_sample,outer_train_inner_oof,3.6007981893570875,failed_with_p1_fallback,NO_BALANCED_SPLIT,review_only
id:diag-one-rep-002%3Arow-03,2,id:outer-02-fold-4,id:row-03,id:x%3A0x1.0000000000000p%2B1,one,2.0,3.06521124665486,-1.0652112466548596,1.1413862494773641,qn_finite_sample,outer_train_inner_oof,-0.9332609772919687,not_applicable,,review_only
id:diag-two-rep-002%3Arow-03,2,id:outer-02-fold-4,id:row-03,id:x%3A0x1.0000000000000p%2B1,two,2.0,3.06521124665486,-1.0652112466548596,1.1413862494773641,qn_finite_sample,outer_train_inner_oof,-0.9332609772919687,failed_with_p1_fallback,NO_BALANCED_SPLIT,review_only
id:diag-one-rep-002%3Arow-04,2,id:outer-02-fold-1,id:row-04,id:x%3A0x1.8000000000000p%2B1,one,2.5,3.5318074096517456,-1.0318074096517456,1.3060540317377747,qn_finite_sample,outer_train_inner_oof,-0.7900189307473525,not_applicable,,review_only
id:diag-two-rep-002%3Arow-04,2,id:outer-02-fold-1,id:row-04,id:x%3A0x1.8000000000000p%2B1,two,2.5,3.5318074096517456,-1.0318074096517456,1.3060540317377747,qn_finite_sample,outer_train_inner_oof,-0.7900189307473525,failed_with_p1_fallback,NO_BALANCED_SPLIT,review_only
id:diag-one-rep-002%3Arow-05,2,id:outer-02-fold-2,id:row-05,id:x%3A0x1.8000000000000p%2B1,one,2.7,3.627884361197613,-0.9278843611976129,1.3060540317377747,qn_finite_sample,outer_train_inner_oof,-0.7104486787296335,not_applicable,,review_only
id:diag-two-rep-002%3Arow-05,2,id:outer-02-fold-2,id:row-05,id:x%3A0x1.8000000000000p%2B1,two,2.7,3.627884361197613,-0.9278843611976129,1.3060540317377747,qn_finite_sample,outer_train_inner_oof,-0.7104486787296335,failed_with_p1_fallback,NO_BALANCED_SPLIT,review_only
id:diag-one-rep-002%3Arow-06,2,id:outer-02-fold-3,id:row-06,id:x%3A0x1.8000000000000p%2B1,one,2.7,3.627884361197613,-0.9278843611976129,1.3060540317377747,qn_finite_sample,outer_train_inner_oof,-0.7104486787296335,not_applicable,,review_only
id:diag-two-rep-002%3Arow-06,2,id:outer-02-fold-3,id:row-06,id:x%3A0x1.8000000000000p%2B1,two,2.7,3.627884361197613,-0.9278843611976129,1.3060540317377747,qn_finite_sample,outer_train_inner_oof,-0.7104486787296335,failed_with_p1_fallback,NO_BALANCED_SPLIT,review_only
id:diag-one-rep-002%3Arow-07,2,id:outer-02-fold-4,id:row-07,id:x%3A0x1.8000000000000p%2B1,one,3.2,3.8680767400622815,-0.6680767400622812,1.3060540317377747,qn_finite_sample,outer_train_inner_oof,-0.5115230486853362,not_applicable,,review_only
id:diag-two-rep-002%3Arow-07,2,id:outer-02-fold-4,id:row-07,id:x%3A0x1.8000000000000p%2B1,two,3.2,3.8680767400622815,-0.6680767400622812,1.3060540317377747,qn_finite_sample,outer_train_inner_oof,-0.5115230486853362,failed_with_p1_fallback,NO_BALANCED_SPLIT,review_only
id:diag-one-rep-002%3Arow-08,2,id:outer-02-fold-1,id:row-08,id:x%3A0x1.0000000000000p%2B2,one,3.8,3.8363730669589464,-0.03637306695894658,1.104336015201135,qn_finite_sample,outer_train_inner_oof,-0.03293659398794657,not_applicable,,review_only
id:diag-two-rep-002%3Arow-08,2,id:outer-02-fold-1,id:row-08,id:x%3A0x1.0000000000000p%2B2,two,3.8,3.8363730669589464,-0.03637306695894658,1.104336015201135,qn_finite_sample,outer_train_inner_oof,-0.03293659398794657,failed_with_p1_fallback,NO_BALANCED_SPLIT,review_only
id:diag-one-rep-002%3Arow-09,2,id:outer-02-fold-2,id:row-09,id:x%3A0x1.4000000000000p%2B2,one,4.2,4.007742360359854,0.1922576396401457,1.1043360152011354,qn_finite_sample,outer_train_inner_oof,0.17409342536485992,not_applicable,,review_only
id:diag-two-rep-002%3Arow-09,2,id:outer-02-fold-2,id:row-09,id:x%3A0x1.4000000000000p%2B2,two,4.2,4.007742360359854,0.1922576396401457,1.1043360152011354,qn_finite_sample,outer_train_inner_oof,0.17409342536485992,failed_with_p1_fallback,NO_BALANCED_SPLIT,review_only
id:diag-one-rep-002%3Arow-10,2,id:outer-02-fold-3,id:row-10,id:x%3A0x1.8000000000000p%2B2,one,5.0,4.350480947161671,0.649519052838329,1.104336015201135,qn_finite_sample,outer_train_inner_oof,0.588153464070472,not_applicable,,review_only
id:diag-two-rep-002%3Arow-10,2,id:outer-02-fold-3,id:row-10,id:x%3A0x1.8000000000000p%2B2,two,5.0,4.350480947161671,0.649519052838329,1.104336015201135,qn_finite_sample,outer_train_inner_oof,0.588153464070472,failed_with_p1_fallback,NO_BALANCED_SPLIT,review_only
id:diag-one-rep-002%3Arow-11,2,id:outer-02-fold-4,id:row-11,id:x%3A0x1.c000000000000p%2B2,one,5.4,4.521850240562579,0.8781497594374211,1.0170886893248545,qn_finite_sample,outer_train_inner_oof,0.8633954626123497,not_applicable,,review_only
id:diag-two-rep-002%3Arow-11,2,id:outer-02-fold-4,id:row-11,id:x%3A0x1.c000000000000p%2B2,two,5.4,4.521850240562579,0.8781497594374211,1.0170886893248545,qn_finite_sample,outer_train_inner_oof,0.8633954626123497,failed_with_p1_fallback,NO_BALANCED_SPLIT,review_only
id:diag-one-rep-003%3Arow-01,3,id:outer-03-fold-3,id:row-01,id:x%3A0x0.0p%2B0,one,1.0,2.6367880131525894,-1.6367880131525894,1.104336015201135,qn_finite_sample,outer_train_inner_oof,-1.4821467294575899,not_applicable,,review_only
id:diag-two-rep-003%3Arow-01,3,id:outer-03-fold-3,id:row-01,id:x%3A0x0.0p%2B0,two,1.0,2.6367880131525894,-1.6367880131525894,1.104336015201135,qn_finite_sample,outer_train_inner_oof,-1.4821467294575899,failed_with_p1_fallback,NO_BALANCED_SPLIT,review_only
id:diag-one-rep-003%3Arow-02,3,id:outer-03-fold-4,id:row-02,id:x%3A0x1.0000000000000p%2B0,one,10.0,6.492597114673023,3.507402885326977,0.9740626108105254,qn_finite_sample,outer_train_inner_oof,3.6007981893570875,not_applicable,,review_only
id:diag-two-rep-003%3Arow-02,3,id:outer-03-fold-4,id:row-02,id:x%3A0x1.0000000000000p%2B0,two,10.0,6.492597114673023,3.507402885326977,0.9740626108105254,qn_finite_sample,outer_train_inner_oof,3.6007981893570875,failed_with_p1_fallback,NO_BALANCED_SPLIT,review_only
id:diag-one-rep-003%3Arow-03,3,id:outer-03-fold-1,id:row-03,id:x%3A0x1.0000000000000p%2B1,one,2.0,3.06521124665486,-1.0652112466548596,1.1413862494773641,qn_finite_sample,outer_train_inner_oof,-0.9332609772919687,not_applicable,,review_only
id:diag-two-rep-003%3Arow-03,3,id:outer-03-fold-1,id:row-03,id:x%3A0x1.0000000000000p%2B1,two,2.0,3.06521124665486,-1.0652112466548596,1.1413862494773641,qn_finite_sample,outer_train_inner_oof,-0.9332609772919687,failed_with_p1_fallback,NO_BALANCED_SPLIT,review_only
id:diag-one-rep-003%3Arow-04,3,id:outer-03-fold-2,id:row-04,id:x%3A0x1.8000000000000p%2B1,one,2.5,3.5318074096517456,-1.0318074096517456,1.3060540317377747,qn_finite_sample,outer_train_inner_oof,-0.7900189307473525,not_applicable,,review_only
id:diag-two-rep-003%3Arow-04,3,id:outer-03-fold-2,id:row-04,id:x%3A0x1.8000000000000p%2B1,two,2.5,3.5318074096517456,-1.0318074096517456,1.3060540317377747,qn_finite_sample,outer_train_inner_oof,-0.7900189307473525,failed_with_p1_fallback,NO_BALANCED_SPLIT,review_only
id:diag-one-rep-003%3Arow-05,3,id:outer-03-fold-3,id:row-05,id:x%3A0x1.8000000000000p%2B1,one,2.7,3.627884361197613,-0.9278843611976129,1.3060540317377747,qn_finite_sample,outer_train_inner_oof,-0.7104486787296335,not_applicable,,review_only
id:diag-two-rep-003%3Arow-05,3,id:outer-03-fold-3,id:row-05,id:x%3A0x1.8000000000000p%2B1,two,2.7,3.627884361197613,-0.9278843611976129,1.3060540317377747,qn_finite_sample,outer_train_inner_oof,-0.7104486787296335,failed_with_p1_fallback,NO_BALANCED_SPLIT,review_only
id:diag-one-rep-003%3Arow-06,3,id:outer-03-fold-4,id:row-06,id:x%3A0x1.8000000000000p%2B1,one,2.7,3.627884361197613,-0.9278843611976129,1.3060540317377747,qn_finite_sample,outer_train_inner_oof,-0.7104486787296335,not_applicable,,review_only
id:diag-two-rep-003%3Arow-06,3,id:outer-03-fold-4,id:row-06,id:x%3A0x1.8000000000000p%2B1,two,2.7,3.627884361197613,-0.9278843611976129,1.3060540317377747,qn_finite_sample,outer_train_inner_oof,-0.7104486787296335,failed_with_p1_fallback,NO_BALANCED_SPLIT,review_only
id:diag-one-rep-003%3Arow-07,3,id:outer-03-fold-1,id:row-07,id:x%3A0x1.8000000000000p%2B1,one,3.2,3.8680767400622815,-0.6680767400622812,1.3060540317377747,qn_finite_sample,outer_train_inner_oof,-0.5115230486853362,not_applicable,,review_only
id:diag-two-rep-003%3Arow-07,3,id:outer-03-fold-1,id:row-07,id:x%3A0x1.8000000000000p%2B1,two,3.2,3.8680767400622815,-0.6680767400622812,1.3060540317377747,qn_finite_sample,outer_train_inner_oof,-0.5115230486853362,failed_with_p1_fallback,NO_BALANCED_SPLIT,review_only
id:diag-one-rep-003%3Arow-08,3,id:outer-03-fold-2,id:row-08,id:x%3A0x1.0000000000000p%2B2,one,3.8,3.8363730669589464,-0.03637306695894658,1.104336015201135,qn_finite_sample,outer_train_inner_oof,-0.03293659398794657,not_applicable,,review_only
id:diag-two-rep-003%3Arow-08,3,id:outer-03-fold-2,id:row-08,id:x%3A0x1.0000000000000p%2B2,two,3.8,3.8363730669589464,-0.03637306695894658,1.104336015201135,qn_finite_sample,outer_train_inner_oof,-0.03293659398794657,failed_with_p1_fallback,NO_BALANCED_SPLIT,review_only
id:diag-one-rep-003%3Arow-09,3,id:outer-03-fold-3,id:row-09,id:x%3A0x1.4000000000000p%2B2,one,4.2,4.007742360359854,0.1922576396401457,1.1043360152011354,qn_finite_sample,outer_train_inner_oof,0.17409342536485992,not_applicable,,review_only
id:diag-two-rep-003%3Arow-09,3,id:outer-03-fold-3,id:row-09,id:x%3A0x1.4000000000000p%2B2,two,4.2,4.007742360359854,0.1922576396401457,1.1043360152011354,qn_finite_sample,outer_train_inner_oof,0.17409342536485992,failed_with_p1_fallback,NO_BALANCED_SPLIT,review_only
id:diag-one-rep-003%3Arow-10,3,id:outer-03-fold-4,id:row-10,id:x%3A0x1.8000000000000p%2B2,one,5.0,4.350480947161671,0.649519052838329,1.104336015201135,qn_finite_sample,outer_train_inner_oof,0.588153464070472,not_applicable,,review_only
id:diag-two-rep-003%3Arow-10,3,id:outer-03-fold-4,id:row-10,id:x%3A0x1.8000000000000p%2B2,two,5.0,4.350480947161671,0.649519052838329,1.104336015201135,qn_finite_sample,outer_train_inner_oof,0.588153464070472,failed_with_p1_fallback,NO_BALANCED_SPLIT,review_only
id:diag-one-rep-003%3Arow-11,3,id:outer-03-fold-1,id:row-11,id:x%3A0x1.c000000000000p%2B2,one,5.4,4.521850240562579,0.8781497594374211,1.0170886893248545,qn_finite_sample,outer_train_inner_oof,0.8633954626123497,not_applicable,,review_only
id:diag-two-rep-003%3Arow-11,3,id:outer-03-fold-1,id:row-11,id:x%3A0x1.c000000000000p%2B2,two,5.4,4.521850240562579,0.8781497594374211,1.0170886893248545,qn_finite_sample,outer_train_inner_oof,0.8633954626123497,failed_with_p1_fallback,NO_BALANCED_SPLIT,review_only
id:diag-one-rep-004%3Arow-01,4,id:outer-04-fold-4,id:row-01,id:x%3A0x0.0p%2B0,one,1.0,2.6367880131525894,-1.6367880131525894,1.104336015201135,qn_finite_sample,outer_train_inner_oof,-1.4821467294575899,not_applicable,,review_only
id:diag-two-rep-004%3Arow-01,4,id:outer-04-fold-4,id:row-01,id:x%3A0x0.0p%2B0,two,1.0,2.6367880131525894,-1.6367880131525894,1.104336015201135,qn_finite_sample,outer_train_inner_oof,-1.4821467294575899,failed_with_p1_fallback,NO_BALANCED_SPLIT,review_only
id:diag-one-rep-004%3Arow-02,4,id:outer-04-fold-1,id:row-02,id:x%3A0x1.0000000000000p%2B0,one,10.0,6.492597114673023,3.507402885326977,0.9740626108105254,qn_finite_sample,outer_train_inner_oof,3.6007981893570875,not_applicable,,review_only
id:diag-two-rep-004%3Arow-02,4,id:outer-04-fold-1,id:row-02,id:x%3A0x1.0000000000000p%2B0,two,10.0,6.492597114673023,3.507402885326977,0.9740626108105254,qn_finite_sample,outer_train_inner_oof,3.6007981893570875,failed_with_p1_fallback,NO_BALANCED_SPLIT,review_only
id:diag-one-rep-004%3Arow-03,4,id:outer-04-fold-2,id:row-03,id:x%3A0x1.0000000000000p%2B1,one,2.0,3.06521124665486,-1.0652112466548596,1.1413862494773641,qn_finite_sample,outer_train_inner_oof,-0.9332609772919687,not_applicable,,review_only
id:diag-two-rep-004%3Arow-03,4,id:outer-04-fold-2,id:row-03,id:x%3A0x1.0000000000000p%2B1,two,2.0,3.06521124665486,-1.0652112466548596,1.1413862494773641,qn_finite_sample,outer_train_inner_oof,-0.9332609772919687,failed_with_p1_fallback,NO_BALANCED_SPLIT,review_only
id:diag-one-rep-004%3Arow-04,4,id:outer-04-fold-3,id:row-04,id:x%3A0x1.8000000000000p%2B1,one,2.5,3.5318074096517456,-1.0318074096517456,1.3060540317377747,qn_finite_sample,outer_train_inner_oof,-0.7900189307473525,not_applicable,,review_only
id:diag-two-rep-004%3Arow-04,4,id:outer-04-fold-3,id:row-04,id:x%3A0x1.8000000000000p%2B1,two,2.5,3.5318074096517456,-1.0318074096517456,1.3060540317377747,qn_finite_sample,outer_train_inner_oof,-0.7900189307473525,failed_with_p1_fallback,NO_BALANCED_SPLIT,review_only
id:diag-one-rep-004%3Arow-05,4,id:outer-04-fold-4,id:row-05,id:x%3A0x1.8000000000000p%2B1,one,2.7,3.627884361197613,-0.9278843611976129,1.3060540317377747,qn_finite_sample,outer_train_inner_oof,-0.7104486787296335,not_applicable,,review_only
id:diag-two-rep-004%3Arow-05,4,id:outer-04-fold-4,id:row-05,id:x%3A0x1.8000000000000p%2B1,two,2.7,3.627884361197613,-0.9278843611976129,1.3060540317377747,qn_finite_sample,outer_train_inner_oof,-0.7104486787296335,failed_with_p1_fallback,NO_BALANCED_SPLIT,review_only
id:diag-one-rep-004%3Arow-06,4,id:outer-04-fold-1,id:row-06,id:x%3A0x1.8000000000000p%2B1,one,2.7,3.627884361197613,-0.9278843611976129,1.3060540317377747,qn_finite_sample,outer_train_inner_oof,-0.7104486787296335,not_applicable,,review_only
id:diag-two-rep-004%3Arow-06,4,id:outer-04-fold-1,id:row-06,id:x%3A0x1.8000000000000p%2B1,two,2.7,3.627884361197613,-0.9278843611976129,1.3060540317377747,qn_finite_sample,outer_train_inner_oof,-0.7104486787296335,failed_with_p1_fallback,NO_BALANCED_SPLIT,review_only
id:diag-one-rep-004%3Arow-07,4,id:outer-04-fold-2,id:row-07,id:x%3A0x1.8000000000000p%2B1,one,3.2,3.8680767400622815,-0.6680767400622812,1.3060540317377747,qn_finite_sample,outer_train_inner_oof,-0.5115230486853362,not_applicable,,review_only
id:diag-two-rep-004%3Arow-07,4,id:outer-04-fold-2,id:row-07,id:x%3A0x1.8000000000000p%2B1,two,3.2,3.8680767400622815,-0.6680767400622812,1.3060540317377747,qn_finite_sample,outer_train_inner_oof,-0.5115230486853362,failed_with_p1_fallback,NO_BALANCED_SPLIT,review_only
id:diag-one-rep-004%3Arow-08,4,id:outer-04-fold-3,id:row-08,id:x%3A0x1.0000000000000p%2B2,one,3.8,3.8363730669589464,-0.03637306695894658,1.104336015201135,qn_finite_sample,outer_train_inner_oof,-0.03293659398794657,not_applicable,,review_only
id:diag-two-rep-004%3Arow-08,4,id:outer-04-fold-3,id:row-08,id:x%3A0x1.0000000000000p%2B2,two,3.8,3.8363730669589464,-0.03637306695894658,1.104336015201135,qn_finite_sample,outer_train_inner_oof,-0.03293659398794657,failed_with_p1_fallback,NO_BALANCED_SPLIT,review_only
id:diag-one-rep-004%3Arow-09,4,id:outer-04-fold-4,id:row-09,id:x%3A0x1.4000000000000p%2B2,one,4.2,4.007742360359854,0.1922576396401457,1.1043360152011354,qn_finite_sample,outer_train_inner_oof,0.17409342536485992,not_applicable,,review_only
id:diag-two-rep-004%3Arow-09,4,id:outer-04-fold-4,id:row-09,id:x%3A0x1.4000000000000p%2B2,two,4.2,4.007742360359854,0.1922576396401457,1.1043360152011354,qn_finite_sample,outer_train_inner_oof,0.17409342536485992,failed_with_p1_fallback,NO_BALANCED_SPLIT,review_only
id:diag-one-rep-004%3Arow-10,4,id:outer-04-fold-1,id:row-10,id:x%3A0x1.8000000000000p%2B2,one,5.0,4.350480947161671,0.649519052838329,1.104336015201135,qn_finite_sample,outer_train_inner_oof,0.588153464070472,not_applicable,,review_only
id:diag-two-rep-004%3Arow-10,4,id:outer-04-fold-1,id:row-10,id:x%3A0x1.8000000000000p%2B2,two,5.0,4.350480947161671,0.649519052838329,1.104336015201135,qn_finite_sample,outer_train_inner_oof,0.588153464070472,failed_with_p1_fallback,NO_BALANCED_SPLIT,review_only
id:diag-one-rep-004%3Arow-11,4,id:outer-04-fold-2,id:row-11,id:x%3A0x1.c000000000000p%2B2,one,5.4,4.521850240562579,0.8781497594374211,1.0170886893248545,qn_finite_sample,outer_train_inner_oof,0.8633954626123497,not_applicable,,review_only
id:diag-two-rep-004%3Arow-11,4,id:outer-04-fold-2,id:row-11,id:x%3A0x1.c000000000000p%2B2,two,5.4,4.521850240562579,0.8781497594374211,1.0170886893248545,qn_finite_sample,outer_train_inner_oof,0.8633954626123497,failed_with_p1_fallback,NO_BALANCED_SPLIT,review_only
id:diag-one-rep-005%3Arow-01,5,id:outer-05-fold-1,id:row-01,id:x%3A0x0.0p%2B0,one,1.0,2.6367880131525894,-1.6367880131525894,1.104336015201135,qn_finite_sample,outer_train_inner_oof,-1.4821467294575899,not_applicable,,review_only
id:diag-two-rep-005%3Arow-01,5,id:outer-05-fold-1,id:row-01,id:x%3A0x0.0p%2B0,two,1.0,2.6367880131525894,-1.6367880131525894,1.104336015201135,qn_finite_sample,outer_train_inner_oof,-1.4821467294575899,failed_with_p1_fallback,NO_BALANCED_SPLIT,review_only
id:diag-one-rep-005%3Arow-02,5,id:outer-05-fold-2,id:row-02,id:x%3A0x1.0000000000000p%2B0,one,10.0,6.492597114673023,3.507402885326977,0.9740626108105254,qn_finite_sample,outer_train_inner_oof,3.6007981893570875,not_applicable,,review_only
id:diag-two-rep-005%3Arow-02,5,id:outer-05-fold-2,id:row-02,id:x%3A0x1.0000000000000p%2B0,two,10.0,6.492597114673023,3.507402885326977,0.9740626108105254,qn_finite_sample,outer_train_inner_oof,3.6007981893570875,failed_with_p1_fallback,NO_BALANCED_SPLIT,review_only
id:diag-one-rep-005%3Arow-03,5,id:outer-05-fold-3,id:row-03,id:x%3A0x1.0000000000000p%2B1,one,2.0,3.06521124665486,-1.0652112466548596,1.1413862494773641,qn_finite_sample,outer_train_inner_oof,-0.9332609772919687,not_applicable,,review_only
id:diag-two-rep-005%3Arow-03,5,id:outer-05-fold-3,id:row-03,id:x%3A0x1.0000000000000p%2B1,two,2.0,3.06521124665486,-1.0652112466548596,1.1413862494773641,qn_finite_sample,outer_train_inner_oof,-0.9332609772919687,failed_with_p1_fallback,NO_BALANCED_SPLIT,review_only
id:diag-one-rep-005%3Arow-04,5,id:outer-05-fold-4,id:row-04,id:x%3A0x1.8000000000000p%2B1,one,2.5,3.5318074096517456,-1.0318074096517456,1.3060540317377747,qn_finite_sample,outer_train_inner_oof,-0.7900189307473525,not_applicable,,review_only
id:diag-two-rep-005%3Arow-04,5,id:outer-05-fold-4,id:row-04,id:x%3A0x1.8000000000000p%2B1,two,2.5,3.5318074096517456,-1.0318074096517456,1.3060540317377747,qn_finite_sample,outer_train_inner_oof,-0.7900189307473525,failed_with_p1_fallback,NO_BALANCED_SPLIT,review_only
id:diag-one-rep-005%3Arow-05,5,id:outer-05-fold-1,id:row-05,id:x%3A0x1.8000000000000p%2B1,one,2.7,3.627884361197613,-0.9278843611976129,1.3060540317377747,qn_finite_sample,outer_train_inner_oof,-0.7104486787296335,not_applicable,,review_only
id:diag-two-rep-005%3Arow-05,5,id:outer-05-fold-1,id:row-05,id:x%3A0x1.8000000000000p%2B1,two,2.7,3.627884361197613,-0.9278843611976129,1.3060540317377747,qn_finite_sample,outer_train_inner_oof,-0.7104486787296335,failed_with_p1_fallback,NO_BALANCED_SPLIT,review_only
id:diag-one-rep-005%3Arow-06,5,id:outer-05-fold-2,id:row-06,id:x%3A0x1.8000000000000p%2B1,one,2.7,3.627884361197613,-0.9278843611976129,1.3060540317377747,qn_finite_sample,outer_train_inner_oof,-0.7104486787296335,not_applicable,,review_only
id:diag-two-rep-005%3Arow-06,5,id:outer-05-fold-2,id:row-06,id:x%3A0x1.8000000000000p%2B1,two,2.7,3.627884361197613,-0.9278843611976129,1.3060540317377747,qn_finite_sample,outer_train_inner_oof,-0.7104486787296335,failed_with_p1_fallback,NO_BALANCED_SPLIT,review_only
id:diag-one-rep-005%3Arow-07,5,id:outer-05-fold-3,id:row-07,id:x%3A0x1.8000000000000p%2B1,one,3.2,3.8680767400622815,-0.6680767400622812,1.3060540317377747,qn_finite_sample,outer_train_inner_oof,-0.5115230486853362,not_applicable,,review_only
id:diag-two-rep-005%3Arow-07,5,id:outer-05-fold-3,id:row-07,id:x%3A0x1.8000000000000p%2B1,two,3.2,3.8680767400622815,-0.6680767400622812,1.3060540317377747,qn_finite_sample,outer_train_inner_oof,-0.5115230486853362,failed_with_p1_fallback,NO_BALANCED_SPLIT,review_only
id:diag-one-rep-005%3Arow-08,5,id:outer-05-fold-4,id:row-08,id:x%3A0x1.0000000000000p%2B2,one,3.8,3.8363730669589464,-0.03637306695894658,1.104336015201135,qn_finite_sample,outer_train_inner_oof,-0.03293659398794657,not_applicable,,review_only
id:diag-two-rep-005%3Arow-08,5,id:outer-05-fold-4,id:row-08,id:x%3A0x1.0000000000000p%2B2,two,3.8,3.8363730669589464,-0.03637306695894658,1.104336015201135,qn_finite_sample,outer_train_inner_oof,-0.03293659398794657,failed_with_p1_fallback,NO_BALANCED_SPLIT,review_only
id:diag-one-rep-005%3Arow-09,5,id:outer-05-fold-1,id:row-09,id:x%3A0x1.4000000000000p%2B2,one,4.2,4.007742360359854,0.1922576396401457,1.1043360152011354,qn_finite_sample,outer_train_inner_oof,0.17409342536485992,not_applicable,,review_only
id:diag-two-rep-005%3Arow-09,5,id:outer-05-fold-1,id:row-09,id:x%3A0x1.4000000000000p%2B2,two,4.2,4.007742360359854,0.1922576396401457,1.1043360152011354,qn_finite_sample,outer_train_inner_oof,0.17409342536485992,failed_with_p1_fallback,NO_BALANCED_SPLIT,review_only
id:diag-one-rep-005%3Arow-10,5,id:outer-05-fold-2,id:row-10,id:x%3A0x1.8000000000000p%2B2,one,5.0,4.350480947161671,0.649519052838329,1.104336015201135,qn_finite_sample,outer_train_inner_oof,0.588153464070472,not_applicable,,review_only
id:diag-two-rep-005%3Arow-10,5,id:outer-05-fold-2,id:row-10,id:x%3A0x1.8000000000000p%2B2,two,5.0,4.350480947161671,0.649519052838329,1.104336015201135,qn_finite_sample,outer_train_inner_oof,0.588153464070472,failed_with_p1_fallback,NO_BALANCED_SPLIT,review_only
id:diag-one-rep-005%3Arow-11,5,id:outer-05-fold-3,id:row-11,id:x%3A0x1.c000000000000p%2B2,one,5.4,4.521850240562579,0.8781497594374211,1.0170886893248545,qn_finite_sample,outer_train_inner_oof,0.8633954626123497,not_applicable,,review_only
id:diag-two-rep-005%3Arow-11,5,id:outer-05-fold-3,id:row-11,id:x%3A0x1.c000000000000p%2B2,two,5.4,4.521850240562579,0.8781497594374211,1.0170886893248545,qn_finite_sample,outer_train_inner_oof,0.8633954626123497,failed_with_p1_fallback,NO_BALANCED_SPLIT,review_only
id:diag-one-rep-006%3Arow-01,6,id:outer-06-fold-2,id:row-01,id:x%3A0x0.0p%2B0,one,1.0,2.6367880131525894,-1.6367880131525894,1.104336015201135,qn_finite_sample,outer_train_inner_oof,-1.4821467294575899,not_applicable,,review_only
id:diag-two-rep-006%3Arow-01,6,id:outer-06-fold-2,id:row-01,id:x%3A0x0.0p%2B0,two,1.0,2.6367880131525894,-1.6367880131525894,1.104336015201135,qn_finite_sample,outer_train_inner_oof,-1.4821467294575899,failed_with_p1_fallback,NO_BALANCED_SPLIT,review_only
id:diag-one-rep-006%3Arow-02,6,id:outer-06-fold-3,id:row-02,id:x%3A0x1.0000000000000p%2B0,one,10.0,6.492597114673023,3.507402885326977,0.9740626108105254,qn_finite_sample,outer_train_inner_oof,3.6007981893570875,not_applicable,,review_only
id:diag-two-rep-006%3Arow-02,6,id:outer-06-fold-3,id:row-02,id:x%3A0x1.0000000000000p%2B0,two,10.0,6.492597114673023,3.507402885326977,0.9740626108105254,qn_finite_sample,outer_train_inner_oof,3.6007981893570875,failed_with_p1_fallback,NO_BALANCED_SPLIT,review_only
id:diag-one-rep-006%3Arow-03,6,id:outer-06-fold-4,id:row-03,id:x%3A0x1.0000000000000p%2B1,one,2.0,3.06521124665486,-1.0652112466548596,1.1413862494773641,qn_finite_sample,outer_train_inner_oof,-0.9332609772919687,not_applicable,,review_only
id:diag-two-rep-006%3Arow-03,6,id:outer-06-fold-4,id:row-03,id:x%3A0x1.0000000000000p%2B1,two,2.0,3.06521124665486,-1.0652112466548596,1.1413862494773641,qn_finite_sample,outer_train_inner_oof,-0.9332609772919687,failed_with_p1_fallback,NO_BALANCED_SPLIT,review_only
id:diag-one-rep-006%3Arow-04,6,id:outer-06-fold-1,id:row-04,id:x%3A0x1.8000000000000p%2B1,one,2.5,3.5318074096517456,-1.0318074096517456,1.3060540317377747,qn_finite_sample,outer_train_inner_oof,-0.7900189307473525,not_applicable,,review_only
id:diag-two-rep-006%3Arow-04,6,id:outer-06-fold-1,id:row-04,id:x%3A0x1.8000000000000p%2B1,two,2.5,3.5318074096517456,-1.0318074096517456,1.3060540317377747,qn_finite_sample,outer_train_inner_oof,-0.7900189307473525,failed_with_p1_fallback,NO_BALANCED_SPLIT,review_only
id:diag-one-rep-006%3Arow-05,6,id:outer-06-fold-2,id:row-05,id:x%3A0x1.8000000000000p%2B1,one,2.7,3.627884361197613,-0.9278843611976129,1.3060540317377747,qn_finite_sample,outer_train_inner_oof,-0.7104486787296335,not_applicable,,review_only
id:diag-two-rep-006%3Arow-05,6,id:outer-06-fold-2,id:row-05,id:x%3A0x1.8000000000000p%2B1,two,2.7,3.627884361197613,-0.9278843611976129,1.3060540317377747,qn_finite_sample,outer_train_inner_oof,-0.7104486787296335,failed_with_p1_fallback,NO_BALANCED_SPLIT,review_only
id:diag-one-rep-006%3Arow-06,6,id:outer-06-fold-3,id:row-06,id:x%3A0x1.8000000000000p%2B1,one,2.7,3.627884361197613,-0.9278843611976129,1.3060540317377747,qn_finite_sample,outer_train_inner_oof,-0.7104486787296335,not_applicable,,review_only
id:diag-two-rep-006%3Arow-06,6,id:outer-06-fold-3,id:row-06,id:x%3A0x1.8000000000000p%2B1,two,2.7,3.627884361197613,-0.9278843611976129,1.3060540317377747,qn_finite_sample,outer_train_inner_oof,-0.7104486787296335,failed_with_p1_fallback,NO_BALANCED_SPLIT,review_only
id:diag-one-rep-006%3Arow-07,6,id:outer-06-fold-4,id:row-07,id:x%3A0x1.8000000000000p%2B1,one,3.2,3.8680767400622815,-0.6680767400622812,1.3060540317377747,qn_finite_sample,outer_train_inner_oof,-0.5115230486853362,not_applicable,,review_only
id:diag-two-rep-006%3Arow-07,6,id:outer-06-fold-4,id:row-07,id:x%3A0x1.8000000000000p%2B1,two,3.2,3.8680767400622815,-0.6680767400622812,1.3060540317377747,qn_finite_sample,outer_train_inner_oof,-0.5115230486853362,failed_with_p1_fallback,NO_BALANCED_SPLIT,review_only
id:diag-one-rep-006%3Arow-08,6,id:outer-06-fold-1,id:row-08,id:x%3A0x1.0000000000000p%2B2,one,3.8,3.8363730669589464,-0.03637306695894658,1.104336015201135,qn_finite_sample,outer_train_inner_oof,-0.03293659398794657,not_applicable,,review_only
id:diag-two-rep-006%3Arow-08,6,id:outer-06-fold-1,id:row-08,id:x%3A0x1.0000000000000p%2B2,two,3.8,3.8363730669589464,-0.03637306695894658,1.104336015201135,qn_finite_sample,outer_train_inner_oof,-0.03293659398794657,failed_with_p1_fallback,NO_BALANCED_SPLIT,review_only
id:diag-one-rep-006%3Arow-09,6,id:outer-06-fold-2,id:row-09,id:x%3A0x1.4000000000000p%2B2,one,4.2,4.007742360359854,0.1922576396401457,1.1043360152011354,qn_finite_sample,outer_train_inner_oof,0.17409342536485992,not_applicable,,review_only
id:diag-two-rep-006%3Arow-09,6,id:outer-06-fold-2,id:row-09,id:x%3A0x1.4000000000000p%2B2,two,4.2,4.007742360359854,0.1922576396401457,1.1043360152011354,qn_finite_sample,outer_train_inner_oof,0.17409342536485992,failed_with_p1_fallback,NO_BALANCED_SPLIT,review_only
id:diag-one-rep-006%3Arow-10,6,id:outer-06-fold-3,id:row-10,id:x%3A0x1.8000000000000p%2B2,one,5.0,4.350480947161671,0.649519052838329,1.104336015201135,qn_finite_sample,outer_train_inner_oof,0.588153464070472,not_applicable,,review_only
id:diag-two-rep-006%3Arow-10,6,id:outer-06-fold-3,id:row-10,id:x%3A0x1.8000000000000p%2B2,two,5.0,4.350480947161671,0.649519052838329,1.104336015201135,qn_finite_sample,outer_train_inner_oof,0.588153464070472,failed_with_p1_fallback,NO_BALANCED_SPLIT,review_only
id:diag-one-rep-006%3Arow-11,6,id:outer-06-fold-4,id:row-11,id:x%3A0x1.c000000000000p%2B2,one,5.4,4.521850240562579,0.8781497594374211,1.0170886893248545,qn_finite_sample,outer_train_inner_oof,0.8633954626123497,not_applicable,,review_only
id:diag-two-rep-006%3Arow-11,6,id:outer-06-fold-4,id:row-11,id:x%3A0x1.c000000000000p%2B2,two,5.4,4.521850240562579,0.8781497594374211,1.0170886893248545,qn_finite_sample,outer_train_inner_oof,0.8633954626123497,failed_with_p1_fallback,NO_BALANCED_SPLIT,review_only
id:diag-one-rep-007%3Arow-01,7,id:outer-07-fold-3,id:row-01,id:x%3A0x0.0p%2B0,one,1.0,2.6367880131525894,-1.6367880131525894,1.104336015201135,qn_finite_sample,outer_train_inner_oof,-1.4821467294575899,not_applicable,,review_only
id:diag-two-rep-007%3Arow-01,7,id:outer-07-fold-3,id:row-01,id:x%3A0x0.0p%2B0,two,1.0,2.6367880131525894,-1.6367880131525894,1.104336015201135,qn_finite_sample,outer_train_inner_oof,-1.4821467294575899,failed_with_p1_fallback,NO_BALANCED_SPLIT,review_only
id:diag-one-rep-007%3Arow-02,7,id:outer-07-fold-4,id:row-02,id:x%3A0x1.0000000000000p%2B0,one,10.0,6.492597114673023,3.507402885326977,0.9740626108105254,qn_finite_sample,outer_train_inner_oof,3.6007981893570875,not_applicable,,review_only
id:diag-two-rep-007%3Arow-02,7,id:outer-07-fold-4,id:row-02,id:x%3A0x1.0000000000000p%2B0,two,10.0,6.492597114673023,3.507402885326977,0.9740626108105254,qn_finite_sample,outer_train_inner_oof,3.6007981893570875,failed_with_p1_fallback,NO_BALANCED_SPLIT,review_only
id:diag-one-rep-007%3Arow-03,7,id:outer-07-fold-1,id:row-03,id:x%3A0x1.0000000000000p%2B1,one,2.0,3.06521124665486,-1.0652112466548596,1.1413862494773641,qn_finite_sample,outer_train_inner_oof,-0.9332609772919687,not_applicable,,review_only
id:diag-two-rep-007%3Arow-03,7,id:outer-07-fold-1,id:row-03,id:x%3A0x1.0000000000000p%2B1,two,2.0,3.06521124665486,-1.0652112466548596,1.1413862494773641,qn_finite_sample,outer_train_inner_oof,-0.9332609772919687,failed_with_p1_fallback,NO_BALANCED_SPLIT,review_only
id:diag-one-rep-007%3Arow-04,7,id:outer-07-fold-2,id:row-04,id:x%3A0x1.8000000000000p%2B1,one,2.5,3.5318074096517456,-1.0318074096517456,1.3060540317377747,qn_finite_sample,outer_train_inner_oof,-0.7900189307473525,not_applicable,,review_only
id:diag-two-rep-007%3Arow-04,7,id:outer-07-fold-2,id:row-04,id:x%3A0x1.8000000000000p%2B1,two,2.5,3.5318074096517456,-1.0318074096517456,1.3060540317377747,qn_finite_sample,outer_train_inner_oof,-0.7900189307473525,failed_with_p1_fallback,NO_BALANCED_SPLIT,review_only
id:diag-one-rep-007%3Arow-05,7,id:outer-07-fold-3,id:row-05,id:x%3A0x1.8000000000000p%2B1,one,2.7,3.627884361197613,-0.9278843611976129,1.3060540317377747,qn_finite_sample,outer_train_inner_oof,-0.7104486787296335,not_applicable,,review_only
id:diag-two-rep-007%3Arow-05,7,id:outer-07-fold-3,id:row-05,id:x%3A0x1.8000000000000p%2B1,two,2.7,3.627884361197613,-0.9278843611976129,1.3060540317377747,qn_finite_sample,outer_train_inner_oof,-0.7104486787296335,failed_with_p1_fallback,NO_BALANCED_SPLIT,review_only
id:diag-one-rep-007%3Arow-06,7,id:outer-07-fold-4,id:row-06,id:x%3A0x1.8000000000000p%2B1,one,2.7,3.627884361197613,-0.9278843611976129,1.3060540317377747,qn_finite_sample,outer_train_inner_oof,-0.7104486787296335,not_applicable,,review_only
id:diag-two-rep-007%3Arow-06,7,id:outer-07-fold-4,id:row-06,id:x%3A0x1.8000000000000p%2B1,two,2.7,3.627884361197613,-0.9278843611976129,1.3060540317377747,qn_finite_sample,outer_train_inner_oof,-0.7104486787296335,failed_with_p1_fallback,NO_BALANCED_SPLIT,review_only
id:diag-one-rep-007%3Arow-07,7,id:outer-07-fold-1,id:row-07,id:x%3A0x1.8000000000000p%2B1,one,3.2,3.8680767400622815,-0.6680767400622812,1.3060540317377747,qn_finite_sample,outer_train_inner_oof,-0.5115230486853362,not_applicable,,review_only
id:diag-two-rep-007%3Arow-07,7,id:outer-07-fold-1,id:row-07,id:x%3A0x1.8000000000000p%2B1,two,3.2,3.8680767400622815,-0.6680767400622812,1.3060540317377747,qn_finite_sample,outer_train_inner_oof,-0.5115230486853362,failed_with_p1_fallback,NO_BALANCED_SPLIT,review_only
id:diag-one-rep-007%3Arow-08,7,id:outer-07-fold-2,id:row-08,id:x%3A0x1.0000000000000p%2B2,one,3.8,3.8363730669589464,-0.03637306695894658,1.104336015201135,qn_finite_sample,outer_train_inner_oof,-0.03293659398794657,not_applicable,,review_only
id:diag-two-rep-007%3Arow-08,7,id:outer-07-fold-2,id:row-08,id:x%3A0x1.0000000000000p%2B2,two,3.8,3.8363730669589464,-0.03637306695894658,1.104336015201135,qn_finite_sample,outer_train_inner_oof,-0.03293659398794657,failed_with_p1_fallback,NO_BALANCED_SPLIT,review_only
id:diag-one-rep-007%3Arow-09,7,id:outer-07-fold-3,id:row-09,id:x%3A0x1.4000000000000p%2B2,one,4.2,4.007742360359854,0.1922576396401457,1.1043360152011354,qn_finite_sample,outer_train_inner_oof,0.17409342536485992,not_applicable,,review_only
id:diag-two-rep-007%3Arow-09,7,id:outer-07-fold-3,id:row-09,id:x%3A0x1.4000000000000p%2B2,two,4.2,4.007742360359854,0.1922576396401457,1.1043360152011354,qn_finite_sample,outer_train_inner_oof,0.17409342536485992,failed_with_p1_fallback,NO_BALANCED_SPLIT,review_only
id:diag-one-rep-007%3Arow-10,7,id:outer-07-fold-4,id:row-10,id:x%3A0x1.8000000000000p%2B2,one,5.0,4.350480947161671,0.649519052838329,1.104336015201135,qn_finite_sample,outer_train_inner_oof,0.588153464070472,not_applicable,,review_only
id:diag-two-rep-007%3Arow-10,7,id:outer-07-fold-4,id:row-10,id:x%3A0x1.8000000000000p%2B2,two,5.0,4.350480947161671,0.649519052838329,1.104336015201135,qn_finite_sample,outer_train_inner_oof,0.588153464070472,failed_with_p1_fallback,NO_BALANCED_SPLIT,review_only
id:diag-one-rep-007%3Arow-11,7,id:outer-07-fold-1,id:row-11,id:x%3A0x1.c000000000000p%2B2,one,5.4,4.521850240562579,0.8781497594374211,1.0170886893248545,qn_finite_sample,outer_train_inner_oof,0.8633954626123497,not_applicable,,review_only
id:diag-two-rep-007%3Arow-11,7,id:outer-07-fold-1,id:row-11,id:x%3A0x1.c000000000000p%2B2,two,5.4,4.521850240562579,0.8781497594374211,1.0170886893248545,qn_finite_sample,outer_train_inner_oof,0.8633954626123497,failed_with_p1_fallback,NO_BALANCED_SPLIT,review_only
id:diag-one-rep-008%3Arow-01,8,id:outer-08-fold-4,id:row-01,id:x%3A0x0.0p%2B0,one,1.0,2.6367880131525894,-1.6367880131525894,1.104336015201135,qn_finite_sample,outer_train_inner_oof,-1.4821467294575899,not_applicable,,review_only
id:diag-two-rep-008%3Arow-01,8,id:outer-08-fold-4,id:row-01,id:x%3A0x0.0p%2B0,two,1.0,2.6367880131525894,-1.6367880131525894,1.104336015201135,qn_finite_sample,outer_train_inner_oof,-1.4821467294575899,failed_with_p1_fallback,NO_BALANCED_SPLIT,review_only
id:diag-one-rep-008%3Arow-02,8,id:outer-08-fold-1,id:row-02,id:x%3A0x1.0000000000000p%2B0,one,10.0,6.492597114673023,3.507402885326977,0.9740626108105254,qn_finite_sample,outer_train_inner_oof,3.6007981893570875,not_applicable,,review_only
id:diag-two-rep-008%3Arow-02,8,id:outer-08-fold-1,id:row-02,id:x%3A0x1.0000000000000p%2B0,two,10.0,6.492597114673023,3.507402885326977,0.9740626108105254,qn_finite_sample,outer_train_inner_oof,3.6007981893570875,failed_with_p1_fallback,NO_BALANCED_SPLIT,review_only
id:diag-one-rep-008%3Arow-03,8,id:outer-08-fold-2,id:row-03,id:x%3A0x1.0000000000000p%2B1,one,2.0,3.06521124665486,-1.0652112466548596,1.1413862494773641,qn_finite_sample,outer_train_inner_oof,-0.9332609772919687,not_applicable,,review_only
id:diag-two-rep-008%3Arow-03,8,id:outer-08-fold-2,id:row-03,id:x%3A0x1.0000000000000p%2B1,two,2.0,3.06521124665486,-1.0652112466548596,1.1413862494773641,qn_finite_sample,outer_train_inner_oof,-0.9332609772919687,failed_with_p1_fallback,NO_BALANCED_SPLIT,review_only
id:diag-one-rep-008%3Arow-04,8,id:outer-08-fold-3,id:row-04,id:x%3A0x1.8000000000000p%2B1,one,2.5,3.5318074096517456,-1.0318074096517456,1.3060540317377747,qn_finite_sample,outer_train_inner_oof,-0.7900189307473525,not_applicable,,review_only
id:diag-two-rep-008%3Arow-04,8,id:outer-08-fold-3,id:row-04,id:x%3A0x1.8000000000000p%2B1,two,2.5,3.5318074096517456,-1.0318074096517456,1.3060540317377747,qn_finite_sample,outer_train_inner_oof,-0.7900189307473525,failed_with_p1_fallback,NO_BALANCED_SPLIT,review_only
id:diag-one-rep-008%3Arow-05,8,id:outer-08-fold-4,id:row-05,id:x%3A0x1.8000000000000p%2B1,one,2.7,3.627884361197613,-0.9278843611976129,1.3060540317377747,qn_finite_sample,outer_train_inner_oof,-0.7104486787296335,not_applicable,,review_only
id:diag-two-rep-008%3Arow-05,8,id:outer-08-fold-4,id:row-05,id:x%3A0x1.8000000000000p%2B1,two,2.7,3.627884361197613,-0.9278843611976129,1.3060540317377747,qn_finite_sample,outer_train_inner_oof,-0.7104486787296335,failed_with_p1_fallback,NO_BALANCED_SPLIT,review_only
id:diag-one-rep-008%3Arow-06,8,id:outer-08-fold-1,id:row-06,id:x%3A0x1.8000000000000p%2B1,one,2.7,3.627884361197613,-0.9278843611976129,1.3060540317377747,qn_finite_sample,outer_train_inner_oof,-0.7104486787296335,not_applicable,,review_only
id:diag-two-rep-008%3Arow-06,8,id:outer-08-fold-1,id:row-06,id:x%3A0x1.8000000000000p%2B1,two,2.7,3.627884361197613,-0.9278843611976129,1.3060540317377747,qn_finite_sample,outer_train_inner_oof,-0.7104486787296335,failed_with_p1_fallback,NO_BALANCED_SPLIT,review_only
id:diag-one-rep-008%3Arow-07,8,id:outer-08-fold-2,id:row-07,id:x%3A0x1.8000000000000p%2B1,one,3.2,3.8680767400622815,-0.6680767400622812,1.3060540317377747,qn_finite_sample,outer_train_inner_oof,-0.5115230486853362,not_applicable,,review_only
id:diag-two-rep-008%3Arow-07,8,id:outer-08-fold-2,id:row-07,id:x%3A0x1.8000000000000p%2B1,two,3.2,3.8680767400622815,-0.6680767400622812,1.3060540317377747,qn_finite_sample,outer_train_inner_oof,-0.5115230486853362,failed_with_p1_fallback,NO_BALANCED_SPLIT,review_only
id:diag-one-rep-008%3Arow-08,8,id:outer-08-fold-3,id:row-08,id:x%3A0x1.0000000000000p%2B2,one,3.8,3.8363730669589464,-0.03637306695894658,1.104336015201135,qn_finite_sample,outer_train_inner_oof,-0.03293659398794657,not_applicable,,review_only
id:diag-two-rep-008%3Arow-08,8,id:outer-08-fold-3,id:row-08,id:x%3A0x1.0000000000000p%2B2,two,3.8,3.8363730669589464,-0.03637306695894658,1.104336015201135,qn_finite_sample,outer_train_inner_oof,-0.03293659398794657,failed_with_p1_fallback,NO_BALANCED_SPLIT,review_only
id:diag-one-rep-008%3Arow-09,8,id:outer-08-fold-4,id:row-09,id:x%3A0x1.4000000000000p%2B2,one,4.2,4.007742360359854,0.1922576396401457,1.1043360152011354,qn_finite_sample,outer_train_inner_oof,0.17409342536485992,not_applicable,,review_only
id:diag-two-rep-008%3Arow-09,8,id:outer-08-fold-4,id:row-09,id:x%3A0x1.4000000000000p%2B2,two,4.2,4.007742360359854,0.1922576396401457,1.1043360152011354,qn_finite_sample,outer_train_inner_oof,0.17409342536485992,failed_with_p1_fallback,NO_BALANCED_SPLIT,review_only
id:diag-one-rep-008%3Arow-10,8,id:outer-08-fold-1,id:row-10,id:x%3A0x1.8000000000000p%2B2,one,5.0,4.350480947161671,0.649519052838329,1.104336015201135,qn_finite_sample,outer_train_inner_oof,0.588153464070472,not_applicable,,review_only
id:diag-two-rep-008%3Arow-10,8,id:outer-08-fold-1,id:row-10,id:x%3A0x1.8000000000000p%2B2,two,5.0,4.350480947161671,0.649519052838329,1.104336015201135,qn_finite_sample,outer_train_inner_oof,0.588153464070472,failed_with_p1_fallback,NO_BALANCED_SPLIT,review_only
id:diag-one-rep-008%3Arow-11,8,id:outer-08-fold-2,id:row-11,id:x%3A0x1.c000000000000p%2B2,one,5.4,4.521850240562579,0.8781497594374211,1.0170886893248545,qn_finite_sample,outer_train_inner_oof,0.8633954626123497,not_applicable,,review_only
id:diag-two-rep-008%3Arow-11,8,id:outer-08-fold-2,id:row-11,id:x%3A0x1.c000000000000p%2B2,two,5.4,4.521850240562579,0.8781497594374211,1.0170886893248545,qn_finite_sample,outer_train_inner_oof,0.8633954626123497,failed_with_p1_fallback,NO_BALANCED_SPLIT,review_only
id:diag-one-rep-009%3Arow-01,9,id:outer-09-fold-1,id:row-01,id:x%3A0x0.0p%2B0,one,1.0,2.6367880131525894,-1.6367880131525894,1.104336015201135,qn_finite_sample,outer_train_inner_oof,-1.4821467294575899,not_applicable,,review_only
id:diag-two-rep-009%3Arow-01,9,id:outer-09-fold-1,id:row-01,id:x%3A0x0.0p%2B0,two,1.0,2.6367880131525894,-1.6367880131525894,1.104336015201135,qn_finite_sample,outer_train_inner_oof,-1.4821467294575899,failed_with_p1_fallback,NO_BALANCED_SPLIT,review_only
id:diag-one-rep-009%3Arow-02,9,id:outer-09-fold-2,id:row-02,id:x%3A0x1.0000000000000p%2B0,one,10.0,6.492597114673023,3.507402885326977,0.9740626108105254,qn_finite_sample,outer_train_inner_oof,3.6007981893570875,not_applicable,,review_only
id:diag-two-rep-009%3Arow-02,9,id:outer-09-fold-2,id:row-02,id:x%3A0x1.0000000000000p%2B0,two,10.0,6.492597114673023,3.507402885326977,0.9740626108105254,qn_finite_sample,outer_train_inner_oof,3.6007981893570875,failed_with_p1_fallback,NO_BALANCED_SPLIT,review_only
id:diag-one-rep-009%3Arow-03,9,id:outer-09-fold-3,id:row-03,id:x%3A0x1.0000000000000p%2B1,one,2.0,3.06521124665486,-1.0652112466548596,1.1413862494773641,qn_finite_sample,outer_train_inner_oof,-0.9332609772919687,not_applicable,,review_only
id:diag-two-rep-009%3Arow-03,9,id:outer-09-fold-3,id:row-03,id:x%3A0x1.0000000000000p%2B1,two,2.0,3.06521124665486,-1.0652112466548596,1.1413862494773641,qn_finite_sample,outer_train_inner_oof,-0.9332609772919687,failed_with_p1_fallback,NO_BALANCED_SPLIT,review_only
id:diag-one-rep-009%3Arow-04,9,id:outer-09-fold-4,id:row-04,id:x%3A0x1.8000000000000p%2B1,one,2.5,3.5318074096517456,-1.0318074096517456,1.3060540317377747,qn_finite_sample,outer_train_inner_oof,-0.7900189307473525,not_applicable,,review_only
id:diag-two-rep-009%3Arow-04,9,id:outer-09-fold-4,id:row-04,id:x%3A0x1.8000000000000p%2B1,two,2.5,3.5318074096517456,-1.0318074096517456,1.3060540317377747,qn_finite_sample,outer_train_inner_oof,-0.7900189307473525,failed_with_p1_fallback,NO_BALANCED_SPLIT,review_only
id:diag-one-rep-009%3Arow-05,9,id:outer-09-fold-1,id:row-05,id:x%3A0x1.8000000000000p%2B1,one,2.7,3.627884361197613,-0.9278843611976129,1.3060540317377747,qn_finite_sample,outer_train_inner_oof,-0.7104486787296335,not_applicable,,review_only
id:diag-two-rep-009%3Arow-05,9,id:outer-09-fold-1,id:row-05,id:x%3A0x1.8000000000000p%2B1,two,2.7,3.627884361197613,-0.9278843611976129,1.3060540317377747,qn_finite_sample,outer_train_inner_oof,-0.7104486787296335,failed_with_p1_fallback,NO_BALANCED_SPLIT,review_only
id:diag-one-rep-009%3Arow-06,9,id:outer-09-fold-2,id:row-06,id:x%3A0x1.8000000000000p%2B1,one,2.7,3.627884361197613,-0.9278843611976129,1.3060540317377747,qn_finite_sample,outer_train_inner_oof,-0.7104486787296335,not_applicable,,review_only
id:diag-two-rep-009%3Arow-06,9,id:outer-09-fold-2,id:row-06,id:x%3A0x1.8000000000000p%2B1,two,2.7,3.627884361197613,-0.9278843611976129,1.3060540317377747,qn_finite_sample,outer_train_inner_oof,-0.7104486787296335,failed_with_p1_fallback,NO_BALANCED_SPLIT,review_only
id:diag-one-rep-009%3Arow-07,9,id:outer-09-fold-3,id:row-07,id:x%3A0x1.8000000000000p%2B1,one,3.2,3.8680767400622815,-0.6680767400622812,1.3060540317377747,qn_finite_sample,outer_train_inner_oof,-0.5115230486853362,not_applicable,,review_only
id:diag-two-rep-009%3Arow-07,9,id:outer-09-fold-3,id:row-07,id:x%3A0x1.8000000000000p%2B1,two,3.2,3.8680767400622815,-0.6680767400622812,1.3060540317377747,qn_finite_sample,outer_train_inner_oof,-0.5115230486853362,failed_with_p1_fallback,NO_BALANCED_SPLIT,review_only
id:diag-one-rep-009%3Arow-08,9,id:outer-09-fold-4,id:row-08,id:x%3A0x1.0000000000000p%2B2,one,3.8,3.8363730669589464,-0.03637306695894658,1.104336015201135,qn_finite_sample,outer_train_inner_oof,-0.03293659398794657,not_applicable,,review_only
id:diag-two-rep-009%3Arow-08,9,id:outer-09-fold-4,id:row-08,id:x%3A0x1.0000000000000p%2B2,two,3.8,3.8363730669589464,-0.03637306695894658,1.104336015201135,qn_finite_sample,outer_train_inner_oof,-0.03293659398794657,failed_with_p1_fallback,NO_BALANCED_SPLIT,review_only
id:diag-one-rep-009%3Arow-09,9,id:outer-09-fold-1,id:row-09,id:x%3A0x1.4000000000000p%2B2,one,4.2,4.007742360359854,0.1922576396401457,1.1043360152011354,qn_finite_sample,outer_train_inner_oof,0.17409342536485992,not_applicable,,review_only
id:diag-two-rep-009%3Arow-09,9,id:outer-09-fold-1,id:row-09,id:x%3A0x1.4000000000000p%2B2,two,4.2,4.007742360359854,0.1922576396401457,1.1043360152011354,qn_finite_sample,outer_train_inner_oof,0.17409342536485992,failed_with_p1_fallback,NO_BALANCED_SPLIT,review_only
id:diag-one-rep-009%3Arow-10,9,id:outer-09-fold-2,id:row-10,id:x%3A0x1.8000000000000p%2B2,one,5.0,4.350480947161671,0.649519052838329,1.104336015201135,qn_finite_sample,outer_train_inner_oof,0.588153464070472,not_applicable,,review_only
id:diag-two-rep-009%3Arow-10,9,id:outer-09-fold-2,id:row-10,id:x%3A0x1.8000000000000p%2B2,two,5.0,4.350480947161671,0.649519052838329,1.104336015201135,qn_finite_sample,outer_train_inner_oof,0.588153464070472,failed_with_p1_fallback,NO_BALANCED_SPLIT,review_only
id:diag-one-rep-009%3Arow-11,9,id:outer-09-fold-3,id:row-11,id:x%3A0x1.c000000000000p%2B2,one,5.4,4.521850240562579,0.8781497594374211,1.0170886893248545,qn_finite_sample,outer_train_inner_oof,0.8633954626123497,not_applicable,,review_only
id:diag-two-rep-009%3Arow-11,9,id:outer-09-fold-3,id:row-11,id:x%3A0x1.c000000000000p%2B2,two,5.4,4.521850240562579,0.8781497594374211,1.0170886893248545,qn_finite_sample,outer_train_inner_oof,0.8633954626123497,failed_with_p1_fallback,NO_BALANCED_SPLIT,review_only
id:diag-one-rep-010%3Arow-01,10,id:outer-10-fold-2,id:row-01,id:x%3A0x0.0p%2B0,one,1.0,2.6367880131525894,-1.6367880131525894,1.104336015201135,qn_finite_sample,outer_train_inner_oof,-1.4821467294575899,not_applicable,,review_only
id:diag-two-rep-010%3Arow-01,10,id:outer-10-fold-2,id:row-01,id:x%3A0x0.0p%2B0,two,1.0,2.6367880131525894,-1.6367880131525894,1.104336015201135,qn_finite_sample,outer_train_inner_oof,-1.4821467294575899,failed_with_p1_fallback,NO_BALANCED_SPLIT,review_only
id:diag-one-rep-010%3Arow-02,10,id:outer-10-fold-3,id:row-02,id:x%3A0x1.0000000000000p%2B0,one,10.0,6.492597114673023,3.507402885326977,0.9740626108105254,qn_finite_sample,outer_train_inner_oof,3.6007981893570875,not_applicable,,review_only
id:diag-two-rep-010%3Arow-02,10,id:outer-10-fold-3,id:row-02,id:x%3A0x1.0000000000000p%2B0,two,10.0,6.492597114673023,3.507402885326977,0.9740626108105254,qn_finite_sample,outer_train_inner_oof,3.6007981893570875,failed_with_p1_fallback,NO_BALANCED_SPLIT,review_only
id:diag-one-rep-010%3Arow-03,10,id:outer-10-fold-4,id:row-03,id:x%3A0x1.0000000000000p%2B1,one,2.0,3.06521124665486,-1.0652112466548596,1.1413862494773641,qn_finite_sample,outer_train_inner_oof,-0.9332609772919687,not_applicable,,review_only
id:diag-two-rep-010%3Arow-03,10,id:outer-10-fold-4,id:row-03,id:x%3A0x1.0000000000000p%2B1,two,2.0,3.06521124665486,-1.0652112466548596,1.1413862494773641,qn_finite_sample,outer_train_inner_oof,-0.9332609772919687,failed_with_p1_fallback,NO_BALANCED_SPLIT,review_only
id:diag-one-rep-010%3Arow-04,10,id:outer-10-fold-1,id:row-04,id:x%3A0x1.8000000000000p%2B1,one,2.5,3.5318074096517456,-1.0318074096517456,1.3060540317377747,qn_finite_sample,outer_train_inner_oof,-0.7900189307473525,not_applicable,,review_only
id:diag-two-rep-010%3Arow-04,10,id:outer-10-fold-1,id:row-04,id:x%3A0x1.8000000000000p%2B1,two,2.5,3.5318074096517456,-1.0318074096517456,1.3060540317377747,qn_finite_sample,outer_train_inner_oof,-0.7900189307473525,failed_with_p1_fallback,NO_BALANCED_SPLIT,review_only
id:diag-one-rep-010%3Arow-05,10,id:outer-10-fold-2,id:row-05,id:x%3A0x1.8000000000000p%2B1,one,2.7,3.627884361197613,-0.9278843611976129,1.3060540317377747,qn_finite_sample,outer_train_inner_oof,-0.7104486787296335,not_applicable,,review_only
id:diag-two-rep-010%3Arow-05,10,id:outer-10-fold-2,id:row-05,id:x%3A0x1.8000000000000p%2B1,two,2.7,3.627884361197613,-0.9278843611976129,1.3060540317377747,qn_finite_sample,outer_train_inner_oof,-0.7104486787296335,failed_with_p1_fallback,NO_BALANCED_SPLIT,review_only
id:diag-one-rep-010%3Arow-06,10,id:outer-10-fold-3,id:row-06,id:x%3A0x1.8000000000000p%2B1,one,2.7,3.627884361197613,-0.9278843611976129,1.3060540317377747,qn_finite_sample,outer_train_inner_oof,-0.7104486787296335,not_applicable,,review_only
id:diag-two-rep-010%3Arow-06,10,id:outer-10-fold-3,id:row-06,id:x%3A0x1.8000000000000p%2B1,two,2.7,3.627884361197613,-0.9278843611976129,1.3060540317377747,qn_finite_sample,outer_train_inner_oof,-0.7104486787296335,failed_with_p1_fallback,NO_BALANCED_SPLIT,review_only
id:diag-one-rep-010%3Arow-07,10,id:outer-10-fold-4,id:row-07,id:x%3A0x1.8000000000000p%2B1,one,3.2,3.8680767400622815,-0.6680767400622812,1.3060540317377747,qn_finite_sample,outer_train_inner_oof,-0.5115230486853362,not_applicable,,review_only
id:diag-two-rep-010%3Arow-07,10,id:outer-10-fold-4,id:row-07,id:x%3A0x1.8000000000000p%2B1,two,3.2,3.8680767400622815,-0.6680767400622812,1.3060540317377747,qn_finite_sample,outer_train_inner_oof,-0.5115230486853362,failed_with_p1_fallback,NO_BALANCED_SPLIT,review_only
id:diag-one-rep-010%3Arow-08,10,id:outer-10-fold-1,id:row-08,id:x%3A0x1.0000000000000p%2B2,one,3.8,3.8363730669589464,-0.03637306695894658,1.104336015201135,qn_finite_sample,outer_train_inner_oof,-0.03293659398794657,not_applicable,,review_only
id:diag-two-rep-010%3Arow-08,10,id:outer-10-fold-1,id:row-08,id:x%3A0x1.0000000000000p%2B2,two,3.8,3.8363730669589464,-0.03637306695894658,1.104336015201135,qn_finite_sample,outer_train_inner_oof,-0.03293659398794657,failed_with_p1_fallback,NO_BALANCED_SPLIT,review_only
id:diag-one-rep-010%3Arow-09,10,id:outer-10-fold-2,id:row-09,id:x%3A0x1.4000000000000p%2B2,one,4.2,4.007742360359854,0.1922576396401457,1.1043360152011354,qn_finite_sample,outer_train_inner_oof,0.17409342536485992,not_applicable,,review_only
id:diag-two-rep-010%3Arow-09,10,id:outer-10-fold-2,id:row-09,id:x%3A0x1.4000000000000p%2B2,two,4.2,4.007742360359854,0.1922576396401457,1.1043360152011354,qn_finite_sample,outer_train_inner_oof,0.17409342536485992,failed_with_p1_fallback,NO_BALANCED_SPLIT,review_only
id:diag-one-rep-010%3Arow-10,10,id:outer-10-fold-3,id:row-10,id:x%3A0x1.8000000000000p%2B2,one,5.0,4.350480947161671,0.649519052838329,1.104336015201135,qn_finite_sample,outer_train_inner_oof,0.588153464070472,not_applicable,,review_only
id:diag-two-rep-010%3Arow-10,10,id:outer-10-fold-3,id:row-10,id:x%3A0x1.8000000000000p%2B2,two,5.0,4.350480947161671,0.649519052838329,1.104336015201135,qn_finite_sample,outer_train_inner_oof,0.588153464070472,failed_with_p1_fallback,NO_BALANCED_SPLIT,review_only
id:diag-one-rep-010%3Arow-11,10,id:outer-10-fold-4,id:row-11,id:x%3A0x1.c000000000000p%2B2,one,5.4,4.521850240562579,0.8781497594374211,1.0170886893248545,qn_finite_sample,outer_train_inner_oof,0.8633954626123497,not_applicable,,review_only
id:diag-two-rep-010%3Arow-11,10,id:outer-10-fold-4,id:row-11,id:x%3A0x1.c000000000000p%2B2,two,5.4,4.521850240562579,0.8781497594374211,1.0170886893248545,qn_finite_sample,outer_train_inner_oof,0.8633954626123497,failed_with_p1_fallback,NO_BALANCED_SPLIT,review_only
id:diag-one-rep-011%3Arow-01,11,id:outer-11-fold-3,id:row-01,id:x%3A0x0.0p%2B0,one,1.0,2.6367880131525894,-1.6367880131525894,1.104336015201135,qn_finite_sample,outer_train_inner_oof,-1.4821467294575899,not_applicable,,review_only
id:diag-two-rep-011%3Arow-01,11,id:outer-11-fold-3,id:row-01,id:x%3A0x0.0p%2B0,two,1.0,2.6367880131525894,-1.6367880131525894,1.104336015201135,qn_finite_sample,outer_train_inner_oof,-1.4821467294575899,failed_with_p1_fallback,NO_BALANCED_SPLIT,review_only
id:diag-one-rep-011%3Arow-02,11,id:outer-11-fold-4,id:row-02,id:x%3A0x1.0000000000000p%2B0,one,10.0,6.492597114673023,3.507402885326977,0.9740626108105254,qn_finite_sample,outer_train_inner_oof,3.6007981893570875,not_applicable,,review_only
id:diag-two-rep-011%3Arow-02,11,id:outer-11-fold-4,id:row-02,id:x%3A0x1.0000000000000p%2B0,two,10.0,6.492597114673023,3.507402885326977,0.9740626108105254,qn_finite_sample,outer_train_inner_oof,3.6007981893570875,failed_with_p1_fallback,NO_BALANCED_SPLIT,review_only
id:diag-one-rep-011%3Arow-03,11,id:outer-11-fold-1,id:row-03,id:x%3A0x1.0000000000000p%2B1,one,2.0,3.06521124665486,-1.0652112466548596,1.1413862494773641,qn_finite_sample,outer_train_inner_oof,-0.9332609772919687,not_applicable,,review_only
id:diag-two-rep-011%3Arow-03,11,id:outer-11-fold-1,id:row-03,id:x%3A0x1.0000000000000p%2B1,two,2.0,3.06521124665486,-1.0652112466548596,1.1413862494773641,qn_finite_sample,outer_train_inner_oof,-0.9332609772919687,failed_with_p1_fallback,NO_BALANCED_SPLIT,review_only
id:diag-one-rep-011%3Arow-04,11,id:outer-11-fold-2,id:row-04,id:x%3A0x1.8000000000000p%2B1,one,2.5,3.5318074096517456,-1.0318074096517456,1.3060540317377747,qn_finite_sample,outer_train_inner_oof,-0.7900189307473525,not_applicable,,review_only
id:diag-two-rep-011%3Arow-04,11,id:outer-11-fold-2,id:row-04,id:x%3A0x1.8000000000000p%2B1,two,2.5,3.5318074096517456,-1.0318074096517456,1.3060540317377747,qn_finite_sample,outer_train_inner_oof,-0.7900189307473525,failed_with_p1_fallback,NO_BALANCED_SPLIT,review_only
id:diag-one-rep-011%3Arow-05,11,id:outer-11-fold-3,id:row-05,id:x%3A0x1.8000000000000p%2B1,one,2.7,3.627884361197613,-0.9278843611976129,1.3060540317377747,qn_finite_sample,outer_train_inner_oof,-0.7104486787296335,not_applicable,,review_only
id:diag-two-rep-011%3Arow-05,11,id:outer-11-fold-3,id:row-05,id:x%3A0x1.8000000000000p%2B1,two,2.7,3.627884361197613,-0.9278843611976129,1.3060540317377747,qn_finite_sample,outer_train_inner_oof,-0.7104486787296335,failed_with_p1_fallback,NO_BALANCED_SPLIT,review_only
id:diag-one-rep-011%3Arow-06,11,id:outer-11-fold-4,id:row-06,id:x%3A0x1.8000000000000p%2B1,one,2.7,3.627884361197613,-0.9278843611976129,1.3060540317377747,qn_finite_sample,outer_train_inner_oof,-0.7104486787296335,not_applicable,,review_only
id:diag-two-rep-011%3Arow-06,11,id:outer-11-fold-4,id:row-06,id:x%3A0x1.8000000000000p%2B1,two,2.7,3.627884361197613,-0.9278843611976129,1.3060540317377747,qn_finite_sample,outer_train_inner_oof,-0.7104486787296335,failed_with_p1_fallback,NO_BALANCED_SPLIT,review_only
id:diag-one-rep-011%3Arow-07,11,id:outer-11-fold-1,id:row-07,id:x%3A0x1.8000000000000p%2B1,one,3.2,3.8680767400622815,-0.6680767400622812,1.3060540317377747,qn_finite_sample,outer_train_inner_oof,-0.5115230486853362,not_applicable,,review_only
id:diag-two-rep-011%3Arow-07,11,id:outer-11-fold-1,id:row-07,id:x%3A0x1.8000000000000p%2B1,two,3.2,3.8680767400622815,-0.6680767400622812,1.3060540317377747,qn_finite_sample,outer_train_inner_oof,-0.5115230486853362,failed_with_p1_fallback,NO_BALANCED_SPLIT,review_only
id:diag-one-rep-011%3Arow-08,11,id:outer-11-fold-2,id:row-08,id:x%3A0x1.0000000000000p%2B2,one,3.8,3.8363730669589464,-0.03637306695894658,1.104336015201135,qn_finite_sample,outer_train_inner_oof,-0.03293659398794657,not_applicable,,review_only
id:diag-two-rep-011%3Arow-08,11,id:outer-11-fold-2,id:row-08,id:x%3A0x1.0000000000000p%2B2,two,3.8,3.8363730669589464,-0.03637306695894658,1.104336015201135,qn_finite_sample,outer_train_inner_oof,-0.03293659398794657,failed_with_p1_fallback,NO_BALANCED_SPLIT,review_only
id:diag-one-rep-011%3Arow-09,11,id:outer-11-fold-3,id:row-09,id:x%3A0x1.4000000000000p%2B2,one,4.2,4.007742360359854,0.1922576396401457,1.1043360152011354,qn_finite_sample,outer_train_inner_oof,0.17409342536485992,not_applicable,,review_only
id:diag-two-rep-011%3Arow-09,11,id:outer-11-fold-3,id:row-09,id:x%3A0x1.4000000000000p%2B2,two,4.2,4.007742360359854,0.1922576396401457,1.1043360152011354,qn_finite_sample,outer_train_inner_oof,0.17409342536485992,failed_with_p1_fallback,NO_BALANCED_SPLIT,review_only
id:diag-one-rep-011%3Arow-10,11,id:outer-11-fold-4,id:row-10,id:x%3A0x1.8000000000000p%2B2,one,5.0,4.350480947161671,0.649519052838329,1.104336015201135,qn_finite_sample,outer_train_inner_oof,0.588153464070472,not_applicable,,review_only
id:diag-two-rep-011%3Arow-10,11,id:outer-11-fold-4,id:row-10,id:x%3A0x1.8000000000000p%2B2,two,5.0,4.350480947161671,0.649519052838329,1.104336015201135,qn_finite_sample,outer_train_inner_oof,0.588153464070472,failed_with_p1_fallback,NO_BALANCED_SPLIT,review_only
id:diag-one-rep-011%3Arow-11,11,id:outer-11-fold-1,id:row-11,id:x%3A0x1.c000000000000p%2B2,one,5.4,4.521850240562579,0.8781497594374211,1.0170886893248545,qn_finite_sample,outer_train_inner_oof,0.8633954626123497,not_applicable,,review_only
id:diag-two-rep-011%3Arow-11,11,id:outer-11-fold-1,id:row-11,id:x%3A0x1.c000000000000p%2B2,two,5.4,4.521850240562579,0.8781497594374211,1.0170886893248545,qn_finite_sample,outer_train_inner_oof,0.8633954626123497,failed_with_p1_fallback,NO_BALANCED_SPLIT,review_only
id:diag-one-rep-012%3Arow-01,12,id:outer-12-fold-4,id:row-01,id:x%3A0x0.0p%2B0,one,1.0,2.6367880131525894,-1.6367880131525894,1.104336015201135,qn_finite_sample,outer_train_inner_oof,-1.4821467294575899,not_applicable,,review_only
id:diag-two-rep-012%3Arow-01,12,id:outer-12-fold-4,id:row-01,id:x%3A0x0.0p%2B0,two,1.0,2.6367880131525894,-1.6367880131525894,1.104336015201135,qn_finite_sample,outer_train_inner_oof,-1.4821467294575899,failed_with_p1_fallback,NO_BALANCED_SPLIT,review_only
id:diag-one-rep-012%3Arow-02,12,id:outer-12-fold-1,id:row-02,id:x%3A0x1.0000000000000p%2B0,one,10.0,6.492597114673023,3.507402885326977,0.9740626108105254,qn_finite_sample,outer_train_inner_oof,3.6007981893570875,not_applicable,,review_only
id:diag-two-rep-012%3Arow-02,12,id:outer-12-fold-1,id:row-02,id:x%3A0x1.0000000000000p%2B0,two,10.0,6.492597114673023,3.507402885326977,0.9740626108105254,qn_finite_sample,outer_train_inner_oof,3.6007981893570875,failed_with_p1_fallback,NO_BALANCED_SPLIT,review_only
id:diag-one-rep-012%3Arow-03,12,id:outer-12-fold-2,id:row-03,id:x%3A0x1.0000000000000p%2B1,one,2.0,3.06521124665486,-1.0652112466548596,1.1413862494773641,qn_finite_sample,outer_train_inner_oof,-0.9332609772919687,not_applicable,,review_only
id:diag-two-rep-012%3Arow-03,12,id:outer-12-fold-2,id:row-03,id:x%3A0x1.0000000000000p%2B1,two,2.0,3.06521124665486,-1.0652112466548596,1.1413862494773641,qn_finite_sample,outer_train_inner_oof,-0.9332609772919687,failed_with_p1_fallback,NO_BALANCED_SPLIT,review_only
id:diag-one-rep-012%3Arow-04,12,id:outer-12-fold-3,id:row-04,id:x%3A0x1.8000000000000p%2B1,one,2.5,3.5318074096517456,-1.0318074096517456,1.3060540317377747,qn_finite_sample,outer_train_inner_oof,-0.7900189307473525,not_applicable,,review_only
id:diag-two-rep-012%3Arow-04,12,id:outer-12-fold-3,id:row-04,id:x%3A0x1.8000000000000p%2B1,two,2.5,3.5318074096517456,-1.0318074096517456,1.3060540317377747,qn_finite_sample,outer_train_inner_oof,-0.7900189307473525,failed_with_p1_fallback,NO_BALANCED_SPLIT,review_only
id:diag-one-rep-012%3Arow-05,12,id:outer-12-fold-4,id:row-05,id:x%3A0x1.8000000000000p%2B1,one,2.7,3.627884361197613,-0.9278843611976129,1.3060540317377747,qn_finite_sample,outer_train_inner_oof,-0.7104486787296335,not_applicable,,review_only
id:diag-two-rep-012%3Arow-05,12,id:outer-12-fold-4,id:row-05,id:x%3A0x1.8000000000000p%2B1,two,2.7,3.627884361197613,-0.9278843611976129,1.3060540317377747,qn_finite_sample,outer_train_inner_oof,-0.7104486787296335,failed_with_p1_fallback,NO_BALANCED_SPLIT,review_only
id:diag-one-rep-012%3Arow-06,12,id:outer-12-fold-1,id:row-06,id:x%3A0x1.8000000000000p%2B1,one,2.7,3.627884361197613,-0.9278843611976129,1.3060540317377747,qn_finite_sample,outer_train_inner_oof,-0.7104486787296335,not_applicable,,review_only
id:diag-two-rep-012%3Arow-06,12,id:outer-12-fold-1,id:row-06,id:x%3A0x1.8000000000000p%2B1,two,2.7,3.627884361197613,-0.9278843611976129,1.3060540317377747,qn_finite_sample,outer_train_inner_oof,-0.7104486787296335,failed_with_p1_fallback,NO_BALANCED_SPLIT,review_only
id:diag-one-rep-012%3Arow-07,12,id:outer-12-fold-2,id:row-07,id:x%3A0x1.8000000000000p%2B1,one,3.2,3.8680767400622815,-0.6680767400622812,1.3060540317377747,qn_finite_sample,outer_train_inner_oof,-0.5115230486853362,not_applicable,,review_only
id:diag-two-rep-012%3Arow-07,12,id:outer-12-fold-2,id:row-07,id:x%3A0x1.8000000000000p%2B1,two,3.2,3.8680767400622815,-0.6680767400622812,1.3060540317377747,qn_finite_sample,outer_train_inner_oof,-0.5115230486853362,failed_with_p1_fallback,NO_BALANCED_SPLIT,review_only
id:diag-one-rep-012%3Arow-08,12,id:outer-12-fold-3,id:row-08,id:x%3A0x1.0000000000000p%2B2,one,3.8,3.8363730669589464,-0.03637306695894658,1.104336015201135,qn_finite_sample,outer_train_inner_oof,-0.03293659398794657,not_applicable,,review_only
id:diag-two-rep-012%3Arow-08,12,id:outer-12-fold-3,id:row-08,id:x%3A0x1.0000000000000p%2B2,two,3.8,3.8363730669589464,-0.03637306695894658,1.104336015201135,qn_finite_sample,outer_train_inner_oof,-0.03293659398794657,failed_with_p1_fallback,NO_BALANCED_SPLIT,review_only
id:diag-one-rep-012%3Arow-09,12,id:outer-12-fold-4,id:row-09,id:x%3A0x1.4000000000000p%2B2,one,4.2,4.007742360359854,0.1922576396401457,1.1043360152011354,qn_finite_sample,outer_train_inner_oof,0.17409342536485992,not_applicable,,review_only
id:diag-two-rep-012%3Arow-09,12,id:outer-12-fold-4,id:row-09,id:x%3A0x1.4000000000000p%2B2,two,4.2,4.007742360359854,0.1922576396401457,1.1043360152011354,qn_finite_sample,outer_train_inner_oof,0.17409342536485992,failed_with_p1_fallback,NO_BALANCED_SPLIT,review_only
id:diag-one-rep-012%3Arow-10,12,id:outer-12-fold-1,id:row-10,id:x%3A0x1.8000000000000p%2B2,one,5.0,4.350480947161671,0.649519052838329,1.104336015201135,qn_finite_sample,outer_train_inner_oof,0.588153464070472,not_applicable,,review_only
id:diag-two-rep-012%3Arow-10,12,id:outer-12-fold-1,id:row-10,id:x%3A0x1.8000000000000p%2B2,two,5.0,4.350480947161671,0.649519052838329,1.104336015201135,qn_finite_sample,outer_train_inner_oof,0.588153464070472,failed_with_p1_fallback,NO_BALANCED_SPLIT,review_only
id:diag-one-rep-012%3Arow-11,12,id:outer-12-fold-2,id:row-11,id:x%3A0x1.c000000000000p%2B2,one,5.4,4.521850240562579,0.8781497594374211,1.0170886893248545,qn_finite_sample,outer_train_inner_oof,0.8633954626123497,not_applicable,,review_only
id:diag-two-rep-012%3Arow-11,12,id:outer-12-fold-2,id:row-11,id:x%3A0x1.c000000000000p%2B2,two,5.4,4.521850240562579,0.8781497594374211,1.0170886893248545,qn_finite_sample,outer_train_inner_oof,0.8633954626123497,failed_with_p1_fallback,NO_BALANCED_SPLIT,review_only
id:diag-one-rep-013%3Arow-01,13,id:outer-13-fold-1,id:row-01,id:x%3A0x0.0p%2B0,one,1.0,2.6367880131525894,-1.6367880131525894,1.104336015201135,qn_finite_sample,outer_train_inner_oof,-1.4821467294575899,not_applicable,,review_only
id:diag-two-rep-013%3Arow-01,13,id:outer-13-fold-1,id:row-01,id:x%3A0x0.0p%2B0,two,1.0,2.6367880131525894,-1.6367880131525894,1.104336015201135,qn_finite_sample,outer_train_inner_oof,-1.4821467294575899,failed_with_p1_fallback,NO_BALANCED_SPLIT,review_only
id:diag-one-rep-013%3Arow-02,13,id:outer-13-fold-2,id:row-02,id:x%3A0x1.0000000000000p%2B0,one,10.0,6.492597114673023,3.507402885326977,0.9740626108105254,qn_finite_sample,outer_train_inner_oof,3.6007981893570875,not_applicable,,review_only
id:diag-two-rep-013%3Arow-02,13,id:outer-13-fold-2,id:row-02,id:x%3A0x1.0000000000000p%2B0,two,10.0,6.492597114673023,3.507402885326977,0.9740626108105254,qn_finite_sample,outer_train_inner_oof,3.6007981893570875,failed_with_p1_fallback,NO_BALANCED_SPLIT,review_only
id:diag-one-rep-013%3Arow-03,13,id:outer-13-fold-3,id:row-03,id:x%3A0x1.0000000000000p%2B1,one,2.0,3.06521124665486,-1.0652112466548596,1.1413862494773641,qn_finite_sample,outer_train_inner_oof,-0.9332609772919687,not_applicable,,review_only
id:diag-two-rep-013%3Arow-03,13,id:outer-13-fold-3,id:row-03,id:x%3A0x1.0000000000000p%2B1,two,2.0,3.06521124665486,-1.0652112466548596,1.1413862494773641,qn_finite_sample,outer_train_inner_oof,-0.9332609772919687,failed_with_p1_fallback,NO_BALANCED_SPLIT,review_only
id:diag-one-rep-013%3Arow-04,13,id:outer-13-fold-4,id:row-04,id:x%3A0x1.8000000000000p%2B1,one,2.5,3.5318074096517456,-1.0318074096517456,1.3060540317377747,qn_finite_sample,outer_train_inner_oof,-0.7900189307473525,not_applicable,,review_only
id:diag-two-rep-013%3Arow-04,13,id:outer-13-fold-4,id:row-04,id:x%3A0x1.8000000000000p%2B1,two,2.5,3.5318074096517456,-1.0318074096517456,1.3060540317377747,qn_finite_sample,outer_train_inner_oof,-0.7900189307473525,failed_with_p1_fallback,NO_BALANCED_SPLIT,review_only
id:diag-one-rep-013%3Arow-05,13,id:outer-13-fold-1,id:row-05,id:x%3A0x1.8000000000000p%2B1,one,2.7,3.627884361197613,-0.9278843611976129,1.3060540317377747,qn_finite_sample,outer_train_inner_oof,-0.7104486787296335,not_applicable,,review_only
id:diag-two-rep-013%3Arow-05,13,id:outer-13-fold-1,id:row-05,id:x%3A0x1.8000000000000p%2B1,two,2.7,3.627884361197613,-0.9278843611976129,1.3060540317377747,qn_finite_sample,outer_train_inner_oof,-0.7104486787296335,failed_with_p1_fallback,NO_BALANCED_SPLIT,review_only
id:diag-one-rep-013%3Arow-06,13,id:outer-13-fold-2,id:row-06,id:x%3A0x1.8000000000000p%2B1,one,2.7,3.627884361197613,-0.9278843611976129,1.3060540317377747,qn_finite_sample,outer_train_inner_oof,-0.7104486787296335,not_applicable,,review_only
id:diag-two-rep-013%3Arow-06,13,id:outer-13-fold-2,id:row-06,id:x%3A0x1.8000000000000p%2B1,two,2.7,3.627884361197613,-0.9278843611976129,1.3060540317377747,qn_finite_sample,outer_train_inner_oof,-0.7104486787296335,failed_with_p1_fallback,NO_BALANCED_SPLIT,review_only
id:diag-one-rep-013%3Arow-07,13,id:outer-13-fold-3,id:row-07,id:x%3A0x1.8000000000000p%2B1,one,3.2,3.8680767400622815,-0.6680767400622812,1.3060540317377747,qn_finite_sample,outer_train_inner_oof,-0.5115230486853362,not_applicable,,review_only
id:diag-two-rep-013%3Arow-07,13,id:outer-13-fold-3,id:row-07,id:x%3A0x1.8000000000000p%2B1,two,3.2,3.8680767400622815,-0.6680767400622812,1.3060540317377747,qn_finite_sample,outer_train_inner_oof,-0.5115230486853362,failed_with_p1_fallback,NO_BALANCED_SPLIT,review_only
id:diag-one-rep-013%3Arow-08,13,id:outer-13-fold-4,id:row-08,id:x%3A0x1.0000000000000p%2B2,one,3.8,3.8363730669589464,-0.03637306695894658,1.104336015201135,qn_finite_sample,outer_train_inner_oof,-0.03293659398794657,not_applicable,,review_only
id:diag-two-rep-013%3Arow-08,13,id:outer-13-fold-4,id:row-08,id:x%3A0x1.0000000000000p%2B2,two,3.8,3.8363730669589464,-0.03637306695894658,1.104336015201135,qn_finite_sample,outer_train_inner_oof,-0.03293659398794657,failed_with_p1_fallback,NO_BALANCED_SPLIT,review_only
id:diag-one-rep-013%3Arow-09,13,id:outer-13-fold-1,id:row-09,id:x%3A0x1.4000000000000p%2B2,one,4.2,4.007742360359854,0.1922576396401457,1.1043360152011354,qn_finite_sample,outer_train_inner_oof,0.17409342536485992,not_applicable,,review_only
id:diag-two-rep-013%3Arow-09,13,id:outer-13-fold-1,id:row-09,id:x%3A0x1.4000000000000p%2B2,two,4.2,4.007742360359854,0.1922576396401457,1.1043360152011354,qn_finite_sample,outer_train_inner_oof,0.17409342536485992,failed_with_p1_fallback,NO_BALANCED_SPLIT,review_only
id:diag-one-rep-013%3Arow-10,13,id:outer-13-fold-2,id:row-10,id:x%3A0x1.8000000000000p%2B2,one,5.0,4.350480947161671,0.649519052838329,1.104336015201135,qn_finite_sample,outer_train_inner_oof,0.588153464070472,not_applicable,,review_only
id:diag-two-rep-013%3Arow-10,13,id:outer-13-fold-2,id:row-10,id:x%3A0x1.8000000000000p%2B2,two,5.0,4.350480947161671,0.649519052838329,1.104336015201135,qn_finite_sample,outer_train_inner_oof,0.588153464070472,failed_with_p1_fallback,NO_BALANCED_SPLIT,review_only
id:diag-one-rep-013%3Arow-11,13,id:outer-13-fold-3,id:row-11,id:x%3A0x1.c000000000000p%2B2,one,5.4,4.521850240562579,0.8781497594374211,1.0170886893248545,qn_finite_sample,outer_train_inner_oof,0.8633954626123497,not_applicable,,review_only
id:diag-two-rep-013%3Arow-11,13,id:outer-13-fold-3,id:row-11,id:x%3A0x1.c000000000000p%2B2,two,5.4,4.521850240562579,0.8781497594374211,1.0170886893248545,qn_finite_sample,outer_train_inner_oof,0.8633954626123497,failed_with_p1_fallback,NO_BALANCED_SPLIT,review_only
id:diag-one-rep-014%3Arow-01,14,id:outer-14-fold-2,id:row-01,id:x%3A0x0.0p%2B0,one,1.0,2.6367880131525894,-1.6367880131525894,1.104336015201135,qn_finite_sample,outer_train_inner_oof,-1.4821467294575899,not_applicable,,review_only
id:diag-two-rep-014%3Arow-01,14,id:outer-14-fold-2,id:row-01,id:x%3A0x0.0p%2B0,two,1.0,2.6367880131525894,-1.6367880131525894,1.104336015201135,qn_finite_sample,outer_train_inner_oof,-1.4821467294575899,failed_with_p1_fallback,NO_BALANCED_SPLIT,review_only
id:diag-one-rep-014%3Arow-02,14,id:outer-14-fold-3,id:row-02,id:x%3A0x1.0000000000000p%2B0,one,10.0,6.492597114673023,3.507402885326977,0.9740626108105254,qn_finite_sample,outer_train_inner_oof,3.6007981893570875,not_applicable,,review_only
id:diag-two-rep-014%3Arow-02,14,id:outer-14-fold-3,id:row-02,id:x%3A0x1.0000000000000p%2B0,two,10.0,6.492597114673023,3.507402885326977,0.9740626108105254,qn_finite_sample,outer_train_inner_oof,3.6007981893570875,failed_with_p1_fallback,NO_BALANCED_SPLIT,review_only
id:diag-one-rep-014%3Arow-03,14,id:outer-14-fold-4,id:row-03,id:x%3A0x1.0000000000000p%2B1,one,2.0,3.06521124665486,-1.0652112466548596,1.1413862494773641,qn_finite_sample,outer_train_inner_oof,-0.9332609772919687,not_applicable,,review_only
id:diag-two-rep-014%3Arow-03,14,id:outer-14-fold-4,id:row-03,id:x%3A0x1.0000000000000p%2B1,two,2.0,3.06521124665486,-1.0652112466548596,1.1413862494773641,qn_finite_sample,outer_train_inner_oof,-0.9332609772919687,failed_with_p1_fallback,NO_BALANCED_SPLIT,review_only
id:diag-one-rep-014%3Arow-04,14,id:outer-14-fold-1,id:row-04,id:x%3A0x1.8000000000000p%2B1,one,2.5,3.5318074096517456,-1.0318074096517456,1.3060540317377747,qn_finite_sample,outer_train_inner_oof,-0.7900189307473525,not_applicable,,review_only
id:diag-two-rep-014%3Arow-04,14,id:outer-14-fold-1,id:row-04,id:x%3A0x1.8000000000000p%2B1,two,2.5,3.5318074096517456,-1.0318074096517456,1.3060540317377747,qn_finite_sample,outer_train_inner_oof,-0.7900189307473525,failed_with_p1_fallback,NO_BALANCED_SPLIT,review_only
id:diag-one-rep-014%3Arow-05,14,id:outer-14-fold-2,id:row-05,id:x%3A0x1.8000000000000p%2B1,one,2.7,3.627884361197613,-0.9278843611976129,1.3060540317377747,qn_finite_sample,outer_train_inner_oof,-0.7104486787296335,not_applicable,,review_only
id:diag-two-rep-014%3Arow-05,14,id:outer-14-fold-2,id:row-05,id:x%3A0x1.8000000000000p%2B1,two,2.7,3.627884361197613,-0.9278843611976129,1.3060540317377747,qn_finite_sample,outer_train_inner_oof,-0.7104486787296335,failed_with_p1_fallback,NO_BALANCED_SPLIT,review_only
id:diag-one-rep-014%3Arow-06,14,id:outer-14-fold-3,id:row-06,id:x%3A0x1.8000000000000p%2B1,one,2.7,3.627884361197613,-0.9278843611976129,1.3060540317377747,qn_finite_sample,outer_train_inner_oof,-0.7104486787296335,not_applicable,,review_only
id:diag-two-rep-014%3Arow-06,14,id:outer-14-fold-3,id:row-06,id:x%3A0x1.8000000000000p%2B1,two,2.7,3.627884361197613,-0.9278843611976129,1.3060540317377747,qn_finite_sample,outer_train_inner_oof,-0.7104486787296335,failed_with_p1_fallback,NO_BALANCED_SPLIT,review_only
id:diag-one-rep-014%3Arow-07,14,id:outer-14-fold-4,id:row-07,id:x%3A0x1.8000000000000p%2B1,one,3.2,3.8680767400622815,-0.6680767400622812,1.3060540317377747,qn_finite_sample,outer_train_inner_oof,-0.5115230486853362,not_applicable,,review_only
id:diag-two-rep-014%3Arow-07,14,id:outer-14-fold-4,id:row-07,id:x%3A0x1.8000000000000p%2B1,two,3.2,3.8680767400622815,-0.6680767400622812,1.3060540317377747,qn_finite_sample,outer_train_inner_oof,-0.5115230486853362,failed_with_p1_fallback,NO_BALANCED_SPLIT,review_only
id:diag-one-rep-014%3Arow-08,14,id:outer-14-fold-1,id:row-08,id:x%3A0x1.0000000000000p%2B2,one,3.8,3.8363730669589464,-0.03637306695894658,1.104336015201135,qn_finite_sample,outer_train_inner_oof,-0.03293659398794657,not_applicable,,review_only
id:diag-two-rep-014%3Arow-08,14,id:outer-14-fold-1,id:row-08,id:x%3A0x1.0000000000000p%2B2,two,3.8,3.8363730669589464,-0.03637306695894658,1.104336015201135,qn_finite_sample,outer_train_inner_oof,-0.03293659398794657,failed_with_p1_fallback,NO_BALANCED_SPLIT,review_only
id:diag-one-rep-014%3Arow-09,14,id:outer-14-fold-2,id:row-09,id:x%3A0x1.4000000000000p%2B2,one,4.2,4.007742360359854,0.1922576396401457,1.1043360152011354,qn_finite_sample,outer_train_inner_oof,0.17409342536485992,not_applicable,,review_only
id:diag-two-rep-014%3Arow-09,14,id:outer-14-fold-2,id:row-09,id:x%3A0x1.4000000000000p%2B2,two,4.2,4.007742360359854,0.1922576396401457,1.1043360152011354,qn_finite_sample,outer_train_inner_oof,0.17409342536485992,failed_with_p1_fallback,NO_BALANCED_SPLIT,review_only
id:diag-one-rep-014%3Arow-10,14,id:outer-14-fold-3,id:row-10,id:x%3A0x1.8000000000000p%2B2,one,5.0,4.350480947161671,0.649519052838329,1.104336015201135,qn_finite_sample,outer_train_inner_oof,0.588153464070472,not_applicable,,review_only
id:diag-two-rep-014%3Arow-10,14,id:outer-14-fold-3,id:row-10,id:x%3A0x1.8000000000000p%2B2,two,5.0,4.350480947161671,0.649519052838329,1.104336015201135,qn_finite_sample,outer_train_inner_oof,0.588153464070472,failed_with_p1_fallback,NO_BALANCED_SPLIT,review_only
id:diag-one-rep-014%3Arow-11,14,id:outer-14-fold-4,id:row-11,id:x%3A0x1.c000000000000p%2B2,one,5.4,4.521850240562579,0.8781497594374211,1.0170886893248545,qn_finite_sample,outer_train_inner_oof,0.8633954626123497,not_applicable,,review_only
id:diag-two-rep-014%3Arow-11,14,id:outer-14-fold-4,id:row-11,id:x%3A0x1.c000000000000p%2B2,two,5.4,4.521850240562579,0.8781497594374211,1.0170886893248545,qn_finite_sample,outer_train_inner_oof,0.8633954626123497,failed_with_p1_fallback,NO_BALANCED_SPLIT,review_only
id:diag-one-rep-015%3Arow-01,15,id:outer-15-fold-3,id:row-01,id:x%3A0x0.0p%2B0,one,1.0,2.6367880131525894,-1.6367880131525894,1.104336015201135,qn_finite_sample,outer_train_inner_oof,-1.4821467294575899,not_applicable,,review_only
id:diag-two-rep-015%3Arow-01,15,id:outer-15-fold-3,id:row-01,id:x%3A0x0.0p%2B0,two,1.0,2.6367880131525894,-1.6367880131525894,1.104336015201135,qn_finite_sample,outer_train_inner_oof,-1.4821467294575899,failed_with_p1_fallback,NO_BALANCED_SPLIT,review_only
id:diag-one-rep-015%3Arow-02,15,id:outer-15-fold-4,id:row-02,id:x%3A0x1.0000000000000p%2B0,one,10.0,6.492597114673023,3.507402885326977,0.9740626108105254,qn_finite_sample,outer_train_inner_oof,3.6007981893570875,not_applicable,,review_only
id:diag-two-rep-015%3Arow-02,15,id:outer-15-fold-4,id:row-02,id:x%3A0x1.0000000000000p%2B0,two,10.0,6.492597114673023,3.507402885326977,0.9740626108105254,qn_finite_sample,outer_train_inner_oof,3.6007981893570875,failed_with_p1_fallback,NO_BALANCED_SPLIT,review_only
id:diag-one-rep-015%3Arow-03,15,id:outer-15-fold-1,id:row-03,id:x%3A0x1.0000000000000p%2B1,one,2.0,3.06521124665486,-1.0652112466548596,1.1413862494773641,qn_finite_sample,outer_train_inner_oof,-0.9332609772919687,not_applicable,,review_only
id:diag-two-rep-015%3Arow-03,15,id:outer-15-fold-1,id:row-03,id:x%3A0x1.0000000000000p%2B1,two,2.0,3.06521124665486,-1.0652112466548596,1.1413862494773641,qn_finite_sample,outer_train_inner_oof,-0.9332609772919687,failed_with_p1_fallback,NO_BALANCED_SPLIT,review_only
id:diag-one-rep-015%3Arow-04,15,id:outer-15-fold-2,id:row-04,id:x%3A0x1.8000000000000p%2B1,one,2.5,3.5318074096517456,-1.0318074096517456,1.3060540317377747,qn_finite_sample,outer_train_inner_oof,-0.7900189307473525,not_applicable,,review_only
id:diag-two-rep-015%3Arow-04,15,id:outer-15-fold-2,id:row-04,id:x%3A0x1.8000000000000p%2B1,two,2.5,3.5318074096517456,-1.0318074096517456,1.3060540317377747,qn_finite_sample,outer_train_inner_oof,-0.7900189307473525,failed_with_p1_fallback,NO_BALANCED_SPLIT,review_only
id:diag-one-rep-015%3Arow-05,15,id:outer-15-fold-3,id:row-05,id:x%3A0x1.8000000000000p%2B1,one,2.7,3.627884361197613,-0.9278843611976129,1.3060540317377747,qn_finite_sample,outer_train_inner_oof,-0.7104486787296335,not_applicable,,review_only
id:diag-two-rep-015%3Arow-05,15,id:outer-15-fold-3,id:row-05,id:x%3A0x1.8000000000000p%2B1,two,2.7,3.627884361197613,-0.9278843611976129,1.3060540317377747,qn_finite_sample,outer_train_inner_oof,-0.7104486787296335,failed_with_p1_fallback,NO_BALANCED_SPLIT,review_only
id:diag-one-rep-015%3Arow-06,15,id:outer-15-fold-4,id:row-06,id:x%3A0x1.8000000000000p%2B1,one,2.7,3.627884361197613,-0.9278843611976129,1.3060540317377747,qn_finite_sample,outer_train_inner_oof,-0.7104486787296335,not_applicable,,review_only
id:diag-two-rep-015%3Arow-06,15,id:outer-15-fold-4,id:row-06,id:x%3A0x1.8000000000000p%2B1,two,2.7,3.627884361197613,-0.9278843611976129,1.3060540317377747,qn_finite_sample,outer_train_inner_oof,-0.7104486787296335,failed_with_p1_fallback,NO_BALANCED_SPLIT,review_only
id:diag-one-rep-015%3Arow-07,15,id:outer-15-fold-1,id:row-07,id:x%3A0x1.8000000000000p%2B1,one,3.2,3.8680767400622815,-0.6680767400622812,1.3060540317377747,qn_finite_sample,outer_train_inner_oof,-0.5115230486853362,not_applicable,,review_only
id:diag-two-rep-015%3Arow-07,15,id:outer-15-fold-1,id:row-07,id:x%3A0x1.8000000000000p%2B1,two,3.2,3.8680767400622815,-0.6680767400622812,1.3060540317377747,qn_finite_sample,outer_train_inner_oof,-0.5115230486853362,failed_with_p1_fallback,NO_BALANCED_SPLIT,review_only
id:diag-one-rep-015%3Arow-08,15,id:outer-15-fold-2,id:row-08,id:x%3A0x1.0000000000000p%2B2,one,3.8,3.8363730669589464,-0.03637306695894658,1.104336015201135,qn_finite_sample,outer_train_inner_oof,-0.03293659398794657,not_applicable,,review_only
id:diag-two-rep-015%3Arow-08,15,id:outer-15-fold-2,id:row-08,id:x%3A0x1.0000000000000p%2B2,two,3.8,3.8363730669589464,-0.03637306695894658,1.104336015201135,qn_finite_sample,outer_train_inner_oof,-0.03293659398794657,failed_with_p1_fallback,NO_BALANCED_SPLIT,review_only
id:diag-one-rep-015%3Arow-09,15,id:outer-15-fold-3,id:row-09,id:x%3A0x1.4000000000000p%2B2,one,4.2,4.007742360359854,0.1922576396401457,1.1043360152011354,qn_finite_sample,outer_train_inner_oof,0.17409342536485992,not_applicable,,review_only
id:diag-two-rep-015%3Arow-09,15,id:outer-15-fold-3,id:row-09,id:x%3A0x1.4000000000000p%2B2,two,4.2,4.007742360359854,0.1922576396401457,1.1043360152011354,qn_finite_sample,outer_train_inner_oof,0.17409342536485992,failed_with_p1_fallback,NO_BALANCED_SPLIT,review_only
id:diag-one-rep-015%3Arow-10,15,id:outer-15-fold-4,id:row-10,id:x%3A0x1.8000000000000p%2B2,one,5.0,4.350480947161671,0.649519052838329,1.104336015201135,qn_finite_sample,outer_train_inner_oof,0.588153464070472,not_applicable,,review_only
id:diag-two-rep-015%3Arow-10,15,id:outer-15-fold-4,id:row-10,id:x%3A0x1.8000000000000p%2B2,two,5.0,4.350480947161671,0.649519052838329,1.104336015201135,qn_finite_sample,outer_train_inner_oof,0.588153464070472,failed_with_p1_fallback,NO_BALANCED_SPLIT,review_only
id:diag-one-rep-015%3Arow-11,15,id:outer-15-fold-1,id:row-11,id:x%3A0x1.c000000000000p%2B2,one,5.4,4.521850240562579,0.8781497594374211,1.0170886893248545,qn_finite_sample,outer_train_inner_oof,0.8633954626123497,not_applicable,,review_only
id:diag-two-rep-015%3Arow-11,15,id:outer-15-fold-1,id:row-11,id:x%3A0x1.c000000000000p%2B2,two,5.4,4.521850240562579,0.8781497594374211,1.0170886893248545,qn_finite_sample,outer_train_inner_oof,0.8633954626123497,failed_with_p1_fallback,NO_BALANCED_SPLIT,review_only
id:diag-one-rep-016%3Arow-01,16,id:outer-16-fold-4,id:row-01,id:x%3A0x0.0p%2B0,one,1.0,2.6367880131525894,-1.6367880131525894,1.104336015201135,qn_finite_sample,outer_train_inner_oof,-1.4821467294575899,not_applicable,,review_only
id:diag-two-rep-016%3Arow-01,16,id:outer-16-fold-4,id:row-01,id:x%3A0x0.0p%2B0,two,1.0,2.6367880131525894,-1.6367880131525894,1.104336015201135,qn_finite_sample,outer_train_inner_oof,-1.4821467294575899,failed_with_p1_fallback,NO_BALANCED_SPLIT,review_only
id:diag-one-rep-016%3Arow-02,16,id:outer-16-fold-1,id:row-02,id:x%3A0x1.0000000000000p%2B0,one,10.0,6.492597114673023,3.507402885326977,0.9740626108105254,qn_finite_sample,outer_train_inner_oof,3.6007981893570875,not_applicable,,review_only
id:diag-two-rep-016%3Arow-02,16,id:outer-16-fold-1,id:row-02,id:x%3A0x1.0000000000000p%2B0,two,10.0,6.492597114673023,3.507402885326977,0.9740626108105254,qn_finite_sample,outer_train_inner_oof,3.6007981893570875,failed_with_p1_fallback,NO_BALANCED_SPLIT,review_only
id:diag-one-rep-016%3Arow-03,16,id:outer-16-fold-2,id:row-03,id:x%3A0x1.0000000000000p%2B1,one,2.0,3.06521124665486,-1.0652112466548596,1.1413862494773641,qn_finite_sample,outer_train_inner_oof,-0.9332609772919687,not_applicable,,review_only
id:diag-two-rep-016%3Arow-03,16,id:outer-16-fold-2,id:row-03,id:x%3A0x1.0000000000000p%2B1,two,2.0,3.06521124665486,-1.0652112466548596,1.1413862494773641,qn_finite_sample,outer_train_inner_oof,-0.9332609772919687,failed_with_p1_fallback,NO_BALANCED_SPLIT,review_only
id:diag-one-rep-016%3Arow-04,16,id:outer-16-fold-3,id:row-04,id:x%3A0x1.8000000000000p%2B1,one,2.5,3.5318074096517456,-1.0318074096517456,1.3060540317377747,qn_finite_sample,outer_train_inner_oof,-0.7900189307473525,not_applicable,,review_only
id:diag-two-rep-016%3Arow-04,16,id:outer-16-fold-3,id:row-04,id:x%3A0x1.8000000000000p%2B1,two,2.5,3.5318074096517456,-1.0318074096517456,1.3060540317377747,qn_finite_sample,outer_train_inner_oof,-0.7900189307473525,failed_with_p1_fallback,NO_BALANCED_SPLIT,review_only
id:diag-one-rep-016%3Arow-05,16,id:outer-16-fold-4,id:row-05,id:x%3A0x1.8000000000000p%2B1,one,2.7,3.627884361197613,-0.9278843611976129,1.3060540317377747,qn_finite_sample,outer_train_inner_oof,-0.7104486787296335,not_applicable,,review_only
id:diag-two-rep-016%3Arow-05,16,id:outer-16-fold-4,id:row-05,id:x%3A0x1.8000000000000p%2B1,two,2.7,3.627884361197613,-0.9278843611976129,1.3060540317377747,qn_finite_sample,outer_train_inner_oof,-0.7104486787296335,failed_with_p1_fallback,NO_BALANCED_SPLIT,review_only
id:diag-one-rep-016%3Arow-06,16,id:outer-16-fold-1,id:row-06,id:x%3A0x1.8000000000000p%2B1,one,2.7,3.627884361197613,-0.9278843611976129,1.3060540317377747,qn_finite_sample,outer_train_inner_oof,-0.7104486787296335,not_applicable,,review_only
id:diag-two-rep-016%3Arow-06,16,id:outer-16-fold-1,id:row-06,id:x%3A0x1.8000000000000p%2B1,two,2.7,3.627884361197613,-0.9278843611976129,1.3060540317377747,qn_finite_sample,outer_train_inner_oof,-0.7104486787296335,failed_with_p1_fallback,NO_BALANCED_SPLIT,review_only
id:diag-one-rep-016%3Arow-07,16,id:outer-16-fold-2,id:row-07,id:x%3A0x1.8000000000000p%2B1,one,3.2,3.8680767400622815,-0.6680767400622812,1.3060540317377747,qn_finite_sample,outer_train_inner_oof,-0.5115230486853362,not_applicable,,review_only
id:diag-two-rep-016%3Arow-07,16,id:outer-16-fold-2,id:row-07,id:x%3A0x1.8000000000000p%2B1,two,3.2,3.8680767400622815,-0.6680767400622812,1.3060540317377747,qn_finite_sample,outer_train_inner_oof,-0.5115230486853362,failed_with_p1_fallback,NO_BALANCED_SPLIT,review_only
id:diag-one-rep-016%3Arow-08,16,id:outer-16-fold-3,id:row-08,id:x%3A0x1.0000000000000p%2B2,one,3.8,3.8363730669589464,-0.03637306695894658,1.104336015201135,qn_finite_sample,outer_train_inner_oof,-0.03293659398794657,not_applicable,,review_only
id:diag-two-rep-016%3Arow-08,16,id:outer-16-fold-3,id:row-08,id:x%3A0x1.0000000000000p%2B2,two,3.8,3.8363730669589464,-0.03637306695894658,1.104336015201135,qn_finite_sample,outer_train_inner_oof,-0.03293659398794657,failed_with_p1_fallback,NO_BALANCED_SPLIT,review_only
id:diag-one-rep-016%3Arow-09,16,id:outer-16-fold-4,id:row-09,id:x%3A0x1.4000000000000p%2B2,one,4.2,4.007742360359854,0.1922576396401457,1.1043360152011354,qn_finite_sample,outer_train_inner_oof,0.17409342536485992,not_applicable,,review_only
id:diag-two-rep-016%3Arow-09,16,id:outer-16-fold-4,id:row-09,id:x%3A0x1.4000000000000p%2B2,two,4.2,4.007742360359854,0.1922576396401457,1.1043360152011354,qn_finite_sample,outer_train_inner_oof,0.17409342536485992,failed_with_p1_fallback,NO_BALANCED_SPLIT,review_only
id:diag-one-rep-016%3Arow-10,16,id:outer-16-fold-1,id:row-10,id:x%3A0x1.8000000000000p%2B2,one,5.0,4.350480947161671,0.649519052838329,1.104336015201135,qn_finite_sample,outer_train_inner_oof,0.588153464070472,not_applicable,,review_only
id:diag-two-rep-016%3Arow-10,16,id:outer-16-fold-1,id:row-10,id:x%3A0x1.8000000000000p%2B2,two,5.0,4.350480947161671,0.649519052838329,1.104336015201135,qn_finite_sample,outer_train_inner_oof,0.588153464070472,failed_with_p1_fallback,NO_BALANCED_SPLIT,review_only
id:diag-one-rep-016%3Arow-11,16,id:outer-16-fold-2,id:row-11,id:x%3A0x1.c000000000000p%2B2,one,5.4,4.521850240562579,0.8781497594374211,1.0170886893248545,qn_finite_sample,outer_train_inner_oof,0.8633954626123497,not_applicable,,review_only
id:diag-two-rep-016%3Arow-11,16,id:outer-16-fold-2,id:row-11,id:x%3A0x1.c000000000000p%2B2,two,5.4,4.521850240562579,0.8781497594374211,1.0170886893248545,qn_finite_sample,outer_train_inner_oof,0.8633954626123497,failed_with_p1_fallback,NO_BALANCED_SPLIT,review_only
id:diag-one-rep-017%3Arow-01,17,id:outer-17-fold-1,id:row-01,id:x%3A0x0.0p%2B0,one,1.0,2.6367880131525894,-1.6367880131525894,1.104336015201135,qn_finite_sample,outer_train_inner_oof,-1.4821467294575899,not_applicable,,review_only
id:diag-two-rep-017%3Arow-01,17,id:outer-17-fold-1,id:row-01,id:x%3A0x0.0p%2B0,two,1.0,2.6367880131525894,-1.6367880131525894,1.104336015201135,qn_finite_sample,outer_train_inner_oof,-1.4821467294575899,failed_with_p1_fallback,NO_BALANCED_SPLIT,review_only
id:diag-one-rep-017%3Arow-02,17,id:outer-17-fold-2,id:row-02,id:x%3A0x1.0000000000000p%2B0,one,10.0,6.492597114673023,3.507402885326977,0.9740626108105254,qn_finite_sample,outer_train_inner_oof,3.6007981893570875,not_applicable,,review_only
id:diag-two-rep-017%3Arow-02,17,id:outer-17-fold-2,id:row-02,id:x%3A0x1.0000000000000p%2B0,two,10.0,6.492597114673023,3.507402885326977,0.9740626108105254,qn_finite_sample,outer_train_inner_oof,3.6007981893570875,failed_with_p1_fallback,NO_BALANCED_SPLIT,review_only
id:diag-one-rep-017%3Arow-03,17,id:outer-17-fold-3,id:row-03,id:x%3A0x1.0000000000000p%2B1,one,2.0,3.06521124665486,-1.0652112466548596,1.1413862494773641,qn_finite_sample,outer_train_inner_oof,-0.9332609772919687,not_applicable,,review_only
id:diag-two-rep-017%3Arow-03,17,id:outer-17-fold-3,id:row-03,id:x%3A0x1.0000000000000p%2B1,two,2.0,3.06521124665486,-1.0652112466548596,1.1413862494773641,qn_finite_sample,outer_train_inner_oof,-0.9332609772919687,failed_with_p1_fallback,NO_BALANCED_SPLIT,review_only
id:diag-one-rep-017%3Arow-04,17,id:outer-17-fold-4,id:row-04,id:x%3A0x1.8000000000000p%2B1,one,2.5,3.5318074096517456,-1.0318074096517456,1.3060540317377747,qn_finite_sample,outer_train_inner_oof,-0.7900189307473525,not_applicable,,review_only
id:diag-two-rep-017%3Arow-04,17,id:outer-17-fold-4,id:row-04,id:x%3A0x1.8000000000000p%2B1,two,2.5,3.5318074096517456,-1.0318074096517456,1.3060540317377747,qn_finite_sample,outer_train_inner_oof,-0.7900189307473525,failed_with_p1_fallback,NO_BALANCED_SPLIT,review_only
id:diag-one-rep-017%3Arow-05,17,id:outer-17-fold-1,id:row-05,id:x%3A0x1.8000000000000p%2B1,one,2.7,3.627884361197613,-0.9278843611976129,1.3060540317377747,qn_finite_sample,outer_train_inner_oof,-0.7104486787296335,not_applicable,,review_only
id:diag-two-rep-017%3Arow-05,17,id:outer-17-fold-1,id:row-05,id:x%3A0x1.8000000000000p%2B1,two,2.7,3.627884361197613,-0.9278843611976129,1.3060540317377747,qn_finite_sample,outer_train_inner_oof,-0.7104486787296335,failed_with_p1_fallback,NO_BALANCED_SPLIT,review_only
id:diag-one-rep-017%3Arow-06,17,id:outer-17-fold-2,id:row-06,id:x%3A0x1.8000000000000p%2B1,one,2.7,3.627884361197613,-0.9278843611976129,1.3060540317377747,qn_finite_sample,outer_train_inner_oof,-0.7104486787296335,not_applicable,,review_only
id:diag-two-rep-017%3Arow-06,17,id:outer-17-fold-2,id:row-06,id:x%3A0x1.8000000000000p%2B1,two,2.7,3.627884361197613,-0.9278843611976129,1.3060540317377747,qn_finite_sample,outer_train_inner_oof,-0.7104486787296335,failed_with_p1_fallback,NO_BALANCED_SPLIT,review_only
id:diag-one-rep-017%3Arow-07,17,id:outer-17-fold-3,id:row-07,id:x%3A0x1.8000000000000p%2B1,one,3.2,3.8680767400622815,-0.6680767400622812,1.3060540317377747,qn_finite_sample,outer_train_inner_oof,-0.5115230486853362,not_applicable,,review_only
id:diag-two-rep-017%3Arow-07,17,id:outer-17-fold-3,id:row-07,id:x%3A0x1.8000000000000p%2B1,two,3.2,3.8680767400622815,-0.6680767400622812,1.3060540317377747,qn_finite_sample,outer_train_inner_oof,-0.5115230486853362,failed_with_p1_fallback,NO_BALANCED_SPLIT,review_only
id:diag-one-rep-017%3Arow-08,17,id:outer-17-fold-4,id:row-08,id:x%3A0x1.0000000000000p%2B2,one,3.8,3.8363730669589464,-0.03637306695894658,1.104336015201135,qn_finite_sample,outer_train_inner_oof,-0.03293659398794657,not_applicable,,review_only
id:diag-two-rep-017%3Arow-08,17,id:outer-17-fold-4,id:row-08,id:x%3A0x1.0000000000000p%2B2,two,3.8,3.8363730669589464,-0.03637306695894658,1.104336015201135,qn_finite_sample,outer_train_inner_oof,-0.03293659398794657,failed_with_p1_fallback,NO_BALANCED_SPLIT,review_only
id:diag-one-rep-017%3Arow-09,17,id:outer-17-fold-1,id:row-09,id:x%3A0x1.4000000000000p%2B2,one,4.2,4.007742360359854,0.1922576396401457,1.1043360152011354,qn_finite_sample,outer_train_inner_oof,0.17409342536485992,not_applicable,,review_only
id:diag-two-rep-017%3Arow-09,17,id:outer-17-fold-1,id:row-09,id:x%3A0x1.4000000000000p%2B2,two,4.2,4.007742360359854,0.1922576396401457,1.1043360152011354,qn_finite_sample,outer_train_inner_oof,0.17409342536485992,failed_with_p1_fallback,NO_BALANCED_SPLIT,review_only
id:diag-one-rep-017%3Arow-10,17,id:outer-17-fold-2,id:row-10,id:x%3A0x1.8000000000000p%2B2,one,5.0,4.350480947161671,0.649519052838329,1.104336015201135,qn_finite_sample,outer_train_inner_oof,0.588153464070472,not_applicable,,review_only
id:diag-two-rep-017%3Arow-10,17,id:outer-17-fold-2,id:row-10,id:x%3A0x1.8000000000000p%2B2,two,5.0,4.350480947161671,0.649519052838329,1.104336015201135,qn_finite_sample,outer_train_inner_oof,0.588153464070472,failed_with_p1_fallback,NO_BALANCED_SPLIT,review_only
id:diag-one-rep-017%3Arow-11,17,id:outer-17-fold-3,id:row-11,id:x%3A0x1.c000000000000p%2B2,one,5.4,4.521850240562579,0.8781497594374211,1.0170886893248545,qn_finite_sample,outer_train_inner_oof,0.8633954626123497,not_applicable,,review_only
id:diag-two-rep-017%3Arow-11,17,id:outer-17-fold-3,id:row-11,id:x%3A0x1.c000000000000p%2B2,two,5.4,4.521850240562579,0.8781497594374211,1.0170886893248545,qn_finite_sample,outer_train_inner_oof,0.8633954626123497,failed_with_p1_fallback,NO_BALANCED_SPLIT,review_only
id:diag-one-rep-018%3Arow-01,18,id:outer-18-fold-2,id:row-01,id:x%3A0x0.0p%2B0,one,1.0,2.6367880131525894,-1.6367880131525894,1.104336015201135,qn_finite_sample,outer_train_inner_oof,-1.4821467294575899,not_applicable,,review_only
id:diag-two-rep-018%3Arow-01,18,id:outer-18-fold-2,id:row-01,id:x%3A0x0.0p%2B0,two,1.0,2.6367880131525894,-1.6367880131525894,1.104336015201135,qn_finite_sample,outer_train_inner_oof,-1.4821467294575899,failed_with_p1_fallback,NO_BALANCED_SPLIT,review_only
id:diag-one-rep-018%3Arow-02,18,id:outer-18-fold-3,id:row-02,id:x%3A0x1.0000000000000p%2B0,one,10.0,6.492597114673023,3.507402885326977,0.9740626108105254,qn_finite_sample,outer_train_inner_oof,3.6007981893570875,not_applicable,,review_only
id:diag-two-rep-018%3Arow-02,18,id:outer-18-fold-3,id:row-02,id:x%3A0x1.0000000000000p%2B0,two,10.0,6.492597114673023,3.507402885326977,0.9740626108105254,qn_finite_sample,outer_train_inner_oof,3.6007981893570875,failed_with_p1_fallback,NO_BALANCED_SPLIT,review_only
id:diag-one-rep-018%3Arow-03,18,id:outer-18-fold-4,id:row-03,id:x%3A0x1.0000000000000p%2B1,one,2.0,3.06521124665486,-1.0652112466548596,1.1413862494773641,qn_finite_sample,outer_train_inner_oof,-0.9332609772919687,not_applicable,,review_only
id:diag-two-rep-018%3Arow-03,18,id:outer-18-fold-4,id:row-03,id:x%3A0x1.0000000000000p%2B1,two,2.0,3.06521124665486,-1.0652112466548596,1.1413862494773641,qn_finite_sample,outer_train_inner_oof,-0.9332609772919687,failed_with_p1_fallback,NO_BALANCED_SPLIT,review_only
id:diag-one-rep-018%3Arow-04,18,id:outer-18-fold-1,id:row-04,id:x%3A0x1.8000000000000p%2B1,one,2.5,3.5318074096517456,-1.0318074096517456,1.3060540317377747,qn_finite_sample,outer_train_inner_oof,-0.7900189307473525,not_applicable,,review_only
id:diag-two-rep-018%3Arow-04,18,id:outer-18-fold-1,id:row-04,id:x%3A0x1.8000000000000p%2B1,two,2.5,3.5318074096517456,-1.0318074096517456,1.3060540317377747,qn_finite_sample,outer_train_inner_oof,-0.7900189307473525,failed_with_p1_fallback,NO_BALANCED_SPLIT,review_only
id:diag-one-rep-018%3Arow-05,18,id:outer-18-fold-2,id:row-05,id:x%3A0x1.8000000000000p%2B1,one,2.7,3.627884361197613,-0.9278843611976129,1.3060540317377747,qn_finite_sample,outer_train_inner_oof,-0.7104486787296335,not_applicable,,review_only
id:diag-two-rep-018%3Arow-05,18,id:outer-18-fold-2,id:row-05,id:x%3A0x1.8000000000000p%2B1,two,2.7,3.627884361197613,-0.9278843611976129,1.3060540317377747,qn_finite_sample,outer_train_inner_oof,-0.7104486787296335,failed_with_p1_fallback,NO_BALANCED_SPLIT,review_only
id:diag-one-rep-018%3Arow-06,18,id:outer-18-fold-3,id:row-06,id:x%3A0x1.8000000000000p%2B1,one,2.7,3.627884361197613,-0.9278843611976129,1.3060540317377747,qn_finite_sample,outer_train_inner_oof,-0.7104486787296335,not_applicable,,review_only
id:diag-two-rep-018%3Arow-06,18,id:outer-18-fold-3,id:row-06,id:x%3A0x1.8000000000000p%2B1,two,2.7,3.627884361197613,-0.9278843611976129,1.3060540317377747,qn_finite_sample,outer_train_inner_oof,-0.7104486787296335,failed_with_p1_fallback,NO_BALANCED_SPLIT,review_only
id:diag-one-rep-018%3Arow-07,18,id:outer-18-fold-4,id:row-07,id:x%3A0x1.8000000000000p%2B1,one,3.2,3.8680767400622815,-0.6680767400622812,1.3060540317377747,qn_finite_sample,outer_train_inner_oof,-0.5115230486853362,not_applicable,,review_only
id:diag-two-rep-018%3Arow-07,18,id:outer-18-fold-4,id:row-07,id:x%3A0x1.8000000000000p%2B1,two,3.2,3.8680767400622815,-0.6680767400622812,1.3060540317377747,qn_finite_sample,outer_train_inner_oof,-0.5115230486853362,failed_with_p1_fallback,NO_BALANCED_SPLIT,review_only
id:diag-one-rep-018%3Arow-08,18,id:outer-18-fold-1,id:row-08,id:x%3A0x1.0000000000000p%2B2,one,3.8,3.8363730669589464,-0.03637306695894658,1.104336015201135,qn_finite_sample,outer_train_inner_oof,-0.03293659398794657,not_applicable,,review_only
id:diag-two-rep-018%3Arow-08,18,id:outer-18-fold-1,id:row-08,id:x%3A0x1.0000000000000p%2B2,two,3.8,3.8363730669589464,-0.03637306695894658,1.104336015201135,qn_finite_sample,outer_train_inner_oof,-0.03293659398794657,failed_with_p1_fallback,NO_BALANCED_SPLIT,review_only
id:diag-one-rep-018%3Arow-09,18,id:outer-18-fold-2,id:row-09,id:x%3A0x1.4000000000000p%2B2,one,4.2,4.007742360359854,0.1922576396401457,1.1043360152011354,qn_finite_sample,outer_train_inner_oof,0.17409342536485992,not_applicable,,review_only
id:diag-two-rep-018%3Arow-09,18,id:outer-18-fold-2,id:row-09,id:x%3A0x1.4000000000000p%2B2,two,4.2,4.007742360359854,0.1922576396401457,1.1043360152011354,qn_finite_sample,outer_train_inner_oof,0.17409342536485992,failed_with_p1_fallback,NO_BALANCED_SPLIT,review_only
id:diag-one-rep-018%3Arow-10,18,id:outer-18-fold-3,id:row-10,id:x%3A0x1.8000000000000p%2B2,one,5.0,4.350480947161671,0.649519052838329,1.104336015201135,qn_finite_sample,outer_train_inner_oof,0.588153464070472,not_applicable,,review_only
id:diag-two-rep-018%3Arow-10,18,id:outer-18-fold-3,id:row-10,id:x%3A0x1.8000000000000p%2B2,two,5.0,4.350480947161671,0.649519052838329,1.104336015201135,qn_finite_sample,outer_train_inner_oof,0.588153464070472,failed_with_p1_fallback,NO_BALANCED_SPLIT,review_only
id:diag-one-rep-018%3Arow-11,18,id:outer-18-fold-4,id:row-11,id:x%3A0x1.c000000000000p%2B2,one,5.4,4.521850240562579,0.8781497594374211,1.0170886893248545,qn_finite_sample,outer_train_inner_oof,0.8633954626123497,not_applicable,,review_only
id:diag-two-rep-018%3Arow-11,18,id:outer-18-fold-4,id:row-11,id:x%3A0x1.c000000000000p%2B2,two,5.4,4.521850240562579,0.8781497594374211,1.0170886893248545,qn_finite_sample,outer_train_inner_oof,0.8633954626123497,failed_with_p1_fallback,NO_BALANCED_SPLIT,review_only
id:diag-one-rep-019%3Arow-01,19,id:outer-19-fold-3,id:row-01,id:x%3A0x0.0p%2B0,one,1.0,2.6367880131525894,-1.6367880131525894,1.104336015201135,qn_finite_sample,outer_train_inner_oof,-1.4821467294575899,not_applicable,,review_only
id:diag-two-rep-019%3Arow-01,19,id:outer-19-fold-3,id:row-01,id:x%3A0x0.0p%2B0,two,1.0,2.6367880131525894,-1.6367880131525894,1.104336015201135,qn_finite_sample,outer_train_inner_oof,-1.4821467294575899,failed_with_p1_fallback,NO_BALANCED_SPLIT,review_only
id:diag-one-rep-019%3Arow-02,19,id:outer-19-fold-4,id:row-02,id:x%3A0x1.0000000000000p%2B0,one,10.0,6.492597114673023,3.507402885326977,0.9740626108105254,qn_finite_sample,outer_train_inner_oof,3.6007981893570875,not_applicable,,review_only
id:diag-two-rep-019%3Arow-02,19,id:outer-19-fold-4,id:row-02,id:x%3A0x1.0000000000000p%2B0,two,10.0,6.492597114673023,3.507402885326977,0.9740626108105254,qn_finite_sample,outer_train_inner_oof,3.6007981893570875,failed_with_p1_fallback,NO_BALANCED_SPLIT,review_only
id:diag-one-rep-019%3Arow-03,19,id:outer-19-fold-1,id:row-03,id:x%3A0x1.0000000000000p%2B1,one,2.0,3.06521124665486,-1.0652112466548596,1.1413862494773641,qn_finite_sample,outer_train_inner_oof,-0.9332609772919687,not_applicable,,review_only
id:diag-two-rep-019%3Arow-03,19,id:outer-19-fold-1,id:row-03,id:x%3A0x1.0000000000000p%2B1,two,2.0,3.06521124665486,-1.0652112466548596,1.1413862494773641,qn_finite_sample,outer_train_inner_oof,-0.9332609772919687,failed_with_p1_fallback,NO_BALANCED_SPLIT,review_only
id:diag-one-rep-019%3Arow-04,19,id:outer-19-fold-2,id:row-04,id:x%3A0x1.8000000000000p%2B1,one,2.5,3.5318074096517456,-1.0318074096517456,1.3060540317377747,qn_finite_sample,outer_train_inner_oof,-0.7900189307473525,not_applicable,,review_only
id:diag-two-rep-019%3Arow-04,19,id:outer-19-fold-2,id:row-04,id:x%3A0x1.8000000000000p%2B1,two,2.5,3.5318074096517456,-1.0318074096517456,1.3060540317377747,qn_finite_sample,outer_train_inner_oof,-0.7900189307473525,failed_with_p1_fallback,NO_BALANCED_SPLIT,review_only
id:diag-one-rep-019%3Arow-05,19,id:outer-19-fold-3,id:row-05,id:x%3A0x1.8000000000000p%2B1,one,2.7,3.627884361197613,-0.9278843611976129,1.3060540317377747,qn_finite_sample,outer_train_inner_oof,-0.7104486787296335,not_applicable,,review_only
id:diag-two-rep-019%3Arow-05,19,id:outer-19-fold-3,id:row-05,id:x%3A0x1.8000000000000p%2B1,two,2.7,3.627884361197613,-0.9278843611976129,1.3060540317377747,qn_finite_sample,outer_train_inner_oof,-0.7104486787296335,failed_with_p1_fallback,NO_BALANCED_SPLIT,review_only
id:diag-one-rep-019%3Arow-06,19,id:outer-19-fold-4,id:row-06,id:x%3A0x1.8000000000000p%2B1,one,2.7,3.627884361197613,-0.9278843611976129,1.3060540317377747,qn_finite_sample,outer_train_inner_oof,-0.7104486787296335,not_applicable,,review_only
id:diag-two-rep-019%3Arow-06,19,id:outer-19-fold-4,id:row-06,id:x%3A0x1.8000000000000p%2B1,two,2.7,3.627884361197613,-0.9278843611976129,1.3060540317377747,qn_finite_sample,outer_train_inner_oof,-0.7104486787296335,failed_with_p1_fallback,NO_BALANCED_SPLIT,review_only
id:diag-one-rep-019%3Arow-07,19,id:outer-19-fold-1,id:row-07,id:x%3A0x1.8000000000000p%2B1,one,3.2,3.8680767400622815,-0.6680767400622812,1.3060540317377747,qn_finite_sample,outer_train_inner_oof,-0.5115230486853362,not_applicable,,review_only
id:diag-two-rep-019%3Arow-07,19,id:outer-19-fold-1,id:row-07,id:x%3A0x1.8000000000000p%2B1,two,3.2,3.8680767400622815,-0.6680767400622812,1.3060540317377747,qn_finite_sample,outer_train_inner_oof,-0.5115230486853362,failed_with_p1_fallback,NO_BALANCED_SPLIT,review_only
id:diag-one-rep-019%3Arow-08,19,id:outer-19-fold-2,id:row-08,id:x%3A0x1.0000000000000p%2B2,one,3.8,3.8363730669589464,-0.03637306695894658,1.104336015201135,qn_finite_sample,outer_train_inner_oof,-0.03293659398794657,not_applicable,,review_only
id:diag-two-rep-019%3Arow-08,19,id:outer-19-fold-2,id:row-08,id:x%3A0x1.0000000000000p%2B2,two,3.8,3.8363730669589464,-0.03637306695894658,1.104336015201135,qn_finite_sample,outer_train_inner_oof,-0.03293659398794657,failed_with_p1_fallback,NO_BALANCED_SPLIT,review_only
id:diag-one-rep-019%3Arow-09,19,id:outer-19-fold-3,id:row-09,id:x%3A0x1.4000000000000p%2B2,one,4.2,4.007742360359854,0.1922576396401457,1.1043360152011354,qn_finite_sample,outer_train_inner_oof,0.17409342536485992,not_applicable,,review_only
id:diag-two-rep-019%3Arow-09,19,id:outer-19-fold-3,id:row-09,id:x%3A0x1.4000000000000p%2B2,two,4.2,4.007742360359854,0.1922576396401457,1.1043360152011354,qn_finite_sample,outer_train_inner_oof,0.17409342536485992,failed_with_p1_fallback,NO_BALANCED_SPLIT,review_only
id:diag-one-rep-019%3Arow-10,19,id:outer-19-fold-4,id:row-10,id:x%3A0x1.8000000000000p%2B2,one,5.0,4.350480947161671,0.649519052838329,1.104336015201135,qn_finite_sample,outer_train_inner_oof,0.588153464070472,not_applicable,,review_only
id:diag-two-rep-019%3Arow-10,19,id:outer-19-fold-4,id:row-10,id:x%3A0x1.8000000000000p%2B2,two,5.0,4.350480947161671,0.649519052838329,1.104336015201135,qn_finite_sample,outer_train_inner_oof,0.588153464070472,failed_with_p1_fallback,NO_BALANCED_SPLIT,review_only
id:diag-one-rep-019%3Arow-11,19,id:outer-19-fold-1,id:row-11,id:x%3A0x1.c000000000000p%2B2,one,5.4,4.521850240562579,0.8781497594374211,1.0170886893248545,qn_finite_sample,outer_train_inner_oof,0.8633954626123497,not_applicable,,review_only
id:diag-two-rep-019%3Arow-11,19,id:outer-19-fold-1,id:row-11,id:x%3A0x1.c000000000000p%2B2,two,5.4,4.521850240562579,0.8781497594374211,1.0170886893248545,qn_finite_sample,outer_train_inner_oof,0.8633954626123497,failed_with_p1_fallback,NO_BALANCED_SPLIT,review_only
id:diag-one-rep-020%3Arow-01,20,id:outer-20-fold-4,id:row-01,id:x%3A0x0.0p%2B0,one,1.0,2.6367880131525894,-1.6367880131525894,1.104336015201135,qn_finite_sample,outer_train_inner_oof,-1.4821467294575899,not_applicable,,review_only
id:diag-two-rep-020%3Arow-01,20,id:outer-20-fold-4,id:row-01,id:x%3A0x0.0p%2B0,two,1.0,2.6367880131525894,-1.6367880131525894,1.104336015201135,qn_finite_sample,outer_train_inner_oof,-1.4821467294575899,failed_with_p1_fallback,NO_BALANCED_SPLIT,review_only
id:diag-one-rep-020%3Arow-02,20,id:outer-20-fold-1,id:row-02,id:x%3A0x1.0000000000000p%2B0,one,10.0,6.492597114673023,3.507402885326977,0.9740626108105254,qn_finite_sample,outer_train_inner_oof,3.6007981893570875,not_applicable,,review_only
id:diag-two-rep-020%3Arow-02,20,id:outer-20-fold-1,id:row-02,id:x%3A0x1.0000000000000p%2B0,two,10.0,6.492597114673023,3.507402885326977,0.9740626108105254,qn_finite_sample,outer_train_inner_oof,3.6007981893570875,failed_with_p1_fallback,NO_BALANCED_SPLIT,review_only
id:diag-one-rep-020%3Arow-03,20,id:outer-20-fold-2,id:row-03,id:x%3A0x1.0000000000000p%2B1,one,2.0,3.06521124665486,-1.0652112466548596,1.1413862494773641,qn_finite_sample,outer_train_inner_oof,-0.9332609772919687,not_applicable,,review_only
id:diag-two-rep-020%3Arow-03,20,id:outer-20-fold-2,id:row-03,id:x%3A0x1.0000000000000p%2B1,two,2.0,3.06521124665486,-1.0652112466548596,1.1413862494773641,qn_finite_sample,outer_train_inner_oof,-0.9332609772919687,failed_with_p1_fallback,NO_BALANCED_SPLIT,review_only
id:diag-one-rep-020%3Arow-04,20,id:outer-20-fold-3,id:row-04,id:x%3A0x1.8000000000000p%2B1,one,2.5,3.5318074096517456,-1.0318074096517456,1.3060540317377747,qn_finite_sample,outer_train_inner_oof,-0.7900189307473525,not_applicable,,review_only
id:diag-two-rep-020%3Arow-04,20,id:outer-20-fold-3,id:row-04,id:x%3A0x1.8000000000000p%2B1,two,2.5,3.5318074096517456,-1.0318074096517456,1.3060540317377747,qn_finite_sample,outer_train_inner_oof,-0.7900189307473525,failed_with_p1_fallback,NO_BALANCED_SPLIT,review_only
id:diag-one-rep-020%3Arow-05,20,id:outer-20-fold-4,id:row-05,id:x%3A0x1.8000000000000p%2B1,one,2.7,3.627884361197613,-0.9278843611976129,1.3060540317377747,qn_finite_sample,outer_train_inner_oof,-0.7104486787296335,not_applicable,,review_only
id:diag-two-rep-020%3Arow-05,20,id:outer-20-fold-4,id:row-05,id:x%3A0x1.8000000000000p%2B1,two,2.7,3.627884361197613,-0.9278843611976129,1.3060540317377747,qn_finite_sample,outer_train_inner_oof,-0.7104486787296335,failed_with_p1_fallback,NO_BALANCED_SPLIT,review_only
id:diag-one-rep-020%3Arow-06,20,id:outer-20-fold-1,id:row-06,id:x%3A0x1.8000000000000p%2B1,one,2.7,3.627884361197613,-0.9278843611976129,1.3060540317377747,qn_finite_sample,outer_train_inner_oof,-0.7104486787296335,not_applicable,,review_only
id:diag-two-rep-020%3Arow-06,20,id:outer-20-fold-1,id:row-06,id:x%3A0x1.8000000000000p%2B1,two,2.7,3.627884361197613,-0.9278843611976129,1.3060540317377747,qn_finite_sample,outer_train_inner_oof,-0.7104486787296335,failed_with_p1_fallback,NO_BALANCED_SPLIT,review_only
id:diag-one-rep-020%3Arow-07,20,id:outer-20-fold-2,id:row-07,id:x%3A0x1.8000000000000p%2B1,one,3.2,3.8680767400622815,-0.6680767400622812,1.3060540317377747,qn_finite_sample,outer_train_inner_oof,-0.5115230486853362,not_applicable,,review_only
id:diag-two-rep-020%3Arow-07,20,id:outer-20-fold-2,id:row-07,id:x%3A0x1.8000000000000p%2B1,two,3.2,3.8680767400622815,-0.6680767400622812,1.3060540317377747,qn_finite_sample,outer_train_inner_oof,-0.5115230486853362,failed_with_p1_fallback,NO_BALANCED_SPLIT,review_only
id:diag-one-rep-020%3Arow-08,20,id:outer-20-fold-3,id:row-08,id:x%3A0x1.0000000000000p%2B2,one,3.8,3.8363730669589464,-0.03637306695894658,1.104336015201135,qn_finite_sample,outer_train_inner_oof,-0.03293659398794657,not_applicable,,review_only
id:diag-two-rep-020%3Arow-08,20,id:outer-20-fold-3,id:row-08,id:x%3A0x1.0000000000000p%2B2,two,3.8,3.8363730669589464,-0.03637306695894658,1.104336015201135,qn_finite_sample,outer_train_inner_oof,-0.03293659398794657,failed_with_p1_fallback,NO_BALANCED_SPLIT,review_only
id:diag-one-rep-020%3Arow-09,20,id:outer-20-fold-4,id:row-09,id:x%3A0x1.4000000000000p%2B2,one,4.2,4.007742360359854,0.1922576396401457,1.1043360152011354,qn_finite_sample,outer_train_inner_oof,0.17409342536485992,not_applicable,,review_only
id:diag-two-rep-020%3Arow-09,20,id:outer-20-fold-4,id:row-09,id:x%3A0x1.4000000000000p%2B2,two,4.2,4.007742360359854,0.1922576396401457,1.1043360152011354,qn_finite_sample,outer_train_inner_oof,0.17409342536485992,failed_with_p1_fallback,NO_BALANCED_SPLIT,review_only
id:diag-one-rep-020%3Arow-10,20,id:outer-20-fold-1,id:row-10,id:x%3A0x1.8000000000000p%2B2,one,5.0,4.350480947161671,0.649519052838329,1.104336015201135,qn_finite_sample,outer_train_inner_oof,0.588153464070472,not_applicable,,review_only
id:diag-two-rep-020%3Arow-10,20,id:outer-20-fold-1,id:row-10,id:x%3A0x1.8000000000000p%2B2,two,5.0,4.350480947161671,0.649519052838329,1.104336015201135,qn_finite_sample,outer_train_inner_oof,0.588153464070472,failed_with_p1_fallback,NO_BALANCED_SPLIT,review_only
id:diag-one-rep-020%3Arow-11,20,id:outer-20-fold-2,id:row-11,id:x%3A0x1.c000000000000p%2B2,one,5.4,4.521850240562579,0.8781497594374211,1.0170886893248545,qn_finite_sample,outer_train_inner_oof,0.8633954626123497,not_applicable,,review_only
id:diag-two-rep-020%3Arow-11,20,id:outer-20-fold-2,id:row-11,id:x%3A0x1.c000000000000p%2B2,two,5.4,4.521850240562579,0.8781497594374211,1.0170886893248545,qn_finite_sample,outer_train_inner_oof,0.8633954626123497,failed_with_p1_fallback,NO_BALANCED_SPLIT,review_only
