x_group_id,grid_index,x,full_prediction,without_group_prediction,s_ref,s_ref_status,normalized_delta,status
id:x%3A0x0.0p%2B0,0,0.0,1.25,1.1395663984798865,1.104336015201135,defined,0.1,sensitivity_only
id:x%3A0x0.0p%2B0,1,0.014,1.25896,1.3140128712520585,1.104336015201135,defined,-0.04985155830676358,sensitivity_only
id:x%3A0x0.0p%2B0,2,0.028,1.26792,1.2128671287479416,1.104336015201135,defined,0.04985155830676358,sensitivity_only
id:x%3A0x0.0p%2B0,3,0.042,1.27688,1.3319328712520584,1.104336015201135,defined,-0.04985155830676358,sensitivity_only
id:x%3A0x0.0p%2B0,4,0.056,1.28584,1.2307871287479417,1.104336015201135,defined,0.04985155830676358,sensitivity_only
id:x%3A0x0.0p%2B0,5,0.07,1.2948,1.3498528712520583,1.104336015201135,defined,-0.04985155830676358,sensitivity_only
id:x%3A0x0.0p%2B0,6,0.084,1.30376,1.2487071287479417,1.104336015201135,defined,0.04985155830676358,sensitivity_only
id:x%3A0x0.0p%2B0,7,0.098,1.31272,1.3677728712520585,1.104336015201135,defined,-0.04985155830676358,sensitivity_only
id:x%3A0x0.0p%2B0,8,0.112,1.32168,1.2666271287479416,1.104336015201135,defined,0.04985155830676358,sensitivity_only
id:x%3A0x0.0p%2B0,9,0.126,1.33064,1.3856928712520584,1.104336015201135,defined,-0.04985155830676358,sensitivity_only
id:x%3A0x0.0p%2B0,10,0.14,1.3396,1.2845471287479415,1.104336015201135,defined,0.04985155830676358,sensitivity_only
id:x%3A0x0.0p%2B0,11,0.154,1.34856,1.4036128712520584,1.104336015201135,defined,-0.04985155830676358,sensitivity_only
id:x%3A0x0.0p%2B0,12,0.168,1.35752,1.3024671287479417,1.104336015201135,defined,0.04985155830676358,sensitivity_only
id:x%3A0x0.0p%2B0,13,0.182,1.36648,1.4215328712520583,1.104336015201135,defined,-0.04985155830676358,sensitivity_only
id:x%3A0x0.0p%2B0,14,0.196,1.37544,1.3203871287479416,1.104336015201135,defined,0.04985155830676358,sensitivity_only
id:x%3A0x0.0p%2B0,15,0.21,1.3844,1.4394528712520585,1.104336015201135,defined,-0.04985155830676358,sensitivity_only
id:x%3A0x0.0p%2B0,16,0.224,1.39336,1.3383071287479416,1.104336015201135,defined,0.04985155830676358,sensitivity_only
id:x%3A0x0.0p%2B0,17,0.238,1.40232,1.4573728712520584,1.104336015201135,defined,-0.04985155830676358,sensitivity_only
id:x%3A0x0.0p%2B0,18,0.252,1.41128,1.3562271287479417,1.104336015201135,defined,0.04985155830676358,sensitivity_only
id:x%3A0x0.0p%2B0,19,0.266,1.42024,1.4752928712520583,1.104336015201135,defined,-0.04985155830676358,sensitivity_only
id:x%3A0x0.0p%2B0,20,0.28,1.4292,1.3741471287479416,1.104336015201135,defined,0.04985155830676358,sensitivity_only
id:x%3A0x0.0p%2B0,21,0.294,1.4381599999999999,1.4932128712520583,1.104336015201135,defined,-0.04985155830676358,sensitivity_only
id:x%3A0x0.0p%2B0,22,0.308,1.44712,1.3920671287479416,1.104336015201135,defined,0.04985155830676358,sensitivity_only
id:x%3A0x0.0p%2B0,23,0.322,1.45608,1.5111328712520584,1.104336015201135,defined,-0.04985155830676358,sensitivity_only
id:x%3A0x0.0p%2B0,24,0.336,1.4650400000000001,1.4099871287479417,1.104336015201135,defined,0.04985155830676358,sensitivity_only
id:x%3A0x0.0p%2B0,25,0.35,1.474,1.5290528712520584,1.104336015201135,defined,-0.04985155830676358,sensitivity_only
id:x%3A0x0.0p%2B0,26,0.364,1.48296,1.4279071287479417,1.104336015201135,defined,0.04985155830676358,sensitivity_only
id:x%3A0x0.0p%2B0,27,0.378,1.49192,1.5469728712520583,1.104336015201135,defined,-0.04985155830676358,sensitivity_only
id:x%3A0x0.0p%2B0,28,0.392,1.50088,1.4458271287479416,1.104336015201135,defined,0.04985155830676358,sensitivity_only
id:x%3A0x0.0p%2B0,29,0.406,1.50984,1.5648928712520584,1.104336015201135,defined,-0.04985155830676358,sensitivity_only
id:x%3A0x0.0p%2B0,30,0.42,1.5188,1.4637471287479416,1.104336015201135,defined,0.04985155830676358,sensitivity_only
id:x%3A0x0.0p%2B0,31,0.434,1.52776,1.5828128712520584,1.104336015201135,defined,-0.04985155830676358,sensitivity_only
id:x%3A0x0.0p%2B0,32,0.448,1.53672,1.4816671287479417,1.104336015201135,defined,0.04985155830676358,sensitivity_only
id:x%3A0x0.0p%2B0,33,0.462,1.54568,1.6007328712520583,1.104336015201135,defined,-0.04985155830676358,sensitivity_only
id:x%3A0x0.0p%2B0,34,0.476,1.55464,1.4995871287479416,1.104336015201135,defined,0.04985155830676358,sensitivity_only
id:x%3A0x0.0p%2B0,35,0.49,1.5636,1.6186528712520585,1.104336015201135,defined,-0.04985155830676358,sensitivity_only
id:x%3A0x0.0p%2B0,36,0.504,1.57256,1.5240014609627406,0.9740626108105254,defined,0.04985155830676358,sensitivity_only
id:x%3A0x0.0p%2B0,37,0.518,1.58152,1.6300785390372594,0.9740626108105254,defined,-0.04985155830676358,sensitivity_only
id:x%3A0x0.0p%2B0,38,0.532,1.59048,1.5419214609627407,0.9740626108105254,defined,0.04985155830676358,sensitivity_only
id:x%3A0x0.0p%2B0,39,0.546,1.59944,1.6479985390372591,0.9740626108105254,defined,-0.04985155830676358,sensitivity_only
id:x%3A0x0.0p%2B0,40,0.56,1.6084,1.559841460962741,0.9740626108105254,defined,0.04985155830676358,sensitivity_only
id:x%3A0x0.0p%2B0,41,0.574,1.61736,1.6659185390372593,0.9740626108105254,defined,-0.04985155830676358,sensitivity_only
id:x%3A0x0.0p%2B0,42,0.588,1.62632,1.5777614609627406,0.9740626108105254,defined,0.04985155830676358,sensitivity_only
id:x%3A0x0.0p%2B0,43,0.602,1.63528,1.6838385390372594,0.9740626108105254,defined,-0.04985155830676358,sensitivity_only
id:x%3A0x0.0p%2B0,44,0.616,1.64424,1.5956814609627408,0.9740626108105254,defined,0.04985155830676358,sensitivity_only
id:x%3A0x0.0p%2B0,45,0.63,1.6532,1.7017585390372592,0.9740626108105254,defined,-0.04985155830676358,sensitivity_only
id:x%3A0x0.0p%2B0,46,0.644,1.66216,1.613601460962741,0.9740626108105254,defined,0.04985155830676358,sensitivity_only
id:x%3A0x0.0p%2B0,47,0.658,1.6711200000000002,1.7196785390372593,0.9740626108105254,defined,-0.04985155830676358,sensitivity_only
id:x%3A0x0.0p%2B0,48,0.672,1.68008,1.6315214609627406,0.9740626108105254,defined,0.04985155830676358,sensitivity_only
id:x%3A0x0.0p%2B0,49,0.686,1.68904,1.7375985390372595,0.9740626108105254,defined,-0.04985155830676358,sensitivity_only
id:x%3A0x0.0p%2B0,50,0.7,1.698,1.6494414609627408,0.9740626108105254,defined,0.04985155830676358,sensitivity_only
id:x%3A0x0.0p%2B0,51,0.714,1.70696,1.7555185390372592,0.9740626108105254,defined,-0.04985155830676358,sensitivity_only
id:x%3A0x0.0p%2B0,52,0.728,1.7159200000000001,1.667361460962741,0.9740626108105254,defined,0.04985155830676358,sensitivity_only
id:x%3A0x0.0p%2B0,53,0.742,1.72488,1.7734385390372593,0.9740626108105254,defined,-0.04985155830676358,sensitivity_only
id:x%3A0x0.0p%2B0,54,0.756,1.73384,1.6852814609627407,0.9740626108105254,defined,0.04985155830676358,sensitivity_only
id:x%3A0x0.0p%2B0,55,0.77,1.7428,1.791358539037259,0.9740626108105254,defined,-0.04985155830676358,sensitivity_only
id:x%3A0x0.0p%2B0,56,0.784,1.75176,1.7032014609627408,0.9740626108105254,defined,0.04985155830676358,sensitivity_only
id:x%3A0x0.0p%2B0,57,0.798,1.76072,1.8092785390372592,0.9740626108105254,defined,-0.04985155830676358,sensitivity_only
id:x%3A0x0.0p%2B0,58,0.812,1.7696800000000001,1.721121460962741,0.9740626108105254,defined,0.04985155830676358,sensitivity_only
id:x%3A0x0.0p%2B0,59,0.826,1.77864,1.8271985390372594,0.9740626108105254,defined,-0.04985155830676358,sensitivity_only
id:x%3A0x0.0p%2B0,60,0.84,1.7875999999999999,1.7390414609627407,0.9740626108105254,defined,0.04985155830676358,sensitivity_only
id:x%3A0x0.0p%2B0,61,0.854,1.79656,1.845118539037259,0.9740626108105254,defined,-0.04985155830676358,sensitivity_only
id:x%3A0x0.0p%2B0,62,0.868,1.80552,1.7569614609627409,0.9740626108105254,defined,0.04985155830676358,sensitivity_only
id:x%3A0x0.0p%2B0,63,0.882,1.81448,1.8630385390372592,0.9740626108105254,defined,-0.04985155830676358,sensitivity_only
id:x%3A0x0.0p%2B0,64,0.896,1.8234400000000002,1.774881460962741,0.9740626108105254,defined,0.04985155830676358,sensitivity_only
id:x%3A0x0.0p%2B0,65,0.91,1.8324,1.8809585390372594,0.9740626108105254,defined,-0.04985155830676358,sensitivity_only
id:x%3A0x0.0p%2B0,66,0.924,1.8413599999999999,1.7928014609627407,0.9740626108105254,defined,0.04985155830676358,sensitivity_only
id:x%3A0x0.0p%2B0,67,0.938,1.85032,1.8988785390372591,0.9740626108105254,defined,-0.04985155830676358,sensitivity_only
id:x%3A0x0.0p%2B0,68,0.952,1.85928,1.810721460962741,0.9740626108105254,defined,0.04985155830676358,sensitivity_only
id:x%3A0x0.0p%2B0,69,0.966,1.8682400000000001,1.9167985390372593,0.9740626108105254,defined,-0.04985155830676358,sensitivity_only
id:x%3A0x0.0p%2B0,70,0.98,1.8772,1.8286414609627406,0.9740626108105254,defined,0.04985155830676358,sensitivity_only
id:x%3A0x0.0p%2B0,71,0.994,1.88616,1.9347185390372594,0.9740626108105254,defined,-0.04985155830676358,sensitivity_only
id:x%3A0x0.0p%2B0,72,1.0,1.8900000000000001,1.841441460962741,0.9740626108105254,defined,0.04985155830676358,sensitivity_only
id:x%3A0x0.0p%2B0,73,1.008,1.89512,1.943678539037259,0.9740626108105254,defined,-0.04985155830676358,sensitivity_only
id:x%3A0x0.0p%2B0,74,1.022,1.90408,1.8555214609627408,0.9740626108105254,defined,0.04985155830676358,sensitivity_only
id:x%3A0x0.0p%2B0,75,1.036,1.91304,1.9615985390372592,0.9740626108105254,defined,-0.04985155830676358,sensitivity_only
id:x%3A0x0.0p%2B0,76,1.05,1.9220000000000002,1.873441460962741,0.9740626108105254,defined,0.04985155830676358,sensitivity_only
id:x%3A0x0.0p%2B0,77,1.064,1.93096,1.9795185390372594,0.9740626108105254,defined,-0.04985155830676358,sensitivity_only
id:x%3A0x0.0p%2B0,78,1.078,1.93992,1.8913614609627407,0.9740626108105254,defined,0.04985155830676358,sensitivity_only
id:x%3A0x0.0p%2B0,79,1.092,1.94888,1.997438539037259,0.9740626108105254,defined,-0.04985155830676358,sensitivity_only
id:x%3A0x0.0p%2B0,80,1.106,1.95784,1.9092814609627409,0.9740626108105254,defined,0.04985155830676358,sensitivity_only
id:x%3A0x0.0p%2B0,81,1.12,1.9668,2.0153585390372593,0.9740626108105254,defined,-0.04985155830676358,sensitivity_only
id:x%3A0x0.0p%2B0,82,1.134,1.97576,1.9272014609627406,0.9740626108105254,defined,0.04985155830676358,sensitivity_only
id:x%3A0x0.0p%2B0,83,1.148,1.9847199999999998,2.033278539037259,0.9740626108105254,defined,-0.04985155830676358,sensitivity_only
id:x%3A0x0.0p%2B0,84,1.162,1.99368,1.9451214609627407,0.9740626108105254,defined,0.04985155830676358,sensitivity_only
id:x%3A0x0.0p%2B0,85,1.176,2.00264,2.051198539037259,0.9740626108105254,defined,-0.04985155830676358,sensitivity_only
id:x%3A0x0.0p%2B0,86,1.19,2.0116,1.963041460962741,0.9740626108105254,defined,0.04985155830676358,sensitivity_only
id:x%3A0x0.0p%2B0,87,1.204,2.02056,2.0691185390372593,0.9740626108105254,defined,-0.04985155830676358,sensitivity_only
id:x%3A0x0.0p%2B0,88,1.218,2.0295199999999998,1.9809614609627406,0.9740626108105254,defined,0.04985155830676358,sensitivity_only
id:x%3A0x0.0p%2B0,89,1.232,2.03848,2.087038539037259,0.9740626108105254,defined,-0.04985155830676358,sensitivity_only
id:x%3A0x0.0p%2B0,90,1.246,2.04744,1.9988814609627408,0.9740626108105254,defined,0.04985155830676358,sensitivity_only
id:x%3A0x0.0p%2B0,91,1.26,2.0564,2.104958539037259,0.9740626108105254,defined,-0.04985155830676358,sensitivity_only
id:x%3A0x0.0p%2B0,92,1.274,2.06536,2.016801460962741,0.9740626108105254,defined,0.04985155830676358,sensitivity_only
id:x%3A0x0.0p%2B0,93,1.288,2.07432,2.1228785390372593,0.9740626108105254,defined,-0.04985155830676358,sensitivity_only
id:x%3A0x0.0p%2B0,94,1.302,2.0832800000000002,2.034721460962741,0.9740626108105254,defined,0.04985155830676358,sensitivity_only
id:x%3A0x0.0p%2B0,95,1.316,2.0922400000000003,2.1407985390372595,0.9740626108105254,defined,-0.04985155830676358,sensitivity_only
id:x%3A0x0.0p%2B0,96,1.33,2.1012,2.052641460962741,0.9740626108105254,defined,0.04985155830676358,sensitivity_only
id:x%3A0x0.0p%2B0,97,1.344,2.11016,2.158718539037259,0.9740626108105254,defined,-0.04985155830676358,sensitivity_only
id:x%3A0x0.0p%2B0,98,1.358,2.11912,2.070561460962741,0.9740626108105254,defined,0.04985155830676358,sensitivity_only
id:x%3A0x0.0p%2B0,99,1.372,2.12808,2.1766385390372593,0.9740626108105254,defined,-0.04985155830676358,sensitivity_only
id:x%3A0x0.0p%2B0,100,1.386,2.13704,2.0884814609627407,0.9740626108105254,defined,0.04985155830676358,sensitivity_only
id:x%3A0x0.0p%2B0,101,1.4,2.146,2.194558539037259,0.9740626108105254,defined,-0.04985155830676358,sensitivity_only
id:x%3A0x0.0p%2B0,102,1.414,2.15496,2.106401460962741,0.9740626108105254,defined,0.04985155830676358,sensitivity_only
id:x%3A0x0.0p%2B0,103,1.428,2.16392,2.212478539037259,0.9740626108105254,defined,-0.04985155830676358,sensitivity_only
id:x%3A0x0.0p%2B0,104,1.442,2.17288,2.124321460962741,0.9740626108105254,defined,0.04985155830676358,sensitivity_only
id:x%3A0x0.0p%2B0,105,1.456,2.1818400000000002,2.2303985390372594,0.9740626108105254,defined,-0.04985155830676358,sensitivity_only
id:x%3A0x0.0p%2B0,106,1.47,2.1908,2.1422414609627407,0.9740626108105254,defined,0.04985155830676358,sensitivity_only
id:x%3A0x0.0p%2B0,107,1.484,2.19976,2.248318539037259,0.9740626108105254,defined,-0.04985155830676358,sensitivity_only
id:x%3A0x0.0p%2B0,108,1.498,2.20872,2.160161460962741,0.9740626108105254,defined,0.04985155830676358,sensitivity_only
id:x%3A0x0.0p%2B0,109,1.512,2.21768,2.2745798831663593,1.1413862494773641,defined,-0.04985155830676358,sensitivity_only
id:x%3A0x0.0p%2B0,110,1.526,2.22664,2.169740116833641,1.1413862494773641,defined,0.04985155830676358,sensitivity_only
id:x%3A0x0.0p%2B0,111,1.54,2.2356,2.292499883166359,1.1413862494773641,defined,-0.04985155830676358,sensitivity_only
id:x%3A0x0.0p%2B0,112,1.554,2.24456,2.1876601168336407,1.1413862494773641,defined,0.04985155830676358,sensitivity_only
id:x%3A0x0.0p%2B0,113,1.568,2.25352,2.310419883166359,1.1413862494773641,defined,-0.04985155830676358,sensitivity_only
id:x%3A0x0.0p%2B0,114,1.582,2.26248,2.205580116833641,1.1413862494773641,defined,0.04985155830676358,sensitivity_only
id:x%3A0x0.0p%2B0,115,1.596,2.27144,2.3283398831663593,1.1413862494773641,defined,-0.04985155830676358,sensitivity_only
id:x%3A0x0.0p%2B0,116,1.61,2.2804,2.223500116833641,1.1413862494773641,defined,0.04985155830676358,sensitivity_only
id:x%3A0x0.0p%2B0,117,1.624,2.2893600000000003,2.3462598831663595,1.1413862494773641,defined,-0.04985155830676358,sensitivity_only
id:x%3A0x0.0p%2B0,118,1.638,2.29832,2.2414201168336407,1.1413862494773641,defined,0.04985155830676358,sensitivity_only
id:x%3A0x0.0p%2B0,119,1.652,2.30728,2.364179883166359,1.1413862494773641,defined,-0.04985155830676358,sensitivity_only
id:x%3A0x0.0p%2B0,120,1.666,2.31624,2.259340116833641,1.1413862494773641,defined,0.04985155830676358,sensitivity_only
id:x%3A0x0.0p%2B0,121,1.68,2.3251999999999997,2.382099883166359,1.1413862494773641,defined,-0.04985155830676358,sensitivity_only
id:x%3A0x0.0p%2B0,122,1.694,2.33416,2.2772601168336406,1.1413862494773641,defined,0.04985155830676358,sensitivity_only
id:x%3A0x0.0p%2B0,123,1.708,2.34312,2.400019883166359,1.1413862494773641,defined,-0.04985155830676358,sensitivity_only
id:x%3A0x0.0p%2B0,124,1.722,2.35208,2.2951801168336408,1.1413862494773641,defined,0.04985155830676358,sensitivity_only
id:x%3A0x0.0p%2B0,125,1.736,2.36104,2.417939883166359,1.1413862494773641,defined,-0.04985155830676358,sensitivity_only
id:x%3A0x0.0p%2B0,126,1.75,2.37,2.313100116833641,1.1413862494773641,defined,0.04985155830676358,sensitivity_only
id:x%3A0x0.0p%2B0,127,1.764,2.37896,2.4358598831663594,1.1413862494773641,defined,-0.04985155830676358,sensitivity_only
id:x%3A0x0.0p%2B0,128,1.778,2.3879200000000003,2.331020116833641,1.1413862494773641,defined,0.04985155830676358,sensitivity_only
id:x%3A0x0.0p%2B0,129,1.792,2.3968800000000003,2.4537798831663595,1.1413862494773641,defined,-0.04985155830676358,sensitivity_only
id:x%3A0x0.0p%2B0,130,1.806,2.40584,2.348940116833641,1.1413862494773641,defined,0.04985155830676358,sensitivity_only
id:x%3A0x0.0p%2B0,131,1.82,2.4148,2.4716998831663592,1.1413862494773641,defined,-0.04985155830676358,sensitivity_only
id:x%3A0x0.0p%2B0,132,1.834,2.42376,2.366860116833641,1.1413862494773641,defined,0.04985155830676358,sensitivity_only
id:x%3A0x0.0p%2B0,133,1.848,2.4327199999999998,2.489619883166359,1.1413862494773641,defined,-0.04985155830676358,sensitivity_only
id:x%3A0x0.0p%2B0,134,1.862,2.44168,2.3847801168336407,1.1413862494773641,defined,0.04985155830676358,sensitivity_only
id:x%3A0x0.0p%2B0,135,1.876,2.45064,2.507539883166359,1.1413862494773641,defined,-0.04985155830676358,sensitivity_only
id:x%3A0x0.0p%2B0,136,1.89,2.4596,2.402700116833641,1.1413862494773641,defined,0.04985155830676358,sensitivity_only
id:x%3A0x0.0p%2B0,137,1.904,2.46856,2.5254598831663593,1.1413862494773641,defined,-0.04985155830676358,sensitivity_only
id:x%3A0x0.0p%2B0,138,1.918,2.47752,2.420620116833641,1.1413862494773641,defined,0.04985155830676358,sensitivity_only
id:x%3A0x0.0p%2B0,139,1.932,2.4864800000000002,2.5433798831663594,1.1413862494773641,defined,-0.04985155830676358,sensitivity_only
id:x%3A0x0.0p%2B0,140,1.946,2.4954400000000003,2.438540116833641,1.1413862494773641,defined,0.04985155830676358,sensitivity_only
id:x%3A0x0.0p%2B0,141,1.96,2.5044,2.561299883166359,1.1413862494773641,defined,-0.04985155830676358,sensitivity_only
id:x%3A0x0.0p%2B0,142,1.974,2.51336,2.456460116833641,1.1413862494773641,defined,0.04985155830676358,sensitivity_only
id:x%3A0x0.0p%2B0,143,1.988,2.52232,2.5792198831663593,1.1413862494773641,defined,-0.04985155830676358,sensitivity_only
id:x%3A0x0.0p%2B0,144,2.0,2.5300000000000002,2.473100116833641,1.1413862494773641,defined,0.04985155830676358,sensitivity_only
id:x%3A0x0.0p%2B0,145,2.002,2.5312799999999998,2.588179883166359,1.1413862494773641,defined,-0.04985155830676358,sensitivity_only
id:x%3A0x0.0p%2B0,146,2.016,2.54024,2.4833401168336406,1.1413862494773641,defined,0.04985155830676358,sensitivity_only
id:x%3A0x0.0p%2B0,147,2.03,2.5492,2.606099883166359,1.1413862494773641,defined,-0.04985155830676358,sensitivity_only
id:x%3A0x0.0p%2B0,148,2.044,2.55816,2.501260116833641,1.1413862494773641,defined,0.04985155830676358,sensitivity_only
id:x%3A0x0.0p%2B0,149,2.058,2.56712,2.6240198831663593,1.1413862494773641,defined,-0.04985155830676358,sensitivity_only
id:x%3A0x0.0p%2B0,150,2.072,2.57608,2.519180116833641,1.1413862494773641,defined,0.04985155830676358,sensitivity_only
id:x%3A0x0.0p%2B0,151,2.086,2.5850400000000002,2.6419398831663594,1.1413862494773641,defined,-0.04985155830676358,sensitivity_only
id:x%3A0x0.0p%2B0,152,2.1,2.5940000000000003,2.537100116833641,1.1413862494773641,defined,0.04985155830676358,sensitivity_only
id:x%3A0x0.0p%2B0,153,2.114,2.60296,2.659859883166359,1.1413862494773641,defined,-0.04985155830676358,sensitivity_only
id:x%3A0x0.0p%2B0,154,2.128,2.61192,2.555020116833641,1.1413862494773641,defined,0.04985155830676358,sensitivity_only
id:x%3A0x0.0p%2B0,155,2.142,2.6208799999999997,2.677779883166359,1.1413862494773641,defined,-0.04985155830676358,sensitivity_only
id:x%3A0x0.0p%2B0,156,2.156,2.62984,2.572940116833641,1.1413862494773641,defined,0.04985155830676358,sensitivity_only
id:x%3A0x0.0p%2B0,157,2.17,2.6388,2.695699883166359,1.1413862494773641,defined,-0.04985155830676358,sensitivity_only
id:x%3A0x0.0p%2B0,158,2.184,2.64776,2.5908601168336407,1.1413862494773641,defined,0.04985155830676358,sensitivity_only
id:x%3A0x0.0p%2B0,159,2.198,2.65672,2.713619883166359,1.1413862494773641,defined,-0.04985155830676358,sensitivity_only
id:x%3A0x0.0p%2B0,160,2.212,2.66568,2.608780116833641,1.1413862494773641,defined,0.04985155830676358,sensitivity_only
id:x%3A0x0.0p%2B0,161,2.226,2.67464,2.7315398831663593,1.1413862494773641,defined,-0.04985155830676358,sensitivity_only
id:x%3A0x0.0p%2B0,162,2.24,2.6836,2.626700116833641,1.1413862494773641,defined,0.04985155830676358,sensitivity_only
id:x%3A0x0.0p%2B0,163,2.254,2.6925600000000003,2.7494598831663595,1.1413862494773641,defined,-0.04985155830676358,sensitivity_only
id:x%3A0x0.0p%2B0,164,2.268,2.70152,2.6446201168336407,1.1413862494773641,defined,0.04985155830676358,sensitivity_only
id:x%3A0x0.0p%2B0,165,2.282,2.71048,2.767379883166359,1.1413862494773641,defined,-0.04985155830676358,sensitivity_only
id:x%3A0x0.0p%2B0,166,2.296,2.7194399999999996,2.6625401168336404,1.1413862494773641,defined,0.04985155830676358,sensitivity_only
id:x%3A0x0.0p%2B0,167,2.31,2.7284,2.7852998831663593,1.1413862494773641,defined,-0.04985155830676358,sensitivity_only
id:x%3A0x0.0p%2B0,168,2.324,2.73736,2.6804601168336406,1.1413862494773641,defined,0.04985155830676358,sensitivity_only
id:x%3A0x0.0p%2B0,169,2.338,2.74632,2.803219883166359,1.1413862494773641,defined,-0.04985155830676358,sensitivity_only
id:x%3A0x0.0p%2B0,170,2.352,2.75528,2.6983801168336408,1.1413862494773641,defined,0.04985155830676358,sensitivity_only
id:x%3A0x0.0p%2B0,171,2.366,2.76424,2.821139883166359,1.1413862494773641,defined,-0.04985155830676358,sensitivity_only
id:x%3A0x0.0p%2B0,172,2.38,2.7732,2.716300116833641,1.1413862494773641,defined,0.04985155830676358,sensitivity_only
id:x%3A0x0.0p%2B0,173,2.394,2.78216,2.8390598831663594,1.1413862494773641,defined,-0.04985155830676358,sensitivity_only
id:x%3A0x0.0p%2B0,174,2.408,2.7911200000000003,2.734220116833641,1.1413862494773641,defined,0.04985155830676358,sensitivity_only
id:x%3A0x0.0p%2B0,175,2.422,2.8000800000000003,2.8569798831663595,1.1413862494773641,defined,-0.04985155830676358,sensitivity_only
id:x%3A0x0.0p%2B0,176,2.436,2.80904,2.752140116833641,1.1413862494773641,defined,0.04985155830676358,sensitivity_only
id:x%3A0x0.0p%2B0,177,2.45,2.818,2.8748998831663592,1.1413862494773641,defined,-0.04985155830676358,sensitivity_only
id:x%3A0x0.0p%2B0,178,2.464,2.8269599999999997,2.7700601168336405,1.1413862494773641,defined,0.04985155830676358,sensitivity_only
id:x%3A0x0.0p%2B0,179,2.478,2.83592,2.8928198831663594,1.1413862494773641,defined,-0.04985155830676358,sensitivity_only
id:x%3A0x0.0p%2B0,180,2.492,2.84488,2.7879801168336407,1.1413862494773641,defined,0.04985155830676358,sensitivity_only
id:x%3A0x0.0p%2B0,181,2.506,2.85384,2.918948828714959,1.3060540317377747,defined,-0.04985155830676358,sensitivity_only
id:x%3A0x0.0p%2B0,182,2.52,2.8628,2.7976911712850407,1.3060540317377747,defined,0.04985155830676358,sensitivity_only
id:x%3A0x0.0p%2B0,183,2.534,2.87176,2.9368688287149594,1.3060540317377747,defined,-0.04985155830676358,sensitivity_only
id:x%3A0x0.0p%2B0,184,2.548,2.88072,2.815611171285041,1.3060540317377747,defined,0.04985155830676358,sensitivity_only
id:x%3A0x0.0p%2B0,185,2.562,2.8896800000000002,2.9547888287149595,1.3060540317377747,defined,-0.04985155830676358,sensitivity_only
id:x%3A0x0.0p%2B0,186,2.576,2.8986400000000003,2.833531171285041,1.3060540317377747,defined,0.04985155830676358,sensitivity_only
id:x%3A0x0.0p%2B0,187,2.59,2.9076,2.9727088287149592,1.3060540317377747,defined,-0.04985155830676358,sensitivity_only
id:x%3A0x0.0p%2B0,188,2.604,2.91656,2.8514511712850408,1.3060540317377747,defined,0.04985155830676358,sensitivity_only
id:x%3A0x0.0p%2B0,189,2.618,2.9255199999999997,2.990628828714959,1.3060540317377747,defined,-0.04985155830676358,sensitivity_only
id:x%3A0x0.0p%2B0,190,2.632,2.93448,2.869371171285041,1.3060540317377747,defined,0.04985155830676358,sensitivity_only
id:x%3A0x0.0p%2B0,191,2.646,2.94344,3.008548828714959,1.3060540317377747,defined,-0.04985155830676358,sensitivity_only
id:x%3A0x0.0p%2B0,192,2.66,2.9524,2.8872911712850406,1.3060540317377747,defined,0.04985155830676358,sensitivity_only
id:x%3A0x0.0p%2B0,193,2.674,2.96136,3.0264688287149593,1.3060540317377747,defined,-0.04985155830676358,sensitivity_only
id:x%3A0x0.0p%2B0,194,2.688,2.97032,2.905211171285041,1.3060540317377747,defined,0.04985155830676358,sensitivity_only
id:x%3A0x0.0p%2B0,195,2.702,2.97928,3.0443888287149594,1.3060540317377747,defined,-0.04985155830676358,sensitivity_only
id:x%3A0x0.0p%2B0,196,2.716,2.9882400000000002,2.923131171285041,1.3060540317377747,defined,0.04985155830676358,sensitivity_only
id:x%3A0x0.0p%2B0,197,2.73,2.9972000000000003,3.0623088287149596,1.3060540317377747,defined,-0.04985155830676358,sensitivity_only
id:x%3A0x0.0p%2B0,198,2.744,3.0061600000000004,2.941051171285041,1.3060540317377747,defined,0.04985155830676358,sensitivity_only
id:x%3A0x0.0p%2B0,199,2.758,3.01512,3.0802288287149593,1.3060540317377747,defined,-0.04985155830676358,sensitivity_only
id:x%3A0x0.0p%2B0,200,2.772,3.0240799999999997,2.9589711712850404,1.3060540317377747,defined,0.04985155830676358,sensitivity_only
id:x%3A0x0.0p%2B0,201,2.786,3.0330399999999997,3.098148828714959,1.3060540317377747,defined,-0.04985155830676358,sensitivity_only
id:x%3A0x0.0p%2B0,202,2.8,3.042,2.9768911712850405,1.3060540317377747,defined,0.04985155830676358,sensitivity_only
id:x%3A0x0.0p%2B0,203,2.814,3.05096,3.116068828714959,1.3060540317377747,defined,-0.04985155830676358,sensitivity_only
id:x%3A0x0.0p%2B0,204,2.828,3.05992,2.9948111712850407,1.3060540317377747,defined,0.04985155830676358,sensitivity_only
id:x%3A0x0.0p%2B0,205,2.842,3.06888,3.1339888287149593,1.3060540317377747,defined,-0.04985155830676358,sensitivity_only
id:x%3A0x0.0p%2B0,206,2.856,3.07784,3.012731171285041,1.3060540317377747,defined,0.04985155830676358,sensitivity_only
id:x%3A0x0.0p%2B0,207,2.87,3.0868,3.1519088287149595,1.3060540317377747,defined,-0.04985155830676358,sensitivity_only
id:x%3A0x0.0p%2B0,208,2.884,3.0957600000000003,3.030651171285041,1.3060540317377747,defined,0.04985155830676358,sensitivity_only
id:x%3A0x0.0p%2B0,209,2.898,3.1047200000000004,3.1698288287149596,1.3060540317377747,defined,-0.04985155830676358,sensitivity_only
id:x%3A0x0.0p%2B0,210,2.912,3.11368,3.0485711712850407,1.3060540317377747,defined,0.04985155830676358,sensitivity_only
id:x%3A0x0.0p%2B0,211,2.926,3.12264,3.1877488287149593,1.3060540317377747,defined,-0.04985155830676358,sensitivity_only
id:x%3A0x0.0p%2B0,212,2.94,3.1315999999999997,3.0664911712850405,1.3060540317377747,defined,0.04985155830676358,sensitivity_only
id:x%3A0x0.0p%2B0,213,2.954,3.1405600000000002,3.2056688287149595,1.3060540317377747,defined,-0.04985155830676358,sensitivity_only
id:x%3A0x0.0p%2B0,214,2.968,3.14952,3.0844111712850406,1.3060540317377747,defined,0.04985155830676358,sensitivity_only
id:x%3A0x0.0p%2B0,215,2.982,3.15848,3.223588828714959,1.3060540317377747,defined,-0.04985155830676358,sensitivity_only
id:x%3A0x0.0p%2B0,216,2.996,3.16744,3.1023311712850408,1.3060540317377747,defined,0.04985155830676358,sensitivity_only
id:x%3A0x0.0p%2B0,217,3.0,3.17,3.235108828714959,1.3060540317377747,defined,-0.04985155830676358,sensitivity_only
id:x%3A0x0.0p%2B0,218,3.01,3.1764,3.111291171285041,1.3060540317377747,defined,0.04985155830676358,sensitivity_only
id:x%3A0x0.0p%2B0,219,3.024,3.18536,3.2504688287149595,1.3060540317377747,defined,-0.04985155830676358,sensitivity_only
id:x%3A0x0.0p%2B0,220,3.038,3.19432,3.1292111712850406,1.3060540317377747,defined,0.04985155830676358,sensitivity_only
id:x%3A0x0.0p%2B0,221,3.052,3.2032800000000003,3.2683888287149596,1.3060540317377747,defined,-0.04985155830676358,sensitivity_only
id:x%3A0x0.0p%2B0,222,3.066,3.21224,3.1471311712850407,1.3060540317377747,defined,0.04985155830676358,sensitivity_only
id:x%3A0x0.0p%2B0,223,3.08,3.2212,3.2863088287149593,1.3060540317377747,defined,-0.04985155830676358,sensitivity_only
id:x%3A0x0.0p%2B0,224,3.094,3.2301599999999997,3.1650511712850404,1.3060540317377747,defined,0.04985155830676358,sensitivity_only
id:x%3A0x0.0p%2B0,225,3.108,3.2391199999999998,3.304228828714959,1.3060540317377747,defined,-0.04985155830676358,sensitivity_only
id:x%3A0x0.0p%2B0,226,3.122,3.24808,3.1829711712850406,1.3060540317377747,defined,0.04985155830676358,sensitivity_only
id:x%3A0x0.0p%2B0,227,3.136,3.25704,3.322148828714959,1.3060540317377747,defined,-0.04985155830676358,sensitivity_only
id:x%3A0x0.0p%2B0,228,3.15,3.266,3.2008911712850407,1.3060540317377747,defined,0.04985155830676358,sensitivity_only
id:x%3A0x0.0p%2B0,229,3.164,3.27496,3.3400688287149594,1.3060540317377747,defined,-0.04985155830676358,sensitivity_only
id:x%3A0x0.0p%2B0,230,3.178,3.28392,3.218811171285041,1.3060540317377747,defined,0.04985155830676358,sensitivity_only
id:x%3A0x0.0p%2B0,231,3.192,3.2928800000000003,3.3579888287149595,1.3060540317377747,defined,-0.04985155830676358,sensitivity_only
id:x%3A0x0.0p%2B0,232,3.206,3.30184,3.2367311712850406,1.3060540317377747,defined,0.04985155830676358,sensitivity_only
id:x%3A0x0.0p%2B0,233,3.22,3.3108,3.3759088287149592,1.3060540317377747,defined,-0.04985155830676358,sensitivity_only
id:x%3A0x0.0p%2B0,234,3.234,3.31976,3.254651171285041,1.3060540317377747,defined,0.04985155830676358,sensitivity_only
id:x%3A0x0.0p%2B0,235,3.248,3.32872,3.3938288287149594,1.3060540317377747,defined,-0.04985155830676358,sensitivity_only
id:x%3A0x0.0p%2B0,236,3.262,3.33768,3.272571171285041,1.3060540317377747,defined,0.04985155830676358,sensitivity_only
id:x%3A0x0.0p%2B0,237,3.276,3.34664,3.411748828714959,1.3060540317377747,defined,-0.04985155830676358,sensitivity_only
id:x%3A0x0.0p%2B0,238,3.29,3.3556,3.2904911712850407,1.3060540317377747,defined,0.04985155830676358,sensitivity_only
id:x%3A0x0.0p%2B0,239,3.304,3.36456,3.4296688287149593,1.3060540317377747,defined,-0.04985155830676358,sensitivity_only
id:x%3A0x0.0p%2B0,240,3.318,3.37352,3.308411171285041,1.3060540317377747,defined,0.04985155830676358,sensitivity_only
id:x%3A0x0.0p%2B0,241,3.332,3.38248,3.4475888287149594,1.3060540317377747,defined,-0.04985155830676358,sensitivity_only
id:x%3A0x0.0p%2B0,242,3.346,3.3914400000000002,3.326331171285041,1.3060540317377747,defined,0.04985155830676358,sensitivity_only
id:x%3A0x0.0p%2B0,243,3.36,3.4004,3.465508828714959,1.3060540317377747,defined,-0.04985155830676358,sensitivity_only
id:x%3A0x0.0p%2B0,244,3.374,3.40936,3.3442511712850407,1.3060540317377747,defined,0.04985155830676358,sensitivity_only
id:x%3A0x0.0p%2B0,245,3.388,3.41832,3.4834288287149593,1.3060540317377747,defined,-0.04985155830676358,sensitivity_only
id:x%3A0x0.0p%2B0,246,3.402,3.42728,3.362171171285041,1.3060540317377747,defined,0.04985155830676358,sensitivity_only
id:x%3A0x0.0p%2B0,247,3.416,3.43624,3.5013488287149594,1.3060540317377747,defined,-0.04985155830676358,sensitivity_only
id:x%3A0x0.0p%2B0,248,3.43,3.4452000000000003,3.380091171285041,1.3060540317377747,defined,0.04985155830676358,sensitivity_only
id:x%3A0x0.0p%2B0,249,3.444,3.45416,3.519268828714959,1.3060540317377747,defined,-0.04985155830676358,sensitivity_only
id:x%3A0x0.0p%2B0,250,3.458,3.46312,3.3980111712850407,1.3060540317377747,defined,0.04985155830676358,sensitivity_only
id:x%3A0x0.0p%2B0,251,3.472,3.47208,3.5371888287149593,1.3060540317377747,defined,-0.04985155830676358,sensitivity_only
id:x%3A0x0.0p%2B0,252,3.486,3.48104,3.415931171285041,1.3060540317377747,defined,0.04985155830676358,sensitivity_only
id:x%3A0x0.0p%2B0,253,3.5,3.49,3.5551088287149595,1.3060540317377747,defined,-0.04985155830676358,sensitivity_only
id:x%3A0x0.0p%2B0,254,3.514,3.49896,3.4439071287479415,1.104336015201135,defined,0.04985155830676358,sensitivity_only
id:x%3A0x0.0p%2B0,255,3.528,3.50792,3.5629728712520583,1.104336015201135,defined,-0.04985155830676358,sensitivity_only
id:x%3A0x0.0p%2B0,256,3.542,3.51688,3.4618271287479416,1.104336015201135,defined,0.04985155830676358,sensitivity_only
id:x%3A0x0.0p%2B0,257,3.556,3.52584,3.5808928712520585,1.104336015201135,defined,-0.04985155830676358,sensitivity_only
id:x%3A0x0.0p%2B0,258,3.57,3.5348,3.479747128747942,1.104336015201135,defined,0.04985155830676358,sensitivity_only
id:x%3A0x0.0p%2B0,259,3.584,3.5437600000000002,3.5988128712520586,1.104336015201135,defined,-0.04985155830676358,sensitivity_only
id:x%3A0x0.0p%2B0,260,3.598,3.55272,3.4976671287479415,1.104336015201135,defined,0.04985155830676358,sensitivity_only
id:x%3A0x0.0p%2B0,261,3.612,3.56168,3.6167328712520583,1.104336015201135,defined,-0.04985155830676358,sensitivity_only
id:x%3A0x0.0p%2B0,262,3.626,3.57064,3.5155871287479417,1.104336015201135,defined,0.04985155830676358,sensitivity_only
id:x%3A0x0.0p%2B0,263,3.64,3.5796,3.6346528712520585,1.104336015201135,defined,-0.04985155830676358,sensitivity_only
id:x%3A0x0.0p%2B0,264,3.654,3.58856,3.533507128747942,1.104336015201135,defined,0.04985155830676358,sensitivity_only
id:x%3A0x0.0p%2B0,265,3.668,3.5975200000000003,3.6525728712520587,1.104336015201135,defined,-0.04985155830676358,sensitivity_only
id:x%3A0x0.0p%2B0,266,3.682,3.60648,3.5514271287479415,1.104336015201135,defined,0.04985155830676358,sensitivity_only
id:x%3A0x0.0p%2B0,267,3.696,3.61544,3.6704928712520584,1.104336015201135,defined,-0.04985155830676358,sensitivity_only
id:x%3A0x0.0p%2B0,268,3.71,3.6244,3.5693471287479417,1.104336015201135,defined,0.04985155830676358,sensitivity_only
id:x%3A0x0.0p%2B0,269,3.724,3.63336,3.6884128712520585,1.104336015201135,defined,-0.04985155830676358,sensitivity_only
id:x%3A0x0.0p%2B0,270,3.738,3.6423200000000002,3.587267128747942,1.104336015201135,defined,0.04985155830676358,sensitivity_only
id:x%3A0x0.0p%2B0,271,3.752,3.65128,3.7063328712520582,1.104336015201135,defined,-0.04985155830676358,sensitivity_only
id:x%3A0x0.0p%2B0,272,3.766,3.66024,3.6051871287479416,1.104336015201135,defined,0.04985155830676358,sensitivity_only
id:x%3A0x0.0p%2B0,273,3.78,3.6692,3.7242528712520584,1.104336015201135,defined,-0.04985155830676358,sensitivity_only
id:x%3A0x0.0p%2B0,274,3.794,3.67816,3.6231071287479417,1.104336015201135,defined,0.04985155830676358,sensitivity_only
id:x%3A0x0.0p%2B0,275,3.808,3.6871199999999997,3.742172871252058,1.104336015201135,defined,-0.04985155830676358,sensitivity_only
id:x%3A0x0.0p%2B0,276,3.822,3.6960800000000003,3.641027128747942,1.104336015201135,defined,0.04985155830676358,sensitivity_only
id:x%3A0x0.0p%2B0,277,3.836,3.70504,3.7600928712520583,1.104336015201135,defined,-0.04985155830676358,sensitivity_only
id:x%3A0x0.0p%2B0,278,3.85,3.714,3.6589471287479416,1.104336015201135,defined,0.04985155830676358,sensitivity_only
id:x%3A0x0.0p%2B0,279,3.864,3.72296,3.7780128712520584,1.104336015201135,defined,-0.04985155830676358,sensitivity_only
id:x%3A0x0.0p%2B0,280,3.878,3.73192,3.6768671287479417,1.104336015201135,defined,0.04985155830676358,sensitivity_only
id:x%3A0x0.0p%2B0,281,3.892,3.74088,3.7959328712520586,1.104336015201135,defined,-0.04985155830676358,sensitivity_only
id:x%3A0x0.0p%2B0,282,3.906,3.7498400000000003,3.694787128747942,1.104336015201135,defined,0.04985155830676358,sensitivity_only
id:x%3A0x0.0p%2B0,283,3.92,3.7588,3.8138528712520583,1.104336015201135,defined,-0.04985155830676358,sensitivity_only
id:x%3A0x0.0p%2B0,284,3.934,3.76776,3.7127071287479416,1.104336015201135,defined,0.04985155830676358,sensitivity_only
id:x%3A0x0.0p%2B0,285,3.948,3.77672,3.8317728712520585,1.104336015201135,defined,-0.04985155830676358,sensitivity_only
id:x%3A0x0.0p%2B0,286,3.962,3.78568,3.730627128747942,1.104336015201135,defined,0.04985155830676358,sensitivity_only
id:x%3A0x0.0p%2B0,287,3.976,3.7946400000000002,3.8496928712520586,1.104336015201135,defined,-0.04985155830676358,sensitivity_only
id:x%3A0x0.0p%2B0,288,3.99,3.8036000000000003,3.748547128747942,1.104336015201135,defined,0.04985155830676358,sensitivity_only
id:x%3A0x0.0p%2B0,289,4.0,3.81,3.8650528712520584,1.104336015201135,defined,-0.04985155830676358,sensitivity_only
id:x%3A0x0.0p%2B0,290,4.004,3.81256,3.7575071287479416,1.104336015201135,defined,0.04985155830676358,sensitivity_only
id:x%3A0x0.0p%2B0,291,4.018,3.82152,3.8765728712520584,1.104336015201135,defined,-0.04985155830676358,sensitivity_only
id:x%3A0x0.0p%2B0,292,4.032,3.83048,3.7754271287479417,1.104336015201135,defined,0.04985155830676358,sensitivity_only
id:x%3A0x0.0p%2B0,293,4.046,3.83944,3.8944928712520586,1.104336015201135,defined,-0.04985155830676358,sensitivity_only
id:x%3A0x0.0p%2B0,294,4.06,3.8484,3.7933471287479414,1.104336015201135,defined,0.04985155830676358,sensitivity_only
id:x%3A0x0.0p%2B0,295,4.074,3.85736,3.9124128712520583,1.104336015201135,defined,-0.04985155830676358,sensitivity_only
id:x%3A0x0.0p%2B0,296,4.088,3.86632,3.8112671287479416,1.104336015201135,defined,0.04985155830676358,sensitivity_only
id:x%3A0x0.0p%2B0,297,4.102,3.87528,3.9303328712520584,1.104336015201135,defined,-0.04985155830676358,sensitivity_only
id:x%3A0x0.0p%2B0,298,4.116,3.8842399999999997,3.8291871287479413,1.104336015201135,defined,0.04985155830676358,sensitivity_only
id:x%3A0x0.0p%2B0,299,4.13,3.8931999999999998,3.948252871252058,1.104336015201135,defined,-0.04985155830676358,sensitivity_only
id:x%3A0x0.0p%2B0,300,4.144,3.9021600000000003,3.847107128747942,1.104336015201135,defined,0.04985155830676358,sensitivity_only
id:x%3A0x0.0p%2B0,301,4.158,3.9111200000000004,3.9661728712520588,1.104336015201135,defined,-0.04985155830676358,sensitivity_only
id:x%3A0x0.0p%2B0,302,4.172,3.92008,3.8650271287479416,1.104336015201135,defined,0.04985155830676358,sensitivity_only
id:x%3A0x0.0p%2B0,303,4.186,3.92904,3.9840928712520585,1.104336015201135,defined,-0.04985155830676358,sensitivity_only
id:x%3A0x0.0p%2B0,304,4.2,3.938,3.882947128747942,1.104336015201135,defined,0.04985155830676358,sensitivity_only
id:x%3A0x0.0p%2B0,305,4.214,3.9469600000000002,4.002012871252059,1.104336015201135,defined,-0.04985155830676358,sensitivity_only
id:x%3A0x0.0p%2B0,306,4.228,3.95592,3.9008671287479415,1.104336015201135,defined,0.04985155830676358,sensitivity_only
id:x%3A0x0.0p%2B0,307,4.242,3.96488,4.019932871252058,1.104336015201135,defined,-0.04985155830676358,sensitivity_only
id:x%3A0x0.0p%2B0,308,4.256,3.97384,3.9187871287479417,1.104336015201135,defined,0.04985155830676358,sensitivity_only
id:x%3A0x0.0p%2B0,309,4.27,3.9827999999999997,4.037852871252058,1.104336015201135,defined,-0.04985155830676358,sensitivity_only
id:x%3A0x0.0p%2B0,310,4.284,3.9917599999999998,3.9367071287479414,1.104336015201135,defined,0.04985155830676358,sensitivity_only
id:x%3A0x0.0p%2B0,311,4.298,4.00072,4.055772871252058,1.104336015201135,defined,-0.04985155830676358,sensitivity_only
id:x%3A0x0.0p%2B0,312,4.312,4.00968,3.954627128747942,1.104336015201135,defined,0.04985155830676358,sensitivity_only
id:x%3A0x0.0p%2B0,313,4.326,4.0186399999999995,4.0736928712520575,1.104336015201135,defined,-0.04985155830676358,sensitivity_only
id:x%3A0x0.0p%2B0,314,4.34,4.0276,3.9725471287479412,1.104336015201135,defined,0.04985155830676358,sensitivity_only
id:x%3A0x0.0p%2B0,315,4.354,4.03656,4.091612871252058,1.104336015201135,defined,-0.04985155830676358,sensitivity_only
id:x%3A0x0.0p%2B0,316,4.368,4.04552,3.9904671287479414,1.104336015201135,defined,0.04985155830676358,sensitivity_only
id:x%3A0x0.0p%2B0,317,4.382,4.05448,4.109532871252058,1.104336015201135,defined,-0.04985155830676358,sensitivity_only
id:x%3A0x0.0p%2B0,318,4.396,4.06344,4.008387128747942,1.104336015201135,defined,0.04985155830676358,sensitivity_only
id:x%3A0x0.0p%2B0,319,4.41,4.0724,4.127452871252058,1.104336015201135,defined,-0.04985155830676358,sensitivity_only
id:x%3A0x0.0p%2B0,320,4.424,4.08136,4.026307128747942,1.104336015201135,defined,0.04985155830676358,sensitivity_only
id:x%3A0x0.0p%2B0,321,4.438,4.09032,4.145372871252058,1.104336015201135,defined,-0.04985155830676358,sensitivity_only
id:x%3A0x0.0p%2B0,322,4.452,4.09928,4.044227128747942,1.104336015201135,defined,0.04985155830676358,sensitivity_only
id:x%3A0x0.0p%2B0,323,4.466,4.10824,4.163292871252058,1.104336015201135,defined,-0.04985155830676358,sensitivity_only
id:x%3A0x0.0p%2B0,324,4.48,4.1172,4.0621471287479425,1.104336015201135,defined,0.04985155830676358,sensitivity_only
id:x%3A0x0.0p%2B0,325,4.494,4.1261600000000005,4.181212871252058,1.104336015201135,defined,-0.04985155830676358,sensitivity_only
id:x%3A0x0.0p%2B0,326,4.508,4.135120000000001,4.080067128747943,1.1043360152011354,defined,0.04985155830676358,sensitivity_only
id:x%3A0x0.0p%2B0,327,4.522,4.144080000000001,4.199132871252059,1.1043360152011354,defined,-0.04985155830676358,sensitivity_only
id:x%3A0x0.0p%2B0,328,4.536,4.15304,4.097987128747942,1.1043360152011354,defined,0.04985155830676358,sensitivity_only
id:x%3A0x0.0p%2B0,329,4.55,4.162,4.217052871252058,1.1043360152011354,defined,-0.04985155830676358,sensitivity_only
id:x%3A0x0.0p%2B0,330,4.564,4.17096,4.115907128747942,1.1043360152011354,defined,0.04985155830676358,sensitivity_only
id:x%3A0x0.0p%2B0,331,4.578,4.17992,4.234972871252058,1.1043360152011354,defined,-0.04985155830676358,sensitivity_only
id:x%3A0x0.0p%2B0,332,4.592,4.188879999999999,4.133827128747941,1.1043360152011354,defined,0.04985155830676358,sensitivity_only
id:x%3A0x0.0p%2B0,333,4.606,4.197839999999999,4.252892871252057,1.1043360152011354,defined,-0.04985155830676358,sensitivity_only
id:x%3A0x0.0p%2B0,334,4.62,4.2068,4.151747128747942,1.1043360152011354,defined,0.04985155830676358,sensitivity_only
id:x%3A0x0.0p%2B0,335,4.634,4.21576,4.270812871252058,1.1043360152011354,defined,-0.04985155830676358,sensitivity_only
id:x%3A0x0.0p%2B0,336,4.648,4.22472,4.169667128747942,1.1043360152011354,defined,0.04985155830676358,sensitivity_only
id:x%3A0x0.0p%2B0,337,4.662,4.23368,4.288732871252058,1.1043360152011354,defined,-0.04985155830676358,sensitivity_only
id:x%3A0x0.0p%2B0,338,4.676,4.24264,4.187587128747942,1.1043360152011354,defined,0.04985155830676358,sensitivity_only
id:x%3A0x0.0p%2B0,339,4.69,4.2516,4.306652871252058,1.1043360152011354,defined,-0.04985155830676358,sensitivity_only
id:x%3A0x0.0p%2B0,340,4.704,4.26056,4.205507128747942,1.1043360152011354,defined,0.04985155830676358,sensitivity_only
id:x%3A0x0.0p%2B0,341,4.718,4.26952,4.324572871252058,1.1043360152011354,defined,-0.04985155830676358,sensitivity_only
id:x%3A0x0.0p%2B0,342,4.732,4.27848,4.223427128747942,1.1043360152011354,defined,0.04985155830676358,sensitivity_only
id:x%3A0x0.0p%2B0,343,4.746,4.28744,4.342492871252058,1.1043360152011354,defined,-0.04985155830676358,sensitivity_only
id:x%3A0x0.0p%2B0,344,4.76,4.2964,4.241347128747942,1.1043360152011354,defined,0.04985155830676358,sensitivity_only
id:x%3A0x0.0p%2B0,345,4.774,4.30536,4.360412871252058,1.1043360152011354,defined,-0.04985155830676358,sensitivity_only
id:x%3A0x0.0p%2B0,346,4.788,4.31432,4.259267128747942,1.1043360152011354,defined,0.04985155830676358,sensitivity_only
id:x%3A0x0.0p%2B0,347,4.802,4.3232800000000005,4.378332871252058,1.1043360152011354,defined,-0.04985155830676358,sensitivity_only
id:x%3A0x0.0p%2B0,348,4.816,4.3322400000000005,4.277187128747943,1.1043360152011354,defined,0.04985155830676358,sensitivity_only
id:x%3A0x0.0p%2B0,349,4.83,4.341200000000001,4.3962528712520585,1.1043360152011354,defined,-0.04985155830676358,sensitivity_only
id:x%3A0x0.0p%2B0,350,4.844,4.350160000000001,4.295107128747943,1.1043360152011354,defined,0.04985155830676358,sensitivity_only
id:x%3A0x0.0p%2B0,351,4.858,4.35912,4.414172871252058,1.1043360152011354,defined,-0.04985155830676358,sensitivity_only
id:x%3A0x0.0p%2B0,352,4.872,4.36808,4.313027128747942,1.1043360152011354,defined,0.04985155830676358,sensitivity_only
id:x%3A0x0.0p%2B0,353,4.886,4.37704,4.432092871252058,1.1043360152011354,defined,-0.04985155830676358,sensitivity_only
id:x%3A0x0.0p%2B0,354,4.9,4.386,4.330947128747942,1.1043360152011354,defined,0.04985155830676358,sensitivity_only
id:x%3A0x0.0p%2B0,355,4.914,4.394959999999999,4.450012871252057,1.1043360152011354,defined,-0.04985155830676358,sensitivity_only
id:x%3A0x0.0p%2B0,356,4.928,4.403919999999999,4.3488671287479415,1.1043360152011354,defined,0.04985155830676358,sensitivity_only
id:x%3A0x0.0p%2B0,357,4.942,4.41288,4.467932871252058,1.1043360152011354,defined,-0.04985155830676358,sensitivity_only
id:x%3A0x0.0p%2B0,358,4.956,4.42184,4.3667871287479425,1.1043360152011354,defined,0.04985155830676358,sensitivity_only
id:x%3A0x0.0p%2B0,359,4.97,4.4308,4.485852871252058,1.1043360152011354,defined,-0.04985155830676358,sensitivity_only
id:x%3A0x0.0p%2B0,360,4.984,4.43976,4.384707128747942,1.1043360152011354,defined,0.04985155830676358,sensitivity_only
id:x%3A0x0.0p%2B0,361,4.998,4.44872,4.503772871252058,1.1043360152011354,defined,-0.04985155830676358,sensitivity_only
id:x%3A0x0.0p%2B0,362,5.0,4.45,4.394947128747942,1.1043360152011354,defined,0.04985155830676358,sensitivity_only
id:x%3A0x0.0p%2B0,363,5.012,4.45768,4.512732871252058,1.1043360152011354,defined,-0.04985155830676358,sensitivity_only
id:x%3A0x0.0p%2B0,364,5.026,4.46664,4.411587128747942,1.1043360152011354,defined,0.04985155830676358,sensitivity_only
id:x%3A0x0.0p%2B0,365,5.04,4.4756,4.530652871252058,1.1043360152011354,defined,-0.04985155830676358,sensitivity_only
id:x%3A0x0.0p%2B0,366,5.054,4.48456,4.429507128747942,1.1043360152011354,defined,0.04985155830676358,sensitivity_only
id:x%3A0x0.0p%2B0,367,5.068,4.49352,4.548572871252058,1.1043360152011354,defined,-0.04985155830676358,sensitivity_only
id:x%3A0x0.0p%2B0,368,5.082,4.50248,4.447427128747942,1.1043360152011354,defined,0.04985155830676358,sensitivity_only
id:x%3A0x0.0p%2B0,369,5.096,4.51144,4.566492871252058,1.1043360152011354,defined,-0.04985155830676358,sensitivity_only
id:x%3A0x0.0p%2B0,370,5.11,4.5204,4.4653471287479425,1.1043360152011354,defined,0.04985155830676358,sensitivity_only
id:x%3A0x0.0p%2B0,371,5.124,4.5293600000000005,4.584412871252058,1.1043360152011354,defined,-0.04985155830676358,sensitivity_only
id:x%3A0x0.0p%2B0,372,5.138,4.538320000000001,4.483267128747943,1.1043360152011354,defined,0.04985155830676358,sensitivity_only
id:x%3A0x0.0p%2B0,373,5.152,4.547280000000001,4.602332871252059,1.1043360152011354,defined,-0.04985155830676358,sensitivity_only
id:x%3A0x0.0p%2B0,374,5.166,4.556240000000001,4.501187128747943,1.1043360152011354,defined,0.04985155830676358,sensitivity_only
id:x%3A0x0.0p%2B0,375,5.18,4.5652,4.620252871252058,1.1043360152011354,defined,-0.04985155830676358,sensitivity_only
id:x%3A0x0.0p%2B0,376,5.194,4.57416,4.519107128747942,1.1043360152011354,defined,0.04985155830676358,sensitivity_only
id:x%3A0x0.0p%2B0,377,5.208,4.58312,4.638172871252058,1.1043360152011354,defined,-0.04985155830676358,sensitivity_only
id:x%3A0x0.0p%2B0,378,5.222,4.59208,4.537027128747942,1.1043360152011354,defined,0.04985155830676358,sensitivity_only
id:x%3A0x0.0p%2B0,379,5.236,4.601039999999999,4.656092871252057,1.1043360152011354,defined,-0.04985155830676358,sensitivity_only
id:x%3A0x0.0p%2B0,380,5.25,4.609999999999999,4.5549471287479415,1.1043360152011354,defined,0.04985155830676358,sensitivity_only
id:x%3A0x0.0p%2B0,381,5.264,4.61896,4.674012871252058,1.1043360152011354,defined,-0.04985155830676358,sensitivity_only
id:x%3A0x0.0p%2B0,382,5.278,4.62792,4.572867128747942,1.1043360152011354,defined,0.04985155830676358,sensitivity_only
id:x%3A0x0.0p%2B0,383,5.292,4.63688,4.691932871252058,1.1043360152011354,defined,-0.04985155830676358,sensitivity_only
id:x%3A0x0.0p%2B0,384,5.306,4.64584,4.590787128747942,1.1043360152011354,defined,0.04985155830676358,sensitivity_only
id:x%3A0x0.0p%2B0,385,5.32,4.6548,4.709852871252058,1.1043360152011354,defined,-0.04985155830676358,sensitivity_only
id:x%3A0x0.0p%2B0,386,5.334,4.66376,4.608707128747942,1.1043360152011354,defined,0.04985155830676358,sensitivity_only
id:x%3A0x0.0p%2B0,387,5.348,4.67272,4.727772871252058,1.1043360152011354,defined,-0.04985155830676358,sensitivity_only
id:x%3A0x0.0p%2B0,388,5.362,4.68168,4.626627128747942,1.1043360152011354,defined,0.04985155830676358,sensitivity_only
id:x%3A0x0.0p%2B0,389,5.376,4.69064,4.745692871252058,1.1043360152011354,defined,-0.04985155830676358,sensitivity_only
id:x%3A0x0.0p%2B0,390,5.39,4.6996,4.644547128747942,1.1043360152011354,defined,0.04985155830676358,sensitivity_only
id:x%3A0x0.0p%2B0,391,5.404,4.70856,4.763612871252058,1.1043360152011354,defined,-0.04985155830676358,sensitivity_only
id:x%3A0x0.0p%2B0,392,5.418,4.71752,4.6624671287479424,1.1043360152011354,defined,0.04985155830676358,sensitivity_only
id:x%3A0x0.0p%2B0,393,5.432,4.7264800000000005,4.781532871252058,1.1043360152011354,defined,-0.04985155830676358,sensitivity_only
id:x%3A0x0.0p%2B0,394,5.446,4.7354400000000005,4.680387128747943,1.1043360152011354,defined,0.04985155830676358,sensitivity_only
id:x%3A0x0.0p%2B0,395,5.46,4.744400000000001,4.7994528712520586,1.1043360152011354,defined,-0.04985155830676358,sensitivity_only
id:x%3A0x0.0p%2B0,396,5.474,4.753360000000001,4.698307128747943,1.1043360152011354,defined,0.04985155830676358,sensitivity_only
id:x%3A0x0.0p%2B0,397,5.488,4.762320000000001,4.817372871252059,1.1043360152011354,defined,-0.04985155830676358,sensitivity_only
id:x%3A0x0.0p%2B0,398,5.502,4.77128,4.716227128747942,1.104336015201135,defined,0.04985155830676358,sensitivity_only
id:x%3A0x0.0p%2B0,399,5.516,4.78024,4.835292871252058,1.104336015201135,defined,-0.04985155830676358,sensitivity_only
id:x%3A0x0.0p%2B0,400,5.53,4.7892,4.734147128747942,1.104336015201135,defined,0.04985155830676358,sensitivity_only
id:x%3A0x0.0p%2B0,401,5.544,4.798159999999999,4.853212871252057,1.104336015201135,defined,-0.04985155830676358,sensitivity_only
id:x%3A0x0.0p%2B0,402,5.558,4.807119999999999,4.7520671287479415,1.104336015201135,defined,0.04985155830676358,sensitivity_only
id:x%3A0x0.0p%2B0,403,5.572,4.8160799999999995,4.871132871252057,1.104336015201135,defined,-0.04985155830676358,sensitivity_only
id:x%3A0x0.0p%2B0,404,5.586,4.82504,4.7699871287479425,1.104336015201135,defined,0.04985155830676358,sensitivity_only
id:x%3A0x0.0p%2B0,405,5.6,4.834,4.889052871252058,1.104336015201135,defined,-0.04985155830676358,sensitivity_only
id:x%3A0x0.0p%2B0,406,5.614,4.84296,4.787907128747942,1.104336015201135,defined,0.04985155830676358,sensitivity_only
id:x%3A0x0.0p%2B0,407,5.628,4.85192,4.906972871252058,1.104336015201135,defined,-0.04985155830676358,sensitivity_only
id:x%3A0x0.0p%2B0,408,5.642,4.86088,4.805827128747942,1.104336015201135,defined,0.04985155830676358,sensitivity_only
id:x%3A0x0.0p%2B0,409,5.656,4.86984,4.924892871252058,1.104336015201135,defined,-0.04985155830676358,sensitivity_only
id:x%3A0x0.0p%2B0,410,5.67,4.8788,4.823747128747942,1.104336015201135,defined,0.04985155830676358,sensitivity_only
id:x%3A0x0.0p%2B0,411,5.684,4.88776,4.942812871252058,1.104336015201135,defined,-0.04985155830676358,sensitivity_only
id:x%3A0x0.0p%2B0,412,5.698,4.89672,4.841667128747942,1.104336015201135,defined,0.04985155830676358,sensitivity_only
id:x%3A0x0.0p%2B0,413,5.712,4.90568,4.960732871252058,1.104336015201135,defined,-0.04985155830676358,sensitivity_only
id:x%3A0x0.0p%2B0,414,5.726,4.91464,4.859587128747942,1.104336015201135,defined,0.04985155830676358,sensitivity_only
id:x%3A0x0.0p%2B0,415,5.74,4.9236,4.978652871252058,1.104336015201135,defined,-0.04985155830676358,sensitivity_only
id:x%3A0x0.0p%2B0,416,5.754,4.93256,4.877507128747942,1.104336015201135,defined,0.04985155830676358,sensitivity_only
id:x%3A0x0.0p%2B0,417,5.768,4.941520000000001,4.9965728712520585,1.104336015201135,defined,-0.04985155830676358,sensitivity_only
id:x%3A0x0.0p%2B0,418,5.782,4.950480000000001,4.895427128747943,1.104336015201135,defined,0.04985155830676358,sensitivity_only
id:x%3A0x0.0p%2B0,419,5.796,4.959440000000001,5.014492871252059,1.104336015201135,defined,-0.04985155830676358,sensitivity_only
id:x%3A0x0.0p%2B0,420,5.81,4.9684,4.913347128747942,1.104336015201135,defined,0.04985155830676358,sensitivity_only
id:x%3A0x0.0p%2B0,421,5.824,4.97736,5.032412871252058,1.104336015201135,defined,-0.04985155830676358,sensitivity_only
id:x%3A0x0.0p%2B0,422,5.838,4.98632,4.931267128747942,1.104336015201135,defined,0.04985155830676358,sensitivity_only
id:x%3A0x0.0p%2B0,423,5.852,4.99528,5.050332871252058,1.104336015201135,defined,-0.04985155830676358,sensitivity_only
id:x%3A0x0.0p%2B0,424,5.866,5.004239999999999,4.949187128747941,1.104336015201135,defined,0.04985155830676358,sensitivity_only
id:x%3A0x0.0p%2B0,425,5.88,5.013199999999999,5.068252871252057,1.104336015201135,defined,-0.04985155830676358,sensitivity_only
id:x%3A0x0.0p%2B0,426,5.894,5.0221599999999995,4.967107128747942,1.104336015201135,defined,0.04985155830676358,sensitivity_only
id:x%3A0x0.0p%2B0,427,5.908,5.0311200000000005,5.086172871252058,1.104336015201135,defined,-0.04985155830676358,sensitivity_only
id:x%3A0x0.0p%2B0,428,5.922,5.04008,4.985027128747942,1.104336015201135,defined,0.04985155830676358,sensitivity_only
id:x%3A0x0.0p%2B0,429,5.936,5.04904,5.104092871252058,1.104336015201135,defined,-0.04985155830676358,sensitivity_only
id:x%3A0x0.0p%2B0,430,5.95,5.058,5.002947128747942,1.104336015201135,defined,0.04985155830676358,sensitivity_only
id:x%3A0x0.0p%2B0,431,5.964,5.06696,5.122012871252058,1.104336015201135,defined,-0.04985155830676358,sensitivity_only
id:x%3A0x0.0p%2B0,432,5.978,5.07592,5.020867128747942,1.104336015201135,defined,0.04985155830676358,sensitivity_only
id:x%3A0x0.0p%2B0,433,5.992,5.08488,5.139932871252058,1.104336015201135,defined,-0.04985155830676358,sensitivity_only
id:x%3A0x0.0p%2B0,434,6.0,5.09,5.034947128747942,1.104336015201135,defined,0.04985155830676358,sensitivity_only
id:x%3A0x0.0p%2B0,435,6.006,5.09384,5.148892871252058,1.104336015201135,defined,-0.04985155830676358,sensitivity_only
id:x%3A0x0.0p%2B0,436,6.02,5.1028,5.047747128747942,1.104336015201135,defined,0.04985155830676358,sensitivity_only
id:x%3A0x0.0p%2B0,437,6.034,5.11176,5.166812871252058,1.104336015201135,defined,-0.04985155830676358,sensitivity_only
id:x%3A0x0.0p%2B0,438,6.048,5.12072,5.0656671287479424,1.104336015201135,defined,0.04985155830676358,sensitivity_only
id:x%3A0x0.0p%2B0,439,6.062,5.1296800000000005,5.184732871252058,1.104336015201135,defined,-0.04985155830676358,sensitivity_only
id:x%3A0x0.0p%2B0,440,6.076,5.13864,5.083587128747942,1.104336015201135,defined,0.04985155830676358,sensitivity_only
id:x%3A0x0.0p%2B0,441,6.09,5.147600000000001,5.2026528712520586,1.104336015201135,defined,-0.04985155830676358,sensitivity_only
id:x%3A0x0.0p%2B0,442,6.104,5.156560000000001,5.101507128747943,1.104336015201135,defined,0.04985155830676358,sensitivity_only
id:x%3A0x0.0p%2B0,443,6.118,5.165520000000001,5.220572871252059,1.104336015201135,defined,-0.04985155830676358,sensitivity_only
id:x%3A0x0.0p%2B0,444,6.132,5.17448,5.119427128747942,1.104336015201135,defined,0.04985155830676358,sensitivity_only
id:x%3A0x0.0p%2B0,445,6.146,5.18344,5.238492871252058,1.104336015201135,defined,-0.04985155830676358,sensitivity_only
id:x%3A0x0.0p%2B0,446,6.16,5.1924,5.137347128747942,1.104336015201135,defined,0.04985155830676358,sensitivity_only
id:x%3A0x0.0p%2B0,447,6.174,5.20136,5.256412871252058,1.104336015201135,defined,-0.04985155830676358,sensitivity_only
id:x%3A0x0.0p%2B0,448,6.188,5.210319999999999,5.1552671287479415,1.104336015201135,defined,0.04985155830676358,sensitivity_only
id:x%3A0x0.0p%2B0,449,6.202,5.2192799999999995,5.274332871252057,1.104336015201135,defined,-0.04985155830676358,sensitivity_only
id:x%3A0x0.0p%2B0,450,6.216,5.2282399999999996,5.173187128747942,1.104336015201135,defined,0.04985155830676358,sensitivity_only
id:x%3A0x0.0p%2B0,451,6.23,5.2372000000000005,5.2922528712520585,1.104336015201135,defined,-0.04985155830676358,sensitivity_only
id:x%3A0x0.0p%2B0,452,6.244,5.24616,5.191107128747942,1.104336015201135,defined,0.04985155830676358,sensitivity_only
id:x%3A0x0.0p%2B0,453,6.258,5.25512,5.310172871252058,1.104336015201135,defined,-0.04985155830676358,sensitivity_only
id:x%3A0x0.0p%2B0,454,6.272,5.26408,5.209027128747942,1.104336015201135,defined,0.04985155830676358,sensitivity_only
id:x%3A0x0.0p%2B0,455,6.286,5.27304,5.328092871252058,1.104336015201135,defined,-0.04985155830676358,sensitivity_only
id:x%3A0x0.0p%2B0,456,6.3,5.282,5.226947128747942,1.104336015201135,defined,0.04985155830676358,sensitivity_only
id:x%3A0x0.0p%2B0,457,6.314,5.29096,5.346012871252058,1.104336015201135,defined,-0.04985155830676358,sensitivity_only
id:x%3A0x0.0p%2B0,458,6.328,5.29992,5.244867128747942,1.104336015201135,defined,0.04985155830676358,sensitivity_only
id:x%3A0x0.0p%2B0,459,6.342,5.30888,5.363932871252058,1.104336015201135,defined,-0.04985155830676358,sensitivity_only
id:x%3A0x0.0p%2B0,460,6.356,5.31784,5.262787128747942,1.104336015201135,defined,0.04985155830676358,sensitivity_only
id:x%3A0x0.0p%2B0,461,6.37,5.3268,5.381852871252058,1.104336015201135,defined,-0.04985155830676358,sensitivity_only
id:x%3A0x0.0p%2B0,462,6.384,5.3357600000000005,5.280707128747943,1.104336015201135,defined,0.04985155830676358,sensitivity_only
id:x%3A0x0.0p%2B0,463,6.398,5.34472,5.399772871252058,1.104336015201135,defined,-0.04985155830676358,sensitivity_only
id:x%3A0x0.0p%2B0,464,6.412,5.35368,5.298627128747942,1.104336015201135,defined,0.04985155830676358,sensitivity_only
id:x%3A0x0.0p%2B0,465,6.426,5.36264,5.417692871252058,1.104336015201135,defined,-0.04985155830676358,sensitivity_only
id:x%3A0x0.0p%2B0,466,6.44,5.3716,5.316547128747942,1.104336015201135,defined,0.04985155830676358,sensitivity_only
id:x%3A0x0.0p%2B0,467,6.454,5.38056,5.435612871252058,1.104336015201135,defined,-0.04985155830676358,sensitivity_only
id:x%3A0x0.0p%2B0,468,6.468,5.38952,5.334467128747942,1.104336015201135,defined,0.04985155830676358,sensitivity_only
id:x%3A0x0.0p%2B0,469,6.482,5.39848,5.453532871252058,1.104336015201135,defined,-0.04985155830676358,sensitivity_only
id:x%3A0x0.0p%2B0,470,6.496,5.40744,5.352387128747942,1.104336015201135,defined,0.04985155830676358,sensitivity_only
id:x%3A0x0.0p%2B0,471,6.51,5.4164,5.467103456099028,1.0170886893248545,defined,-0.04985155830676358,sensitivity_only
id:x%3A0x0.0p%2B0,472,6.524,5.42536,5.374656543900973,1.0170886893248545,defined,0.04985155830676358,sensitivity_only
id:x%3A0x0.0p%2B0,473,6.538,5.4343200000000005,5.485023456099028,1.0170886893248545,defined,-0.04985155830676358,sensitivity_only
id:x%3A0x0.0p%2B0,474,6.552,5.44328,5.392576543900972,1.0170886893248545,defined,0.04985155830676358,sensitivity_only
id:x%3A0x0.0p%2B0,475,6.566,5.45224,5.502943456099027,1.0170886893248545,defined,-0.04985155830676358,sensitivity_only
id:x%3A0x0.0p%2B0,476,6.58,5.4612,5.4104965439009725,1.0170886893248545,defined,0.04985155830676358,sensitivity_only
id:x%3A0x0.0p%2B0,477,6.594,5.47016,5.520863456099027,1.0170886893248545,defined,-0.04985155830676358,sensitivity_only
id:x%3A0x0.0p%2B0,478,6.608,5.47912,5.428416543900973,1.0170886893248545,defined,0.04985155830676358,sensitivity_only
id:x%3A0x0.0p%2B0,479,6.622,5.48808,5.5387834560990274,1.0170886893248545,defined,-0.04985155830676358,sensitivity_only
id:x%3A0x0.0p%2B0,480,6.636,5.49704,5.446336543900973,1.0170886893248545,defined,0.04985155830676358,sensitivity_only
id:x%3A0x0.0p%2B0,481,6.65,5.506,5.556703456099028,1.0170886893248545,defined,-0.04985155830676358,sensitivity_only
id:x%3A0x0.0p%2B0,482,6.664,5.51496,5.464256543900973,1.0170886893248545,defined,0.04985155830676358,sensitivity_only
id:x%3A0x0.0p%2B0,483,6.678,5.52392,5.574623456099028,1.0170886893248545,defined,-0.04985155830676358,sensitivity_only
id:x%3A0x0.0p%2B0,484,6.692,5.5328800000000005,5.482176543900973,1.0170886893248545,defined,0.04985155830676358,sensitivity_only
id:x%3A0x0.0p%2B0,485,6.706,5.5418400000000005,5.592543456099028,1.0170886893248545,defined,-0.04985155830676358,sensitivity_only
id:x%3A0x0.0p%2B0,486,6.72,5.5508,5.500096543900972,1.0170886893248545,defined,0.04985155830676358,sensitivity_only
id:x%3A0x0.0p%2B0,487,6.734,5.55976,5.610463456099027,1.0170886893248545,defined,-0.04985155830676358,sensitivity_only
id:x%3A0x0.0p%2B0,488,6.748,5.56872,5.5180165439009725,1.0170886893248545,defined,0.04985155830676358,sensitivity_only
id:x%3A0x0.0p%2B0,489,6.762,5.57768,5.628383456099027,1.0170886893248545,defined,-0.04985155830676358,sensitivity_only
id:x%3A0x0.0p%2B0,490,6.776,5.58664,5.535936543900973,1.0170886893248545,defined,0.04985155830676358,sensitivity_only
id:x%3A0x0.0p%2B0,491,6.79,5.5956,5.6463034560990275,1.0170886893248545,defined,-0.04985155830676358,sensitivity_only
id:x%3A0x0.0p%2B0,492,6.804,5.60456,5.553856543900973,1.0170886893248545,defined,0.04985155830676358,sensitivity_only
id:x%3A0x0.0p%2B0,493,6.818,5.61352,5.664223456099028,1.0170886893248545,defined,-0.04985155830676358,sensitivity_only
id:x%3A0x0.0p%2B0,494,6.832,5.62248,5.571776543900973,1.0170886893248545,defined,0.04985155830676358,sensitivity_only
id:x%3A0x0.0p%2B0,495,6.846,5.6314400000000004,5.682143456099028,1.0170886893248545,defined,-0.04985155830676358,sensitivity_only
id:x%3A0x0.0p%2B0,496,6.86,5.6404000000000005,5.589696543900973,1.0170886893248545,defined,0.04985155830676358,sensitivity_only
id:x%3A0x0.0p%2B0,497,6.874,5.64936,5.700063456099027,1.0170886893248545,defined,-0.04985155830676358,sensitivity_only
id:x%3A0x0.0p%2B0,498,6.888,5.65832,5.607616543900972,1.0170886893248545,defined,0.04985155830676358,sensitivity_only
id:x%3A0x0.0p%2B0,499,6.902,5.66728,5.717983456099027,1.0170886893248545,defined,-0.04985155830676358,sensitivity_only
id:x%3A0x0.0p%2B0,500,6.916,5.67624,5.625536543900973,1.0170886893248545,defined,0.04985155830676358,sensitivity_only
id:x%3A0x0.0p%2B0,501,6.93,5.6852,5.735903456099027,1.0170886893248545,defined,-0.04985155830676358,sensitivity_only
id:x%3A0x0.0p%2B0,502,6.944,5.69416,5.643456543900973,1.0170886893248545,defined,0.04985155830676358,sensitivity_only
id:x%3A0x0.0p%2B0,503,6.958,5.70312,5.753823456099028,1.0170886893248545,defined,-0.04985155830676358,sensitivity_only
id:x%3A0x0.0p%2B0,504,6.972,5.71208,5.661376543900973,1.0170886893248545,defined,0.04985155830676358,sensitivity_only
id:x%3A0x0.0p%2B0,505,6.986,5.72104,5.771743456099028,1.0170886893248545,defined,-0.04985155830676358,sensitivity_only
id:x%3A0x0.0p%2B0,506,7.0,5.73,5.679296543900973,1.0170886893248545,defined,0.04985155830676358,sensitivity_only
id:x%3A0x1.0000000000000p%2B0,0,0.0,1.25,0.587398390879319,1.104336015201135,defined,0.6,sensitivity_only
id:x%3A0x1.0000000000000p%2B0,1,0.014,1.25896,1.58927722751235,1.104336015201135,defined,-0.2991093498405814,sensitivity_only
id:x%3A0x1.0000000000000p%2B0,2,0.028,1.26792,0.93760277248765,1.104336015201135,defined,0.2991093498405814,sensitivity_only
id:x%3A0x1.0000000000000p%2B0,3,0.042,1.27688,1.60719722751235,1.104336015201135,defined,-0.2991093498405814,sensitivity_only
id:x%3A0x1.0000000000000p%2B0,4,0.056,1.28584,0.9555227724876502,1.104336015201135,defined,0.2991093498405814,sensitivity_only
id:x%3A0x1.0000000000000p%2B0,5,0.07,1.2948,1.6251172275123498,1.104336015201135,defined,-0.2991093498405814,sensitivity_only
id:x%3A0x1.0000000000000p%2B0,6,0.084,1.30376,0.9734427724876501,1.104336015201135,defined,0.2991093498405814,sensitivity_only
id:x%3A0x1.0000000000000p%2B0,7,0.098,1.31272,1.64303722751235,1.104336015201135,defined,-0.2991093498405814,sensitivity_only
id:x%3A0x1.0000000000000p%2B0,8,0.112,1.32168,0.99136277248765,1.104336015201135,defined,0.2991093498405814,sensitivity_only
id:x%3A0x1.0000000000000p%2B0,9,0.126,1.33064,1.66095722751235,1.104336015201135,defined,-0.2991093498405814,sensitivity_only
id:x%3A0x1.0000000000000p%2B0,10,0.14,1.3396,1.00928277248765,1.104336015201135,defined,0.2991093498405814,sensitivity_only
id:x%3A0x1.0000000000000p%2B0,11,0.154,1.34856,1.6788772275123498,1.104336015201135,defined,-0.2991093498405814,sensitivity_only
id:x%3A0x1.0000000000000p%2B0,12,0.168,1.35752,1.0272027724876502,1.104336015201135,defined,0.2991093498405814,sensitivity_only
id:x%3A0x1.0000000000000p%2B0,13,0.182,1.36648,1.69679722751235,1.104336015201135,defined,-0.2991093498405814,sensitivity_only
id:x%3A0x1.0000000000000p%2B0,14,0.196,1.37544,1.04512277248765,1.104336015201135,defined,0.2991093498405814,sensitivity_only
id:x%3A0x1.0000000000000p%2B0,15,0.21,1.3844,1.7147172275123501,1.104336015201135,defined,-0.2991093498405814,sensitivity_only
id:x%3A0x1.0000000000000p%2B0,16,0.224,1.39336,1.0630427724876501,1.104336015201135,defined,0.2991093498405814,sensitivity_only
id:x%3A0x1.0000000000000p%2B0,17,0.238,1.40232,1.7326372275123498,1.104336015201135,defined,-0.2991093498405814,sensitivity_only
id:x%3A0x1.0000000000000p%2B0,18,0.252,1.41128,1.0809627724876503,1.104336015201135,defined,0.2991093498405814,sensitivity_only
id:x%3A0x1.0000000000000p%2B0,19,0.266,1.42024,1.75055722751235,1.104336015201135,defined,-0.2991093498405814,sensitivity_only
id:x%3A0x1.0000000000000p%2B0,20,0.28,1.4292,1.09888277248765,1.104336015201135,defined,0.2991093498405814,sensitivity_only
id:x%3A0x1.0000000000000p%2B0,21,0.294,1.4381599999999999,1.7684772275123497,1.104336015201135,defined,-0.2991093498405814,sensitivity_only
id:x%3A0x1.0000000000000p%2B0,22,0.308,1.44712,1.1168027724876501,1.104336015201135,defined,0.2991093498405814,sensitivity_only
id:x%3A0x1.0000000000000p%2B0,23,0.322,1.45608,1.7863972275123499,1.104336015201135,defined,-0.2991093498405814,sensitivity_only
id:x%3A0x1.0000000000000p%2B0,24,0.336,1.4650400000000001,1.1347227724876503,1.104336015201135,defined,0.2991093498405814,sensitivity_only
id:x%3A0x1.0000000000000p%2B0,25,0.35,1.474,1.80431722751235,1.104336015201135,defined,-0.2991093498405814,sensitivity_only
id:x%3A0x1.0000000000000p%2B0,26,0.364,1.48296,1.15264277248765,1.104336015201135,defined,0.2991093498405814,sensitivity_only
id:x%3A0x1.0000000000000p%2B0,27,0.378,1.49192,1.8222372275123497,1.104336015201135,defined,-0.2991093498405814,sensitivity_only
id:x%3A0x1.0000000000000p%2B0,28,0.392,1.50088,1.1705627724876502,1.104336015201135,defined,0.2991093498405814,sensitivity_only
id:x%3A0x1.0000000000000p%2B0,29,0.406,1.50984,1.84015722751235,1.104336015201135,defined,-0.2991093498405814,sensitivity_only
id:x%3A0x1.0000000000000p%2B0,30,0.42,1.5188,1.1884827724876499,1.104336015201135,defined,0.2991093498405814,sensitivity_only
id:x%3A0x1.0000000000000p%2B0,31,0.434,1.52776,1.85807722751235,1.104336015201135,defined,-0.2991093498405814,sensitivity_only
id:x%3A0x1.0000000000000p%2B0,32,0.448,1.53672,1.20640277248765,1.104336015201135,defined,0.2991093498405814,sensitivity_only
id:x%3A0x1.0000000000000p%2B0,33,0.462,1.54568,1.8759972275123498,1.104336015201135,defined,-0.2991093498405814,sensitivity_only
id:x%3A0x1.0000000000000p%2B0,34,0.476,1.55464,1.2243227724876502,1.104336015201135,defined,0.2991093498405814,sensitivity_only
id:x%3A0x1.0000000000000p%2B0,35,0.49,1.5636,1.89391722751235,1.104336015201135,defined,-0.2991093498405814,sensitivity_only
id:x%3A0x1.0000000000000p%2B0,36,0.504,1.57256,1.2812087657764444,0.9740626108105254,defined,0.2991093498405814,sensitivity_only
id:x%3A0x1.0000000000000p%2B0,37,0.518,1.58152,1.8728712342235556,0.9740626108105254,defined,-0.2991093498405814,sensitivity_only
id:x%3A0x1.0000000000000p%2B0,38,0.532,1.59048,1.2991287657764443,0.9740626108105254,defined,0.2991093498405814,sensitivity_only
id:x%3A0x1.0000000000000p%2B0,39,0.546,1.59944,1.8907912342235556,0.9740626108105254,defined,-0.2991093498405814,sensitivity_only
id:x%3A0x1.0000000000000p%2B0,40,0.56,1.6084,1.3170487657764445,0.9740626108105254,defined,0.2991093498405814,sensitivity_only
id:x%3A0x1.0000000000000p%2B0,41,0.574,1.61736,1.9087112342235555,0.9740626108105254,defined,-0.2991093498405814,sensitivity_only
id:x%3A0x1.0000000000000p%2B0,42,0.588,1.62632,1.3349687657764444,0.9740626108105254,defined,0.2991093498405814,sensitivity_only
id:x%3A0x1.0000000000000p%2B0,43,0.602,1.63528,1.9266312342235556,0.9740626108105254,defined,-0.2991093498405814,sensitivity_only
id:x%3A0x1.0000000000000p%2B0,44,0.616,1.64424,1.3528887657764443,0.9740626108105254,defined,0.2991093498405814,sensitivity_only
id:x%3A0x1.0000000000000p%2B0,45,0.63,1.6532,1.9445512342235556,0.9740626108105254,defined,-0.2991093498405814,sensitivity_only
id:x%3A0x1.0000000000000p%2B0,46,0.644,1.66216,1.3708087657764445,0.9740626108105254,defined,0.2991093498405814,sensitivity_only
id:x%3A0x1.0000000000000p%2B0,47,0.658,1.6711200000000002,1.9624712342235557,0.9740626108105254,defined,-0.2991093498405814,sensitivity_only
id:x%3A0x1.0000000000000p%2B0,48,0.672,1.68008,1.3887287657764444,0.9740626108105254,defined,0.2991093498405814,sensitivity_only
id:x%3A0x1.0000000000000p%2B0,49,0.686,1.68904,1.9803912342235557,0.9740626108105254,defined,-0.2991093498405814,sensitivity_only
id:x%3A0x1.0000000000000p%2B0,50,0.7,1.698,1.4066487657764444,0.9740626108105254,defined,0.2991093498405814,sensitivity_only
id:x%3A0x1.0000000000000p%2B0,51,0.714,1.70696,1.9983112342235556,0.9740626108105254,defined,-0.2991093498405814,sensitivity_only
id:x%3A0x1.0000000000000p%2B0,52,0.728,1.7159200000000001,1.4245687657764445,0.9740626108105254,defined,0.2991093498405814,sensitivity_only
id:x%3A0x1.0000000000000p%2B0,53,0.742,1.72488,2.0162312342235555,0.9740626108105254,defined,-0.2991093498405814,sensitivity_only
id:x%3A0x1.0000000000000p%2B0,54,0.756,1.73384,1.4424887657764445,0.9740626108105254,defined,0.2991093498405814,sensitivity_only
id:x%3A0x1.0000000000000p%2B0,55,0.77,1.7428,2.0341512342235553,0.9740626108105254,defined,-0.2991093498405814,sensitivity_only
id:x%3A0x1.0000000000000p%2B0,56,0.784,1.75176,1.4604087657764444,0.9740626108105254,defined,0.2991093498405814,sensitivity_only
id:x%3A0x1.0000000000000p%2B0,57,0.798,1.76072,2.0520712342235554,0.9740626108105254,defined,-0.2991093498405814,sensitivity_only
id:x%3A0x1.0000000000000p%2B0,58,0.812,1.7696800000000001,1.4783287657764446,0.9740626108105254,defined,0.2991093498405814,sensitivity_only
id:x%3A0x1.0000000000000p%2B0,59,0.826,1.77864,2.0699912342235556,0.9740626108105254,defined,-0.2991093498405814,sensitivity_only
id:x%3A0x1.0000000000000p%2B0,60,0.84,1.7875999999999999,1.4962487657764443,0.9740626108105254,defined,0.2991093498405814,sensitivity_only
id:x%3A0x1.0000000000000p%2B0,61,0.854,1.79656,2.0879112342235553,0.9740626108105254,defined,-0.2991093498405814,sensitivity_only
id:x%3A0x1.0000000000000p%2B0,62,0.868,1.80552,1.5141687657764444,0.9740626108105254,defined,0.2991093498405814,sensitivity_only
id:x%3A0x1.0000000000000p%2B0,63,0.882,1.81448,2.1058312342235554,0.9740626108105254,defined,-0.2991093498405814,sensitivity_only
id:x%3A0x1.0000000000000p%2B0,64,0.896,1.8234400000000002,1.5320887657764446,0.9740626108105254,defined,0.2991093498405814,sensitivity_only
id:x%3A0x1.0000000000000p%2B0,65,0.91,1.8324,2.1237512342235556,0.9740626108105254,defined,-0.2991093498405814,sensitivity_only
id:x%3A0x1.0000000000000p%2B0,66,0.924,1.8413599999999999,1.5500087657764443,0.9740626108105254,defined,0.2991093498405814,sensitivity_only
id:x%3A0x1.0000000000000p%2B0,67,0.938,1.85032,2.1416712342235553,0.9740626108105254,defined,-0.2991093498405814,sensitivity_only
id:x%3A0x1.0000000000000p%2B0,68,0.952,1.85928,1.5679287657764445,0.9740626108105254,defined,0.2991093498405814,sensitivity_only
id:x%3A0x1.0000000000000p%2B0,69,0.966,1.8682400000000001,2.1595912342235555,0.9740626108105254,defined,-0.2991093498405814,sensitivity_only
id:x%3A0x1.0000000000000p%2B0,70,0.98,1.8772,1.5858487657764444,0.9740626108105254,defined,0.2991093498405814,sensitivity_only
id:x%3A0x1.0000000000000p%2B0,71,0.994,1.88616,2.1775112342235556,0.9740626108105254,defined,-0.2991093498405814,sensitivity_only
id:x%3A0x1.0000000000000p%2B0,72,1.0,1.8900000000000001,1.5986487657764445,0.9740626108105254,defined,0.2991093498405814,sensitivity_only
id:x%3A0x1.0000000000000p%2B0,73,1.008,1.89512,2.1864712342235553,0.9740626108105254,defined,-0.2991093498405814,sensitivity_only
id:x%3A0x1.0000000000000p%2B0,74,1.022,1.90408,1.6127287657764444,0.9740626108105254,defined,0.2991093498405814,sensitivity_only
id:x%3A0x1.0000000000000p%2B0,75,1.036,1.91304,2.2043912342235554,0.9740626108105254,defined,-0.2991093498405814,sensitivity_only
id:x%3A0x1.0000000000000p%2B0,76,1.05,1.9220000000000002,1.6306487657764446,0.9740626108105254,defined,0.2991093498405814,sensitivity_only
id:x%3A0x1.0000000000000p%2B0,77,1.064,1.93096,2.2223112342235556,0.9740626108105254,defined,-0.2991093498405814,sensitivity_only
id:x%3A0x1.0000000000000p%2B0,78,1.078,1.93992,1.6485687657764445,0.9740626108105254,defined,0.2991093498405814,sensitivity_only
id:x%3A0x1.0000000000000p%2B0,79,1.092,1.94888,2.2402312342235553,0.9740626108105254,defined,-0.2991093498405814,sensitivity_only
id:x%3A0x1.0000000000000p%2B0,80,1.106,1.95784,1.6664887657764444,0.9740626108105254,defined,0.2991093498405814,sensitivity_only
id:x%3A0x1.0000000000000p%2B0,81,1.12,1.9668,2.2581512342235555,0.9740626108105254,defined,-0.2991093498405814,sensitivity_only
id:x%3A0x1.0000000000000p%2B0,82,1.134,1.97576,1.6844087657764444,0.9740626108105254,defined,0.2991093498405814,sensitivity_only
id:x%3A0x1.0000000000000p%2B0,83,1.148,1.9847199999999998,2.276071234223555,0.9740626108105254,defined,-0.2991093498405814,sensitivity_only
id:x%3A0x1.0000000000000p%2B0,84,1.162,1.99368,1.7023287657764443,0.9740626108105254,defined,0.2991093498405814,sensitivity_only
id:x%3A0x1.0000000000000p%2B0,85,1.176,2.00264,2.2939912342235553,0.9740626108105254,defined,-0.2991093498405814,sensitivity_only
id:x%3A0x1.0000000000000p%2B0,86,1.19,2.0116,1.7202487657764445,0.9740626108105254,defined,0.2991093498405814,sensitivity_only
id:x%3A0x1.0000000000000p%2B0,87,1.204,2.02056,2.3119112342235555,0.9740626108105254,defined,-0.2991093498405814,sensitivity_only
id:x%3A0x1.0000000000000p%2B0,88,1.218,2.0295199999999998,1.7381687657764442,0.9740626108105254,defined,0.2991093498405814,sensitivity_only
id:x%3A0x1.0000000000000p%2B0,89,1.232,2.03848,2.329831234223555,0.9740626108105254,defined,-0.2991093498405814,sensitivity_only
id:x%3A0x1.0000000000000p%2B0,90,1.246,2.04744,1.7560887657764443,0.9740626108105254,defined,0.2991093498405814,sensitivity_only
id:x%3A0x1.0000000000000p%2B0,91,1.26,2.0564,2.3477512342235554,0.9740626108105254,defined,-0.2991093498405814,sensitivity_only
id:x%3A0x1.0000000000000p%2B0,92,1.274,2.06536,1.7740087657764445,0.9740626108105254,defined,0.2991093498405814,sensitivity_only
id:x%3A0x1.0000000000000p%2B0,93,1.288,2.07432,2.3656712342235555,0.9740626108105254,defined,-0.2991093498405814,sensitivity_only
id:x%3A0x1.0000000000000p%2B0,94,1.302,2.0832800000000002,1.7919287657764447,0.9740626108105254,defined,0.2991093498405814,sensitivity_only
id:x%3A0x1.0000000000000p%2B0,95,1.316,2.0922400000000003,2.3835912342235557,0.9740626108105254,defined,-0.2991093498405814,sensitivity_only
id:x%3A0x1.0000000000000p%2B0,96,1.33,2.1012,1.8098487657764444,0.9740626108105254,defined,0.2991093498405814,sensitivity_only
id:x%3A0x1.0000000000000p%2B0,97,1.344,2.11016,2.4015112342235554,0.9740626108105254,defined,-0.2991093498405814,sensitivity_only
id:x%3A0x1.0000000000000p%2B0,98,1.358,2.11912,1.8277687657764445,0.9740626108105254,defined,0.2991093498405814,sensitivity_only
id:x%3A0x1.0000000000000p%2B0,99,1.372,2.12808,2.4194312342235555,0.9740626108105254,defined,-0.2991093498405814,sensitivity_only
id:x%3A0x1.0000000000000p%2B0,100,1.386,2.13704,1.8456887657764443,0.9740626108105254,defined,0.2991093498405814,sensitivity_only
id:x%3A0x1.0000000000000p%2B0,101,1.4,2.146,2.4373512342235553,0.9740626108105254,defined,-0.2991093498405814,sensitivity_only
id:x%3A0x1.0000000000000p%2B0,102,1.414,2.15496,1.8636087657764444,0.9740626108105254,defined,0.2991093498405814,sensitivity_only
id:x%3A0x1.0000000000000p%2B0,103,1.428,2.16392,2.4552712342235554,0.9740626108105254,defined,-0.2991093498405814,sensitivity_only
id:x%3A0x1.0000000000000p%2B0,104,1.442,2.17288,1.8815287657764446,0.9740626108105254,defined,0.2991093498405814,sensitivity_only
id:x%3A0x1.0000000000000p%2B0,105,1.456,2.1818400000000002,2.4731912342235556,0.9740626108105254,defined,-0.2991093498405814,sensitivity_only
id:x%3A0x1.0000000000000p%2B0,106,1.47,2.1908,1.8994487657764443,0.9740626108105254,defined,0.2991093498405814,sensitivity_only
id:x%3A0x1.0000000000000p%2B0,107,1.484,2.19976,2.4911112342235553,0.9740626108105254,defined,-0.2991093498405814,sensitivity_only
id:x%3A0x1.0000000000000p%2B0,108,1.498,2.20872,1.9173687657764444,0.9740626108105254,defined,0.2991093498405814,sensitivity_only
id:x%3A0x1.0000000000000p%2B0,109,1.512,2.21768,2.559079298998154,1.1413862494773641,defined,-0.2991093498405814,sensitivity_only
id:x%3A0x1.0000000000000p%2B0,110,1.526,2.22664,1.8852407010018462,1.1413862494773641,defined,0.2991093498405814,sensitivity_only
id:x%3A0x1.0000000000000p%2B0,111,1.54,2.2356,2.576999298998154,1.1413862494773641,defined,-0.2991093498405814,sensitivity_only
id:x%3A0x1.0000000000000p%2B0,112,1.554,2.24456,1.9031607010018459,1.1413862494773641,defined,0.2991093498405814,sensitivity_only
id:x%3A0x1.0000000000000p%2B0,113,1.568,2.25352,2.594919298998154,1.1413862494773641,defined,-0.2991093498405814,sensitivity_only
id:x%3A0x1.0000000000000p%2B0,114,1.582,2.26248,1.921080701001846,1.1413862494773641,defined,0.2991093498405814,sensitivity_only
id:x%3A0x1.0000000000000p%2B0,115,1.596,2.27144,2.6128392989981544,1.1413862494773641,defined,-0.2991093498405814,sensitivity_only
id:x%3A0x1.0000000000000p%2B0,116,1.61,2.2804,1.9390007010018462,1.1413862494773641,defined,0.2991093498405814,sensitivity_only
id:x%3A0x1.0000000000000p%2B0,117,1.624,2.2893600000000003,2.6307592989981545,1.1413862494773641,defined,-0.2991093498405814,sensitivity_only
id:x%3A0x1.0000000000000p%2B0,118,1.638,2.29832,1.956920701001846,1.1413862494773641,defined,0.2991093498405814,sensitivity_only
id:x%3A0x1.0000000000000p%2B0,119,1.652,2.30728,2.648679298998154,1.1413862494773641,defined,-0.2991093498405814,sensitivity_only
id:x%3A0x1.0000000000000p%2B0,120,1.666,2.31624,1.974840701001846,1.1413862494773641,defined,0.2991093498405814,sensitivity_only
id:x%3A0x1.0000000000000p%2B0,121,1.68,2.3251999999999997,2.666599298998154,1.1413862494773641,defined,-0.2991093498405814,sensitivity_only
id:x%3A0x1.0000000000000p%2B0,122,1.694,2.33416,1.9927607010018458,1.1413862494773641,defined,0.2991093498405814,sensitivity_only
id:x%3A0x1.0000000000000p%2B0,123,1.708,2.34312,2.684519298998154,1.1413862494773641,defined,-0.2991093498405814,sensitivity_only
id:x%3A0x1.0000000000000p%2B0,124,1.722,2.35208,2.0106807010018457,1.1413862494773641,defined,0.2991093498405814,sensitivity_only
id:x%3A0x1.0000000000000p%2B0,125,1.736,2.36104,2.7024392989981543,1.1413862494773641,defined,-0.2991093498405814,sensitivity_only
id:x%3A0x1.0000000000000p%2B0,126,1.75,2.37,2.028600701001846,1.1413862494773641,defined,0.2991093498405814,sensitivity_only
id:x%3A0x1.0000000000000p%2B0,127,1.764,2.37896,2.7203592989981544,1.1413862494773641,defined,-0.2991093498405814,sensitivity_only
id:x%3A0x1.0000000000000p%2B0,128,1.778,2.3879200000000003,2.046520701001846,1.1413862494773641,defined,0.2991093498405814,sensitivity_only
id:x%3A0x1.0000000000000p%2B0,129,1.792,2.3968800000000003,2.7382792989981546,1.1413862494773641,defined,-0.2991093498405814,sensitivity_only
id:x%3A0x1.0000000000000p%2B0,130,1.806,2.40584,2.064440701001846,1.1413862494773641,defined,0.2991093498405814,sensitivity_only
id:x%3A0x1.0000000000000p%2B0,131,1.82,2.4148,2.756199298998154,1.1413862494773641,defined,-0.2991093498405814,sensitivity_only
id:x%3A0x1.0000000000000p%2B0,132,1.834,2.42376,2.0823607010018463,1.1413862494773641,defined,0.2991093498405814,sensitivity_only
id:x%3A0x1.0000000000000p%2B0,133,1.848,2.4327199999999998,2.774119298998154,1.1413862494773641,defined,-0.2991093498405814,sensitivity_only
id:x%3A0x1.0000000000000p%2B0,134,1.862,2.44168,2.1002807010018456,1.1413862494773641,defined,0.2991093498405814,sensitivity_only
id:x%3A0x1.0000000000000p%2B0,135,1.876,2.45064,2.792039298998154,1.1413862494773641,defined,-0.2991093498405814,sensitivity_only
id:x%3A0x1.0000000000000p%2B0,136,1.89,2.4596,2.1182007010018458,1.1413862494773641,defined,0.2991093498405814,sensitivity_only
id:x%3A0x1.0000000000000p%2B0,137,1.904,2.46856,2.8099592989981543,1.1413862494773641,defined,-0.2991093498405814,sensitivity_only
id:x%3A0x1.0000000000000p%2B0,138,1.918,2.47752,2.136120701001846,1.1413862494773641,defined,0.2991093498405814,sensitivity_only
id:x%3A0x1.0000000000000p%2B0,139,1.932,2.4864800000000002,2.8278792989981545,1.1413862494773641,defined,-0.2991093498405814,sensitivity_only
id:x%3A0x1.0000000000000p%2B0,140,1.946,2.4954400000000003,2.154040701001846,1.1413862494773641,defined,0.2991093498405814,sensitivity_only
id:x%3A0x1.0000000000000p%2B0,141,1.96,2.5044,2.8457992989981538,1.1413862494773641,defined,-0.2991093498405814,sensitivity_only
id:x%3A0x1.0000000000000p%2B0,142,1.974,2.51336,2.1719607010018462,1.1413862494773641,defined,0.2991093498405814,sensitivity_only
id:x%3A0x1.0000000000000p%2B0,143,1.988,2.52232,2.863719298998154,1.1413862494773641,defined,-0.2991093498405814,sensitivity_only
id:x%3A0x1.0000000000000p%2B0,144,2.0,2.5300000000000002,2.188600701001846,1.1413862494773641,defined,0.2991093498405814,sensitivity_only
id:x%3A0x1.0000000000000p%2B0,145,2.002,2.5312799999999998,2.872679298998154,1.1413862494773641,defined,-0.2991093498405814,sensitivity_only
id:x%3A0x1.0000000000000p%2B0,146,2.016,2.54024,2.1988407010018456,1.1413862494773641,defined,0.2991093498405814,sensitivity_only
id:x%3A0x1.0000000000000p%2B0,147,2.03,2.5492,2.890599298998154,1.1413862494773641,defined,-0.2991093498405814,sensitivity_only
id:x%3A0x1.0000000000000p%2B0,148,2.044,2.55816,2.2167607010018457,1.1413862494773641,defined,0.2991093498405814,sensitivity_only
id:x%3A0x1.0000000000000p%2B0,149,2.058,2.56712,2.9085192989981543,1.1413862494773641,defined,-0.2991093498405814,sensitivity_only
id:x%3A0x1.0000000000000p%2B0,150,2.072,2.57608,2.234680701001846,1.1413862494773641,defined,0.2991093498405814,sensitivity_only
id:x%3A0x1.0000000000000p%2B0,151,2.086,2.5850400000000002,2.9264392989981545,1.1413862494773641,defined,-0.2991093498405814,sensitivity_only
id:x%3A0x1.0000000000000p%2B0,152,2.1,2.5940000000000003,2.252600701001846,1.1413862494773641,defined,0.2991093498405814,sensitivity_only
id:x%3A0x1.0000000000000p%2B0,153,2.114,2.60296,2.9443592989981537,1.1413862494773641,defined,-0.2991093498405814,sensitivity_only
id:x%3A0x1.0000000000000p%2B0,154,2.128,2.61192,2.270520701001846,1.1413862494773641,defined,0.2991093498405814,sensitivity_only
id:x%3A0x1.0000000000000p%2B0,155,2.142,2.6208799999999997,2.962279298998154,1.1413862494773641,defined,-0.2991093498405814,sensitivity_only
id:x%3A0x1.0000000000000p%2B0,156,2.156,2.62984,2.2884407010018464,1.1413862494773641,defined,0.2991093498405814,sensitivity_only
id:x%3A0x1.0000000000000p%2B0,157,2.17,2.6388,2.980199298998154,1.1413862494773641,defined,-0.2991093498405814,sensitivity_only
id:x%3A0x1.0000000000000p%2B0,158,2.184,2.64776,2.3063607010018456,1.1413862494773641,defined,0.2991093498405814,sensitivity_only
id:x%3A0x1.0000000000000p%2B0,159,2.198,2.65672,2.998119298998154,1.1413862494773641,defined,-0.2991093498405814,sensitivity_only
id:x%3A0x1.0000000000000p%2B0,160,2.212,2.66568,2.324280701001846,1.1413862494773641,defined,0.2991093498405814,sensitivity_only
id:x%3A0x1.0000000000000p%2B0,161,2.226,2.67464,3.0160392989981544,1.1413862494773641,defined,-0.2991093498405814,sensitivity_only
id:x%3A0x1.0000000000000p%2B0,162,2.24,2.6836,2.342200701001846,1.1413862494773641,defined,0.2991093498405814,sensitivity_only
id:x%3A0x1.0000000000000p%2B0,163,2.254,2.6925600000000003,3.0339592989981545,1.1413862494773641,defined,-0.2991093498405814,sensitivity_only
id:x%3A0x1.0000000000000p%2B0,164,2.268,2.70152,2.360120701001846,1.1413862494773641,defined,0.2991093498405814,sensitivity_only
id:x%3A0x1.0000000000000p%2B0,165,2.282,2.71048,3.051879298998154,1.1413862494773641,defined,-0.2991093498405814,sensitivity_only
id:x%3A0x1.0000000000000p%2B0,166,2.296,2.7194399999999996,2.3780407010018454,1.1413862494773641,defined,0.2991093498405814,sensitivity_only
id:x%3A0x1.0000000000000p%2B0,167,2.31,2.7284,3.069799298998154,1.1413862494773641,defined,-0.2991093498405814,sensitivity_only
id:x%3A0x1.0000000000000p%2B0,168,2.324,2.73736,2.3959607010018455,1.1413862494773641,defined,0.2991093498405814,sensitivity_only
id:x%3A0x1.0000000000000p%2B0,169,2.338,2.74632,3.087719298998154,1.1413862494773641,defined,-0.2991093498405814,sensitivity_only
id:x%3A0x1.0000000000000p%2B0,170,2.352,2.75528,2.4138807010018457,1.1413862494773641,defined,0.2991093498405814,sensitivity_only
id:x%3A0x1.0000000000000p%2B0,171,2.366,2.76424,3.1056392989981543,1.1413862494773641,defined,-0.2991093498405814,sensitivity_only
id:x%3A0x1.0000000000000p%2B0,172,2.38,2.7732,2.431800701001846,1.1413862494773641,defined,0.2991093498405814,sensitivity_only
id:x%3A0x1.0000000000000p%2B0,173,2.394,2.78216,3.1235592989981544,1.1413862494773641,defined,-0.2991093498405814,sensitivity_only
id:x%3A0x1.0000000000000p%2B0,174,2.408,2.7911200000000003,2.449720701001846,1.1413862494773641,defined,0.2991093498405814,sensitivity_only
id:x%3A0x1.0000000000000p%2B0,175,2.422,2.8000800000000003,3.1414792989981546,1.1413862494773641,defined,-0.2991093498405814,sensitivity_only
id:x%3A0x1.0000000000000p%2B0,176,2.436,2.80904,2.467640701001846,1.1413862494773641,defined,0.2991093498405814,sensitivity_only
id:x%3A0x1.0000000000000p%2B0,177,2.45,2.818,3.159399298998154,1.1413862494773641,defined,-0.2991093498405814,sensitivity_only
id:x%3A0x1.0000000000000p%2B0,178,2.464,2.8269599999999997,2.4855607010018455,1.1413862494773641,defined,0.2991093498405814,sensitivity_only
id:x%3A0x1.0000000000000p%2B0,179,2.478,2.83592,3.177319298998154,1.1413862494773641,defined,-0.2991093498405814,sensitivity_only
id:x%3A0x1.0000000000000p%2B0,180,2.492,2.84488,2.5034807010018456,1.1413862494773641,defined,0.2991093498405814,sensitivity_only
id:x%3A0x1.0000000000000p%2B0,181,2.506,2.85384,3.244492972289756,1.3060540317377747,defined,-0.2991093498405814,sensitivity_only
id:x%3A0x1.0000000000000p%2B0,182,2.52,2.8628,2.472147027710244,1.3060540317377747,defined,0.2991093498405814,sensitivity_only
id:x%3A0x1.0000000000000p%2B0,183,2.534,2.87176,3.262412972289756,1.3060540317377747,defined,-0.2991093498405814,sensitivity_only
id:x%3A0x1.0000000000000p%2B0,184,2.548,2.88072,2.490067027710244,1.3060540317377747,defined,0.2991093498405814,sensitivity_only
id:x%3A0x1.0000000000000p%2B0,185,2.562,2.8896800000000002,3.2803329722897563,1.3060540317377747,defined,-0.2991093498405814,sensitivity_only
id:x%3A0x1.0000000000000p%2B0,186,2.576,2.8986400000000003,2.5079870277102443,1.3060540317377747,defined,0.2991093498405814,sensitivity_only
id:x%3A0x1.0000000000000p%2B0,187,2.59,2.9076,3.298252972289756,1.3060540317377747,defined,-0.2991093498405814,sensitivity_only
id:x%3A0x1.0000000000000p%2B0,188,2.604,2.91656,2.525907027710244,1.3060540317377747,defined,0.2991093498405814,sensitivity_only
id:x%3A0x1.0000000000000p%2B0,189,2.618,2.9255199999999997,3.3161729722897557,1.3060540317377747,defined,-0.2991093498405814,sensitivity_only
id:x%3A0x1.0000000000000p%2B0,190,2.632,2.93448,2.543827027710244,1.3060540317377747,defined,0.2991093498405814,sensitivity_only
id:x%3A0x1.0000000000000p%2B0,191,2.646,2.94344,3.334092972289756,1.3060540317377747,defined,-0.2991093498405814,sensitivity_only
id:x%3A0x1.0000000000000p%2B0,192,2.66,2.9524,2.561747027710244,1.3060540317377747,defined,0.2991093498405814,sensitivity_only
id:x%3A0x1.0000000000000p%2B0,193,2.674,2.96136,3.352012972289756,1.3060540317377747,defined,-0.2991093498405814,sensitivity_only
id:x%3A0x1.0000000000000p%2B0,194,2.688,2.97032,2.579667027710244,1.3060540317377747,defined,0.2991093498405814,sensitivity_only
id:x%3A0x1.0000000000000p%2B0,195,2.702,2.97928,3.369932972289756,1.3060540317377747,defined,-0.2991093498405814,sensitivity_only
id:x%3A0x1.0000000000000p%2B0,196,2.716,2.9882400000000002,2.597587027710244,1.3060540317377747,defined,0.2991093498405814,sensitivity_only
id:x%3A0x1.0000000000000p%2B0,197,2.73,2.9972000000000003,3.3878529722897563,1.3060540317377747,defined,-0.2991093498405814,sensitivity_only
id:x%3A0x1.0000000000000p%2B0,198,2.744,3.0061600000000004,2.6155070277102443,1.3060540317377747,defined,0.2991093498405814,sensitivity_only
id:x%3A0x1.0000000000000p%2B0,199,2.758,3.01512,3.405772972289756,1.3060540317377747,defined,-0.2991093498405814,sensitivity_only
id:x%3A0x1.0000000000000p%2B0,200,2.772,3.0240799999999997,2.6334270277102436,1.3060540317377747,defined,0.2991093498405814,sensitivity_only
id:x%3A0x1.0000000000000p%2B0,201,2.786,3.0330399999999997,3.4236929722897558,1.3060540317377747,defined,-0.2991093498405814,sensitivity_only
id:x%3A0x1.0000000000000p%2B0,202,2.8,3.042,2.6513470277102438,1.3060540317377747,defined,0.2991093498405814,sensitivity_only
id:x%3A0x1.0000000000000p%2B0,203,2.814,3.05096,3.441612972289756,1.3060540317377747,defined,-0.2991093498405814,sensitivity_only
id:x%3A0x1.0000000000000p%2B0,204,2.828,3.05992,2.669267027710244,1.3060540317377747,defined,0.2991093498405814,sensitivity_only
id:x%3A0x1.0000000000000p%2B0,205,2.842,3.06888,3.459532972289756,1.3060540317377747,defined,-0.2991093498405814,sensitivity_only
id:x%3A0x1.0000000000000p%2B0,206,2.856,3.07784,2.687187027710244,1.3060540317377747,defined,0.2991093498405814,sensitivity_only
id:x%3A0x1.0000000000000p%2B0,207,2.87,3.0868,3.4774529722897563,1.3060540317377747,defined,-0.2991093498405814,sensitivity_only
id:x%3A0x1.0000000000000p%2B0,208,2.884,3.0957600000000003,2.7051070277102442,1.3060540317377747,defined,0.2991093498405814,sensitivity_only
id:x%3A0x1.0000000000000p%2B0,209,2.898,3.1047200000000004,3.4953729722897564,1.3060540317377747,defined,-0.2991093498405814,sensitivity_only
id:x%3A0x1.0000000000000p%2B0,210,2.912,3.11368,2.723027027710244,1.3060540317377747,defined,0.2991093498405814,sensitivity_only
id:x%3A0x1.0000000000000p%2B0,211,2.926,3.12264,3.513292972289756,1.3060540317377747,defined,-0.2991093498405814,sensitivity_only
id:x%3A0x1.0000000000000p%2B0,212,2.94,3.1315999999999997,2.7409470277102437,1.3060540317377747,defined,0.2991093498405814,sensitivity_only
id:x%3A0x1.0000000000000p%2B0,213,2.954,3.1405600000000002,3.5312129722897563,1.3060540317377747,defined,-0.2991093498405814,sensitivity_only
id:x%3A0x1.0000000000000p%2B0,214,2.968,3.14952,2.758867027710244,1.3060540317377747,defined,0.2991093498405814,sensitivity_only
id:x%3A0x1.0000000000000p%2B0,215,2.982,3.15848,3.549132972289756,1.3060540317377747,defined,-0.2991093498405814,sensitivity_only
id:x%3A0x1.0000000000000p%2B0,216,2.996,3.16744,2.776787027710244,1.3060540317377747,defined,0.2991093498405814,sensitivity_only
id:x%3A0x1.0000000000000p%2B0,217,3.0,3.17,3.560652972289756,1.3060540317377747,defined,-0.2991093498405814,sensitivity_only
id:x%3A0x1.0000000000000p%2B0,218,3.01,3.1764,2.785747027710244,1.3060540317377747,defined,0.2991093498405814,sensitivity_only
id:x%3A0x1.0000000000000p%2B0,219,3.024,3.18536,3.5760129722897562,1.3060540317377747,defined,-0.2991093498405814,sensitivity_only
id:x%3A0x1.0000000000000p%2B0,220,3.038,3.19432,2.803667027710244,1.3060540317377747,defined,0.2991093498405814,sensitivity_only
id:x%3A0x1.0000000000000p%2B0,221,3.052,3.2032800000000003,3.5939329722897564,1.3060540317377747,defined,-0.2991093498405814,sensitivity_only
id:x%3A0x1.0000000000000p%2B0,222,3.066,3.21224,2.821587027710244,1.3060540317377747,defined,0.2991093498405814,sensitivity_only
id:x%3A0x1.0000000000000p%2B0,223,3.08,3.2212,3.611852972289756,1.3060540317377747,defined,-0.2991093498405814,sensitivity_only
id:x%3A0x1.0000000000000p%2B0,224,3.094,3.2301599999999997,2.8395070277102437,1.3060540317377747,defined,0.2991093498405814,sensitivity_only
id:x%3A0x1.0000000000000p%2B0,225,3.108,3.2391199999999998,3.629772972289756,1.3060540317377747,defined,-0.2991093498405814,sensitivity_only
id:x%3A0x1.0000000000000p%2B0,226,3.122,3.24808,2.857427027710244,1.3060540317377747,defined,0.2991093498405814,sensitivity_only
id:x%3A0x1.0000000000000p%2B0,227,3.136,3.25704,3.647692972289756,1.3060540317377747,defined,-0.2991093498405814,sensitivity_only
id:x%3A0x1.0000000000000p%2B0,228,3.15,3.266,2.875347027710244,1.3060540317377747,defined,0.2991093498405814,sensitivity_only
id:x%3A0x1.0000000000000p%2B0,229,3.164,3.27496,3.665612972289756,1.3060540317377747,defined,-0.2991093498405814,sensitivity_only
id:x%3A0x1.0000000000000p%2B0,230,3.178,3.28392,2.893267027710244,1.3060540317377747,defined,0.2991093498405814,sensitivity_only
id:x%3A0x1.0000000000000p%2B0,231,3.192,3.2928800000000003,3.6835329722897563,1.3060540317377747,defined,-0.2991093498405814,sensitivity_only
id:x%3A0x1.0000000000000p%2B0,232,3.206,3.30184,2.911187027710244,1.3060540317377747,defined,0.2991093498405814,sensitivity_only
id:x%3A0x1.0000000000000p%2B0,233,3.22,3.3108,3.701452972289756,1.3060540317377747,defined,-0.2991093498405814,sensitivity_only
id:x%3A0x1.0000000000000p%2B0,234,3.234,3.31976,2.929107027710244,1.3060540317377747,defined,0.2991093498405814,sensitivity_only
id:x%3A0x1.0000000000000p%2B0,235,3.248,3.32872,3.719372972289756,1.3060540317377747,defined,-0.2991093498405814,sensitivity_only
id:x%3A0x1.0000000000000p%2B0,236,3.262,3.33768,2.947027027710244,1.3060540317377747,defined,0.2991093498405814,sensitivity_only
id:x%3A0x1.0000000000000p%2B0,237,3.276,3.34664,3.737292972289756,1.3060540317377747,defined,-0.2991093498405814,sensitivity_only
id:x%3A0x1.0000000000000p%2B0,238,3.29,3.3556,2.964947027710244,1.3060540317377747,defined,0.2991093498405814,sensitivity_only
id:x%3A0x1.0000000000000p%2B0,239,3.304,3.36456,3.755212972289756,1.3060540317377747,defined,-0.2991093498405814,sensitivity_only
id:x%3A0x1.0000000000000p%2B0,240,3.318,3.37352,2.982867027710244,1.3060540317377747,defined,0.2991093498405814,sensitivity_only
id:x%3A0x1.0000000000000p%2B0,241,3.332,3.38248,3.773132972289756,1.3060540317377747,defined,-0.2991093498405814,sensitivity_only
id:x%3A0x1.0000000000000p%2B0,242,3.346,3.3914400000000002,3.000787027710244,1.3060540317377747,defined,0.2991093498405814,sensitivity_only
id:x%3A0x1.0000000000000p%2B0,243,3.36,3.4004,3.791052972289756,1.3060540317377747,defined,-0.2991093498405814,sensitivity_only
id:x%3A0x1.0000000000000p%2B0,244,3.374,3.40936,3.018707027710244,1.3060540317377747,defined,0.2991093498405814,sensitivity_only
id:x%3A0x1.0000000000000p%2B0,245,3.388,3.41832,3.808972972289756,1.3060540317377747,defined,-0.2991093498405814,sensitivity_only
id:x%3A0x1.0000000000000p%2B0,246,3.402,3.42728,3.036627027710244,1.3060540317377747,defined,0.2991093498405814,sensitivity_only
id:x%3A0x1.0000000000000p%2B0,247,3.416,3.43624,3.8268929722897562,1.3060540317377747,defined,-0.2991093498405814,sensitivity_only
id:x%3A0x1.0000000000000p%2B0,248,3.43,3.4452000000000003,3.0545470277102442,1.3060540317377747,defined,0.2991093498405814,sensitivity_only
id:x%3A0x1.0000000000000p%2B0,249,3.444,3.45416,3.844812972289756,1.3060540317377747,defined,-0.2991093498405814,sensitivity_only
id:x%3A0x1.0000000000000p%2B0,250,3.458,3.46312,3.072467027710244,1.3060540317377747,defined,0.2991093498405814,sensitivity_only
id:x%3A0x1.0000000000000p%2B0,251,3.472,3.47208,3.862732972289756,1.3060540317377747,defined,-0.2991093498405814,sensitivity_only
id:x%3A0x1.0000000000000p%2B0,252,3.486,3.48104,3.090387027710244,1.3060540317377747,defined,0.2991093498405814,sensitivity_only
id:x%3A0x1.0000000000000p%2B0,253,3.5,3.49,3.8806529722897563,1.3060540317377747,defined,-0.2991093498405814,sensitivity_only
id:x%3A0x1.0000000000000p%2B0,254,3.514,3.49896,3.16864277248765,1.104336015201135,defined,0.2991093498405814,sensitivity_only
id:x%3A0x1.0000000000000p%2B0,255,3.528,3.50792,3.8382372275123497,1.104336015201135,defined,-0.2991093498405814,sensitivity_only
id:x%3A0x1.0000000000000p%2B0,256,3.542,3.51688,3.18656277248765,1.104336015201135,defined,0.2991093498405814,sensitivity_only
id:x%3A0x1.0000000000000p%2B0,257,3.556,3.52584,3.85615722751235,1.104336015201135,defined,-0.2991093498405814,sensitivity_only
id:x%3A0x1.0000000000000p%2B0,258,3.57,3.5348,3.2044827724876503,1.104336015201135,defined,0.2991093498405814,sensitivity_only
id:x%3A0x1.0000000000000p%2B0,259,3.584,3.5437600000000002,3.87407722751235,1.104336015201135,defined,-0.2991093498405814,sensitivity_only
id:x%3A0x1.0000000000000p%2B0,260,3.598,3.55272,3.22240277248765,1.104336015201135,defined,0.2991093498405814,sensitivity_only
id:x%3A0x1.0000000000000p%2B0,261,3.612,3.56168,3.8919972275123498,1.104336015201135,defined,-0.2991093498405814,sensitivity_only
id:x%3A0x1.0000000000000p%2B0,262,3.626,3.57064,3.24032277248765,1.104336015201135,defined,0.2991093498405814,sensitivity_only
id:x%3A0x1.0000000000000p%2B0,263,3.64,3.5796,3.90991722751235,1.104336015201135,defined,-0.2991093498405814,sensitivity_only
id:x%3A0x1.0000000000000p%2B0,264,3.654,3.58856,3.2582427724876504,1.104336015201135,defined,0.2991093498405814,sensitivity_only
id:x%3A0x1.0000000000000p%2B0,265,3.668,3.5975200000000003,3.92783722751235,1.104336015201135,defined,-0.2991093498405814,sensitivity_only
id:x%3A0x1.0000000000000p%2B0,266,3.682,3.60648,3.27616277248765,1.104336015201135,defined,0.2991093498405814,sensitivity_only
id:x%3A0x1.0000000000000p%2B0,267,3.696,3.61544,3.94575722751235,1.104336015201135,defined,-0.2991093498405814,sensitivity_only
id:x%3A0x1.0000000000000p%2B0,268,3.71,3.6244,3.2940827724876502,1.104336015201135,defined,0.2991093498405814,sensitivity_only
id:x%3A0x1.0000000000000p%2B0,269,3.724,3.63336,3.96367722751235,1.104336015201135,defined,-0.2991093498405814,sensitivity_only
id:x%3A0x1.0000000000000p%2B0,270,3.738,3.6423200000000002,3.3120027724876504,1.104336015201135,defined,0.2991093498405814,sensitivity_only
id:x%3A0x1.0000000000000p%2B0,271,3.752,3.65128,3.9815972275123497,1.104336015201135,defined,-0.2991093498405814,sensitivity_only
id:x%3A0x1.0000000000000p%2B0,272,3.766,3.66024,3.32992277248765,1.104336015201135,defined,0.2991093498405814,sensitivity_only
id:x%3A0x1.0000000000000p%2B0,273,3.78,3.6692,3.99951722751235,1.104336015201135,defined,-0.2991093498405814,sensitivity_only
id:x%3A0x1.0000000000000p%2B0,274,3.794,3.67816,3.3478427724876503,1.104336015201135,defined,0.2991093498405814,sensitivity_only
id:x%3A0x1.0000000000000p%2B0,275,3.808,3.6871199999999997,4.0174372275123496,1.104336015201135,defined,-0.2991093498405814,sensitivity_only
id:x%3A0x1.0000000000000p%2B0,276,3.822,3.6960800000000003,3.3657627724876504,1.104336015201135,defined,0.2991093498405814,sensitivity_only
id:x%3A0x1.0000000000000p%2B0,277,3.836,3.70504,4.03535722751235,1.104336015201135,defined,-0.2991093498405814,sensitivity_only
id:x%3A0x1.0000000000000p%2B0,278,3.85,3.714,3.38368277248765,1.104336015201135,defined,0.2991093498405814,sensitivity_only
id:x%3A0x1.0000000000000p%2B0,279,3.864,3.72296,4.05327722751235,1.104336015201135,defined,-0.2991093498405814,sensitivity_only
id:x%3A0x1.0000000000000p%2B0,280,3.878,3.73192,3.4016027724876503,1.104336015201135,defined,0.2991093498405814,sensitivity_only
id:x%3A0x1.0000000000000p%2B0,281,3.892,3.74088,4.07119722751235,1.104336015201135,defined,-0.2991093498405814,sensitivity_only
id:x%3A0x1.0000000000000p%2B0,282,3.906,3.7498400000000003,3.4195227724876505,1.104336015201135,defined,0.2991093498405814,sensitivity_only
id:x%3A0x1.0000000000000p%2B0,283,3.92,3.7588,4.08911722751235,1.104336015201135,defined,-0.2991093498405814,sensitivity_only
id:x%3A0x1.0000000000000p%2B0,284,3.934,3.76776,3.43744277248765,1.104336015201135,defined,0.2991093498405814,sensitivity_only
id:x%3A0x1.0000000000000p%2B0,285,3.948,3.77672,4.10703722751235,1.104336015201135,defined,-0.2991093498405814,sensitivity_only
id:x%3A0x1.0000000000000p%2B0,286,3.962,3.78568,3.4553627724876503,1.104336015201135,defined,0.2991093498405814,sensitivity_only
id:x%3A0x1.0000000000000p%2B0,287,3.976,3.7946400000000002,4.1249572275123505,1.104336015201135,defined,-0.2991093498405814,sensitivity_only
id:x%3A0x1.0000000000000p%2B0,288,3.99,3.8036000000000003,3.4732827724876505,1.104336015201135,defined,0.2991093498405814,sensitivity_only
id:x%3A0x1.0000000000000p%2B0,289,4.0,3.81,4.14031722751235,1.104336015201135,defined,-0.2991093498405814,sensitivity_only
id:x%3A0x1.0000000000000p%2B0,290,4.004,3.81256,3.48224277248765,1.104336015201135,defined,0.2991093498405814,sensitivity_only
id:x%3A0x1.0000000000000p%2B0,291,4.018,3.82152,4.15183722751235,1.104336015201135,defined,-0.2991093498405814,sensitivity_only
id:x%3A0x1.0000000000000p%2B0,292,4.032,3.83048,3.5001627724876503,1.104336015201135,defined,0.2991093498405814,sensitivity_only
id:x%3A0x1.0000000000000p%2B0,293,4.046,3.83944,4.16975722751235,1.104336015201135,defined,-0.2991093498405814,sensitivity_only
id:x%3A0x1.0000000000000p%2B0,294,4.06,3.8484,3.51808277248765,1.104336015201135,defined,0.2991093498405814,sensitivity_only
id:x%3A0x1.0000000000000p%2B0,295,4.074,3.85736,4.18767722751235,1.104336015201135,defined,-0.2991093498405814,sensitivity_only
id:x%3A0x1.0000000000000p%2B0,296,4.088,3.86632,3.53600277248765,1.104336015201135,defined,0.2991093498405814,sensitivity_only
id:x%3A0x1.0000000000000p%2B0,297,4.102,3.87528,4.20559722751235,1.104336015201135,defined,-0.2991093498405814,sensitivity_only
id:x%3A0x1.0000000000000p%2B0,298,4.116,3.8842399999999997,3.55392277248765,1.104336015201135,defined,0.2991093498405814,sensitivity_only
id:x%3A0x1.0000000000000p%2B0,299,4.13,3.8931999999999998,4.22351722751235,1.104336015201135,defined,-0.2991093498405814,sensitivity_only
id:x%3A0x1.0000000000000p%2B0,300,4.144,3.9021600000000003,3.5718427724876505,1.104336015201135,defined,0.2991093498405814,sensitivity_only
id:x%3A0x1.0000000000000p%2B0,301,4.158,3.9111200000000004,4.241437227512351,1.104336015201135,defined,-0.2991093498405814,sensitivity_only
id:x%3A0x1.0000000000000p%2B0,302,4.172,3.92008,3.58976277248765,1.104336015201135,defined,0.2991093498405814,sensitivity_only
id:x%3A0x1.0000000000000p%2B0,303,4.186,3.92904,4.25935722751235,1.104336015201135,defined,-0.2991093498405814,sensitivity_only
id:x%3A0x1.0000000000000p%2B0,304,4.2,3.938,3.6076827724876503,1.104336015201135,defined,0.2991093498405814,sensitivity_only
id:x%3A0x1.0000000000000p%2B0,305,4.214,3.9469600000000002,4.27727722751235,1.104336015201135,defined,-0.2991093498405814,sensitivity_only
id:x%3A0x1.0000000000000p%2B0,306,4.228,3.95592,3.62560277248765,1.104336015201135,defined,0.2991093498405814,sensitivity_only
id:x%3A0x1.0000000000000p%2B0,307,4.242,3.96488,4.29519722751235,1.104336015201135,defined,-0.2991093498405814,sensitivity_only
id:x%3A0x1.0000000000000p%2B0,308,4.256,3.97384,3.64352277248765,1.104336015201135,defined,0.2991093498405814,sensitivity_only
id:x%3A0x1.0000000000000p%2B0,309,4.27,3.9827999999999997,4.3131172275123495,1.104336015201135,defined,-0.2991093498405814,sensitivity_only
id:x%3A0x1.0000000000000p%2B0,310,4.284,3.9917599999999998,3.66144277248765,1.104336015201135,defined,0.2991093498405814,sensitivity_only
id:x%3A0x1.0000000000000p%2B0,311,4.298,4.00072,4.3310372275123505,1.104336015201135,defined,-0.2991093498405814,sensitivity_only
id:x%3A0x1.0000000000000p%2B0,312,4.312,4.00968,3.6793627724876505,1.104336015201135,defined,0.2991093498405814,sensitivity_only
id:x%3A0x1.0000000000000p%2B0,313,4.326,4.0186399999999995,4.34895722751235,1.104336015201135,defined,-0.2991093498405814,sensitivity_only
id:x%3A0x1.0000000000000p%2B0,314,4.34,4.0276,3.69728277248765,1.104336015201135,defined,0.2991093498405814,sensitivity_only
id:x%3A0x1.0000000000000p%2B0,315,4.354,4.03656,4.36687722751235,1.104336015201135,defined,-0.2991093498405814,sensitivity_only
id:x%3A0x1.0000000000000p%2B0,316,4.368,4.04552,3.71520277248765,1.104336015201135,defined,0.2991093498405814,sensitivity_only
id:x%3A0x1.0000000000000p%2B0,317,4.382,4.05448,4.38479722751235,1.104336015201135,defined,-0.2991093498405814,sensitivity_only
id:x%3A0x1.0000000000000p%2B0,318,4.396,4.06344,3.73312277248765,1.104336015201135,defined,0.2991093498405814,sensitivity_only
id:x%3A0x1.0000000000000p%2B0,319,4.41,4.0724,4.40271722751235,1.104336015201135,defined,-0.2991093498405814,sensitivity_only
id:x%3A0x1.0000000000000p%2B0,320,4.424,4.08136,3.7510427724876503,1.104336015201135,defined,0.2991093498405814,sensitivity_only
id:x%3A0x1.0000000000000p%2B0,321,4.438,4.09032,4.42063722751235,1.104336015201135,defined,-0.2991093498405814,sensitivity_only
id:x%3A0x1.0000000000000p%2B0,322,4.452,4.09928,3.7689627724876504,1.104336015201135,defined,0.2991093498405814,sensitivity_only
id:x%3A0x1.0000000000000p%2B0,323,4.466,4.10824,4.438557227512351,1.104336015201135,defined,-0.2991093498405814,sensitivity_only
id:x%3A0x1.0000000000000p%2B0,324,4.48,4.1172,3.7868827724876506,1.104336015201135,defined,0.2991093498405814,sensitivity_only
id:x%3A0x1.0000000000000p%2B0,325,4.494,4.1261600000000005,4.456477227512351,1.104336015201135,defined,-0.2991093498405814,sensitivity_only
id:x%3A0x1.0000000000000p%2B0,326,4.508,4.135120000000001,3.8048027724876503,1.1043360152011354,defined,0.2991093498405814,sensitivity_only
id:x%3A0x1.0000000000000p%2B0,327,4.522,4.144080000000001,4.474397227512351,1.1043360152011354,defined,-0.2991093498405814,sensitivity_only
id:x%3A0x1.0000000000000p%2B0,328,4.536,4.15304,3.8227227724876496,1.1043360152011354,defined,0.2991093498405814,sensitivity_only
id:x%3A0x1.0000000000000p%2B0,329,4.55,4.162,4.49231722751235,1.1043360152011354,defined,-0.2991093498405814,sensitivity_only
id:x%3A0x1.0000000000000p%2B0,330,4.564,4.17096,3.8406427724876497,1.1043360152011354,defined,0.2991093498405814,sensitivity_only
id:x%3A0x1.0000000000000p%2B0,331,4.578,4.17992,4.51023722751235,1.1043360152011354,defined,-0.2991093498405814,sensitivity_only
id:x%3A0x1.0000000000000p%2B0,332,4.592,4.188879999999999,3.858562772487649,1.1043360152011354,defined,0.2991093498405814,sensitivity_only
id:x%3A0x1.0000000000000p%2B0,333,4.606,4.197839999999999,4.52815722751235,1.1043360152011354,defined,-0.2991093498405814,sensitivity_only
id:x%3A0x1.0000000000000p%2B0,334,4.62,4.2068,3.87648277248765,1.1043360152011354,defined,0.2991093498405814,sensitivity_only
id:x%3A0x1.0000000000000p%2B0,335,4.634,4.21576,4.546077227512351,1.1043360152011354,defined,-0.2991093498405814,sensitivity_only
id:x%3A0x1.0000000000000p%2B0,336,4.648,4.22472,3.8944027724876493,1.1043360152011354,defined,0.2991093498405814,sensitivity_only
id:x%3A0x1.0000000000000p%2B0,337,4.662,4.23368,4.56399722751235,1.1043360152011354,defined,-0.2991093498405814,sensitivity_only
id:x%3A0x1.0000000000000p%2B0,338,4.676,4.24264,3.9123227724876495,1.1043360152011354,defined,0.2991093498405814,sensitivity_only
id:x%3A0x1.0000000000000p%2B0,339,4.69,4.2516,4.58191722751235,1.1043360152011354,defined,-0.2991093498405814,sensitivity_only
id:x%3A0x1.0000000000000p%2B0,340,4.704,4.26056,3.9302427724876496,1.1043360152011354,defined,0.2991093498405814,sensitivity_only
id:x%3A0x1.0000000000000p%2B0,341,4.718,4.26952,4.59983722751235,1.1043360152011354,defined,-0.2991093498405814,sensitivity_only
id:x%3A0x1.0000000000000p%2B0,342,4.732,4.27848,3.94816277248765,1.1043360152011354,defined,0.2991093498405814,sensitivity_only
id:x%3A0x1.0000000000000p%2B0,343,4.746,4.28744,4.61775722751235,1.1043360152011354,defined,-0.2991093498405814,sensitivity_only
id:x%3A0x1.0000000000000p%2B0,344,4.76,4.2964,3.96608277248765,1.1043360152011354,defined,0.2991093498405814,sensitivity_only
id:x%3A0x1.0000000000000p%2B0,345,4.774,4.30536,4.635677227512351,1.1043360152011354,defined,-0.2991093498405814,sensitivity_only
id:x%3A0x1.0000000000000p%2B0,346,4.788,4.31432,3.98400277248765,1.1043360152011354,defined,0.2991093498405814,sensitivity_only
id:x%3A0x1.0000000000000p%2B0,347,4.802,4.3232800000000005,4.653597227512351,1.1043360152011354,defined,-0.2991093498405814,sensitivity_only
id:x%3A0x1.0000000000000p%2B0,348,4.816,4.3322400000000005,4.00192277248765,1.1043360152011354,defined,0.2991093498405814,sensitivity_only
id:x%3A0x1.0000000000000p%2B0,349,4.83,4.341200000000001,4.671517227512351,1.1043360152011354,defined,-0.2991093498405814,sensitivity_only
id:x%3A0x1.0000000000000p%2B0,350,4.844,4.350160000000001,4.01984277248765,1.1043360152011354,defined,0.2991093498405814,sensitivity_only
id:x%3A0x1.0000000000000p%2B0,351,4.858,4.35912,4.68943722751235,1.1043360152011354,defined,-0.2991093498405814,sensitivity_only
id:x%3A0x1.0000000000000p%2B0,352,4.872,4.36808,4.03776277248765,1.1043360152011354,defined,0.2991093498405814,sensitivity_only
id:x%3A0x1.0000000000000p%2B0,353,4.886,4.37704,4.70735722751235,1.1043360152011354,defined,-0.2991093498405814,sensitivity_only
id:x%3A0x1.0000000000000p%2B0,354,4.9,4.386,4.05568277248765,1.1043360152011354,defined,0.2991093498405814,sensitivity_only
id:x%3A0x1.0000000000000p%2B0,355,4.914,4.394959999999999,4.72527722751235,1.1043360152011354,defined,-0.2991093498405814,sensitivity_only
id:x%3A0x1.0000000000000p%2B0,356,4.928,4.403919999999999,4.073602772487649,1.1043360152011354,defined,0.2991093498405814,sensitivity_only
id:x%3A0x1.0000000000000p%2B0,357,4.942,4.41288,4.743197227512351,1.1043360152011354,defined,-0.2991093498405814,sensitivity_only
id:x%3A0x1.0000000000000p%2B0,358,4.956,4.42184,4.09152277248765,1.1043360152011354,defined,0.2991093498405814,sensitivity_only
id:x%3A0x1.0000000000000p%2B0,359,4.97,4.4308,4.76111722751235,1.1043360152011354,defined,-0.2991093498405814,sensitivity_only
id:x%3A0x1.0000000000000p%2B0,360,4.984,4.43976,4.109442772487649,1.1043360152011354,defined,0.2991093498405814,sensitivity_only
id:x%3A0x1.0000000000000p%2B0,361,4.998,4.44872,4.77903722751235,1.1043360152011354,defined,-0.2991093498405814,sensitivity_only
id:x%3A0x1.0000000000000p%2B0,362,5.0,4.45,4.11968277248765,1.1043360152011354,defined,0.2991093498405814,sensitivity_only
id:x%3A0x1.0000000000000p%2B0,363,5.012,4.45768,4.78799722751235,1.1043360152011354,defined,-0.2991093498405814,sensitivity_only
id:x%3A0x1.0000000000000p%2B0,364,5.026,4.46664,4.13632277248765,1.1043360152011354,defined,0.2991093498405814,sensitivity_only
id:x%3A0x1.0000000000000p%2B0,365,5.04,4.4756,4.80591722751235,1.1043360152011354,defined,-0.2991093498405814,sensitivity_only
id:x%3A0x1.0000000000000p%2B0,366,5.054,4.48456,4.15424277248765,1.1043360152011354,defined,0.2991093498405814,sensitivity_only
id:x%3A0x1.0000000000000p%2B0,367,5.068,4.49352,4.8238372275123504,1.1043360152011354,defined,-0.2991093498405814,sensitivity_only
id:x%3A0x1.0000000000000p%2B0,368,5.082,4.50248,4.17216277248765,1.1043360152011354,defined,0.2991093498405814,sensitivity_only
id:x%3A0x1.0000000000000p%2B0,369,5.096,4.51144,4.841757227512351,1.1043360152011354,defined,-0.2991093498405814,sensitivity_only
id:x%3A0x1.0000000000000p%2B0,370,5.11,4.5204,4.19008277248765,1.1043360152011354,defined,0.2991093498405814,sensitivity_only
id:x%3A0x1.0000000000000p%2B0,371,5.124,4.5293600000000005,4.859677227512351,1.1043360152011354,defined,-0.2991093498405814,sensitivity_only
id:x%3A0x1.0000000000000p%2B0,372,5.138,4.538320000000001,4.20800277248765,1.1043360152011354,defined,0.2991093498405814,sensitivity_only
id:x%3A0x1.0000000000000p%2B0,373,5.152,4.547280000000001,4.877597227512351,1.1043360152011354,defined,-0.2991093498405814,sensitivity_only
id:x%3A0x1.0000000000000p%2B0,374,5.166,4.556240000000001,4.2259227724876505,1.1043360152011354,defined,0.2991093498405814,sensitivity_only
id:x%3A0x1.0000000000000p%2B0,375,5.18,4.5652,4.89551722751235,1.1043360152011354,defined,-0.2991093498405814,sensitivity_only
id:x%3A0x1.0000000000000p%2B0,376,5.194,4.57416,4.24384277248765,1.1043360152011354,defined,0.2991093498405814,sensitivity_only
id:x%3A0x1.0000000000000p%2B0,377,5.208,4.58312,4.91343722751235,1.1043360152011354,defined,-0.2991093498405814,sensitivity_only
id:x%3A0x1.0000000000000p%2B0,378,5.222,4.59208,4.26176277248765,1.1043360152011354,defined,0.2991093498405814,sensitivity_only
id:x%3A0x1.0000000000000p%2B0,379,5.236,4.601039999999999,4.93135722751235,1.1043360152011354,defined,-0.2991093498405814,sensitivity_only
id:x%3A0x1.0000000000000p%2B0,380,5.25,4.609999999999999,4.279682772487649,1.1043360152011354,defined,0.2991093498405814,sensitivity_only
id:x%3A0x1.0000000000000p%2B0,381,5.264,4.61896,4.949277227512351,1.1043360152011354,defined,-0.2991093498405814,sensitivity_only
id:x%3A0x1.0000000000000p%2B0,382,5.278,4.62792,4.297602772487649,1.1043360152011354,defined,0.2991093498405814,sensitivity_only
id:x%3A0x1.0000000000000p%2B0,383,5.292,4.63688,4.96719722751235,1.1043360152011354,defined,-0.2991093498405814,sensitivity_only
id:x%3A0x1.0000000000000p%2B0,384,5.306,4.64584,4.3155227724876495,1.1043360152011354,defined,0.2991093498405814,sensitivity_only
id:x%3A0x1.0000000000000p%2B0,385,5.32,4.6548,4.98511722751235,1.1043360152011354,defined,-0.2991093498405814,sensitivity_only
id:x%3A0x1.0000000000000p%2B0,386,5.334,4.66376,4.33344277248765,1.1043360152011354,defined,0.2991093498405814,sensitivity_only
id:x%3A0x1.0000000000000p%2B0,387,5.348,4.67272,5.00303722751235,1.1043360152011354,defined,-0.2991093498405814,sensitivity_only
id:x%3A0x1.0000000000000p%2B0,388,5.362,4.68168,4.35136277248765,1.1043360152011354,defined,0.2991093498405814,sensitivity_only
id:x%3A0x1.0000000000000p%2B0,389,5.376,4.69064,5.02095722751235,1.1043360152011354,defined,-0.2991093498405814,sensitivity_only
id:x%3A0x1.0000000000000p%2B0,390,5.39,4.6996,4.36928277248765,1.1043360152011354,defined,0.2991093498405814,sensitivity_only
id:x%3A0x1.0000000000000p%2B0,391,5.404,4.70856,5.038877227512351,1.1043360152011354,defined,-0.2991093498405814,sensitivity_only
id:x%3A0x1.0000000000000p%2B0,392,5.418,4.71752,4.38720277248765,1.1043360152011354,defined,0.2991093498405814,sensitivity_only
id:x%3A0x1.0000000000000p%2B0,393,5.432,4.7264800000000005,5.056797227512351,1.1043360152011354,defined,-0.2991093498405814,sensitivity_only
id:x%3A0x1.0000000000000p%2B0,394,5.446,4.7354400000000005,4.40512277248765,1.1043360152011354,defined,0.2991093498405814,sensitivity_only
id:x%3A0x1.0000000000000p%2B0,395,5.46,4.744400000000001,5.074717227512351,1.1043360152011354,defined,-0.2991093498405814,sensitivity_only
id:x%3A0x1.0000000000000p%2B0,396,5.474,4.753360000000001,4.42304277248765,1.1043360152011354,defined,0.2991093498405814,sensitivity_only
id:x%3A0x1.0000000000000p%2B0,397,5.488,4.762320000000001,5.092637227512351,1.1043360152011354,defined,-0.2991093498405814,sensitivity_only
id:x%3A0x1.0000000000000p%2B0,398,5.502,4.77128,4.44096277248765,1.104336015201135,defined,0.2991093498405814,sensitivity_only
id:x%3A0x1.0000000000000p%2B0,399,5.516,4.78024,5.11055722751235,1.104336015201135,defined,-0.2991093498405814,sensitivity_only
id:x%3A0x1.0000000000000p%2B0,400,5.53,4.7892,4.45888277248765,1.104336015201135,defined,0.2991093498405814,sensitivity_only
id:x%3A0x1.0000000000000p%2B0,401,5.544,4.798159999999999,5.12847722751235,1.104336015201135,defined,-0.2991093498405814,sensitivity_only
id:x%3A0x1.0000000000000p%2B0,402,5.558,4.807119999999999,4.476802772487649,1.104336015201135,defined,0.2991093498405814,sensitivity_only
id:x%3A0x1.0000000000000p%2B0,403,5.572,4.8160799999999995,5.14639722751235,1.104336015201135,defined,-0.2991093498405814,sensitivity_only
id:x%3A0x1.0000000000000p%2B0,404,5.586,4.82504,4.49472277248765,1.104336015201135,defined,0.2991093498405814,sensitivity_only
id:x%3A0x1.0000000000000p%2B0,405,5.6,4.834,5.16431722751235,1.104336015201135,defined,-0.2991093498405814,sensitivity_only
id:x%3A0x1.0000000000000p%2B0,406,5.614,4.84296,4.5126427724876494,1.104336015201135,defined,0.2991093498405814,sensitivity_only
id:x%3A0x1.0000000000000p%2B0,407,5.628,4.85192,5.18223722751235,1.104336015201135,defined,-0.2991093498405814,sensitivity_only
id:x%3A0x1.0000000000000p%2B0,408,5.642,4.86088,4.53056277248765,1.104336015201135,defined,0.2991093498405814,sensitivity_only
id:x%3A0x1.0000000000000p%2B0,409,5.656,4.86984,5.20015722751235,1.104336015201135,defined,-0.2991093498405814,sensitivity_only
id:x%3A0x1.0000000000000p%2B0,410,5.67,4.8788,4.54848277248765,1.104336015201135,defined,0.2991093498405814,sensitivity_only
id:x%3A0x1.0000000000000p%2B0,411,5.684,4.88776,5.21807722751235,1.104336015201135,defined,-0.2991093498405814,sensitivity_only
id:x%3A0x1.0000000000000p%2B0,412,5.698,4.89672,4.56640277248765,1.104336015201135,defined,0.2991093498405814,sensitivity_only
id:x%3A0x1.0000000000000p%2B0,413,5.712,4.90568,5.2359972275123505,1.104336015201135,defined,-0.2991093498405814,sensitivity_only
id:x%3A0x1.0000000000000p%2B0,414,5.726,4.91464,4.58432277248765,1.104336015201135,defined,0.2991093498405814,sensitivity_only
id:x%3A0x1.0000000000000p%2B0,415,5.74,4.9236,5.253917227512351,1.104336015201135,defined,-0.2991093498405814,sensitivity_only
id:x%3A0x1.0000000000000p%2B0,416,5.754,4.93256,4.602242772487649,1.104336015201135,defined,0.2991093498405814,sensitivity_only
id:x%3A0x1.0000000000000p%2B0,417,5.768,4.941520000000001,5.271837227512351,1.104336015201135,defined,-0.2991093498405814,sensitivity_only
id:x%3A0x1.0000000000000p%2B0,418,5.782,4.950480000000001,4.62016277248765,1.104336015201135,defined,0.2991093498405814,sensitivity_only
id:x%3A0x1.0000000000000p%2B0,419,5.796,4.959440000000001,5.289757227512351,1.104336015201135,defined,-0.2991093498405814,sensitivity_only
id:x%3A0x1.0000000000000p%2B0,420,5.81,4.9684,4.63808277248765,1.104336015201135,defined,0.2991093498405814,sensitivity_only
id:x%3A0x1.0000000000000p%2B0,421,5.824,4.97736,5.30767722751235,1.104336015201135,defined,-0.2991093498405814,sensitivity_only
id:x%3A0x1.0000000000000p%2B0,422,5.838,4.98632,4.65600277248765,1.104336015201135,defined,0.2991093498405814,sensitivity_only
id:x%3A0x1.0000000000000p%2B0,423,5.852,4.99528,5.32559722751235,1.104336015201135,defined,-0.2991093498405814,sensitivity_only
id:x%3A0x1.0000000000000p%2B0,424,5.866,5.004239999999999,4.673922772487649,1.104336015201135,defined,0.2991093498405814,sensitivity_only
id:x%3A0x1.0000000000000p%2B0,425,5.88,5.013199999999999,5.34351722751235,1.104336015201135,defined,-0.2991093498405814,sensitivity_only
id:x%3A0x1.0000000000000p%2B0,426,5.894,5.0221599999999995,4.691842772487649,1.104336015201135,defined,0.2991093498405814,sensitivity_only
id:x%3A0x1.0000000000000p%2B0,427,5.908,5.0311200000000005,5.361437227512351,1.104336015201135,defined,-0.2991093498405814,sensitivity_only
id:x%3A0x1.0000000000000p%2B0,428,5.922,5.04008,4.709762772487649,1.104336015201135,defined,0.2991093498405814,sensitivity_only
id:x%3A0x1.0000000000000p%2B0,429,5.936,5.04904,5.37935722751235,1.104336015201135,defined,-0.2991093498405814,sensitivity_only
id:x%3A0x1.0000000000000p%2B0,430,5.95,5.058,4.72768277248765,1.104336015201135,defined,0.2991093498405814,sensitivity_only
id:x%3A0x1.0000000000000p%2B0,431,5.964,5.06696,5.39727722751235,1.104336015201135,defined,-0.2991093498405814,sensitivity_only
id:x%3A0x1.0000000000000p%2B0,432,5.978,5.07592,4.74560277248765,1.104336015201135,defined,0.2991093498405814,sensitivity_only
id:x%3A0x1.0000000000000p%2B0,433,5.992,5.08488,5.41519722751235,1.104336015201135,defined,-0.2991093498405814,sensitivity_only
id:x%3A0x1.0000000000000p%2B0,434,6.0,5.09,4.75968277248765,1.104336015201135,defined,0.2991093498405814,sensitivity_only
id:x%3A0x1.0000000000000p%2B0,435,6.006,5.09384,5.42415722751235,1.104336015201135,defined,-0.2991093498405814,sensitivity_only
id:x%3A0x1.0000000000000p%2B0,436,6.02,5.1028,4.77248277248765,1.104336015201135,defined,0.2991093498405814,sensitivity_only
id:x%3A0x1.0000000000000p%2B0,437,6.034,5.11176,5.442077227512351,1.104336015201135,defined,-0.2991093498405814,sensitivity_only
id:x%3A0x1.0000000000000p%2B0,438,6.048,5.12072,4.79040277248765,1.104336015201135,defined,0.2991093498405814,sensitivity_only
id:x%3A0x1.0000000000000p%2B0,439,6.062,5.1296800000000005,5.459997227512351,1.104336015201135,defined,-0.2991093498405814,sensitivity_only
id:x%3A0x1.0000000000000p%2B0,440,6.076,5.13864,4.808322772487649,1.104336015201135,defined,0.2991093498405814,sensitivity_only
id:x%3A0x1.0000000000000p%2B0,441,6.09,5.147600000000001,5.477917227512351,1.104336015201135,defined,-0.2991093498405814,sensitivity_only
id:x%3A0x1.0000000000000p%2B0,442,6.104,5.156560000000001,4.82624277248765,1.104336015201135,defined,0.2991093498405814,sensitivity_only
id:x%3A0x1.0000000000000p%2B0,443,6.118,5.165520000000001,5.495837227512351,1.104336015201135,defined,-0.2991093498405814,sensitivity_only
id:x%3A0x1.0000000000000p%2B0,444,6.132,5.17448,4.84416277248765,1.104336015201135,defined,0.2991093498405814,sensitivity_only
id:x%3A0x1.0000000000000p%2B0,445,6.146,5.18344,5.51375722751235,1.104336015201135,defined,-0.2991093498405814,sensitivity_only
id:x%3A0x1.0000000000000p%2B0,446,6.16,5.1924,4.86208277248765,1.104336015201135,defined,0.2991093498405814,sensitivity_only
id:x%3A0x1.0000000000000p%2B0,447,6.174,5.20136,5.5316772275123505,1.104336015201135,defined,-0.2991093498405814,sensitivity_only
id:x%3A0x1.0000000000000p%2B0,448,6.188,5.210319999999999,4.880002772487649,1.104336015201135,defined,0.2991093498405814,sensitivity_only
id:x%3A0x1.0000000000000p%2B0,449,6.202,5.2192799999999995,5.54959722751235,1.104336015201135,defined,-0.2991093498405814,sensitivity_only
id:x%3A0x1.0000000000000p%2B0,450,6.216,5.2282399999999996,4.897922772487649,1.104336015201135,defined,0.2991093498405814,sensitivity_only
id:x%3A0x1.0000000000000p%2B0,451,6.23,5.2372000000000005,5.567517227512351,1.104336015201135,defined,-0.2991093498405814,sensitivity_only
id:x%3A0x1.0000000000000p%2B0,452,6.244,5.24616,4.9158427724876494,1.104336015201135,defined,0.2991093498405814,sensitivity_only
id:x%3A0x1.0000000000000p%2B0,453,6.258,5.25512,5.58543722751235,1.104336015201135,defined,-0.2991093498405814,sensitivity_only
id:x%3A0x1.0000000000000p%2B0,454,6.272,5.26408,4.93376277248765,1.104336015201135,defined,0.2991093498405814,sensitivity_only
id:x%3A0x1.0000000000000p%2B0,455,6.286,5.27304,5.60335722751235,1.104336015201135,defined,-0.2991093498405814,sensitivity_only
id:x%3A0x1.0000000000000p%2B0,456,6.3,5.282,4.95168277248765,1.104336015201135,defined,0.2991093498405814,sensitivity_only
id:x%3A0x1.0000000000000p%2B0,457,6.314,5.29096,5.62127722751235,1.104336015201135,defined,-0.2991093498405814,sensitivity_only
id:x%3A0x1.0000000000000p%2B0,458,6.328,5.29992,4.96960277248765,1.104336015201135,defined,0.2991093498405814,sensitivity_only
id:x%3A0x1.0000000000000p%2B0,459,6.342,5.30888,5.6391972275123505,1.104336015201135,defined,-0.2991093498405814,sensitivity_only
id:x%3A0x1.0000000000000p%2B0,460,6.356,5.31784,4.98752277248765,1.104336015201135,defined,0.2991093498405814,sensitivity_only
id:x%3A0x1.0000000000000p%2B0,461,6.37,5.3268,5.657117227512351,1.104336015201135,defined,-0.2991093498405814,sensitivity_only
id:x%3A0x1.0000000000000p%2B0,462,6.384,5.3357600000000005,5.00544277248765,1.104336015201135,defined,0.2991093498405814,sensitivity_only
id:x%3A0x1.0000000000000p%2B0,463,6.398,5.34472,5.67503722751235,1.104336015201135,defined,-0.2991093498405814,sensitivity_only
id:x%3A0x1.0000000000000p%2B0,464,6.412,5.35368,5.0233627724876495,1.104336015201135,defined,0.2991093498405814,sensitivity_only
id:x%3A0x1.0000000000000p%2B0,465,6.426,5.36264,5.69295722751235,1.104336015201135,defined,-0.2991093498405814,sensitivity_only
id:x%3A0x1.0000000000000p%2B0,466,6.44,5.3716,5.04128277248765,1.104336015201135,defined,0.2991093498405814,sensitivity_only
id:x%3A0x1.0000000000000p%2B0,467,6.454,5.38056,5.71087722751235,1.104336015201135,defined,-0.2991093498405814,sensitivity_only
id:x%3A0x1.0000000000000p%2B0,468,6.468,5.38952,5.05920277248765,1.104336015201135,defined,0.2991093498405814,sensitivity_only
id:x%3A0x1.0000000000000p%2B0,469,6.482,5.39848,5.72879722751235,1.104336015201135,defined,-0.2991093498405814,sensitivity_only
id:x%3A0x1.0000000000000p%2B0,470,6.496,5.40744,5.07712277248765,1.104336015201135,defined,0.2991093498405814,sensitivity_only
id:x%3A0x1.0000000000000p%2B0,471,6.51,5.4164,5.720620736594166,1.0170886893248545,defined,-0.2991093498405814,sensitivity_only
id:x%3A0x1.0000000000000p%2B0,472,6.524,5.42536,5.121139263405834,1.0170886893248545,defined,0.2991093498405814,sensitivity_only
id:x%3A0x1.0000000000000p%2B0,473,6.538,5.4343200000000005,5.7385407365941665,1.0170886893248545,defined,-0.2991093498405814,sensitivity_only
id:x%3A0x1.0000000000000p%2B0,474,6.552,5.44328,5.139059263405834,1.0170886893248545,defined,0.2991093498405814,sensitivity_only
id:x%3A0x1.0000000000000p%2B0,475,6.566,5.45224,5.756460736594166,1.0170886893248545,defined,-0.2991093498405814,sensitivity_only
id:x%3A0x1.0000000000000p%2B0,476,6.58,5.4612,5.156979263405834,1.0170886893248545,defined,0.2991093498405814,sensitivity_only
id:x%3A0x1.0000000000000p%2B0,477,6.594,5.47016,5.774380736594166,1.0170886893248545,defined,-0.2991093498405814,sensitivity_only
id:x%3A0x1.0000000000000p%2B0,478,6.608,5.47912,5.174899263405834,1.0170886893248545,defined,0.2991093498405814,sensitivity_only
id:x%3A0x1.0000000000000p%2B0,479,6.622,5.48808,5.792300736594166,1.0170886893248545,defined,-0.2991093498405814,sensitivity_only
id:x%3A0x1.0000000000000p%2B0,480,6.636,5.49704,5.192819263405834,1.0170886893248545,defined,0.2991093498405814,sensitivity_only
id:x%3A0x1.0000000000000p%2B0,481,6.65,5.506,5.810220736594166,1.0170886893248545,defined,-0.2991093498405814,sensitivity_only
id:x%3A0x1.0000000000000p%2B0,482,6.664,5.51496,5.210739263405834,1.0170886893248545,defined,0.2991093498405814,sensitivity_only
id:x%3A0x1.0000000000000p%2B0,483,6.678,5.52392,5.828140736594166,1.0170886893248545,defined,-0.2991093498405814,sensitivity_only
id:x%3A0x1.0000000000000p%2B0,484,6.692,5.5328800000000005,5.228659263405834,1.0170886893248545,defined,0.2991093498405814,sensitivity_only
id:x%3A0x1.0000000000000p%2B0,485,6.706,5.5418400000000005,5.846060736594167,1.0170886893248545,defined,-0.2991093498405814,sensitivity_only
id:x%3A0x1.0000000000000p%2B0,486,6.72,5.5508,5.246579263405834,1.0170886893248545,defined,0.2991093498405814,sensitivity_only
id:x%3A0x1.0000000000000p%2B0,487,6.734,5.55976,5.863980736594166,1.0170886893248545,defined,-0.2991093498405814,sensitivity_only
id:x%3A0x1.0000000000000p%2B0,488,6.748,5.56872,5.264499263405834,1.0170886893248545,defined,0.2991093498405814,sensitivity_only
id:x%3A0x1.0000000000000p%2B0,489,6.762,5.57768,5.881900736594166,1.0170886893248545,defined,-0.2991093498405814,sensitivity_only
id:x%3A0x1.0000000000000p%2B0,490,6.776,5.58664,5.282419263405834,1.0170886893248545,defined,0.2991093498405814,sensitivity_only
id:x%3A0x1.0000000000000p%2B0,491,6.79,5.5956,5.899820736594166,1.0170886893248545,defined,-0.2991093498405814,sensitivity_only
id:x%3A0x1.0000000000000p%2B0,492,6.804,5.60456,5.300339263405834,1.0170886893248545,defined,0.2991093498405814,sensitivity_only
id:x%3A0x1.0000000000000p%2B0,493,6.818,5.61352,5.917740736594166,1.0170886893248545,defined,-0.2991093498405814,sensitivity_only
id:x%3A0x1.0000000000000p%2B0,494,6.832,5.62248,5.318259263405834,1.0170886893248545,defined,0.2991093498405814,sensitivity_only
id:x%3A0x1.0000000000000p%2B0,495,6.846,5.6314400000000004,5.9356607365941665,1.0170886893248545,defined,-0.2991093498405814,sensitivity_only
id:x%3A0x1.0000000000000p%2B0,496,6.86,5.6404000000000005,5.3361792634058345,1.0170886893248545,defined,0.2991093498405814,sensitivity_only
id:x%3A0x1.0000000000000p%2B0,497,6.874,5.64936,5.953580736594166,1.0170886893248545,defined,-0.2991093498405814,sensitivity_only
id:x%3A0x1.0000000000000p%2B0,498,6.888,5.65832,5.354099263405834,1.0170886893248545,defined,0.2991093498405814,sensitivity_only
id:x%3A0x1.0000000000000p%2B0,499,6.902,5.66728,5.971500736594166,1.0170886893248545,defined,-0.2991093498405814,sensitivity_only
id:x%3A0x1.0000000000000p%2B0,500,6.916,5.67624,5.372019263405834,1.0170886893248545,defined,0.2991093498405814,sensitivity_only
id:x%3A0x1.0000000000000p%2B0,501,6.93,5.6852,5.989420736594166,1.0170886893248545,defined,-0.2991093498405814,sensitivity_only
id:x%3A0x1.0000000000000p%2B0,502,6.944,5.69416,5.389939263405834,1.0170886893248545,defined,0.2991093498405814,sensitivity_only
id:x%3A0x1.0000000000000p%2B0,503,6.958,5.70312,6.007340736594166,1.0170886893248545,defined,-0.2991093498405814,sensitivity_only
id:x%3A0x1.0000000000000p%2B0,504,6.972,5.71208,5.407859263405834,1.0170886893248545,defined,0.2991093498405814,sensitivity_only
id:x%3A0x1.0000000000000p%2B0,505,6.986,5.72104,6.025260736594166,1.0170886893248545,defined,-0.2991093498405814,sensitivity_only
id:x%3A0x1.0000000000000p%2B0,506,7.0,5.73,5.425779263405834,1.0170886893248545,defined,0.2991093498405814,sensitivity_only
id:x%3A0x1.0000000000000p%2B1,0,0.0,1.25,1.1521873815107566,1.104336015201135,defined,0.08857142857142858,sensitivity_only
id:x%3A0x1.0000000000000p%2B1,1,0.014,1.25896,1.3077211145375374,1.104336015201135,defined,-0.04415423735741917,sensitivity_only
id:x%3A0x1.0000000000000p%2B1,2,0.028,1.26792,1.2191588854624626,1.104336015201135,defined,0.04415423735741917,sensitivity_only
id:x%3A0x1.0000000000000p%2B1,3,0.042,1.27688,1.3256411145375373,1.104336015201135,defined,-0.04415423735741917,sensitivity_only
id:x%3A0x1.0000000000000p%2B1,4,0.056,1.28584,1.2370788854624628,1.104336015201135,defined,0.04415423735741917,sensitivity_only
id:x%3A0x1.0000000000000p%2B1,5,0.07,1.2948,1.3435611145375372,1.104336015201135,defined,-0.04415423735741917,sensitivity_only
id:x%3A0x1.0000000000000p%2B1,6,0.084,1.30376,1.2549988854624627,1.104336015201135,defined,0.04415423735741917,sensitivity_only
id:x%3A0x1.0000000000000p%2B1,7,0.098,1.31272,1.3614811145375374,1.104336015201135,defined,-0.04415423735741917,sensitivity_only
id:x%3A0x1.0000000000000p%2B1,8,0.112,1.32168,1.2729188854624627,1.104336015201135,defined,0.04415423735741917,sensitivity_only
id:x%3A0x1.0000000000000p%2B1,9,0.126,1.33064,1.3794011145375373,1.104336015201135,defined,-0.04415423735741917,sensitivity_only
id:x%3A0x1.0000000000000p%2B1,10,0.14,1.3396,1.2908388854624626,1.104336015201135,defined,0.04415423735741917,sensitivity_only
id:x%3A0x1.0000000000000p%2B1,11,0.154,1.34856,1.3973211145375373,1.104336015201135,defined,-0.04415423735741917,sensitivity_only
id:x%3A0x1.0000000000000p%2B1,12,0.168,1.35752,1.3087588854624628,1.104336015201135,defined,0.04415423735741917,sensitivity_only
id:x%3A0x1.0000000000000p%2B1,13,0.182,1.36648,1.4152411145375372,1.104336015201135,defined,-0.04415423735741917,sensitivity_only
id:x%3A0x1.0000000000000p%2B1,14,0.196,1.37544,1.3266788854624627,1.104336015201135,defined,0.04415423735741917,sensitivity_only
id:x%3A0x1.0000000000000p%2B1,15,0.21,1.3844,1.4331611145375374,1.104336015201135,defined,-0.04415423735741917,sensitivity_only
id:x%3A0x1.0000000000000p%2B1,16,0.224,1.39336,1.3445988854624626,1.104336015201135,defined,0.04415423735741917,sensitivity_only
id:x%3A0x1.0000000000000p%2B1,17,0.238,1.40232,1.4510811145375373,1.104336015201135,defined,-0.04415423735741917,sensitivity_only
id:x%3A0x1.0000000000000p%2B1,18,0.252,1.41128,1.3625188854624628,1.104336015201135,defined,0.04415423735741917,sensitivity_only
id:x%3A0x1.0000000000000p%2B1,19,0.266,1.42024,1.4690011145375372,1.104336015201135,defined,-0.04415423735741917,sensitivity_only
id:x%3A0x1.0000000000000p%2B1,20,0.28,1.4292,1.3804388854624627,1.104336015201135,defined,0.04415423735741917,sensitivity_only
id:x%3A0x1.0000000000000p%2B1,21,0.294,1.4381599999999999,1.4869211145375372,1.104336015201135,defined,-0.04415423735741917,sensitivity_only
id:x%3A0x1.0000000000000p%2B1,22,0.308,1.44712,1.3983588854624627,1.104336015201135,defined,0.04415423735741917,sensitivity_only
id:x%3A0x1.0000000000000p%2B1,23,0.322,1.45608,1.5048411145375373,1.104336015201135,defined,-0.04415423735741917,sensitivity_only
id:x%3A0x1.0000000000000p%2B1,24,0.336,1.4650400000000001,1.4162788854624628,1.104336015201135,defined,0.04415423735741917,sensitivity_only
id:x%3A0x1.0000000000000p%2B1,25,0.35,1.474,1.5227611145375373,1.104336015201135,defined,-0.04415423735741917,sensitivity_only
id:x%3A0x1.0000000000000p%2B1,26,0.364,1.48296,1.4341988854624628,1.104336015201135,defined,0.04415423735741917,sensitivity_only
id:x%3A0x1.0000000000000p%2B1,27,0.378,1.49192,1.5406811145375372,1.104336015201135,defined,-0.04415423735741917,sensitivity_only
id:x%3A0x1.0000000000000p%2B1,28,0.392,1.50088,1.4521188854624627,1.104336015201135,defined,0.04415423735741917,sensitivity_only
id:x%3A0x1.0000000000000p%2B1,29,0.406,1.50984,1.5586011145375374,1.104336015201135,defined,-0.04415423735741917,sensitivity_only
id:x%3A0x1.0000000000000p%2B1,30,0.42,1.5188,1.4700388854624626,1.104336015201135,defined,0.04415423735741917,sensitivity_only
id:x%3A0x1.0000000000000p%2B1,31,0.434,1.52776,1.5765211145375373,1.104336015201135,defined,-0.04415423735741917,sensitivity_only
id:x%3A0x1.0000000000000p%2B1,32,0.448,1.53672,1.4879588854624628,1.104336015201135,defined,0.04415423735741917,sensitivity_only
id:x%3A0x1.0000000000000p%2B1,33,0.462,1.54568,1.5944411145375372,1.104336015201135,defined,-0.04415423735741917,sensitivity_only
id:x%3A0x1.0000000000000p%2B1,34,0.476,1.55464,1.5058788854624627,1.104336015201135,defined,0.04415423735741917,sensitivity_only
id:x%3A0x1.0000000000000p%2B1,35,0.49,1.5636,1.6123611145375374,1.104336015201135,defined,-0.04415423735741917,sensitivity_only
id:x%3A0x1.0000000000000p%2B1,36,0.504,1.57256,1.5295510082812847,0.9740626108105254,defined,0.04415423735741917,sensitivity_only
id:x%3A0x1.0000000000000p%2B1,37,0.518,1.58152,1.6245289917187153,0.9740626108105254,defined,-0.04415423735741917,sensitivity_only
id:x%3A0x1.0000000000000p%2B1,38,0.532,1.59048,1.5474710082812846,0.9740626108105254,defined,0.04415423735741917,sensitivity_only
id:x%3A0x1.0000000000000p%2B1,39,0.546,1.59944,1.6424489917187153,0.9740626108105254,defined,-0.04415423735741917,sensitivity_only
id:x%3A0x1.0000000000000p%2B1,40,0.56,1.6084,1.5653910082812847,0.9740626108105254,defined,0.04415423735741917,sensitivity_only
id:x%3A0x1.0000000000000p%2B1,41,0.574,1.61736,1.6603689917187152,0.9740626108105254,defined,-0.04415423735741917,sensitivity_only
id:x%3A0x1.0000000000000p%2B1,42,0.588,1.62632,1.5833110082812847,0.9740626108105254,defined,0.04415423735741917,sensitivity_only
id:x%3A0x1.0000000000000p%2B1,43,0.602,1.63528,1.6782889917187154,0.9740626108105254,defined,-0.04415423735741917,sensitivity_only
id:x%3A0x1.0000000000000p%2B1,44,0.616,1.64424,1.6012310082812846,0.9740626108105254,defined,0.04415423735741917,sensitivity_only
id:x%3A0x1.0000000000000p%2B1,45,0.63,1.6532,1.6962089917187153,0.9740626108105254,defined,-0.04415423735741917,sensitivity_only
id:x%3A0x1.0000000000000p%2B1,46,0.644,1.66216,1.6191510082812848,0.9740626108105254,defined,0.04415423735741917,sensitivity_only
id:x%3A0x1.0000000000000p%2B1,47,0.658,1.6711200000000002,1.7141289917187155,0.9740626108105254,defined,-0.04415423735741917,sensitivity_only
id:x%3A0x1.0000000000000p%2B1,48,0.672,1.68008,1.6370710082812847,0.9740626108105254,defined,0.04415423735741917,sensitivity_only
id:x%3A0x1.0000000000000p%2B1,49,0.686,1.68904,1.7320489917187154,0.9740626108105254,defined,-0.04415423735741917,sensitivity_only
id:x%3A0x1.0000000000000p%2B1,50,0.7,1.698,1.6549910082812846,0.9740626108105254,defined,0.04415423735741917,sensitivity_only
id:x%3A0x1.0000000000000p%2B1,51,0.714,1.70696,1.7499689917187153,0.9740626108105254,defined,-0.04415423735741917,sensitivity_only
id:x%3A0x1.0000000000000p%2B1,52,0.728,1.7159200000000001,1.6729110082812848,0.9740626108105254,defined,0.04415423735741917,sensitivity_only
id:x%3A0x1.0000000000000p%2B1,53,0.742,1.72488,1.7678889917187153,0.9740626108105254,defined,-0.04415423735741917,sensitivity_only
id:x%3A0x1.0000000000000p%2B1,54,0.756,1.73384,1.6908310082812847,0.9740626108105254,defined,0.04415423735741917,sensitivity_only
id:x%3A0x1.0000000000000p%2B1,55,0.77,1.7428,1.7858089917187152,0.9740626108105254,defined,-0.04415423735741917,sensitivity_only
id:x%3A0x1.0000000000000p%2B1,56,0.784,1.75176,1.7087510082812847,0.9740626108105254,defined,0.04415423735741917,sensitivity_only
id:x%3A0x1.0000000000000p%2B1,57,0.798,1.76072,1.8037289917187154,0.9740626108105254,defined,-0.04415423735741917,sensitivity_only
id:x%3A0x1.0000000000000p%2B1,58,0.812,1.7696800000000001,1.7266710082812848,0.9740626108105254,defined,0.04415423735741917,sensitivity_only
id:x%3A0x1.0000000000000p%2B1,59,0.826,1.77864,1.8216489917187153,0.9740626108105254,defined,-0.04415423735741917,sensitivity_only
id:x%3A0x1.0000000000000p%2B1,60,0.84,1.7875999999999999,1.7445910082812845,0.9740626108105254,defined,0.04415423735741917,sensitivity_only
id:x%3A0x1.0000000000000p%2B1,61,0.854,1.79656,1.8395689917187152,0.9740626108105254,defined,-0.04415423735741917,sensitivity_only
id:x%3A0x1.0000000000000p%2B1,62,0.868,1.80552,1.7625110082812847,0.9740626108105254,defined,0.04415423735741917,sensitivity_only
id:x%3A0x1.0000000000000p%2B1,63,0.882,1.81448,1.8574889917187154,0.9740626108105254,defined,-0.04415423735741917,sensitivity_only
id:x%3A0x1.0000000000000p%2B1,64,0.896,1.8234400000000002,1.7804310082812849,0.9740626108105254,defined,0.04415423735741917,sensitivity_only
id:x%3A0x1.0000000000000p%2B1,65,0.91,1.8324,1.8754089917187153,0.9740626108105254,defined,-0.04415423735741917,sensitivity_only
id:x%3A0x1.0000000000000p%2B1,66,0.924,1.8413599999999999,1.7983510082812846,0.9740626108105254,defined,0.04415423735741917,sensitivity_only
id:x%3A0x1.0000000000000p%2B1,67,0.938,1.85032,1.8933289917187153,0.9740626108105254,defined,-0.04415423735741917,sensitivity_only
id:x%3A0x1.0000000000000p%2B1,68,0.952,1.85928,1.8162710082812847,0.9740626108105254,defined,0.04415423735741917,sensitivity_only
id:x%3A0x1.0000000000000p%2B1,69,0.966,1.8682400000000001,1.9112489917187154,0.9740626108105254,defined,-0.04415423735741917,sensitivity_only
id:x%3A0x1.0000000000000p%2B1,70,0.98,1.8772,1.8341910082812847,0.9740626108105254,defined,0.04415423735741917,sensitivity_only
id:x%3A0x1.0000000000000p%2B1,71,0.994,1.88616,1.9291689917187154,0.9740626108105254,defined,-0.04415423735741917,sensitivity_only
id:x%3A0x1.0000000000000p%2B1,72,1.0,1.8900000000000001,1.8469910082812848,0.9740626108105254,defined,0.04415423735741917,sensitivity_only
id:x%3A0x1.0000000000000p%2B1,73,1.008,1.89512,1.9381289917187152,0.9740626108105254,defined,-0.04415423735741917,sensitivity_only
id:x%3A0x1.0000000000000p%2B1,74,1.022,1.90408,1.8610710082812847,0.9740626108105254,defined,0.04415423735741917,sensitivity_only
id:x%3A0x1.0000000000000p%2B1,75,1.036,1.91304,1.9560489917187154,0.9740626108105254,defined,-0.04415423735741917,sensitivity_only
id:x%3A0x1.0000000000000p%2B1,76,1.05,1.9220000000000002,1.8789910082812848,0.9740626108105254,defined,0.04415423735741917,sensitivity_only
id:x%3A0x1.0000000000000p%2B1,77,1.064,1.93096,1.9739689917187153,0.9740626108105254,defined,-0.04415423735741917,sensitivity_only
id:x%3A0x1.0000000000000p%2B1,78,1.078,1.93992,1.8969110082812848,0.9740626108105254,defined,0.04415423735741917,sensitivity_only
id:x%3A0x1.0000000000000p%2B1,79,1.092,1.94888,1.9918889917187153,0.9740626108105254,defined,-0.04415423735741917,sensitivity_only
id:x%3A0x1.0000000000000p%2B1,80,1.106,1.95784,1.9148310082812847,0.9740626108105254,defined,0.04415423735741917,sensitivity_only
id:x%3A0x1.0000000000000p%2B1,81,1.12,1.9668,2.0098089917187156,0.9740626108105254,defined,-0.04415423735741917,sensitivity_only
id:x%3A0x1.0000000000000p%2B1,82,1.134,1.97576,1.9327510082812847,0.9740626108105254,defined,0.04415423735741917,sensitivity_only
id:x%3A0x1.0000000000000p%2B1,83,1.148,1.9847199999999998,2.0277289917187153,0.9740626108105254,defined,-0.04415423735741917,sensitivity_only
id:x%3A0x1.0000000000000p%2B1,84,1.162,1.99368,1.9506710082812846,0.9740626108105254,defined,0.04415423735741917,sensitivity_only
id:x%3A0x1.0000000000000p%2B1,85,1.176,2.00264,2.0456489917187155,0.9740626108105254,defined,-0.04415423735741917,sensitivity_only
id:x%3A0x1.0000000000000p%2B1,86,1.19,2.0116,1.9685910082812847,0.9740626108105254,defined,0.04415423735741917,sensitivity_only
id:x%3A0x1.0000000000000p%2B1,87,1.204,2.02056,2.0635689917187157,0.9740626108105254,defined,-0.04415423735741917,sensitivity_only
id:x%3A0x1.0000000000000p%2B1,88,1.218,2.0295199999999998,1.9865110082812845,0.9740626108105254,defined,0.04415423735741917,sensitivity_only
id:x%3A0x1.0000000000000p%2B1,89,1.232,2.03848,2.0814889917187154,0.9740626108105254,defined,-0.04415423735741917,sensitivity_only
id:x%3A0x1.0000000000000p%2B1,90,1.246,2.04744,2.0044310082812844,0.9740626108105254,defined,0.04415423735741917,sensitivity_only
id:x%3A0x1.0000000000000p%2B1,91,1.26,2.0564,2.0994089917187155,0.9740626108105254,defined,-0.04415423735741917,sensitivity_only
id:x%3A0x1.0000000000000p%2B1,92,1.274,2.06536,2.0223510082812846,0.9740626108105254,defined,0.04415423735741917,sensitivity_only
id:x%3A0x1.0000000000000p%2B1,93,1.288,2.07432,2.1173289917187157,0.9740626108105254,defined,-0.04415423735741917,sensitivity_only
id:x%3A0x1.0000000000000p%2B1,94,1.302,2.0832800000000002,2.0402710082812847,0.9740626108105254,defined,0.04415423735741917,sensitivity_only
id:x%3A0x1.0000000000000p%2B1,95,1.316,2.0922400000000003,2.135248991718716,0.9740626108105254,defined,-0.04415423735741917,sensitivity_only
id:x%3A0x1.0000000000000p%2B1,96,1.33,2.1012,2.0581910082812844,0.9740626108105254,defined,0.04415423735741917,sensitivity_only
id:x%3A0x1.0000000000000p%2B1,97,1.344,2.11016,2.1531689917187156,0.9740626108105254,defined,-0.04415423735741917,sensitivity_only
id:x%3A0x1.0000000000000p%2B1,98,1.358,2.11912,2.0761110082812846,0.9740626108105254,defined,0.04415423735741917,sensitivity_only
id:x%3A0x1.0000000000000p%2B1,99,1.372,2.12808,2.1710889917187157,0.9740626108105254,defined,-0.04415423735741917,sensitivity_only
id:x%3A0x1.0000000000000p%2B1,100,1.386,2.13704,2.0940310082812843,0.9740626108105254,defined,0.04415423735741917,sensitivity_only
id:x%3A0x1.0000000000000p%2B1,101,1.4,2.146,2.1890089917187154,0.9740626108105254,defined,-0.04415423735741917,sensitivity_only
id:x%3A0x1.0000000000000p%2B1,102,1.414,2.15496,2.1119510082812845,0.9740626108105254,defined,0.04415423735741917,sensitivity_only
id:x%3A0x1.0000000000000p%2B1,103,1.428,2.16392,2.2069289917187156,0.9740626108105254,defined,-0.04415423735741917,sensitivity_only
id:x%3A0x1.0000000000000p%2B1,104,1.442,2.17288,2.1298710082812846,0.9740626108105254,defined,0.04415423735741917,sensitivity_only
id:x%3A0x1.0000000000000p%2B1,105,1.456,2.1818400000000002,2.2248489917187158,0.9740626108105254,defined,-0.04415423735741917,sensitivity_only
id:x%3A0x1.0000000000000p%2B1,106,1.47,2.1908,2.1477910082812843,0.9740626108105254,defined,0.04415423735741917,sensitivity_only
id:x%3A0x1.0000000000000p%2B1,107,1.484,2.19976,2.2427689917187155,0.9740626108105254,defined,-0.04415423735741917,sensitivity_only
id:x%3A0x1.0000000000000p%2B1,108,1.498,2.20872,2.1657110082812845,0.9740626108105254,defined,0.04415423735741917,sensitivity_only
id:x%3A0x1.0000000000000p%2B1,109,1.512,2.21768,2.268077039375918,1.1413862494773641,defined,-0.04415423735741917,sensitivity_only
id:x%3A0x1.0000000000000p%2B1,110,1.526,2.22664,2.1762429606240823,1.1413862494773641,defined,0.04415423735741917,sensitivity_only
id:x%3A0x1.0000000000000p%2B1,111,1.54,2.2356,2.2859970393759177,1.1413862494773641,defined,-0.04415423735741917,sensitivity_only
id:x%3A0x1.0000000000000p%2B1,112,1.554,2.24456,2.194162960624082,1.1413862494773641,defined,0.04415423735741917,sensitivity_only
id:x%3A0x1.0000000000000p%2B1,113,1.568,2.25352,2.303917039375918,1.1413862494773641,defined,-0.04415423735741917,sensitivity_only
id:x%3A0x1.0000000000000p%2B1,114,1.582,2.26248,2.212082960624082,1.1413862494773641,defined,0.04415423735741917,sensitivity_only
id:x%3A0x1.0000000000000p%2B1,115,1.596,2.27144,2.321837039375918,1.1413862494773641,defined,-0.04415423735741917,sensitivity_only
id:x%3A0x1.0000000000000p%2B1,116,1.61,2.2804,2.2300029606240823,1.1413862494773641,defined,0.04415423735741917,sensitivity_only
id:x%3A0x1.0000000000000p%2B1,117,1.624,2.2893600000000003,2.339757039375918,1.1413862494773641,defined,-0.04415423735741917,sensitivity_only
id:x%3A0x1.0000000000000p%2B1,118,1.638,2.29832,2.247922960624082,1.1413862494773641,defined,0.04415423735741917,sensitivity_only
id:x%3A0x1.0000000000000p%2B1,119,1.652,2.30728,2.357677039375918,1.1413862494773641,defined,-0.04415423735741917,sensitivity_only
id:x%3A0x1.0000000000000p%2B1,120,1.666,2.31624,2.265842960624082,1.1413862494773641,defined,0.04415423735741917,sensitivity_only
id:x%3A0x1.0000000000000p%2B1,121,1.68,2.3251999999999997,2.3755970393759176,1.1413862494773641,defined,-0.04415423735741917,sensitivity_only
id:x%3A0x1.0000000000000p%2B1,122,1.694,2.33416,2.283762960624082,1.1413862494773641,defined,0.04415423735741917,sensitivity_only
id:x%3A0x1.0000000000000p%2B1,123,1.708,2.34312,2.3935170393759178,1.1413862494773641,defined,-0.04415423735741917,sensitivity_only
id:x%3A0x1.0000000000000p%2B1,124,1.722,2.35208,2.301682960624082,1.1413862494773641,defined,0.04415423735741917,sensitivity_only
id:x%3A0x1.0000000000000p%2B1,125,1.736,2.36104,2.411437039375918,1.1413862494773641,defined,-0.04415423735741917,sensitivity_only
id:x%3A0x1.0000000000000p%2B1,126,1.75,2.37,2.319602960624082,1.1413862494773641,defined,0.04415423735741917,sensitivity_only
id:x%3A0x1.0000000000000p%2B1,127,1.764,2.37896,2.429357039375918,1.1413862494773641,defined,-0.04415423735741917,sensitivity_only
id:x%3A0x1.0000000000000p%2B1,128,1.778,2.3879200000000003,2.3375229606240824,1.1413862494773641,defined,0.04415423735741917,sensitivity_only
id:x%3A0x1.0000000000000p%2B1,129,1.792,2.3968800000000003,2.4472770393759182,1.1413862494773641,defined,-0.04415423735741917,sensitivity_only
id:x%3A0x1.0000000000000p%2B1,130,1.806,2.40584,2.355442960624082,1.1413862494773641,defined,0.04415423735741917,sensitivity_only
id:x%3A0x1.0000000000000p%2B1,131,1.82,2.4148,2.465197039375918,1.1413862494773641,defined,-0.04415423735741917,sensitivity_only
id:x%3A0x1.0000000000000p%2B1,132,1.834,2.42376,2.3733629606240823,1.1413862494773641,defined,0.04415423735741917,sensitivity_only
id:x%3A0x1.0000000000000p%2B1,133,1.848,2.4327199999999998,2.4831170393759177,1.1413862494773641,defined,-0.04415423735741917,sensitivity_only
id:x%3A0x1.0000000000000p%2B1,134,1.862,2.44168,2.391282960624082,1.1413862494773641,defined,0.04415423735741917,sensitivity_only
id:x%3A0x1.0000000000000p%2B1,135,1.876,2.45064,2.501037039375918,1.1413862494773641,defined,-0.04415423735741917,sensitivity_only
id:x%3A0x1.0000000000000p%2B1,136,1.89,2.4596,2.409202960624082,1.1413862494773641,defined,0.04415423735741917,sensitivity_only
id:x%3A0x1.0000000000000p%2B1,137,1.904,2.46856,2.518957039375918,1.1413862494773641,defined,-0.04415423735741917,sensitivity_only
id:x%3A0x1.0000000000000p%2B1,138,1.918,2.47752,2.4271229606240823,1.1413862494773641,defined,0.04415423735741917,sensitivity_only
id:x%3A0x1.0000000000000p%2B1,139,1.932,2.4864800000000002,2.536877039375918,1.1413862494773641,defined,-0.04415423735741917,sensitivity_only
id:x%3A0x1.0000000000000p%2B1,140,1.946,2.4954400000000003,2.4450429606240824,1.1413862494773641,defined,0.04415423735741917,sensitivity_only
id:x%3A0x1.0000000000000p%2B1,141,1.96,2.5044,2.554797039375918,1.1413862494773641,defined,-0.04415423735741917,sensitivity_only
id:x%3A0x1.0000000000000p%2B1,142,1.974,2.51336,2.462962960624082,1.1413862494773641,defined,0.04415423735741917,sensitivity_only
id:x%3A0x1.0000000000000p%2B1,143,1.988,2.52232,2.572717039375918,1.1413862494773641,defined,-0.04415423735741917,sensitivity_only
id:x%3A0x1.0000000000000p%2B1,144,2.0,2.5300000000000002,2.4796029606240824,1.1413862494773641,defined,0.04415423735741917,sensitivity_only
id:x%3A0x1.0000000000000p%2B1,145,2.002,2.5312799999999998,2.5816770393759176,1.1413862494773641,defined,-0.04415423735741917,sensitivity_only
id:x%3A0x1.0000000000000p%2B1,146,2.016,2.54024,2.489842960624082,1.1413862494773641,defined,0.04415423735741917,sensitivity_only
id:x%3A0x1.0000000000000p%2B1,147,2.03,2.5492,2.599597039375918,1.1413862494773641,defined,-0.04415423735741917,sensitivity_only
id:x%3A0x1.0000000000000p%2B1,148,2.044,2.55816,2.507762960624082,1.1413862494773641,defined,0.04415423735741917,sensitivity_only
id:x%3A0x1.0000000000000p%2B1,149,2.058,2.56712,2.617517039375918,1.1413862494773641,defined,-0.04415423735741917,sensitivity_only
id:x%3A0x1.0000000000000p%2B1,150,2.072,2.57608,2.5256829606240823,1.1413862494773641,defined,0.04415423735741917,sensitivity_only
id:x%3A0x1.0000000000000p%2B1,151,2.086,2.5850400000000002,2.635437039375918,1.1413862494773641,defined,-0.04415423735741917,sensitivity_only
id:x%3A0x1.0000000000000p%2B1,152,2.1,2.5940000000000003,2.5436029606240824,1.1413862494773641,defined,0.04415423735741917,sensitivity_only
id:x%3A0x1.0000000000000p%2B1,153,2.114,2.60296,2.653357039375918,1.1413862494773641,defined,-0.04415423735741917,sensitivity_only
id:x%3A0x1.0000000000000p%2B1,154,2.128,2.61192,2.561522960624082,1.1413862494773641,defined,0.04415423735741917,sensitivity_only
id:x%3A0x1.0000000000000p%2B1,155,2.142,2.6208799999999997,2.6712770393759175,1.1413862494773641,defined,-0.04415423735741917,sensitivity_only
id:x%3A0x1.0000000000000p%2B1,156,2.156,2.62984,2.5794429606240823,1.1413862494773641,defined,0.04415423735741917,sensitivity_only
id:x%3A0x1.0000000000000p%2B1,157,2.17,2.6388,2.6891970393759177,1.1413862494773641,defined,-0.04415423735741917,sensitivity_only
id:x%3A0x1.0000000000000p%2B1,158,2.184,2.64776,2.597362960624082,1.1413862494773641,defined,0.04415423735741917,sensitivity_only
id:x%3A0x1.0000000000000p%2B1,159,2.198,2.65672,2.707117039375918,1.1413862494773641,defined,-0.04415423735741917,sensitivity_only
id:x%3A0x1.0000000000000p%2B1,160,2.212,2.66568,2.615282960624082,1.1413862494773641,defined,0.04415423735741917,sensitivity_only
id:x%3A0x1.0000000000000p%2B1,161,2.226,2.67464,2.725037039375918,1.1413862494773641,defined,-0.04415423735741917,sensitivity_only
id:x%3A0x1.0000000000000p%2B1,162,2.24,2.6836,2.6332029606240823,1.1413862494773641,defined,0.04415423735741917,sensitivity_only
id:x%3A0x1.0000000000000p%2B1,163,2.254,2.6925600000000003,2.742957039375918,1.1413862494773641,defined,-0.04415423735741917,sensitivity_only
id:x%3A0x1.0000000000000p%2B1,164,2.268,2.70152,2.651122960624082,1.1413862494773641,defined,0.04415423735741917,sensitivity_only
id:x%3A0x1.0000000000000p%2B1,165,2.282,2.71048,2.760877039375918,1.1413862494773641,defined,-0.04415423735741917,sensitivity_only
id:x%3A0x1.0000000000000p%2B1,166,2.296,2.7194399999999996,2.6690429606240818,1.1413862494773641,defined,0.04415423735741917,sensitivity_only
id:x%3A0x1.0000000000000p%2B1,167,2.31,2.7284,2.778797039375918,1.1413862494773641,defined,-0.04415423735741917,sensitivity_only
id:x%3A0x1.0000000000000p%2B1,168,2.324,2.73736,2.686962960624082,1.1413862494773641,defined,0.04415423735741917,sensitivity_only
id:x%3A0x1.0000000000000p%2B1,169,2.338,2.74632,2.7967170393759178,1.1413862494773641,defined,-0.04415423735741917,sensitivity_only
id:x%3A0x1.0000000000000p%2B1,170,2.352,2.75528,2.704882960624082,1.1413862494773641,defined,0.04415423735741917,sensitivity_only
id:x%3A0x1.0000000000000p%2B1,171,2.366,2.76424,2.814637039375918,1.1413862494773641,defined,-0.04415423735741917,sensitivity_only
id:x%3A0x1.0000000000000p%2B1,172,2.38,2.7732,2.7228029606240822,1.1413862494773641,defined,0.04415423735741917,sensitivity_only
id:x%3A0x1.0000000000000p%2B1,173,2.394,2.78216,2.832557039375918,1.1413862494773641,defined,-0.04415423735741917,sensitivity_only
id:x%3A0x1.0000000000000p%2B1,174,2.408,2.7911200000000003,2.7407229606240824,1.1413862494773641,defined,0.04415423735741917,sensitivity_only
id:x%3A0x1.0000000000000p%2B1,175,2.422,2.8000800000000003,2.8504770393759182,1.1413862494773641,defined,-0.04415423735741917,sensitivity_only
id:x%3A0x1.0000000000000p%2B1,176,2.436,2.80904,2.758642960624082,1.1413862494773641,defined,0.04415423735741917,sensitivity_only
id:x%3A0x1.0000000000000p%2B1,177,2.45,2.818,2.868397039375918,1.1413862494773641,defined,-0.04415423735741917,sensitivity_only
id:x%3A0x1.0000000000000p%2B1,178,2.464,2.8269599999999997,2.776562960624082,1.1413862494773641,defined,0.04415423735741917,sensitivity_only
id:x%3A0x1.0000000000000p%2B1,179,2.478,2.83592,2.886317039375918,1.1413862494773641,defined,-0.04415423735741917,sensitivity_only
id:x%3A0x1.0000000000000p%2B1,180,2.492,2.84488,2.794482960624082,1.1413862494773641,defined,0.04415423735741917,sensitivity_only
id:x%3A0x1.0000000000000p%2B1,181,2.506,2.85384,2.911507819718964,1.3060540317377747,defined,-0.04415423735741917,sensitivity_only
id:x%3A0x1.0000000000000p%2B1,182,2.52,2.8628,2.805132180281036,1.3060540317377747,defined,0.04415423735741917,sensitivity_only
id:x%3A0x1.0000000000000p%2B1,183,2.534,2.87176,2.9294278197189643,1.3060540317377747,defined,-0.04415423735741917,sensitivity_only
id:x%3A0x1.0000000000000p%2B1,184,2.548,2.88072,2.823052180281036,1.3060540317377747,defined,0.04415423735741917,sensitivity_only
id:x%3A0x1.0000000000000p%2B1,185,2.562,2.8896800000000002,2.9473478197189644,1.3060540317377747,defined,-0.04415423735741917,sensitivity_only
id:x%3A0x1.0000000000000p%2B1,186,2.576,2.8986400000000003,2.840972180281036,1.3060540317377747,defined,0.04415423735741917,sensitivity_only
id:x%3A0x1.0000000000000p%2B1,187,2.59,2.9076,2.965267819718964,1.3060540317377747,defined,-0.04415423735741917,sensitivity_only
id:x%3A0x1.0000000000000p%2B1,188,2.604,2.91656,2.858892180281036,1.3060540317377747,defined,0.04415423735741917,sensitivity_only
id:x%3A0x1.0000000000000p%2B1,189,2.618,2.9255199999999997,2.983187819718964,1.3060540317377747,defined,-0.04415423735741917,sensitivity_only
id:x%3A0x1.0000000000000p%2B1,190,2.632,2.93448,2.876812180281036,1.3060540317377747,defined,0.04415423735741917,sensitivity_only
id:x%3A0x1.0000000000000p%2B1,191,2.646,2.94344,3.001107819718964,1.3060540317377747,defined,-0.04415423735741917,sensitivity_only
id:x%3A0x1.0000000000000p%2B1,192,2.66,2.9524,2.8947321802810357,1.3060540317377747,defined,0.04415423735741917,sensitivity_only
id:x%3A0x1.0000000000000p%2B1,193,2.674,2.96136,3.019027819718964,1.3060540317377747,defined,-0.04415423735741917,sensitivity_only
id:x%3A0x1.0000000000000p%2B1,194,2.688,2.97032,2.912652180281036,1.3060540317377747,defined,0.04415423735741917,sensitivity_only
id:x%3A0x1.0000000000000p%2B1,195,2.702,2.97928,3.0369478197189643,1.3060540317377747,defined,-0.04415423735741917,sensitivity_only
id:x%3A0x1.0000000000000p%2B1,196,2.716,2.9882400000000002,2.930572180281036,1.3060540317377747,defined,0.04415423735741917,sensitivity_only
id:x%3A0x1.0000000000000p%2B1,197,2.73,2.9972000000000003,3.0548678197189645,1.3060540317377747,defined,-0.04415423735741917,sensitivity_only
id:x%3A0x1.0000000000000p%2B1,198,2.744,3.0061600000000004,2.948492180281036,1.3060540317377747,defined,0.04415423735741917,sensitivity_only
id:x%3A0x1.0000000000000p%2B1,199,2.758,3.01512,3.072787819718964,1.3060540317377747,defined,-0.04415423735741917,sensitivity_only
id:x%3A0x1.0000000000000p%2B1,200,2.772,3.0240799999999997,2.9664121802810355,1.3060540317377747,defined,0.04415423735741917,sensitivity_only
id:x%3A0x1.0000000000000p%2B1,201,2.786,3.0330399999999997,3.090707819718964,1.3060540317377747,defined,-0.04415423735741917,sensitivity_only
id:x%3A0x1.0000000000000p%2B1,202,2.8,3.042,2.9843321802810356,1.3060540317377747,defined,0.04415423735741917,sensitivity_only
id:x%3A0x1.0000000000000p%2B1,203,2.814,3.05096,3.108627819718964,1.3060540317377747,defined,-0.04415423735741917,sensitivity_only
id:x%3A0x1.0000000000000p%2B1,204,2.828,3.05992,3.002252180281036,1.3060540317377747,defined,0.04415423735741917,sensitivity_only
id:x%3A0x1.0000000000000p%2B1,205,2.842,3.06888,3.1265478197189642,1.3060540317377747,defined,-0.04415423735741917,sensitivity_only
id:x%3A0x1.0000000000000p%2B1,206,2.856,3.07784,3.020172180281036,1.3060540317377747,defined,0.04415423735741917,sensitivity_only
id:x%3A0x1.0000000000000p%2B1,207,2.87,3.0868,3.1444678197189644,1.3060540317377747,defined,-0.04415423735741917,sensitivity_only
id:x%3A0x1.0000000000000p%2B1,208,2.884,3.0957600000000003,3.038092180281036,1.3060540317377747,defined,0.04415423735741917,sensitivity_only
id:x%3A0x1.0000000000000p%2B1,209,2.898,3.1047200000000004,3.1623878197189645,1.3060540317377747,defined,-0.04415423735741917,sensitivity_only
id:x%3A0x1.0000000000000p%2B1,210,2.912,3.11368,3.056012180281036,1.3060540317377747,defined,0.04415423735741917,sensitivity_only
id:x%3A0x1.0000000000000p%2B1,211,2.926,3.12264,3.1803078197189643,1.3060540317377747,defined,-0.04415423735741917,sensitivity_only
id:x%3A0x1.0000000000000p%2B1,212,2.94,3.1315999999999997,3.0739321802810355,1.3060540317377747,defined,0.04415423735741917,sensitivity_only
id:x%3A0x1.0000000000000p%2B1,213,2.954,3.1405600000000002,3.1982278197189644,1.3060540317377747,defined,-0.04415423735741917,sensitivity_only
id:x%3A0x1.0000000000000p%2B1,214,2.968,3.14952,3.0918521802810357,1.3060540317377747,defined,0.04415423735741917,sensitivity_only
id:x%3A0x1.0000000000000p%2B1,215,2.982,3.15848,3.216147819718964,1.3060540317377747,defined,-0.04415423735741917,sensitivity_only
id:x%3A0x1.0000000000000p%2B1,216,2.996,3.16744,3.109772180281036,1.3060540317377747,defined,0.04415423735741917,sensitivity_only
id:x%3A0x1.0000000000000p%2B1,217,3.0,3.17,3.227667819718964,1.3060540317377747,defined,-0.04415423735741917,sensitivity_only
id:x%3A0x1.0000000000000p%2B1,218,3.01,3.1764,3.118732180281036,1.3060540317377747,defined,0.04415423735741917,sensitivity_only
id:x%3A0x1.0000000000000p%2B1,219,3.024,3.18536,3.2430278197189644,1.3060540317377747,defined,-0.04415423735741917,sensitivity_only
id:x%3A0x1.0000000000000p%2B1,220,3.038,3.19432,3.1366521802810357,1.3060540317377747,defined,0.04415423735741917,sensitivity_only
id:x%3A0x1.0000000000000p%2B1,221,3.052,3.2032800000000003,3.2609478197189645,1.3060540317377747,defined,-0.04415423735741917,sensitivity_only
id:x%3A0x1.0000000000000p%2B1,222,3.066,3.21224,3.154572180281036,1.3060540317377747,defined,0.04415423735741917,sensitivity_only
id:x%3A0x1.0000000000000p%2B1,223,3.08,3.2212,3.2788678197189642,1.3060540317377747,defined,-0.04415423735741917,sensitivity_only
id:x%3A0x1.0000000000000p%2B1,224,3.094,3.2301599999999997,3.1724921802810355,1.3060540317377747,defined,0.04415423735741917,sensitivity_only
id:x%3A0x1.0000000000000p%2B1,225,3.108,3.2391199999999998,3.296787819718964,1.3060540317377747,defined,-0.04415423735741917,sensitivity_only
id:x%3A0x1.0000000000000p%2B1,226,3.122,3.24808,3.1904121802810357,1.3060540317377747,defined,0.04415423735741917,sensitivity_only
id:x%3A0x1.0000000000000p%2B1,227,3.136,3.25704,3.314707819718964,1.3060540317377747,defined,-0.04415423735741917,sensitivity_only
id:x%3A0x1.0000000000000p%2B1,228,3.15,3.266,3.208332180281036,1.3060540317377747,defined,0.04415423735741917,sensitivity_only
id:x%3A0x1.0000000000000p%2B1,229,3.164,3.27496,3.3326278197189643,1.3060540317377747,defined,-0.04415423735741917,sensitivity_only
id:x%3A0x1.0000000000000p%2B1,230,3.178,3.28392,3.226252180281036,1.3060540317377747,defined,0.04415423735741917,sensitivity_only
id:x%3A0x1.0000000000000p%2B1,231,3.192,3.2928800000000003,3.3505478197189644,1.3060540317377747,defined,-0.04415423735741917,sensitivity_only
id:x%3A0x1.0000000000000p%2B1,232,3.206,3.30184,3.2441721802810357,1.3060540317377747,defined,0.04415423735741917,sensitivity_only
id:x%3A0x1.0000000000000p%2B1,233,3.22,3.3108,3.368467819718964,1.3060540317377747,defined,-0.04415423735741917,sensitivity_only
id:x%3A0x1.0000000000000p%2B1,234,3.234,3.31976,3.262092180281036,1.3060540317377747,defined,0.04415423735741917,sensitivity_only
id:x%3A0x1.0000000000000p%2B1,235,3.248,3.32872,3.3863878197189643,1.3060540317377747,defined,-0.04415423735741917,sensitivity_only
id:x%3A0x1.0000000000000p%2B1,236,3.262,3.33768,3.280012180281036,1.3060540317377747,defined,0.04415423735741917,sensitivity_only
id:x%3A0x1.0000000000000p%2B1,237,3.276,3.34664,3.404307819718964,1.3060540317377747,defined,-0.04415423735741917,sensitivity_only
id:x%3A0x1.0000000000000p%2B1,238,3.29,3.3556,3.2979321802810357,1.3060540317377747,defined,0.04415423735741917,sensitivity_only
id:x%3A0x1.0000000000000p%2B1,239,3.304,3.36456,3.422227819718964,1.3060540317377747,defined,-0.04415423735741917,sensitivity_only
id:x%3A0x1.0000000000000p%2B1,240,3.318,3.37352,3.315852180281036,1.3060540317377747,defined,0.04415423735741917,sensitivity_only
id:x%3A0x1.0000000000000p%2B1,241,3.332,3.38248,3.4401478197189643,1.3060540317377747,defined,-0.04415423735741917,sensitivity_only
id:x%3A0x1.0000000000000p%2B1,242,3.346,3.3914400000000002,3.333772180281036,1.3060540317377747,defined,0.04415423735741917,sensitivity_only
id:x%3A0x1.0000000000000p%2B1,243,3.36,3.4004,3.458067819718964,1.3060540317377747,defined,-0.04415423735741917,sensitivity_only
id:x%3A0x1.0000000000000p%2B1,244,3.374,3.40936,3.3516921802810358,1.3060540317377747,defined,0.04415423735741917,sensitivity_only
id:x%3A0x1.0000000000000p%2B1,245,3.388,3.41832,3.475987819718964,1.3060540317377747,defined,-0.04415423735741917,sensitivity_only
id:x%3A0x1.0000000000000p%2B1,246,3.402,3.42728,3.369612180281036,1.3060540317377747,defined,0.04415423735741917,sensitivity_only
id:x%3A0x1.0000000000000p%2B1,247,3.416,3.43624,3.4939078197189644,1.3060540317377747,defined,-0.04415423735741917,sensitivity_only
id:x%3A0x1.0000000000000p%2B1,248,3.43,3.4452000000000003,3.387532180281036,1.3060540317377747,defined,0.04415423735741917,sensitivity_only
id:x%3A0x1.0000000000000p%2B1,249,3.444,3.45416,3.511827819718964,1.3060540317377747,defined,-0.04415423735741917,sensitivity_only
id:x%3A0x1.0000000000000p%2B1,250,3.458,3.46312,3.405452180281036,1.3060540317377747,defined,0.04415423735741917,sensitivity_only
id:x%3A0x1.0000000000000p%2B1,251,3.472,3.47208,3.5297478197189642,1.3060540317377747,defined,-0.04415423735741917,sensitivity_only
id:x%3A0x1.0000000000000p%2B1,252,3.486,3.48104,3.423372180281036,1.3060540317377747,defined,0.04415423735741917,sensitivity_only
id:x%3A0x1.0000000000000p%2B1,253,3.5,3.49,3.5476678197189644,1.3060540317377747,defined,-0.04415423735741917,sensitivity_only
id:x%3A0x1.0000000000000p%2B1,254,3.514,3.49896,3.4501988854624623,1.104336015201135,defined,0.04415423735741917,sensitivity_only
id:x%3A0x1.0000000000000p%2B1,255,3.528,3.50792,3.5566811145375374,1.104336015201135,defined,-0.04415423735741917,sensitivity_only
id:x%3A0x1.0000000000000p%2B1,256,3.542,3.51688,3.4681188854624625,1.104336015201135,defined,0.04415423735741917,sensitivity_only
id:x%3A0x1.0000000000000p%2B1,257,3.556,3.52584,3.5746011145375376,1.104336015201135,defined,-0.04415423735741917,sensitivity_only
id:x%3A0x1.0000000000000p%2B1,258,3.57,3.5348,3.4860388854624627,1.104336015201135,defined,0.04415423735741917,sensitivity_only
id:x%3A0x1.0000000000000p%2B1,259,3.584,3.5437600000000002,3.5925211145375378,1.104336015201135,defined,-0.04415423735741917,sensitivity_only
id:x%3A0x1.0000000000000p%2B1,260,3.598,3.55272,3.5039588854624624,1.104336015201135,defined,0.04415423735741917,sensitivity_only
id:x%3A0x1.0000000000000p%2B1,261,3.612,3.56168,3.6104411145375375,1.104336015201135,defined,-0.04415423735741917,sensitivity_only
id:x%3A0x1.0000000000000p%2B1,262,3.626,3.57064,3.5218788854624625,1.104336015201135,defined,0.04415423735741917,sensitivity_only
id:x%3A0x1.0000000000000p%2B1,263,3.64,3.5796,3.6283611145375376,1.104336015201135,defined,-0.04415423735741917,sensitivity_only
id:x%3A0x1.0000000000000p%2B1,264,3.654,3.58856,3.5397988854624627,1.104336015201135,defined,0.04415423735741917,sensitivity_only
id:x%3A0x1.0000000000000p%2B1,265,3.668,3.5975200000000003,3.646281114537538,1.104336015201135,defined,-0.04415423735741917,sensitivity_only
id:x%3A0x1.0000000000000p%2B1,266,3.682,3.60648,3.5577188854624624,1.104336015201135,defined,0.04415423735741917,sensitivity_only
id:x%3A0x1.0000000000000p%2B1,267,3.696,3.61544,3.6642011145375375,1.104336015201135,defined,-0.04415423735741917,sensitivity_only
id:x%3A0x1.0000000000000p%2B1,268,3.71,3.6244,3.5756388854624626,1.104336015201135,defined,0.04415423735741917,sensitivity_only
id:x%3A0x1.0000000000000p%2B1,269,3.724,3.63336,3.6821211145375377,1.104336015201135,defined,-0.04415423735741917,sensitivity_only
id:x%3A0x1.0000000000000p%2B1,270,3.738,3.6423200000000002,3.5935588854624627,1.104336015201135,defined,0.04415423735741917,sensitivity_only
id:x%3A0x1.0000000000000p%2B1,271,3.752,3.65128,3.7000411145375374,1.104336015201135,defined,-0.04415423735741917,sensitivity_only
id:x%3A0x1.0000000000000p%2B1,272,3.766,3.66024,3.6114788854624624,1.104336015201135,defined,0.04415423735741917,sensitivity_only
id:x%3A0x1.0000000000000p%2B1,273,3.78,3.6692,3.7179611145375375,1.104336015201135,defined,-0.04415423735741917,sensitivity_only
id:x%3A0x1.0000000000000p%2B1,274,3.794,3.67816,3.6293988854624626,1.104336015201135,defined,0.04415423735741917,sensitivity_only
id:x%3A0x1.0000000000000p%2B1,275,3.808,3.6871199999999997,3.7358811145375372,1.104336015201135,defined,-0.04415423735741917,sensitivity_only
id:x%3A0x1.0000000000000p%2B1,276,3.822,3.6960800000000003,3.6473188854624627,1.104336015201135,defined,0.04415423735741917,sensitivity_only
id:x%3A0x1.0000000000000p%2B1,277,3.836,3.70504,3.7538011145375374,1.104336015201135,defined,-0.04415423735741917,sensitivity_only
id:x%3A0x1.0000000000000p%2B1,278,3.85,3.714,3.6652388854624625,1.104336015201135,defined,0.04415423735741917,sensitivity_only
id:x%3A0x1.0000000000000p%2B1,279,3.864,3.72296,3.7717211145375376,1.104336015201135,defined,-0.04415423735741917,sensitivity_only
id:x%3A0x1.0000000000000p%2B1,280,3.878,3.73192,3.6831588854624626,1.104336015201135,defined,0.04415423735741917,sensitivity_only
id:x%3A0x1.0000000000000p%2B1,281,3.892,3.74088,3.7896411145375377,1.104336015201135,defined,-0.04415423735741917,sensitivity_only
id:x%3A0x1.0000000000000p%2B1,282,3.906,3.7498400000000003,3.7010788854624628,1.104336015201135,defined,0.04415423735741917,sensitivity_only
id:x%3A0x1.0000000000000p%2B1,283,3.92,3.7588,3.8075611145375374,1.104336015201135,defined,-0.04415423735741917,sensitivity_only
id:x%3A0x1.0000000000000p%2B1,284,3.934,3.76776,3.7189988854624625,1.104336015201135,defined,0.04415423735741917,sensitivity_only
id:x%3A0x1.0000000000000p%2B1,285,3.948,3.77672,3.8254811145375376,1.104336015201135,defined,-0.04415423735741917,sensitivity_only
id:x%3A0x1.0000000000000p%2B1,286,3.962,3.78568,3.7369188854624626,1.104336015201135,defined,0.04415423735741917,sensitivity_only
id:x%3A0x1.0000000000000p%2B1,287,3.976,3.7946400000000002,3.8434011145375377,1.104336015201135,defined,-0.04415423735741917,sensitivity_only
id:x%3A0x1.0000000000000p%2B1,288,3.99,3.8036000000000003,3.754838885462463,1.104336015201135,defined,0.04415423735741917,sensitivity_only
id:x%3A0x1.0000000000000p%2B1,289,4.0,3.81,3.8587611145375376,1.104336015201135,defined,-0.04415423735741917,sensitivity_only
id:x%3A0x1.0000000000000p%2B1,290,4.004,3.81256,3.7637988854624624,1.104336015201135,defined,0.04415423735741917,sensitivity_only
id:x%3A0x1.0000000000000p%2B1,291,4.018,3.82152,3.8702811145375375,1.104336015201135,defined,-0.04415423735741917,sensitivity_only
id:x%3A0x1.0000000000000p%2B1,292,4.032,3.83048,3.7817188854624626,1.104336015201135,defined,0.04415423735741917,sensitivity_only
id:x%3A0x1.0000000000000p%2B1,293,4.046,3.83944,3.8882011145375377,1.104336015201135,defined,-0.04415423735741917,sensitivity_only
id:x%3A0x1.0000000000000p%2B1,294,4.06,3.8484,3.7996388854624623,1.104336015201135,defined,0.04415423735741917,sensitivity_only
id:x%3A0x1.0000000000000p%2B1,295,4.074,3.85736,3.9061211145375374,1.104336015201135,defined,-0.04415423735741917,sensitivity_only
id:x%3A0x1.0000000000000p%2B1,296,4.088,3.86632,3.8175588854624625,1.104336015201135,defined,0.04415423735741917,sensitivity_only
id:x%3A0x1.0000000000000p%2B1,297,4.102,3.87528,3.9240411145375376,1.104336015201135,defined,-0.04415423735741917,sensitivity_only
id:x%3A0x1.0000000000000p%2B1,298,4.116,3.8842399999999997,3.835478885462462,1.104336015201135,defined,0.04415423735741917,sensitivity_only
id:x%3A0x1.0000000000000p%2B1,299,4.13,3.8931999999999998,3.9419611145375373,1.104336015201135,defined,-0.04415423735741917,sensitivity_only
id:x%3A0x1.0000000000000p%2B1,300,4.144,3.9021600000000003,3.853398885462463,1.104336015201135,defined,0.04415423735741917,sensitivity_only
id:x%3A0x1.0000000000000p%2B1,301,4.158,3.9111200000000004,3.959881114537538,1.104336015201135,defined,-0.04415423735741917,sensitivity_only
id:x%3A0x1.0000000000000p%2B1,302,4.172,3.92008,3.8713188854624625,1.104336015201135,defined,0.04415423735741917,sensitivity_only
id:x%3A0x1.0000000000000p%2B1,303,4.186,3.92904,3.9778011145375376,1.104336015201135,defined,-0.04415423735741917,sensitivity_only
id:x%3A0x1.0000000000000p%2B1,304,4.2,3.938,3.8892388854624627,1.104336015201135,defined,0.04415423735741917,sensitivity_only
id:x%3A0x1.0000000000000p%2B1,305,4.214,3.9469600000000002,3.9957211145375378,1.104336015201135,defined,-0.04415423735741917,sensitivity_only
id:x%3A0x1.0000000000000p%2B1,306,4.228,3.95592,3.9071588854624624,1.104336015201135,defined,0.04415423735741917,sensitivity_only
id:x%3A0x1.0000000000000p%2B1,307,4.242,3.96488,4.0136411145375375,1.104336015201135,defined,-0.04415423735741917,sensitivity_only
id:x%3A0x1.0000000000000p%2B1,308,4.256,3.97384,3.9250788854624625,1.104336015201135,defined,0.04415423735741917,sensitivity_only
id:x%3A0x1.0000000000000p%2B1,309,4.27,3.9827999999999997,4.031561114537537,1.104336015201135,defined,-0.04415423735741917,sensitivity_only
id:x%3A0x1.0000000000000p%2B1,310,4.284,3.9917599999999998,3.9429988854624622,1.104336015201135,defined,0.04415423735741917,sensitivity_only
id:x%3A0x1.0000000000000p%2B1,311,4.298,4.00072,4.049481114537538,1.104336015201135,defined,-0.04415423735741917,sensitivity_only
id:x%3A0x1.0000000000000p%2B1,312,4.312,4.00968,3.960918885462463,1.104336015201135,defined,0.04415423735741917,sensitivity_only
id:x%3A0x1.0000000000000p%2B1,313,4.326,4.0186399999999995,4.067401114537537,1.104336015201135,defined,-0.04415423735741917,sensitivity_only
id:x%3A0x1.0000000000000p%2B1,314,4.34,4.0276,3.978838885462462,1.104336015201135,defined,0.04415423735741917,sensitivity_only
id:x%3A0x1.0000000000000p%2B1,315,4.354,4.03656,4.085321114537537,1.104336015201135,defined,-0.04415423735741917,sensitivity_only
id:x%3A0x1.0000000000000p%2B1,316,4.368,4.04552,3.9967588854624623,1.104336015201135,defined,0.04415423735741917,sensitivity_only
id:x%3A0x1.0000000000000p%2B1,317,4.382,4.05448,4.103241114537537,1.104336015201135,defined,-0.04415423735741917,sensitivity_only
id:x%3A0x1.0000000000000p%2B1,318,4.396,4.06344,4.014678885462462,1.104336015201135,defined,0.04415423735741917,sensitivity_only
id:x%3A0x1.0000000000000p%2B1,319,4.41,4.0724,4.1211611145375375,1.104336015201135,defined,-0.04415423735741917,sensitivity_only
id:x%3A0x1.0000000000000p%2B1,320,4.424,4.08136,4.032598885462463,1.104336015201135,defined,0.04415423735741917,sensitivity_only
id:x%3A0x1.0000000000000p%2B1,321,4.438,4.09032,4.139081114537538,1.104336015201135,defined,-0.04415423735741917,sensitivity_only
id:x%3A0x1.0000000000000p%2B1,322,4.452,4.09928,4.050518885462463,1.104336015201135,defined,0.04415423735741917,sensitivity_only
id:x%3A0x1.0000000000000p%2B1,323,4.466,4.10824,4.157001114537538,1.104336015201135,defined,-0.04415423735741917,sensitivity_only
id:x%3A0x1.0000000000000p%2B1,324,4.48,4.1172,4.068438885462463,1.104336015201135,defined,0.04415423735741917,sensitivity_only
id:x%3A0x1.0000000000000p%2B1,325,4.494,4.1261600000000005,4.174921114537538,1.104336015201135,defined,-0.04415423735741917,sensitivity_only
id:x%3A0x1.0000000000000p%2B1,326,4.508,4.135120000000001,4.086358885462463,1.1043360152011354,defined,0.04415423735741917,sensitivity_only
id:x%3A0x1.0000000000000p%2B1,327,4.522,4.144080000000001,4.192841114537538,1.1043360152011354,defined,-0.04415423735741917,sensitivity_only
id:x%3A0x1.0000000000000p%2B1,328,4.536,4.15304,4.104278885462462,1.1043360152011354,defined,0.04415423735741917,sensitivity_only
id:x%3A0x1.0000000000000p%2B1,329,4.55,4.162,4.210761114537537,1.1043360152011354,defined,-0.04415423735741917,sensitivity_only
id:x%3A0x1.0000000000000p%2B1,330,4.564,4.17096,4.1221988854624625,1.1043360152011354,defined,0.04415423735741917,sensitivity_only
id:x%3A0x1.0000000000000p%2B1,331,4.578,4.17992,4.228681114537538,1.1043360152011354,defined,-0.04415423735741917,sensitivity_only
id:x%3A0x1.0000000000000p%2B1,332,4.592,4.188879999999999,4.140118885462462,1.1043360152011354,defined,0.04415423735741917,sensitivity_only
id:x%3A0x1.0000000000000p%2B1,333,4.606,4.197839999999999,4.246601114537537,1.1043360152011354,defined,-0.04415423735741917,sensitivity_only
id:x%3A0x1.0000000000000p%2B1,334,4.62,4.2068,4.158038885462463,1.1043360152011354,defined,0.04415423735741917,sensitivity_only
id:x%3A0x1.0000000000000p%2B1,335,4.634,4.21576,4.264521114537538,1.1043360152011354,defined,-0.04415423735741917,sensitivity_only
id:x%3A0x1.0000000000000p%2B1,336,4.648,4.22472,4.175958885462462,1.1043360152011354,defined,0.04415423735741917,sensitivity_only
id:x%3A0x1.0000000000000p%2B1,337,4.662,4.23368,4.282441114537537,1.1043360152011354,defined,-0.04415423735741917,sensitivity_only
id:x%3A0x1.0000000000000p%2B1,338,4.676,4.24264,4.193878885462462,1.1043360152011354,defined,0.04415423735741917,sensitivity_only
id:x%3A0x1.0000000000000p%2B1,339,4.69,4.2516,4.300361114537537,1.1043360152011354,defined,-0.04415423735741917,sensitivity_only
id:x%3A0x1.0000000000000p%2B1,340,4.704,4.26056,4.211798885462462,1.1043360152011354,defined,0.04415423735741917,sensitivity_only
id:x%3A0x1.0000000000000p%2B1,341,4.718,4.26952,4.3182811145375375,1.1043360152011354,defined,-0.04415423735741917,sensitivity_only
id:x%3A0x1.0000000000000p%2B1,342,4.732,4.27848,4.2297188854624626,1.1043360152011354,defined,0.04415423735741917,sensitivity_only
id:x%3A0x1.0000000000000p%2B1,343,4.746,4.28744,4.336201114537538,1.1043360152011354,defined,-0.04415423735741917,sensitivity_only
id:x%3A0x1.0000000000000p%2B1,344,4.76,4.2964,4.247638885462463,1.1043360152011354,defined,0.04415423735741917,sensitivity_only
id:x%3A0x1.0000000000000p%2B1,345,4.774,4.30536,4.354121114537538,1.1043360152011354,defined,-0.04415423735741917,sensitivity_only
id:x%3A0x1.0000000000000p%2B1,346,4.788,4.31432,4.265558885462463,1.1043360152011354,defined,0.04415423735741917,sensitivity_only
id:x%3A0x1.0000000000000p%2B1,347,4.802,4.3232800000000005,4.372041114537538,1.1043360152011354,defined,-0.04415423735741917,sensitivity_only
id:x%3A0x1.0000000000000p%2B1,348,4.816,4.3322400000000005,4.283478885462463,1.1043360152011354,defined,0.04415423735741917,sensitivity_only
id:x%3A0x1.0000000000000p%2B1,349,4.83,4.341200000000001,4.389961114537538,1.1043360152011354,defined,-0.04415423735741917,sensitivity_only
id:x%3A0x1.0000000000000p%2B1,350,4.844,4.350160000000001,4.301398885462463,1.1043360152011354,defined,0.04415423735741917,sensitivity_only
id:x%3A0x1.0000000000000p%2B1,351,4.858,4.35912,4.407881114537537,1.1043360152011354,defined,-0.04415423735741917,sensitivity_only
id:x%3A0x1.0000000000000p%2B1,352,4.872,4.36808,4.3193188854624625,1.1043360152011354,defined,0.04415423735741917,sensitivity_only
id:x%3A0x1.0000000000000p%2B1,353,4.886,4.37704,4.4258011145375376,1.1043360152011354,defined,-0.04415423735741917,sensitivity_only
id:x%3A0x1.0000000000000p%2B1,354,4.9,4.386,4.337238885462463,1.1043360152011354,defined,0.04415423735741917,sensitivity_only
id:x%3A0x1.0000000000000p%2B1,355,4.914,4.394959999999999,4.443721114537537,1.1043360152011354,defined,-0.04415423735741917,sensitivity_only
id:x%3A0x1.0000000000000p%2B1,356,4.928,4.403919999999999,4.355158885462462,1.1043360152011354,defined,0.04415423735741917,sensitivity_only
id:x%3A0x1.0000000000000p%2B1,357,4.942,4.41288,4.461641114537538,1.1043360152011354,defined,-0.04415423735741917,sensitivity_only
id:x%3A0x1.0000000000000p%2B1,358,4.956,4.42184,4.373078885462463,1.1043360152011354,defined,0.04415423735741917,sensitivity_only
id:x%3A0x1.0000000000000p%2B1,359,4.97,4.4308,4.479561114537537,1.1043360152011354,defined,-0.04415423735741917,sensitivity_only
id:x%3A0x1.0000000000000p%2B1,360,4.984,4.43976,4.390998885462462,1.1043360152011354,defined,0.04415423735741917,sensitivity_only
id:x%3A0x1.0000000000000p%2B1,361,4.998,4.44872,4.497481114537537,1.1043360152011354,defined,-0.04415423735741917,sensitivity_only
id:x%3A0x1.0000000000000p%2B1,362,5.0,4.45,4.401238885462463,1.1043360152011354,defined,0.04415423735741917,sensitivity_only
id:x%3A0x1.0000000000000p%2B1,363,5.012,4.45768,4.506441114537537,1.1043360152011354,defined,-0.04415423735741917,sensitivity_only
id:x%3A0x1.0000000000000p%2B1,364,5.026,4.46664,4.417878885462462,1.1043360152011354,defined,0.04415423735741917,sensitivity_only
id:x%3A0x1.0000000000000p%2B1,365,5.04,4.4756,4.5243611145375375,1.1043360152011354,defined,-0.04415423735741917,sensitivity_only
id:x%3A0x1.0000000000000p%2B1,366,5.054,4.48456,4.435798885462463,1.1043360152011354,defined,0.04415423735741917,sensitivity_only
id:x%3A0x1.0000000000000p%2B1,367,5.068,4.49352,4.542281114537538,1.1043360152011354,defined,-0.04415423735741917,sensitivity_only
id:x%3A0x1.0000000000000p%2B1,368,5.082,4.50248,4.453718885462463,1.1043360152011354,defined,0.04415423735741917,sensitivity_only
id:x%3A0x1.0000000000000p%2B1,369,5.096,4.51144,4.560201114537538,1.1043360152011354,defined,-0.04415423735741917,sensitivity_only
id:x%3A0x1.0000000000000p%2B1,370,5.11,4.5204,4.471638885462463,1.1043360152011354,defined,0.04415423735741917,sensitivity_only
id:x%3A0x1.0000000000000p%2B1,371,5.124,4.5293600000000005,4.578121114537538,1.1043360152011354,defined,-0.04415423735741917,sensitivity_only
id:x%3A0x1.0000000000000p%2B1,372,5.138,4.538320000000001,4.489558885462463,1.1043360152011354,defined,0.04415423735741917,sensitivity_only
id:x%3A0x1.0000000000000p%2B1,373,5.152,4.547280000000001,4.596041114537538,1.1043360152011354,defined,-0.04415423735741917,sensitivity_only
id:x%3A0x1.0000000000000p%2B1,374,5.166,4.556240000000001,4.507478885462463,1.1043360152011354,defined,0.04415423735741917,sensitivity_only
id:x%3A0x1.0000000000000p%2B1,375,5.18,4.5652,4.613961114537537,1.1043360152011354,defined,-0.04415423735741917,sensitivity_only
id:x%3A0x1.0000000000000p%2B1,376,5.194,4.57416,4.5253988854624625,1.1043360152011354,defined,0.04415423735741917,sensitivity_only
id:x%3A0x1.0000000000000p%2B1,377,5.208,4.58312,4.631881114537538,1.1043360152011354,defined,-0.04415423735741917,sensitivity_only
id:x%3A0x1.0000000000000p%2B1,378,5.222,4.59208,4.543318885462463,1.1043360152011354,defined,0.04415423735741917,sensitivity_only
id:x%3A0x1.0000000000000p%2B1,379,5.236,4.601039999999999,4.649801114537537,1.1043360152011354,defined,-0.04415423735741917,sensitivity_only
id:x%3A0x1.0000000000000p%2B1,380,5.25,4.609999999999999,4.561238885462462,1.1043360152011354,defined,0.04415423735741917,sensitivity_only
id:x%3A0x1.0000000000000p%2B1,381,5.264,4.61896,4.667721114537538,1.1043360152011354,defined,-0.04415423735741917,sensitivity_only
id:x%3A0x1.0000000000000p%2B1,382,5.278,4.62792,4.579158885462462,1.1043360152011354,defined,0.04415423735741917,sensitivity_only
id:x%3A0x1.0000000000000p%2B1,383,5.292,4.63688,4.685641114537537,1.1043360152011354,defined,-0.04415423735741917,sensitivity_only
id:x%3A0x1.0000000000000p%2B1,384,5.306,4.64584,4.597078885462462,1.1043360152011354,defined,0.04415423735741917,sensitivity_only
id:x%3A0x1.0000000000000p%2B1,385,5.32,4.6548,4.703561114537537,1.1043360152011354,defined,-0.04415423735741917,sensitivity_only
id:x%3A0x1.0000000000000p%2B1,386,5.334,4.66376,4.614998885462462,1.1043360152011354,defined,0.04415423735741917,sensitivity_only
id:x%3A0x1.0000000000000p%2B1,387,5.348,4.67272,4.7214811145375375,1.1043360152011354,defined,-0.04415423735741917,sensitivity_only
id:x%3A0x1.0000000000000p%2B1,388,5.362,4.68168,4.6329188854624626,1.1043360152011354,defined,0.04415423735741917,sensitivity_only
id:x%3A0x1.0000000000000p%2B1,389,5.376,4.69064,4.739401114537538,1.1043360152011354,defined,-0.04415423735741917,sensitivity_only
id:x%3A0x1.0000000000000p%2B1,390,5.39,4.6996,4.650838885462463,1.1043360152011354,defined,0.04415423735741917,sensitivity_only
id:x%3A0x1.0000000000000p%2B1,391,5.404,4.70856,4.757321114537538,1.1043360152011354,defined,-0.04415423735741917,sensitivity_only
id:x%3A0x1.0000000000000p%2B1,392,5.418,4.71752,4.668758885462463,1.1043360152011354,defined,0.04415423735741917,sensitivity_only
id:x%3A0x1.0000000000000p%2B1,393,5.432,4.7264800000000005,4.775241114537538,1.1043360152011354,defined,-0.04415423735741917,sensitivity_only
id:x%3A0x1.0000000000000p%2B1,394,5.446,4.7354400000000005,4.686678885462463,1.1043360152011354,defined,0.04415423735741917,sensitivity_only
id:x%3A0x1.0000000000000p%2B1,395,5.46,4.744400000000001,4.793161114537538,1.1043360152011354,defined,-0.04415423735741917,sensitivity_only
id:x%3A0x1.0000000000000p%2B1,396,5.474,4.753360000000001,4.704598885462463,1.1043360152011354,defined,0.04415423735741917,sensitivity_only
id:x%3A0x1.0000000000000p%2B1,397,5.488,4.762320000000001,4.811081114537538,1.1043360152011354,defined,-0.04415423735741917,sensitivity_only
id:x%3A0x1.0000000000000p%2B1,398,5.502,4.77128,4.7225188854624625,1.104336015201135,defined,0.04415423735741917,sensitivity_only
id:x%3A0x1.0000000000000p%2B1,399,5.516,4.78024,4.8290011145375376,1.104336015201135,defined,-0.04415423735741917,sensitivity_only
id:x%3A0x1.0000000000000p%2B1,400,5.53,4.7892,4.740438885462463,1.104336015201135,defined,0.04415423735741917,sensitivity_only
id:x%3A0x1.0000000000000p%2B1,401,5.544,4.798159999999999,4.846921114537537,1.104336015201135,defined,-0.04415423735741917,sensitivity_only
id:x%3A0x1.0000000000000p%2B1,402,5.558,4.807119999999999,4.758358885462462,1.104336015201135,defined,0.04415423735741917,sensitivity_only
id:x%3A0x1.0000000000000p%2B1,403,5.572,4.8160799999999995,4.864841114537537,1.104336015201135,defined,-0.04415423735741917,sensitivity_only
id:x%3A0x1.0000000000000p%2B1,404,5.586,4.82504,4.776278885462463,1.104336015201135,defined,0.04415423735741917,sensitivity_only
id:x%3A0x1.0000000000000p%2B1,405,5.6,4.834,4.882761114537537,1.104336015201135,defined,-0.04415423735741917,sensitivity_only
id:x%3A0x1.0000000000000p%2B1,406,5.614,4.84296,4.794198885462462,1.104336015201135,defined,0.04415423735741917,sensitivity_only
id:x%3A0x1.0000000000000p%2B1,407,5.628,4.85192,4.900681114537537,1.104336015201135,defined,-0.04415423735741917,sensitivity_only
id:x%3A0x1.0000000000000p%2B1,408,5.642,4.86088,4.812118885462462,1.104336015201135,defined,0.04415423735741917,sensitivity_only
id:x%3A0x1.0000000000000p%2B1,409,5.656,4.86984,4.9186011145375375,1.104336015201135,defined,-0.04415423735741917,sensitivity_only
id:x%3A0x1.0000000000000p%2B1,410,5.67,4.8788,4.8300388854624625,1.104336015201135,defined,0.04415423735741917,sensitivity_only
id:x%3A0x1.0000000000000p%2B1,411,5.684,4.88776,4.936521114537538,1.104336015201135,defined,-0.04415423735741917,sensitivity_only
id:x%3A0x1.0000000000000p%2B1,412,5.698,4.89672,4.847958885462463,1.104336015201135,defined,0.04415423735741917,sensitivity_only
id:x%3A0x1.0000000000000p%2B1,413,5.712,4.90568,4.954441114537538,1.104336015201135,defined,-0.04415423735741917,sensitivity_only
id:x%3A0x1.0000000000000p%2B1,414,5.726,4.91464,4.865878885462463,1.104336015201135,defined,0.04415423735741917,sensitivity_only
id:x%3A0x1.0000000000000p%2B1,415,5.74,4.9236,4.972361114537538,1.104336015201135,defined,-0.04415423735741917,sensitivity_only
id:x%3A0x1.0000000000000p%2B1,416,5.754,4.93256,4.883798885462462,1.104336015201135,defined,0.04415423735741917,sensitivity_only
id:x%3A0x1.0000000000000p%2B1,417,5.768,4.941520000000001,4.990281114537538,1.104336015201135,defined,-0.04415423735741917,sensitivity_only
id:x%3A0x1.0000000000000p%2B1,418,5.782,4.950480000000001,4.901718885462463,1.104336015201135,defined,0.04415423735741917,sensitivity_only
id:x%3A0x1.0000000000000p%2B1,419,5.796,4.959440000000001,5.008201114537538,1.104336015201135,defined,-0.04415423735741917,sensitivity_only
id:x%3A0x1.0000000000000p%2B1,420,5.81,4.9684,4.919638885462462,1.104336015201135,defined,0.04415423735741917,sensitivity_only
id:x%3A0x1.0000000000000p%2B1,421,5.824,4.97736,5.0261211145375375,1.104336015201135,defined,-0.04415423735741917,sensitivity_only
id:x%3A0x1.0000000000000p%2B1,422,5.838,4.98632,4.937558885462463,1.104336015201135,defined,0.04415423735741917,sensitivity_only
id:x%3A0x1.0000000000000p%2B1,423,5.852,4.99528,5.044041114537538,1.104336015201135,defined,-0.04415423735741917,sensitivity_only
id:x%3A0x1.0000000000000p%2B1,424,5.866,5.004239999999999,4.955478885462462,1.104336015201135,defined,0.04415423735741917,sensitivity_only
id:x%3A0x1.0000000000000p%2B1,425,5.88,5.013199999999999,5.061961114537537,1.104336015201135,defined,-0.04415423735741917,sensitivity_only
id:x%3A0x1.0000000000000p%2B1,426,5.894,5.0221599999999995,4.973398885462462,1.104336015201135,defined,0.04415423735741917,sensitivity_only
id:x%3A0x1.0000000000000p%2B1,427,5.908,5.0311200000000005,5.079881114537538,1.104336015201135,defined,-0.04415423735741917,sensitivity_only
id:x%3A0x1.0000000000000p%2B1,428,5.922,5.04008,4.991318885462462,1.104336015201135,defined,0.04415423735741917,sensitivity_only
id:x%3A0x1.0000000000000p%2B1,429,5.936,5.04904,5.097801114537537,1.104336015201135,defined,-0.04415423735741917,sensitivity_only
id:x%3A0x1.0000000000000p%2B1,430,5.95,5.058,5.009238885462462,1.104336015201135,defined,0.04415423735741917,sensitivity_only
id:x%3A0x1.0000000000000p%2B1,431,5.964,5.06696,5.115721114537537,1.104336015201135,defined,-0.04415423735741917,sensitivity_only
id:x%3A0x1.0000000000000p%2B1,432,5.978,5.07592,5.0271588854624625,1.104336015201135,defined,0.04415423735741917,sensitivity_only
id:x%3A0x1.0000000000000p%2B1,433,5.992,5.08488,5.133641114537538,1.104336015201135,defined,-0.04415423735741917,sensitivity_only
id:x%3A0x1.0000000000000p%2B1,434,6.0,5.09,5.041238885462462,1.104336015201135,defined,0.04415423735741917,sensitivity_only
id:x%3A0x1.0000000000000p%2B1,435,6.006,5.09384,5.142601114537538,1.104336015201135,defined,-0.04415423735741917,sensitivity_only
id:x%3A0x1.0000000000000p%2B1,436,6.02,5.1028,5.054038885462463,1.104336015201135,defined,0.04415423735741917,sensitivity_only
id:x%3A0x1.0000000000000p%2B1,437,6.034,5.11176,5.160521114537538,1.104336015201135,defined,-0.04415423735741917,sensitivity_only
id:x%3A0x1.0000000000000p%2B1,438,6.048,5.12072,5.071958885462463,1.104336015201135,defined,0.04415423735741917,sensitivity_only
id:x%3A0x1.0000000000000p%2B1,439,6.062,5.1296800000000005,5.178441114537538,1.104336015201135,defined,-0.04415423735741917,sensitivity_only
id:x%3A0x1.0000000000000p%2B1,440,6.076,5.13864,5.089878885462462,1.104336015201135,defined,0.04415423735741917,sensitivity_only
id:x%3A0x1.0000000000000p%2B1,441,6.09,5.147600000000001,5.196361114537538,1.104336015201135,defined,-0.04415423735741917,sensitivity_only
id:x%3A0x1.0000000000000p%2B1,442,6.104,5.156560000000001,5.107798885462463,1.104336015201135,defined,0.04415423735741917,sensitivity_only
id:x%3A0x1.0000000000000p%2B1,443,6.118,5.165520000000001,5.214281114537538,1.104336015201135,defined,-0.04415423735741917,sensitivity_only
id:x%3A0x1.0000000000000p%2B1,444,6.132,5.17448,5.1257188854624625,1.104336015201135,defined,0.04415423735741917,sensitivity_only
id:x%3A0x1.0000000000000p%2B1,445,6.146,5.18344,5.232201114537538,1.104336015201135,defined,-0.04415423735741917,sensitivity_only
id:x%3A0x1.0000000000000p%2B1,446,6.16,5.1924,5.143638885462463,1.104336015201135,defined,0.04415423735741917,sensitivity_only
id:x%3A0x1.0000000000000p%2B1,447,6.174,5.20136,5.250121114537538,1.104336015201135,defined,-0.04415423735741917,sensitivity_only
id:x%3A0x1.0000000000000p%2B1,448,6.188,5.210319999999999,5.161558885462462,1.104336015201135,defined,0.04415423735741917,sensitivity_only
id:x%3A0x1.0000000000000p%2B1,449,6.202,5.2192799999999995,5.268041114537537,1.104336015201135,defined,-0.04415423735741917,sensitivity_only
id:x%3A0x1.0000000000000p%2B1,450,6.216,5.2282399999999996,5.179478885462462,1.104336015201135,defined,0.04415423735741917,sensitivity_only
id:x%3A0x1.0000000000000p%2B1,451,6.23,5.2372000000000005,5.285961114537538,1.104336015201135,defined,-0.04415423735741917,sensitivity_only
id:x%3A0x1.0000000000000p%2B1,452,6.244,5.24616,5.197398885462462,1.104336015201135,defined,0.04415423735741917,sensitivity_only
id:x%3A0x1.0000000000000p%2B1,453,6.258,5.25512,5.303881114537537,1.104336015201135,defined,-0.04415423735741917,sensitivity_only
id:x%3A0x1.0000000000000p%2B1,454,6.272,5.26408,5.215318885462462,1.104336015201135,defined,0.04415423735741917,sensitivity_only
id:x%3A0x1.0000000000000p%2B1,455,6.286,5.27304,5.3218011145375375,1.104336015201135,defined,-0.04415423735741917,sensitivity_only
id:x%3A0x1.0000000000000p%2B1,456,6.3,5.282,5.2332388854624625,1.104336015201135,defined,0.04415423735741917,sensitivity_only
id:x%3A0x1.0000000000000p%2B1,457,6.314,5.29096,5.339721114537538,1.104336015201135,defined,-0.04415423735741917,sensitivity_only
id:x%3A0x1.0000000000000p%2B1,458,6.328,5.29992,5.251158885462463,1.104336015201135,defined,0.04415423735741917,sensitivity_only
id:x%3A0x1.0000000000000p%2B1,459,6.342,5.30888,5.357641114537538,1.104336015201135,defined,-0.04415423735741917,sensitivity_only
id:x%3A0x1.0000000000000p%2B1,460,6.356,5.31784,5.269078885462463,1.104336015201135,defined,0.04415423735741917,sensitivity_only
id:x%3A0x1.0000000000000p%2B1,461,6.37,5.3268,5.375561114537538,1.104336015201135,defined,-0.04415423735741917,sensitivity_only
id:x%3A0x1.0000000000000p%2B1,462,6.384,5.3357600000000005,5.286998885462463,1.104336015201135,defined,0.04415423735741917,sensitivity_only
id:x%3A0x1.0000000000000p%2B1,463,6.398,5.34472,5.393481114537537,1.104336015201135,defined,-0.04415423735741917,sensitivity_only
id:x%3A0x1.0000000000000p%2B1,464,6.412,5.35368,5.304918885462462,1.104336015201135,defined,0.04415423735741917,sensitivity_only
id:x%3A0x1.0000000000000p%2B1,465,6.426,5.36264,5.411401114537537,1.104336015201135,defined,-0.04415423735741917,sensitivity_only
id:x%3A0x1.0000000000000p%2B1,466,6.44,5.3716,5.322838885462462,1.104336015201135,defined,0.04415423735741917,sensitivity_only
id:x%3A0x1.0000000000000p%2B1,467,6.454,5.38056,5.4293211145375375,1.104336015201135,defined,-0.04415423735741917,sensitivity_only
id:x%3A0x1.0000000000000p%2B1,468,6.468,5.38952,5.340758885462463,1.104336015201135,defined,0.04415423735741917,sensitivity_only
id:x%3A0x1.0000000000000p%2B1,469,6.482,5.39848,5.447241114537538,1.104336015201135,defined,-0.04415423735741917,sensitivity_only
id:x%3A0x1.0000000000000p%2B1,470,6.496,5.40744,5.358678885462463,1.104336015201135,defined,0.04415423735741917,sensitivity_only
id:x%3A0x1.0000000000000p%2B1,471,6.51,5.4164,5.461308775401997,1.0170886893248545,defined,-0.04415423735741917,sensitivity_only
id:x%3A0x1.0000000000000p%2B1,472,6.524,5.42536,5.380451224598004,1.0170886893248545,defined,0.04415423735741917,sensitivity_only
id:x%3A0x1.0000000000000p%2B1,473,6.538,5.4343200000000005,5.479228775401997,1.0170886893248545,defined,-0.04415423735741917,sensitivity_only
id:x%3A0x1.0000000000000p%2B1,474,6.552,5.44328,5.398371224598003,1.0170886893248545,defined,0.04415423735741917,sensitivity_only
id:x%3A0x1.0000000000000p%2B1,475,6.566,5.45224,5.497148775401996,1.0170886893248545,defined,-0.04415423735741917,sensitivity_only
id:x%3A0x1.0000000000000p%2B1,476,6.58,5.4612,5.4162912245980035,1.0170886893248545,defined,0.04415423735741917,sensitivity_only
id:x%3A0x1.0000000000000p%2B1,477,6.594,5.47016,5.515068775401996,1.0170886893248545,defined,-0.04415423735741917,sensitivity_only
id:x%3A0x1.0000000000000p%2B1,478,6.608,5.47912,5.434211224598004,1.0170886893248545,defined,0.04415423735741917,sensitivity_only
id:x%3A0x1.0000000000000p%2B1,479,6.622,5.48808,5.532988775401996,1.0170886893248545,defined,-0.04415423735741917,sensitivity_only
id:x%3A0x1.0000000000000p%2B1,480,6.636,5.49704,5.452131224598004,1.0170886893248545,defined,0.04415423735741917,sensitivity_only
id:x%3A0x1.0000000000000p%2B1,481,6.65,5.506,5.550908775401997,1.0170886893248545,defined,-0.04415423735741917,sensitivity_only
id:x%3A0x1.0000000000000p%2B1,482,6.664,5.51496,5.470051224598004,1.0170886893248545,defined,0.04415423735741917,sensitivity_only
id:x%3A0x1.0000000000000p%2B1,483,6.678,5.52392,5.568828775401997,1.0170886893248545,defined,-0.04415423735741917,sensitivity_only
id:x%3A0x1.0000000000000p%2B1,484,6.692,5.5328800000000005,5.487971224598004,1.0170886893248545,defined,0.04415423735741917,sensitivity_only
id:x%3A0x1.0000000000000p%2B1,485,6.706,5.5418400000000005,5.586748775401997,1.0170886893248545,defined,-0.04415423735741917,sensitivity_only
id:x%3A0x1.0000000000000p%2B1,486,6.72,5.5508,5.505891224598003,1.0170886893248545,defined,0.04415423735741917,sensitivity_only
id:x%3A0x1.0000000000000p%2B1,487,6.734,5.55976,5.604668775401996,1.0170886893248545,defined,-0.04415423735741917,sensitivity_only
id:x%3A0x1.0000000000000p%2B1,488,6.748,5.56872,5.5238112245980036,1.0170886893248545,defined,0.04415423735741917,sensitivity_only
id:x%3A0x1.0000000000000p%2B1,489,6.762,5.57768,5.622588775401996,1.0170886893248545,defined,-0.04415423735741917,sensitivity_only
id:x%3A0x1.0000000000000p%2B1,490,6.776,5.58664,5.541731224598004,1.0170886893248545,defined,0.04415423735741917,sensitivity_only
id:x%3A0x1.0000000000000p%2B1,491,6.79,5.5956,5.6405087754019965,1.0170886893248545,defined,-0.04415423735741917,sensitivity_only
id:x%3A0x1.0000000000000p%2B1,492,6.804,5.60456,5.559651224598004,1.0170886893248545,defined,0.04415423735741917,sensitivity_only
id:x%3A0x1.0000000000000p%2B1,493,6.818,5.61352,5.658428775401997,1.0170886893248545,defined,-0.04415423735741917,sensitivity_only
id:x%3A0x1.0000000000000p%2B1,494,6.832,5.62248,5.577571224598004,1.0170886893248545,defined,0.04415423735741917,sensitivity_only
id:x%3A0x1.0000000000000p%2B1,495,6.846,5.6314400000000004,5.676348775401997,1.0170886893248545,defined,-0.04415423735741917,sensitivity_only
id:x%3A0x1.0000000000000p%2B1,496,6.86,5.6404000000000005,5.595491224598004,1.0170886893248545,defined,0.04415423735741917,sensitivity_only
id:x%3A0x1.0000000000000p%2B1,497,6.874,5.64936,5.694268775401996,1.0170886893248545,defined,-0.04415423735741917,sensitivity_only
id:x%3A0x1.0000000000000p%2B1,498,6.888,5.65832,5.6134112245980035,1.0170886893248545,defined,0.04415423735741917,sensitivity_only
id:x%3A0x1.0000000000000p%2B1,499,6.902,5.66728,5.712188775401996,1.0170886893248545,defined,-0.04415423735741917,sensitivity_only
id:x%3A0x1.0000000000000p%2B1,500,6.916,5.67624,5.631331224598004,1.0170886893248545,defined,0.04415423735741917,sensitivity_only
id:x%3A0x1.0000000000000p%2B1,501,6.93,5.6852,5.730108775401996,1.0170886893248545,defined,-0.04415423735741917,sensitivity_only
id:x%3A0x1.0000000000000p%2B1,502,6.944,5.69416,5.649251224598004,1.0170886893248545,defined,0.04415423735741917,sensitivity_only
id:x%3A0x1.0000000000000p%2B1,503,6.958,5.70312,5.7480287754019965,1.0170886893248545,defined,-0.04415423735741917,sensitivity_only
id:x%3A0x1.0000000000000p%2B1,504,6.972,5.71208,5.667171224598004,1.0170886893248545,defined,0.04415423735741917,sensitivity_only
id:x%3A0x1.0000000000000p%2B1,505,6.986,5.72104,5.765948775401997,1.0170886893248545,defined,-0.04415423735741917,sensitivity_only
id:x%3A0x1.0000000000000p%2B1,506,7.0,5.73,5.685091224598004,1.0170886893248545,defined,0.04415423735741917,sensitivity_only
id:x%3A0x1.8000000000000p%2B1,0,0.0,1.25,1.1584978730261917,1.104336015201135,defined,0.08285714285714287,sensitivity_only
id:x%3A0x1.8000000000000p%2B1,1,0.014,1.25896,1.304575236180277,1.104336015201135,defined,-0.04130557688274697,sensitivity_only
id:x%3A0x1.8000000000000p%2B1,2,0.028,1.26792,1.222304763819723,1.104336015201135,defined,0.04130557688274697,sensitivity_only
id:x%3A0x1.8000000000000p%2B1,3,0.042,1.27688,1.3224952361802769,1.104336015201135,defined,-0.04130557688274697,sensitivity_only
id:x%3A0x1.8000000000000p%2B1,4,0.056,1.28584,1.2402247638197232,1.104336015201135,defined,0.04130557688274697,sensitivity_only
id:x%3A0x1.8000000000000p%2B1,5,0.07,1.2948,1.3404152361802768,1.104336015201135,defined,-0.04130557688274697,sensitivity_only
id:x%3A0x1.8000000000000p%2B1,6,0.084,1.30376,1.2581447638197232,1.104336015201135,defined,0.04130557688274697,sensitivity_only
id:x%3A0x1.8000000000000p%2B1,7,0.098,1.31272,1.358335236180277,1.104336015201135,defined,-0.04130557688274697,sensitivity_only
id:x%3A0x1.8000000000000p%2B1,8,0.112,1.32168,1.2760647638197231,1.104336015201135,defined,0.04130557688274697,sensitivity_only
id:x%3A0x1.8000000000000p%2B1,9,0.126,1.33064,1.376255236180277,1.104336015201135,defined,-0.04130557688274697,sensitivity_only
id:x%3A0x1.8000000000000p%2B1,10,0.14,1.3396,1.293984763819723,1.104336015201135,defined,0.04130557688274697,sensitivity_only
id:x%3A0x1.8000000000000p%2B1,11,0.154,1.34856,1.3941752361802768,1.104336015201135,defined,-0.04130557688274697,sensitivity_only
id:x%3A0x1.8000000000000p%2B1,12,0.168,1.35752,1.3119047638197232,1.104336015201135,defined,0.04130557688274697,sensitivity_only
id:x%3A0x1.8000000000000p%2B1,13,0.182,1.36648,1.4120952361802768,1.104336015201135,defined,-0.04130557688274697,sensitivity_only
id:x%3A0x1.8000000000000p%2B1,14,0.196,1.37544,1.3298247638197231,1.104336015201135,defined,0.04130557688274697,sensitivity_only
id:x%3A0x1.8000000000000p%2B1,15,0.21,1.3844,1.430015236180277,1.104336015201135,defined,-0.04130557688274697,sensitivity_only
id:x%3A0x1.8000000000000p%2B1,16,0.224,1.39336,1.347744763819723,1.104336015201135,defined,0.04130557688274697,sensitivity_only
id:x%3A0x1.8000000000000p%2B1,17,0.238,1.40232,1.4479352361802769,1.104336015201135,defined,-0.04130557688274697,sensitivity_only
id:x%3A0x1.8000000000000p%2B1,18,0.252,1.41128,1.3656647638197232,1.104336015201135,defined,0.04130557688274697,sensitivity_only
id:x%3A0x1.8000000000000p%2B1,19,0.266,1.42024,1.4658552361802768,1.104336015201135,defined,-0.04130557688274697,sensitivity_only
id:x%3A0x1.8000000000000p%2B1,20,0.28,1.4292,1.3835847638197232,1.104336015201135,defined,0.04130557688274697,sensitivity_only
id:x%3A0x1.8000000000000p%2B1,21,0.294,1.4381599999999999,1.4837752361802767,1.104336015201135,defined,-0.04130557688274697,sensitivity_only
id:x%3A0x1.8000000000000p%2B1,22,0.308,1.44712,1.401504763819723,1.104336015201135,defined,0.04130557688274697,sensitivity_only
id:x%3A0x1.8000000000000p%2B1,23,0.322,1.45608,1.501695236180277,1.104336015201135,defined,-0.04130557688274697,sensitivity_only
id:x%3A0x1.8000000000000p%2B1,24,0.336,1.4650400000000001,1.4194247638197233,1.104336015201135,defined,0.04130557688274697,sensitivity_only
id:x%3A0x1.8000000000000p%2B1,25,0.35,1.474,1.5196152361802768,1.104336015201135,defined,-0.04130557688274697,sensitivity_only
id:x%3A0x1.8000000000000p%2B1,26,0.364,1.48296,1.4373447638197232,1.104336015201135,defined,0.04130557688274697,sensitivity_only
id:x%3A0x1.8000000000000p%2B1,27,0.378,1.49192,1.5375352361802768,1.104336015201135,defined,-0.04130557688274697,sensitivity_only
id:x%3A0x1.8000000000000p%2B1,28,0.392,1.50088,1.4552647638197231,1.104336015201135,defined,0.04130557688274697,sensitivity_only
id:x%3A0x1.8000000000000p%2B1,29,0.406,1.50984,1.555455236180277,1.104336015201135,defined,-0.04130557688274697,sensitivity_only
id:x%3A0x1.8000000000000p%2B1,30,0.42,1.5188,1.473184763819723,1.104336015201135,defined,0.04130557688274697,sensitivity_only
id:x%3A0x1.8000000000000p%2B1,31,0.434,1.52776,1.5733752361802769,1.104336015201135,defined,-0.04130557688274697,sensitivity_only
id:x%3A0x1.8000000000000p%2B1,32,0.448,1.53672,1.4911047638197232,1.104336015201135,defined,0.04130557688274697,sensitivity_only
id:x%3A0x1.8000000000000p%2B1,33,0.462,1.54568,1.5912952361802768,1.104336015201135,defined,-0.04130557688274697,sensitivity_only
id:x%3A0x1.8000000000000p%2B1,34,0.476,1.55464,1.5090247638197232,1.104336015201135,defined,0.04130557688274697,sensitivity_only
id:x%3A0x1.8000000000000p%2B1,35,0.49,1.5636,1.609215236180277,1.104336015201135,defined,-0.04130557688274697,sensitivity_only
id:x%3A0x1.8000000000000p%2B1,36,0.504,1.57256,1.5323257819405565,0.9740626108105254,defined,0.04130557688274697,sensitivity_only
id:x%3A0x1.8000000000000p%2B1,37,0.518,1.58152,1.6217542180594435,0.9740626108105254,defined,-0.04130557688274697,sensitivity_only
id:x%3A0x1.8000000000000p%2B1,38,0.532,1.59048,1.5502457819405564,0.9740626108105254,defined,0.04130557688274697,sensitivity_only
id:x%3A0x1.8000000000000p%2B1,39,0.546,1.59944,1.6396742180594435,0.9740626108105254,defined,-0.04130557688274697,sensitivity_only
id:x%3A0x1.8000000000000p%2B1,40,0.56,1.6084,1.5681657819405566,0.9740626108105254,defined,0.04130557688274697,sensitivity_only
id:x%3A0x1.8000000000000p%2B1,41,0.574,1.61736,1.6575942180594434,0.9740626108105254,defined,-0.04130557688274697,sensitivity_only
id:x%3A0x1.8000000000000p%2B1,42,0.588,1.62632,1.5860857819405565,0.9740626108105254,defined,0.04130557688274697,sensitivity_only
id:x%3A0x1.8000000000000p%2B1,43,0.602,1.63528,1.6755142180594436,0.9740626108105254,defined,-0.04130557688274697,sensitivity_only
id:x%3A0x1.8000000000000p%2B1,44,0.616,1.64424,1.6040057819405564,0.9740626108105254,defined,0.04130557688274697,sensitivity_only
id:x%3A0x1.8000000000000p%2B1,45,0.63,1.6532,1.6934342180594435,0.9740626108105254,defined,-0.04130557688274697,sensitivity_only
id:x%3A0x1.8000000000000p%2B1,46,0.644,1.66216,1.6219257819405566,0.9740626108105254,defined,0.04130557688274697,sensitivity_only
id:x%3A0x1.8000000000000p%2B1,47,0.658,1.6711200000000002,1.7113542180594437,0.9740626108105254,defined,-0.04130557688274697,sensitivity_only
id:x%3A0x1.8000000000000p%2B1,48,0.672,1.68008,1.6398457819405565,0.9740626108105254,defined,0.04130557688274697,sensitivity_only
id:x%3A0x1.8000000000000p%2B1,49,0.686,1.68904,1.7292742180594436,0.9740626108105254,defined,-0.04130557688274697,sensitivity_only
id:x%3A0x1.8000000000000p%2B1,50,0.7,1.698,1.6577657819405565,0.9740626108105254,defined,0.04130557688274697,sensitivity_only
id:x%3A0x1.8000000000000p%2B1,51,0.714,1.70696,1.7471942180594435,0.9740626108105254,defined,-0.04130557688274697,sensitivity_only
id:x%3A0x1.8000000000000p%2B1,52,0.728,1.7159200000000001,1.6756857819405566,0.9740626108105254,defined,0.04130557688274697,sensitivity_only
id:x%3A0x1.8000000000000p%2B1,53,0.742,1.72488,1.7651142180594435,0.9740626108105254,defined,-0.04130557688274697,sensitivity_only
id:x%3A0x1.8000000000000p%2B1,54,0.756,1.73384,1.6936057819405566,0.9740626108105254,defined,0.04130557688274697,sensitivity_only
id:x%3A0x1.8000000000000p%2B1,55,0.77,1.7428,1.7830342180594434,0.9740626108105254,defined,-0.04130557688274697,sensitivity_only
id:x%3A0x1.8000000000000p%2B1,56,0.784,1.75176,1.7115257819405565,0.9740626108105254,defined,0.04130557688274697,sensitivity_only
id:x%3A0x1.8000000000000p%2B1,57,0.798,1.76072,1.8009542180594436,0.9740626108105254,defined,-0.04130557688274697,sensitivity_only
id:x%3A0x1.8000000000000p%2B1,58,0.812,1.7696800000000001,1.7294457819405566,0.9740626108105254,defined,0.04130557688274697,sensitivity_only
id:x%3A0x1.8000000000000p%2B1,59,0.826,1.77864,1.8188742180594435,0.9740626108105254,defined,-0.04130557688274697,sensitivity_only
id:x%3A0x1.8000000000000p%2B1,60,0.84,1.7875999999999999,1.7473657819405564,0.9740626108105254,defined,0.04130557688274697,sensitivity_only
id:x%3A0x1.8000000000000p%2B1,61,0.854,1.79656,1.8367942180594434,0.9740626108105254,defined,-0.04130557688274697,sensitivity_only
id:x%3A0x1.8000000000000p%2B1,62,0.868,1.80552,1.7652857819405565,0.9740626108105254,defined,0.04130557688274697,sensitivity_only
id:x%3A0x1.8000000000000p%2B1,63,0.882,1.81448,1.8547142180594436,0.9740626108105254,defined,-0.04130557688274697,sensitivity_only
id:x%3A0x1.8000000000000p%2B1,64,0.896,1.8234400000000002,1.7832057819405567,0.9740626108105254,defined,0.04130557688274697,sensitivity_only
id:x%3A0x1.8000000000000p%2B1,65,0.91,1.8324,1.8726342180594435,0.9740626108105254,defined,-0.04130557688274697,sensitivity_only
id:x%3A0x1.8000000000000p%2B1,66,0.924,1.8413599999999999,1.8011257819405564,0.9740626108105254,defined,0.04130557688274697,sensitivity_only
id:x%3A0x1.8000000000000p%2B1,67,0.938,1.85032,1.8905542180594435,0.9740626108105254,defined,-0.04130557688274697,sensitivity_only
id:x%3A0x1.8000000000000p%2B1,68,0.952,1.85928,1.8190457819405565,0.9740626108105254,defined,0.04130557688274697,sensitivity_only
id:x%3A0x1.8000000000000p%2B1,69,0.966,1.8682400000000001,1.9084742180594436,0.9740626108105254,defined,-0.04130557688274697,sensitivity_only
id:x%3A0x1.8000000000000p%2B1,70,0.98,1.8772,1.8369657819405565,0.9740626108105254,defined,0.04130557688274697,sensitivity_only
id:x%3A0x1.8000000000000p%2B1,71,0.994,1.88616,1.9263942180594436,0.9740626108105254,defined,-0.04130557688274697,sensitivity_only
id:x%3A0x1.8000000000000p%2B1,72,1.0,1.8900000000000001,1.8497657819405566,0.9740626108105254,defined,0.04130557688274697,sensitivity_only
id:x%3A0x1.8000000000000p%2B1,73,1.008,1.89512,1.9353542180594434,0.9740626108105254,defined,-0.04130557688274697,sensitivity_only
id:x%3A0x1.8000000000000p%2B1,74,1.022,1.90408,1.8638457819405565,0.9740626108105254,defined,0.04130557688274697,sensitivity_only
id:x%3A0x1.8000000000000p%2B1,75,1.036,1.91304,1.9532742180594436,0.9740626108105254,defined,-0.04130557688274697,sensitivity_only
id:x%3A0x1.8000000000000p%2B1,76,1.05,1.9220000000000002,1.8817657819405567,0.9740626108105254,defined,0.04130557688274697,sensitivity_only
id:x%3A0x1.8000000000000p%2B1,77,1.064,1.93096,1.9711942180594435,0.9740626108105254,defined,-0.04130557688274697,sensitivity_only
id:x%3A0x1.8000000000000p%2B1,78,1.078,1.93992,1.8996857819405566,0.9740626108105254,defined,0.04130557688274697,sensitivity_only
id:x%3A0x1.8000000000000p%2B1,79,1.092,1.94888,1.9891142180594434,0.9740626108105254,defined,-0.04130557688274697,sensitivity_only
id:x%3A0x1.8000000000000p%2B1,80,1.106,1.95784,1.9176057819405565,0.9740626108105254,defined,0.04130557688274697,sensitivity_only
id:x%3A0x1.8000000000000p%2B1,81,1.12,1.9668,2.0070342180594434,0.9740626108105254,defined,-0.04130557688274697,sensitivity_only
id:x%3A0x1.8000000000000p%2B1,82,1.134,1.97576,1.9355257819405565,0.9740626108105254,defined,0.04130557688274697,sensitivity_only
id:x%3A0x1.8000000000000p%2B1,83,1.148,1.9847199999999998,2.024954218059443,0.9740626108105254,defined,-0.04130557688274697,sensitivity_only
id:x%3A0x1.8000000000000p%2B1,84,1.162,1.99368,1.9534457819405564,0.9740626108105254,defined,0.04130557688274697,sensitivity_only
id:x%3A0x1.8000000000000p%2B1,85,1.176,2.00264,2.0428742180594432,0.9740626108105254,defined,-0.04130557688274697,sensitivity_only
id:x%3A0x1.8000000000000p%2B1,86,1.19,2.0116,1.9713657819405566,0.9740626108105254,defined,0.04130557688274697,sensitivity_only
id:x%3A0x1.8000000000000p%2B1,87,1.204,2.02056,2.0607942180594434,0.9740626108105254,defined,-0.04130557688274697,sensitivity_only
id:x%3A0x1.8000000000000p%2B1,88,1.218,2.0295199999999998,1.9892857819405563,0.9740626108105254,defined,0.04130557688274697,sensitivity_only
id:x%3A0x1.8000000000000p%2B1,89,1.232,2.03848,2.078714218059443,0.9740626108105254,defined,-0.04130557688274697,sensitivity_only
id:x%3A0x1.8000000000000p%2B1,90,1.246,2.04744,2.0072057819405567,0.9740626108105254,defined,0.04130557688274697,sensitivity_only
id:x%3A0x1.8000000000000p%2B1,91,1.26,2.0564,2.0966342180594433,0.9740626108105254,defined,-0.04130557688274697,sensitivity_only
id:x%3A0x1.8000000000000p%2B1,92,1.274,2.06536,2.025125781940557,0.9740626108105254,defined,0.04130557688274697,sensitivity_only
id:x%3A0x1.8000000000000p%2B1,93,1.288,2.07432,2.1145542180594434,0.9740626108105254,defined,-0.04130557688274697,sensitivity_only
id:x%3A0x1.8000000000000p%2B1,94,1.302,2.0832800000000002,2.043045781940557,0.9740626108105254,defined,0.04130557688274697,sensitivity_only
id:x%3A0x1.8000000000000p%2B1,95,1.316,2.0922400000000003,2.1324742180594436,0.9740626108105254,defined,-0.04130557688274697,sensitivity_only
id:x%3A0x1.8000000000000p%2B1,96,1.33,2.1012,2.0609657819405567,0.9740626108105254,defined,0.04130557688274697,sensitivity_only
id:x%3A0x1.8000000000000p%2B1,97,1.344,2.11016,2.1503942180594433,0.9740626108105254,defined,-0.04130557688274697,sensitivity_only
id:x%3A0x1.8000000000000p%2B1,98,1.358,2.11912,2.078885781940557,0.9740626108105254,defined,0.04130557688274697,sensitivity_only
id:x%3A0x1.8000000000000p%2B1,99,1.372,2.12808,2.1683142180594435,0.9740626108105254,defined,-0.04130557688274697,sensitivity_only
id:x%3A0x1.8000000000000p%2B1,100,1.386,2.13704,2.0968057819405566,0.9740626108105254,defined,0.04130557688274697,sensitivity_only
id:x%3A0x1.8000000000000p%2B1,101,1.4,2.146,2.186234218059443,0.9740626108105254,defined,-0.04130557688274697,sensitivity_only
id:x%3A0x1.8000000000000p%2B1,102,1.414,2.15496,2.1147257819405567,0.9740626108105254,defined,0.04130557688274697,sensitivity_only
id:x%3A0x1.8000000000000p%2B1,103,1.428,2.16392,2.2041542180594433,0.9740626108105254,defined,-0.04130557688274697,sensitivity_only
id:x%3A0x1.8000000000000p%2B1,104,1.442,2.17288,2.132645781940557,0.9740626108105254,defined,0.04130557688274697,sensitivity_only
id:x%3A0x1.8000000000000p%2B1,105,1.456,2.1818400000000002,2.2220742180594435,0.9740626108105254,defined,-0.04130557688274697,sensitivity_only
id:x%3A0x1.8000000000000p%2B1,106,1.47,2.1908,2.1505657819405566,0.9740626108105254,defined,0.04130557688274697,sensitivity_only
id:x%3A0x1.8000000000000p%2B1,107,1.484,2.19976,2.239994218059443,0.9740626108105254,defined,-0.04130557688274697,sensitivity_only
id:x%3A0x1.8000000000000p%2B1,108,1.498,2.20872,2.1684857819405567,0.9740626108105254,defined,0.04130557688274697,sensitivity_only
id:x%3A0x1.8000000000000p%2B1,109,1.512,2.21768,2.2648256174806978,1.1413862494773641,defined,-0.04130557688274697,sensitivity_only
id:x%3A0x1.8000000000000p%2B1,110,1.526,2.22664,2.1794943825193025,1.1413862494773641,defined,0.04130557688274697,sensitivity_only
id:x%3A0x1.8000000000000p%2B1,111,1.54,2.2356,2.2827456174806975,1.1413862494773641,defined,-0.04130557688274697,sensitivity_only
id:x%3A0x1.8000000000000p%2B1,112,1.554,2.24456,2.197414382519302,1.1413862494773641,defined,0.04130557688274697,sensitivity_only
id:x%3A0x1.8000000000000p%2B1,113,1.568,2.25352,2.3006656174806976,1.1413862494773641,defined,-0.04130557688274697,sensitivity_only
id:x%3A0x1.8000000000000p%2B1,114,1.582,2.26248,2.2153343825193024,1.1413862494773641,defined,0.04130557688274697,sensitivity_only
id:x%3A0x1.8000000000000p%2B1,115,1.596,2.27144,2.318585617480698,1.1413862494773641,defined,-0.04130557688274697,sensitivity_only
id:x%3A0x1.8000000000000p%2B1,116,1.61,2.2804,2.2332543825193025,1.1413862494773641,defined,0.04130557688274697,sensitivity_only
id:x%3A0x1.8000000000000p%2B1,117,1.624,2.2893600000000003,2.336505617480698,1.1413862494773641,defined,-0.04130557688274697,sensitivity_only
id:x%3A0x1.8000000000000p%2B1,118,1.638,2.29832,2.2511743825193022,1.1413862494773641,defined,0.04130557688274697,sensitivity_only
id:x%3A0x1.8000000000000p%2B1,119,1.652,2.30728,2.3544256174806977,1.1413862494773641,defined,-0.04130557688274697,sensitivity_only
id:x%3A0x1.8000000000000p%2B1,120,1.666,2.31624,2.2690943825193024,1.1413862494773641,defined,0.04130557688274697,sensitivity_only
id:x%3A0x1.8000000000000p%2B1,121,1.68,2.3251999999999997,2.3723456174806974,1.1413862494773641,defined,-0.04130557688274697,sensitivity_only
id:x%3A0x1.8000000000000p%2B1,122,1.694,2.33416,2.287014382519302,1.1413862494773641,defined,0.04130557688274697,sensitivity_only
id:x%3A0x1.8000000000000p%2B1,123,1.708,2.34312,2.3902656174806975,1.1413862494773641,defined,-0.04130557688274697,sensitivity_only
id:x%3A0x1.8000000000000p%2B1,124,1.722,2.35208,2.3049343825193023,1.1413862494773641,defined,0.04130557688274697,sensitivity_only
id:x%3A0x1.8000000000000p%2B1,125,1.736,2.36104,2.4081856174806977,1.1413862494773641,defined,-0.04130557688274697,sensitivity_only
id:x%3A0x1.8000000000000p%2B1,126,1.75,2.37,2.3228543825193024,1.1413862494773641,defined,0.04130557688274697,sensitivity_only
id:x%3A0x1.8000000000000p%2B1,127,1.764,2.37896,2.426105617480698,1.1413862494773641,defined,-0.04130557688274697,sensitivity_only
id:x%3A0x1.8000000000000p%2B1,128,1.778,2.3879200000000003,2.3407743825193026,1.1413862494773641,defined,0.04130557688274697,sensitivity_only
id:x%3A0x1.8000000000000p%2B1,129,1.792,2.3968800000000003,2.444025617480698,1.1413862494773641,defined,-0.04130557688274697,sensitivity_only
id:x%3A0x1.8000000000000p%2B1,130,1.806,2.40584,2.3586943825193023,1.1413862494773641,defined,0.04130557688274697,sensitivity_only
id:x%3A0x1.8000000000000p%2B1,131,1.82,2.4148,2.4619456174806977,1.1413862494773641,defined,-0.04130557688274697,sensitivity_only
id:x%3A0x1.8000000000000p%2B1,132,1.834,2.42376,2.3766143825193025,1.1413862494773641,defined,0.04130557688274697,sensitivity_only
id:x%3A0x1.8000000000000p%2B1,133,1.848,2.4327199999999998,2.4798656174806974,1.1413862494773641,defined,-0.04130557688274697,sensitivity_only
id:x%3A0x1.8000000000000p%2B1,134,1.862,2.44168,2.394534382519302,1.1413862494773641,defined,0.04130557688274697,sensitivity_only
id:x%3A0x1.8000000000000p%2B1,135,1.876,2.45064,2.4977856174806976,1.1413862494773641,defined,-0.04130557688274697,sensitivity_only
id:x%3A0x1.8000000000000p%2B1,136,1.89,2.4596,2.4124543825193023,1.1413862494773641,defined,0.04130557688274697,sensitivity_only
id:x%3A0x1.8000000000000p%2B1,137,1.904,2.46856,2.5157056174806978,1.1413862494773641,defined,-0.04130557688274697,sensitivity_only
id:x%3A0x1.8000000000000p%2B1,138,1.918,2.47752,2.4303743825193025,1.1413862494773641,defined,0.04130557688274697,sensitivity_only
id:x%3A0x1.8000000000000p%2B1,139,1.932,2.4864800000000002,2.533625617480698,1.1413862494773641,defined,-0.04130557688274697,sensitivity_only
id:x%3A0x1.8000000000000p%2B1,140,1.946,2.4954400000000003,2.4482943825193026,1.1413862494773641,defined,0.04130557688274697,sensitivity_only
id:x%3A0x1.8000000000000p%2B1,141,1.96,2.5044,2.5515456174806976,1.1413862494773641,defined,-0.04130557688274697,sensitivity_only
id:x%3A0x1.8000000000000p%2B1,142,1.974,2.51336,2.4662143825193024,1.1413862494773641,defined,0.04130557688274697,sensitivity_only
id:x%3A0x1.8000000000000p%2B1,143,1.988,2.52232,2.569465617480698,1.1413862494773641,defined,-0.04130557688274697,sensitivity_only
id:x%3A0x1.8000000000000p%2B1,144,2.0,2.5300000000000002,2.4828543825193026,1.1413862494773641,defined,0.04130557688274697,sensitivity_only
id:x%3A0x1.8000000000000p%2B1,145,2.002,2.5312799999999998,2.5784256174806974,1.1413862494773641,defined,-0.04130557688274697,sensitivity_only
id:x%3A0x1.8000000000000p%2B1,146,2.016,2.54024,2.493094382519302,1.1413862494773641,defined,0.04130557688274697,sensitivity_only
id:x%3A0x1.8000000000000p%2B1,147,2.03,2.5492,2.5963456174806976,1.1413862494773641,defined,-0.04130557688274697,sensitivity_only
id:x%3A0x1.8000000000000p%2B1,148,2.044,2.55816,2.5110143825193023,1.1413862494773641,defined,0.04130557688274697,sensitivity_only
id:x%3A0x1.8000000000000p%2B1,149,2.058,2.56712,2.6142656174806977,1.1413862494773641,defined,-0.04130557688274697,sensitivity_only
id:x%3A0x1.8000000000000p%2B1,150,2.072,2.57608,2.5289343825193025,1.1413862494773641,defined,0.04130557688274697,sensitivity_only
id:x%3A0x1.8000000000000p%2B1,151,2.086,2.5850400000000002,2.632185617480698,1.1413862494773641,defined,-0.04130557688274697,sensitivity_only
id:x%3A0x1.8000000000000p%2B1,152,2.1,2.5940000000000003,2.5468543825193026,1.1413862494773641,defined,0.04130557688274697,sensitivity_only
id:x%3A0x1.8000000000000p%2B1,153,2.114,2.60296,2.6501056174806976,1.1413862494773641,defined,-0.04130557688274697,sensitivity_only
id:x%3A0x1.8000000000000p%2B1,154,2.128,2.61192,2.5647743825193023,1.1413862494773641,defined,0.04130557688274697,sensitivity_only
id:x%3A0x1.8000000000000p%2B1,155,2.142,2.6208799999999997,2.6680256174806973,1.1413862494773641,defined,-0.04130557688274697,sensitivity_only
id:x%3A0x1.8000000000000p%2B1,156,2.156,2.62984,2.5826943825193025,1.1413862494773641,defined,0.04130557688274697,sensitivity_only
id:x%3A0x1.8000000000000p%2B1,157,2.17,2.6388,2.6859456174806975,1.1413862494773641,defined,-0.04130557688274697,sensitivity_only
id:x%3A0x1.8000000000000p%2B1,158,2.184,2.64776,2.600614382519302,1.1413862494773641,defined,0.04130557688274697,sensitivity_only
id:x%3A0x1.8000000000000p%2B1,159,2.198,2.65672,2.7038656174806976,1.1413862494773641,defined,-0.04130557688274697,sensitivity_only
id:x%3A0x1.8000000000000p%2B1,160,2.212,2.66568,2.6185343825193024,1.1413862494773641,defined,0.04130557688274697,sensitivity_only
id:x%3A0x1.8000000000000p%2B1,161,2.226,2.67464,2.721785617480698,1.1413862494773641,defined,-0.04130557688274697,sensitivity_only
id:x%3A0x1.8000000000000p%2B1,162,2.24,2.6836,2.6364543825193025,1.1413862494773641,defined,0.04130557688274697,sensitivity_only
id:x%3A0x1.8000000000000p%2B1,163,2.254,2.6925600000000003,2.739705617480698,1.1413862494773641,defined,-0.04130557688274697,sensitivity_only
id:x%3A0x1.8000000000000p%2B1,164,2.268,2.70152,2.6543743825193022,1.1413862494773641,defined,0.04130557688274697,sensitivity_only
id:x%3A0x1.8000000000000p%2B1,165,2.282,2.71048,2.7576256174806977,1.1413862494773641,defined,-0.04130557688274697,sensitivity_only
id:x%3A0x1.8000000000000p%2B1,166,2.296,2.7194399999999996,2.672294382519302,1.1413862494773641,defined,0.04130557688274697,sensitivity_only
id:x%3A0x1.8000000000000p%2B1,167,2.31,2.7284,2.775545617480698,1.1413862494773641,defined,-0.04130557688274697,sensitivity_only
id:x%3A0x1.8000000000000p%2B1,168,2.324,2.73736,2.690214382519302,1.1413862494773641,defined,0.04130557688274697,sensitivity_only
id:x%3A0x1.8000000000000p%2B1,169,2.338,2.74632,2.7934656174806975,1.1413862494773641,defined,-0.04130557688274697,sensitivity_only
id:x%3A0x1.8000000000000p%2B1,170,2.352,2.75528,2.7081343825193023,1.1413862494773641,defined,0.04130557688274697,sensitivity_only
id:x%3A0x1.8000000000000p%2B1,171,2.366,2.76424,2.8113856174806977,1.1413862494773641,defined,-0.04130557688274697,sensitivity_only
id:x%3A0x1.8000000000000p%2B1,172,2.38,2.7732,2.7260543825193024,1.1413862494773641,defined,0.04130557688274697,sensitivity_only
id:x%3A0x1.8000000000000p%2B1,173,2.394,2.78216,2.829305617480698,1.1413862494773641,defined,-0.04130557688274697,sensitivity_only
id:x%3A0x1.8000000000000p%2B1,174,2.408,2.7911200000000003,2.7439743825193026,1.1413862494773641,defined,0.04130557688274697,sensitivity_only
id:x%3A0x1.8000000000000p%2B1,175,2.422,2.8000800000000003,2.847225617480698,1.1413862494773641,defined,-0.04130557688274697,sensitivity_only
id:x%3A0x1.8000000000000p%2B1,176,2.436,2.80904,2.7618943825193023,1.1413862494773641,defined,0.04130557688274697,sensitivity_only
id:x%3A0x1.8000000000000p%2B1,177,2.45,2.818,2.8651456174806977,1.1413862494773641,defined,-0.04130557688274697,sensitivity_only
id:x%3A0x1.8000000000000p%2B1,178,2.464,2.8269599999999997,2.779814382519302,1.1413862494773641,defined,0.04130557688274697,sensitivity_only
id:x%3A0x1.8000000000000p%2B1,179,2.478,2.83592,2.883065617480698,1.1413862494773641,defined,-0.04130557688274697,sensitivity_only
id:x%3A0x1.8000000000000p%2B1,180,2.492,2.84488,2.797734382519302,1.1413862494773641,defined,0.04130557688274697,sensitivity_only
id:x%3A0x1.8000000000000p%2B1,181,2.506,2.85384,2.907787315220966,1.3060540317377747,defined,-0.04130557688274697,sensitivity_only
id:x%3A0x1.8000000000000p%2B1,182,2.52,2.8628,2.808852684779034,1.3060540317377747,defined,0.04130557688274697,sensitivity_only
id:x%3A0x1.8000000000000p%2B1,183,2.534,2.87176,2.9257073152209663,1.3060540317377747,defined,-0.04130557688274697,sensitivity_only
id:x%3A0x1.8000000000000p%2B1,184,2.548,2.88072,2.826772684779034,1.3060540317377747,defined,0.04130557688274697,sensitivity_only
id:x%3A0x1.8000000000000p%2B1,185,2.562,2.8896800000000002,2.9436273152209664,1.3060540317377747,defined,-0.04130557688274697,sensitivity_only
id:x%3A0x1.8000000000000p%2B1,186,2.576,2.8986400000000003,2.844692684779034,1.3060540317377747,defined,0.04130557688274697,sensitivity_only
id:x%3A0x1.8000000000000p%2B1,187,2.59,2.9076,2.961547315220966,1.3060540317377747,defined,-0.04130557688274697,sensitivity_only
id:x%3A0x1.8000000000000p%2B1,188,2.604,2.91656,2.862612684779034,1.3060540317377747,defined,0.04130557688274697,sensitivity_only
id:x%3A0x1.8000000000000p%2B1,189,2.618,2.9255199999999997,2.979467315220966,1.3060540317377747,defined,-0.04130557688274697,sensitivity_only
id:x%3A0x1.8000000000000p%2B1,190,2.632,2.93448,2.880532684779034,1.3060540317377747,defined,0.04130557688274697,sensitivity_only
id:x%3A0x1.8000000000000p%2B1,191,2.646,2.94344,2.997387315220966,1.3060540317377747,defined,-0.04130557688274697,sensitivity_only
id:x%3A0x1.8000000000000p%2B1,192,2.66,2.9524,2.8984526847790337,1.3060540317377747,defined,0.04130557688274697,sensitivity_only
id:x%3A0x1.8000000000000p%2B1,193,2.674,2.96136,3.015307315220966,1.3060540317377747,defined,-0.04130557688274697,sensitivity_only
id:x%3A0x1.8000000000000p%2B1,194,2.688,2.97032,2.916372684779034,1.3060540317377747,defined,0.04130557688274697,sensitivity_only
id:x%3A0x1.8000000000000p%2B1,195,2.702,2.97928,3.0332273152209663,1.3060540317377747,defined,-0.04130557688274697,sensitivity_only
id:x%3A0x1.8000000000000p%2B1,196,2.716,2.9882400000000002,2.934292684779034,1.3060540317377747,defined,0.04130557688274697,sensitivity_only
id:x%3A0x1.8000000000000p%2B1,197,2.73,2.9972000000000003,3.0511473152209665,1.3060540317377747,defined,-0.04130557688274697,sensitivity_only
id:x%3A0x1.8000000000000p%2B1,198,2.744,3.0061600000000004,2.952212684779034,1.3060540317377747,defined,0.04130557688274697,sensitivity_only
id:x%3A0x1.8000000000000p%2B1,199,2.758,3.01512,3.069067315220966,1.3060540317377747,defined,-0.04130557688274697,sensitivity_only
id:x%3A0x1.8000000000000p%2B1,200,2.772,3.0240799999999997,2.9701326847790335,1.3060540317377747,defined,0.04130557688274697,sensitivity_only
id:x%3A0x1.8000000000000p%2B1,201,2.786,3.0330399999999997,3.086987315220966,1.3060540317377747,defined,-0.04130557688274697,sensitivity_only
id:x%3A0x1.8000000000000p%2B1,202,2.8,3.042,2.9880526847790336,1.3060540317377747,defined,0.04130557688274697,sensitivity_only
id:x%3A0x1.8000000000000p%2B1,203,2.814,3.05096,3.104907315220966,1.3060540317377747,defined,-0.04130557688274697,sensitivity_only
id:x%3A0x1.8000000000000p%2B1,204,2.828,3.05992,3.005972684779034,1.3060540317377747,defined,0.04130557688274697,sensitivity_only
id:x%3A0x1.8000000000000p%2B1,205,2.842,3.06888,3.1228273152209662,1.3060540317377747,defined,-0.04130557688274697,sensitivity_only
id:x%3A0x1.8000000000000p%2B1,206,2.856,3.07784,3.023892684779034,1.3060540317377747,defined,0.04130557688274697,sensitivity_only
id:x%3A0x1.8000000000000p%2B1,207,2.87,3.0868,3.1407473152209664,1.3060540317377747,defined,-0.04130557688274697,sensitivity_only
id:x%3A0x1.8000000000000p%2B1,208,2.884,3.0957600000000003,3.041812684779034,1.3060540317377747,defined,0.04130557688274697,sensitivity_only
id:x%3A0x1.8000000000000p%2B1,209,2.898,3.1047200000000004,3.1586673152209666,1.3060540317377747,defined,-0.04130557688274697,sensitivity_only
id:x%3A0x1.8000000000000p%2B1,210,2.912,3.11368,3.059732684779034,1.3060540317377747,defined,0.04130557688274697,sensitivity_only
id:x%3A0x1.8000000000000p%2B1,211,2.926,3.12264,3.1765873152209663,1.3060540317377747,defined,-0.04130557688274697,sensitivity_only
id:x%3A0x1.8000000000000p%2B1,212,2.94,3.1315999999999997,3.0776526847790335,1.3060540317377747,defined,0.04130557688274697,sensitivity_only
id:x%3A0x1.8000000000000p%2B1,213,2.954,3.1405600000000002,3.1945073152209664,1.3060540317377747,defined,-0.04130557688274697,sensitivity_only
id:x%3A0x1.8000000000000p%2B1,214,2.968,3.14952,3.0955726847790337,1.3060540317377747,defined,0.04130557688274697,sensitivity_only
id:x%3A0x1.8000000000000p%2B1,215,2.982,3.15848,3.212427315220966,1.3060540317377747,defined,-0.04130557688274697,sensitivity_only
id:x%3A0x1.8000000000000p%2B1,216,2.996,3.16744,3.113492684779034,1.3060540317377747,defined,0.04130557688274697,sensitivity_only
id:x%3A0x1.8000000000000p%2B1,217,3.0,3.17,3.223947315220966,1.3060540317377747,defined,-0.04130557688274697,sensitivity_only
id:x%3A0x1.8000000000000p%2B1,218,3.01,3.1764,3.122452684779034,1.3060540317377747,defined,0.04130557688274697,sensitivity_only
id:x%3A0x1.8000000000000p%2B1,219,3.024,3.18536,3.2393073152209664,1.3060540317377747,defined,-0.04130557688274697,sensitivity_only
id:x%3A0x1.8000000000000p%2B1,220,3.038,3.19432,3.1403726847790336,1.3060540317377747,defined,0.04130557688274697,sensitivity_only
id:x%3A0x1.8000000000000p%2B1,221,3.052,3.2032800000000003,3.2572273152209665,1.3060540317377747,defined,-0.04130557688274697,sensitivity_only
id:x%3A0x1.8000000000000p%2B1,222,3.066,3.21224,3.158292684779034,1.3060540317377747,defined,0.04130557688274697,sensitivity_only
id:x%3A0x1.8000000000000p%2B1,223,3.08,3.2212,3.2751473152209662,1.3060540317377747,defined,-0.04130557688274697,sensitivity_only
id:x%3A0x1.8000000000000p%2B1,224,3.094,3.2301599999999997,3.1762126847790335,1.3060540317377747,defined,0.04130557688274697,sensitivity_only
id:x%3A0x1.8000000000000p%2B1,225,3.108,3.2391199999999998,3.293067315220966,1.3060540317377747,defined,-0.04130557688274697,sensitivity_only
id:x%3A0x1.8000000000000p%2B1,226,3.122,3.24808,3.1941326847790337,1.3060540317377747,defined,0.04130557688274697,sensitivity_only
id:x%3A0x1.8000000000000p%2B1,227,3.136,3.25704,3.310987315220966,1.3060540317377747,defined,-0.04130557688274697,sensitivity_only
id:x%3A0x1.8000000000000p%2B1,228,3.15,3.266,3.212052684779034,1.3060540317377747,defined,0.04130557688274697,sensitivity_only
id:x%3A0x1.8000000000000p%2B1,229,3.164,3.27496,3.3289073152209663,1.3060540317377747,defined,-0.04130557688274697,sensitivity_only
id:x%3A0x1.8000000000000p%2B1,230,3.178,3.28392,3.229972684779034,1.3060540317377747,defined,0.04130557688274697,sensitivity_only
id:x%3A0x1.8000000000000p%2B1,231,3.192,3.2928800000000003,3.3468273152209664,1.3060540317377747,defined,-0.04130557688274697,sensitivity_only
id:x%3A0x1.8000000000000p%2B1,232,3.206,3.30184,3.2478926847790337,1.3060540317377747,defined,0.04130557688274697,sensitivity_only
id:x%3A0x1.8000000000000p%2B1,233,3.22,3.3108,3.364747315220966,1.3060540317377747,defined,-0.04130557688274697,sensitivity_only
id:x%3A0x1.8000000000000p%2B1,234,3.234,3.31976,3.265812684779034,1.3060540317377747,defined,0.04130557688274697,sensitivity_only
id:x%3A0x1.8000000000000p%2B1,235,3.248,3.32872,3.3826673152209663,1.3060540317377747,defined,-0.04130557688274697,sensitivity_only
id:x%3A0x1.8000000000000p%2B1,236,3.262,3.33768,3.283732684779034,1.3060540317377747,defined,0.04130557688274697,sensitivity_only
id:x%3A0x1.8000000000000p%2B1,237,3.276,3.34664,3.400587315220966,1.3060540317377747,defined,-0.04130557688274697,sensitivity_only
id:x%3A0x1.8000000000000p%2B1,238,3.29,3.3556,3.3016526847790337,1.3060540317377747,defined,0.04130557688274697,sensitivity_only
id:x%3A0x1.8000000000000p%2B1,239,3.304,3.36456,3.418507315220966,1.3060540317377747,defined,-0.04130557688274697,sensitivity_only
id:x%3A0x1.8000000000000p%2B1,240,3.318,3.37352,3.319572684779034,1.3060540317377747,defined,0.04130557688274697,sensitivity_only
id:x%3A0x1.8000000000000p%2B1,241,3.332,3.38248,3.4364273152209663,1.3060540317377747,defined,-0.04130557688274697,sensitivity_only
id:x%3A0x1.8000000000000p%2B1,242,3.346,3.3914400000000002,3.337492684779034,1.3060540317377747,defined,0.04130557688274697,sensitivity_only
id:x%3A0x1.8000000000000p%2B1,243,3.36,3.4004,3.454347315220966,1.3060540317377747,defined,-0.04130557688274697,sensitivity_only
id:x%3A0x1.8000000000000p%2B1,244,3.374,3.40936,3.3554126847790338,1.3060540317377747,defined,0.04130557688274697,sensitivity_only
id:x%3A0x1.8000000000000p%2B1,245,3.388,3.41832,3.472267315220966,1.3060540317377747,defined,-0.04130557688274697,sensitivity_only
id:x%3A0x1.8000000000000p%2B1,246,3.402,3.42728,3.373332684779034,1.3060540317377747,defined,0.04130557688274697,sensitivity_only
id:x%3A0x1.8000000000000p%2B1,247,3.416,3.43624,3.4901873152209664,1.3060540317377747,defined,-0.04130557688274697,sensitivity_only
id:x%3A0x1.8000000000000p%2B1,248,3.43,3.4452000000000003,3.391252684779034,1.3060540317377747,defined,0.04130557688274697,sensitivity_only
id:x%3A0x1.8000000000000p%2B1,249,3.444,3.45416,3.508107315220966,1.3060540317377747,defined,-0.04130557688274697,sensitivity_only
id:x%3A0x1.8000000000000p%2B1,250,3.458,3.46312,3.409172684779034,1.3060540317377747,defined,0.04130557688274697,sensitivity_only
id:x%3A0x1.8000000000000p%2B1,251,3.472,3.47208,3.5260273152209662,1.3060540317377747,defined,-0.04130557688274697,sensitivity_only
id:x%3A0x1.8000000000000p%2B1,252,3.486,3.48104,3.427092684779034,1.3060540317377747,defined,0.04130557688274697,sensitivity_only
id:x%3A0x1.8000000000000p%2B1,253,3.5,3.49,3.5439473152209664,1.3060540317377747,defined,-0.04130557688274697,sensitivity_only
id:x%3A0x1.8000000000000p%2B1,254,3.514,3.49896,3.453344763819723,1.104336015201135,defined,0.04130557688274697,sensitivity_only
id:x%3A0x1.8000000000000p%2B1,255,3.528,3.50792,3.553535236180277,1.104336015201135,defined,-0.04130557688274697,sensitivity_only
id:x%3A0x1.8000000000000p%2B1,256,3.542,3.51688,3.471264763819723,1.104336015201135,defined,0.04130557688274697,sensitivity_only
id:x%3A0x1.8000000000000p%2B1,257,3.556,3.52584,3.571455236180277,1.104336015201135,defined,-0.04130557688274697,sensitivity_only
id:x%3A0x1.8000000000000p%2B1,258,3.57,3.5348,3.4891847638197233,1.104336015201135,defined,0.04130557688274697,sensitivity_only
id:x%3A0x1.8000000000000p%2B1,259,3.584,3.5437600000000002,3.589375236180277,1.104336015201135,defined,-0.04130557688274697,sensitivity_only
id:x%3A0x1.8000000000000p%2B1,260,3.598,3.55272,3.507104763819723,1.104336015201135,defined,0.04130557688274697,sensitivity_only
id:x%3A0x1.8000000000000p%2B1,261,3.612,3.56168,3.607295236180277,1.104336015201135,defined,-0.04130557688274697,sensitivity_only
id:x%3A0x1.8000000000000p%2B1,262,3.626,3.57064,3.525024763819723,1.104336015201135,defined,0.04130557688274697,sensitivity_only
id:x%3A0x1.8000000000000p%2B1,263,3.64,3.5796,3.625215236180277,1.104336015201135,defined,-0.04130557688274697,sensitivity_only
id:x%3A0x1.8000000000000p%2B1,264,3.654,3.58856,3.5429447638197233,1.104336015201135,defined,0.04130557688274697,sensitivity_only
id:x%3A0x1.8000000000000p%2B1,265,3.668,3.5975200000000003,3.643135236180277,1.104336015201135,defined,-0.04130557688274697,sensitivity_only
id:x%3A0x1.8000000000000p%2B1,266,3.682,3.60648,3.560864763819723,1.104336015201135,defined,0.04130557688274697,sensitivity_only
id:x%3A0x1.8000000000000p%2B1,267,3.696,3.61544,3.661055236180277,1.104336015201135,defined,-0.04130557688274697,sensitivity_only
id:x%3A0x1.8000000000000p%2B1,268,3.71,3.6244,3.578784763819723,1.104336015201135,defined,0.04130557688274697,sensitivity_only
id:x%3A0x1.8000000000000p%2B1,269,3.724,3.63336,3.678975236180277,1.104336015201135,defined,-0.04130557688274697,sensitivity_only
id:x%3A0x1.8000000000000p%2B1,270,3.738,3.6423200000000002,3.5967047638197234,1.104336015201135,defined,0.04130557688274697,sensitivity_only
id:x%3A0x1.8000000000000p%2B1,271,3.752,3.65128,3.6968952361802767,1.104336015201135,defined,-0.04130557688274697,sensitivity_only
id:x%3A0x1.8000000000000p%2B1,272,3.766,3.66024,3.614624763819723,1.104336015201135,defined,0.04130557688274697,sensitivity_only
id:x%3A0x1.8000000000000p%2B1,273,3.78,3.6692,3.714815236180277,1.104336015201135,defined,-0.04130557688274697,sensitivity_only
id:x%3A0x1.8000000000000p%2B1,274,3.794,3.67816,3.6325447638197232,1.104336015201135,defined,0.04130557688274697,sensitivity_only
id:x%3A0x1.8000000000000p%2B1,275,3.808,3.6871199999999997,3.7327352361802766,1.104336015201135,defined,-0.04130557688274697,sensitivity_only
id:x%3A0x1.8000000000000p%2B1,276,3.822,3.6960800000000003,3.6504647638197234,1.104336015201135,defined,0.04130557688274697,sensitivity_only
id:x%3A0x1.8000000000000p%2B1,277,3.836,3.70504,3.7506552361802767,1.104336015201135,defined,-0.04130557688274697,sensitivity_only
id:x%3A0x1.8000000000000p%2B1,278,3.85,3.714,3.668384763819723,1.104336015201135,defined,0.04130557688274697,sensitivity_only
id:x%3A0x1.8000000000000p%2B1,279,3.864,3.72296,3.768575236180277,1.104336015201135,defined,-0.04130557688274697,sensitivity_only
id:x%3A0x1.8000000000000p%2B1,280,3.878,3.73192,3.6863047638197233,1.104336015201135,defined,0.04130557688274697,sensitivity_only
id:x%3A0x1.8000000000000p%2B1,281,3.892,3.74088,3.786495236180277,1.104336015201135,defined,-0.04130557688274697,sensitivity_only
id:x%3A0x1.8000000000000p%2B1,282,3.906,3.7498400000000003,3.7042247638197234,1.104336015201135,defined,0.04130557688274697,sensitivity_only
id:x%3A0x1.8000000000000p%2B1,283,3.92,3.7588,3.8044152361802768,1.104336015201135,defined,-0.04130557688274697,sensitivity_only
id:x%3A0x1.8000000000000p%2B1,284,3.934,3.76776,3.722144763819723,1.104336015201135,defined,0.04130557688274697,sensitivity_only
id:x%3A0x1.8000000000000p%2B1,285,3.948,3.77672,3.822335236180277,1.104336015201135,defined,-0.04130557688274697,sensitivity_only
id:x%3A0x1.8000000000000p%2B1,286,3.962,3.78568,3.7400647638197233,1.104336015201135,defined,0.04130557688274697,sensitivity_only
id:x%3A0x1.8000000000000p%2B1,287,3.976,3.7946400000000002,3.840255236180277,1.104336015201135,defined,-0.04130557688274697,sensitivity_only
id:x%3A0x1.8000000000000p%2B1,288,3.99,3.8036000000000003,3.7579847638197235,1.104336015201135,defined,0.04130557688274697,sensitivity_only
id:x%3A0x1.8000000000000p%2B1,289,4.0,3.81,3.855615236180277,1.104336015201135,defined,-0.04130557688274697,sensitivity_only
id:x%3A0x1.8000000000000p%2B1,290,4.004,3.81256,3.766944763819723,1.104336015201135,defined,0.04130557688274697,sensitivity_only
id:x%3A0x1.8000000000000p%2B1,291,4.018,3.82152,3.867135236180277,1.104336015201135,defined,-0.04130557688274697,sensitivity_only
id:x%3A0x1.8000000000000p%2B1,292,4.032,3.83048,3.7848647638197233,1.104336015201135,defined,0.04130557688274697,sensitivity_only
id:x%3A0x1.8000000000000p%2B1,293,4.046,3.83944,3.885055236180277,1.104336015201135,defined,-0.04130557688274697,sensitivity_only
id:x%3A0x1.8000000000000p%2B1,294,4.06,3.8484,3.802784763819723,1.104336015201135,defined,0.04130557688274697,sensitivity_only
id:x%3A0x1.8000000000000p%2B1,295,4.074,3.85736,3.9029752361802768,1.104336015201135,defined,-0.04130557688274697,sensitivity_only
id:x%3A0x1.8000000000000p%2B1,296,4.088,3.86632,3.820704763819723,1.104336015201135,defined,0.04130557688274697,sensitivity_only
id:x%3A0x1.8000000000000p%2B1,297,4.102,3.87528,3.920895236180277,1.104336015201135,defined,-0.04130557688274697,sensitivity_only
id:x%3A0x1.8000000000000p%2B1,298,4.116,3.8842399999999997,3.838624763819723,1.104336015201135,defined,0.04130557688274697,sensitivity_only
id:x%3A0x1.8000000000000p%2B1,299,4.13,3.8931999999999998,3.9388152361802766,1.104336015201135,defined,-0.04130557688274697,sensitivity_only
id:x%3A0x1.8000000000000p%2B1,300,4.144,3.9021600000000003,3.8565447638197234,1.104336015201135,defined,0.04130557688274697,sensitivity_only
id:x%3A0x1.8000000000000p%2B1,301,4.158,3.9111200000000004,3.9567352361802772,1.104336015201135,defined,-0.04130557688274697,sensitivity_only
id:x%3A0x1.8000000000000p%2B1,302,4.172,3.92008,3.874464763819723,1.104336015201135,defined,0.04130557688274697,sensitivity_only
id:x%3A0x1.8000000000000p%2B1,303,4.186,3.92904,3.974655236180277,1.104336015201135,defined,-0.04130557688274697,sensitivity_only
id:x%3A0x1.8000000000000p%2B1,304,4.2,3.938,3.8923847638197233,1.104336015201135,defined,0.04130557688274697,sensitivity_only
id:x%3A0x1.8000000000000p%2B1,305,4.214,3.9469600000000002,3.992575236180277,1.104336015201135,defined,-0.04130557688274697,sensitivity_only
id:x%3A0x1.8000000000000p%2B1,306,4.228,3.95592,3.910304763819723,1.104336015201135,defined,0.04130557688274697,sensitivity_only
id:x%3A0x1.8000000000000p%2B1,307,4.242,3.96488,4.010495236180277,1.104336015201135,defined,-0.04130557688274697,sensitivity_only
id:x%3A0x1.8000000000000p%2B1,308,4.256,3.97384,3.928224763819723,1.104336015201135,defined,0.04130557688274697,sensitivity_only
id:x%3A0x1.8000000000000p%2B1,309,4.27,3.9827999999999997,4.028415236180277,1.104336015201135,defined,-0.04130557688274697,sensitivity_only
id:x%3A0x1.8000000000000p%2B1,310,4.284,3.9917599999999998,3.946144763819723,1.104336015201135,defined,0.04130557688274697,sensitivity_only
id:x%3A0x1.8000000000000p%2B1,311,4.298,4.00072,4.046335236180277,1.104336015201135,defined,-0.04130557688274697,sensitivity_only
id:x%3A0x1.8000000000000p%2B1,312,4.312,4.00968,3.9640647638197235,1.104336015201135,defined,0.04130557688274697,sensitivity_only
id:x%3A0x1.8000000000000p%2B1,313,4.326,4.0186399999999995,4.064255236180276,1.104336015201135,defined,-0.04130557688274697,sensitivity_only
id:x%3A0x1.8000000000000p%2B1,314,4.34,4.0276,3.9819847638197228,1.104336015201135,defined,0.04130557688274697,sensitivity_only
id:x%3A0x1.8000000000000p%2B1,315,4.354,4.03656,4.082175236180277,1.104336015201135,defined,-0.04130557688274697,sensitivity_only
id:x%3A0x1.8000000000000p%2B1,316,4.368,4.04552,3.999904763819723,1.104336015201135,defined,0.04130557688274697,sensitivity_only
id:x%3A0x1.8000000000000p%2B1,317,4.382,4.05448,4.100095236180277,1.104336015201135,defined,-0.04130557688274697,sensitivity_only
id:x%3A0x1.8000000000000p%2B1,318,4.396,4.06344,4.017824763819723,1.104336015201135,defined,0.04130557688274697,sensitivity_only
id:x%3A0x1.8000000000000p%2B1,319,4.41,4.0724,4.118015236180277,1.104336015201135,defined,-0.04130557688274697,sensitivity_only
id:x%3A0x1.8000000000000p%2B1,320,4.424,4.08136,4.035744763819723,1.104336015201135,defined,0.04130557688274697,sensitivity_only
id:x%3A0x1.8000000000000p%2B1,321,4.438,4.09032,4.135935236180277,1.104336015201135,defined,-0.04130557688274697,sensitivity_only
id:x%3A0x1.8000000000000p%2B1,322,4.452,4.09928,4.053664763819723,1.104336015201135,defined,0.04130557688274697,sensitivity_only
id:x%3A0x1.8000000000000p%2B1,323,4.466,4.10824,4.153855236180277,1.104336015201135,defined,-0.04130557688274697,sensitivity_only
id:x%3A0x1.8000000000000p%2B1,324,4.48,4.1172,4.071584763819724,1.104336015201135,defined,0.04130557688274697,sensitivity_only
id:x%3A0x1.8000000000000p%2B1,325,4.494,4.1261600000000005,4.171775236180277,1.104336015201135,defined,-0.04130557688274697,sensitivity_only
id:x%3A0x1.8000000000000p%2B1,326,4.508,4.135120000000001,4.089504763819724,1.1043360152011354,defined,0.04130557688274697,sensitivity_only
id:x%3A0x1.8000000000000p%2B1,327,4.522,4.144080000000001,4.1896952361802775,1.1043360152011354,defined,-0.04130557688274697,sensitivity_only
id:x%3A0x1.8000000000000p%2B1,328,4.536,4.15304,4.107424763819723,1.1043360152011354,defined,0.04130557688274697,sensitivity_only
id:x%3A0x1.8000000000000p%2B1,329,4.55,4.162,4.207615236180277,1.1043360152011354,defined,-0.04130557688274697,sensitivity_only
id:x%3A0x1.8000000000000p%2B1,330,4.564,4.17096,4.125344763819723,1.1043360152011354,defined,0.04130557688274697,sensitivity_only
id:x%3A0x1.8000000000000p%2B1,331,4.578,4.17992,4.225535236180277,1.1043360152011354,defined,-0.04130557688274697,sensitivity_only
id:x%3A0x1.8000000000000p%2B1,332,4.592,4.188879999999999,4.143264763819722,1.1043360152011354,defined,0.04130557688274697,sensitivity_only
id:x%3A0x1.8000000000000p%2B1,333,4.606,4.197839999999999,4.243455236180276,1.1043360152011354,defined,-0.04130557688274697,sensitivity_only
id:x%3A0x1.8000000000000p%2B1,334,4.62,4.2068,4.1611847638197235,1.1043360152011354,defined,0.04130557688274697,sensitivity_only
id:x%3A0x1.8000000000000p%2B1,335,4.634,4.21576,4.261375236180277,1.1043360152011354,defined,-0.04130557688274697,sensitivity_only
id:x%3A0x1.8000000000000p%2B1,336,4.648,4.22472,4.179104763819723,1.1043360152011354,defined,0.04130557688274697,sensitivity_only
id:x%3A0x1.8000000000000p%2B1,337,4.662,4.23368,4.2792952361802765,1.1043360152011354,defined,-0.04130557688274697,sensitivity_only
id:x%3A0x1.8000000000000p%2B1,338,4.676,4.24264,4.197024763819723,1.1043360152011354,defined,0.04130557688274697,sensitivity_only
id:x%3A0x1.8000000000000p%2B1,339,4.69,4.2516,4.297215236180277,1.1043360152011354,defined,-0.04130557688274697,sensitivity_only
id:x%3A0x1.8000000000000p%2B1,340,4.704,4.26056,4.214944763819723,1.1043360152011354,defined,0.04130557688274697,sensitivity_only
id:x%3A0x1.8000000000000p%2B1,341,4.718,4.26952,4.315135236180277,1.1043360152011354,defined,-0.04130557688274697,sensitivity_only
id:x%3A0x1.8000000000000p%2B1,342,4.732,4.27848,4.232864763819723,1.1043360152011354,defined,0.04130557688274697,sensitivity_only
id:x%3A0x1.8000000000000p%2B1,343,4.746,4.28744,4.333055236180277,1.1043360152011354,defined,-0.04130557688274697,sensitivity_only
id:x%3A0x1.8000000000000p%2B1,344,4.76,4.2964,4.250784763819723,1.1043360152011354,defined,0.04130557688274697,sensitivity_only
id:x%3A0x1.8000000000000p%2B1,345,4.774,4.30536,4.350975236180277,1.1043360152011354,defined,-0.04130557688274697,sensitivity_only
id:x%3A0x1.8000000000000p%2B1,346,4.788,4.31432,4.2687047638197235,1.1043360152011354,defined,0.04130557688274697,sensitivity_only
id:x%3A0x1.8000000000000p%2B1,347,4.802,4.3232800000000005,4.368895236180277,1.1043360152011354,defined,-0.04130557688274697,sensitivity_only
id:x%3A0x1.8000000000000p%2B1,348,4.816,4.3322400000000005,4.286624763819724,1.1043360152011354,defined,0.04130557688274697,sensitivity_only
id:x%3A0x1.8000000000000p%2B1,349,4.83,4.341200000000001,4.3868152361802775,1.1043360152011354,defined,-0.04130557688274697,sensitivity_only
id:x%3A0x1.8000000000000p%2B1,350,4.844,4.350160000000001,4.304544763819724,1.1043360152011354,defined,0.04130557688274697,sensitivity_only
id:x%3A0x1.8000000000000p%2B1,351,4.858,4.35912,4.404735236180277,1.1043360152011354,defined,-0.04130557688274697,sensitivity_only
id:x%3A0x1.8000000000000p%2B1,352,4.872,4.36808,4.322464763819723,1.1043360152011354,defined,0.04130557688274697,sensitivity_only
id:x%3A0x1.8000000000000p%2B1,353,4.886,4.37704,4.422655236180277,1.1043360152011354,defined,-0.04130557688274697,sensitivity_only
id:x%3A0x1.8000000000000p%2B1,354,4.9,4.386,4.340384763819723,1.1043360152011354,defined,0.04130557688274697,sensitivity_only
id:x%3A0x1.8000000000000p%2B1,355,4.914,4.394959999999999,4.440575236180276,1.1043360152011354,defined,-0.04130557688274697,sensitivity_only
id:x%3A0x1.8000000000000p%2B1,356,4.928,4.403919999999999,4.3583047638197225,1.1043360152011354,defined,0.04130557688274697,sensitivity_only
id:x%3A0x1.8000000000000p%2B1,357,4.942,4.41288,4.458495236180277,1.1043360152011354,defined,-0.04130557688274697,sensitivity_only
id:x%3A0x1.8000000000000p%2B1,358,4.956,4.42184,4.376224763819724,1.1043360152011354,defined,0.04130557688274697,sensitivity_only
id:x%3A0x1.8000000000000p%2B1,359,4.97,4.4308,4.4764152361802765,1.1043360152011354,defined,-0.04130557688274697,sensitivity_only
id:x%3A0x1.8000000000000p%2B1,360,4.984,4.43976,4.394144763819723,1.1043360152011354,defined,0.04130557688274697,sensitivity_only
id:x%3A0x1.8000000000000p%2B1,361,4.998,4.44872,4.494335236180277,1.1043360152011354,defined,-0.04130557688274697,sensitivity_only
id:x%3A0x1.8000000000000p%2B1,362,5.0,4.45,4.404384763819723,1.1043360152011354,defined,0.04130557688274697,sensitivity_only
id:x%3A0x1.8000000000000p%2B1,363,5.012,4.45768,4.503295236180277,1.1043360152011354,defined,-0.04130557688274697,sensitivity_only
id:x%3A0x1.8000000000000p%2B1,364,5.026,4.46664,4.421024763819723,1.1043360152011354,defined,0.04130557688274697,sensitivity_only
id:x%3A0x1.8000000000000p%2B1,365,5.04,4.4756,4.521215236180277,1.1043360152011354,defined,-0.04130557688274697,sensitivity_only
id:x%3A0x1.8000000000000p%2B1,366,5.054,4.48456,4.438944763819723,1.1043360152011354,defined,0.04130557688274697,sensitivity_only
id:x%3A0x1.8000000000000p%2B1,367,5.068,4.49352,4.539135236180277,1.1043360152011354,defined,-0.04130557688274697,sensitivity_only
id:x%3A0x1.8000000000000p%2B1,368,5.082,4.50248,4.456864763819723,1.1043360152011354,defined,0.04130557688274697,sensitivity_only
id:x%3A0x1.8000000000000p%2B1,369,5.096,4.51144,4.557055236180277,1.1043360152011354,defined,-0.04130557688274697,sensitivity_only
id:x%3A0x1.8000000000000p%2B1,370,5.11,4.5204,4.474784763819724,1.1043360152011354,defined,0.04130557688274697,sensitivity_only
id:x%3A0x1.8000000000000p%2B1,371,5.124,4.5293600000000005,4.574975236180277,1.1043360152011354,defined,-0.04130557688274697,sensitivity_only
id:x%3A0x1.8000000000000p%2B1,372,5.138,4.538320000000001,4.492704763819724,1.1043360152011354,defined,0.04130557688274697,sensitivity_only
id:x%3A0x1.8000000000000p%2B1,373,5.152,4.547280000000001,4.5928952361802775,1.1043360152011354,defined,-0.04130557688274697,sensitivity_only
id:x%3A0x1.8000000000000p%2B1,374,5.166,4.556240000000001,4.510624763819724,1.1043360152011354,defined,0.04130557688274697,sensitivity_only
id:x%3A0x1.8000000000000p%2B1,375,5.18,4.5652,4.610815236180277,1.1043360152011354,defined,-0.04130557688274697,sensitivity_only
id:x%3A0x1.8000000000000p%2B1,376,5.194,4.57416,4.528544763819723,1.1043360152011354,defined,0.04130557688274697,sensitivity_only
id:x%3A0x1.8000000000000p%2B1,377,5.208,4.58312,4.628735236180277,1.1043360152011354,defined,-0.04130557688274697,sensitivity_only
id:x%3A0x1.8000000000000p%2B1,378,5.222,4.59208,4.546464763819723,1.1043360152011354,defined,0.04130557688274697,sensitivity_only
id:x%3A0x1.8000000000000p%2B1,379,5.236,4.601039999999999,4.646655236180276,1.1043360152011354,defined,-0.04130557688274697,sensitivity_only
id:x%3A0x1.8000000000000p%2B1,380,5.25,4.609999999999999,4.564384763819723,1.1043360152011354,defined,0.04130557688274697,sensitivity_only
id:x%3A0x1.8000000000000p%2B1,381,5.264,4.61896,4.664575236180277,1.1043360152011354,defined,-0.04130557688274697,sensitivity_only
id:x%3A0x1.8000000000000p%2B1,382,5.278,4.62792,4.582304763819723,1.1043360152011354,defined,0.04130557688274697,sensitivity_only
id:x%3A0x1.8000000000000p%2B1,383,5.292,4.63688,4.6824952361802765,1.1043360152011354,defined,-0.04130557688274697,sensitivity_only
id:x%3A0x1.8000000000000p%2B1,384,5.306,4.64584,4.600224763819723,1.1043360152011354,defined,0.04130557688274697,sensitivity_only
id:x%3A0x1.8000000000000p%2B1,385,5.32,4.6548,4.700415236180277,1.1043360152011354,defined,-0.04130557688274697,sensitivity_only
id:x%3A0x1.8000000000000p%2B1,386,5.334,4.66376,4.618144763819723,1.1043360152011354,defined,0.04130557688274697,sensitivity_only
id:x%3A0x1.8000000000000p%2B1,387,5.348,4.67272,4.718335236180277,1.1043360152011354,defined,-0.04130557688274697,sensitivity_only
id:x%3A0x1.8000000000000p%2B1,388,5.362,4.68168,4.636064763819723,1.1043360152011354,defined,0.04130557688274697,sensitivity_only
id:x%3A0x1.8000000000000p%2B1,389,5.376,4.69064,4.736255236180277,1.1043360152011354,defined,-0.04130557688274697,sensitivity_only
id:x%3A0x1.8000000000000p%2B1,390,5.39,4.6996,4.653984763819723,1.1043360152011354,defined,0.04130557688274697,sensitivity_only
id:x%3A0x1.8000000000000p%2B1,391,5.404,4.70856,4.754175236180277,1.1043360152011354,defined,-0.04130557688274697,sensitivity_only
id:x%3A0x1.8000000000000p%2B1,392,5.418,4.71752,4.6719047638197235,1.1043360152011354,defined,0.04130557688274697,sensitivity_only
id:x%3A0x1.8000000000000p%2B1,393,5.432,4.7264800000000005,4.772095236180277,1.1043360152011354,defined,-0.04130557688274697,sensitivity_only
id:x%3A0x1.8000000000000p%2B1,394,5.446,4.7354400000000005,4.689824763819724,1.1043360152011354,defined,0.04130557688274697,sensitivity_only
id:x%3A0x1.8000000000000p%2B1,395,5.46,4.744400000000001,4.7900152361802775,1.1043360152011354,defined,-0.04130557688274697,sensitivity_only
id:x%3A0x1.8000000000000p%2B1,396,5.474,4.753360000000001,4.707744763819724,1.1043360152011354,defined,0.04130557688274697,sensitivity_only
id:x%3A0x1.8000000000000p%2B1,397,5.488,4.762320000000001,4.807935236180278,1.1043360152011354,defined,-0.04130557688274697,sensitivity_only
id:x%3A0x1.8000000000000p%2B1,398,5.502,4.77128,4.725664763819723,1.104336015201135,defined,0.04130557688274697,sensitivity_only
id:x%3A0x1.8000000000000p%2B1,399,5.516,4.78024,4.825855236180277,1.104336015201135,defined,-0.04130557688274697,sensitivity_only
id:x%3A0x1.8000000000000p%2B1,400,5.53,4.7892,4.743584763819723,1.104336015201135,defined,0.04130557688274697,sensitivity_only
id:x%3A0x1.8000000000000p%2B1,401,5.544,4.798159999999999,4.843775236180276,1.104336015201135,defined,-0.04130557688274697,sensitivity_only
id:x%3A0x1.8000000000000p%2B1,402,5.558,4.807119999999999,4.7615047638197225,1.104336015201135,defined,0.04130557688274697,sensitivity_only
id:x%3A0x1.8000000000000p%2B1,403,5.572,4.8160799999999995,4.861695236180276,1.104336015201135,defined,-0.04130557688274697,sensitivity_only
id:x%3A0x1.8000000000000p%2B1,404,5.586,4.82504,4.779424763819724,1.104336015201135,defined,0.04130557688274697,sensitivity_only
id:x%3A0x1.8000000000000p%2B1,405,5.6,4.834,4.8796152361802765,1.104336015201135,defined,-0.04130557688274697,sensitivity_only
id:x%3A0x1.8000000000000p%2B1,406,5.614,4.84296,4.797344763819723,1.104336015201135,defined,0.04130557688274697,sensitivity_only
id:x%3A0x1.8000000000000p%2B1,407,5.628,4.85192,4.897535236180277,1.104336015201135,defined,-0.04130557688274697,sensitivity_only
id:x%3A0x1.8000000000000p%2B1,408,5.642,4.86088,4.815264763819723,1.104336015201135,defined,0.04130557688274697,sensitivity_only
id:x%3A0x1.8000000000000p%2B1,409,5.656,4.86984,4.915455236180277,1.104336015201135,defined,-0.04130557688274697,sensitivity_only
id:x%3A0x1.8000000000000p%2B1,410,5.67,4.8788,4.833184763819723,1.104336015201135,defined,0.04130557688274697,sensitivity_only
id:x%3A0x1.8000000000000p%2B1,411,5.684,4.88776,4.933375236180277,1.104336015201135,defined,-0.04130557688274697,sensitivity_only
id:x%3A0x1.8000000000000p%2B1,412,5.698,4.89672,4.851104763819723,1.104336015201135,defined,0.04130557688274697,sensitivity_only
id:x%3A0x1.8000000000000p%2B1,413,5.712,4.90568,4.951295236180277,1.104336015201135,defined,-0.04130557688274697,sensitivity_only
id:x%3A0x1.8000000000000p%2B1,414,5.726,4.91464,4.8690247638197235,1.104336015201135,defined,0.04130557688274697,sensitivity_only
id:x%3A0x1.8000000000000p%2B1,415,5.74,4.9236,4.969215236180277,1.104336015201135,defined,-0.04130557688274697,sensitivity_only
id:x%3A0x1.8000000000000p%2B1,416,5.754,4.93256,4.886944763819723,1.104336015201135,defined,0.04130557688274697,sensitivity_only
id:x%3A0x1.8000000000000p%2B1,417,5.768,4.941520000000001,4.987135236180277,1.104336015201135,defined,-0.04130557688274697,sensitivity_only
id:x%3A0x1.8000000000000p%2B1,418,5.782,4.950480000000001,4.904864763819724,1.104336015201135,defined,0.04130557688274697,sensitivity_only
id:x%3A0x1.8000000000000p%2B1,419,5.796,4.959440000000001,5.005055236180278,1.104336015201135,defined,-0.04130557688274697,sensitivity_only
id:x%3A0x1.8000000000000p%2B1,420,5.81,4.9684,4.922784763819723,1.104336015201135,defined,0.04130557688274697,sensitivity_only
id:x%3A0x1.8000000000000p%2B1,421,5.824,4.97736,5.022975236180277,1.104336015201135,defined,-0.04130557688274697,sensitivity_only
id:x%3A0x1.8000000000000p%2B1,422,5.838,4.98632,4.940704763819723,1.104336015201135,defined,0.04130557688274697,sensitivity_only
id:x%3A0x1.8000000000000p%2B1,423,5.852,4.99528,5.040895236180277,1.104336015201135,defined,-0.04130557688274697,sensitivity_only
id:x%3A0x1.8000000000000p%2B1,424,5.866,5.004239999999999,4.9586247638197225,1.104336015201135,defined,0.04130557688274697,sensitivity_only
id:x%3A0x1.8000000000000p%2B1,425,5.88,5.013199999999999,5.058815236180276,1.104336015201135,defined,-0.04130557688274697,sensitivity_only
id:x%3A0x1.8000000000000p%2B1,426,5.894,5.0221599999999995,4.976544763819723,1.104336015201135,defined,0.04130557688274697,sensitivity_only
id:x%3A0x1.8000000000000p%2B1,427,5.908,5.0311200000000005,5.076735236180277,1.104336015201135,defined,-0.04130557688274697,sensitivity_only
id:x%3A0x1.8000000000000p%2B1,428,5.922,5.04008,4.994464763819723,1.104336015201135,defined,0.04130557688274697,sensitivity_only
id:x%3A0x1.8000000000000p%2B1,429,5.936,5.04904,5.094655236180277,1.104336015201135,defined,-0.04130557688274697,sensitivity_only
id:x%3A0x1.8000000000000p%2B1,430,5.95,5.058,5.012384763819723,1.104336015201135,defined,0.04130557688274697,sensitivity_only
id:x%3A0x1.8000000000000p%2B1,431,5.964,5.06696,5.112575236180277,1.104336015201135,defined,-0.04130557688274697,sensitivity_only
id:x%3A0x1.8000000000000p%2B1,432,5.978,5.07592,5.030304763819723,1.104336015201135,defined,0.04130557688274697,sensitivity_only
id:x%3A0x1.8000000000000p%2B1,433,5.992,5.08488,5.130495236180277,1.104336015201135,defined,-0.04130557688274697,sensitivity_only
id:x%3A0x1.8000000000000p%2B1,434,6.0,5.09,5.044384763819723,1.104336015201135,defined,0.04130557688274697,sensitivity_only
id:x%3A0x1.8000000000000p%2B1,435,6.006,5.09384,5.139455236180277,1.104336015201135,defined,-0.04130557688274697,sensitivity_only
id:x%3A0x1.8000000000000p%2B1,436,6.02,5.1028,5.057184763819723,1.104336015201135,defined,0.04130557688274697,sensitivity_only
id:x%3A0x1.8000000000000p%2B1,437,6.034,5.11176,5.157375236180277,1.104336015201135,defined,-0.04130557688274697,sensitivity_only
id:x%3A0x1.8000000000000p%2B1,438,6.048,5.12072,5.0751047638197235,1.104336015201135,defined,0.04130557688274697,sensitivity_only
id:x%3A0x1.8000000000000p%2B1,439,6.062,5.1296800000000005,5.175295236180277,1.104336015201135,defined,-0.04130557688274697,sensitivity_only
id:x%3A0x1.8000000000000p%2B1,440,6.076,5.13864,5.093024763819723,1.104336015201135,defined,0.04130557688274697,sensitivity_only
id:x%3A0x1.8000000000000p%2B1,441,6.09,5.147600000000001,5.1932152361802775,1.104336015201135,defined,-0.04130557688274697,sensitivity_only
id:x%3A0x1.8000000000000p%2B1,442,6.104,5.156560000000001,5.110944763819724,1.104336015201135,defined,0.04130557688274697,sensitivity_only
id:x%3A0x1.8000000000000p%2B1,443,6.118,5.165520000000001,5.211135236180278,1.104336015201135,defined,-0.04130557688274697,sensitivity_only
id:x%3A0x1.8000000000000p%2B1,444,6.132,5.17448,5.128864763819723,1.104336015201135,defined,0.04130557688274697,sensitivity_only
id:x%3A0x1.8000000000000p%2B1,445,6.146,5.18344,5.229055236180277,1.104336015201135,defined,-0.04130557688274697,sensitivity_only
id:x%3A0x1.8000000000000p%2B1,446,6.16,5.1924,5.146784763819723,1.104336015201135,defined,0.04130557688274697,sensitivity_only
id:x%3A0x1.8000000000000p%2B1,447,6.174,5.20136,5.246975236180277,1.104336015201135,defined,-0.04130557688274697,sensitivity_only
id:x%3A0x1.8000000000000p%2B1,448,6.188,5.210319999999999,5.1647047638197225,1.104336015201135,defined,0.04130557688274697,sensitivity_only
id:x%3A0x1.8000000000000p%2B1,449,6.202,5.2192799999999995,5.264895236180276,1.104336015201135,defined,-0.04130557688274697,sensitivity_only
id:x%3A0x1.8000000000000p%2B1,450,6.216,5.2282399999999996,5.182624763819723,1.104336015201135,defined,0.04130557688274697,sensitivity_only
id:x%3A0x1.8000000000000p%2B1,451,6.23,5.2372000000000005,5.282815236180277,1.104336015201135,defined,-0.04130557688274697,sensitivity_only
id:x%3A0x1.8000000000000p%2B1,452,6.244,5.24616,5.200544763819723,1.104336015201135,defined,0.04130557688274697,sensitivity_only
id:x%3A0x1.8000000000000p%2B1,453,6.258,5.25512,5.300735236180277,1.104336015201135,defined,-0.04130557688274697,sensitivity_only
id:x%3A0x1.8000000000000p%2B1,454,6.272,5.26408,5.218464763819723,1.104336015201135,defined,0.04130557688274697,sensitivity_only
id:x%3A0x1.8000000000000p%2B1,455,6.286,5.27304,5.318655236180277,1.104336015201135,defined,-0.04130557688274697,sensitivity_only
id:x%3A0x1.8000000000000p%2B1,456,6.3,5.282,5.236384763819723,1.104336015201135,defined,0.04130557688274697,sensitivity_only
id:x%3A0x1.8000000000000p%2B1,457,6.314,5.29096,5.336575236180277,1.104336015201135,defined,-0.04130557688274697,sensitivity_only
id:x%3A0x1.8000000000000p%2B1,458,6.328,5.29992,5.254304763819723,1.104336015201135,defined,0.04130557688274697,sensitivity_only
id:x%3A0x1.8000000000000p%2B1,459,6.342,5.30888,5.354495236180277,1.104336015201135,defined,-0.04130557688274697,sensitivity_only
id:x%3A0x1.8000000000000p%2B1,460,6.356,5.31784,5.2722247638197235,1.104336015201135,defined,0.04130557688274697,sensitivity_only
id:x%3A0x1.8000000000000p%2B1,461,6.37,5.3268,5.372415236180277,1.104336015201135,defined,-0.04130557688274697,sensitivity_only
id:x%3A0x1.8000000000000p%2B1,462,6.384,5.3357600000000005,5.290144763819724,1.104336015201135,defined,0.04130557688274697,sensitivity_only
id:x%3A0x1.8000000000000p%2B1,463,6.398,5.34472,5.3903352361802765,1.104336015201135,defined,-0.04130557688274697,sensitivity_only
id:x%3A0x1.8000000000000p%2B1,464,6.412,5.35368,5.308064763819723,1.104336015201135,defined,0.04130557688274697,sensitivity_only
id:x%3A0x1.8000000000000p%2B1,465,6.426,5.36264,5.408255236180277,1.104336015201135,defined,-0.04130557688274697,sensitivity_only
id:x%3A0x1.8000000000000p%2B1,466,6.44,5.3716,5.325984763819723,1.104336015201135,defined,0.04130557688274697,sensitivity_only
id:x%3A0x1.8000000000000p%2B1,467,6.454,5.38056,5.426175236180277,1.104336015201135,defined,-0.04130557688274697,sensitivity_only
id:x%3A0x1.8000000000000p%2B1,468,6.468,5.38952,5.343904763819723,1.104336015201135,defined,0.04130557688274697,sensitivity_only
id:x%3A0x1.8000000000000p%2B1,469,6.482,5.39848,5.444095236180277,1.104336015201135,defined,-0.04130557688274697,sensitivity_only
id:x%3A0x1.8000000000000p%2B1,470,6.496,5.40744,5.361824763819723,1.104336015201135,defined,0.04130557688274697,sensitivity_only
id:x%3A0x1.8000000000000p%2B1,471,6.51,5.4164,5.45841143505348,1.0170886893248545,defined,-0.04130557688274697,sensitivity_only
id:x%3A0x1.8000000000000p%2B1,472,6.524,5.42536,5.3833485649465205,1.0170886893248545,defined,0.04130557688274697,sensitivity_only
id:x%3A0x1.8000000000000p%2B1,473,6.538,5.4343200000000005,5.47633143505348,1.0170886893248545,defined,-0.04130557688274697,sensitivity_only
id:x%3A0x1.8000000000000p%2B1,474,6.552,5.44328,5.40126856494652,1.0170886893248545,defined,0.04130557688274697,sensitivity_only
id:x%3A0x1.8000000000000p%2B1,475,6.566,5.45224,5.49425143505348,1.0170886893248545,defined,-0.04130557688274697,sensitivity_only
id:x%3A0x1.8000000000000p%2B1,476,6.58,5.4612,5.41918856494652,1.0170886893248545,defined,0.04130557688274697,sensitivity_only
id:x%3A0x1.8000000000000p%2B1,477,6.594,5.47016,5.51217143505348,1.0170886893248545,defined,-0.04130557688274697,sensitivity_only
id:x%3A0x1.8000000000000p%2B1,478,6.608,5.47912,5.43710856494652,1.0170886893248545,defined,0.04130557688274697,sensitivity_only
id:x%3A0x1.8000000000000p%2B1,479,6.622,5.48808,5.53009143505348,1.0170886893248545,defined,-0.04130557688274697,sensitivity_only
id:x%3A0x1.8000000000000p%2B1,480,6.636,5.49704,5.45502856494652,1.0170886893248545,defined,0.04130557688274697,sensitivity_only
id:x%3A0x1.8000000000000p%2B1,481,6.65,5.506,5.54801143505348,1.0170886893248545,defined,-0.04130557688274697,sensitivity_only
id:x%3A0x1.8000000000000p%2B1,482,6.664,5.51496,5.47294856494652,1.0170886893248545,defined,0.04130557688274697,sensitivity_only
id:x%3A0x1.8000000000000p%2B1,483,6.678,5.52392,5.56593143505348,1.0170886893248545,defined,-0.04130557688274697,sensitivity_only
id:x%3A0x1.8000000000000p%2B1,484,6.692,5.5328800000000005,5.4908685649465205,1.0170886893248545,defined,0.04130557688274697,sensitivity_only
id:x%3A0x1.8000000000000p%2B1,485,6.706,5.5418400000000005,5.5838514350534805,1.0170886893248545,defined,-0.04130557688274697,sensitivity_only
id:x%3A0x1.8000000000000p%2B1,486,6.72,5.5508,5.50878856494652,1.0170886893248545,defined,0.04130557688274697,sensitivity_only
id:x%3A0x1.8000000000000p%2B1,487,6.734,5.55976,5.60177143505348,1.0170886893248545,defined,-0.04130557688274697,sensitivity_only
id:x%3A0x1.8000000000000p%2B1,488,6.748,5.56872,5.52670856494652,1.0170886893248545,defined,0.04130557688274697,sensitivity_only
id:x%3A0x1.8000000000000p%2B1,489,6.762,5.57768,5.61969143505348,1.0170886893248545,defined,-0.04130557688274697,sensitivity_only
id:x%3A0x1.8000000000000p%2B1,490,6.776,5.58664,5.54462856494652,1.0170886893248545,defined,0.04130557688274697,sensitivity_only
id:x%3A0x1.8000000000000p%2B1,491,6.79,5.5956,5.63761143505348,1.0170886893248545,defined,-0.04130557688274697,sensitivity_only
id:x%3A0x1.8000000000000p%2B1,492,6.804,5.60456,5.56254856494652,1.0170886893248545,defined,0.04130557688274697,sensitivity_only
id:x%3A0x1.8000000000000p%2B1,493,6.818,5.61352,5.65553143505348,1.0170886893248545,defined,-0.04130557688274697,sensitivity_only
id:x%3A0x1.8000000000000p%2B1,494,6.832,5.62248,5.58046856494652,1.0170886893248545,defined,0.04130557688274697,sensitivity_only
id:x%3A0x1.8000000000000p%2B1,495,6.846,5.6314400000000004,5.67345143505348,1.0170886893248545,defined,-0.04130557688274697,sensitivity_only
id:x%3A0x1.8000000000000p%2B1,496,6.86,5.6404000000000005,5.598388564946521,1.0170886893248545,defined,0.04130557688274697,sensitivity_only
id:x%3A0x1.8000000000000p%2B1,497,6.874,5.64936,5.69137143505348,1.0170886893248545,defined,-0.04130557688274697,sensitivity_only
id:x%3A0x1.8000000000000p%2B1,498,6.888,5.65832,5.61630856494652,1.0170886893248545,defined,0.04130557688274697,sensitivity_only
id:x%3A0x1.8000000000000p%2B1,499,6.902,5.66728,5.70929143505348,1.0170886893248545,defined,-0.04130557688274697,sensitivity_only
id:x%3A0x1.8000000000000p%2B1,500,6.916,5.67624,5.63422856494652,1.0170886893248545,defined,0.04130557688274697,sensitivity_only
id:x%3A0x1.8000000000000p%2B1,501,6.93,5.6852,5.72721143505348,1.0170886893248545,defined,-0.04130557688274697,sensitivity_only
id:x%3A0x1.8000000000000p%2B1,502,6.944,5.69416,5.65214856494652,1.0170886893248545,defined,0.04130557688274697,sensitivity_only
id:x%3A0x1.8000000000000p%2B1,503,6.958,5.70312,5.74513143505348,1.0170886893248545,defined,-0.04130557688274697,sensitivity_only
id:x%3A0x1.8000000000000p%2B1,504,6.972,5.71208,5.67006856494652,1.0170886893248545,defined,0.04130557688274697,sensitivity_only
id:x%3A0x1.8000000000000p%2B1,505,6.986,5.72104,5.76305143505348,1.0170886893248545,defined,-0.04130557688274697,sensitivity_only
id:x%3A0x1.8000000000000p%2B1,506,7.0,5.73,5.6879885649465205,1.0170886893248545,defined,0.04130557688274697,sensitivity_only
id:x%3A0x1.0000000000000p%2B2,0,0.0,1.25,1.1584978730261917,1.104336015201135,defined,0.08285714285714287,sensitivity_only
id:x%3A0x1.0000000000000p%2B2,1,0.014,1.25896,1.304575236180277,1.104336015201135,defined,-0.04130557688274697,sensitivity_only
id:x%3A0x1.0000000000000p%2B2,2,0.028,1.26792,1.222304763819723,1.104336015201135,defined,0.04130557688274697,sensitivity_only
id:x%3A0x1.0000000000000p%2B2,3,0.042,1.27688,1.3224952361802769,1.104336015201135,defined,-0.04130557688274697,sensitivity_only
id:x%3A0x1.0000000000000p%2B2,4,0.056,1.28584,1.2402247638197232,1.104336015201135,defined,0.04130557688274697,sensitivity_only
id:x%3A0x1.0000000000000p%2B2,5,0.07,1.2948,1.3404152361802768,1.104336015201135,defined,-0.04130557688274697,sensitivity_only
id:x%3A0x1.0000000000000p%2B2,6,0.084,1.30376,1.2581447638197232,1.104336015201135,defined,0.04130557688274697,sensitivity_only
id:x%3A0x1.0000000000000p%2B2,7,0.098,1.31272,1.358335236180277,1.104336015201135,defined,-0.04130557688274697,sensitivity_only
id:x%3A0x1.0000000000000p%2B2,8,0.112,1.32168,1.2760647638197231,1.104336015201135,defined,0.04130557688274697,sensitivity_only
id:x%3A0x1.0000000000000p%2B2,9,0.126,1.33064,1.376255236180277,1.104336015201135,defined,-0.04130557688274697,sensitivity_only
id:x%3A0x1.0000000000000p%2B2,10,0.14,1.3396,1.293984763819723,1.104336015201135,defined,0.04130557688274697,sensitivity_only
id:x%3A0x1.0000000000000p%2B2,11,0.154,1.34856,1.3941752361802768,1.104336015201135,defined,-0.04130557688274697,sensitivity_only
id:x%3A0x1.0000000000000p%2B2,12,0.168,1.35752,1.3119047638197232,1.104336015201135,defined,0.04130557688274697,sensitivity_only
id:x%3A0x1.0000000000000p%2B2,13,0.182,1.36648,1.4120952361802768,1.104336015201135,defined,-0.04130557688274697,sensitivity_only
id:x%3A0x1.0000000000000p%2B2,14,0.196,1.37544,1.3298247638197231,1.104336015201135,defined,0.04130557688274697,sensitivity_only
id:x%3A0x1.0000000000000p%2B2,15,0.21,1.3844,1.430015236180277,1.104336015201135,defined,-0.04130557688274697,sensitivity_only
id:x%3A0x1.0000000000000p%2B2,16,0.224,1.39336,1.347744763819723,1.104336015201135,defined,0.04130557688274697,sensitivity_only
id:x%3A0x1.0000000000000p%2B2,17,0.238,1.40232,1.4479352361802769,1.104336015201135,defined,-0.04130557688274697,sensitivity_only
id:x%3A0x1.0000000000000p%2B2,18,0.252,1.41128,1.3656647638197232,1.104336015201135,defined,0.04130557688274697,sensitivity_only
id:x%3A0x1.0000000000000p%2B2,19,0.266,1.42024,1.4658552361802768,1.104336015201135,defined,-0.04130557688274697,sensitivity_only
id:x%3A0x1.0000000000000p%2B2,20,0.28,1.4292,1.3835847638197232,1.104336015201135,defined,0.04130557688274697,sensitivity_only
id:x%3A0x1.0000000000000p%2B2,21,0.294,1.4381599999999999,1.4837752361802767,1.104336015201135,defined,-0.04130557688274697,sensitivity_only
id:x%3A0x1.0000000000000p%2B2,22,0.308,1.44712,1.401504763819723,1.104336015201135,defined,0.04130557688274697,sensitivity_only
id:x%3A0x1.0000000000000p%2B2,23,0.322,1.45608,1.501695236180277,1.104336015201135,defined,-0.04130557688274697,sensitivity_only
id:x%3A0x1.0000000000000p%2B2,24,0.336,1.4650400000000001,1.4194247638197233,1.104336015201135,defined,0.04130557688274697,sensitivity_only
id:x%3A0x1.0000000000000p%2B2,25,0.35,1.474,1.5196152361802768,1.104336015201135,defined,-0.04130557688274697,sensitivity_only
id:x%3A0x1.0000000000000p%2B2,26,0.364,1.48296,1.4373447638197232,1.104336015201135,defined,0.04130557688274697,sensitivity_only
id:x%3A0x1.0000000000000p%2B2,27,0.378,1.49192,1.5375352361802768,1.104336015201135,defined,-0.04130557688274697,sensitivity_only
id:x%3A0x1.0000000000000p%2B2,28,0.392,1.50088,1.4552647638197231,1.104336015201135,defined,0.04130557688274697,sensitivity_only
id:x%3A0x1.0000000000000p%2B2,29,0.406,1.50984,1.555455236180277,1.104336015201135,defined,-0.04130557688274697,sensitivity_only
id:x%3A0x1.0000000000000p%2B2,30,0.42,1.5188,1.473184763819723,1.104336015201135,defined,0.04130557688274697,sensitivity_only
id:x%3A0x1.0000000000000p%2B2,31,0.434,1.52776,1.5733752361802769,1.104336015201135,defined,-0.04130557688274697,sensitivity_only
id:x%3A0x1.0000000000000p%2B2,32,0.448,1.53672,1.4911047638197232,1.104336015201135,defined,0.04130557688274697,sensitivity_only
id:x%3A0x1.0000000000000p%2B2,33,0.462,1.54568,1.5912952361802768,1.104336015201135,defined,-0.04130557688274697,sensitivity_only
id:x%3A0x1.0000000000000p%2B2,34,0.476,1.55464,1.5090247638197232,1.104336015201135,defined,0.04130557688274697,sensitivity_only
id:x%3A0x1.0000000000000p%2B2,35,0.49,1.5636,1.609215236180277,1.104336015201135,defined,-0.04130557688274697,sensitivity_only
id:x%3A0x1.0000000000000p%2B2,36,0.504,1.57256,1.5323257819405565,0.9740626108105254,defined,0.04130557688274697,sensitivity_only
id:x%3A0x1.0000000000000p%2B2,37,0.518,1.58152,1.6217542180594435,0.9740626108105254,defined,-0.04130557688274697,sensitivity_only
id:x%3A0x1.0000000000000p%2B2,38,0.532,1.59048,1.5502457819405564,0.9740626108105254,defined,0.04130557688274697,sensitivity_only
id:x%3A0x1.0000000000000p%2B2,39,0.546,1.59944,1.6396742180594435,0.9740626108105254,defined,-0.04130557688274697,sensitivity_only
id:x%3A0x1.0000000000000p%2B2,40,0.56,1.6084,1.5681657819405566,0.9740626108105254,defined,0.04130557688274697,sensitivity_only
id:x%3A0x1.0000000000000p%2B2,41,0.574,1.61736,1.6575942180594434,0.9740626108105254,defined,-0.04130557688274697,sensitivity_only
id:x%3A0x1.0000000000000p%2B2,42,0.588,1.62632,1.5860857819405565,0.9740626108105254,defined,0.04130557688274697,sensitivity_only
id:x%3A0x1.0000000000000p%2B2,43,0.602,1.63528,1.6755142180594436,0.9740626108105254,defined,-0.04130557688274697,sensitivity_only
id:x%3A0x1.0000000000000p%2B2,44,0.616,1.64424,1.6040057819405564,0.9740626108105254,defined,0.04130557688274697,sensitivity_only
id:x%3A0x1.0000000000000p%2B2,45,0.63,1.6532,1.6934342180594435,0.9740626108105254,defined,-0.04130557688274697,sensitivity_only
id:x%3A0x1.0000000000000p%2B2,46,0.644,1.66216,1.6219257819405566,0.9740626108105254,defined,0.04130557688274697,sensitivity_only
id:x%3A0x1.0000000000000p%2B2,47,0.658,1.6711200000000002,1.7113542180594437,0.9740626108105254,defined,-0.04130557688274697,sensitivity_only
id:x%3A0x1.0000000000000p%2B2,48,0.672,1.68008,1.6398457819405565,0.9740626108105254,defined,0.04130557688274697,sensitivity_only
id:x%3A0x1.0000000000000p%2B2,49,0.686,1.68904,1.7292742180594436,0.9740626108105254,defined,-0.04130557688274697,sensitivity_only
id:x%3A0x1.0000000000000p%2B2,50,0.7,1.698,1.6577657819405565,0.9740626108105254,defined,0.04130557688274697,sensitivity_only
id:x%3A0x1.0000000000000p%2B2,51,0.714,1.70696,1.7471942180594435,0.9740626108105254,defined,-0.04130557688274697,sensitivity_only
id:x%3A0x1.0000000000000p%2B2,52,0.728,1.7159200000000001,1.6756857819405566,0.9740626108105254,defined,0.04130557688274697,sensitivity_only
id:x%3A0x1.0000000000000p%2B2,53,0.742,1.72488,1.7651142180594435,0.9740626108105254,defined,-0.04130557688274697,sensitivity_only
id:x%3A0x1.0000000000000p%2B2,54,0.756,1.73384,1.6936057819405566,0.9740626108105254,defined,0.04130557688274697,sensitivity_only
id:x%3A0x1.0000000000000p%2B2,55,0.77,1.7428,1.7830342180594434,0.9740626108105254,defined,-0.04130557688274697,sensitivity_only
id:x%3A0x1.0000000000000p%2B2,56,0.784,1.75176,1.7115257819405565,0.9740626108105254,defined,0.04130557688274697,sensitivity_only
id:x%3A0x1.0000000000000p%2B2,57,0.798,1.76072,1.8009542180594436,0.9740626108105254,defined,-0.04130557688274697,sensitivity_only
id:x%3A0x1.0000000000000p%2B2,58,0.812,1.7696800000000001,1.7294457819405566,0.9740626108105254,defined,0.04130557688274697,sensitivity_only
id:x%3A0x1.0000000000000p%2B2,59,0.826,1.77864,1.8188742180594435,0.9740626108105254,defined,-0.04130557688274697,sensitivity_only
id:x%3A0x1.0000000000000p%2B2,60,0.84,1.7875999999999999,1.7473657819405564,0.9740626108105254,defined,0.04130557688274697,sensitivity_only
id:x%3A0x1.0000000000000p%2B2,61,0.854,1.79656,1.8367942180594434,0.9740626108105254,defined,-0.04130557688274697,sensitivity_only
id:x%3A0x1.0000000000000p%2B2,62,0.868,1.80552,1.7652857819405565,0.9740626108105254,defined,0.04130557688274697,sensitivity_only
id:x%3A0x1.0000000000000p%2B2,63,0.882,1.81448,1.8547142180594436,0.9740626108105254,defined,-0.04130557688274697,sensitivity_only
id:x%3A0x1.0000000000000p%2B2,64,0.896,1.8234400000000002,1.7832057819405567,0.9740626108105254,defined,0.04130557688274697,sensitivity_only
id:x%3A0x1.0000000000000p%2B2,65,0.91,1.8324,1.8726342180594435,0.9740626108105254,defined,-0.04130557688274697,sensitivity_only
id:x%3A0x1.0000000000000p%2B2,66,0.924,1.8413599999999999,1.8011257819405564,0.9740626108105254,defined,0.04130557688274697,sensitivity_only
id:x%3A0x1.0000000000000p%2B2,67,0.938,1.85032,1.8905542180594435,0.9740626108105254,defined,-0.04130557688274697,sensitivity_only
id:x%3A0x1.0000000000000p%2B2,68,0.952,1.85928,1.8190457819405565,0.9740626108105254,defined,0.04130557688274697,sensitivity_only
id:x%3A0x1.0000000000000p%2B2,69,0.966,1.8682400000000001,1.9084742180594436,0.9740626108105254,defined,-0.04130557688274697,sensitivity_only
id:x%3A0x1.0000000000000p%2B2,70,0.98,1.8772,1.8369657819405565,0.9740626108105254,defined,0.04130557688274697,sensitivity_only
id:x%3A0x1.0000000000000p%2B2,71,0.994,1.88616,1.9263942180594436,0.9740626108105254,defined,-0.04130557688274697,sensitivity_only
id:x%3A0x1.0000000000000p%2B2,72,1.0,1.8900000000000001,1.8497657819405566,0.9740626108105254,defined,0.04130557688274697,sensitivity_only
id:x%3A0x1.0000000000000p%2B2,73,1.008,1.89512,1.9353542180594434,0.9740626108105254,defined,-0.04130557688274697,sensitivity_only
id:x%3A0x1.0000000000000p%2B2,74,1.022,1.90408,1.8638457819405565,0.9740626108105254,defined,0.04130557688274697,sensitivity_only
id:x%3A0x1.0000000000000p%2B2,75,1.036,1.91304,1.9532742180594436,0.9740626108105254,defined,-0.04130557688274697,sensitivity_only
id:x%3A0x1.0000000000000p%2B2,76,1.05,1.9220000000000002,1.8817657819405567,0.9740626108105254,defined,0.04130557688274697,sensitivity_only
id:x%3A0x1.0000000000000p%2B2,77,1.064,1.93096,1.9711942180594435,0.9740626108105254,defined,-0.04130557688274697,sensitivity_only
id:x%3A0x1.0000000000000p%2B2,78,1.078,1.93992,1.8996857819405566,0.9740626108105254,defined,0.04130557688274697,sensitivity_only
id:x%3A0x1.0000000000000p%2B2,79,1.092,1.94888,1.9891142180594434,0.9740626108105254,defined,-0.04130557688274697,sensitivity_only
id:x%3A0x1.0000000000000p%2B2,80,1.106,1.95784,1.9176057819405565,0.9740626108105254,defined,0.04130557688274697,sensitivity_only
id:x%3A0x1.0000000000000p%2B2,81,1.12,1.9668,2.0070342180594434,0.9740626108105254,defined,-0.04130557688274697,sensitivity_only
id:x%3A0x1.0000000000000p%2B2,82,1.134,1.97576,1.9355257819405565,0.9740626108105254,defined,0.04130557688274697,sensitivity_only
id:x%3A0x1.0000000000000p%2B2,83,1.148,1.9847199999999998,2.024954218059443,0.9740626108105254,defined,-0.04130557688274697,sensitivity_only
id:x%3A0x1.0000000000000p%2B2,84,1.162,1.99368,1.9534457819405564,0.9740626108105254,defined,0.04130557688274697,sensitivity_only
id:x%3A0x1.0000000000000p%2B2,85,1.176,2.00264,2.0428742180594432,0.9740626108105254,defined,-0.04130557688274697,sensitivity_only
id:x%3A0x1.0000000000000p%2B2,86,1.19,2.0116,1.9713657819405566,0.9740626108105254,defined,0.04130557688274697,sensitivity_only
id:x%3A0x1.0000000000000p%2B2,87,1.204,2.02056,2.0607942180594434,0.9740626108105254,defined,-0.04130557688274697,sensitivity_only
id:x%3A0x1.0000000000000p%2B2,88,1.218,2.0295199999999998,1.9892857819405563,0.9740626108105254,defined,0.04130557688274697,sensitivity_only
id:x%3A0x1.0000000000000p%2B2,89,1.232,2.03848,2.078714218059443,0.9740626108105254,defined,-0.04130557688274697,sensitivity_only
id:x%3A0x1.0000000000000p%2B2,90,1.246,2.04744,2.0072057819405567,0.9740626108105254,defined,0.04130557688274697,sensitivity_only
id:x%3A0x1.0000000000000p%2B2,91,1.26,2.0564,2.0966342180594433,0.9740626108105254,defined,-0.04130557688274697,sensitivity_only
id:x%3A0x1.0000000000000p%2B2,92,1.274,2.06536,2.025125781940557,0.9740626108105254,defined,0.04130557688274697,sensitivity_only
id:x%3A0x1.0000000000000p%2B2,93,1.288,2.07432,2.1145542180594434,0.9740626108105254,defined,-0.04130557688274697,sensitivity_only
id:x%3A0x1.0000000000000p%2B2,94,1.302,2.0832800000000002,2.043045781940557,0.9740626108105254,defined,0.04130557688274697,sensitivity_only
id:x%3A0x1.0000000000000p%2B2,95,1.316,2.0922400000000003,2.1324742180594436,0.9740626108105254,defined,-0.04130557688274697,sensitivity_only
id:x%3A0x1.0000000000000p%2B2,96,1.33,2.1012,2.0609657819405567,0.9740626108105254,defined,0.04130557688274697,sensitivity_only
id:x%3A0x1.0000000000000p%2B2,97,1.344,2.11016,2.1503942180594433,0.9740626108105254,defined,-0.04130557688274697,sensitivity_only
id:x%3A0x1.0000000000000p%2B2,98,1.358,2.11912,2.078885781940557,0.9740626108105254,defined,0.04130557688274697,sensitivity_only
id:x%3A0x1.0000000000000p%2B2,99,1.372,2.12808,2.1683142180594435,0.9740626108105254,defined,-0.04130557688274697,sensitivity_only
id:x%3A0x1.0000000000000p%2B2,100,1.386,2.13704,2.0968057819405566,0.9740626108105254,defined,0.04130557688274697,sensitivity_only
id:x%3A0x1.0000000000000p%2B2,101,1.4,2.146,2.186234218059443,0.9740626108105254,defined,-0.04130557688274697,sensitivity_only
id:x%3A0x1.0000000000000p%2B2,102,1.414,2.15496,2.1147257819405567,0.9740626108105254,defined,0.04130557688274697,sensitivity_only
id:x%3A0x1.0000000000000p%2B2,103,1.428,2.16392,2.2041542180594433,0.9740626108105254,defined,-0.04130557688274697,sensitivity_only
id:x%3A0x1.0000000000000p%2B2,104,1.442,2.17288,2.132645781940557,0.9740626108105254,defined,0.04130557688274697,sensitivity_only
id:x%3A0x1.0000000000000p%2B2,105,1.456,2.1818400000000002,2.2220742180594435,0.9740626108105254,defined,-0.04130557688274697,sensitivity_only
id:x%3A0x1.0000000000000p%2B2,106,1.47,2.1908,2.1505657819405566,0.9740626108105254,defined,0.04130557688274697,sensitivity_only
id:x%3A0x1.0000000000000p%2B2,107,1.484,2.19976,2.239994218059443,0.9740626108105254,defined,-0.04130557688274697,sensitivity_only
id:x%3A0x1.0000000000000p%2B2,108,1.498,2.20872,2.1684857819405567,0.9740626108105254,defined,0.04130557688274697,sensitivity_only
id:x%3A0x1.0000000000000p%2B2,109,1.512,2.21768,2.2648256174806978,1.1413862494773641,defined,-0.04130557688274697,sensitivity_only
id:x%3A0x1.0000000000000p%2B2,110,1.526,2.22664,2.1794943825193025,1.1413862494773641,defined,0.04130557688274697,sensitivity_only
id:x%3A0x1.0000000000000p%2B2,111,1.54,2.2356,2.2827456174806975,1.1413862494773641,defined,-0.04130557688274697,sensitivity_only
id:x%3A0x1.0000000000000p%2B2,112,1.554,2.24456,2.197414382519302,1.1413862494773641,defined,0.04130557688274697,sensitivity_only
id:x%3A0x1.0000000000000p%2B2,113,1.568,2.25352,2.3006656174806976,1.1413862494773641,defined,-0.04130557688274697,sensitivity_only
id:x%3A0x1.0000000000000p%2B2,114,1.582,2.26248,2.2153343825193024,1.1413862494773641,defined,0.04130557688274697,sensitivity_only
id:x%3A0x1.0000000000000p%2B2,115,1.596,2.27144,2.318585617480698,1.1413862494773641,defined,-0.04130557688274697,sensitivity_only
id:x%3A0x1.0000000000000p%2B2,116,1.61,2.2804,2.2332543825193025,1.1413862494773641,defined,0.04130557688274697,sensitivity_only
id:x%3A0x1.0000000000000p%2B2,117,1.624,2.2893600000000003,2.336505617480698,1.1413862494773641,defined,-0.04130557688274697,sensitivity_only
id:x%3A0x1.0000000000000p%2B2,118,1.638,2.29832,2.2511743825193022,1.1413862494773641,defined,0.04130557688274697,sensitivity_only
id:x%3A0x1.0000000000000p%2B2,119,1.652,2.30728,2.3544256174806977,1.1413862494773641,defined,-0.04130557688274697,sensitivity_only
id:x%3A0x1.0000000000000p%2B2,120,1.666,2.31624,2.2690943825193024,1.1413862494773641,defined,0.04130557688274697,sensitivity_only
id:x%3A0x1.0000000000000p%2B2,121,1.68,2.3251999999999997,2.3723456174806974,1.1413862494773641,defined,-0.04130557688274697,sensitivity_only
id:x%3A0x1.0000000000000p%2B2,122,1.694,2.33416,2.287014382519302,1.1413862494773641,defined,0.04130557688274697,sensitivity_only
id:x%3A0x1.0000000000000p%2B2,123,1.708,2.34312,2.3902656174806975,1.1413862494773641,defined,-0.04130557688274697,sensitivity_only
id:x%3A0x1.0000000000000p%2B2,124,1.722,2.35208,2.3049343825193023,1.1413862494773641,defined,0.04130557688274697,sensitivity_only
id:x%3A0x1.0000000000000p%2B2,125,1.736,2.36104,2.4081856174806977,1.1413862494773641,defined,-0.04130557688274697,sensitivity_only
id:x%3A0x1.0000000000000p%2B2,126,1.75,2.37,2.3228543825193024,1.1413862494773641,defined,0.04130557688274697,sensitivity_only
id:x%3A0x1.0000000000000p%2B2,127,1.764,2.37896,2.426105617480698,1.1413862494773641,defined,-0.04130557688274697,sensitivity_only
id:x%3A0x1.0000000000000p%2B2,128,1.778,2.3879200000000003,2.3407743825193026,1.1413862494773641,defined,0.04130557688274697,sensitivity_only
id:x%3A0x1.0000000000000p%2B2,129,1.792,2.3968800000000003,2.444025617480698,1.1413862494773641,defined,-0.04130557688274697,sensitivity_only
id:x%3A0x1.0000000000000p%2B2,130,1.806,2.40584,2.3586943825193023,1.1413862494773641,defined,0.04130557688274697,sensitivity_only
id:x%3A0x1.0000000000000p%2B2,131,1.82,2.4148,2.4619456174806977,1.1413862494773641,defined,-0.04130557688274697,sensitivity_only
id:x%3A0x1.0000000000000p%2B2,132,1.834,2.42376,2.3766143825193025,1.1413862494773641,defined,0.04130557688274697,sensitivity_only
id:x%3A0x1.0000000000000p%2B2,133,1.848,2.4327199999999998,2.4798656174806974,1.1413862494773641,defined,-0.04130557688274697,sensitivity_only
id:x%3A0x1.0000000000000p%2B2,134,1.862,2.44168,2.394534382519302,1.1413862494773641,defined,0.04130557688274697,sensitivity_only
id:x%3A0x1.0000000000000p%2B2,135,1.876,2.45064,2.4977856174806976,1.1413862494773641,defined,-0.04130557688274697,sensitivity_only
id:x%3A0x1.0000000000000p%2B2,136,1.89,2.4596,2.4124543825193023,1.1413862494773641,defined,0.04130557688274697,sensitivity_only
id:x%3A0x1.0000000000000p%2B2,137,1.904,2.46856,2.5157056174806978,1.1413862494773641,defined,-0.04130557688274697,sensitivity_only
id:x%3A0x1.0000000000000p%2B2,138,1.918,2.47752,2.4303743825193025,1.1413862494773641,defined,0.04130557688274697,sensitivity_only
id:x%3A0x1.0000000000000p%2B2,139,1.932,2.4864800000000002,2.533625617480698,1.1413862494773641,defined,-0.04130557688274697,sensitivity_only
id:x%3A0x1.0000000000000p%2B2,140,1.946,2.4954400000000003,2.4482943825193026,1.1413862494773641,defined,0.04130557688274697,sensitivity_only
id:x%3A0x1.0000000000000p%2B2,141,1.96,2.5044,2.5515456174806976,1.1413862494773641,defined,-0.04130557688274697,sensitivity_only
id:x%3A0x1.0000000000000p%2B2,142,1.974,2.51336,2.4662143825193024,1.1413862494773641,defined,0.04130557688274697,sensitivity_only
id:x%3A0x1.0000000000000p%2B2,143,1.988,2.52232,2.569465617480698,1.1413862494773641,defined,-0.04130557688274697,sensitivity_only
id:x%3A0x1.0000000000000p%2B2,144,2.0,2.5300000000000002,2.4828543825193026,1.1413862494773641,defined,0.04130557688274697,sensitivity_only
id:x%3A0x1.0000000000000p%2B2,145,2.002,2.5312799999999998,2.5784256174806974,1.1413862494773641,defined,-0.04130557688274697,sensitivity_only
id:x%3A0x1.0000000000000p%2B2,146,2.016,2.54024,2.493094382519302,1.1413862494773641,defined,0.04130557688274697,sensitivity_only
id:x%3A0x1.0000000000000p%2B2,147,2.03,2.5492,2.5963456174806976,1.1413862494773641,defined,-0.04130557688274697,sensitivity_only
id:x%3A0x1.0000000000000p%2B2,148,2.044,2.55816,2.5110143825193023,1.1413862494773641,defined,0.04130557688274697,sensitivity_only
id:x%3A0x1.0000000000000p%2B2,149,2.058,2.56712,2.6142656174806977,1.1413862494773641,defined,-0.04130557688274697,sensitivity_only
id:x%3A0x1.0000000000000p%2B2,150,2.072,2.57608,2.5289343825193025,1.1413862494773641,defined,0.04130557688274697,sensitivity_only
id:x%3A0x1.0000000000000p%2B2,151,2.086,2.5850400000000002,2.632185617480698,1.1413862494773641,defined,-0.04130557688274697,sensitivity_only
id:x%3A0x1.0000000000000p%2B2,152,2.1,2.5940000000000003,2.5468543825193026,1.1413862494773641,defined,0.04130557688274697,sensitivity_only
id:x%3A0x1.0000000000000p%2B2,153,2.114,2.60296,2.6501056174806976,1.1413862494773641,defined,-0.04130557688274697,sensitivity_only
id:x%3A0x1.0000000000000p%2B2,154,2.128,2.61192,2.5647743825193023,1.1413862494773641,defined,0.04130557688274697,sensitivity_only
id:x%3A0x1.0000000000000p%2B2,155,2.142,2.6208799999999997,2.6680256174806973,1.1413862494773641,defined,-0.04130557688274697,sensitivity_only
id:x%3A0x1.0000000000000p%2B2,156,2.156,2.62984,2.5826943825193025,1.1413862494773641,defined,0.04130557688274697,sensitivity_only
id:x%3A0x1.0000000000000p%2B2,157,2.17,2.6388,2.6859456174806975,1.1413862494773641,defined,-0.04130557688274697,sensitivity_only
id:x%3A0x1.0000000000000p%2B2,158,2.184,2.64776,2.600614382519302,1.1413862494773641,defined,0.04130557688274697,sensitivity_only
id:x%3A0x1.0000000000000p%2B2,159,2.198,2.65672,2.7038656174806976,1.1413862494773641,defined,-0.04130557688274697,sensitivity_only
id:x%3A0x1.0000000000000p%2B2,160,2.212,2.66568,2.6185343825193024,1.1413862494773641,defined,0.04130557688274697,sensitivity_only
id:x%3A0x1.0000000000000p%2B2,161,2.226,2.67464,2.721785617480698,1.1413862494773641,defined,-0.04130557688274697,sensitivity_only
id:x%3A0x1.0000000000000p%2B2,162,2.24,2.6836,2.6364543825193025,1.1413862494773641,defined,0.04130557688274697,sensitivity_only
id:x%3A0x1.0000000000000p%2B2,163,2.254,2.6925600000000003,2.739705617480698,1.1413862494773641,defined,-0.04130557688274697,sensitivity_only
id:x%3A0x1.0000000000000p%2B2,164,2.268,2.70152,2.6543743825193022,1.1413862494773641,defined,0.04130557688274697,sensitivity_only
id:x%3A0x1.0000000000000p%2B2,165,2.282,2.71048,2.7576256174806977,1.1413862494773641,defined,-0.04130557688274697,sensitivity_only
id:x%3A0x1.0000000000000p%2B2,166,2.296,2.7194399999999996,2.672294382519302,1.1413862494773641,defined,0.04130557688274697,sensitivity_only
id:x%3A0x1.0000000000000p%2B2,167,2.31,2.7284,2.775545617480698,1.1413862494773641,defined,-0.04130557688274697,sensitivity_only
id:x%3A0x1.0000000000000p%2B2,168,2.324,2.73736,2.690214382519302,1.1413862494773641,defined,0.04130557688274697,sensitivity_only
id:x%3A0x1.0000000000000p%2B2,169,2.338,2.74632,2.7934656174806975,1.1413862494773641,defined,-0.04130557688274697,sensitivity_only
id:x%3A0x1.0000000000000p%2B2,170,2.352,2.75528,2.7081343825193023,1.1413862494773641,defined,0.04130557688274697,sensitivity_only
id:x%3A0x1.0000000000000p%2B2,171,2.366,2.76424,2.8113856174806977,1.1413862494773641,defined,-0.04130557688274697,sensitivity_only
id:x%3A0x1.0000000000000p%2B2,172,2.38,2.7732,2.7260543825193024,1.1413862494773641,defined,0.04130557688274697,sensitivity_only
id:x%3A0x1.0000000000000p%2B2,173,2.394,2.78216,2.829305617480698,1.1413862494773641,defined,-0.04130557688274697,sensitivity_only
id:x%3A0x1.0000000000000p%2B2,174,2.408,2.7911200000000003,2.7439743825193026,1.1413862494773641,defined,0.04130557688274697,sensitivity_only
id:x%3A0x1.0000000000000p%2B2,175,2.422,2.8000800000000003,2.847225617480698,1.1413862494773641,defined,-0.04130557688274697,sensitivity_only
id:x%3A0x1.0000000000000p%2B2,176,2.436,2.80904,2.7618943825193023,1.1413862494773641,defined,0.04130557688274697,sensitivity_only
id:x%3A0x1.0000000000000p%2B2,177,2.45,2.818,2.8651456174806977,1.1413862494773641,defined,-0.04130557688274697,sensitivity_only
id:x%3A0x1.0000000000000p%2B2,178,2.464,2.8269599999999997,2.779814382519302,1.1413862494773641,defined,0.04130557688274697,sensitivity_only
id:x%3A0x1.0000000000000p%2B2,179,2.478,2.83592,2.883065617480698,1.1413862494773641,defined,-0.04130557688274697,sensitivity_only
id:x%3A0x1.0000000000000p%2B2,180,2.492,2.84488,2.797734382519302,1.1413862494773641,defined,0.04130557688274697,sensitivity_only
id:x%3A0x1.0000000000000p%2B2,181,2.506,2.85384,2.907787315220966,1.3060540317377747,defined,-0.04130557688274697,sensitivity_only
id:x%3A0x1.0000000000000p%2B2,182,2.52,2.8628,2.808852684779034,1.3060540317377747,defined,0.04130557688274697,sensitivity_only
id:x%3A0x1.0000000000000p%2B2,183,2.534,2.87176,2.9257073152209663,1.3060540317377747,defined,-0.04130557688274697,sensitivity_only
id:x%3A0x1.0000000000000p%2B2,184,2.548,2.88072,2.826772684779034,1.3060540317377747,defined,0.04130557688274697,sensitivity_only
id:x%3A0x1.0000000000000p%2B2,185,2.562,2.8896800000000002,2.9436273152209664,1.3060540317377747,defined,-0.04130557688274697,sensitivity_only
id:x%3A0x1.0000000000000p%2B2,186,2.576,2.8986400000000003,2.844692684779034,1.3060540317377747,defined,0.04130557688274697,sensitivity_only
id:x%3A0x1.0000000000000p%2B2,187,2.59,2.9076,2.961547315220966,1.3060540317377747,defined,-0.04130557688274697,sensitivity_only
id:x%3A0x1.0000000000000p%2B2,188,2.604,2.91656,2.862612684779034,1.3060540317377747,defined,0.04130557688274697,sensitivity_only
id:x%3A0x1.0000000000000p%2B2,189,2.618,2.9255199999999997,2.979467315220966,1.3060540317377747,defined,-0.04130557688274697,sensitivity_only
id:x%3A0x1.0000000000000p%2B2,190,2.632,2.93448,2.880532684779034,1.3060540317377747,defined,0.04130557688274697,sensitivity_only
id:x%3A0x1.0000000000000p%2B2,191,2.646,2.94344,2.997387315220966,1.3060540317377747,defined,-0.04130557688274697,sensitivity_only
id:x%3A0x1.0000000000000p%2B2,192,2.66,2.9524,2.8984526847790337,1.3060540317377747,defined,0.04130557688274697,sensitivity_only
id:x%3A0x1.0000000000000p%2B2,193,2.674,2.96136,3.015307315220966,1.3060540317377747,defined,-0.04130557688274697,sensitivity_only
id:x%3A0x1.0000000000000p%2B2,194,2.688,2.97032,2.916372684779034,1.3060540317377747,defined,0.04130557688274697,sensitivity_only
id:x%3A0x1.0000000000000p%2B2,195,2.702,2.97928,3.0332273152209663,1.3060540317377747,defined,-0.04130557688274697,sensitivity_only
id:x%3A0x1.0000000000000p%2B2,196,2.716,2.9882400000000002,2.934292684779034,1.3060540317377747,defined,0.04130557688274697,sensitivity_only
id:x%3A0x1.0000000000000p%2B2,197,2.73,2.9972000000000003,3.0511473152209665,1.3060540317377747,defined,-0.04130557688274697,sensitivity_only
id:x%3A0x1.0000000000000p%2B2,198,2.744,3.0061600000000004,2.952212684779034,1.3060540317377747,defined,0.04130557688274697,sensitivity_only
id:x%3A0x1.0000000000000p%2B2,199,2.758,3.01512,3.069067315220966,1.3060540317377747,defined,-0.04130557688274697,sensitivity_only
id:x%3A0x1.0000000000000p%2B2,200,2.772,3.0240799999999997,2.9701326847790335,1.3060540317377747,defined,0.04130557688274697,sensitivity_only
id:x%3A0x1.0000000000000p%2B2,201,2.786,3.0330399999999997,3.086987315220966,1.3060540317377747,defined,-0.04130557688274697,sensitivity_only
id:x%3A0x1.0000000000000p%2B2,202,2.8,3.042,2.9880526847790336,1.3060540317377747,defined,0.04130557688274697,sensitivity_only
id:x%3A0x1.0000000000000p%2B2,203,2.814,3.05096,3.104907315220966,1.3060540317377747,defined,-0.04130557688274697,sensitivity_only
id:x%3A0x1.0000000000000p%2B2,204,2.828,3.05992,3.005972684779034,1.3060540317377747,defined,0.04130557688274697,sensitivity_only
id:x%3A0x1.0000000000000p%2B2,205,2.842,3.06888,3.1228273152209662,1.3060540317377747,defined,-0.04130557688274697,sensitivity_only
id:x%3A0x1.0000000000000p%2B2,206,2.856,3.07784,3.023892684779034,1.3060540317377747,defined,0.04130557688274697,sensitivity_only
id:x%3A0x1.0000000000000p%2B2,207,2.87,3.0868,3.1407473152209664,1.3060540317377747,defined,-0.04130557688274697,sensitivity_only
id:x%3A0x1.0000000000000p%2B2,208,2.884,3.0957600000000003,3.041812684779034,1.3060540317377747,defined,0.04130557688274697,sensitivity_only
id:x%3A0x1.0000000000000p%2B2,209,2.898,3.1047200000000004,3.1586673152209666,1.3060540317377747,defined,-0.04130557688274697,sensitivity_only
id:x%3A0x1.0000000000000p%2B2,210,2.912,3.11368,3.059732684779034,1.3060540317377747,defined,0.04130557688274697,sensitivity_only
id:x%3A0x1.0000000000000p%2B2,211,2.926,3.12264,3.1765873152209663,1.3060540317377747,defined,-0.04130557688274697,sensitivity_only
id:x%3A0x1.0000000000000p%2B2,212,2.94,3.1315999999999997,3.0776526847790335,1.3060540317377747,defined,0.04130557688274697,sensitivity_only
id:x%3A0x1.0000000000000p%2B2,213,2.954,3.1405600000000002,3.1945073152209664,1.3060540317377747,defined,-0.04130557688274697,sensitivity_only
id:x%3A0x1.0000000000000p%2B2,214,2.968,3.14952,3.0955726847790337,1.3060540317377747,defined,0.04130557688274697,sensitivity_only
id:x%3A0x1.0000000000000p%2B2,215,2.982,3.15848,3.212427315220966,1.3060540317377747,defined,-0.04130557688274697,sensitivity_only
id:x%3A0x1.0000000000000p%2B2,216,2.996,3.16744,3.113492684779034,1.3060540317377747,defined,0.04130557688274697,sensitivity_only
id:x%3A0x1.0000000000000p%2B2,217,3.0,3.17,3.223947315220966,1.3060540317377747,defined,-0.04130557688274697,sensitivity_only
id:x%3A0x1.0000000000000p%2B2,218,3.01,3.1764,3.122452684779034,1.3060540317377747,defined,0.04130557688274697,sensitivity_only
id:x%3A0x1.0000000000000p%2B2,219,3.024,3.18536,3.2393073152209664,1.3060540317377747,defined,-0.04130557688274697,sensitivity_only
id:x%3A0x1.0000000000000p%2B2,220,3.038,3.19432,3.1403726847790336,1.3060540317377747,defined,0.04130557688274697,sensitivity_only
id:x%3A0x1.0000000000000p%2B2,221,3.052,3.2032800000000003,3.2572273152209665,1.3060540317377747,defined,-0.04130557688274697,sensitivity_only
id:x%3A0x1.0000000000000p%2B2,222,3.066,3.21224,3.158292684779034,1.3060540317377747,defined,0.04130557688274697,sensitivity_only
id:x%3A0x1.0000000000000p%2B2,223,3.08,3.2212,3.2751473152209662,1.3060540317377747,defined,-0.04130557688274697,sensitivity_only
id:x%3A0x1.0000000000000p%2B2,224,3.094,3.2301599999999997,3.1762126847790335,1.3060540317377747,defined,0.04130557688274697,sensitivity_only
id:x%3A0x1.0000000000000p%2B2,225,3.108,3.2391199999999998,3.293067315220966,1.3060540317377747,defined,-0.04130557688274697,sensitivity_only
id:x%3A0x1.0000000000000p%2B2,226,3.122,3.24808,3.1941326847790337,1.3060540317377747,defined,0.04130557688274697,sensitivity_only
id:x%3A0x1.0000000000000p%2B2,227,3.136,3.25704,3.310987315220966,1.3060540317377747,defined,-0.04130557688274697,sensitivity_only
id:x%3A0x1.0000000000000p%2B2,228,3.15,3.266,3.212052684779034,1.3060540317377747,defined,0.04130557688274697,sensitivity_only
id:x%3A0x1.0000000000000p%2B2,229,3.164,3.27496,3.3289073152209663,1.3060540317377747,defined,-0.04130557688274697,sensitivity_only
id:x%3A0x1.0000000000000p%2B2,230,3.178,3.28392,3.229972684779034,1.3060540317377747,defined,0.04130557688274697,sensitivity_only
id:x%3A0x1.0000000000000p%2B2,231,3.192,3.2928800000000003,3.3468273152209664,1.3060540317377747,defined,-0.04130557688274697,sensitivity_only
id:x%3A0x1.0000000000000p%2B2,232,3.206,3.30184,3.2478926847790337,1.3060540317377747,defined,0.04130557688274697,sensitivity_only
id:x%3A0x1.0000000000000p%2B2,233,3.22,3.3108,3.364747315220966,1.3060540317377747,defined,-0.04130557688274697,sensitivity_only
id:x%3A0x1.0000000000000p%2B2,234,3.234,3.31976,3.265812684779034,1.3060540317377747,defined,0.04130557688274697,sensitivity_only
id:x%3A0x1.0000000000000p%2B2,235,3.248,3.32872,3.3826673152209663,1.3060540317377747,defined,-0.04130557688274697,sensitivity_only
id:x%3A0x1.0000000000000p%2B2,236,3.262,3.33768,3.283732684779034,1.3060540317377747,defined,0.04130557688274697,sensitivity_only
id:x%3A0x1.0000000000000p%2B2,237,3.276,3.34664,3.400587315220966,1.3060540317377747,defined,-0.04130557688274697,sensitivity_only
id:x%3A0x1.0000000000000p%2B2,238,3.29,3.3556,3.3016526847790337,1.3060540317377747,defined,0.04130557688274697,sensitivity_only
id:x%3A0x1.0000000000000p%2B2,239,3.304,3.36456,3.418507315220966,1.3060540317377747,defined,-0.04130557688274697,sensitivity_only
id:x%3A0x1.0000000000000p%2B2,240,3.318,3.37352,3.319572684779034,1.3060540317377747,defined,0.04130557688274697,sensitivity_only
id:x%3A0x1.0000000000000p%2B2,241,3.332,3.38248,3.4364273152209663,1.3060540317377747,defined,-0.04130557688274697,sensitivity_only
id:x%3A0x1.0000000000000p%2B2,242,3.346,3.3914400000000002,3.337492684779034,1.3060540317377747,defined,0.04130557688274697,sensitivity_only
id:x%3A0x1.0000000000000p%2B2,243,3.36,3.4004,3.454347315220966,1.3060540317377747,defined,-0.04130557688274697,sensitivity_only
id:x%3A0x1.0000000000000p%2B2,244,3.374,3.40936,3.3554126847790338,1.3060540317377747,defined,0.04130557688274697,sensitivity_only
id:x%3A0x1.0000000000000p%2B2,245,3.388,3.41832,3.472267315220966,1.3060540317377747,defined,-0.04130557688274697,sensitivity_only
id:x%3A0x1.0000000000000p%2B2,246,3.402,3.42728,3.373332684779034,1.3060540317377747,defined,0.04130557688274697,sensitivity_only
id:x%3A0x1.0000000000000p%2B2,247,3.416,3.43624,3.4901873152209664,1.3060540317377747,defined,-0.04130557688274697,sensitivity_only
id:x%3A0x1.0000000000000p%2B2,248,3.43,3.4452000000000003,3.391252684779034,1.3060540317377747,defined,0.04130557688274697,sensitivity_only
id:x%3A0x1.0000000000000p%2B2,249,3.444,3.45416,3.508107315220966,1.3060540317377747,defined,-0.04130557688274697,sensitivity_only
id:x%3A0x1.0000000000000p%2B2,250,3.458,3.46312,3.409172684779034,1.3060540317377747,defined,0.04130557688274697,sensitivity_only
id:x%3A0x1.0000000000000p%2B2,251,3.472,3.47208,3.5260273152209662,1.3060540317377747,defined,-0.04130557688274697,sensitivity_only
id:x%3A0x1.0000000000000p%2B2,252,3.486,3.48104,3.427092684779034,1.3060540317377747,defined,0.04130557688274697,sensitivity_only
id:x%3A0x1.0000000000000p%2B2,253,3.5,3.49,3.5439473152209664,1.3060540317377747,defined,-0.04130557688274697,sensitivity_only
id:x%3A0x1.0000000000000p%2B2,254,3.514,3.49896,3.453344763819723,1.104336015201135,defined,0.04130557688274697,sensitivity_only
id:x%3A0x1.0000000000000p%2B2,255,3.528,3.50792,3.553535236180277,1.104336015201135,defined,-0.04130557688274697,sensitivity_only
id:x%3A0x1.0000000000000p%2B2,256,3.542,3.51688,3.471264763819723,1.104336015201135,defined,0.04130557688274697,sensitivity_only
id:x%3A0x1.0000000000000p%2B2,257,3.556,3.52584,3.571455236180277,1.104336015201135,defined,-0.04130557688274697,sensitivity_only
id:x%3A0x1.0000000000000p%2B2,258,3.57,3.5348,3.4891847638197233,1.104336015201135,defined,0.04130557688274697,sensitivity_only
id:x%3A0x1.0000000000000p%2B2,259,3.584,3.5437600000000002,3.589375236180277,1.104336015201135,defined,-0.04130557688274697,sensitivity_only
id:x%3A0x1.0000000000000p%2B2,260,3.598,3.55272,3.507104763819723,1.104336015201135,defined,0.04130557688274697,sensitivity_only
id:x%3A0x1.0000000000000p%2B2,261,3.612,3.56168,3.607295236180277,1.104336015201135,defined,-0.04130557688274697,sensitivity_only
id:x%3A0x1.0000000000000p%2B2,262,3.626,3.57064,3.525024763819723,1.104336015201135,defined,0.04130557688274697,sensitivity_only
id:x%3A0x1.0000000000000p%2B2,263,3.64,3.5796,3.625215236180277,1.104336015201135,defined,-0.04130557688274697,sensitivity_only
id:x%3A0x1.0000000000000p%2B2,264,3.654,3.58856,3.5429447638197233,1.104336015201135,defined,0.04130557688274697,sensitivity_only
id:x%3A0x1.0000000000000p%2B2,265,3.668,3.5975200000000003,3.643135236180277,1.104336015201135,defined,-0.04130557688274697,sensitivity_only
id:x%3A0x1.0000000000000p%2B2,266,3.682,3.60648,3.560864763819723,1.104336015201135,defined,0.04130557688274697,sensitivity_only
id:x%3A0x1.0000000000000p%2B2,267,3.696,3.61544,3.661055236180277,1.104336015201135,defined,-0.04130557688274697,sensitivity_only
id:x%3A0x1.0000000000000p%2B2,268,3.71,3.6244,3.578784763819723,1.104336015201135,defined,0.04130557688274697,sensitivity_only
id:x%3A0x1.0000000000000p%2B2,269,3.724,3.63336,3.678975236180277,1.104336015201135,defined,-0.04130557688274697,sensitivity_only
id:x%3A0x1.0000000000000p%2B2,270,3.738,3.6423200000000002,3.5967047638197234,1.104336015201135,defined,0.04130557688274697,sensitivity_only
id:x%3A0x1.0000000000000p%2B2,271,3.752,3.65128,3.6968952361802767,1.104336015201135,defined,-0.04130557688274697,sensitivity_only
id:x%3A0x1.0000000000000p%2B2,272,3.766,3.66024,3.614624763819723,1.104336015201135,defined,0.04130557688274697,sensitivity_only
id:x%3A0x1.0000000000000p%2B2,273,3.78,3.6692,3.714815236180277,1.104336015201135,defined,-0.04130557688274697,sensitivity_only
id:x%3A0x1.0000000000000p%2B2,274,3.794,3.67816,3.6325447638197232,1.104336015201135,defined,0.04130557688274697,sensitivity_only
id:x%3A0x1.0000000000000p%2B2,275,3.808,3.6871199999999997,3.7327352361802766,1.104336015201135,defined,-0.04130557688274697,sensitivity_only
id:x%3A0x1.0000000000000p%2B2,276,3.822,3.6960800000000003,3.6504647638197234,1.104336015201135,defined,0.04130557688274697,sensitivity_only
id:x%3A0x1.0000000000000p%2B2,277,3.836,3.70504,3.7506552361802767,1.104336015201135,defined,-0.04130557688274697,sensitivity_only
id:x%3A0x1.0000000000000p%2B2,278,3.85,3.714,3.668384763819723,1.104336015201135,defined,0.04130557688274697,sensitivity_only
id:x%3A0x1.0000000000000p%2B2,279,3.864,3.72296,3.768575236180277,1.104336015201135,defined,-0.04130557688274697,sensitivity_only
id:x%3A0x1.0000000000000p%2B2,280,3.878,3.73192,3.6863047638197233,1.104336015201135,defined,0.04130557688274697,sensitivity_only
id:x%3A0x1.0000000000000p%2B2,281,3.892,3.74088,3.786495236180277,1.104336015201135,defined,-0.04130557688274697,sensitivity_only
id:x%3A0x1.0000000000000p%2B2,282,3.906,3.7498400000000003,3.7042247638197234,1.104336015201135,defined,0.04130557688274697,sensitivity_only
id:x%3A0x1.0000000000000p%2B2,283,3.92,3.7588,3.8044152361802768,1.104336015201135,defined,-0.04130557688274697,sensitivity_only
id:x%3A0x1.0000000000000p%2B2,284,3.934,3.76776,3.722144763819723,1.104336015201135,defined,0.04130557688274697,sensitivity_only
id:x%3A0x1.0000000000000p%2B2,285,3.948,3.77672,3.822335236180277,1.104336015201135,defined,-0.04130557688274697,sensitivity_only
id:x%3A0x1.0000000000000p%2B2,286,3.962,3.78568,3.7400647638197233,1.104336015201135,defined,0.04130557688274697,sensitivity_only
id:x%3A0x1.0000000000000p%2B2,287,3.976,3.7946400000000002,3.840255236180277,1.104336015201135,defined,-0.04130557688274697,sensitivity_only
id:x%3A0x1.0000000000000p%2B2,288,3.99,3.8036000000000003,3.7579847638197235,1.104336015201135,defined,0.04130557688274697,sensitivity_only
id:x%3A0x1.0000000000000p%2B2,289,4.0,3.81,3.855615236180277,1.104336015201135,defined,-0.04130557688274697,sensitivity_only
id:x%3A0x1.0000000000000p%2B2,290,4.004,3.81256,3.766944763819723,1.104336015201135,defined,0.04130557688274697,sensitivity_only
id:x%3A0x1.0000000000000p%2B2,291,4.018,3.82152,3.867135236180277,1.104336015201135,defined,-0.04130557688274697,sensitivity_only
id:x%3A0x1.0000000000000p%2B2,292,4.032,3.83048,3.7848647638197233,1.104336015201135,defined,0.04130557688274697,sensitivity_only
id:x%3A0x1.0000000000000p%2B2,293,4.046,3.83944,3.885055236180277,1.104336015201135,defined,-0.04130557688274697,sensitivity_only
id:x%3A0x1.0000000000000p%2B2,294,4.06,3.8484,3.802784763819723,1.104336015201135,defined,0.04130557688274697,sensitivity_only
id:x%3A0x1.0000000000000p%2B2,295,4.074,3.85736,3.9029752361802768,1.104336015201135,defined,-0.04130557688274697,sensitivity_only
id:x%3A0x1.0000000000000p%2B2,296,4.088,3.86632,3.820704763819723,1.104336015201135,defined,0.04130557688274697,sensitivity_only
id:x%3A0x1.0000000000000p%2B2,297,4.102,3.87528,3.920895236180277,1.104336015201135,defined,-0.04130557688274697,sensitivity_only
id:x%3A0x1.0000000000000p%2B2,298,4.116,3.8842399999999997,3.838624763819723,1.104336015201135,defined,0.04130557688274697,sensitivity_only
id:x%3A0x1.0000000000000p%2B2,299,4.13,3.8931999999999998,3.9388152361802766,1.104336015201135,defined,-0.04130557688274697,sensitivity_only
id:x%3A0x1.0000000000000p%2B2,300,4.144,3.9021600000000003,3.8565447638197234,1.104336015201135,defined,0.04130557688274697,sensitivity_only
id:x%3A0x1.0000000000000p%2B2,301,4.158,3.9111200000000004,3.9567352361802772,1.104336015201135,defined,-0.04130557688274697,sensitivity_only
id:x%3A0x1.0000000000000p%2B2,302,4.172,3.92008,3.874464763819723,1.104336015201135,defined,0.04130557688274697,sensitivity_only
id:x%3A0x1.0000000000000p%2B2,303,4.186,3.92904,3.974655236180277,1.104336015201135,defined,-0.04130557688274697,sensitivity_only
id:x%3A0x1.0000000000000p%2B2,304,4.2,3.938,3.8923847638197233,1.104336015201135,defined,0.04130557688274697,sensitivity_only
id:x%3A0x1.0000000000000p%2B2,305,4.214,3.9469600000000002,3.992575236180277,1.104336015201135,defined,-0.04130557688274697,sensitivity_only
id:x%3A0x1.0000000000000p%2B2,306,4.228,3.95592,3.910304763819723,1.104336015201135,defined,0.04130557688274697,sensitivity_only
id:x%3A0x1.0000000000000p%2B2,307,4.242,3.96488,4.010495236180277,1.104336015201135,defined,-0.04130557688274697,sensitivity_only
id:x%3A0x1.0000000000000p%2B2,308,4.256,3.97384,3.928224763819723,1.104336015201135,defined,0.04130557688274697,sensitivity_only
id:x%3A0x1.0000000000000p%2B2,309,4.27,3.9827999999999997,4.028415236180277,1.104336015201135,defined,-0.04130557688274697,sensitivity_only
id:x%3A0x1.0000000000000p%2B2,310,4.284,3.9917599999999998,3.946144763819723,1.104336015201135,defined,0.04130557688274697,sensitivity_only
id:x%3A0x1.0000000000000p%2B2,311,4.298,4.00072,4.046335236180277,1.104336015201135,defined,-0.04130557688274697,sensitivity_only
id:x%3A0x1.0000000000000p%2B2,312,4.312,4.00968,3.9640647638197235,1.104336015201135,defined,0.04130557688274697,sensitivity_only
id:x%3A0x1.0000000000000p%2B2,313,4.326,4.0186399999999995,4.064255236180276,1.104336015201135,defined,-0.04130557688274697,sensitivity_only
id:x%3A0x1.0000000000000p%2B2,314,4.34,4.0276,3.9819847638197228,1.104336015201135,defined,0.04130557688274697,sensitivity_only
id:x%3A0x1.0000000000000p%2B2,315,4.354,4.03656,4.082175236180277,1.104336015201135,defined,-0.04130557688274697,sensitivity_only
id:x%3A0x1.0000000000000p%2B2,316,4.368,4.04552,3.999904763819723,1.104336015201135,defined,0.04130557688274697,sensitivity_only
id:x%3A0x1.0000000000000p%2B2,317,4.382,4.05448,4.100095236180277,1.104336015201135,defined,-0.04130557688274697,sensitivity_only
id:x%3A0x1.0000000000000p%2B2,318,4.396,4.06344,4.017824763819723,1.104336015201135,defined,0.04130557688274697,sensitivity_only
id:x%3A0x1.0000000000000p%2B2,319,4.41,4.0724,4.118015236180277,1.104336015201135,defined,-0.04130557688274697,sensitivity_only
id:x%3A0x1.0000000000000p%2B2,320,4.424,4.08136,4.035744763819723,1.104336015201135,defined,0.04130557688274697,sensitivity_only
id:x%3A0x1.0000000000000p%2B2,321,4.438,4.09032,4.135935236180277,1.104336015201135,defined,-0.04130557688274697,sensitivity_only
id:x%3A0x1.0000000000000p%2B2,322,4.452,4.09928,4.053664763819723,1.104336015201135,defined,0.04130557688274697,sensitivity_only
id:x%3A0x1.0000000000000p%2B2,323,4.466,4.10824,4.153855236180277,1.104336015201135,defined,-0.04130557688274697,sensitivity_only
id:x%3A0x1.0000000000000p%2B2,324,4.48,4.1172,4.071584763819724,1.104336015201135,defined,0.04130557688274697,sensitivity_only
id:x%3A0x1.0000000000000p%2B2,325,4.494,4.1261600000000005,4.171775236180277,1.104336015201135,defined,-0.04130557688274697,sensitivity_only
id:x%3A0x1.0000000000000p%2B2,326,4.508,4.135120000000001,4.089504763819724,1.1043360152011354,defined,0.04130557688274697,sensitivity_only
id:x%3A0x1.0000000000000p%2B2,327,4.522,4.144080000000001,4.1896952361802775,1.1043360152011354,defined,-0.04130557688274697,sensitivity_only
id:x%3A0x1.0000000000000p%2B2,328,4.536,4.15304,4.107424763819723,1.1043360152011354,defined,0.04130557688274697,sensitivity_only
id:x%3A0x1.0000000000000p%2B2,329,4.55,4.162,4.207615236180277,1.1043360152011354,defined,-0.04130557688274697,sensitivity_only
id:x%3A0x1.0000000000000p%2B2,330,4.564,4.17096,4.125344763819723,1.1043360152011354,defined,0.04130557688274697,sensitivity_only
id:x%3A0x1.0000000000000p%2B2,331,4.578,4.17992,4.225535236180277,1.1043360152011354,defined,-0.04130557688274697,sensitivity_only
id:x%3A0x1.0000000000000p%2B2,332,4.592,4.188879999999999,4.143264763819722,1.1043360152011354,defined,0.04130557688274697,sensitivity_only
id:x%3A0x1.0000000000000p%2B2,333,4.606,4.197839999999999,4.243455236180276,1.1043360152011354,defined,-0.04130557688274697,sensitivity_only
id:x%3A0x1.0000000000000p%2B2,334,4.62,4.2068,4.1611847638197235,1.1043360152011354,defined,0.04130557688274697,sensitivity_only
id:x%3A0x1.0000000000000p%2B2,335,4.634,4.21576,4.261375236180277,1.1043360152011354,defined,-0.04130557688274697,sensitivity_only
id:x%3A0x1.0000000000000p%2B2,336,4.648,4.22472,4.179104763819723,1.1043360152011354,defined,0.04130557688274697,sensitivity_only
id:x%3A0x1.0000000000000p%2B2,337,4.662,4.23368,4.2792952361802765,1.1043360152011354,defined,-0.04130557688274697,sensitivity_only
id:x%3A0x1.0000000000000p%2B2,338,4.676,4.24264,4.197024763819723,1.1043360152011354,defined,0.04130557688274697,sensitivity_only
id:x%3A0x1.0000000000000p%2B2,339,4.69,4.2516,4.297215236180277,1.1043360152011354,defined,-0.04130557688274697,sensitivity_only
id:x%3A0x1.0000000000000p%2B2,340,4.704,4.26056,4.214944763819723,1.1043360152011354,defined,0.04130557688274697,sensitivity_only
id:x%3A0x1.0000000000000p%2B2,341,4.718,4.26952,4.315135236180277,1.1043360152011354,defined,-0.04130557688274697,sensitivity_only
id:x%3A0x1.0000000000000p%2B2,342,4.732,4.27848,4.232864763819723,1.1043360152011354,defined,0.04130557688274697,sensitivity_only
id:x%3A0x1.0000000000000p%2B2,343,4.746,4.28744,4.333055236180277,1.1043360152011354,defined,-0.04130557688274697,sensitivity_only
id:x%3A0x1.0000000000000p%2B2,344,4.76,4.2964,4.250784763819723,1.1043360152011354,defined,0.04130557688274697,sensitivity_only
id:x%3A0x1.0000000000000p%2B2,345,4.774,4.30536,4.350975236180277,1.1043360152011354,defined,-0.04130557688274697,sensitivity_only
id:x%3A0x1.0000000000000p%2B2,346,4.788,4.31432,4.2687047638197235,1.1043360152011354,defined,0.04130557688274697,sensitivity_only
id:x%3A0x1.0000000000000p%2B2,347,4.802,4.3232800000000005,4.368895236180277,1.1043360152011354,defined,-0.04130557688274697,sensitivity_only
id:x%3A0x1.0000000000000p%2B2,348,4.816,4.3322400000000005,4.286624763819724,1.1043360152011354,defined,0.04130557688274697,sensitivity_only
id:x%3A0x1.0000000000000p%2B2,349,4.83,4.341200000000001,4.3868152361802775,1.1043360152011354,defined,-0.04130557688274697,sensitivity_only
id:x%3A0x1.0000000000000p%2B2,350,4.844,4.350160000000001,4.304544763819724,1.1043360152011354,defined,0.04130557688274697,sensitivity_only
id:x%3A0x1.0000000000000p%2B2,351,4.858,4.35912,4.404735236180277,1.1043360152011354,defined,-0.04130557688274697,sensitivity_only
id:x%3A0x1.0000000000000p%2B2,352,4.872,4.36808,4.322464763819723,1.1043360152011354,defined,0.04130557688274697,sensitivity_only
id:x%3A0x1.0000000000000p%2B2,353,4.886,4.37704,4.422655236180277,1.1043360152011354,defined,-0.04130557688274697,sensitivity_only
id:x%3A0x1.0000000000000p%2B2,354,4.9,4.386,4.340384763819723,1.1043360152011354,defined,0.04130557688274697,sensitivity_only
id:x%3A0x1.0000000000000p%2B2,355,4.914,4.394959999999999,4.440575236180276,1.1043360152011354,defined,-0.04130557688274697,sensitivity_only
id:x%3A0x1.0000000000000p%2B2,356,4.928,4.403919999999999,4.3583047638197225,1.1043360152011354,defined,0.04130557688274697,sensitivity_only
id:x%3A0x1.0000000000000p%2B2,357,4.942,4.41288,4.458495236180277,1.1043360152011354,defined,-0.04130557688274697,sensitivity_only
id:x%3A0x1.0000000000000p%2B2,358,4.956,4.42184,4.376224763819724,1.1043360152011354,defined,0.04130557688274697,sensitivity_only
id:x%3A0x1.0000000000000p%2B2,359,4.97,4.4308,4.4764152361802765,1.1043360152011354,defined,-0.04130557688274697,sensitivity_only
id:x%3A0x1.0000000000000p%2B2,360,4.984,4.43976,4.394144763819723,1.1043360152011354,defined,0.04130557688274697,sensitivity_only
id:x%3A0x1.0000000000000p%2B2,361,4.998,4.44872,4.494335236180277,1.1043360152011354,defined,-0.04130557688274697,sensitivity_only
id:x%3A0x1.0000000000000p%2B2,362,5.0,4.45,4.404384763819723,1.1043360152011354,defined,0.04130557688274697,sensitivity_only
id:x%3A0x1.0000000000000p%2B2,363,5.012,4.45768,4.503295236180277,1.1043360152011354,defined,-0.04130557688274697,sensitivity_only
id:x%3A0x1.0000000000000p%2B2,364,5.026,4.46664,4.421024763819723,1.1043360152011354,defined,0.04130557688274697,sensitivity_only
id:x%3A0x1.0000000000000p%2B2,365,5.04,4.4756,4.521215236180277,1.1043360152011354,defined,-0.04130557688274697,sensitivity_only
id:x%3A0x1.0000000000000p%2B2,366,5.054,4.48456,4.438944763819723,1.1043360152011354,defined,0.04130557688274697,sensitivity_only
id:x%3A0x1.0000000000000p%2B2,367,5.068,4.49352,4.539135236180277,1.1043360152011354,defined,-0.04130557688274697,sensitivity_only
id:x%3A0x1.0000000000000p%2B2,368,5.082,4.50248,4.456864763819723,1.1043360152011354,defined,0.04130557688274697,sensitivity_only
id:x%3A0x1.0000000000000p%2B2,369,5.096,4.51144,4.557055236180277,1.1043360152011354,defined,-0.04130557688274697,sensitivity_only
id:x%3A0x1.0000000000000p%2B2,370,5.11,4.5204,4.474784763819724,1.1043360152011354,defined,0.04130557688274697,sensitivity_only
id:x%3A0x1.0000000000000p%2B2,371,5.124,4.5293600000000005,4.574975236180277,1.1043360152011354,defined,-0.04130557688274697,sensitivity_only
id:x%3A0x1.0000000000000p%2B2,372,5.138,4.538320000000001,4.492704763819724,1.1043360152011354,defined,0.04130557688274697,sensitivity_only
id:x%3A0x1.0000000000000p%2B2,373,5.152,4.547280000000001,4.5928952361802775,1.1043360152011354,defined,-0.04130557688274697,sensitivity_only
id:x%3A0x1.0000000000000p%2B2,374,5.166,4.556240000000001,4.510624763819724,1.1043360152011354,defined,0.04130557688274697,sensitivity_only
id:x%3A0x1.0000000000000p%2B2,375,5.18,4.5652,4.610815236180277,1.1043360152011354,defined,-0.04130557688274697,sensitivity_only
id:x%3A0x1.0000000000000p%2B2,376,5.194,4.57416,4.528544763819723,1.1043360152011354,defined,0.04130557688274697,sensitivity_only
id:x%3A0x1.0000000000000p%2B2,377,5.208,4.58312,4.628735236180277,1.1043360152011354,defined,-0.04130557688274697,sensitivity_only
id:x%3A0x1.0000000000000p%2B2,378,5.222,4.59208,4.546464763819723,1.1043360152011354,defined,0.04130557688274697,sensitivity_only
id:x%3A0x1.0000000000000p%2B2,379,5.236,4.601039999999999,4.646655236180276,1.1043360152011354,defined,-0.04130557688274697,sensitivity_only
id:x%3A0x1.0000000000000p%2B2,380,5.25,4.609999999999999,4.564384763819723,1.1043360152011354,defined,0.04130557688274697,sensitivity_only
id:x%3A0x1.0000000000000p%2B2,381,5.264,4.61896,4.664575236180277,1.1043360152011354,defined,-0.04130557688274697,sensitivity_only
id:x%3A0x1.0000000000000p%2B2,382,5.278,4.62792,4.582304763819723,1.1043360152011354,defined,0.04130557688274697,sensitivity_only
id:x%3A0x1.0000000000000p%2B2,383,5.292,4.63688,4.6824952361802765,1.1043360152011354,defined,-0.04130557688274697,sensitivity_only
id:x%3A0x1.0000000000000p%2B2,384,5.306,4.64584,4.600224763819723,1.1043360152011354,defined,0.04130557688274697,sensitivity_only
id:x%3A0x1.0000000000000p%2B2,385,5.32,4.6548,4.700415236180277,1.1043360152011354,defined,-0.04130557688274697,sensitivity_only
id:x%3A0x1.0000000000000p%2B2,386,5.334,4.66376,4.618144763819723,1.1043360152011354,defined,0.04130557688274697,sensitivity_only
id:x%3A0x1.0000000000000p%2B2,387,5.348,4.67272,4.718335236180277,1.1043360152011354,defined,-0.04130557688274697,sensitivity_only
id:x%3A0x1.0000000000000p%2B2,388,5.362,4.68168,4.636064763819723,1.1043360152011354,defined,0.04130557688274697,sensitivity_only
id:x%3A0x1.0000000000000p%2B2,389,5.376,4.69064,4.736255236180277,1.1043360152011354,defined,-0.04130557688274697,sensitivity_only
id:x%3A0x1.0000000000000p%2B2,390,5.39,4.6996,4.653984763819723,1.1043360152011354,defined,0.04130557688274697,sensitivity_only
id:x%3A0x1.0000000000000p%2B2,391,5.404,4.70856,4.754175236180277,1.1043360152011354,defined,-0.04130557688274697,sensitivity_only
id:x%3A0x1.0000000000000p%2B2,392,5.418,4.71752,4.6719047638197235,1.1043360152011354,defined,0.04130557688274697,sensitivity_only
id:x%3A0x1.0000000000000p%2B2,393,5.432,4.7264800000000005,4.772095236180277,1.1043360152011354,defined,-0.04130557688274697,sensitivity_only
id:x%3A0x1.0000000000000p%2B2,394,5.446,4.7354400000000005,4.689824763819724,1.1043360152011354,defined,0.04130557688274697,sensitivity_only
id:x%3A0x1.0000000000000p%2B2,395,5.46,4.744400000000001,4.7900152361802775,1.1043360152011354,defined,-0.04130557688274697,sensitivity_only
id:x%3A0x1.0000000000000p%2B2,396,5.474,4.753360000000001,4.707744763819724,1.1043360152011354,defined,0.04130557688274697,sensitivity_only
id:x%3A0x1.0000000000000p%2B2,397,5.488,4.762320000000001,4.807935236180278,1.1043360152011354,defined,-0.04130557688274697,sensitivity_only
id:x%3A0x1.0000000000000p%2B2,398,5.502,4.77128,4.725664763819723,1.104336015201135,defined,0.04130557688274697,sensitivity_only
id:x%3A0x1.0000000000000p%2B2,399,5.516,4.78024,4.825855236180277,1.104336015201135,defined,-0.04130557688274697,sensitivity_only
id:x%3A0x1.0000000000000p%2B2,400,5.53,4.7892,4.743584763819723,1.104336015201135,defined,0.04130557688274697,sensitivity_only
id:x%3A0x1.0000000000000p%2B2,401,5.544,4.798159999999999,4.843775236180276,1.104336015201135,defined,-0.04130557688274697,sensitivity_only
id:x%3A0x1.0000000000000p%2B2,402,5.558,4.807119999999999,4.7615047638197225,1.104336015201135,defined,0.04130557688274697,sensitivity_only
id:x%3A0x1.0000000000000p%2B2,403,5.572,4.8160799999999995,4.861695236180276,1.104336015201135,defined,-0.04130557688274697,sensitivity_only
id:x%3A0x1.0000000000000p%2B2,404,5.586,4.82504,4.779424763819724,1.104336015201135,defined,0.04130557688274697,sensitivity_only
id:x%3A0x1.0000000000000p%2B2,405,5.6,4.834,4.8796152361802765,1.104336015201135,defined,-0.04130557688274697,sensitivity_only
id:x%3A0x1.0000000000000p%2B2,406,5.614,4.84296,4.797344763819723,1.104336015201135,defined,0.04130557688274697,sensitivity_only
id:x%3A0x1.0000000000000p%2B2,407,5.628,4.85192,4.897535236180277,1.104336015201135,defined,-0.04130557688274697,sensitivity_only
id:x%3A0x1.0000000000000p%2B2,408,5.642,4.86088,4.815264763819723,1.104336015201135,defined,0.04130557688274697,sensitivity_only
id:x%3A0x1.0000000000000p%2B2,409,5.656,4.86984,4.915455236180277,1.104336015201135,defined,-0.04130557688274697,sensitivity_only
id:x%3A0x1.0000000000000p%2B2,410,5.67,4.8788,4.833184763819723,1.104336015201135,defined,0.04130557688274697,sensitivity_only
id:x%3A0x1.0000000000000p%2B2,411,5.684,4.88776,4.933375236180277,1.104336015201135,defined,-0.04130557688274697,sensitivity_only
id:x%3A0x1.0000000000000p%2B2,412,5.698,4.89672,4.851104763819723,1.104336015201135,defined,0.04130557688274697,sensitivity_only
id:x%3A0x1.0000000000000p%2B2,413,5.712,4.90568,4.951295236180277,1.104336015201135,defined,-0.04130557688274697,sensitivity_only
id:x%3A0x1.0000000000000p%2B2,414,5.726,4.91464,4.8690247638197235,1.104336015201135,defined,0.04130557688274697,sensitivity_only
id:x%3A0x1.0000000000000p%2B2,415,5.74,4.9236,4.969215236180277,1.104336015201135,defined,-0.04130557688274697,sensitivity_only
id:x%3A0x1.0000000000000p%2B2,416,5.754,4.93256,4.886944763819723,1.104336015201135,defined,0.04130557688274697,sensitivity_only
id:x%3A0x1.0000000000000p%2B2,417,5.768,4.941520000000001,4.987135236180277,1.104336015201135,defined,-0.04130557688274697,sensitivity_only
id:x%3A0x1.0000000000000p%2B2,418,5.782,4.950480000000001,4.904864763819724,1.104336015201135,defined,0.04130557688274697,sensitivity_only
id:x%3A0x1.0000000000000p%2B2,419,5.796,4.959440000000001,5.005055236180278,1.104336015201135,defined,-0.04130557688274697,sensitivity_only
id:x%3A0x1.0000000000000p%2B2,420,5.81,4.9684,4.922784763819723,1.104336015201135,defined,0.04130557688274697,sensitivity_only
id:x%3A0x1.0000000000000p%2B2,421,5.824,4.97736,5.022975236180277,1.104336015201135,defined,-0.04130557688274697,sensitivity_only
id:x%3A0x1.0000000000000p%2B2,422,5.838,4.98632,4.940704763819723,1.104336015201135,defined,0.04130557688274697,sensitivity_only
id:x%3A0x1.0000000000000p%2B2,423,5.852,4.99528,5.040895236180277,1.104336015201135,defined,-0.04130557688274697,sensitivity_only
id:x%3A0x1.0000000000000p%2B2,424,5.866,5.004239999999999,4.9586247638197225,1.104336015201135,defined,0.04130557688274697,sensitivity_only
id:x%3A0x1.0000000000000p%2B2,425,5.88,5.013199999999999,5.058815236180276,1.104336015201135,defined,-0.04130557688274697,sensitivity_only
id:x%3A0x1.0000000000000p%2B2,426,5.894,5.0221599999999995,4.976544763819723,1.104336015201135,defined,0.04130557688274697,sensitivity_only
id:x%3A0x1.0000000000000p%2B2,427,5.908,5.0311200000000005,5.076735236180277,1.104336015201135,defined,-0.04130557688274697,sensitivity_only
id:x%3A0x1.0000000000000p%2B2,428,5.922,5.04008,4.994464763819723,1.104336015201135,defined,0.04130557688274697,sensitivity_only
id:x%3A0x1.0000000000000p%2B2,429,5.936,5.04904,5.094655236180277,1.104336015201135,defined,-0.04130557688274697,sensitivity_only
id:x%3A0x1.0000000000000p%2B2,430,5.95,5.058,5.012384763819723,1.104336015201135,defined,0.04130557688274697,sensitivity_only
id:x%3A0x1.0000000000000p%2B2,431,5.964,5.06696,5.112575236180277,1.104336015201135,defined,-0.04130557688274697,sensitivity_only
id:x%3A0x1.0000000000000p%2B2,432,5.978,5.07592,5.030304763819723,1.104336015201135,defined,0.04130557688274697,sensitivity_only
id:x%3A0x1.0000000000000p%2B2,433,5.992,5.08488,5.130495236180277,1.104336015201135,defined,-0.04130557688274697,sensitivity_only
id:x%3A0x1.0000000000000p%2B2,434,6.0,5.09,5.044384763819723,1.104336015201135,defined,0.04130557688274697,sensitivity_only
id:x%3A0x1.0000000000000p%2B2,435,6.006,5.09384,5.139455236180277,1.104336015201135,defined,-0.04130557688274697,sensitivity_only
id:x%3A0x1.0000000000000p%2B2,436,6.02,5.1028,5.057184763819723,1.104336015201135,defined,0.04130557688274697,sensitivity_only
id:x%3A0x1.0000000000000p%2B2,437,6.034,5.11176,5.157375236180277,1.104336015201135,defined,-0.04130557688274697,sensitivity_only
id:x%3A0x1.0000000000000p%2B2,438,6.048,5.12072,5.0751047638197235,1.104336015201135,defined,0.04130557688274697,sensitivity_only
id:x%3A0x1.0000000000000p%2B2,439,6.062,5.1296800000000005,5.175295236180277,1.104336015201135,defined,-0.04130557688274697,sensitivity_only
id:x%3A0x1.0000000000000p%2B2,440,6.076,5.13864,5.093024763819723,1.104336015201135,defined,0.04130557688274697,sensitivity_only
id:x%3A0x1.0000000000000p%2B2,441,6.09,5.147600000000001,5.1932152361802775,1.104336015201135,defined,-0.04130557688274697,sensitivity_only
id:x%3A0x1.0000000000000p%2B2,442,6.104,5.156560000000001,5.110944763819724,1.104336015201135,defined,0.04130557688274697,sensitivity_only
id:x%3A0x1.0000000000000p%2B2,443,6.118,5.165520000000001,5.211135236180278,1.104336015201135,defined,-0.04130557688274697,sensitivity_only
id:x%3A0x1.0000000000000p%2B2,444,6.132,5.17448,5.128864763819723,1.104336015201135,defined,0.04130557688274697,sensitivity_only
id:x%3A0x1.0000000000000p%2B2,445,6.146,5.18344,5.229055236180277,1.104336015201135,defined,-0.04130557688274697,sensitivity_only
id:x%3A0x1.0000000000000p%2B2,446,6.16,5.1924,5.146784763819723,1.104336015201135,defined,0.04130557688274697,sensitivity_only
id:x%3A0x1.0000000000000p%2B2,447,6.174,5.20136,5.246975236180277,1.104336015201135,defined,-0.04130557688274697,sensitivity_only
id:x%3A0x1.0000000000000p%2B2,448,6.188,5.210319999999999,5.1647047638197225,1.104336015201135,defined,0.04130557688274697,sensitivity_only
id:x%3A0x1.0000000000000p%2B2,449,6.202,5.2192799999999995,5.264895236180276,1.104336015201135,defined,-0.04130557688274697,sensitivity_only
id:x%3A0x1.0000000000000p%2B2,450,6.216,5.2282399999999996,5.182624763819723,1.104336015201135,defined,0.04130557688274697,sensitivity_only
id:x%3A0x1.0000000000000p%2B2,451,6.23,5.2372000000000005,5.282815236180277,1.104336015201135,defined,-0.04130557688274697,sensitivity_only
id:x%3A0x1.0000000000000p%2B2,452,6.244,5.24616,5.200544763819723,1.104336015201135,defined,0.04130557688274697,sensitivity_only
id:x%3A0x1.0000000000000p%2B2,453,6.258,5.25512,5.300735236180277,1.104336015201135,defined,-0.04130557688274697,sensitivity_only
id:x%3A0x1.0000000000000p%2B2,454,6.272,5.26408,5.218464763819723,1.104336015201135,defined,0.04130557688274697,sensitivity_only
id:x%3A0x1.0000000000000p%2B2,455,6.286,5.27304,5.318655236180277,1.104336015201135,defined,-0.04130557688274697,sensitivity_only
id:x%3A0x1.0000000000000p%2B2,456,6.3,5.282,5.236384763819723,1.104336015201135,defined,0.04130557688274697,sensitivity_only
id:x%3A0x1.0000000000000p%2B2,457,6.314,5.29096,5.336575236180277,1.104336015201135,defined,-0.04130557688274697,sensitivity_only
id:x%3A0x1.0000000000000p%2B2,458,6.328,5.29992,5.254304763819723,1.104336015201135,defined,0.04130557688274697,sensitivity_only
id:x%3A0x1.0000000000000p%2B2,459,6.342,5.30888,5.354495236180277,1.104336015201135,defined,-0.04130557688274697,sensitivity_only
id:x%3A0x1.0000000000000p%2B2,460,6.356,5.31784,5.2722247638197235,1.104336015201135,defined,0.04130557688274697,sensitivity_only
id:x%3A0x1.0000000000000p%2B2,461,6.37,5.3268,5.372415236180277,1.104336015201135,defined,-0.04130557688274697,sensitivity_only
id:x%3A0x1.0000000000000p%2B2,462,6.384,5.3357600000000005,5.290144763819724,1.104336015201135,defined,0.04130557688274697,sensitivity_only
id:x%3A0x1.0000000000000p%2B2,463,6.398,5.34472,5.3903352361802765,1.104336015201135,defined,-0.04130557688274697,sensitivity_only
id:x%3A0x1.0000000000000p%2B2,464,6.412,5.35368,5.308064763819723,1.104336015201135,defined,0.04130557688274697,sensitivity_only
id:x%3A0x1.0000000000000p%2B2,465,6.426,5.36264,5.408255236180277,1.104336015201135,defined,-0.04130557688274697,sensitivity_only
id:x%3A0x1.0000000000000p%2B2,466,6.44,5.3716,5.325984763819723,1.104336015201135,defined,0.04130557688274697,sensitivity_only
id:x%3A0x1.0000000000000p%2B2,467,6.454,5.38056,5.426175236180277,1.104336015201135,defined,-0.04130557688274697,sensitivity_only
id:x%3A0x1.0000000000000p%2B2,468,6.468,5.38952,5.343904763819723,1.104336015201135,defined,0.04130557688274697,sensitivity_only
id:x%3A0x1.0000000000000p%2B2,469,6.482,5.39848,5.444095236180277,1.104336015201135,defined,-0.04130557688274697,sensitivity_only
id:x%3A0x1.0000000000000p%2B2,470,6.496,5.40744,5.361824763819723,1.104336015201135,defined,0.04130557688274697,sensitivity_only
id:x%3A0x1.0000000000000p%2B2,471,6.51,5.4164,5.45841143505348,1.0170886893248545,defined,-0.04130557688274697,sensitivity_only
id:x%3A0x1.0000000000000p%2B2,472,6.524,5.42536,5.3833485649465205,1.0170886893248545,defined,0.04130557688274697,sensitivity_only
id:x%3A0x1.0000000000000p%2B2,473,6.538,5.4343200000000005,5.47633143505348,1.0170886893248545,defined,-0.04130557688274697,sensitivity_only
id:x%3A0x1.0000000000000p%2B2,474,6.552,5.44328,5.40126856494652,1.0170886893248545,defined,0.04130557688274697,sensitivity_only
id:x%3A0x1.0000000000000p%2B2,475,6.566,5.45224,5.49425143505348,1.0170886893248545,defined,-0.04130557688274697,sensitivity_only
id:x%3A0x1.0000000000000p%2B2,476,6.58,5.4612,5.41918856494652,1.0170886893248545,defined,0.04130557688274697,sensitivity_only
id:x%3A0x1.0000000000000p%2B2,477,6.594,5.47016,5.51217143505348,1.0170886893248545,defined,-0.04130557688274697,sensitivity_only
id:x%3A0x1.0000000000000p%2B2,478,6.608,5.47912,5.43710856494652,1.0170886893248545,defined,0.04130557688274697,sensitivity_only
id:x%3A0x1.0000000000000p%2B2,479,6.622,5.48808,5.53009143505348,1.0170886893248545,defined,-0.04130557688274697,sensitivity_only
id:x%3A0x1.0000000000000p%2B2,480,6.636,5.49704,5.45502856494652,1.0170886893248545,defined,0.04130557688274697,sensitivity_only
id:x%3A0x1.0000000000000p%2B2,481,6.65,5.506,5.54801143505348,1.0170886893248545,defined,-0.04130557688274697,sensitivity_only
id:x%3A0x1.0000000000000p%2B2,482,6.664,5.51496,5.47294856494652,1.0170886893248545,defined,0.04130557688274697,sensitivity_only
id:x%3A0x1.0000000000000p%2B2,483,6.678,5.52392,5.56593143505348,1.0170886893248545,defined,-0.04130557688274697,sensitivity_only
id:x%3A0x1.0000000000000p%2B2,484,6.692,5.5328800000000005,5.4908685649465205,1.0170886893248545,defined,0.04130557688274697,sensitivity_only
id:x%3A0x1.0000000000000p%2B2,485,6.706,5.5418400000000005,5.5838514350534805,1.0170886893248545,defined,-0.04130557688274697,sensitivity_only
id:x%3A0x1.0000000000000p%2B2,486,6.72,5.5508,5.50878856494652,1.0170886893248545,defined,0.04130557688274697,sensitivity_only
id:x%3A0x1.0000000000000p%2B2,487,6.734,5.55976,5.60177143505348,1.0170886893248545,defined,-0.04130557688274697,sensitivity_only
id:x%3A0x1.0000000000000p%2B2,488,6.748,5.56872,5.52670856494652,1.0170886893248545,defined,0.04130557688274697,sensitivity_only
id:x%3A0x1.0000000000000p%2B2,489,6.762,5.57768,5.61969143505348,1.0170886893248545,defined,-0.04130557688274697,sensitivity_only
id:x%3A0x1.0000000000000p%2B2,490,6.776,5.58664,5.54462856494652,1.0170886893248545,defined,0.04130557688274697,sensitivity_only
id:x%3A0x1.0000000000000p%2B2,491,6.79,5.5956,5.63761143505348,1.0170886893248545,defined,-0.04130557688274697,sensitivity_only
id:x%3A0x1.0000000000000p%2B2,492,6.804,5.60456,5.56254856494652,1.0170886893248545,defined,0.04130557688274697,sensitivity_only
id:x%3A0x1.0000000000000p%2B2,493,6.818,5.61352,5.65553143505348,1.0170886893248545,defined,-0.04130557688274697,sensitivity_only
id:x%3A0x1.0000000000000p%2B2,494,6.832,5.62248,5.58046856494652,1.0170886893248545,defined,0.04130557688274697,sensitivity_only
id:x%3A0x1.0000000000000p%2B2,495,6.846,5.6314400000000004,5.67345143505348,1.0170886893248545,defined,-0.04130557688274697,sensitivity_only
id:x%3A0x1.0000000000000p%2B2,496,6.86,5.6404000000000005,5.598388564946521,1.0170886893248545,defined,0.04130557688274697,sensitivity_only
id:x%3A0x1.0000000000000p%2B2,497,6.874,5.64936,5.69137143505348,1.0170886893248545,defined,-0.04130557688274697,sensitivity_only
id:x%3A0x1.0000000000000p%2B2,498,6.888,5.65832,5.61630856494652,1.0170886893248545,defined,0.04130557688274697,sensitivity_only
id:x%3A0x1.0000000000000p%2B2,499,6.902,5.66728,5.70929143505348,1.0170886893248545,defined,-0.04130557688274697,sensitivity_only
id:x%3A0x1.0000000000000p%2B2,500,6.916,5.67624,5.63422856494652,1.0170886893248545,defined,0.04130557688274697,sensitivity_only
id:x%3A0x1.0000000000000p%2B2,501,6.93,5.6852,5.72721143505348,1.0170886893248545,defined,-0.04130557688274697,sensitivity_only
id:x%3A0x1.0000000000000p%2B2,502,6.944,5.69416,5.65214856494652,1.0170886893248545,defined,0.04130557688274697,sensitivity_only
id:x%3A0x1.0000000000000p%2B2,503,6.958,5.70312,5.74513143505348,1.0170886893248545,defined,-0.04130557688274697,sensitivity_only
id:x%3A0x1.0000000000000p%2B2,504,6.972,5.71208,5.67006856494652,1.0170886893248545,defined,0.04130557688274697,sensitivity_only
id:x%3A0x1.0000000000000p%2B2,505,6.986,5.72104,5.76305143505348,1.0170886893248545,defined,-0.04130557688274697,sensitivity_only
id:x%3A0x1.0000000000000p%2B2,506,7.0,5.73,5.6879885649465205,1.0170886893248545,defined,0.04130557688274697,sensitivity_only
id:x%3A0x1.4000000000000p%2B2,0,0.0,1.25,1.1521873815107566,1.104336015201135,defined,0.08857142857142858,sensitivity_only
id:x%3A0x1.4000000000000p%2B2,1,0.014,1.25896,1.3077211145375374,1.104336015201135,defined,-0.04415423735741917,sensitivity_only
id:x%3A0x1.4000000000000p%2B2,2,0.028,1.26792,1.2191588854624626,1.104336015201135,defined,0.04415423735741917,sensitivity_only
id:x%3A0x1.4000000000000p%2B2,3,0.042,1.27688,1.3256411145375373,1.104336015201135,defined,-0.04415423735741917,sensitivity_only
id:x%3A0x1.4000000000000p%2B2,4,0.056,1.28584,1.2370788854624628,1.104336015201135,defined,0.04415423735741917,sensitivity_only
id:x%3A0x1.4000000000000p%2B2,5,0.07,1.2948,1.3435611145375372,1.104336015201135,defined,-0.04415423735741917,sensitivity_only
id:x%3A0x1.4000000000000p%2B2,6,0.084,1.30376,1.2549988854624627,1.104336015201135,defined,0.04415423735741917,sensitivity_only
id:x%3A0x1.4000000000000p%2B2,7,0.098,1.31272,1.3614811145375374,1.104336015201135,defined,-0.04415423735741917,sensitivity_only
id:x%3A0x1.4000000000000p%2B2,8,0.112,1.32168,1.2729188854624627,1.104336015201135,defined,0.04415423735741917,sensitivity_only
id:x%3A0x1.4000000000000p%2B2,9,0.126,1.33064,1.3794011145375373,1.104336015201135,defined,-0.04415423735741917,sensitivity_only
id:x%3A0x1.4000000000000p%2B2,10,0.14,1.3396,1.2908388854624626,1.104336015201135,defined,0.04415423735741917,sensitivity_only
id:x%3A0x1.4000000000000p%2B2,11,0.154,1.34856,1.3973211145375373,1.104336015201135,defined,-0.04415423735741917,sensitivity_only
id:x%3A0x1.4000000000000p%2B2,12,0.168,1.35752,1.3087588854624628,1.104336015201135,defined,0.04415423735741917,sensitivity_only
id:x%3A0x1.4000000000000p%2B2,13,0.182,1.36648,1.4152411145375372,1.104336015201135,defined,-0.04415423735741917,sensitivity_only
id:x%3A0x1.4000000000000p%2B2,14,0.196,1.37544,1.3266788854624627,1.104336015201135,defined,0.04415423735741917,sensitivity_only
id:x%3A0x1.4000000000000p%2B2,15,0.21,1.3844,1.4331611145375374,1.104336015201135,defined,-0.04415423735741917,sensitivity_only
id:x%3A0x1.4000000000000p%2B2,16,0.224,1.39336,1.3445988854624626,1.104336015201135,defined,0.04415423735741917,sensitivity_only
id:x%3A0x1.4000000000000p%2B2,17,0.238,1.40232,1.4510811145375373,1.104336015201135,defined,-0.04415423735741917,sensitivity_only
id:x%3A0x1.4000000000000p%2B2,18,0.252,1.41128,1.3625188854624628,1.104336015201135,defined,0.04415423735741917,sensitivity_only
id:x%3A0x1.4000000000000p%2B2,19,0.266,1.42024,1.4690011145375372,1.104336015201135,defined,-0.04415423735741917,sensitivity_only
id:x%3A0x1.4000000000000p%2B2,20,0.28,1.4292,1.3804388854624627,1.104336015201135,defined,0.04415423735741917,sensitivity_only
id:x%3A0x1.4000000000000p%2B2,21,0.294,1.4381599999999999,1.4869211145375372,1.104336015201135,defined,-0.04415423735741917,sensitivity_only
id:x%3A0x1.4000000000000p%2B2,22,0.308,1.44712,1.3983588854624627,1.104336015201135,defined,0.04415423735741917,sensitivity_only
id:x%3A0x1.4000000000000p%2B2,23,0.322,1.45608,1.5048411145375373,1.104336015201135,defined,-0.04415423735741917,sensitivity_only
id:x%3A0x1.4000000000000p%2B2,24,0.336,1.4650400000000001,1.4162788854624628,1.104336015201135,defined,0.04415423735741917,sensitivity_only
id:x%3A0x1.4000000000000p%2B2,25,0.35,1.474,1.5227611145375373,1.104336015201135,defined,-0.04415423735741917,sensitivity_only
id:x%3A0x1.4000000000000p%2B2,26,0.364,1.48296,1.4341988854624628,1.104336015201135,defined,0.04415423735741917,sensitivity_only
id:x%3A0x1.4000000000000p%2B2,27,0.378,1.49192,1.5406811145375372,1.104336015201135,defined,-0.04415423735741917,sensitivity_only
id:x%3A0x1.4000000000000p%2B2,28,0.392,1.50088,1.4521188854624627,1.104336015201135,defined,0.04415423735741917,sensitivity_only
id:x%3A0x1.4000000000000p%2B2,29,0.406,1.50984,1.5586011145375374,1.104336015201135,defined,-0.04415423735741917,sensitivity_only
id:x%3A0x1.4000000000000p%2B2,30,0.42,1.5188,1.4700388854624626,1.104336015201135,defined,0.04415423735741917,sensitivity_only
id:x%3A0x1.4000000000000p%2B2,31,0.434,1.52776,1.5765211145375373,1.104336015201135,defined,-0.04415423735741917,sensitivity_only
id:x%3A0x1.4000000000000p%2B2,32,0.448,1.53672,1.4879588854624628,1.104336015201135,defined,0.04415423735741917,sensitivity_only
id:x%3A0x1.4000000000000p%2B2,33,0.462,1.54568,1.5944411145375372,1.104336015201135,defined,-0.04415423735741917,sensitivity_only
id:x%3A0x1.4000000000000p%2B2,34,0.476,1.55464,1.5058788854624627,1.104336015201135,defined,0.04415423735741917,sensitivity_only
id:x%3A0x1.4000000000000p%2B2,35,0.49,1.5636,1.6123611145375374,1.104336015201135,defined,-0.04415423735741917,sensitivity_only
id:x%3A0x1.4000000000000p%2B2,36,0.504,1.57256,1.5295510082812847,0.9740626108105254,defined,0.04415423735741917,sensitivity_only
id:x%3A0x1.4000000000000p%2B2,37,0.518,1.58152,1.6245289917187153,0.9740626108105254,defined,-0.04415423735741917,sensitivity_only
id:x%3A0x1.4000000000000p%2B2,38,0.532,1.59048,1.5474710082812846,0.9740626108105254,defined,0.04415423735741917,sensitivity_only
id:x%3A0x1.4000000000000p%2B2,39,0.546,1.59944,1.6424489917187153,0.9740626108105254,defined,-0.04415423735741917,sensitivity_only
id:x%3A0x1.4000000000000p%2B2,40,0.56,1.6084,1.5653910082812847,0.9740626108105254,defined,0.04415423735741917,sensitivity_only
id:x%3A0x1.4000000000000p%2B2,41,0.574,1.61736,1.6603689917187152,0.9740626108105254,defined,-0.04415423735741917,sensitivity_only
id:x%3A0x1.4000000000000p%2B2,42,0.588,1.62632,1.5833110082812847,0.9740626108105254,defined,0.04415423735741917,sensitivity_only
id:x%3A0x1.4000000000000p%2B2,43,0.602,1.63528,1.6782889917187154,0.9740626108105254,defined,-0.04415423735741917,sensitivity_only
id:x%3A0x1.4000000000000p%2B2,44,0.616,1.64424,1.6012310082812846,0.9740626108105254,defined,0.04415423735741917,sensitivity_only
id:x%3A0x1.4000000000000p%2B2,45,0.63,1.6532,1.6962089917187153,0.9740626108105254,defined,-0.04415423735741917,sensitivity_only
id:x%3A0x1.4000000000000p%2B2,46,0.644,1.66216,1.6191510082812848,0.9740626108105254,defined,0.04415423735741917,sensitivity_only
id:x%3A0x1.4000000000000p%2B2,47,0.658,1.6711200000000002,1.7141289917187155,0.9740626108105254,defined,-0.04415423735741917,sensitivity_only
id:x%3A0x1.4000000000000p%2B2,48,0.672,1.68008,1.6370710082812847,0.9740626108105254,defined,0.04415423735741917,sensitivity_only
id:x%3A0x1.4000000000000p%2B2,49,0.686,1.68904,1.7320489917187154,0.9740626108105254,defined,-0.04415423735741917,sensitivity_only
id:x%3A0x1.4000000000000p%2B2,50,0.7,1.698,1.6549910082812846,0.9740626108105254,defined,0.04415423735741917,sensitivity_only
id:x%3A0x1.4000000000000p%2B2,51,0.714,1.70696,1.7499689917187153,0.9740626108105254,defined,-0.04415423735741917,sensitivity_only
id:x%3A0x1.4000000000000p%2B2,52,0.728,1.7159200000000001,1.6729110082812848,0.9740626108105254,defined,0.04415423735741917,sensitivity_only
id:x%3A0x1.4000000000000p%2B2,53,0.742,1.72488,1.7678889917187153,0.9740626108105254,defined,-0.04415423735741917,sensitivity_only
id:x%3A0x1.4000000000000p%2B2,54,0.756,1.73384,1.6908310082812847,0.9740626108105254,defined,0.04415423735741917,sensitivity_only
id:x%3A0x1.4000000000000p%2B2,55,0.77,1.7428,1.7858089917187152,0.9740626108105254,defined,-0.04415423735741917,sensitivity_only
id:x%3A0x1.4000000000000p%2B2,56,0.784,1.75176,1.7087510082812847,0.9740626108105254,defined,0.04415423735741917,sensitivity_only
id:x%3A0x1.4000000000000p%2B2,57,0.798,1.76072,1.8037289917187154,0.9740626108105254,defined,-0.04415423735741917,sensitivity_only
id:x%3A0x1.4000000000000p%2B2,58,0.812,1.7696800000000001,1.7266710082812848,0.9740626108105254,defined,0.04415423735741917,sensitivity_only
id:x%3A0x1.4000000000000p%2B2,59,0.826,1.77864,1.8216489917187153,0.9740626108105254,defined,-0.04415423735741917,sensitivity_only
id:x%3A0x1.4000000000000p%2B2,60,0.84,1.7875999999999999,1.7445910082812845,0.9740626108105254,defined,0.04415423735741917,sensitivity_only
id:x%3A0x1.4000000000000p%2B2,61,0.854,1.79656,1.8395689917187152,0.9740626108105254,defined,-0.04415423735741917,sensitivity_only
id:x%3A0x1.4000000000000p%2B2,62,0.868,1.80552,1.7625110082812847,0.9740626108105254,defined,0.04415423735741917,sensitivity_only
id:x%3A0x1.4000000000000p%2B2,63,0.882,1.81448,1.8574889917187154,0.9740626108105254,defined,-0.04415423735741917,sensitivity_only
id:x%3A0x1.4000000000000p%2B2,64,0.896,1.8234400000000002,1.7804310082812849,0.9740626108105254,defined,0.04415423735741917,sensitivity_only
id:x%3A0x1.4000000000000p%2B2,65,0.91,1.8324,1.8754089917187153,0.9740626108105254,defined,-0.04415423735741917,sensitivity_only
id:x%3A0x1.4000000000000p%2B2,66,0.924,1.8413599999999999,1.7983510082812846,0.9740626108105254,defined,0.04415423735741917,sensitivity_only
id:x%3A0x1.4000000000000p%2B2,67,0.938,1.85032,1.8933289917187153,0.9740626108105254,defined,-0.04415423735741917,sensitivity_only
id:x%3A0x1.4000000000000p%2B2,68,0.952,1.85928,1.8162710082812847,0.9740626108105254,defined,0.04415423735741917,sensitivity_only
id:x%3A0x1.4000000000000p%2B2,69,0.966,1.8682400000000001,1.9112489917187154,0.9740626108105254,defined,-0.04415423735741917,sensitivity_only
id:x%3A0x1.4000000000000p%2B2,70,0.98,1.8772,1.8341910082812847,0.9740626108105254,defined,0.04415423735741917,sensitivity_only
id:x%3A0x1.4000000000000p%2B2,71,0.994,1.88616,1.9291689917187154,0.9740626108105254,defined,-0.04415423735741917,sensitivity_only
id:x%3A0x1.4000000000000p%2B2,72,1.0,1.8900000000000001,1.8469910082812848,0.9740626108105254,defined,0.04415423735741917,sensitivity_only
id:x%3A0x1.4000000000000p%2B2,73,1.008,1.89512,1.9381289917187152,0.9740626108105254,defined,-0.04415423735741917,sensitivity_only
id:x%3A0x1.4000000000000p%2B2,74,1.022,1.90408,1.8610710082812847,0.9740626108105254,defined,0.04415423735741917,sensitivity_only
id:x%3A0x1.4000000000000p%2B2,75,1.036,1.91304,1.9560489917187154,0.9740626108105254,defined,-0.04415423735741917,sensitivity_only
id:x%3A0x1.4000000000000p%2B2,76,1.05,1.9220000000000002,1.8789910082812848,0.9740626108105254,defined,0.04415423735741917,sensitivity_only
id:x%3A0x1.4000000000000p%2B2,77,1.064,1.93096,1.9739689917187153,0.9740626108105254,defined,-0.04415423735741917,sensitivity_only
id:x%3A0x1.4000000000000p%2B2,78,1.078,1.93992,1.8969110082812848,0.9740626108105254,defined,0.04415423735741917,sensitivity_only
id:x%3A0x1.4000000000000p%2B2,79,1.092,1.94888,1.9918889917187153,0.9740626108105254,defined,-0.04415423735741917,sensitivity_only
id:x%3A0x1.4000000000000p%2B2,80,1.106,1.95784,1.9148310082812847,0.9740626108105254,defined,0.04415423735741917,sensitivity_only
id:x%3A0x1.4000000000000p%2B2,81,1.12,1.9668,2.0098089917187156,0.9740626108105254,defined,-0.04415423735741917,sensitivity_only
id:x%3A0x1.4000000000000p%2B2,82,1.134,1.97576,1.9327510082812847,0.9740626108105254,defined,0.04415423735741917,sensitivity_only
id:x%3A0x1.4000000000000p%2B2,83,1.148,1.9847199999999998,2.0277289917187153,0.9740626108105254,defined,-0.04415423735741917,sensitivity_only
id:x%3A0x1.4000000000000p%2B2,84,1.162,1.99368,1.9506710082812846,0.9740626108105254,defined,0.04415423735741917,sensitivity_only
id:x%3A0x1.4000000000000p%2B2,85,1.176,2.00264,2.0456489917187155,0.9740626108105254,defined,-0.04415423735741917,sensitivity_only
id:x%3A0x1.4000000000000p%2B2,86,1.19,2.0116,1.9685910082812847,0.9740626108105254,defined,0.04415423735741917,sensitivity_only
id:x%3A0x1.4000000000000p%2B2,87,1.204,2.02056,2.0635689917187157,0.9740626108105254,defined,-0.04415423735741917,sensitivity_only
id:x%3A0x1.4000000000000p%2B2,88,1.218,2.0295199999999998,1.9865110082812845,0.9740626108105254,defined,0.04415423735741917,sensitivity_only
id:x%3A0x1.4000000000000p%2B2,89,1.232,2.03848,2.0814889917187154,0.9740626108105254,defined,-0.04415423735741917,sensitivity_only
id:x%3A0x1.4000000000000p%2B2,90,1.246,2.04744,2.0044310082812844,0.9740626108105254,defined,0.04415423735741917,sensitivity_only
id:x%3A0x1.4000000000000p%2B2,91,1.26,2.0564,2.0994089917187155,0.9740626108105254,defined,-0.04415423735741917,sensitivity_only
id:x%3A0x1.4000000000000p%2B2,92,1.274,2.06536,2.0223510082812846,0.9740626108105254,defined,0.04415423735741917,sensitivity_only
id:x%3A0x1.4000000000000p%2B2,93,1.288,2.07432,2.1173289917187157,0.9740626108105254,defined,-0.04415423735741917,sensitivity_only
id:x%3A0x1.4000000000000p%2B2,94,1.302,2.0832800000000002,2.0402710082812847,0.9740626108105254,defined,0.04415423735741917,sensitivity_only
id:x%3A0x1.4000000000000p%2B2,95,1.316,2.0922400000000003,2.135248991718716,0.9740626108105254,defined,-0.04415423735741917,sensitivity_only
id:x%3A0x1.4000000000000p%2B2,96,1.33,2.1012,2.0581910082812844,0.9740626108105254,defined,0.04415423735741917,sensitivity_only
id:x%3A0x1.4000000000000p%2B2,97,1.344,2.11016,2.1531689917187156,0.9740626108105254,defined,-0.04415423735741917,sensitivity_only
id:x%3A0x1.4000000000000p%2B2,98,1.358,2.11912,2.0761110082812846,0.9740626108105254,defined,0.04415423735741917,sensitivity_only
id:x%3A0x1.4000000000000p%2B2,99,1.372,2.12808,2.1710889917187157,0.9740626108105254,defined,-0.04415423735741917,sensitivity_only
id:x%3A0x1.4000000000000p%2B2,100,1.386,2.13704,2.0940310082812843,0.9740626108105254,defined,0.04415423735741917,sensitivity_only
id:x%3A0x1.4000000000000p%2B2,101,1.4,2.146,2.1890089917187154,0.9740626108105254,defined,-0.04415423735741917,sensitivity_only
id:x%3A0x1.4000000000000p%2B2,102,1.414,2.15496,2.1119510082812845,0.9740626108105254,defined,0.04415423735741917,sensitivity_only
id:x%3A0x1.4000000000000p%2B2,103,1.428,2.16392,2.2069289917187156,0.9740626108105254,defined,-0.04415423735741917,sensitivity_only
id:x%3A0x1.4000000000000p%2B2,104,1.442,2.17288,2.1298710082812846,0.9740626108105254,defined,0.04415423735741917,sensitivity_only
id:x%3A0x1.4000000000000p%2B2,105,1.456,2.1818400000000002,2.2248489917187158,0.9740626108105254,defined,-0.04415423735741917,sensitivity_only
id:x%3A0x1.4000000000000p%2B2,106,1.47,2.1908,2.1477910082812843,0.9740626108105254,defined,0.04415423735741917,sensitivity_only
id:x%3A0x1.4000000000000p%2B2,107,1.484,2.19976,2.2427689917187155,0.9740626108105254,defined,-0.04415423735741917,sensitivity_only
id:x%3A0x1.4000000000000p%2B2,108,1.498,2.20872,2.1657110082812845,0.9740626108105254,defined,0.04415423735741917,sensitivity_only
id:x%3A0x1.4000000000000p%2B2,109,1.512,2.21768,2.268077039375918,1.1413862494773641,defined,-0.04415423735741917,sensitivity_only
id:x%3A0x1.4000000000000p%2B2,110,1.526,2.22664,2.1762429606240823,1.1413862494773641,defined,0.04415423735741917,sensitivity_only
id:x%3A0x1.4000000000000p%2B2,111,1.54,2.2356,2.2859970393759177,1.1413862494773641,defined,-0.04415423735741917,sensitivity_only
id:x%3A0x1.4000000000000p%2B2,112,1.554,2.24456,2.194162960624082,1.1413862494773641,defined,0.04415423735741917,sensitivity_only
id:x%3A0x1.4000000000000p%2B2,113,1.568,2.25352,2.303917039375918,1.1413862494773641,defined,-0.04415423735741917,sensitivity_only
id:x%3A0x1.4000000000000p%2B2,114,1.582,2.26248,2.212082960624082,1.1413862494773641,defined,0.04415423735741917,sensitivity_only
id:x%3A0x1.4000000000000p%2B2,115,1.596,2.27144,2.321837039375918,1.1413862494773641,defined,-0.04415423735741917,sensitivity_only
id:x%3A0x1.4000000000000p%2B2,116,1.61,2.2804,2.2300029606240823,1.1413862494773641,defined,0.04415423735741917,sensitivity_only
id:x%3A0x1.4000000000000p%2B2,117,1.624,2.2893600000000003,2.339757039375918,1.1413862494773641,defined,-0.04415423735741917,sensitivity_only
id:x%3A0x1.4000000000000p%2B2,118,1.638,2.29832,2.247922960624082,1.1413862494773641,defined,0.04415423735741917,sensitivity_only
id:x%3A0x1.4000000000000p%2B2,119,1.652,2.30728,2.357677039375918,1.1413862494773641,defined,-0.04415423735741917,sensitivity_only
id:x%3A0x1.4000000000000p%2B2,120,1.666,2.31624,2.265842960624082,1.1413862494773641,defined,0.04415423735741917,sensitivity_only
id:x%3A0x1.4000000000000p%2B2,121,1.68,2.3251999999999997,2.3755970393759176,1.1413862494773641,defined,-0.04415423735741917,sensitivity_only
id:x%3A0x1.4000000000000p%2B2,122,1.694,2.33416,2.283762960624082,1.1413862494773641,defined,0.04415423735741917,sensitivity_only
id:x%3A0x1.4000000000000p%2B2,123,1.708,2.34312,2.3935170393759178,1.1413862494773641,defined,-0.04415423735741917,sensitivity_only
id:x%3A0x1.4000000000000p%2B2,124,1.722,2.35208,2.301682960624082,1.1413862494773641,defined,0.04415423735741917,sensitivity_only
id:x%3A0x1.4000000000000p%2B2,125,1.736,2.36104,2.411437039375918,1.1413862494773641,defined,-0.04415423735741917,sensitivity_only
id:x%3A0x1.4000000000000p%2B2,126,1.75,2.37,2.319602960624082,1.1413862494773641,defined,0.04415423735741917,sensitivity_only
id:x%3A0x1.4000000000000p%2B2,127,1.764,2.37896,2.429357039375918,1.1413862494773641,defined,-0.04415423735741917,sensitivity_only
id:x%3A0x1.4000000000000p%2B2,128,1.778,2.3879200000000003,2.3375229606240824,1.1413862494773641,defined,0.04415423735741917,sensitivity_only
id:x%3A0x1.4000000000000p%2B2,129,1.792,2.3968800000000003,2.4472770393759182,1.1413862494773641,defined,-0.04415423735741917,sensitivity_only
id:x%3A0x1.4000000000000p%2B2,130,1.806,2.40584,2.355442960624082,1.1413862494773641,defined,0.04415423735741917,sensitivity_only
id:x%3A0x1.4000000000000p%2B2,131,1.82,2.4148,2.465197039375918,1.1413862494773641,defined,-0.04415423735741917,sensitivity_only
id:x%3A0x1.4000000000000p%2B2,132,1.834,2.42376,2.3733629606240823,1.1413862494773641,defined,0.04415423735741917,sensitivity_only
id:x%3A0x1.4000000000000p%2B2,133,1.848,2.4327199999999998,2.4831170393759177,1.1413862494773641,defined,-0.04415423735741917,sensitivity_only
id:x%3A0x1.4000000000000p%2B2,134,1.862,2.44168,2.391282960624082,1.1413862494773641,defined,0.04415423735741917,sensitivity_only
id:x%3A0x1.4000000000000p%2B2,135,1.876,2.45064,2.501037039375918,1.1413862494773641,defined,-0.04415423735741917,sensitivity_only
id:x%3A0x1.4000000000000p%2B2,136,1.89,2.4596,2.409202960624082,1.1413862494773641,defined,0.04415423735741917,sensitivity_only
id:x%3A0x1.4000000000000p%2B2,137,1.904,2.46856,2.518957039375918,1.1413862494773641,defined,-0.04415423735741917,sensitivity_only
id:x%3A0x1.4000000000000p%2B2,138,1.918,2.47752,2.4271229606240823,1.1413862494773641,defined,0.04415423735741917,sensitivity_only
id:x%3A0x1.4000000000000p%2B2,139,1.932,2.4864800000000002,2.536877039375918,1.1413862494773641,defined,-0.04415423735741917,sensitivity_only
id:x%3A0x1.4000000000000p%2B2,140,1.946,2.4954400000000003,2.4450429606240824,1.1413862494773641,defined,0.04415423735741917,sensitivity_only
id:x%3A0x1.4000000000000p%2B2,141,1.96,2.5044,2.554797039375918,1.1413862494773641,defined,-0.04415423735741917,sensitivity_only
id:x%3A0x1.4000000000000p%2B2,142,1.974,2.51336,2.462962960624082,1.1413862494773641,defined,0.04415423735741917,sensitivity_only
id:x%3A0x1.4000000000000p%2B2,143,1.988,2.52232,2.572717039375918,1.1413862494773641,defined,-0.04415423735741917,sensitivity_only
id:x%3A0x1.4000000000000p%2B2,144,2.0,2.5300000000000002,2.4796029606240824,1.1413862494773641,defined,0.04415423735741917,sensitivity_only
id:x%3A0x1.4000000000000p%2B2,145,2.002,2.5312799999999998,2.5816770393759176,1.1413862494773641,defined,-0.04415423735741917,sensitivity_only
id:x%3A0x1.4000000000000p%2B2,146,2.016,2.54024,2.489842960624082,1.1413862494773641,defined,0.04415423735741917,sensitivity_only
id:x%3A0x1.4000000000000p%2B2,147,2.03,2.5492,2.599597039375918,1.1413862494773641,defined,-0.04415423735741917,sensitivity_only
id:x%3A0x1.4000000000000p%2B2,148,2.044,2.55816,2.507762960624082,1.1413862494773641,defined,0.04415423735741917,sensitivity_only
id:x%3A0x1.4000000000000p%2B2,149,2.058,2.56712,2.617517039375918,1.1413862494773641,defined,-0.04415423735741917,sensitivity_only
id:x%3A0x1.4000000000000p%2B2,150,2.072,2.57608,2.5256829606240823,1.1413862494773641,defined,0.04415423735741917,sensitivity_only
id:x%3A0x1.4000000000000p%2B2,151,2.086,2.5850400000000002,2.635437039375918,1.1413862494773641,defined,-0.04415423735741917,sensitivity_only
id:x%3A0x1.4000000000000p%2B2,152,2.1,2.5940000000000003,2.5436029606240824,1.1413862494773641,defined,0.04415423735741917,sensitivity_only
id:x%3A0x1.4000000000000p%2B2,153,2.114,2.60296,2.653357039375918,1.1413862494773641,defined,-0.04415423735741917,sensitivity_only
id:x%3A0x1.4000000000000p%2B2,154,2.128,2.61192,2.561522960624082,1.1413862494773641,defined,0.04415423735741917,sensitivity_only
id:x%3A0x1.4000000000000p%2B2,155,2.142,2.6208799999999997,2.6712770393759175,1.1413862494773641,defined,-0.04415423735741917,sensitivity_only
id:x%3A0x1.4000000000000p%2B2,156,2.156,2.62984,2.5794429606240823,1.1413862494773641,defined,0.04415423735741917,sensitivity_only
id:x%3A0x1.4000000000000p%2B2,157,2.17,2.6388,2.6891970393759177,1.1413862494773641,defined,-0.04415423735741917,sensitivity_only
id:x%3A0x1.4000000000000p%2B2,158,2.184,2.64776,2.597362960624082,1.1413862494773641,defined,0.04415423735741917,sensitivity_only
id:x%3A0x1.4000000000000p%2B2,159,2.198,2.65672,2.707117039375918,1.1413862494773641,defined,-0.04415423735741917,sensitivity_only
id:x%3A0x1.4000000000000p%2B2,160,2.212,2.66568,2.615282960624082,1.1413862494773641,defined,0.04415423735741917,sensitivity_only
id:x%3A0x1.4000000000000p%2B2,161,2.226,2.67464,2.725037039375918,1.1413862494773641,defined,-0.04415423735741917,sensitivity_only
id:x%3A0x1.4000000000000p%2B2,162,2.24,2.6836,2.6332029606240823,1.1413862494773641,defined,0.04415423735741917,sensitivity_only
id:x%3A0x1.4000000000000p%2B2,163,2.254,2.6925600000000003,2.742957039375918,1.1413862494773641,defined,-0.04415423735741917,sensitivity_only
id:x%3A0x1.4000000000000p%2B2,164,2.268,2.70152,2.651122960624082,1.1413862494773641,defined,0.04415423735741917,sensitivity_only
id:x%3A0x1.4000000000000p%2B2,165,2.282,2.71048,2.760877039375918,1.1413862494773641,defined,-0.04415423735741917,sensitivity_only
id:x%3A0x1.4000000000000p%2B2,166,2.296,2.7194399999999996,2.6690429606240818,1.1413862494773641,defined,0.04415423735741917,sensitivity_only
id:x%3A0x1.4000000000000p%2B2,167,2.31,2.7284,2.778797039375918,1.1413862494773641,defined,-0.04415423735741917,sensitivity_only
id:x%3A0x1.4000000000000p%2B2,168,2.324,2.73736,2.686962960624082,1.1413862494773641,defined,0.04415423735741917,sensitivity_only
id:x%3A0x1.4000000000000p%2B2,169,2.338,2.74632,2.7967170393759178,1.1413862494773641,defined,-0.04415423735741917,sensitivity_only
id:x%3A0x1.4000000000000p%2B2,170,2.352,2.75528,2.704882960624082,1.1413862494773641,defined,0.04415423735741917,sensitivity_only
id:x%3A0x1.4000000000000p%2B2,171,2.366,2.76424,2.814637039375918,1.1413862494773641,defined,-0.04415423735741917,sensitivity_only
id:x%3A0x1.4000000000000p%2B2,172,2.38,2.7732,2.7228029606240822,1.1413862494773641,defined,0.04415423735741917,sensitivity_only
id:x%3A0x1.4000000000000p%2B2,173,2.394,2.78216,2.832557039375918,1.1413862494773641,defined,-0.04415423735741917,sensitivity_only
id:x%3A0x1.4000000000000p%2B2,174,2.408,2.7911200000000003,2.7407229606240824,1.1413862494773641,defined,0.04415423735741917,sensitivity_only
id:x%3A0x1.4000000000000p%2B2,175,2.422,2.8000800000000003,2.8504770393759182,1.1413862494773641,defined,-0.04415423735741917,sensitivity_only
id:x%3A0x1.4000000000000p%2B2,176,2.436,2.80904,2.758642960624082,1.1413862494773641,defined,0.04415423735741917,sensitivity_only
id:x%3A0x1.4000000000000p%2B2,177,2.45,2.818,2.868397039375918,1.1413862494773641,defined,-0.04415423735741917,sensitivity_only
id:x%3A0x1.4000000000000p%2B2,178,2.464,2.8269599999999997,2.776562960624082,1.1413862494773641,defined,0.04415423735741917,sensitivity_only
id:x%3A0x1.4000000000000p%2B2,179,2.478,2.83592,2.886317039375918,1.1413862494773641,defined,-0.04415423735741917,sensitivity_only
id:x%3A0x1.4000000000000p%2B2,180,2.492,2.84488,2.794482960624082,1.1413862494773641,defined,0.04415423735741917,sensitivity_only
id:x%3A0x1.4000000000000p%2B2,181,2.506,2.85384,2.911507819718964,1.3060540317377747,defined,-0.04415423735741917,sensitivity_only
id:x%3A0x1.4000000000000p%2B2,182,2.52,2.8628,2.805132180281036,1.3060540317377747,defined,0.04415423735741917,sensitivity_only
id:x%3A0x1.4000000000000p%2B2,183,2.534,2.87176,2.9294278197189643,1.3060540317377747,defined,-0.04415423735741917,sensitivity_only
id:x%3A0x1.4000000000000p%2B2,184,2.548,2.88072,2.823052180281036,1.3060540317377747,defined,0.04415423735741917,sensitivity_only
id:x%3A0x1.4000000000000p%2B2,185,2.562,2.8896800000000002,2.9473478197189644,1.3060540317377747,defined,-0.04415423735741917,sensitivity_only
id:x%3A0x1.4000000000000p%2B2,186,2.576,2.8986400000000003,2.840972180281036,1.3060540317377747,defined,0.04415423735741917,sensitivity_only
id:x%3A0x1.4000000000000p%2B2,187,2.59,2.9076,2.965267819718964,1.3060540317377747,defined,-0.04415423735741917,sensitivity_only
id:x%3A0x1.4000000000000p%2B2,188,2.604,2.91656,2.858892180281036,1.3060540317377747,defined,0.04415423735741917,sensitivity_only
id:x%3A0x1.4000000000000p%2B2,189,2.618,2.9255199999999997,2.983187819718964,1.3060540317377747,defined,-0.04415423735741917,sensitivity_only
id:x%3A0x1.4000000000000p%2B2,190,2.632,2.93448,2.876812180281036,1.3060540317377747,defined,0.04415423735741917,sensitivity_only
id:x%3A0x1.4000000000000p%2B2,191,2.646,2.94344,3.001107819718964,1.3060540317377747,defined,-0.04415423735741917,sensitivity_only
id:x%3A0x1.4000000000000p%2B2,192,2.66,2.9524,2.8947321802810357,1.3060540317377747,defined,0.04415423735741917,sensitivity_only
id:x%3A0x1.4000000000000p%2B2,193,2.674,2.96136,3.019027819718964,1.3060540317377747,defined,-0.04415423735741917,sensitivity_only
id:x%3A0x1.4000000000000p%2B2,194,2.688,2.97032,2.912652180281036,1.3060540317377747,defined,0.04415423735741917,sensitivity_only
id:x%3A0x1.4000000000000p%2B2,195,2.702,2.97928,3.0369478197189643,1.3060540317377747,defined,-0.04415423735741917,sensitivity_only
id:x%3A0x1.4000000000000p%2B2,196,2.716,2.9882400000000002,2.930572180281036,1.3060540317377747,defined,0.04415423735741917,sensitivity_only
id:x%3A0x1.4000000000000p%2B2,197,2.73,2.9972000000000003,3.0548678197189645,1.3060540317377747,defined,-0.04415423735741917,sensitivity_only
id:x%3A0x1.4000000000000p%2B2,198,2.744,3.0061600000000004,2.948492180281036,1.3060540317377747,defined,0.04415423735741917,sensitivity_only
id:x%3A0x1.4000000000000p%2B2,199,2.758,3.01512,3.072787819718964,1.3060540317377747,defined,-0.04415423735741917,sensitivity_only
id:x%3A0x1.4000000000000p%2B2,200,2.772,3.0240799999999997,2.9664121802810355,1.3060540317377747,defined,0.04415423735741917,sensitivity_only
id:x%3A0x1.4000000000000p%2B2,201,2.786,3.0330399999999997,3.090707819718964,1.3060540317377747,defined,-0.04415423735741917,sensitivity_only
id:x%3A0x1.4000000000000p%2B2,202,2.8,3.042,2.9843321802810356,1.3060540317377747,defined,0.04415423735741917,sensitivity_only
id:x%3A0x1.4000000000000p%2B2,203,2.814,3.05096,3.108627819718964,1.3060540317377747,defined,-0.04415423735741917,sensitivity_only
id:x%3A0x1.4000000000000p%2B2,204,2.828,3.05992,3.002252180281036,1.3060540317377747,defined,0.04415423735741917,sensitivity_only
id:x%3A0x1.4000000000000p%2B2,205,2.842,3.06888,3.1265478197189642,1.3060540317377747,defined,-0.04415423735741917,sensitivity_only
id:x%3A0x1.4000000000000p%2B2,206,2.856,3.07784,3.020172180281036,1.3060540317377747,defined,0.04415423735741917,sensitivity_only
id:x%3A0x1.4000000000000p%2B2,207,2.87,3.0868,3.1444678197189644,1.3060540317377747,defined,-0.04415423735741917,sensitivity_only
id:x%3A0x1.4000000000000p%2B2,208,2.884,3.0957600000000003,3.038092180281036,1.3060540317377747,defined,0.04415423735741917,sensitivity_only
id:x%3A0x1.4000000000000p%2B2,209,2.898,3.1047200000000004,3.1623878197189645,1.3060540317377747,defined,-0.04415423735741917,sensitivity_only
id:x%3A0x1.4000000000000p%2B2,210,2.912,3.11368,3.056012180281036,1.3060540317377747,defined,0.04415423735741917,sensitivity_only
id:x%3A0x1.4000000000000p%2B2,211,2.926,3.12264,3.1803078197189643,1.3060540317377747,defined,-0.04415423735741917,sensitivity_only
id:x%3A0x1.4000000000000p%2B2,212,2.94,3.1315999999999997,3.0739321802810355,1.3060540317377747,defined,0.04415423735741917,sensitivity_only
id:x%3A0x1.4000000000000p%2B2,213,2.954,3.1405600000000002,3.1982278197189644,1.3060540317377747,defined,-0.04415423735741917,sensitivity_only
id:x%3A0x1.4000000000000p%2B2,214,2.968,3.14952,3.0918521802810357,1.3060540317377747,defined,0.04415423735741917,sensitivity_only
id:x%3A0x1.4000000000000p%2B2,215,2.982,3.15848,3.216147819718964,1.3060540317377747,defined,-0.04415423735741917,sensitivity_only
id:x%3A0x1.4000000000000p%2B2,216,2.996,3.16744,3.109772180281036,1.3060540317377747,defined,0.04415423735741917,sensitivity_only
id:x%3A0x1.4000000000000p%2B2,217,3.0,3.17,3.227667819718964,1.3060540317377747,defined,-0.04415423735741917,sensitivity_only
id:x%3A0x1.4000000000000p%2B2,218,3.01,3.1764,3.118732180281036,1.3060540317377747,defined,0.04415423735741917,sensitivity_only
id:x%3A0x1.4000000000000p%2B2,219,3.024,3.18536,3.2430278197189644,1.3060540317377747,defined,-0.04415423735741917,sensitivity_only
id:x%3A0x1.4000000000000p%2B2,220,3.038,3.19432,3.1366521802810357,1.3060540317377747,defined,0.04415423735741917,sensitivity_only
id:x%3A0x1.4000000000000p%2B2,221,3.052,3.2032800000000003,3.2609478197189645,1.3060540317377747,defined,-0.04415423735741917,sensitivity_only
id:x%3A0x1.4000000000000p%2B2,222,3.066,3.21224,3.154572180281036,1.3060540317377747,defined,0.04415423735741917,sensitivity_only
id:x%3A0x1.4000000000000p%2B2,223,3.08,3.2212,3.2788678197189642,1.3060540317377747,defined,-0.04415423735741917,sensitivity_only
id:x%3A0x1.4000000000000p%2B2,224,3.094,3.2301599999999997,3.1724921802810355,1.3060540317377747,defined,0.04415423735741917,sensitivity_only
id:x%3A0x1.4000000000000p%2B2,225,3.108,3.2391199999999998,3.296787819718964,1.3060540317377747,defined,-0.04415423735741917,sensitivity_only
id:x%3A0x1.4000000000000p%2B2,226,3.122,3.24808,3.1904121802810357,1.3060540317377747,defined,0.04415423735741917,sensitivity_only
id:x%3A0x1.4000000000000p%2B2,227,3.136,3.25704,3.314707819718964,1.3060540317377747,defined,-0.04415423735741917,sensitivity_only
id:x%3A0x1.4000000000000p%2B2,228,3.15,3.266,3.208332180281036,1.3060540317377747,defined,0.04415423735741917,sensitivity_only
id:x%3A0x1.4000000000000p%2B2,229,3.164,3.27496,3.3326278197189643,1.3060540317377747,defined,-0.04415423735741917,sensitivity_only
id:x%3A0x1.4000000000000p%2B2,230,3.178,3.28392,3.226252180281036,1.3060540317377747,defined,0.04415423735741917,sensitivity_only
id:x%3A0x1.4000000000000p%2B2,231,3.192,3.2928800000000003,3.3505478197189644,1.3060540317377747,defined,-0.04415423735741917,sensitivity_only
id:x%3A0x1.4000000000000p%2B2,232,3.206,3.30184,3.2441721802810357,1.3060540317377747,defined,0.04415423735741917,sensitivity_only
id:x%3A0x1.4000000000000p%2B2,233,3.22,3.3108,3.368467819718964,1.3060540317377747,defined,-0.04415423735741917,sensitivity_only
id:x%3A0x1.4000000000000p%2B2,234,3.234,3.31976,3.262092180281036,1.3060540317377747,defined,0.04415423735741917,sensitivity_only
id:x%3A0x1.4000000000000p%2B2,235,3.248,3.32872,3.3863878197189643,1.3060540317377747,defined,-0.04415423735741917,sensitivity_only
id:x%3A0x1.4000000000000p%2B2,236,3.262,3.33768,3.280012180281036,1.3060540317377747,defined,0.04415423735741917,sensitivity_only
id:x%3A0x1.4000000000000p%2B2,237,3.276,3.34664,3.404307819718964,1.3060540317377747,defined,-0.04415423735741917,sensitivity_only
id:x%3A0x1.4000000000000p%2B2,238,3.29,3.3556,3.2979321802810357,1.3060540317377747,defined,0.04415423735741917,sensitivity_only
id:x%3A0x1.4000000000000p%2B2,239,3.304,3.36456,3.422227819718964,1.3060540317377747,defined,-0.04415423735741917,sensitivity_only
id:x%3A0x1.4000000000000p%2B2,240,3.318,3.37352,3.315852180281036,1.3060540317377747,defined,0.04415423735741917,sensitivity_only
id:x%3A0x1.4000000000000p%2B2,241,3.332,3.38248,3.4401478197189643,1.3060540317377747,defined,-0.04415423735741917,sensitivity_only
id:x%3A0x1.4000000000000p%2B2,242,3.346,3.3914400000000002,3.333772180281036,1.3060540317377747,defined,0.04415423735741917,sensitivity_only
id:x%3A0x1.4000000000000p%2B2,243,3.36,3.4004,3.458067819718964,1.3060540317377747,defined,-0.04415423735741917,sensitivity_only
id:x%3A0x1.4000000000000p%2B2,244,3.374,3.40936,3.3516921802810358,1.3060540317377747,defined,0.04415423735741917,sensitivity_only
id:x%3A0x1.4000000000000p%2B2,245,3.388,3.41832,3.475987819718964,1.3060540317377747,defined,-0.04415423735741917,sensitivity_only
id:x%3A0x1.4000000000000p%2B2,246,3.402,3.42728,3.369612180281036,1.3060540317377747,defined,0.04415423735741917,sensitivity_only
id:x%3A0x1.4000000000000p%2B2,247,3.416,3.43624,3.4939078197189644,1.3060540317377747,defined,-0.04415423735741917,sensitivity_only
id:x%3A0x1.4000000000000p%2B2,248,3.43,3.4452000000000003,3.387532180281036,1.3060540317377747,defined,0.04415423735741917,sensitivity_only
id:x%3A0x1.4000000000000p%2B2,249,3.444,3.45416,3.511827819718964,1.3060540317377747,defined,-0.04415423735741917,sensitivity_only
id:x%3A0x1.4000000000000p%2B2,250,3.458,3.46312,3.405452180281036,1.3060540317377747,defined,0.04415423735741917,sensitivity_only
id:x%3A0x1.4000000000000p%2B2,251,3.472,3.47208,3.5297478197189642,1.3060540317377747,defined,-0.04415423735741917,sensitivity_only
id:x%3A0x1.4000000000000p%2B2,252,3.486,3.48104,3.423372180281036,1.3060540317377747,defined,0.04415423735741917,sensitivity_only
id:x%3A0x1.4000000000000p%2B2,253,3.5,3.49,3.5476678197189644,1.3060540317377747,defined,-0.04415423735741917,sensitivity_only
id:x%3A0x1.4000000000000p%2B2,254,3.514,3.49896,3.4501988854624623,1.104336015201135,defined,0.04415423735741917,sensitivity_only
id:x%3A0x1.4000000000000p%2B2,255,3.528,3.50792,3.5566811145375374,1.104336015201135,defined,-0.04415423735741917,sensitivity_only
id:x%3A0x1.4000000000000p%2B2,256,3.542,3.51688,3.4681188854624625,1.104336015201135,defined,0.04415423735741917,sensitivity_only
id:x%3A0x1.4000000000000p%2B2,257,3.556,3.52584,3.5746011145375376,1.104336015201135,defined,-0.04415423735741917,sensitivity_only
id:x%3A0x1.4000000000000p%2B2,258,3.57,3.5348,3.4860388854624627,1.104336015201135,defined,0.04415423735741917,sensitivity_only
id:x%3A0x1.4000000000000p%2B2,259,3.584,3.5437600000000002,3.5925211145375378,1.104336015201135,defined,-0.04415423735741917,sensitivity_only
id:x%3A0x1.4000000000000p%2B2,260,3.598,3.55272,3.5039588854624624,1.104336015201135,defined,0.04415423735741917,sensitivity_only
id:x%3A0x1.4000000000000p%2B2,261,3.612,3.56168,3.6104411145375375,1.104336015201135,defined,-0.04415423735741917,sensitivity_only
id:x%3A0x1.4000000000000p%2B2,262,3.626,3.57064,3.5218788854624625,1.104336015201135,defined,0.04415423735741917,sensitivity_only
id:x%3A0x1.4000000000000p%2B2,263,3.64,3.5796,3.6283611145375376,1.104336015201135,defined,-0.04415423735741917,sensitivity_only
id:x%3A0x1.4000000000000p%2B2,264,3.654,3.58856,3.5397988854624627,1.104336015201135,defined,0.04415423735741917,sensitivity_only
id:x%3A0x1.4000000000000p%2B2,265,3.668,3.5975200000000003,3.646281114537538,1.104336015201135,defined,-0.04415423735741917,sensitivity_only
id:x%3A0x1.4000000000000p%2B2,266,3.682,3.60648,3.5577188854624624,1.104336015201135,defined,0.04415423735741917,sensitivity_only
id:x%3A0x1.4000000000000p%2B2,267,3.696,3.61544,3.6642011145375375,1.104336015201135,defined,-0.04415423735741917,sensitivity_only
id:x%3A0x1.4000000000000p%2B2,268,3.71,3.6244,3.5756388854624626,1.104336015201135,defined,0.04415423735741917,sensitivity_only
id:x%3A0x1.4000000000000p%2B2,269,3.724,3.63336,3.6821211145375377,1.104336015201135,defined,-0.04415423735741917,sensitivity_only
id:x%3A0x1.4000000000000p%2B2,270,3.738,3.6423200000000002,3.5935588854624627,1.104336015201135,defined,0.04415423735741917,sensitivity_only
id:x%3A0x1.4000000000000p%2B2,271,3.752,3.65128,3.7000411145375374,1.104336015201135,defined,-0.04415423735741917,sensitivity_only
id:x%3A0x1.4000000000000p%2B2,272,3.766,3.66024,3.6114788854624624,1.104336015201135,defined,0.04415423735741917,sensitivity_only
id:x%3A0x1.4000000000000p%2B2,273,3.78,3.6692,3.7179611145375375,1.104336015201135,defined,-0.04415423735741917,sensitivity_only
id:x%3A0x1.4000000000000p%2B2,274,3.794,3.67816,3.6293988854624626,1.104336015201135,defined,0.04415423735741917,sensitivity_only
id:x%3A0x1.4000000000000p%2B2,275,3.808,3.6871199999999997,3.7358811145375372,1.104336015201135,defined,-0.04415423735741917,sensitivity_only
id:x%3A0x1.4000000000000p%2B2,276,3.822,3.6960800000000003,3.6473188854624627,1.104336015201135,defined,0.04415423735741917,sensitivity_only
id:x%3A0x1.4000000000000p%2B2,277,3.836,3.70504,3.7538011145375374,1.104336015201135,defined,-0.04415423735741917,sensitivity_only
id:x%3A0x1.4000000000000p%2B2,278,3.85,3.714,3.6652388854624625,1.104336015201135,defined,0.04415423735741917,sensitivity_only
id:x%3A0x1.4000000000000p%2B2,279,3.864,3.72296,3.7717211145375376,1.104336015201135,defined,-0.04415423735741917,sensitivity_only
id:x%3A0x1.4000000000000p%2B2,280,3.878,3.73192,3.6831588854624626,1.104336015201135,defined,0.04415423735741917,sensitivity_only
id:x%3A0x1.4000000000000p%2B2,281,3.892,3.74088,3.7896411145375377,1.104336015201135,defined,-0.04415423735741917,sensitivity_only
id:x%3A0x1.4000000000000p%2B2,282,3.906,3.7498400000000003,3.7010788854624628,1.104336015201135,defined,0.04415423735741917,sensitivity_only
id:x%3A0x1.4000000000000p%2B2,283,3.92,3.7588,3.8075611145375374,1.104336015201135,defined,-0.04415423735741917,sensitivity_only
id:x%3A0x1.4000000000000p%2B2,284,3.934,3.76776,3.7189988854624625,1.104336015201135,defined,0.04415423735741917,sensitivity_only
id:x%3A0x1.4000000000000p%2B2,285,3.948,3.77672,3.8254811145375376,1.104336015201135,defined,-0.04415423735741917,sensitivity_only
id:x%3A0x1.4000000000000p%2B2,286,3.962,3.78568,3.7369188854624626,1.104336015201135,defined,0.04415423735741917,sensitivity_only
id:x%3A0x1.4000000000000p%2B2,287,3.976,3.7946400000000002,3.8434011145375377,1.104336015201135,defined,-0.04415423735741917,sensitivity_only
id:x%3A0x1.4000000000000p%2B2,288,3.99,3.8036000000000003,3.754838885462463,1.104336015201135,defined,0.04415423735741917,sensitivity_only
id:x%3A0x1.4000000000000p%2B2,289,4.0,3.81,3.8587611145375376,1.104336015201135,defined,-0.04415423735741917,sensitivity_only
id:x%3A0x1.4000000000000p%2B2,290,4.004,3.81256,3.7637988854624624,1.104336015201135,defined,0.04415423735741917,sensitivity_only
id:x%3A0x1.4000000000000p%2B2,291,4.018,3.82152,3.8702811145375375,1.104336015201135,defined,-0.04415423735741917,sensitivity_only
id:x%3A0x1.4000000000000p%2B2,292,4.032,3.83048,3.7817188854624626,1.104336015201135,defined,0.04415423735741917,sensitivity_only
id:x%3A0x1.4000000000000p%2B2,293,4.046,3.83944,3.8882011145375377,1.104336015201135,defined,-0.04415423735741917,sensitivity_only
id:x%3A0x1.4000000000000p%2B2,294,4.06,3.8484,3.7996388854624623,1.104336015201135,defined,0.04415423735741917,sensitivity_only
id:x%3A0x1.4000000000000p%2B2,295,4.074,3.85736,3.9061211145375374,1.104336015201135,defined,-0.04415423735741917,sensitivity_only
id:x%3A0x1.4000000000000p%2B2,296,4.088,3.86632,3.8175588854624625,1.104336015201135,defined,0.04415423735741917,sensitivity_only
id:x%3A0x1.4000000000000p%2B2,297,4.102,3.87528,3.9240411145375376,1.104336015201135,defined,-0.04415423735741917,sensitivity_only
id:x%3A0x1.4000000000000p%2B2,298,4.116,3.8842399999999997,3.835478885462462,1.104336015201135,defined,0.04415423735741917,sensitivity_only
id:x%3A0x1.4000000000000p%2B2,299,4.13,3.8931999999999998,3.9419611145375373,1.104336015201135,defined,-0.04415423735741917,sensitivity_only
id:x%3A0x1.4000000000000p%2B2,300,4.144,3.9021600000000003,3.853398885462463,1.104336015201135,defined,0.04415423735741917,sensitivity_only
id:x%3A0x1.4000000000000p%2B2,301,4.158,3.9111200000000004,3.959881114537538,1.104336015201135,defined,-0.04415423735741917,sensitivity_only
id:x%3A0x1.4000000000000p%2B2,302,4.172,3.92008,3.8713188854624625,1.104336015201135,defined,0.04415423735741917,sensitivity_only
id:x%3A0x1.4000000000000p%2B2,303,4.186,3.92904,3.9778011145375376,1.104336015201135,defined,-0.04415423735741917,sensitivity_only
id:x%3A0x1.4000000000000p%2B2,304,4.2,3.938,3.8892388854624627,1.104336015201135,defined,0.04415423735741917,sensitivity_only
id:x%3A0x1.4000000000000p%2B2,305,4.214,3.9469600000000002,3.9957211145375378,1.104336015201135,defined,-0.04415423735741917,sensitivity_only
id:x%3A0x1.4000000000000p%2B2,306,4.228,3.95592,3.9071588854624624,1.104336015201135,defined,0.04415423735741917,sensitivity_only
id:x%3A0x1.4000000000000p%2B2,307,4.242,3.96488,4.0136411145375375,1.104336015201135,defined,-0.04415423735741917,sensitivity_only
id:x%3A0x1.4000000000000p%2B2,308,4.256,3.97384,3.9250788854624625,1.104336015201135,defined,0.04415423735741917,sensitivity_only
id:x%3A0x1.4000000000000p%2B2,309,4.27,3.9827999999999997,4.031561114537537,1.104336015201135,defined,-0.04415423735741917,sensitivity_only
id:x%3A0x1.4000000000000p%2B2,310,4.284,3.9917599999999998,3.9429988854624622,1.104336015201135,defined,0.04415423735741917,sensitivity_only
id:x%3A0x1.4000000000000p%2B2,311,4.298,4.00072,4.049481114537538,1.104336015201135,defined,-0.04415423735741917,sensitivity_only
id:x%3A0x1.4000000000000p%2B2,312,4.312,4.00968,3.960918885462463,1.104336015201135,defined,0.04415423735741917,sensitivity_only
id:x%3A0x1.4000000000000p%2B2,313,4.326,4.0186399999999995,4.067401114537537,1.104336015201135,defined,-0.04415423735741917,sensitivity_only
id:x%3A0x1.4000000000000p%2B2,314,4.34,4.0276,3.978838885462462,1.104336015201135,defined,0.04415423735741917,sensitivity_only
id:x%3A0x1.4000000000000p%2B2,315,4.354,4.03656,4.085321114537537,1.104336015201135,defined,-0.04415423735741917,sensitivity_only
id:x%3A0x1.4000000000000p%2B2,316,4.368,4.04552,3.9967588854624623,1.104336015201135,defined,0.04415423735741917,sensitivity_only
id:x%3A0x1.4000000000000p%2B2,317,4.382,4.05448,4.103241114537537,1.104336015201135,defined,-0.04415423735741917,sensitivity_only
id:x%3A0x1.4000000000000p%2B2,318,4.396,4.06344,4.014678885462462,1.104336015201135,defined,0.04415423735741917,sensitivity_only
id:x%3A0x1.4000000000000p%2B2,319,4.41,4.0724,4.1211611145375375,1.104336015201135,defined,-0.04415423735741917,sensitivity_only
id:x%3A0x1.4000000000000p%2B2,320,4.424,4.08136,4.032598885462463,1.104336015201135,defined,0.04415423735741917,sensitivity_only
id:x%3A0x1.4000000000000p%2B2,321,4.438,4.09032,4.139081114537538,1.104336015201135,defined,-0.04415423735741917,sensitivity_only
id:x%3A0x1.4000000000000p%2B2,322,4.452,4.09928,4.050518885462463,1.104336015201135,defined,0.04415423735741917,sensitivity_only
id:x%3A0x1.4000000000000p%2B2,323,4.466,4.10824,4.157001114537538,1.104336015201135,defined,-0.04415423735741917,sensitivity_only
id:x%3A0x1.4000000000000p%2B2,324,4.48,4.1172,4.068438885462463,1.104336015201135,defined,0.04415423735741917,sensitivity_only
id:x%3A0x1.4000000000000p%2B2,325,4.494,4.1261600000000005,4.174921114537538,1.104336015201135,defined,-0.04415423735741917,sensitivity_only
id:x%3A0x1.4000000000000p%2B2,326,4.508,4.135120000000001,4.086358885462463,1.1043360152011354,defined,0.04415423735741917,sensitivity_only
id:x%3A0x1.4000000000000p%2B2,327,4.522,4.144080000000001,4.192841114537538,1.1043360152011354,defined,-0.04415423735741917,sensitivity_only
id:x%3A0x1.4000000000000p%2B2,328,4.536,4.15304,4.104278885462462,1.1043360152011354,defined,0.04415423735741917,sensitivity_only
id:x%3A0x1.4000000000000p%2B2,329,4.55,4.162,4.210761114537537,1.1043360152011354,defined,-0.04415423735741917,sensitivity_only
id:x%3A0x1.4000000000000p%2B2,330,4.564,4.17096,4.1221988854624625,1.1043360152011354,defined,0.04415423735741917,sensitivity_only
id:x%3A0x1.4000000000000p%2B2,331,4.578,4.17992,4.228681114537538,1.1043360152011354,defined,-0.04415423735741917,sensitivity_only
id:x%3A0x1.4000000000000p%2B2,332,4.592,4.188879999999999,4.140118885462462,1.1043360152011354,defined,0.04415423735741917,sensitivity_only
id:x%3A0x1.4000000000000p%2B2,333,4.606,4.197839999999999,4.246601114537537,1.1043360152011354,defined,-0.04415423735741917,sensitivity_only
id:x%3A0x1.4000000000000p%2B2,334,4.62,4.2068,4.158038885462463,1.1043360152011354,defined,0.04415423735741917,sensitivity_only
id:x%3A0x1.4000000000000p%2B2,335,4.634,4.21576,4.264521114537538,1.1043360152011354,defined,-0.04415423735741917,sensitivity_only
id:x%3A0x1.4000000000000p%2B2,336,4.648,4.22472,4.175958885462462,1.1043360152011354,defined,0.04415423735741917,sensitivity_only
id:x%3A0x1.4000000000000p%2B2,337,4.662,4.23368,4.282441114537537,1.1043360152011354,defined,-0.04415423735741917,sensitivity_only
id:x%3A0x1.4000000000000p%2B2,338,4.676,4.24264,4.193878885462462,1.1043360152011354,defined,0.04415423735741917,sensitivity_only
id:x%3A0x1.4000000000000p%2B2,339,4.69,4.2516,4.300361114537537,1.1043360152011354,defined,-0.04415423735741917,sensitivity_only
id:x%3A0x1.4000000000000p%2B2,340,4.704,4.26056,4.211798885462462,1.1043360152011354,defined,0.04415423735741917,sensitivity_only
id:x%3A0x1.4000000000000p%2B2,341,4.718,4.26952,4.3182811145375375,1.1043360152011354,defined,-0.04415423735741917,sensitivity_only
id:x%3A0x1.4000000000000p%2B2,342,4.732,4.27848,4.2297188854624626,1.1043360152011354,defined,0.04415423735741917,sensitivity_only
id:x%3A0x1.4000000000000p%2B2,343,4.746,4.28744,4.336201114537538,1.1043360152011354,defined,-0.04415423735741917,sensitivity_only
id:x%3A0x1.4000000000000p%2B2,344,4.76,4.2964,4.247638885462463,1.1043360152011354,defined,0.04415423735741917,sensitivity_only
id:x%3A0x1.4000000000000p%2B2,345,4.774,4.30536,4.354121114537538,1.1043360152011354,defined,-0.04415423735741917,sensitivity_only
id:x%3A0x1.4000000000000p%2B2,346,4.788,4.31432,4.265558885462463,1.1043360152011354,defined,0.04415423735741917,sensitivity_only
id:x%3A0x1.4000000000000p%2B2,347,4.802,4.3232800000000005,4.372041114537538,1.1043360152011354,defined,-0.04415423735741917,sensitivity_only
id:x%3A0x1.4000000000000p%2B2,348,4.816,4.3322400000000005,4.283478885462463,1.1043360152011354,defined,0.04415423735741917,sensitivity_only
id:x%3A0x1.4000000000000p%2B2,349,4.83,4.341200000000001,4.389961114537538,1.1043360152011354,defined,-0.04415423735741917,sensitivity_only
id:x%3A0x1.4000000000000p%2B2,350,4.844,4.350160000000001,4.301398885462463,1.1043360152011354,defined,0.04415423735741917,sensitivity_only
id:x%3A0x1.4000000000000p%2B2,351,4.858,4.35912,4.407881114537537,1.1043360152011354,defined,-0.04415423735741917,sensitivity_only
id:x%3A0x1.4000000000000p%2B2,352,4.872,4.36808,4.3193188854624625,1.1043360152011354,defined,0.04415423735741917,sensitivity_only
id:x%3A0x1.4000000000000p%2B2,353,4.886,4.37704,4.4258011145375376,1.1043360152011354,defined,-0.04415423735741917,sensitivity_only
id:x%3A0x1.4000000000000p%2B2,354,4.9,4.386,4.337238885462463,1.1043360152011354,defined,0.04415423735741917,sensitivity_only
id:x%3A0x1.4000000000000p%2B2,355,4.914,4.394959999999999,4.443721114537537,1.1043360152011354,defined,-0.04415423735741917,sensitivity_only
id:x%3A0x1.4000000000000p%2B2,356,4.928,4.403919999999999,4.355158885462462,1.1043360152011354,defined,0.04415423735741917,sensitivity_only
id:x%3A0x1.4000000000000p%2B2,357,4.942,4.41288,4.461641114537538,1.1043360152011354,defined,-0.04415423735741917,sensitivity_only
id:x%3A0x1.4000000000000p%2B2,358,4.956,4.42184,4.373078885462463,1.1043360152011354,defined,0.04415423735741917,sensitivity_only
id:x%3A0x1.4000000000000p%2B2,359,4.97,4.4308,4.479561114537537,1.1043360152011354,defined,-0.04415423735741917,sensitivity_only
id:x%3A0x1.4000000000000p%2B2,360,4.984,4.43976,4.390998885462462,1.1043360152011354,defined,0.04415423735741917,sensitivity_only
id:x%3A0x1.4000000000000p%2B2,361,4.998,4.44872,4.497481114537537,1.1043360152011354,defined,-0.04415423735741917,sensitivity_only
id:x%3A0x1.4000000000000p%2B2,362,5.0,4.45,4.401238885462463,1.1043360152011354,defined,0.04415423735741917,sensitivity_only
id:x%3A0x1.4000000000000p%2B2,363,5.012,4.45768,4.506441114537537,1.1043360152011354,defined,-0.04415423735741917,sensitivity_only
id:x%3A0x1.4000000000000p%2B2,364,5.026,4.46664,4.417878885462462,1.1043360152011354,defined,0.04415423735741917,sensitivity_only
id:x%3A0x1.4000000000000p%2B2,365,5.04,4.4756,4.5243611145375375,1.1043360152011354,defined,-0.04415423735741917,sensitivity_only
id:x%3A0x1.4000000000000p%2B2,366,5.054,4.48456,4.435798885462463,1.1043360152011354,defined,0.04415423735741917,sensitivity_only
id:x%3A0x1.4000000000000p%2B2,367,5.068,4.49352,4.542281114537538,1.1043360152011354,defined,-0.04415423735741917,sensitivity_only
id:x%3A0x1.4000000000000p%2B2,368,5.082,4.50248,4.453718885462463,1.1043360152011354,defined,0.04415423735741917,sensitivity_only
id:x%3A0x1.4000000000000p%2B2,369,5.096,4.51144,4.560201114537538,1.1043360152011354,defined,-0.04415423735741917,sensitivity_only
id:x%3A0x1.4000000000000p%2B2,370,5.11,4.5204,4.471638885462463,1.1043360152011354,defined,0.04415423735741917,sensitivity_only
id:x%3A0x1.4000000000000p%2B2,371,5.124,4.5293600000000005,4.578121114537538,1.1043360152011354,defined,-0.04415423735741917,sensitivity_only
id:x%3A0x1.4000000000000p%2B2,372,5.138,4.538320000000001,4.489558885462463,1.1043360152011354,defined,0.04415423735741917,sensitivity_only
id:x%3A0x1.4000000000000p%2B2,373,5.152,4.547280000000001,4.596041114537538,1.1043360152011354,defined,-0.04415423735741917,sensitivity_only
id:x%3A0x1.4000000000000p%2B2,374,5.166,4.556240000000001,4.507478885462463,1.1043360152011354,defined,0.04415423735741917,sensitivity_only
id:x%3A0x1.4000000000000p%2B2,375,5.18,4.5652,4.613961114537537,1.1043360152011354,defined,-0.04415423735741917,sensitivity_only
id:x%3A0x1.4000000000000p%2B2,376,5.194,4.57416,4.5253988854624625,1.1043360152011354,defined,0.04415423735741917,sensitivity_only
id:x%3A0x1.4000000000000p%2B2,377,5.208,4.58312,4.631881114537538,1.1043360152011354,defined,-0.04415423735741917,sensitivity_only
id:x%3A0x1.4000000000000p%2B2,378,5.222,4.59208,4.543318885462463,1.1043360152011354,defined,0.04415423735741917,sensitivity_only
id:x%3A0x1.4000000000000p%2B2,379,5.236,4.601039999999999,4.649801114537537,1.1043360152011354,defined,-0.04415423735741917,sensitivity_only
id:x%3A0x1.4000000000000p%2B2,380,5.25,4.609999999999999,4.561238885462462,1.1043360152011354,defined,0.04415423735741917,sensitivity_only
id:x%3A0x1.4000000000000p%2B2,381,5.264,4.61896,4.667721114537538,1.1043360152011354,defined,-0.04415423735741917,sensitivity_only
id:x%3A0x1.4000000000000p%2B2,382,5.278,4.62792,4.579158885462462,1.1043360152011354,defined,0.04415423735741917,sensitivity_only
id:x%3A0x1.4000000000000p%2B2,383,5.292,4.63688,4.685641114537537,1.1043360152011354,defined,-0.04415423735741917,sensitivity_only
id:x%3A0x1.4000000000000p%2B2,384,5.306,4.64584,4.597078885462462,1.1043360152011354,defined,0.04415423735741917,sensitivity_only
id:x%3A0x1.4000000000000p%2B2,385,5.32,4.6548,4.703561114537537,1.1043360152011354,defined,-0.04415423735741917,sensitivity_only
id:x%3A0x1.4000000000000p%2B2,386,5.334,4.66376,4.614998885462462,1.1043360152011354,defined,0.04415423735741917,sensitivity_only
id:x%3A0x1.4000000000000p%2B2,387,5.348,4.67272,4.7214811145375375,1.1043360152011354,defined,-0.04415423735741917,sensitivity_only
id:x%3A0x1.4000000000000p%2B2,388,5.362,4.68168,4.6329188854624626,1.1043360152011354,defined,0.04415423735741917,sensitivity_only
id:x%3A0x1.4000000000000p%2B2,389,5.376,4.69064,4.739401114537538,1.1043360152011354,defined,-0.04415423735741917,sensitivity_only
id:x%3A0x1.4000000000000p%2B2,390,5.39,4.6996,4.650838885462463,1.1043360152011354,defined,0.04415423735741917,sensitivity_only
id:x%3A0x1.4000000000000p%2B2,391,5.404,4.70856,4.757321114537538,1.1043360152011354,defined,-0.04415423735741917,sensitivity_only
id:x%3A0x1.4000000000000p%2B2,392,5.418,4.71752,4.668758885462463,1.1043360152011354,defined,0.04415423735741917,sensitivity_only
id:x%3A0x1.4000000000000p%2B2,393,5.432,4.7264800000000005,4.775241114537538,1.1043360152011354,defined,-0.04415423735741917,sensitivity_only
id:x%3A0x1.4000000000000p%2B2,394,5.446,4.7354400000000005,4.686678885462463,1.1043360152011354,defined,0.04415423735741917,sensitivity_only
id:x%3A0x1.4000000000000p%2B2,395,5.46,4.744400000000001,4.793161114537538,1.1043360152011354,defined,-0.04415423735741917,sensitivity_only
id:x%3A0x1.4000000000000p%2B2,396,5.474,4.753360000000001,4.704598885462463,1.1043360152011354,defined,0.04415423735741917,sensitivity_only
id:x%3A0x1.4000000000000p%2B2,397,5.488,4.762320000000001,4.811081114537538,1.1043360152011354,defined,-0.04415423735741917,sensitivity_only
id:x%3A0x1.4000000000000p%2B2,398,5.502,4.77128,4.7225188854624625,1.104336015201135,defined,0.04415423735741917,sensitivity_only
id:x%3A0x1.4000000000000p%2B2,399,5.516,4.78024,4.8290011145375376,1.104336015201135,defined,-0.04415423735741917,sensitivity_only
id:x%3A0x1.4000000000000p%2B2,400,5.53,4.7892,4.740438885462463,1.104336015201135,defined,0.04415423735741917,sensitivity_only
id:x%3A0x1.4000000000000p%2B2,401,5.544,4.798159999999999,4.846921114537537,1.104336015201135,defined,-0.04415423735741917,sensitivity_only
id:x%3A0x1.4000000000000p%2B2,402,5.558,4.807119999999999,4.758358885462462,1.104336015201135,defined,0.04415423735741917,sensitivity_only
id:x%3A0x1.4000000000000p%2B2,403,5.572,4.8160799999999995,4.864841114537537,1.104336015201135,defined,-0.04415423735741917,sensitivity_only
id:x%3A0x1.4000000000000p%2B2,404,5.586,4.82504,4.776278885462463,1.104336015201135,defined,0.04415423735741917,sensitivity_only
id:x%3A0x1.4000000000000p%2B2,405,5.6,4.834,4.882761114537537,1.104336015201135,defined,-0.04415423735741917,sensitivity_only
id:x%3A0x1.4000000000000p%2B2,406,5.614,4.84296,4.794198885462462,1.104336015201135,defined,0.04415423735741917,sensitivity_only
id:x%3A0x1.4000000000000p%2B2,407,5.628,4.85192,4.900681114537537,1.104336015201135,defined,-0.04415423735741917,sensitivity_only
id:x%3A0x1.4000000000000p%2B2,408,5.642,4.86088,4.812118885462462,1.104336015201135,defined,0.04415423735741917,sensitivity_only
id:x%3A0x1.4000000000000p%2B2,409,5.656,4.86984,4.9186011145375375,1.104336015201135,defined,-0.04415423735741917,sensitivity_only
id:x%3A0x1.4000000000000p%2B2,410,5.67,4.8788,4.8300388854624625,1.104336015201135,defined,0.04415423735741917,sensitivity_only
id:x%3A0x1.4000000000000p%2B2,411,5.684,4.88776,4.936521114537538,1.104336015201135,defined,-0.04415423735741917,sensitivity_only
id:x%3A0x1.4000000000000p%2B2,412,5.698,4.89672,4.847958885462463,1.104336015201135,defined,0.04415423735741917,sensitivity_only
id:x%3A0x1.4000000000000p%2B2,413,5.712,4.90568,4.954441114537538,1.104336015201135,defined,-0.04415423735741917,sensitivity_only
id:x%3A0x1.4000000000000p%2B2,414,5.726,4.91464,4.865878885462463,1.104336015201135,defined,0.04415423735741917,sensitivity_only
id:x%3A0x1.4000000000000p%2B2,415,5.74,4.9236,4.972361114537538,1.104336015201135,defined,-0.04415423735741917,sensitivity_only
id:x%3A0x1.4000000000000p%2B2,416,5.754,4.93256,4.883798885462462,1.104336015201135,defined,0.04415423735741917,sensitivity_only
id:x%3A0x1.4000000000000p%2B2,417,5.768,4.941520000000001,4.990281114537538,1.104336015201135,defined,-0.04415423735741917,sensitivity_only
id:x%3A0x1.4000000000000p%2B2,418,5.782,4.950480000000001,4.901718885462463,1.104336015201135,defined,0.04415423735741917,sensitivity_only
id:x%3A0x1.4000000000000p%2B2,419,5.796,4.959440000000001,5.008201114537538,1.104336015201135,defined,-0.04415423735741917,sensitivity_only
id:x%3A0x1.4000000000000p%2B2,420,5.81,4.9684,4.919638885462462,1.104336015201135,defined,0.04415423735741917,sensitivity_only
id:x%3A0x1.4000000000000p%2B2,421,5.824,4.97736,5.0261211145375375,1.104336015201135,defined,-0.04415423735741917,sensitivity_only
id:x%3A0x1.4000000000000p%2B2,422,5.838,4.98632,4.937558885462463,1.104336015201135,defined,0.04415423735741917,sensitivity_only
id:x%3A0x1.4000000000000p%2B2,423,5.852,4.99528,5.044041114537538,1.104336015201135,defined,-0.04415423735741917,sensitivity_only
id:x%3A0x1.4000000000000p%2B2,424,5.866,5.004239999999999,4.955478885462462,1.104336015201135,defined,0.04415423735741917,sensitivity_only
id:x%3A0x1.4000000000000p%2B2,425,5.88,5.013199999999999,5.061961114537537,1.104336015201135,defined,-0.04415423735741917,sensitivity_only
id:x%3A0x1.4000000000000p%2B2,426,5.894,5.0221599999999995,4.973398885462462,1.104336015201135,defined,0.04415423735741917,sensitivity_only
id:x%3A0x1.4000000000000p%2B2,427,5.908,5.0311200000000005,5.079881114537538,1.104336015201135,defined,-0.04415423735741917,sensitivity_only
id:x%3A0x1.4000000000000p%2B2,428,5.922,5.04008,4.991318885462462,1.104336015201135,defined,0.04415423735741917,sensitivity_only
id:x%3A0x1.4000000000000p%2B2,429,5.936,5.04904,5.097801114537537,1.104336015201135,defined,-0.04415423735741917,sensitivity_only
id:x%3A0x1.4000000000000p%2B2,430,5.95,5.058,5.009238885462462,1.104336015201135,defined,0.04415423735741917,sensitivity_only
id:x%3A0x1.4000000000000p%2B2,431,5.964,5.06696,5.115721114537537,1.104336015201135,defined,-0.04415423735741917,sensitivity_only
id:x%3A0x1.4000000000000p%2B2,432,5.978,5.07592,5.0271588854624625,1.104336015201135,defined,0.04415423735741917,sensitivity_only
id:x%3A0x1.4000000000000p%2B2,433,5.992,5.08488,5.133641114537538,1.104336015201135,defined,-0.04415423735741917,sensitivity_only
id:x%3A0x1.4000000000000p%2B2,434,6.0,5.09,5.041238885462462,1.104336015201135,defined,0.04415423735741917,sensitivity_only
id:x%3A0x1.4000000000000p%2B2,435,6.006,5.09384,5.142601114537538,1.104336015201135,defined,-0.04415423735741917,sensitivity_only
id:x%3A0x1.4000000000000p%2B2,436,6.02,5.1028,5.054038885462463,1.104336015201135,defined,0.04415423735741917,sensitivity_only
id:x%3A0x1.4000000000000p%2B2,437,6.034,5.11176,5.160521114537538,1.104336015201135,defined,-0.04415423735741917,sensitivity_only
id:x%3A0x1.4000000000000p%2B2,438,6.048,5.12072,5.071958885462463,1.104336015201135,defined,0.04415423735741917,sensitivity_only
id:x%3A0x1.4000000000000p%2B2,439,6.062,5.1296800000000005,5.178441114537538,1.104336015201135,defined,-0.04415423735741917,sensitivity_only
id:x%3A0x1.4000000000000p%2B2,440,6.076,5.13864,5.089878885462462,1.104336015201135,defined,0.04415423735741917,sensitivity_only
id:x%3A0x1.4000000000000p%2B2,441,6.09,5.147600000000001,5.196361114537538,1.104336015201135,defined,-0.04415423735741917,sensitivity_only
id:x%3A0x1.4000000000000p%2B2,442,6.104,5.156560000000001,5.107798885462463,1.104336015201135,defined,0.04415423735741917,sensitivity_only
id:x%3A0x1.4000000000000p%2B2,443,6.118,5.165520000000001,5.214281114537538,1.104336015201135,defined,-0.04415423735741917,sensitivity_only
id:x%3A0x1.4000000000000p%2B2,444,6.132,5.17448,5.1257188854624625,1.104336015201135,defined,0.04415423735741917,sensitivity_only
id:x%3A0x1.4000000000000p%2B2,445,6.146,5.18344,5.232201114537538,1.104336015201135,defined,-0.04415423735741917,sensitivity_only
id:x%3A0x1.4000000000000p%2B2,446,6.16,5.1924,5.143638885462463,1.104336015201135,defined,0.04415423735741917,sensitivity_only
id:x%3A0x1.4000000000000p%2B2,447,6.174,5.20136,5.250121114537538,1.104336015201135,defined,-0.04415423735741917,sensitivity_only
id:x%3A0x1.4000000000000p%2B2,448,6.188,5.210319999999999,5.161558885462462,1.104336015201135,defined,0.04415423735741917,sensitivity_only
id:x%3A0x1.4000000000000p%2B2,449,6.202,5.2192799999999995,5.268041114537537,1.104336015201135,defined,-0.04415423735741917,sensitivity_only
id:x%3A0x1.4000000000000p%2B2,450,6.216,5.2282399999999996,5.179478885462462,1.104336015201135,defined,0.04415423735741917,sensitivity_only
id:x%3A0x1.4000000000000p%2B2,451,6.23,5.2372000000000005,5.285961114537538,1.104336015201135,defined,-0.04415423735741917,sensitivity_only
id:x%3A0x1.4000000000000p%2B2,452,6.244,5.24616,5.197398885462462,1.104336015201135,defined,0.04415423735741917,sensitivity_only
id:x%3A0x1.4000000000000p%2B2,453,6.258,5.25512,5.303881114537537,1.104336015201135,defined,-0.04415423735741917,sensitivity_only
id:x%3A0x1.4000000000000p%2B2,454,6.272,5.26408,5.215318885462462,1.104336015201135,defined,0.04415423735741917,sensitivity_only
id:x%3A0x1.4000000000000p%2B2,455,6.286,5.27304,5.3218011145375375,1.104336015201135,defined,-0.04415423735741917,sensitivity_only
id:x%3A0x1.4000000000000p%2B2,456,6.3,5.282,5.2332388854624625,1.104336015201135,defined,0.04415423735741917,sensitivity_only
id:x%3A0x1.4000000000000p%2B2,457,6.314,5.29096,5.339721114537538,1.104336015201135,defined,-0.04415423735741917,sensitivity_only
id:x%3A0x1.4000000000000p%2B2,458,6.328,5.29992,5.251158885462463,1.104336015201135,defined,0.04415423735741917,sensitivity_only
id:x%3A0x1.4000000000000p%2B2,459,6.342,5.30888,5.357641114537538,1.104336015201135,defined,-0.04415423735741917,sensitivity_only
id:x%3A0x1.4000000000000p%2B2,460,6.356,5.31784,5.269078885462463,1.104336015201135,defined,0.04415423735741917,sensitivity_only
id:x%3A0x1.4000000000000p%2B2,461,6.37,5.3268,5.375561114537538,1.104336015201135,defined,-0.04415423735741917,sensitivity_only
id:x%3A0x1.4000000000000p%2B2,462,6.384,5.3357600000000005,5.286998885462463,1.104336015201135,defined,0.04415423735741917,sensitivity_only
id:x%3A0x1.4000000000000p%2B2,463,6.398,5.34472,5.393481114537537,1.104336015201135,defined,-0.04415423735741917,sensitivity_only
id:x%3A0x1.4000000000000p%2B2,464,6.412,5.35368,5.304918885462462,1.104336015201135,defined,0.04415423735741917,sensitivity_only
id:x%3A0x1.4000000000000p%2B2,465,6.426,5.36264,5.411401114537537,1.104336015201135,defined,-0.04415423735741917,sensitivity_only
id:x%3A0x1.4000000000000p%2B2,466,6.44,5.3716,5.322838885462462,1.104336015201135,defined,0.04415423735741917,sensitivity_only
id:x%3A0x1.4000000000000p%2B2,467,6.454,5.38056,5.4293211145375375,1.104336015201135,defined,-0.04415423735741917,sensitivity_only
id:x%3A0x1.4000000000000p%2B2,468,6.468,5.38952,5.340758885462463,1.104336015201135,defined,0.04415423735741917,sensitivity_only
id:x%3A0x1.4000000000000p%2B2,469,6.482,5.39848,5.447241114537538,1.104336015201135,defined,-0.04415423735741917,sensitivity_only
id:x%3A0x1.4000000000000p%2B2,470,6.496,5.40744,5.358678885462463,1.104336015201135,defined,0.04415423735741917,sensitivity_only
id:x%3A0x1.4000000000000p%2B2,471,6.51,5.4164,5.461308775401997,1.0170886893248545,defined,-0.04415423735741917,sensitivity_only
id:x%3A0x1.4000000000000p%2B2,472,6.524,5.42536,5.380451224598004,1.0170886893248545,defined,0.04415423735741917,sensitivity_only
id:x%3A0x1.4000000000000p%2B2,473,6.538,5.4343200000000005,5.479228775401997,1.0170886893248545,defined,-0.04415423735741917,sensitivity_only
id:x%3A0x1.4000000000000p%2B2,474,6.552,5.44328,5.398371224598003,1.0170886893248545,defined,0.04415423735741917,sensitivity_only
id:x%3A0x1.4000000000000p%2B2,475,6.566,5.45224,5.497148775401996,1.0170886893248545,defined,-0.04415423735741917,sensitivity_only
id:x%3A0x1.4000000000000p%2B2,476,6.58,5.4612,5.4162912245980035,1.0170886893248545,defined,0.04415423735741917,sensitivity_only
id:x%3A0x1.4000000000000p%2B2,477,6.594,5.47016,5.515068775401996,1.0170886893248545,defined,-0.04415423735741917,sensitivity_only
id:x%3A0x1.4000000000000p%2B2,478,6.608,5.47912,5.434211224598004,1.0170886893248545,defined,0.04415423735741917,sensitivity_only
id:x%3A0x1.4000000000000p%2B2,479,6.622,5.48808,5.532988775401996,1.0170886893248545,defined,-0.04415423735741917,sensitivity_only
id:x%3A0x1.4000000000000p%2B2,480,6.636,5.49704,5.452131224598004,1.0170886893248545,defined,0.04415423735741917,sensitivity_only
id:x%3A0x1.4000000000000p%2B2,481,6.65,5.506,5.550908775401997,1.0170886893248545,defined,-0.04415423735741917,sensitivity_only
id:x%3A0x1.4000000000000p%2B2,482,6.664,5.51496,5.470051224598004,1.0170886893248545,defined,0.04415423735741917,sensitivity_only
id:x%3A0x1.4000000000000p%2B2,483,6.678,5.52392,5.568828775401997,1.0170886893248545,defined,-0.04415423735741917,sensitivity_only
id:x%3A0x1.4000000000000p%2B2,484,6.692,5.5328800000000005,5.487971224598004,1.0170886893248545,defined,0.04415423735741917,sensitivity_only
id:x%3A0x1.4000000000000p%2B2,485,6.706,5.5418400000000005,5.586748775401997,1.0170886893248545,defined,-0.04415423735741917,sensitivity_only
id:x%3A0x1.4000000000000p%2B2,486,6.72,5.5508,5.505891224598003,1.0170886893248545,defined,0.04415423735741917,sensitivity_only
id:x%3A0x1.4000000000000p%2B2,487,6.734,5.55976,5.604668775401996,1.0170886893248545,defined,-0.04415423735741917,sensitivity_only
id:x%3A0x1.4000000000000p%2B2,488,6.748,5.56872,5.5238112245980036,1.0170886893248545,defined,0.04415423735741917,sensitivity_only
id:x%3A0x1.4000000000000p%2B2,489,6.762,5.57768,5.622588775401996,1.0170886893248545,defined,-0.04415423735741917,sensitivity_only
id:x%3A0x1.4000000000000p%2B2,490,6.776,5.58664,5.541731224598004,1.0170886893248545,defined,0.04415423735741917,sensitivity_only
id:x%3A0x1.4000000000000p%2B2,491,6.79,5.5956,5.6405087754019965,1.0170886893248545,defined,-0.04415423735741917,sensitivity_only
id:x%3A0x1.4000000000000p%2B2,492,6.804,5.60456,5.559651224598004,1.0170886893248545,defined,0.04415423735741917,sensitivity_only
id:x%3A0x1.4000000000000p%2B2,493,6.818,5.61352,5.658428775401997,1.0170886893248545,defined,-0.04415423735741917,sensitivity_only
id:x%3A0x1.4000000000000p%2B2,494,6.832,5.62248,5.577571224598004,1.0170886893248545,defined,0.04415423735741917,sensitivity_only
id:x%3A0x1.4000000000000p%2B2,495,6.846,5.6314400000000004,5.676348775401997,1.0170886893248545,defined,-0.04415423735741917,sensitivity_only
id:x%3A0x1.4000000000000p%2B2,496,6.86,5.6404000000000005,5.595491224598004,1.0170886893248545,defined,0.04415423735741917,sensitivity_only
id:x%3A0x1.4000000000000p%2B2,497,6.874,5.64936,5.694268775401996,1.0170886893248545,defined,-0.04415423735741917,sensitivity_only
id:x%3A0x1.4000000000000p%2B2,498,6.888,5.65832,5.6134112245980035,1.0170886893248545,defined,0.04415423735741917,sensitivity_only
id:x%3A0x1.4000000000000p%2B2,499,6.902,5.66728,5.712188775401996,1.0170886893248545,defined,-0.04415423735741917,sensitivity_only
id:x%3A0x1.4000000000000p%2B2,500,6.916,5.67624,5.631331224598004,1.0170886893248545,defined,0.04415423735741917,sensitivity_only
id:x%3A0x1.4000000000000p%2B2,501,6.93,5.6852,5.730108775401996,1.0170886893248545,defined,-0.04415423735741917,sensitivity_only
id:x%3A0x1.4000000000000p%2B2,502,6.944,5.69416,5.649251224598004,1.0170886893248545,defined,0.04415423735741917,sensitivity_only
id:x%3A0x1.4000000000000p%2B2,503,6.958,5.70312,5.7480287754019965,1.0170886893248545,defined,-0.04415423735741917,sensitivity_only
id:x%3A0x1.4000000000000p%2B2,504,6.972,5.71208,5.667171224598004,1.0170886893248545,defined,0.04415423735741917,sensitivity_only
id:x%3A0x1.4000000000000p%2B2,505,6.986,5.72104,5.765948775401997,1.0170886893248545,defined,-0.04415423735741917,sensitivity_only
id:x%3A0x1.4000000000000p%2B2,506,7.0,5.73,5.685091224598004,1.0170886893248545,defined,0.04415423735741917,sensitivity_only
id:x%3A0x1.8000000000000p%2B2,0,0.0,1.25,1.1458768899953216,1.104336015201135,defined,0.09428571428571429,sensitivity_only
id:x%3A0x1.8000000000000p%2B2,1,0.014,1.25896,1.310866992894798,1.104336015201135,defined,-0.04700289783209138,sensitivity_only
id:x%3A0x1.8000000000000p%2B2,2,0.028,1.26792,1.216013007105202,1.104336015201135,defined,0.04700289783209138,sensitivity_only
id:x%3A0x1.8000000000000p%2B2,3,0.042,1.27688,1.328786992894798,1.104336015201135,defined,-0.04700289783209138,sensitivity_only
id:x%3A0x1.8000000000000p%2B2,4,0.056,1.28584,1.2339330071052022,1.104336015201135,defined,0.04700289783209138,sensitivity_only
id:x%3A0x1.8000000000000p%2B2,5,0.07,1.2948,1.346706992894798,1.104336015201135,defined,-0.04700289783209138,sensitivity_only
id:x%3A0x1.8000000000000p%2B2,6,0.084,1.30376,1.251853007105202,1.104336015201135,defined,0.04700289783209138,sensitivity_only
id:x%3A0x1.8000000000000p%2B2,7,0.098,1.31272,1.364626992894798,1.104336015201135,defined,-0.04700289783209138,sensitivity_only
id:x%3A0x1.8000000000000p%2B2,8,0.112,1.32168,1.269773007105202,1.104336015201135,defined,0.04700289783209138,sensitivity_only
id:x%3A0x1.8000000000000p%2B2,9,0.126,1.33064,1.382546992894798,1.104336015201135,defined,-0.04700289783209138,sensitivity_only
id:x%3A0x1.8000000000000p%2B2,10,0.14,1.3396,1.287693007105202,1.104336015201135,defined,0.04700289783209138,sensitivity_only
id:x%3A0x1.8000000000000p%2B2,11,0.154,1.34856,1.400466992894798,1.104336015201135,defined,-0.04700289783209138,sensitivity_only
id:x%3A0x1.8000000000000p%2B2,12,0.168,1.35752,1.3056130071052021,1.104336015201135,defined,0.04700289783209138,sensitivity_only
id:x%3A0x1.8000000000000p%2B2,13,0.182,1.36648,1.4183869928947979,1.104336015201135,defined,-0.04700289783209138,sensitivity_only
id:x%3A0x1.8000000000000p%2B2,14,0.196,1.37544,1.323533007105202,1.104336015201135,defined,0.04700289783209138,sensitivity_only
id:x%3A0x1.8000000000000p%2B2,15,0.21,1.3844,1.436306992894798,1.104336015201135,defined,-0.04700289783209138,sensitivity_only
id:x%3A0x1.8000000000000p%2B2,16,0.224,1.39336,1.341453007105202,1.104336015201135,defined,0.04700289783209138,sensitivity_only
id:x%3A0x1.8000000000000p%2B2,17,0.238,1.40232,1.454226992894798,1.104336015201135,defined,-0.04700289783209138,sensitivity_only
id:x%3A0x1.8000000000000p%2B2,18,0.252,1.41128,1.3593730071052021,1.104336015201135,defined,0.04700289783209138,sensitivity_only
id:x%3A0x1.8000000000000p%2B2,19,0.266,1.42024,1.472146992894798,1.104336015201135,defined,-0.04700289783209138,sensitivity_only
id:x%3A0x1.8000000000000p%2B2,20,0.28,1.4292,1.377293007105202,1.104336015201135,defined,0.04700289783209138,sensitivity_only
id:x%3A0x1.8000000000000p%2B2,21,0.294,1.4381599999999999,1.4900669928947978,1.104336015201135,defined,-0.04700289783209138,sensitivity_only
id:x%3A0x1.8000000000000p%2B2,22,0.308,1.44712,1.395213007105202,1.104336015201135,defined,0.04700289783209138,sensitivity_only
id:x%3A0x1.8000000000000p%2B2,23,0.322,1.45608,1.507986992894798,1.104336015201135,defined,-0.04700289783209138,sensitivity_only
id:x%3A0x1.8000000000000p%2B2,24,0.336,1.4650400000000001,1.4131330071052022,1.104336015201135,defined,0.04700289783209138,sensitivity_only
id:x%3A0x1.8000000000000p%2B2,25,0.35,1.474,1.525906992894798,1.104336015201135,defined,-0.04700289783209138,sensitivity_only
id:x%3A0x1.8000000000000p%2B2,26,0.364,1.48296,1.4310530071052021,1.104336015201135,defined,0.04700289783209138,sensitivity_only
id:x%3A0x1.8000000000000p%2B2,27,0.378,1.49192,1.5438269928947979,1.104336015201135,defined,-0.04700289783209138,sensitivity_only
id:x%3A0x1.8000000000000p%2B2,28,0.392,1.50088,1.448973007105202,1.104336015201135,defined,0.04700289783209138,sensitivity_only
id:x%3A0x1.8000000000000p%2B2,29,0.406,1.50984,1.561746992894798,1.104336015201135,defined,-0.04700289783209138,sensitivity_only
id:x%3A0x1.8000000000000p%2B2,30,0.42,1.5188,1.466893007105202,1.104336015201135,defined,0.04700289783209138,sensitivity_only
id:x%3A0x1.8000000000000p%2B2,31,0.434,1.52776,1.579666992894798,1.104336015201135,defined,-0.04700289783209138,sensitivity_only
id:x%3A0x1.8000000000000p%2B2,32,0.448,1.53672,1.4848130071052021,1.104336015201135,defined,0.04700289783209138,sensitivity_only
id:x%3A0x1.8000000000000p%2B2,33,0.462,1.54568,1.5975869928947979,1.104336015201135,defined,-0.04700289783209138,sensitivity_only
id:x%3A0x1.8000000000000p%2B2,34,0.476,1.55464,1.502733007105202,1.104336015201135,defined,0.04700289783209138,sensitivity_only
id:x%3A0x1.8000000000000p%2B2,35,0.49,1.5636,1.615506992894798,1.104336015201135,defined,-0.04700289783209138,sensitivity_only
id:x%3A0x1.8000000000000p%2B2,36,0.504,1.57256,1.5267762346220126,0.9740626108105254,defined,0.04700289783209138,sensitivity_only
id:x%3A0x1.8000000000000p%2B2,37,0.518,1.58152,1.6273037653779874,0.9740626108105254,defined,-0.04700289783209138,sensitivity_only
id:x%3A0x1.8000000000000p%2B2,38,0.532,1.59048,1.5446962346220126,0.9740626108105254,defined,0.04700289783209138,sensitivity_only
id:x%3A0x1.8000000000000p%2B2,39,0.546,1.59944,1.6452237653779873,0.9740626108105254,defined,-0.04700289783209138,sensitivity_only
id:x%3A0x1.8000000000000p%2B2,40,0.56,1.6084,1.5626162346220127,0.9740626108105254,defined,0.04700289783209138,sensitivity_only
id:x%3A0x1.8000000000000p%2B2,41,0.574,1.61736,1.6631437653779872,0.9740626108105254,defined,-0.04700289783209138,sensitivity_only
id:x%3A0x1.8000000000000p%2B2,42,0.588,1.62632,1.5805362346220126,0.9740626108105254,defined,0.04700289783209138,sensitivity_only
id:x%3A0x1.8000000000000p%2B2,43,0.602,1.63528,1.6810637653779874,0.9740626108105254,defined,-0.04700289783209138,sensitivity_only
id:x%3A0x1.8000000000000p%2B2,44,0.616,1.64424,1.5984562346220126,0.9740626108105254,defined,0.04700289783209138,sensitivity_only
id:x%3A0x1.8000000000000p%2B2,45,0.63,1.6532,1.6989837653779873,0.9740626108105254,defined,-0.04700289783209138,sensitivity_only
id:x%3A0x1.8000000000000p%2B2,46,0.644,1.66216,1.6163762346220127,0.9740626108105254,defined,0.04700289783209138,sensitivity_only
id:x%3A0x1.8000000000000p%2B2,47,0.658,1.6711200000000002,1.7169037653779875,0.9740626108105254,defined,-0.04700289783209138,sensitivity_only
id:x%3A0x1.8000000000000p%2B2,48,0.672,1.68008,1.6342962346220127,0.9740626108105254,defined,0.04700289783209138,sensitivity_only
id:x%3A0x1.8000000000000p%2B2,49,0.686,1.68904,1.7348237653779874,0.9740626108105254,defined,-0.04700289783209138,sensitivity_only
id:x%3A0x1.8000000000000p%2B2,50,0.7,1.698,1.6522162346220126,0.9740626108105254,defined,0.04700289783209138,sensitivity_only
id:x%3A0x1.8000000000000p%2B2,51,0.714,1.70696,1.7527437653779874,0.9740626108105254,defined,-0.04700289783209138,sensitivity_only
id:x%3A0x1.8000000000000p%2B2,52,0.728,1.7159200000000001,1.6701362346220128,0.9740626108105254,defined,0.04700289783209138,sensitivity_only
id:x%3A0x1.8000000000000p%2B2,53,0.742,1.72488,1.7706637653779873,0.9740626108105254,defined,-0.04700289783209138,sensitivity_only
id:x%3A0x1.8000000000000p%2B2,54,0.756,1.73384,1.6880562346220127,0.9740626108105254,defined,0.04700289783209138,sensitivity_only
id:x%3A0x1.8000000000000p%2B2,55,0.77,1.7428,1.7885837653779872,0.9740626108105254,defined,-0.04700289783209138,sensitivity_only
id:x%3A0x1.8000000000000p%2B2,56,0.784,1.75176,1.7059762346220126,0.9740626108105254,defined,0.04700289783209138,sensitivity_only
id:x%3A0x1.8000000000000p%2B2,57,0.798,1.76072,1.8065037653779874,0.9740626108105254,defined,-0.04700289783209138,sensitivity_only
id:x%3A0x1.8000000000000p%2B2,58,0.812,1.7696800000000001,1.7238962346220128,0.9740626108105254,defined,0.04700289783209138,sensitivity_only
id:x%3A0x1.8000000000000p%2B2,59,0.826,1.77864,1.8244237653779873,0.9740626108105254,defined,-0.04700289783209138,sensitivity_only
id:x%3A0x1.8000000000000p%2B2,60,0.84,1.7875999999999999,1.7418162346220125,0.9740626108105254,defined,0.04700289783209138,sensitivity_only
id:x%3A0x1.8000000000000p%2B2,61,0.854,1.79656,1.8423437653779873,0.9740626108105254,defined,-0.04700289783209138,sensitivity_only
id:x%3A0x1.8000000000000p%2B2,62,0.868,1.80552,1.7597362346220127,0.9740626108105254,defined,0.04700289783209138,sensitivity_only
id:x%3A0x1.8000000000000p%2B2,63,0.882,1.81448,1.8602637653779874,0.9740626108105254,defined,-0.04700289783209138,sensitivity_only
id:x%3A0x1.8000000000000p%2B2,64,0.896,1.8234400000000002,1.7776562346220128,0.9740626108105254,defined,0.04700289783209138,sensitivity_only
id:x%3A0x1.8000000000000p%2B2,65,0.91,1.8324,1.8781837653779874,0.9740626108105254,defined,-0.04700289783209138,sensitivity_only
id:x%3A0x1.8000000000000p%2B2,66,0.924,1.8413599999999999,1.7955762346220125,0.9740626108105254,defined,0.04700289783209138,sensitivity_only
id:x%3A0x1.8000000000000p%2B2,67,0.938,1.85032,1.8961037653779873,0.9740626108105254,defined,-0.04700289783209138,sensitivity_only
id:x%3A0x1.8000000000000p%2B2,68,0.952,1.85928,1.8134962346220127,0.9740626108105254,defined,0.04700289783209138,sensitivity_only
id:x%3A0x1.8000000000000p%2B2,69,0.966,1.8682400000000001,1.9140237653779875,0.9740626108105254,defined,-0.04700289783209138,sensitivity_only
id:x%3A0x1.8000000000000p%2B2,70,0.98,1.8772,1.8314162346220126,0.9740626108105254,defined,0.04700289783209138,sensitivity_only
id:x%3A0x1.8000000000000p%2B2,71,0.994,1.88616,1.9319437653779874,0.9740626108105254,defined,-0.04700289783209138,sensitivity_only
id:x%3A0x1.8000000000000p%2B2,72,1.0,1.8900000000000001,1.8442162346220128,0.9740626108105254,defined,0.04700289783209138,sensitivity_only
id:x%3A0x1.8000000000000p%2B2,73,1.008,1.89512,1.9409037653779873,0.9740626108105254,defined,-0.04700289783209138,sensitivity_only
id:x%3A0x1.8000000000000p%2B2,74,1.022,1.90408,1.8582962346220127,0.9740626108105254,defined,0.04700289783209138,sensitivity_only
id:x%3A0x1.8000000000000p%2B2,75,1.036,1.91304,1.9588237653779874,0.9740626108105254,defined,-0.04700289783209138,sensitivity_only
id:x%3A0x1.8000000000000p%2B2,76,1.05,1.9220000000000002,1.8762162346220128,0.9740626108105254,defined,0.04700289783209138,sensitivity_only
id:x%3A0x1.8000000000000p%2B2,77,1.064,1.93096,1.9767437653779873,0.9740626108105254,defined,-0.04700289783209138,sensitivity_only
id:x%3A0x1.8000000000000p%2B2,78,1.078,1.93992,1.8941362346220127,0.9740626108105254,defined,0.04700289783209138,sensitivity_only
id:x%3A0x1.8000000000000p%2B2,79,1.092,1.94888,1.9946637653779873,0.9740626108105254,defined,-0.04700289783209138,sensitivity_only
id:x%3A0x1.8000000000000p%2B2,80,1.106,1.95784,1.9120562346220127,0.9740626108105254,defined,0.04700289783209138,sensitivity_only
id:x%3A0x1.8000000000000p%2B2,81,1.12,1.9668,2.0125837653779874,0.9740626108105254,defined,-0.04700289783209138,sensitivity_only
id:x%3A0x1.8000000000000p%2B2,82,1.134,1.97576,1.9299762346220126,0.9740626108105254,defined,0.04700289783209138,sensitivity_only
id:x%3A0x1.8000000000000p%2B2,83,1.148,1.9847199999999998,2.030503765377987,0.9740626108105254,defined,-0.04700289783209138,sensitivity_only
id:x%3A0x1.8000000000000p%2B2,84,1.162,1.99368,1.9478962346220126,0.9740626108105254,defined,0.04700289783209138,sensitivity_only
id:x%3A0x1.8000000000000p%2B2,85,1.176,2.00264,2.0484237653779873,0.9740626108105254,defined,-0.04700289783209138,sensitivity_only
id:x%3A0x1.8000000000000p%2B2,86,1.19,2.0116,1.9658162346220127,0.9740626108105254,defined,0.04700289783209138,sensitivity_only
id:x%3A0x1.8000000000000p%2B2,87,1.204,2.02056,2.0663437653779875,0.9740626108105254,defined,-0.04700289783209138,sensitivity_only
id:x%3A0x1.8000000000000p%2B2,88,1.218,2.0295199999999998,1.9837362346220124,0.9740626108105254,defined,0.04700289783209138,sensitivity_only
id:x%3A0x1.8000000000000p%2B2,89,1.232,2.03848,2.084263765377987,0.9740626108105254,defined,-0.04700289783209138,sensitivity_only
id:x%3A0x1.8000000000000p%2B2,90,1.246,2.04744,2.0016562346220126,0.9740626108105254,defined,0.04700289783209138,sensitivity_only
id:x%3A0x1.8000000000000p%2B2,91,1.26,2.0564,2.1021837653779873,0.9740626108105254,defined,-0.04700289783209138,sensitivity_only
id:x%3A0x1.8000000000000p%2B2,92,1.274,2.06536,2.0195762346220127,0.9740626108105254,defined,0.04700289783209138,sensitivity_only
id:x%3A0x1.8000000000000p%2B2,93,1.288,2.07432,2.1201037653779875,0.9740626108105254,defined,-0.04700289783209138,sensitivity_only
id:x%3A0x1.8000000000000p%2B2,94,1.302,2.0832800000000002,2.037496234622013,0.9740626108105254,defined,0.04700289783209138,sensitivity_only
id:x%3A0x1.8000000000000p%2B2,95,1.316,2.0922400000000003,2.1380237653779877,0.9740626108105254,defined,-0.04700289783209138,sensitivity_only
id:x%3A0x1.8000000000000p%2B2,96,1.33,2.1012,2.0554162346220126,0.9740626108105254,defined,0.04700289783209138,sensitivity_only
id:x%3A0x1.8000000000000p%2B2,97,1.344,2.11016,2.1559437653779874,0.9740626108105254,defined,-0.04700289783209138,sensitivity_only
id:x%3A0x1.8000000000000p%2B2,98,1.358,2.11912,2.0733362346220128,0.9740626108105254,defined,0.04700289783209138,sensitivity_only
id:x%3A0x1.8000000000000p%2B2,99,1.372,2.12808,2.1738637653779875,0.9740626108105254,defined,-0.04700289783209138,sensitivity_only
id:x%3A0x1.8000000000000p%2B2,100,1.386,2.13704,2.0912562346220125,0.9740626108105254,defined,0.04700289783209138,sensitivity_only
id:x%3A0x1.8000000000000p%2B2,101,1.4,2.146,2.1917837653779872,0.9740626108105254,defined,-0.04700289783209138,sensitivity_only
id:x%3A0x1.8000000000000p%2B2,102,1.414,2.15496,2.1091762346220126,0.9740626108105254,defined,0.04700289783209138,sensitivity_only
id:x%3A0x1.8000000000000p%2B2,103,1.428,2.16392,2.2097037653779874,0.9740626108105254,defined,-0.04700289783209138,sensitivity_only
id:x%3A0x1.8000000000000p%2B2,104,1.442,2.17288,2.127096234622013,0.9740626108105254,defined,0.04700289783209138,sensitivity_only
id:x%3A0x1.8000000000000p%2B2,105,1.456,2.1818400000000002,2.2276237653779876,0.9740626108105254,defined,-0.04700289783209138,sensitivity_only
id:x%3A0x1.8000000000000p%2B2,106,1.47,2.1908,2.1450162346220125,0.9740626108105254,defined,0.04700289783209138,sensitivity_only
id:x%3A0x1.8000000000000p%2B2,107,1.484,2.19976,2.2455437653779873,0.9740626108105254,defined,-0.04700289783209138,sensitivity_only
id:x%3A0x1.8000000000000p%2B2,108,1.498,2.20872,2.1629362346220127,0.9740626108105254,defined,0.04700289783209138,sensitivity_only
id:x%3A0x1.8000000000000p%2B2,109,1.512,2.21768,2.2713284612711386,1.1413862494773641,defined,-0.04700289783209138,sensitivity_only
id:x%3A0x1.8000000000000p%2B2,110,1.526,2.22664,2.1729915387288616,1.1413862494773641,defined,0.04700289783209138,sensitivity_only
id:x%3A0x1.8000000000000p%2B2,111,1.54,2.2356,2.2892484612711383,1.1413862494773641,defined,-0.04700289783209138,sensitivity_only
id:x%3A0x1.8000000000000p%2B2,112,1.554,2.24456,2.1909115387288614,1.1413862494773641,defined,0.04700289783209138,sensitivity_only
id:x%3A0x1.8000000000000p%2B2,113,1.568,2.25352,2.3071684612711385,1.1413862494773641,defined,-0.04700289783209138,sensitivity_only
id:x%3A0x1.8000000000000p%2B2,114,1.582,2.26248,2.2088315387288615,1.1413862494773641,defined,0.04700289783209138,sensitivity_only
id:x%3A0x1.8000000000000p%2B2,115,1.596,2.27144,2.3250884612711387,1.1413862494773641,defined,-0.04700289783209138,sensitivity_only
id:x%3A0x1.8000000000000p%2B2,116,1.61,2.2804,2.2267515387288617,1.1413862494773641,defined,0.04700289783209138,sensitivity_only
id:x%3A0x1.8000000000000p%2B2,117,1.624,2.2893600000000003,2.343008461271139,1.1413862494773641,defined,-0.04700289783209138,sensitivity_only
id:x%3A0x1.8000000000000p%2B2,118,1.638,2.29832,2.2446715387288614,1.1413862494773641,defined,0.04700289783209138,sensitivity_only
id:x%3A0x1.8000000000000p%2B2,119,1.652,2.30728,2.3609284612711385,1.1413862494773641,defined,-0.04700289783209138,sensitivity_only
id:x%3A0x1.8000000000000p%2B2,120,1.666,2.31624,2.2625915387288615,1.1413862494773641,defined,0.04700289783209138,sensitivity_only
id:x%3A0x1.8000000000000p%2B2,121,1.68,2.3251999999999997,2.3788484612711382,1.1413862494773641,defined,-0.04700289783209138,sensitivity_only
id:x%3A0x1.8000000000000p%2B2,122,1.694,2.33416,2.2805115387288613,1.1413862494773641,defined,0.04700289783209138,sensitivity_only
id:x%3A0x1.8000000000000p%2B2,123,1.708,2.34312,2.3967684612711384,1.1413862494773641,defined,-0.04700289783209138,sensitivity_only
id:x%3A0x1.8000000000000p%2B2,124,1.722,2.35208,2.2984315387288614,1.1413862494773641,defined,0.04700289783209138,sensitivity_only
id:x%3A0x1.8000000000000p%2B2,125,1.736,2.36104,2.4146884612711386,1.1413862494773641,defined,-0.04700289783209138,sensitivity_only
id:x%3A0x1.8000000000000p%2B2,126,1.75,2.37,2.3163515387288616,1.1413862494773641,defined,0.04700289783209138,sensitivity_only
id:x%3A0x1.8000000000000p%2B2,127,1.764,2.37896,2.4326084612711387,1.1413862494773641,defined,-0.04700289783209138,sensitivity_only
id:x%3A0x1.8000000000000p%2B2,128,1.778,2.3879200000000003,2.3342715387288617,1.1413862494773641,defined,0.04700289783209138,sensitivity_only
id:x%3A0x1.8000000000000p%2B2,129,1.792,2.3968800000000003,2.450528461271139,1.1413862494773641,defined,-0.04700289783209138,sensitivity_only
id:x%3A0x1.8000000000000p%2B2,130,1.806,2.40584,2.3521915387288614,1.1413862494773641,defined,0.04700289783209138,sensitivity_only
id:x%3A0x1.8000000000000p%2B2,131,1.82,2.4148,2.4684484612711386,1.1413862494773641,defined,-0.04700289783209138,sensitivity_only
id:x%3A0x1.8000000000000p%2B2,132,1.834,2.42376,2.3701115387288616,1.1413862494773641,defined,0.04700289783209138,sensitivity_only
id:x%3A0x1.8000000000000p%2B2,133,1.848,2.4327199999999998,2.4863684612711383,1.1413862494773641,defined,-0.04700289783209138,sensitivity_only
id:x%3A0x1.8000000000000p%2B2,134,1.862,2.44168,2.3880315387288613,1.1413862494773641,defined,0.04700289783209138,sensitivity_only
id:x%3A0x1.8000000000000p%2B2,135,1.876,2.45064,2.5042884612711385,1.1413862494773641,defined,-0.04700289783209138,sensitivity_only
id:x%3A0x1.8000000000000p%2B2,136,1.89,2.4596,2.4059515387288615,1.1413862494773641,defined,0.04700289783209138,sensitivity_only
id:x%3A0x1.8000000000000p%2B2,137,1.904,2.46856,2.5222084612711386,1.1413862494773641,defined,-0.04700289783209138,sensitivity_only
id:x%3A0x1.8000000000000p%2B2,138,1.918,2.47752,2.4238715387288616,1.1413862494773641,defined,0.04700289783209138,sensitivity_only
id:x%3A0x1.8000000000000p%2B2,139,1.932,2.4864800000000002,2.540128461271139,1.1413862494773641,defined,-0.04700289783209138,sensitivity_only
id:x%3A0x1.8000000000000p%2B2,140,1.946,2.4954400000000003,2.441791538728862,1.1413862494773641,defined,0.04700289783209138,sensitivity_only
id:x%3A0x1.8000000000000p%2B2,141,1.96,2.5044,2.5580484612711385,1.1413862494773641,defined,-0.04700289783209138,sensitivity_only
id:x%3A0x1.8000000000000p%2B2,142,1.974,2.51336,2.4597115387288615,1.1413862494773641,defined,0.04700289783209138,sensitivity_only
id:x%3A0x1.8000000000000p%2B2,143,1.988,2.52232,2.5759684612711387,1.1413862494773641,defined,-0.04700289783209138,sensitivity_only
id:x%3A0x1.8000000000000p%2B2,144,2.0,2.5300000000000002,2.4763515387288617,1.1413862494773641,defined,0.04700289783209138,sensitivity_only
id:x%3A0x1.8000000000000p%2B2,145,2.002,2.5312799999999998,2.5849284612711383,1.1413862494773641,defined,-0.04700289783209138,sensitivity_only
id:x%3A0x1.8000000000000p%2B2,146,2.016,2.54024,2.4865915387288613,1.1413862494773641,defined,0.04700289783209138,sensitivity_only
id:x%3A0x1.8000000000000p%2B2,147,2.03,2.5492,2.6028484612711384,1.1413862494773641,defined,-0.04700289783209138,sensitivity_only
id:x%3A0x1.8000000000000p%2B2,148,2.044,2.55816,2.5045115387288615,1.1413862494773641,defined,0.04700289783209138,sensitivity_only
id:x%3A0x1.8000000000000p%2B2,149,2.058,2.56712,2.6207684612711386,1.1413862494773641,defined,-0.04700289783209138,sensitivity_only
id:x%3A0x1.8000000000000p%2B2,150,2.072,2.57608,2.5224315387288616,1.1413862494773641,defined,0.04700289783209138,sensitivity_only
id:x%3A0x1.8000000000000p%2B2,151,2.086,2.5850400000000002,2.6386884612711388,1.1413862494773641,defined,-0.04700289783209138,sensitivity_only
id:x%3A0x1.8000000000000p%2B2,152,2.1,2.5940000000000003,2.5403515387288618,1.1413862494773641,defined,0.04700289783209138,sensitivity_only
id:x%3A0x1.8000000000000p%2B2,153,2.114,2.60296,2.6566084612711385,1.1413862494773641,defined,-0.04700289783209138,sensitivity_only
id:x%3A0x1.8000000000000p%2B2,154,2.128,2.61192,2.5582715387288615,1.1413862494773641,defined,0.04700289783209138,sensitivity_only
id:x%3A0x1.8000000000000p%2B2,155,2.142,2.6208799999999997,2.674528461271138,1.1413862494773641,defined,-0.04700289783209138,sensitivity_only
id:x%3A0x1.8000000000000p%2B2,156,2.156,2.62984,2.5761915387288616,1.1413862494773641,defined,0.04700289783209138,sensitivity_only
id:x%3A0x1.8000000000000p%2B2,157,2.17,2.6388,2.6924484612711383,1.1413862494773641,defined,-0.04700289783209138,sensitivity_only
id:x%3A0x1.8000000000000p%2B2,158,2.184,2.64776,2.5941115387288614,1.1413862494773641,defined,0.04700289783209138,sensitivity_only
id:x%3A0x1.8000000000000p%2B2,159,2.198,2.65672,2.7103684612711385,1.1413862494773641,defined,-0.04700289783209138,sensitivity_only
id:x%3A0x1.8000000000000p%2B2,160,2.212,2.66568,2.6120315387288615,1.1413862494773641,defined,0.04700289783209138,sensitivity_only
id:x%3A0x1.8000000000000p%2B2,161,2.226,2.67464,2.7282884612711387,1.1413862494773641,defined,-0.04700289783209138,sensitivity_only
id:x%3A0x1.8000000000000p%2B2,162,2.24,2.6836,2.6299515387288617,1.1413862494773641,defined,0.04700289783209138,sensitivity_only
id:x%3A0x1.8000000000000p%2B2,163,2.254,2.6925600000000003,2.746208461271139,1.1413862494773641,defined,-0.04700289783209138,sensitivity_only
id:x%3A0x1.8000000000000p%2B2,164,2.268,2.70152,2.6478715387288614,1.1413862494773641,defined,0.04700289783209138,sensitivity_only
id:x%3A0x1.8000000000000p%2B2,165,2.282,2.71048,2.7641284612711385,1.1413862494773641,defined,-0.04700289783209138,sensitivity_only
id:x%3A0x1.8000000000000p%2B2,166,2.296,2.7194399999999996,2.665791538728861,1.1413862494773641,defined,0.04700289783209138,sensitivity_only
id:x%3A0x1.8000000000000p%2B2,167,2.31,2.7284,2.7820484612711387,1.1413862494773641,defined,-0.04700289783209138,sensitivity_only
id:x%3A0x1.8000000000000p%2B2,168,2.324,2.73736,2.6837115387288613,1.1413862494773641,defined,0.04700289783209138,sensitivity_only
id:x%3A0x1.8000000000000p%2B2,169,2.338,2.74632,2.7999684612711384,1.1413862494773641,defined,-0.04700289783209138,sensitivity_only
id:x%3A0x1.8000000000000p%2B2,170,2.352,2.75528,2.7016315387288614,1.1413862494773641,defined,0.04700289783209138,sensitivity_only
id:x%3A0x1.8000000000000p%2B2,171,2.366,2.76424,2.8178884612711386,1.1413862494773641,defined,-0.04700289783209138,sensitivity_only
id:x%3A0x1.8000000000000p%2B2,172,2.38,2.7732,2.7195515387288616,1.1413862494773641,defined,0.04700289783209138,sensitivity_only
id:x%3A0x1.8000000000000p%2B2,173,2.394,2.78216,2.8358084612711387,1.1413862494773641,defined,-0.04700289783209138,sensitivity_only
id:x%3A0x1.8000000000000p%2B2,174,2.408,2.7911200000000003,2.7374715387288617,1.1413862494773641,defined,0.04700289783209138,sensitivity_only
id:x%3A0x1.8000000000000p%2B2,175,2.422,2.8000800000000003,2.853728461271139,1.1413862494773641,defined,-0.04700289783209138,sensitivity_only
id:x%3A0x1.8000000000000p%2B2,176,2.436,2.80904,2.7553915387288614,1.1413862494773641,defined,0.04700289783209138,sensitivity_only
id:x%3A0x1.8000000000000p%2B2,177,2.45,2.818,2.8716484612711386,1.1413862494773641,defined,-0.04700289783209138,sensitivity_only
id:x%3A0x1.8000000000000p%2B2,178,2.464,2.8269599999999997,2.773311538728861,1.1413862494773641,defined,0.04700289783209138,sensitivity_only
id:x%3A0x1.8000000000000p%2B2,179,2.478,2.83592,2.8895684612711388,1.1413862494773641,defined,-0.04700289783209138,sensitivity_only
id:x%3A0x1.8000000000000p%2B2,180,2.492,2.84488,2.7912315387288613,1.1413862494773641,defined,0.04700289783209138,sensitivity_only
id:x%3A0x1.8000000000000p%2B2,181,2.506,2.85384,2.9152283242169617,1.3060540317377747,defined,-0.04700289783209138,sensitivity_only
id:x%3A0x1.8000000000000p%2B2,182,2.52,2.8628,2.8014116757830383,1.3060540317377747,defined,0.04700289783209138,sensitivity_only
id:x%3A0x1.8000000000000p%2B2,183,2.534,2.87176,2.933148324216962,1.3060540317377747,defined,-0.04700289783209138,sensitivity_only
id:x%3A0x1.8000000000000p%2B2,184,2.548,2.88072,2.8193316757830384,1.3060540317377747,defined,0.04700289783209138,sensitivity_only
id:x%3A0x1.8000000000000p%2B2,185,2.562,2.8896800000000002,2.951068324216962,1.3060540317377747,defined,-0.04700289783209138,sensitivity_only
id:x%3A0x1.8000000000000p%2B2,186,2.576,2.8986400000000003,2.8372516757830386,1.3060540317377747,defined,0.04700289783209138,sensitivity_only
id:x%3A0x1.8000000000000p%2B2,187,2.59,2.9076,2.9689883242169617,1.3060540317377747,defined,-0.04700289783209138,sensitivity_only
id:x%3A0x1.8000000000000p%2B2,188,2.604,2.91656,2.8551716757830383,1.3060540317377747,defined,0.04700289783209138,sensitivity_only
id:x%3A0x1.8000000000000p%2B2,189,2.618,2.9255199999999997,2.9869083242169614,1.3060540317377747,defined,-0.04700289783209138,sensitivity_only
id:x%3A0x1.8000000000000p%2B2,190,2.632,2.93448,2.8730916757830385,1.3060540317377747,defined,0.04700289783209138,sensitivity_only
id:x%3A0x1.8000000000000p%2B2,191,2.646,2.94344,3.0048283242169616,1.3060540317377747,defined,-0.04700289783209138,sensitivity_only
id:x%3A0x1.8000000000000p%2B2,192,2.66,2.9524,2.891011675783038,1.3060540317377747,defined,0.04700289783209138,sensitivity_only
id:x%3A0x1.8000000000000p%2B2,193,2.674,2.96136,3.0227483242169617,1.3060540317377747,defined,-0.04700289783209138,sensitivity_only
id:x%3A0x1.8000000000000p%2B2,194,2.688,2.97032,2.9089316757830384,1.3060540317377747,defined,0.04700289783209138,sensitivity_only
id:x%3A0x1.8000000000000p%2B2,195,2.702,2.97928,3.040668324216962,1.3060540317377747,defined,-0.04700289783209138,sensitivity_only
id:x%3A0x1.8000000000000p%2B2,196,2.716,2.9882400000000002,2.9268516757830385,1.3060540317377747,defined,0.04700289783209138,sensitivity_only
id:x%3A0x1.8000000000000p%2B2,197,2.73,2.9972000000000003,3.058588324216962,1.3060540317377747,defined,-0.04700289783209138,sensitivity_only
id:x%3A0x1.8000000000000p%2B2,198,2.744,3.0061600000000004,2.9447716757830387,1.3060540317377747,defined,0.04700289783209138,sensitivity_only
id:x%3A0x1.8000000000000p%2B2,199,2.758,3.01512,3.0765083242169617,1.3060540317377747,defined,-0.04700289783209138,sensitivity_only
id:x%3A0x1.8000000000000p%2B2,200,2.772,3.0240799999999997,2.962691675783038,1.3060540317377747,defined,0.04700289783209138,sensitivity_only
id:x%3A0x1.8000000000000p%2B2,201,2.786,3.0330399999999997,3.0944283242169615,1.3060540317377747,defined,-0.04700289783209138,sensitivity_only
id:x%3A0x1.8000000000000p%2B2,202,2.8,3.042,2.980611675783038,1.3060540317377747,defined,0.04700289783209138,sensitivity_only
id:x%3A0x1.8000000000000p%2B2,203,2.814,3.05096,3.1123483242169616,1.3060540317377747,defined,-0.04700289783209138,sensitivity_only
id:x%3A0x1.8000000000000p%2B2,204,2.828,3.05992,2.9985316757830383,1.3060540317377747,defined,0.04700289783209138,sensitivity_only
id:x%3A0x1.8000000000000p%2B2,205,2.842,3.06888,3.1302683242169618,1.3060540317377747,defined,-0.04700289783209138,sensitivity_only
id:x%3A0x1.8000000000000p%2B2,206,2.856,3.07784,3.0164516757830384,1.3060540317377747,defined,0.04700289783209138,sensitivity_only
id:x%3A0x1.8000000000000p%2B2,207,2.87,3.0868,3.148188324216962,1.3060540317377747,defined,-0.04700289783209138,sensitivity_only
id:x%3A0x1.8000000000000p%2B2,208,2.884,3.0957600000000003,3.0343716757830386,1.3060540317377747,defined,0.04700289783209138,sensitivity_only
id:x%3A0x1.8000000000000p%2B2,209,2.898,3.1047200000000004,3.166108324216962,1.3060540317377747,defined,-0.04700289783209138,sensitivity_only
id:x%3A0x1.8000000000000p%2B2,210,2.912,3.11368,3.0522916757830383,1.3060540317377747,defined,0.04700289783209138,sensitivity_only
id:x%3A0x1.8000000000000p%2B2,211,2.926,3.12264,3.184028324216962,1.3060540317377747,defined,-0.04700289783209138,sensitivity_only
id:x%3A0x1.8000000000000p%2B2,212,2.94,3.1315999999999997,3.070211675783038,1.3060540317377747,defined,0.04700289783209138,sensitivity_only
id:x%3A0x1.8000000000000p%2B2,213,2.954,3.1405600000000002,3.201948324216962,1.3060540317377747,defined,-0.04700289783209138,sensitivity_only
id:x%3A0x1.8000000000000p%2B2,214,2.968,3.14952,3.088131675783038,1.3060540317377747,defined,0.04700289783209138,sensitivity_only
id:x%3A0x1.8000000000000p%2B2,215,2.982,3.15848,3.2198683242169617,1.3060540317377747,defined,-0.04700289783209138,sensitivity_only
id:x%3A0x1.8000000000000p%2B2,216,2.996,3.16744,3.1060516757830383,1.3060540317377747,defined,0.04700289783209138,sensitivity_only
id:x%3A0x1.8000000000000p%2B2,217,3.0,3.17,3.2313883242169616,1.3060540317377747,defined,-0.04700289783209138,sensitivity_only
id:x%3A0x1.8000000000000p%2B2,218,3.01,3.1764,3.1150116757830384,1.3060540317377747,defined,0.04700289783209138,sensitivity_only
id:x%3A0x1.8000000000000p%2B2,219,3.024,3.18536,3.246748324216962,1.3060540317377747,defined,-0.04700289783209138,sensitivity_only
id:x%3A0x1.8000000000000p%2B2,220,3.038,3.19432,3.132931675783038,1.3060540317377747,defined,0.04700289783209138,sensitivity_only
id:x%3A0x1.8000000000000p%2B2,221,3.052,3.2032800000000003,3.264668324216962,1.3060540317377747,defined,-0.04700289783209138,sensitivity_only
id:x%3A0x1.8000000000000p%2B2,222,3.066,3.21224,3.1508516757830383,1.3060540317377747,defined,0.04700289783209138,sensitivity_only
id:x%3A0x1.8000000000000p%2B2,223,3.08,3.2212,3.282588324216962,1.3060540317377747,defined,-0.04700289783209138,sensitivity_only
id:x%3A0x1.8000000000000p%2B2,224,3.094,3.2301599999999997,3.168771675783038,1.3060540317377747,defined,0.04700289783209138,sensitivity_only
id:x%3A0x1.8000000000000p%2B2,225,3.108,3.2391199999999998,3.3005083242169615,1.3060540317377747,defined,-0.04700289783209138,sensitivity_only
id:x%3A0x1.8000000000000p%2B2,226,3.122,3.24808,3.186691675783038,1.3060540317377747,defined,0.04700289783209138,sensitivity_only
id:x%3A0x1.8000000000000p%2B2,227,3.136,3.25704,3.3184283242169617,1.3060540317377747,defined,-0.04700289783209138,sensitivity_only
id:x%3A0x1.8000000000000p%2B2,228,3.15,3.266,3.2046116757830383,1.3060540317377747,defined,0.04700289783209138,sensitivity_only
id:x%3A0x1.8000000000000p%2B2,229,3.164,3.27496,3.336348324216962,1.3060540317377747,defined,-0.04700289783209138,sensitivity_only
id:x%3A0x1.8000000000000p%2B2,230,3.178,3.28392,3.2225316757830385,1.3060540317377747,defined,0.04700289783209138,sensitivity_only
id:x%3A0x1.8000000000000p%2B2,231,3.192,3.2928800000000003,3.354268324216962,1.3060540317377747,defined,-0.04700289783209138,sensitivity_only
id:x%3A0x1.8000000000000p%2B2,232,3.206,3.30184,3.240451675783038,1.3060540317377747,defined,0.04700289783209138,sensitivity_only
id:x%3A0x1.8000000000000p%2B2,233,3.22,3.3108,3.3721883242169617,1.3060540317377747,defined,-0.04700289783209138,sensitivity_only
id:x%3A0x1.8000000000000p%2B2,234,3.234,3.31976,3.2583716757830383,1.3060540317377747,defined,0.04700289783209138,sensitivity_only
id:x%3A0x1.8000000000000p%2B2,235,3.248,3.32872,3.390108324216962,1.3060540317377747,defined,-0.04700289783209138,sensitivity_only
id:x%3A0x1.8000000000000p%2B2,236,3.262,3.33768,3.2762916757830385,1.3060540317377747,defined,0.04700289783209138,sensitivity_only
id:x%3A0x1.8000000000000p%2B2,237,3.276,3.34664,3.4080283242169616,1.3060540317377747,defined,-0.04700289783209138,sensitivity_only
id:x%3A0x1.8000000000000p%2B2,238,3.29,3.3556,3.294211675783038,1.3060540317377747,defined,0.04700289783209138,sensitivity_only
id:x%3A0x1.8000000000000p%2B2,239,3.304,3.36456,3.4259483242169617,1.3060540317377747,defined,-0.04700289783209138,sensitivity_only
id:x%3A0x1.8000000000000p%2B2,240,3.318,3.37352,3.3121316757830384,1.3060540317377747,defined,0.04700289783209138,sensitivity_only
id:x%3A0x1.8000000000000p%2B2,241,3.332,3.38248,3.443868324216962,1.3060540317377747,defined,-0.04700289783209138,sensitivity_only
id:x%3A0x1.8000000000000p%2B2,242,3.346,3.3914400000000002,3.3300516757830385,1.3060540317377747,defined,0.04700289783209138,sensitivity_only
id:x%3A0x1.8000000000000p%2B2,243,3.36,3.4004,3.4617883242169616,1.3060540317377747,defined,-0.04700289783209138,sensitivity_only
id:x%3A0x1.8000000000000p%2B2,244,3.374,3.40936,3.3479716757830382,1.3060540317377747,defined,0.04700289783209138,sensitivity_only
id:x%3A0x1.8000000000000p%2B2,245,3.388,3.41832,3.4797083242169617,1.3060540317377747,defined,-0.04700289783209138,sensitivity_only
id:x%3A0x1.8000000000000p%2B2,246,3.402,3.42728,3.3658916757830384,1.3060540317377747,defined,0.04700289783209138,sensitivity_only
id:x%3A0x1.8000000000000p%2B2,247,3.416,3.43624,3.497628324216962,1.3060540317377747,defined,-0.04700289783209138,sensitivity_only
id:x%3A0x1.8000000000000p%2B2,248,3.43,3.4452000000000003,3.3838116757830385,1.3060540317377747,defined,0.04700289783209138,sensitivity_only
id:x%3A0x1.8000000000000p%2B2,249,3.444,3.45416,3.5155483242169616,1.3060540317377747,defined,-0.04700289783209138,sensitivity_only
id:x%3A0x1.8000000000000p%2B2,250,3.458,3.46312,3.4017316757830383,1.3060540317377747,defined,0.04700289783209138,sensitivity_only
id:x%3A0x1.8000000000000p%2B2,251,3.472,3.47208,3.5334683242169618,1.3060540317377747,defined,-0.04700289783209138,sensitivity_only
id:x%3A0x1.8000000000000p%2B2,252,3.486,3.48104,3.4196516757830384,1.3060540317377747,defined,0.04700289783209138,sensitivity_only
id:x%3A0x1.8000000000000p%2B2,253,3.5,3.49,3.551388324216962,1.3060540317377747,defined,-0.04700289783209138,sensitivity_only
id:x%3A0x1.8000000000000p%2B2,254,3.514,3.49896,3.447053007105202,1.104336015201135,defined,0.04700289783209138,sensitivity_only
id:x%3A0x1.8000000000000p%2B2,255,3.528,3.50792,3.5598269928947976,1.104336015201135,defined,-0.04700289783209138,sensitivity_only
id:x%3A0x1.8000000000000p%2B2,256,3.542,3.51688,3.4649730071052023,1.104336015201135,defined,0.04700289783209138,sensitivity_only
id:x%3A0x1.8000000000000p%2B2,257,3.556,3.52584,3.577746992894798,1.104336015201135,defined,-0.04700289783209138,sensitivity_only
id:x%3A0x1.8000000000000p%2B2,258,3.57,3.5348,3.4828930071052024,1.104336015201135,defined,0.04700289783209138,sensitivity_only
id:x%3A0x1.8000000000000p%2B2,259,3.584,3.5437600000000002,3.595666992894798,1.104336015201135,defined,-0.04700289783209138,sensitivity_only
id:x%3A0x1.8000000000000p%2B2,260,3.598,3.55272,3.500813007105202,1.104336015201135,defined,0.04700289783209138,sensitivity_only
id:x%3A0x1.8000000000000p%2B2,261,3.612,3.56168,3.6135869928947977,1.104336015201135,defined,-0.04700289783209138,sensitivity_only
id:x%3A0x1.8000000000000p%2B2,262,3.626,3.57064,3.5187330071052023,1.104336015201135,defined,0.04700289783209138,sensitivity_only
id:x%3A0x1.8000000000000p%2B2,263,3.64,3.5796,3.631506992894798,1.104336015201135,defined,-0.04700289783209138,sensitivity_only
id:x%3A0x1.8000000000000p%2B2,264,3.654,3.58856,3.5366530071052025,1.104336015201135,defined,0.04700289783209138,sensitivity_only
id:x%3A0x1.8000000000000p%2B2,265,3.668,3.5975200000000003,3.649426992894798,1.104336015201135,defined,-0.04700289783209138,sensitivity_only
id:x%3A0x1.8000000000000p%2B2,266,3.682,3.60648,3.554573007105202,1.104336015201135,defined,0.04700289783209138,sensitivity_only
id:x%3A0x1.8000000000000p%2B2,267,3.696,3.61544,3.6673469928947977,1.104336015201135,defined,-0.04700289783209138,sensitivity_only
id:x%3A0x1.8000000000000p%2B2,268,3.71,3.6244,3.5724930071052023,1.104336015201135,defined,0.04700289783209138,sensitivity_only
id:x%3A0x1.8000000000000p%2B2,269,3.724,3.63336,3.685266992894798,1.104336015201135,defined,-0.04700289783209138,sensitivity_only
id:x%3A0x1.8000000000000p%2B2,270,3.738,3.6423200000000002,3.5904130071052025,1.104336015201135,defined,0.04700289783209138,sensitivity_only
id:x%3A0x1.8000000000000p%2B2,271,3.752,3.65128,3.7031869928947976,1.104336015201135,defined,-0.04700289783209138,sensitivity_only
id:x%3A0x1.8000000000000p%2B2,272,3.766,3.66024,3.608333007105202,1.104336015201135,defined,0.04700289783209138,sensitivity_only
id:x%3A0x1.8000000000000p%2B2,273,3.78,3.6692,3.7211069928947977,1.104336015201135,defined,-0.04700289783209138,sensitivity_only
id:x%3A0x1.8000000000000p%2B2,274,3.794,3.67816,3.6262530071052024,1.104336015201135,defined,0.04700289783209138,sensitivity_only
id:x%3A0x1.8000000000000p%2B2,275,3.808,3.6871199999999997,3.7390269928947975,1.104336015201135,defined,-0.04700289783209138,sensitivity_only
id:x%3A0x1.8000000000000p%2B2,276,3.822,3.6960800000000003,3.6441730071052025,1.104336015201135,defined,0.04700289783209138,sensitivity_only
id:x%3A0x1.8000000000000p%2B2,277,3.836,3.70504,3.7569469928947976,1.104336015201135,defined,-0.04700289783209138,sensitivity_only
id:x%3A0x1.8000000000000p%2B2,278,3.85,3.714,3.6620930071052022,1.104336015201135,defined,0.04700289783209138,sensitivity_only
id:x%3A0x1.8000000000000p%2B2,279,3.864,3.72296,3.7748669928947978,1.104336015201135,defined,-0.04700289783209138,sensitivity_only
id:x%3A0x1.8000000000000p%2B2,280,3.878,3.73192,3.6800130071052024,1.104336015201135,defined,0.04700289783209138,sensitivity_only
id:x%3A0x1.8000000000000p%2B2,281,3.892,3.74088,3.792786992894798,1.104336015201135,defined,-0.04700289783209138,sensitivity_only
id:x%3A0x1.8000000000000p%2B2,282,3.906,3.7498400000000003,3.6979330071052026,1.104336015201135,defined,0.04700289783209138,sensitivity_only
id:x%3A0x1.8000000000000p%2B2,283,3.92,3.7588,3.8107069928947976,1.104336015201135,defined,-0.04700289783209138,sensitivity_only
id:x%3A0x1.8000000000000p%2B2,284,3.934,3.76776,3.7158530071052023,1.104336015201135,defined,0.04700289783209138,sensitivity_only
id:x%3A0x1.8000000000000p%2B2,285,3.948,3.77672,3.828626992894798,1.104336015201135,defined,-0.04700289783209138,sensitivity_only
id:x%3A0x1.8000000000000p%2B2,286,3.962,3.78568,3.7337730071052024,1.104336015201135,defined,0.04700289783209138,sensitivity_only
id:x%3A0x1.8000000000000p%2B2,287,3.976,3.7946400000000002,3.846546992894798,1.104336015201135,defined,-0.04700289783209138,sensitivity_only
id:x%3A0x1.8000000000000p%2B2,288,3.99,3.8036000000000003,3.7516930071052026,1.104336015201135,defined,0.04700289783209138,sensitivity_only
id:x%3A0x1.8000000000000p%2B2,289,4.0,3.81,3.8619069928947978,1.104336015201135,defined,-0.04700289783209138,sensitivity_only
id:x%3A0x1.8000000000000p%2B2,290,4.004,3.81256,3.7606530071052022,1.104336015201135,defined,0.04700289783209138,sensitivity_only
id:x%3A0x1.8000000000000p%2B2,291,4.018,3.82152,3.8734269928947977,1.104336015201135,defined,-0.04700289783209138,sensitivity_only
id:x%3A0x1.8000000000000p%2B2,292,4.032,3.83048,3.7785730071052024,1.104336015201135,defined,0.04700289783209138,sensitivity_only
id:x%3A0x1.8000000000000p%2B2,293,4.046,3.83944,3.891346992894798,1.104336015201135,defined,-0.04700289783209138,sensitivity_only
id:x%3A0x1.8000000000000p%2B2,294,4.06,3.8484,3.796493007105202,1.104336015201135,defined,0.04700289783209138,sensitivity_only
id:x%3A0x1.8000000000000p%2B2,295,4.074,3.85736,3.9092669928947976,1.104336015201135,defined,-0.04700289783209138,sensitivity_only
id:x%3A0x1.8000000000000p%2B2,296,4.088,3.86632,3.8144130071052023,1.104336015201135,defined,0.04700289783209138,sensitivity_only
id:x%3A0x1.8000000000000p%2B2,297,4.102,3.87528,3.927186992894798,1.104336015201135,defined,-0.04700289783209138,sensitivity_only
id:x%3A0x1.8000000000000p%2B2,298,4.116,3.8842399999999997,3.832333007105202,1.104336015201135,defined,0.04700289783209138,sensitivity_only
id:x%3A0x1.8000000000000p%2B2,299,4.13,3.8931999999999998,3.9451069928947975,1.104336015201135,defined,-0.04700289783209138,sensitivity_only
id:x%3A0x1.8000000000000p%2B2,300,4.144,3.9021600000000003,3.8502530071052026,1.104336015201135,defined,0.04700289783209138,sensitivity_only
id:x%3A0x1.8000000000000p%2B2,301,4.158,3.9111200000000004,3.963026992894798,1.104336015201135,defined,-0.04700289783209138,sensitivity_only
id:x%3A0x1.8000000000000p%2B2,302,4.172,3.92008,3.8681730071052023,1.104336015201135,defined,0.04700289783209138,sensitivity_only
id:x%3A0x1.8000000000000p%2B2,303,4.186,3.92904,3.980946992894798,1.104336015201135,defined,-0.04700289783209138,sensitivity_only
id:x%3A0x1.8000000000000p%2B2,304,4.2,3.938,3.8860930071052024,1.104336015201135,defined,0.04700289783209138,sensitivity_only
id:x%3A0x1.8000000000000p%2B2,305,4.214,3.9469600000000002,3.998866992894798,1.104336015201135,defined,-0.04700289783209138,sensitivity_only
id:x%3A0x1.8000000000000p%2B2,306,4.228,3.95592,3.904013007105202,1.104336015201135,defined,0.04700289783209138,sensitivity_only
id:x%3A0x1.8000000000000p%2B2,307,4.242,3.96488,4.016786992894798,1.104336015201135,defined,-0.04700289783209138,sensitivity_only
id:x%3A0x1.8000000000000p%2B2,308,4.256,3.97384,3.9219330071052023,1.104336015201135,defined,0.04700289783209138,sensitivity_only
id:x%3A0x1.8000000000000p%2B2,309,4.27,3.9827999999999997,4.034706992894797,1.104336015201135,defined,-0.04700289783209138,sensitivity_only
id:x%3A0x1.8000000000000p%2B2,310,4.284,3.9917599999999998,3.939853007105202,1.104336015201135,defined,0.04700289783209138,sensitivity_only
id:x%3A0x1.8000000000000p%2B2,311,4.298,4.00072,4.052626992894798,1.104336015201135,defined,-0.04700289783209138,sensitivity_only
id:x%3A0x1.8000000000000p%2B2,312,4.312,4.00968,3.9577730071052026,1.104336015201135,defined,0.04700289783209138,sensitivity_only
id:x%3A0x1.8000000000000p%2B2,313,4.326,4.0186399999999995,4.070546992894798,1.104336015201135,defined,-0.04700289783209138,sensitivity_only
id:x%3A0x1.8000000000000p%2B2,314,4.34,4.0276,3.975693007105202,1.104336015201135,defined,0.04700289783209138,sensitivity_only
id:x%3A0x1.8000000000000p%2B2,315,4.354,4.03656,4.088466992894798,1.104336015201135,defined,-0.04700289783209138,sensitivity_only
id:x%3A0x1.8000000000000p%2B2,316,4.368,4.04552,3.993613007105202,1.104336015201135,defined,0.04700289783209138,sensitivity_only
id:x%3A0x1.8000000000000p%2B2,317,4.382,4.05448,4.106386992894798,1.104336015201135,defined,-0.04700289783209138,sensitivity_only
id:x%3A0x1.8000000000000p%2B2,318,4.396,4.06344,4.011533007105202,1.104336015201135,defined,0.04700289783209138,sensitivity_only
id:x%3A0x1.8000000000000p%2B2,319,4.41,4.0724,4.124306992894798,1.104336015201135,defined,-0.04700289783209138,sensitivity_only
id:x%3A0x1.8000000000000p%2B2,320,4.424,4.08136,4.029453007105202,1.104336015201135,defined,0.04700289783209138,sensitivity_only
id:x%3A0x1.8000000000000p%2B2,321,4.438,4.09032,4.142226992894798,1.104336015201135,defined,-0.04700289783209138,sensitivity_only
id:x%3A0x1.8000000000000p%2B2,322,4.452,4.09928,4.047373007105202,1.104336015201135,defined,0.04700289783209138,sensitivity_only
id:x%3A0x1.8000000000000p%2B2,323,4.466,4.10824,4.1601469928947985,1.104336015201135,defined,-0.04700289783209138,sensitivity_only
id:x%3A0x1.8000000000000p%2B2,324,4.48,4.1172,4.065293007105202,1.104336015201135,defined,0.04700289783209138,sensitivity_only
id:x%3A0x1.8000000000000p%2B2,325,4.494,4.1261600000000005,4.178066992894799,1.104336015201135,defined,-0.04700289783209138,sensitivity_only
id:x%3A0x1.8000000000000p%2B2,326,4.508,4.135120000000001,4.083213007105202,1.1043360152011354,defined,0.04700289783209138,sensitivity_only
id:x%3A0x1.8000000000000p%2B2,327,4.522,4.144080000000001,4.195986992894799,1.1043360152011354,defined,-0.04700289783209138,sensitivity_only
id:x%3A0x1.8000000000000p%2B2,328,4.536,4.15304,4.101133007105202,1.1043360152011354,defined,0.04700289783209138,sensitivity_only
id:x%3A0x1.8000000000000p%2B2,329,4.55,4.162,4.213906992894798,1.1043360152011354,defined,-0.04700289783209138,sensitivity_only
id:x%3A0x1.8000000000000p%2B2,330,4.564,4.17096,4.119053007105202,1.1043360152011354,defined,0.04700289783209138,sensitivity_only
id:x%3A0x1.8000000000000p%2B2,331,4.578,4.17992,4.231826992894798,1.1043360152011354,defined,-0.04700289783209138,sensitivity_only
id:x%3A0x1.8000000000000p%2B2,332,4.592,4.188879999999999,4.136973007105201,1.1043360152011354,defined,0.04700289783209138,sensitivity_only
id:x%3A0x1.8000000000000p%2B2,333,4.606,4.197839999999999,4.2497469928947975,1.1043360152011354,defined,-0.04700289783209138,sensitivity_only
id:x%3A0x1.8000000000000p%2B2,334,4.62,4.2068,4.154893007105202,1.1043360152011354,defined,0.04700289783209138,sensitivity_only
id:x%3A0x1.8000000000000p%2B2,335,4.634,4.21576,4.267666992894799,1.1043360152011354,defined,-0.04700289783209138,sensitivity_only
id:x%3A0x1.8000000000000p%2B2,336,4.648,4.22472,4.172813007105201,1.1043360152011354,defined,0.04700289783209138,sensitivity_only
id:x%3A0x1.8000000000000p%2B2,337,4.662,4.23368,4.285586992894798,1.1043360152011354,defined,-0.04700289783209138,sensitivity_only
id:x%3A0x1.8000000000000p%2B2,338,4.676,4.24264,4.190733007105202,1.1043360152011354,defined,0.04700289783209138,sensitivity_only
id:x%3A0x1.8000000000000p%2B2,339,4.69,4.2516,4.303506992894798,1.1043360152011354,defined,-0.04700289783209138,sensitivity_only
id:x%3A0x1.8000000000000p%2B2,340,4.704,4.26056,4.208653007105202,1.1043360152011354,defined,0.04700289783209138,sensitivity_only
id:x%3A0x1.8000000000000p%2B2,341,4.718,4.26952,4.321426992894798,1.1043360152011354,defined,-0.04700289783209138,sensitivity_only
id:x%3A0x1.8000000000000p%2B2,342,4.732,4.27848,4.226573007105202,1.1043360152011354,defined,0.04700289783209138,sensitivity_only
id:x%3A0x1.8000000000000p%2B2,343,4.746,4.28744,4.339346992894798,1.1043360152011354,defined,-0.04700289783209138,sensitivity_only
id:x%3A0x1.8000000000000p%2B2,344,4.76,4.2964,4.244493007105202,1.1043360152011354,defined,0.04700289783209138,sensitivity_only
id:x%3A0x1.8000000000000p%2B2,345,4.774,4.30536,4.3572669928947985,1.1043360152011354,defined,-0.04700289783209138,sensitivity_only
id:x%3A0x1.8000000000000p%2B2,346,4.788,4.31432,4.262413007105202,1.1043360152011354,defined,0.04700289783209138,sensitivity_only
id:x%3A0x1.8000000000000p%2B2,347,4.802,4.3232800000000005,4.375186992894799,1.1043360152011354,defined,-0.04700289783209138,sensitivity_only
id:x%3A0x1.8000000000000p%2B2,348,4.816,4.3322400000000005,4.280333007105202,1.1043360152011354,defined,0.04700289783209138,sensitivity_only
id:x%3A0x1.8000000000000p%2B2,349,4.83,4.341200000000001,4.393106992894799,1.1043360152011354,defined,-0.04700289783209138,sensitivity_only
id:x%3A0x1.8000000000000p%2B2,350,4.844,4.350160000000001,4.2982530071052025,1.1043360152011354,defined,0.04700289783209138,sensitivity_only
id:x%3A0x1.8000000000000p%2B2,351,4.858,4.35912,4.411026992894798,1.1043360152011354,defined,-0.04700289783209138,sensitivity_only
id:x%3A0x1.8000000000000p%2B2,352,4.872,4.36808,4.316173007105202,1.1043360152011354,defined,0.04700289783209138,sensitivity_only
id:x%3A0x1.8000000000000p%2B2,353,4.886,4.37704,4.428946992894798,1.1043360152011354,defined,-0.04700289783209138,sensitivity_only
id:x%3A0x1.8000000000000p%2B2,354,4.9,4.386,4.334093007105202,1.1043360152011354,defined,0.04700289783209138,sensitivity_only
id:x%3A0x1.8000000000000p%2B2,355,4.914,4.394959999999999,4.4468669928947975,1.1043360152011354,defined,-0.04700289783209138,sensitivity_only
id:x%3A0x1.8000000000000p%2B2,356,4.928,4.403919999999999,4.352013007105201,1.1043360152011354,defined,0.04700289783209138,sensitivity_only
id:x%3A0x1.8000000000000p%2B2,357,4.942,4.41288,4.4647869928947985,1.1043360152011354,defined,-0.04700289783209138,sensitivity_only
id:x%3A0x1.8000000000000p%2B2,358,4.956,4.42184,4.369933007105202,1.1043360152011354,defined,0.04700289783209138,sensitivity_only
id:x%3A0x1.8000000000000p%2B2,359,4.97,4.4308,4.482706992894798,1.1043360152011354,defined,-0.04700289783209138,sensitivity_only
id:x%3A0x1.8000000000000p%2B2,360,4.984,4.43976,4.3878530071052015,1.1043360152011354,defined,0.04700289783209138,sensitivity_only
id:x%3A0x1.8000000000000p%2B2,361,4.998,4.44872,4.500626992894798,1.1043360152011354,defined,-0.04700289783209138,sensitivity_only
id:x%3A0x1.8000000000000p%2B2,362,5.0,4.45,4.398093007105202,1.1043360152011354,defined,0.04700289783209138,sensitivity_only
id:x%3A0x1.8000000000000p%2B2,363,5.012,4.45768,4.509586992894798,1.1043360152011354,defined,-0.04700289783209138,sensitivity_only
id:x%3A0x1.8000000000000p%2B2,364,5.026,4.46664,4.414733007105202,1.1043360152011354,defined,0.04700289783209138,sensitivity_only
id:x%3A0x1.8000000000000p%2B2,365,5.04,4.4756,4.527506992894798,1.1043360152011354,defined,-0.04700289783209138,sensitivity_only
id:x%3A0x1.8000000000000p%2B2,366,5.054,4.48456,4.432653007105202,1.1043360152011354,defined,0.04700289783209138,sensitivity_only
id:x%3A0x1.8000000000000p%2B2,367,5.068,4.49352,4.545426992894798,1.1043360152011354,defined,-0.04700289783209138,sensitivity_only
id:x%3A0x1.8000000000000p%2B2,368,5.082,4.50248,4.450573007105202,1.1043360152011354,defined,0.04700289783209138,sensitivity_only
id:x%3A0x1.8000000000000p%2B2,369,5.096,4.51144,4.5633469928947985,1.1043360152011354,defined,-0.04700289783209138,sensitivity_only
id:x%3A0x1.8000000000000p%2B2,370,5.11,4.5204,4.468493007105202,1.1043360152011354,defined,0.04700289783209138,sensitivity_only
id:x%3A0x1.8000000000000p%2B2,371,5.124,4.5293600000000005,4.581266992894799,1.1043360152011354,defined,-0.04700289783209138,sensitivity_only
id:x%3A0x1.8000000000000p%2B2,372,5.138,4.538320000000001,4.486413007105202,1.1043360152011354,defined,0.04700289783209138,sensitivity_only
id:x%3A0x1.8000000000000p%2B2,373,5.152,4.547280000000001,4.599186992894799,1.1043360152011354,defined,-0.04700289783209138,sensitivity_only
id:x%3A0x1.8000000000000p%2B2,374,5.166,4.556240000000001,4.504333007105203,1.1043360152011354,defined,0.04700289783209138,sensitivity_only
id:x%3A0x1.8000000000000p%2B2,375,5.18,4.5652,4.617106992894798,1.1043360152011354,defined,-0.04700289783209138,sensitivity_only
id:x%3A0x1.8000000000000p%2B2,376,5.194,4.57416,4.522253007105202,1.1043360152011354,defined,0.04700289783209138,sensitivity_only
id:x%3A0x1.8000000000000p%2B2,377,5.208,4.58312,4.635026992894798,1.1043360152011354,defined,-0.04700289783209138,sensitivity_only
id:x%3A0x1.8000000000000p%2B2,378,5.222,4.59208,4.540173007105202,1.1043360152011354,defined,0.04700289783209138,sensitivity_only
id:x%3A0x1.8000000000000p%2B2,379,5.236,4.601039999999999,4.6529469928947975,1.1043360152011354,defined,-0.04700289783209138,sensitivity_only
id:x%3A0x1.8000000000000p%2B2,380,5.25,4.609999999999999,4.558093007105201,1.1043360152011354,defined,0.04700289783209138,sensitivity_only
id:x%3A0x1.8000000000000p%2B2,381,5.264,4.61896,4.670866992894799,1.1043360152011354,defined,-0.04700289783209138,sensitivity_only
id:x%3A0x1.8000000000000p%2B2,382,5.278,4.62792,4.576013007105201,1.1043360152011354,defined,0.04700289783209138,sensitivity_only
id:x%3A0x1.8000000000000p%2B2,383,5.292,4.63688,4.688786992894798,1.1043360152011354,defined,-0.04700289783209138,sensitivity_only
id:x%3A0x1.8000000000000p%2B2,384,5.306,4.64584,4.593933007105202,1.1043360152011354,defined,0.04700289783209138,sensitivity_only
id:x%3A0x1.8000000000000p%2B2,385,5.32,4.6548,4.706706992894798,1.1043360152011354,defined,-0.04700289783209138,sensitivity_only
id:x%3A0x1.8000000000000p%2B2,386,5.334,4.66376,4.611853007105202,1.1043360152011354,defined,0.04700289783209138,sensitivity_only
id:x%3A0x1.8000000000000p%2B2,387,5.348,4.67272,4.724626992894798,1.1043360152011354,defined,-0.04700289783209138,sensitivity_only
id:x%3A0x1.8000000000000p%2B2,388,5.362,4.68168,4.629773007105202,1.1043360152011354,defined,0.04700289783209138,sensitivity_only
id:x%3A0x1.8000000000000p%2B2,389,5.376,4.69064,4.742546992894798,1.1043360152011354,defined,-0.04700289783209138,sensitivity_only
id:x%3A0x1.8000000000000p%2B2,390,5.39,4.6996,4.647693007105202,1.1043360152011354,defined,0.04700289783209138,sensitivity_only
id:x%3A0x1.8000000000000p%2B2,391,5.404,4.70856,4.7604669928947985,1.1043360152011354,defined,-0.04700289783209138,sensitivity_only
id:x%3A0x1.8000000000000p%2B2,392,5.418,4.71752,4.665613007105202,1.1043360152011354,defined,0.04700289783209138,sensitivity_only
id:x%3A0x1.8000000000000p%2B2,393,5.432,4.7264800000000005,4.778386992894799,1.1043360152011354,defined,-0.04700289783209138,sensitivity_only
id:x%3A0x1.8000000000000p%2B2,394,5.446,4.7354400000000005,4.683533007105202,1.1043360152011354,defined,0.04700289783209138,sensitivity_only
id:x%3A0x1.8000000000000p%2B2,395,5.46,4.744400000000001,4.796306992894799,1.1043360152011354,defined,-0.04700289783209138,sensitivity_only
id:x%3A0x1.8000000000000p%2B2,396,5.474,4.753360000000001,4.7014530071052025,1.1043360152011354,defined,0.04700289783209138,sensitivity_only
id:x%3A0x1.8000000000000p%2B2,397,5.488,4.762320000000001,4.814226992894799,1.1043360152011354,defined,-0.04700289783209138,sensitivity_only
id:x%3A0x1.8000000000000p%2B2,398,5.502,4.77128,4.719373007105202,1.104336015201135,defined,0.04700289783209138,sensitivity_only
id:x%3A0x1.8000000000000p%2B2,399,5.516,4.78024,4.832146992894798,1.104336015201135,defined,-0.04700289783209138,sensitivity_only
id:x%3A0x1.8000000000000p%2B2,400,5.53,4.7892,4.737293007105202,1.104336015201135,defined,0.04700289783209138,sensitivity_only
id:x%3A0x1.8000000000000p%2B2,401,5.544,4.798159999999999,4.8500669928947975,1.104336015201135,defined,-0.04700289783209138,sensitivity_only
id:x%3A0x1.8000000000000p%2B2,402,5.558,4.807119999999999,4.755213007105201,1.104336015201135,defined,0.04700289783209138,sensitivity_only
id:x%3A0x1.8000000000000p%2B2,403,5.572,4.8160799999999995,4.867986992894798,1.104336015201135,defined,-0.04700289783209138,sensitivity_only
id:x%3A0x1.8000000000000p%2B2,404,5.586,4.82504,4.773133007105202,1.104336015201135,defined,0.04700289783209138,sensitivity_only
id:x%3A0x1.8000000000000p%2B2,405,5.6,4.834,4.885906992894798,1.104336015201135,defined,-0.04700289783209138,sensitivity_only
id:x%3A0x1.8000000000000p%2B2,406,5.614,4.84296,4.7910530071052015,1.104336015201135,defined,0.04700289783209138,sensitivity_only
id:x%3A0x1.8000000000000p%2B2,407,5.628,4.85192,4.903826992894798,1.104336015201135,defined,-0.04700289783209138,sensitivity_only
id:x%3A0x1.8000000000000p%2B2,408,5.642,4.86088,4.808973007105202,1.104336015201135,defined,0.04700289783209138,sensitivity_only
id:x%3A0x1.8000000000000p%2B2,409,5.656,4.86984,4.921746992894798,1.104336015201135,defined,-0.04700289783209138,sensitivity_only
id:x%3A0x1.8000000000000p%2B2,410,5.67,4.8788,4.826893007105202,1.104336015201135,defined,0.04700289783209138,sensitivity_only
id:x%3A0x1.8000000000000p%2B2,411,5.684,4.88776,4.939666992894798,1.104336015201135,defined,-0.04700289783209138,sensitivity_only
id:x%3A0x1.8000000000000p%2B2,412,5.698,4.89672,4.844813007105202,1.104336015201135,defined,0.04700289783209138,sensitivity_only
id:x%3A0x1.8000000000000p%2B2,413,5.712,4.90568,4.957586992894798,1.104336015201135,defined,-0.04700289783209138,sensitivity_only
id:x%3A0x1.8000000000000p%2B2,414,5.726,4.91464,4.862733007105202,1.104336015201135,defined,0.04700289783209138,sensitivity_only
id:x%3A0x1.8000000000000p%2B2,415,5.74,4.9236,4.975506992894799,1.104336015201135,defined,-0.04700289783209138,sensitivity_only
id:x%3A0x1.8000000000000p%2B2,416,5.754,4.93256,4.8806530071052014,1.104336015201135,defined,0.04700289783209138,sensitivity_only
id:x%3A0x1.8000000000000p%2B2,417,5.768,4.941520000000001,4.993426992894799,1.104336015201135,defined,-0.04700289783209138,sensitivity_only
id:x%3A0x1.8000000000000p%2B2,418,5.782,4.950480000000001,4.8985730071052025,1.104336015201135,defined,0.04700289783209138,sensitivity_only
id:x%3A0x1.8000000000000p%2B2,419,5.796,4.959440000000001,5.011346992894799,1.104336015201135,defined,-0.04700289783209138,sensitivity_only
id:x%3A0x1.8000000000000p%2B2,420,5.81,4.9684,4.916493007105202,1.104336015201135,defined,0.04700289783209138,sensitivity_only
id:x%3A0x1.8000000000000p%2B2,421,5.824,4.97736,5.029266992894798,1.104336015201135,defined,-0.04700289783209138,sensitivity_only
id:x%3A0x1.8000000000000p%2B2,422,5.838,4.98632,4.934413007105202,1.104336015201135,defined,0.04700289783209138,sensitivity_only
id:x%3A0x1.8000000000000p%2B2,423,5.852,4.99528,5.047186992894798,1.104336015201135,defined,-0.04700289783209138,sensitivity_only
id:x%3A0x1.8000000000000p%2B2,424,5.866,5.004239999999999,4.952333007105201,1.104336015201135,defined,0.04700289783209138,sensitivity_only
id:x%3A0x1.8000000000000p%2B2,425,5.88,5.013199999999999,5.065106992894798,1.104336015201135,defined,-0.04700289783209138,sensitivity_only
id:x%3A0x1.8000000000000p%2B2,426,5.894,5.0221599999999995,4.970253007105201,1.104336015201135,defined,0.04700289783209138,sensitivity_only
id:x%3A0x1.8000000000000p%2B2,427,5.908,5.0311200000000005,5.083026992894799,1.104336015201135,defined,-0.04700289783209138,sensitivity_only
id:x%3A0x1.8000000000000p%2B2,428,5.922,5.04008,4.9881730071052015,1.104336015201135,defined,0.04700289783209138,sensitivity_only
id:x%3A0x1.8000000000000p%2B2,429,5.936,5.04904,5.100946992894798,1.104336015201135,defined,-0.04700289783209138,sensitivity_only
id:x%3A0x1.8000000000000p%2B2,430,5.95,5.058,5.006093007105202,1.104336015201135,defined,0.04700289783209138,sensitivity_only
id:x%3A0x1.8000000000000p%2B2,431,5.964,5.06696,5.118866992894798,1.104336015201135,defined,-0.04700289783209138,sensitivity_only
id:x%3A0x1.8000000000000p%2B2,432,5.978,5.07592,5.024013007105202,1.104336015201135,defined,0.04700289783209138,sensitivity_only
id:x%3A0x1.8000000000000p%2B2,433,5.992,5.08488,5.136786992894798,1.104336015201135,defined,-0.04700289783209138,sensitivity_only
id:x%3A0x1.8000000000000p%2B2,434,6.0,5.09,5.038093007105202,1.104336015201135,defined,0.04700289783209138,sensitivity_only
id:x%3A0x1.8000000000000p%2B2,435,6.006,5.09384,5.145746992894798,1.104336015201135,defined,-0.04700289783209138,sensitivity_only
id:x%3A0x1.8000000000000p%2B2,436,6.02,5.1028,5.050893007105202,1.104336015201135,defined,0.04700289783209138,sensitivity_only
id:x%3A0x1.8000000000000p%2B2,437,6.034,5.11176,5.1636669928947985,1.104336015201135,defined,-0.04700289783209138,sensitivity_only
id:x%3A0x1.8000000000000p%2B2,438,6.048,5.12072,5.068813007105202,1.104336015201135,defined,0.04700289783209138,sensitivity_only
id:x%3A0x1.8000000000000p%2B2,439,6.062,5.1296800000000005,5.181586992894799,1.104336015201135,defined,-0.04700289783209138,sensitivity_only
id:x%3A0x1.8000000000000p%2B2,440,6.076,5.13864,5.0867330071052015,1.104336015201135,defined,0.04700289783209138,sensitivity_only
id:x%3A0x1.8000000000000p%2B2,441,6.09,5.147600000000001,5.199506992894799,1.104336015201135,defined,-0.04700289783209138,sensitivity_only
id:x%3A0x1.8000000000000p%2B2,442,6.104,5.156560000000001,5.1046530071052025,1.104336015201135,defined,0.04700289783209138,sensitivity_only
id:x%3A0x1.8000000000000p%2B2,443,6.118,5.165520000000001,5.217426992894799,1.104336015201135,defined,-0.04700289783209138,sensitivity_only
id:x%3A0x1.8000000000000p%2B2,444,6.132,5.17448,5.122573007105202,1.104336015201135,defined,0.04700289783209138,sensitivity_only
id:x%3A0x1.8000000000000p%2B2,445,6.146,5.18344,5.235346992894798,1.104336015201135,defined,-0.04700289783209138,sensitivity_only
id:x%3A0x1.8000000000000p%2B2,446,6.16,5.1924,5.140493007105202,1.104336015201135,defined,0.04700289783209138,sensitivity_only
id:x%3A0x1.8000000000000p%2B2,447,6.174,5.20136,5.253266992894798,1.104336015201135,defined,-0.04700289783209138,sensitivity_only
id:x%3A0x1.8000000000000p%2B2,448,6.188,5.210319999999999,5.158413007105201,1.104336015201135,defined,0.04700289783209138,sensitivity_only
id:x%3A0x1.8000000000000p%2B2,449,6.202,5.2192799999999995,5.271186992894798,1.104336015201135,defined,-0.04700289783209138,sensitivity_only
id:x%3A0x1.8000000000000p%2B2,450,6.216,5.2282399999999996,5.176333007105201,1.104336015201135,defined,0.04700289783209138,sensitivity_only
id:x%3A0x1.8000000000000p%2B2,451,6.23,5.2372000000000005,5.289106992894799,1.104336015201135,defined,-0.04700289783209138,sensitivity_only
id:x%3A0x1.8000000000000p%2B2,452,6.244,5.24616,5.1942530071052015,1.104336015201135,defined,0.04700289783209138,sensitivity_only
id:x%3A0x1.8000000000000p%2B2,453,6.258,5.25512,5.307026992894798,1.104336015201135,defined,-0.04700289783209138,sensitivity_only
id:x%3A0x1.8000000000000p%2B2,454,6.272,5.26408,5.212173007105202,1.104336015201135,defined,0.04700289783209138,sensitivity_only
id:x%3A0x1.8000000000000p%2B2,455,6.286,5.27304,5.324946992894798,1.104336015201135,defined,-0.04700289783209138,sensitivity_only
id:x%3A0x1.8000000000000p%2B2,456,6.3,5.282,5.230093007105202,1.104336015201135,defined,0.04700289783209138,sensitivity_only
id:x%3A0x1.8000000000000p%2B2,457,6.314,5.29096,5.342866992894798,1.104336015201135,defined,-0.04700289783209138,sensitivity_only
id:x%3A0x1.8000000000000p%2B2,458,6.328,5.29992,5.248013007105202,1.104336015201135,defined,0.04700289783209138,sensitivity_only
id:x%3A0x1.8000000000000p%2B2,459,6.342,5.30888,5.360786992894798,1.104336015201135,defined,-0.04700289783209138,sensitivity_only
id:x%3A0x1.8000000000000p%2B2,460,6.356,5.31784,5.265933007105202,1.104336015201135,defined,0.04700289783209138,sensitivity_only
id:x%3A0x1.8000000000000p%2B2,461,6.37,5.3268,5.378706992894799,1.104336015201135,defined,-0.04700289783209138,sensitivity_only
id:x%3A0x1.8000000000000p%2B2,462,6.384,5.3357600000000005,5.283853007105202,1.104336015201135,defined,0.04700289783209138,sensitivity_only
id:x%3A0x1.8000000000000p%2B2,463,6.398,5.34472,5.396626992894798,1.104336015201135,defined,-0.04700289783209138,sensitivity_only
id:x%3A0x1.8000000000000p%2B2,464,6.412,5.35368,5.301773007105202,1.104336015201135,defined,0.04700289783209138,sensitivity_only
id:x%3A0x1.8000000000000p%2B2,465,6.426,5.36264,5.414546992894798,1.104336015201135,defined,-0.04700289783209138,sensitivity_only
id:x%3A0x1.8000000000000p%2B2,466,6.44,5.3716,5.319693007105202,1.104336015201135,defined,0.04700289783209138,sensitivity_only
id:x%3A0x1.8000000000000p%2B2,467,6.454,5.38056,5.432466992894798,1.104336015201135,defined,-0.04700289783209138,sensitivity_only
id:x%3A0x1.8000000000000p%2B2,468,6.468,5.38952,5.337613007105202,1.104336015201135,defined,0.04700289783209138,sensitivity_only
id:x%3A0x1.8000000000000p%2B2,469,6.482,5.39848,5.450386992894798,1.104336015201135,defined,-0.04700289783209138,sensitivity_only
id:x%3A0x1.8000000000000p%2B2,470,6.496,5.40744,5.355533007105202,1.104336015201135,defined,0.04700289783209138,sensitivity_only
id:x%3A0x1.8000000000000p%2B2,471,6.51,5.4164,5.464206115750512,1.0170886893248545,defined,-0.04700289783209138,sensitivity_only
id:x%3A0x1.8000000000000p%2B2,472,6.524,5.42536,5.3775538842494885,1.0170886893248545,defined,0.04700289783209138,sensitivity_only
id:x%3A0x1.8000000000000p%2B2,473,6.538,5.4343200000000005,5.482126115750512,1.0170886893248545,defined,-0.04700289783209138,sensitivity_only
id:x%3A0x1.8000000000000p%2B2,474,6.552,5.44328,5.395473884249488,1.0170886893248545,defined,0.04700289783209138,sensitivity_only
id:x%3A0x1.8000000000000p%2B2,475,6.566,5.45224,5.500046115750512,1.0170886893248545,defined,-0.04700289783209138,sensitivity_only
id:x%3A0x1.8000000000000p%2B2,476,6.58,5.4612,5.413393884249488,1.0170886893248545,defined,0.04700289783209138,sensitivity_only
id:x%3A0x1.8000000000000p%2B2,477,6.594,5.47016,5.517966115750512,1.0170886893248545,defined,-0.04700289783209138,sensitivity_only
id:x%3A0x1.8000000000000p%2B2,478,6.608,5.47912,5.431313884249488,1.0170886893248545,defined,0.04700289783209138,sensitivity_only
id:x%3A0x1.8000000000000p%2B2,479,6.622,5.48808,5.535886115750512,1.0170886893248545,defined,-0.04700289783209138,sensitivity_only
id:x%3A0x1.8000000000000p%2B2,480,6.636,5.49704,5.449233884249488,1.0170886893248545,defined,0.04700289783209138,sensitivity_only
id:x%3A0x1.8000000000000p%2B2,481,6.65,5.506,5.553806115750512,1.0170886893248545,defined,-0.04700289783209138,sensitivity_only
id:x%3A0x1.8000000000000p%2B2,482,6.664,5.51496,5.4671538842494884,1.0170886893248545,defined,0.04700289783209138,sensitivity_only
id:x%3A0x1.8000000000000p%2B2,483,6.678,5.52392,5.571726115750512,1.0170886893248545,defined,-0.04700289783209138,sensitivity_only
id:x%3A0x1.8000000000000p%2B2,484,6.692,5.5328800000000005,5.485073884249489,1.0170886893248545,defined,0.04700289783209138,sensitivity_only
id:x%3A0x1.8000000000000p%2B2,485,6.706,5.5418400000000005,5.589646115750512,1.0170886893248545,defined,-0.04700289783209138,sensitivity_only
id:x%3A0x1.8000000000000p%2B2,486,6.72,5.5508,5.502993884249488,1.0170886893248545,defined,0.04700289783209138,sensitivity_only
id:x%3A0x1.8000000000000p%2B2,487,6.734,5.55976,5.607566115750512,1.0170886893248545,defined,-0.04700289783209138,sensitivity_only
id:x%3A0x1.8000000000000p%2B2,488,6.748,5.56872,5.520913884249488,1.0170886893248545,defined,0.04700289783209138,sensitivity_only
id:x%3A0x1.8000000000000p%2B2,489,6.762,5.57768,5.625486115750512,1.0170886893248545,defined,-0.04700289783209138,sensitivity_only
id:x%3A0x1.8000000000000p%2B2,490,6.776,5.58664,5.538833884249488,1.0170886893248545,defined,0.04700289783209138,sensitivity_only
id:x%3A0x1.8000000000000p%2B2,491,6.79,5.5956,5.643406115750512,1.0170886893248545,defined,-0.04700289783209138,sensitivity_only
id:x%3A0x1.8000000000000p%2B2,492,6.804,5.60456,5.556753884249488,1.0170886893248545,defined,0.04700289783209138,sensitivity_only
id:x%3A0x1.8000000000000p%2B2,493,6.818,5.61352,5.661326115750512,1.0170886893248545,defined,-0.04700289783209138,sensitivity_only
id:x%3A0x1.8000000000000p%2B2,494,6.832,5.62248,5.5746738842494885,1.0170886893248545,defined,0.04700289783209138,sensitivity_only
id:x%3A0x1.8000000000000p%2B2,495,6.846,5.6314400000000004,5.679246115750512,1.0170886893248545,defined,-0.04700289783209138,sensitivity_only
id:x%3A0x1.8000000000000p%2B2,496,6.86,5.6404000000000005,5.592593884249489,1.0170886893248545,defined,0.04700289783209138,sensitivity_only
id:x%3A0x1.8000000000000p%2B2,497,6.874,5.64936,5.697166115750512,1.0170886893248545,defined,-0.04700289783209138,sensitivity_only
id:x%3A0x1.8000000000000p%2B2,498,6.888,5.65832,5.610513884249488,1.0170886893248545,defined,0.04700289783209138,sensitivity_only
id:x%3A0x1.8000000000000p%2B2,499,6.902,5.66728,5.715086115750512,1.0170886893248545,defined,-0.04700289783209138,sensitivity_only
id:x%3A0x1.8000000000000p%2B2,500,6.916,5.67624,5.628433884249488,1.0170886893248545,defined,0.04700289783209138,sensitivity_only
id:x%3A0x1.8000000000000p%2B2,501,6.93,5.6852,5.733006115750512,1.0170886893248545,defined,-0.04700289783209138,sensitivity_only
id:x%3A0x1.8000000000000p%2B2,502,6.944,5.69416,5.646353884249488,1.0170886893248545,defined,0.04700289783209138,sensitivity_only
id:x%3A0x1.8000000000000p%2B2,503,6.958,5.70312,5.750926115750512,1.0170886893248545,defined,-0.04700289783209138,sensitivity_only
id:x%3A0x1.8000000000000p%2B2,504,6.972,5.71208,5.664273884249488,1.0170886893248545,defined,0.04700289783209138,sensitivity_only
id:x%3A0x1.8000000000000p%2B2,505,6.986,5.72104,5.768846115750512,1.0170886893248545,defined,-0.04700289783209138,sensitivity_only
id:x%3A0x1.8000000000000p%2B2,506,7.0,5.73,5.682193884249489,1.0170886893248545,defined,0.04700289783209138,sensitivity_only
id:x%3A0x1.c000000000000p%2B2,0,0.0,1.25,1.1395663984798865,1.104336015201135,defined,0.1,sensitivity_only
id:x%3A0x1.c000000000000p%2B2,1,0.014,1.25896,1.3140128712520585,1.104336015201135,defined,-0.04985155830676358,sensitivity_only
id:x%3A0x1.c000000000000p%2B2,2,0.028,1.26792,1.2128671287479416,1.104336015201135,defined,0.04985155830676358,sensitivity_only
id:x%3A0x1.c000000000000p%2B2,3,0.042,1.27688,1.3319328712520584,1.104336015201135,defined,-0.04985155830676358,sensitivity_only
id:x%3A0x1.c000000000000p%2B2,4,0.056,1.28584,1.2307871287479417,1.104336015201135,defined,0.04985155830676358,sensitivity_only
id:x%3A0x1.c000000000000p%2B2,5,0.07,1.2948,1.3498528712520583,1.104336015201135,defined,-0.04985155830676358,sensitivity_only
id:x%3A0x1.c000000000000p%2B2,6,0.084,1.30376,1.2487071287479417,1.104336015201135,defined,0.04985155830676358,sensitivity_only
id:x%3A0x1.c000000000000p%2B2,7,0.098,1.31272,1.3677728712520585,1.104336015201135,defined,-0.04985155830676358,sensitivity_only
id:x%3A0x1.c000000000000p%2B2,8,0.112,1.32168,1.2666271287479416,1.104336015201135,defined,0.04985155830676358,sensitivity_only
id:x%3A0x1.c000000000000p%2B2,9,0.126,1.33064,1.3856928712520584,1.104336015201135,defined,-0.04985155830676358,sensitivity_only
id:x%3A0x1.c000000000000p%2B2,10,0.14,1.3396,1.2845471287479415,1.104336015201135,defined,0.04985155830676358,sensitivity_only
id:x%3A0x1.c000000000000p%2B2,11,0.154,1.34856,1.4036128712520584,1.104336015201135,defined,-0.04985155830676358,sensitivity_only
id:x%3A0x1.c000000000000p%2B2,12,0.168,1.35752,1.3024671287479417,1.104336015201135,defined,0.04985155830676358,sensitivity_only
id:x%3A0x1.c000000000000p%2B2,13,0.182,1.36648,1.4215328712520583,1.104336015201135,defined,-0.04985155830676358,sensitivity_only
id:x%3A0x1.c000000000000p%2B2,14,0.196,1.37544,1.3203871287479416,1.104336015201135,defined,0.04985155830676358,sensitivity_only
id:x%3A0x1.c000000000000p%2B2,15,0.21,1.3844,1.4394528712520585,1.104336015201135,defined,-0.04985155830676358,sensitivity_only
id:x%3A0x1.c000000000000p%2B2,16,0.224,1.39336,1.3383071287479416,1.104336015201135,defined,0.04985155830676358,sensitivity_only
id:x%3A0x1.c000000000000p%2B2,17,0.238,1.40232,1.4573728712520584,1.104336015201135,defined,-0.04985155830676358,sensitivity_only
id:x%3A0x1.c000000000000p%2B2,18,0.252,1.41128,1.3562271287479417,1.104336015201135,defined,0.04985155830676358,sensitivity_only
id:x%3A0x1.c000000000000p%2B2,19,0.266,1.42024,1.4752928712520583,1.104336015201135,defined,-0.04985155830676358,sensitivity_only
id:x%3A0x1.c000000000000p%2B2,20,0.28,1.4292,1.3741471287479416,1.104336015201135,defined,0.04985155830676358,sensitivity_only
id:x%3A0x1.c000000000000p%2B2,21,0.294,1.4381599999999999,1.4932128712520583,1.104336015201135,defined,-0.04985155830676358,sensitivity_only
id:x%3A0x1.c000000000000p%2B2,22,0.308,1.44712,1.3920671287479416,1.104336015201135,defined,0.04985155830676358,sensitivity_only
id:x%3A0x1.c000000000000p%2B2,23,0.322,1.45608,1.5111328712520584,1.104336015201135,defined,-0.04985155830676358,sensitivity_only
id:x%3A0x1.c000000000000p%2B2,24,0.336,1.4650400000000001,1.4099871287479417,1.104336015201135,defined,0.04985155830676358,sensitivity_only
id:x%3A0x1.c000000000000p%2B2,25,0.35,1.474,1.5290528712520584,1.104336015201135,defined,-0.04985155830676358,sensitivity_only
id:x%3A0x1.c000000000000p%2B2,26,0.364,1.48296,1.4279071287479417,1.104336015201135,defined,0.04985155830676358,sensitivity_only
id:x%3A0x1.c000000000000p%2B2,27,0.378,1.49192,1.5469728712520583,1.104336015201135,defined,-0.04985155830676358,sensitivity_only
id:x%3A0x1.c000000000000p%2B2,28,0.392,1.50088,1.4458271287479416,1.104336015201135,defined,0.04985155830676358,sensitivity_only
id:x%3A0x1.c000000000000p%2B2,29,0.406,1.50984,1.5648928712520584,1.104336015201135,defined,-0.04985155830676358,sensitivity_only
id:x%3A0x1.c000000000000p%2B2,30,0.42,1.5188,1.4637471287479416,1.104336015201135,defined,0.04985155830676358,sensitivity_only
id:x%3A0x1.c000000000000p%2B2,31,0.434,1.52776,1.5828128712520584,1.104336015201135,defined,-0.04985155830676358,sensitivity_only
id:x%3A0x1.c000000000000p%2B2,32,0.448,1.53672,1.4816671287479417,1.104336015201135,defined,0.04985155830676358,sensitivity_only
id:x%3A0x1.c000000000000p%2B2,33,0.462,1.54568,1.6007328712520583,1.104336015201135,defined,-0.04985155830676358,sensitivity_only
id:x%3A0x1.c000000000000p%2B2,34,0.476,1.55464,1.4995871287479416,1.104336015201135,defined,0.04985155830676358,sensitivity_only
id:x%3A0x1.c000000000000p%2B2,35,0.49,1.5636,1.6186528712520585,1.104336015201135,defined,-0.04985155830676358,sensitivity_only
id:x%3A0x1.c000000000000p%2B2,36,0.504,1.57256,1.5240014609627406,0.9740626108105254,defined,0.04985155830676358,sensitivity_only
id:x%3A0x1.c000000000000p%2B2,37,0.518,1.58152,1.6300785390372594,0.9740626108105254,defined,-0.04985155830676358,sensitivity_only
id:x%3A0x1.c000000000000p%2B2,38,0.532,1.59048,1.5419214609627407,0.9740626108105254,defined,0.04985155830676358,sensitivity_only
id:x%3A0x1.c000000000000p%2B2,39,0.546,1.59944,1.6479985390372591,0.9740626108105254,defined,-0.04985155830676358,sensitivity_only
id:x%3A0x1.c000000000000p%2B2,40,0.56,1.6084,1.559841460962741,0.9740626108105254,defined,0.04985155830676358,sensitivity_only
id:x%3A0x1.c000000000000p%2B2,41,0.574,1.61736,1.6659185390372593,0.9740626108105254,defined,-0.04985155830676358,sensitivity_only
id:x%3A0x1.c000000000000p%2B2,42,0.588,1.62632,1.5777614609627406,0.9740626108105254,defined,0.04985155830676358,sensitivity_only
id:x%3A0x1.c000000000000p%2B2,43,0.602,1.63528,1.6838385390372594,0.9740626108105254,defined,-0.04985155830676358,sensitivity_only
id:x%3A0x1.c000000000000p%2B2,44,0.616,1.64424,1.5956814609627408,0.9740626108105254,defined,0.04985155830676358,sensitivity_only
id:x%3A0x1.c000000000000p%2B2,45,0.63,1.6532,1.7017585390372592,0.9740626108105254,defined,-0.04985155830676358,sensitivity_only
id:x%3A0x1.c000000000000p%2B2,46,0.644,1.66216,1.613601460962741,0.9740626108105254,defined,0.04985155830676358,sensitivity_only
id:x%3A0x1.c000000000000p%2B2,47,0.658,1.6711200000000002,1.7196785390372593,0.9740626108105254,defined,-0.04985155830676358,sensitivity_only
id:x%3A0x1.c000000000000p%2B2,48,0.672,1.68008,1.6315214609627406,0.9740626108105254,defined,0.04985155830676358,sensitivity_only
id:x%3A0x1.c000000000000p%2B2,49,0.686,1.68904,1.7375985390372595,0.9740626108105254,defined,-0.04985155830676358,sensitivity_only
id:x%3A0x1.c000000000000p%2B2,50,0.7,1.698,1.6494414609627408,0.9740626108105254,defined,0.04985155830676358,sensitivity_only
id:x%3A0x1.c000000000000p%2B2,51,0.714,1.70696,1.7555185390372592,0.9740626108105254,defined,-0.04985155830676358,sensitivity_only
id:x%3A0x1.c000000000000p%2B2,52,0.728,1.7159200000000001,1.667361460962741,0.9740626108105254,defined,0.04985155830676358,sensitivity_only
id:x%3A0x1.c000000000000p%2B2,53,0.742,1.72488,1.7734385390372593,0.9740626108105254,defined,-0.04985155830676358,sensitivity_only
id:x%3A0x1.c000000000000p%2B2,54,0.756,1.73384,1.6852814609627407,0.9740626108105254,defined,0.04985155830676358,sensitivity_only
id:x%3A0x1.c000000000000p%2B2,55,0.77,1.7428,1.791358539037259,0.9740626108105254,defined,-0.04985155830676358,sensitivity_only
id:x%3A0x1.c000000000000p%2B2,56,0.784,1.75176,1.7032014609627408,0.9740626108105254,defined,0.04985155830676358,sensitivity_only
id:x%3A0x1.c000000000000p%2B2,57,0.798,1.76072,1.8092785390372592,0.9740626108105254,defined,-0.04985155830676358,sensitivity_only
id:x%3A0x1.c000000000000p%2B2,58,0.812,1.7696800000000001,1.721121460962741,0.9740626108105254,defined,0.04985155830676358,sensitivity_only
id:x%3A0x1.c000000000000p%2B2,59,0.826,1.77864,1.8271985390372594,0.9740626108105254,defined,-0.04985155830676358,sensitivity_only
id:x%3A0x1.c000000000000p%2B2,60,0.84,1.7875999999999999,1.7390414609627407,0.9740626108105254,defined,0.04985155830676358,sensitivity_only
id:x%3A0x1.c000000000000p%2B2,61,0.854,1.79656,1.845118539037259,0.9740626108105254,defined,-0.04985155830676358,sensitivity_only
id:x%3A0x1.c000000000000p%2B2,62,0.868,1.80552,1.7569614609627409,0.9740626108105254,defined,0.04985155830676358,sensitivity_only
id:x%3A0x1.c000000000000p%2B2,63,0.882,1.81448,1.8630385390372592,0.9740626108105254,defined,-0.04985155830676358,sensitivity_only
id:x%3A0x1.c000000000000p%2B2,64,0.896,1.8234400000000002,1.774881460962741,0.9740626108105254,defined,0.04985155830676358,sensitivity_only
id:x%3A0x1.c000000000000p%2B2,65,0.91,1.8324,1.8809585390372594,0.9740626108105254,defined,-0.04985155830676358,sensitivity_only
id:x%3A0x1.c000000000000p%2B2,66,0.924,1.8413599999999999,1.7928014609627407,0.9740626108105254,defined,0.04985155830676358,sensitivity_only
id:x%3A0x1.c000000000000p%2B2,67,0.938,1.85032,1.8988785390372591,0.9740626108105254,defined,-0.04985155830676358,sensitivity_only
id:x%3A0x1.c000000000000p%2B2,68,0.952,1.85928,1.810721460962741,0.9740626108105254,defined,0.04985155830676358,sensitivity_only
id:x%3A0x1.c000000000000p%2B2,69,0.966,1.8682400000000001,1.9167985390372593,0.9740626108105254,defined,-0.04985155830676358,sensitivity_only
id:x%3A0x1.c000000000000p%2B2,70,0.98,1.8772,1.8286414609627406,0.9740626108105254,defined,0.04985155830676358,sensitivity_only
id:x%3A0x1.c000000000000p%2B2,71,0.994,1.88616,1.9347185390372594,0.9740626108105254,defined,-0.04985155830676358,sensitivity_only
id:x%3A0x1.c000000000000p%2B2,72,1.0,1.8900000000000001,1.841441460962741,0.9740626108105254,defined,0.04985155830676358,sensitivity_only
id:x%3A0x1.c000000000000p%2B2,73,1.008,1.89512,1.943678539037259,0.9740626108105254,defined,-0.04985155830676358,sensitivity_only
id:x%3A0x1.c000000000000p%2B2,74,1.022,1.90408,1.8555214609627408,0.9740626108105254,defined,0.04985155830676358,sensitivity_only
id:x%3A0x1.c000000000000p%2B2,75,1.036,1.91304,1.9615985390372592,0.9740626108105254,defined,-0.04985155830676358,sensitivity_only
id:x%3A0x1.c000000000000p%2B2,76,1.05,1.9220000000000002,1.873441460962741,0.9740626108105254,defined,0.04985155830676358,sensitivity_only
id:x%3A0x1.c000000000000p%2B2,77,1.064,1.93096,1.9795185390372594,0.9740626108105254,defined,-0.04985155830676358,sensitivity_only
id:x%3A0x1.c000000000000p%2B2,78,1.078,1.93992,1.8913614609627407,0.9740626108105254,defined,0.04985155830676358,sensitivity_only
id:x%3A0x1.c000000000000p%2B2,79,1.092,1.94888,1.997438539037259,0.9740626108105254,defined,-0.04985155830676358,sensitivity_only
id:x%3A0x1.c000000000000p%2B2,80,1.106,1.95784,1.9092814609627409,0.9740626108105254,defined,0.04985155830676358,sensitivity_only
id:x%3A0x1.c000000000000p%2B2,81,1.12,1.9668,2.0153585390372593,0.9740626108105254,defined,-0.04985155830676358,sensitivity_only
id:x%3A0x1.c000000000000p%2B2,82,1.134,1.97576,1.9272014609627406,0.9740626108105254,defined,0.04985155830676358,sensitivity_only
id:x%3A0x1.c000000000000p%2B2,83,1.148,1.9847199999999998,2.033278539037259,0.9740626108105254,defined,-0.04985155830676358,sensitivity_only
id:x%3A0x1.c000000000000p%2B2,84,1.162,1.99368,1.9451214609627407,0.9740626108105254,defined,0.04985155830676358,sensitivity_only
id:x%3A0x1.c000000000000p%2B2,85,1.176,2.00264,2.051198539037259,0.9740626108105254,defined,-0.04985155830676358,sensitivity_only
id:x%3A0x1.c000000000000p%2B2,86,1.19,2.0116,1.963041460962741,0.9740626108105254,defined,0.04985155830676358,sensitivity_only
id:x%3A0x1.c000000000000p%2B2,87,1.204,2.02056,2.0691185390372593,0.9740626108105254,defined,-0.04985155830676358,sensitivity_only
id:x%3A0x1.c000000000000p%2B2,88,1.218,2.0295199999999998,1.9809614609627406,0.9740626108105254,defined,0.04985155830676358,sensitivity_only
id:x%3A0x1.c000000000000p%2B2,89,1.232,2.03848,2.087038539037259,0.9740626108105254,defined,-0.04985155830676358,sensitivity_only
id:x%3A0x1.c000000000000p%2B2,90,1.246,2.04744,1.9988814609627408,0.9740626108105254,defined,0.04985155830676358,sensitivity_only
id:x%3A0x1.c000000000000p%2B2,91,1.26,2.0564,2.104958539037259,0.9740626108105254,defined,-0.04985155830676358,sensitivity_only
id:x%3A0x1.c000000000000p%2B2,92,1.274,2.06536,2.016801460962741,0.9740626108105254,defined,0.04985155830676358,sensitivity_only
id:x%3A0x1.c000000000000p%2B2,93,1.288,2.07432,2.1228785390372593,0.9740626108105254,defined,-0.04985155830676358,sensitivity_only
id:x%3A0x1.c000000000000p%2B2,94,1.302,2.0832800000000002,2.034721460962741,0.9740626108105254,defined,0.04985155830676358,sensitivity_only
id:x%3A0x1.c000000000000p%2B2,95,1.316,2.0922400000000003,2.1407985390372595,0.9740626108105254,defined,-0.04985155830676358,sensitivity_only
id:x%3A0x1.c000000000000p%2B2,96,1.33,2.1012,2.052641460962741,0.9740626108105254,defined,0.04985155830676358,sensitivity_only
id:x%3A0x1.c000000000000p%2B2,97,1.344,2.11016,2.158718539037259,0.9740626108105254,defined,-0.04985155830676358,sensitivity_only
id:x%3A0x1.c000000000000p%2B2,98,1.358,2.11912,2.070561460962741,0.9740626108105254,defined,0.04985155830676358,sensitivity_only
id:x%3A0x1.c000000000000p%2B2,99,1.372,2.12808,2.1766385390372593,0.9740626108105254,defined,-0.04985155830676358,sensitivity_only
id:x%3A0x1.c000000000000p%2B2,100,1.386,2.13704,2.0884814609627407,0.9740626108105254,defined,0.04985155830676358,sensitivity_only
id:x%3A0x1.c000000000000p%2B2,101,1.4,2.146,2.194558539037259,0.9740626108105254,defined,-0.04985155830676358,sensitivity_only
id:x%3A0x1.c000000000000p%2B2,102,1.414,2.15496,2.106401460962741,0.9740626108105254,defined,0.04985155830676358,sensitivity_only
id:x%3A0x1.c000000000000p%2B2,103,1.428,2.16392,2.212478539037259,0.9740626108105254,defined,-0.04985155830676358,sensitivity_only
id:x%3A0x1.c000000000000p%2B2,104,1.442,2.17288,2.124321460962741,0.9740626108105254,defined,0.04985155830676358,sensitivity_only
id:x%3A0x1.c000000000000p%2B2,105,1.456,2.1818400000000002,2.2303985390372594,0.9740626108105254,defined,-0.04985155830676358,sensitivity_only
id:x%3A0x1.c000000000000p%2B2,106,1.47,2.1908,2.1422414609627407,0.9740626108105254,defined,0.04985155830676358,sensitivity_only
id:x%3A0x1.c000000000000p%2B2,107,1.484,2.19976,2.248318539037259,0.9740626108105254,defined,-0.04985155830676358,sensitivity_only
id:x%3A0x1.c000000000000p%2B2,108,1.498,2.20872,2.160161460962741,0.9740626108105254,defined,0.04985155830676358,sensitivity_only
id:x%3A0x1.c000000000000p%2B2,109,1.512,2.21768,2.2745798831663593,1.1413862494773641,defined,-0.04985155830676358,sensitivity_only
id:x%3A0x1.c000000000000p%2B2,110,1.526,2.22664,2.169740116833641,1.1413862494773641,defined,0.04985155830676358,sensitivity_only
id:x%3A0x1.c000000000000p%2B2,111,1.54,2.2356,2.292499883166359,1.1413862494773641,defined,-0.04985155830676358,sensitivity_only
id:x%3A0x1.c000000000000p%2B2,112,1.554,2.24456,2.1876601168336407,1.1413862494773641,defined,0.04985155830676358,sensitivity_only
id:x%3A0x1.c000000000000p%2B2,113,1.568,2.25352,2.310419883166359,1.1413862494773641,defined,-0.04985155830676358,sensitivity_only
id:x%3A0x1.c000000000000p%2B2,114,1.582,2.26248,2.205580116833641,1.1413862494773641,defined,0.04985155830676358,sensitivity_only
id:x%3A0x1.c000000000000p%2B2,115,1.596,2.27144,2.3283398831663593,1.1413862494773641,defined,-0.04985155830676358,sensitivity_only
id:x%3A0x1.c000000000000p%2B2,116,1.61,2.2804,2.223500116833641,1.1413862494773641,defined,0.04985155830676358,sensitivity_only
id:x%3A0x1.c000000000000p%2B2,117,1.624,2.2893600000000003,2.3462598831663595,1.1413862494773641,defined,-0.04985155830676358,sensitivity_only
id:x%3A0x1.c000000000000p%2B2,118,1.638,2.29832,2.2414201168336407,1.1413862494773641,defined,0.04985155830676358,sensitivity_only
id:x%3A0x1.c000000000000p%2B2,119,1.652,2.30728,2.364179883166359,1.1413862494773641,defined,-0.04985155830676358,sensitivity_only
id:x%3A0x1.c000000000000p%2B2,120,1.666,2.31624,2.259340116833641,1.1413862494773641,defined,0.04985155830676358,sensitivity_only
id:x%3A0x1.c000000000000p%2B2,121,1.68,2.3251999999999997,2.382099883166359,1.1413862494773641,defined,-0.04985155830676358,sensitivity_only
id:x%3A0x1.c000000000000p%2B2,122,1.694,2.33416,2.2772601168336406,1.1413862494773641,defined,0.04985155830676358,sensitivity_only
id:x%3A0x1.c000000000000p%2B2,123,1.708,2.34312,2.400019883166359,1.1413862494773641,defined,-0.04985155830676358,sensitivity_only
id:x%3A0x1.c000000000000p%2B2,124,1.722,2.35208,2.2951801168336408,1.1413862494773641,defined,0.04985155830676358,sensitivity_only
id:x%3A0x1.c000000000000p%2B2,125,1.736,2.36104,2.417939883166359,1.1413862494773641,defined,-0.04985155830676358,sensitivity_only
id:x%3A0x1.c000000000000p%2B2,126,1.75,2.37,2.313100116833641,1.1413862494773641,defined,0.04985155830676358,sensitivity_only
id:x%3A0x1.c000000000000p%2B2,127,1.764,2.37896,2.4358598831663594,1.1413862494773641,defined,-0.04985155830676358,sensitivity_only
id:x%3A0x1.c000000000000p%2B2,128,1.778,2.3879200000000003,2.331020116833641,1.1413862494773641,defined,0.04985155830676358,sensitivity_only
id:x%3A0x1.c000000000000p%2B2,129,1.792,2.3968800000000003,2.4537798831663595,1.1413862494773641,defined,-0.04985155830676358,sensitivity_only
id:x%3A0x1.c000000000000p%2B2,130,1.806,2.40584,2.348940116833641,1.1413862494773641,defined,0.04985155830676358,sensitivity_only
id:x%3A0x1.c000000000000p%2B2,131,1.82,2.4148,2.4716998831663592,1.1413862494773641,defined,-0.04985155830676358,sensitivity_only
id:x%3A0x1.c000000000000p%2B2,132,1.834,2.42376,2.366860116833641,1.1413862494773641,defined,0.04985155830676358,sensitivity_only
id:x%3A0x1.c000000000000p%2B2,133,1.848,2.4327199999999998,2.489619883166359,1.1413862494773641,defined,-0.04985155830676358,sensitivity_only
id:x%3A0x1.c000000000000p%2B2,134,1.862,2.44168,2.3847801168336407,1.1413862494773641,defined,0.04985155830676358,sensitivity_only
id:x%3A0x1.c000000000000p%2B2,135,1.876,2.45064,2.507539883166359,1.1413862494773641,defined,-0.04985155830676358,sensitivity_only
id:x%3A0x1.c000000000000p%2B2,136,1.89,2.4596,2.402700116833641,1.1413862494773641,defined,0.04985155830676358,sensitivity_only
id:x%3A0x1.c000000000000p%2B2,137,1.904,2.46856,2.5254598831663593,1.1413862494773641,defined,-0.04985155830676358,sensitivity_only
id:x%3A0x1.c000000000000p%2B2,138,1.918,2.47752,2.420620116833641,1.1413862494773641,defined,0.04985155830676358,sensitivity_only
id:x%3A0x1.c000000000000p%2B2,139,1.932,2.4864800000000002,2.5433798831663594,1.1413862494773641,defined,-0.04985155830676358,sensitivity_only
id:x%3A0x1.c000000000000p%2B2,140,1.946,2.4954400000000003,2.438540116833641,1.1413862494773641,defined,0.04985155830676358,sensitivity_only
id:x%3A0x1.c000000000000p%2B2,141,1.96,2.5044,2.561299883166359,1.1413862494773641,defined,-0.04985155830676358,sensitivity_only
id:x%3A0x1.c000000000000p%2B2,142,1.974,2.51336,2.456460116833641,1.1413862494773641,defined,0.04985155830676358,sensitivity_only
id:x%3A0x1.c000000000000p%2B2,143,1.988,2.52232,2.5792198831663593,1.1413862494773641,defined,-0.04985155830676358,sensitivity_only
id:x%3A0x1.c000000000000p%2B2,144,2.0,2.5300000000000002,2.473100116833641,1.1413862494773641,defined,0.04985155830676358,sensitivity_only
id:x%3A0x1.c000000000000p%2B2,145,2.002,2.5312799999999998,2.588179883166359,1.1413862494773641,defined,-0.04985155830676358,sensitivity_only
id:x%3A0x1.c000000000000p%2B2,146,2.016,2.54024,2.4833401168336406,1.1413862494773641,defined,0.04985155830676358,sensitivity_only
id:x%3A0x1.c000000000000p%2B2,147,2.03,2.5492,2.606099883166359,1.1413862494773641,defined,-0.04985155830676358,sensitivity_only
id:x%3A0x1.c000000000000p%2B2,148,2.044,2.55816,2.501260116833641,1.1413862494773641,defined,0.04985155830676358,sensitivity_only
id:x%3A0x1.c000000000000p%2B2,149,2.058,2.56712,2.6240198831663593,1.1413862494773641,defined,-0.04985155830676358,sensitivity_only
id:x%3A0x1.c000000000000p%2B2,150,2.072,2.57608,2.519180116833641,1.1413862494773641,defined,0.04985155830676358,sensitivity_only
id:x%3A0x1.c000000000000p%2B2,151,2.086,2.5850400000000002,2.6419398831663594,1.1413862494773641,defined,-0.04985155830676358,sensitivity_only
id:x%3A0x1.c000000000000p%2B2,152,2.1,2.5940000000000003,2.537100116833641,1.1413862494773641,defined,0.04985155830676358,sensitivity_only
id:x%3A0x1.c000000000000p%2B2,153,2.114,2.60296,2.659859883166359,1.1413862494773641,defined,-0.04985155830676358,sensitivity_only
id:x%3A0x1.c000000000000p%2B2,154,2.128,2.61192,2.555020116833641,1.1413862494773641,defined,0.04985155830676358,sensitivity_only
id:x%3A0x1.c000000000000p%2B2,155,2.142,2.6208799999999997,2.677779883166359,1.1413862494773641,defined,-0.04985155830676358,sensitivity_only
id:x%3A0x1.c000000000000p%2B2,156,2.156,2.62984,2.572940116833641,1.1413862494773641,defined,0.04985155830676358,sensitivity_only
id:x%3A0x1.c000000000000p%2B2,157,2.17,2.6388,2.695699883166359,1.1413862494773641,defined,-0.04985155830676358,sensitivity_only
id:x%3A0x1.c000000000000p%2B2,158,2.184,2.64776,2.5908601168336407,1.1413862494773641,defined,0.04985155830676358,sensitivity_only
id:x%3A0x1.c000000000000p%2B2,159,2.198,2.65672,2.713619883166359,1.1413862494773641,defined,-0.04985155830676358,sensitivity_only
id:x%3A0x1.c000000000000p%2B2,160,2.212,2.66568,2.608780116833641,1.1413862494773641,defined,0.04985155830676358,sensitivity_only
id:x%3A0x1.c000000000000p%2B2,161,2.226,2.67464,2.7315398831663593,1.1413862494773641,defined,-0.04985155830676358,sensitivity_only
id:x%3A0x1.c000000000000p%2B2,162,2.24,2.6836,2.626700116833641,1.1413862494773641,defined,0.04985155830676358,sensitivity_only
id:x%3A0x1.c000000000000p%2B2,163,2.254,2.6925600000000003,2.7494598831663595,1.1413862494773641,defined,-0.04985155830676358,sensitivity_only
id:x%3A0x1.c000000000000p%2B2,164,2.268,2.70152,2.6446201168336407,1.1413862494773641,defined,0.04985155830676358,sensitivity_only
id:x%3A0x1.c000000000000p%2B2,165,2.282,2.71048,2.767379883166359,1.1413862494773641,defined,-0.04985155830676358,sensitivity_only
id:x%3A0x1.c000000000000p%2B2,166,2.296,2.7194399999999996,2.6625401168336404,1.1413862494773641,defined,0.04985155830676358,sensitivity_only
id:x%3A0x1.c000000000000p%2B2,167,2.31,2.7284,2.7852998831663593,1.1413862494773641,defined,-0.04985155830676358,sensitivity_only
id:x%3A0x1.c000000000000p%2B2,168,2.324,2.73736,2.6804601168336406,1.1413862494773641,defined,0.04985155830676358,sensitivity_only
id:x%3A0x1.c000000000000p%2B2,169,2.338,2.74632,2.803219883166359,1.1413862494773641,defined,-0.04985155830676358,sensitivity_only
id:x%3A0x1.c000000000000p%2B2,170,2.352,2.75528,2.6983801168336408,1.1413862494773641,defined,0.04985155830676358,sensitivity_only
id:x%3A0x1.c000000000000p%2B2,171,2.366,2.76424,2.821139883166359,1.1413862494773641,defined,-0.04985155830676358,sensitivity_only
id:x%3A0x1.c000000000000p%2B2,172,2.38,2.7732,2.716300116833641,1.1413862494773641,defined,0.04985155830676358,sensitivity_only
id:x%3A0x1.c000000000000p%2B2,173,2.394,2.78216,2.8390598831663594,1.1413862494773641,defined,-0.04985155830676358,sensitivity_only
id:x%3A0x1.c000000000000p%2B2,174,2.408,2.7911200000000003,2.734220116833641,1.1413862494773641,defined,0.04985155830676358,sensitivity_only
id:x%3A0x1.c000000000000p%2B2,175,2.422,2.8000800000000003,2.8569798831663595,1.1413862494773641,defined,-0.04985155830676358,sensitivity_only
id:x%3A0x1.c000000000000p%2B2,176,2.436,2.80904,2.752140116833641,1.1413862494773641,defined,0.04985155830676358,sensitivity_only
id:x%3A0x1.c000000000000p%2B2,177,2.45,2.818,2.8748998831663592,1.1413862494773641,defined,-0.04985155830676358,sensitivity_only
id:x%3A0x1.c000000000000p%2B2,178,2.464,2.8269599999999997,2.7700601168336405,1.1413862494773641,defined,0.04985155830676358,sensitivity_only
id:x%3A0x1.c000000000000p%2B2,179,2.478,2.83592,2.8928198831663594,1.1413862494773641,defined,-0.04985155830676358,sensitivity_only
id:x%3A0x1.c000000000000p%2B2,180,2.492,2.84488,2.7879801168336407,1.1413862494773641,defined,0.04985155830676358,sensitivity_only
id:x%3A0x1.c000000000000p%2B2,181,2.506,2.85384,2.918948828714959,1.3060540317377747,defined,-0.04985155830676358,sensitivity_only
id:x%3A0x1.c000000000000p%2B2,182,2.52,2.8628,2.7976911712850407,1.3060540317377747,defined,0.04985155830676358,sensitivity_only
id:x%3A0x1.c000000000000p%2B2,183,2.534,2.87176,2.9368688287149594,1.3060540317377747,defined,-0.04985155830676358,sensitivity_only
id:x%3A0x1.c000000000000p%2B2,184,2.548,2.88072,2.815611171285041,1.3060540317377747,defined,0.04985155830676358,sensitivity_only
id:x%3A0x1.c000000000000p%2B2,185,2.562,2.8896800000000002,2.9547888287149595,1.3060540317377747,defined,-0.04985155830676358,sensitivity_only
id:x%3A0x1.c000000000000p%2B2,186,2.576,2.8986400000000003,2.833531171285041,1.3060540317377747,defined,0.04985155830676358,sensitivity_only
id:x%3A0x1.c000000000000p%2B2,187,2.59,2.9076,2.9727088287149592,1.3060540317377747,defined,-0.04985155830676358,sensitivity_only
id:x%3A0x1.c000000000000p%2B2,188,2.604,2.91656,2.8514511712850408,1.3060540317377747,defined,0.04985155830676358,sensitivity_only
id:x%3A0x1.c000000000000p%2B2,189,2.618,2.9255199999999997,2.990628828714959,1.3060540317377747,defined,-0.04985155830676358,sensitivity_only
id:x%3A0x1.c000000000000p%2B2,190,2.632,2.93448,2.869371171285041,1.3060540317377747,defined,0.04985155830676358,sensitivity_only
id:x%3A0x1.c000000000000p%2B2,191,2.646,2.94344,3.008548828714959,1.3060540317377747,defined,-0.04985155830676358,sensitivity_only
id:x%3A0x1.c000000000000p%2B2,192,2.66,2.9524,2.8872911712850406,1.3060540317377747,defined,0.04985155830676358,sensitivity_only
id:x%3A0x1.c000000000000p%2B2,193,2.674,2.96136,3.0264688287149593,1.3060540317377747,defined,-0.04985155830676358,sensitivity_only
id:x%3A0x1.c000000000000p%2B2,194,2.688,2.97032,2.905211171285041,1.3060540317377747,defined,0.04985155830676358,sensitivity_only
id:x%3A0x1.c000000000000p%2B2,195,2.702,2.97928,3.0443888287149594,1.3060540317377747,defined,-0.04985155830676358,sensitivity_only
id:x%3A0x1.c000000000000p%2B2,196,2.716,2.9882400000000002,2.923131171285041,1.3060540317377747,defined,0.04985155830676358,sensitivity_only
id:x%3A0x1.c000000000000p%2B2,197,2.73,2.9972000000000003,3.0623088287149596,1.3060540317377747,defined,-0.04985155830676358,sensitivity_only
id:x%3A0x1.c000000000000p%2B2,198,2.744,3.0061600000000004,2.941051171285041,1.3060540317377747,defined,0.04985155830676358,sensitivity_only
id:x%3A0x1.c000000000000p%2B2,199,2.758,3.01512,3.0802288287149593,1.3060540317377747,defined,-0.04985155830676358,sensitivity_only
id:x%3A0x1.c000000000000p%2B2,200,2.772,3.0240799999999997,2.9589711712850404,1.3060540317377747,defined,0.04985155830676358,sensitivity_only
id:x%3A0x1.c000000000000p%2B2,201,2.786,3.0330399999999997,3.098148828714959,1.3060540317377747,defined,-0.04985155830676358,sensitivity_only
id:x%3A0x1.c000000000000p%2B2,202,2.8,3.042,2.9768911712850405,1.3060540317377747,defined,0.04985155830676358,sensitivity_only
id:x%3A0x1.c000000000000p%2B2,203,2.814,3.05096,3.116068828714959,1.3060540317377747,defined,-0.04985155830676358,sensitivity_only
id:x%3A0x1.c000000000000p%2B2,204,2.828,3.05992,2.9948111712850407,1.3060540317377747,defined,0.04985155830676358,sensitivity_only
id:x%3A0x1.c000000000000p%2B2,205,2.842,3.06888,3.1339888287149593,1.3060540317377747,defined,-0.04985155830676358,sensitivity_only
id:x%3A0x1.c000000000000p%2B2,206,2.856,3.07784,3.012731171285041,1.3060540317377747,defined,0.04985155830676358,sensitivity_only
id:x%3A0x1.c000000000000p%2B2,207,2.87,3.0868,3.1519088287149595,1.3060540317377747,defined,-0.04985155830676358,sensitivity_only
id:x%3A0x1.c000000000000p%2B2,208,2.884,3.0957600000000003,3.030651171285041,1.3060540317377747,defined,0.04985155830676358,sensitivity_only
id:x%3A0x1.c000000000000p%2B2,209,2.898,3.1047200000000004,3.1698288287149596,1.3060540317377747,defined,-0.04985155830676358,sensitivity_only
id:x%3A0x1.c000000000000p%2B2,210,2.912,3.11368,3.0485711712850407,1.3060540317377747,defined,0.04985155830676358,sensitivity_only
id:x%3A0x1.c000000000000p%2B2,211,2.926,3.12264,3.1877488287149593,1.3060540317377747,defined,-0.04985155830676358,sensitivity_only
id:x%3A0x1.c000000000000p%2B2,212,2.94,3.1315999999999997,3.0664911712850405,1.3060540317377747,defined,0.04985155830676358,sensitivity_only
id:x%3A0x1.c000000000000p%2B2,213,2.954,3.1405600000000002,3.2056688287149595,1.3060540317377747,defined,-0.04985155830676358,sensitivity_only
id:x%3A0x1.c000000000000p%2B2,214,2.968,3.14952,3.0844111712850406,1.3060540317377747,defined,0.04985155830676358,sensitivity_only
id:x%3A0x1.c000000000000p%2B2,215,2.982,3.15848,3.223588828714959,1.3060540317377747,defined,-0.04985155830676358,sensitivity_only
id:x%3A0x1.c000000000000p%2B2,216,2.996,3.16744,3.1023311712850408,1.3060540317377747,defined,0.04985155830676358,sensitivity_only
id:x%3A0x1.c000000000000p%2B2,217,3.0,3.17,3.235108828714959,1.3060540317377747,defined,-0.04985155830676358,sensitivity_only
id:x%3A0x1.c000000000000p%2B2,218,3.01,3.1764,3.111291171285041,1.3060540317377747,defined,0.04985155830676358,sensitivity_only
id:x%3A0x1.c000000000000p%2B2,219,3.024,3.18536,3.2504688287149595,1.3060540317377747,defined,-0.04985155830676358,sensitivity_only
id:x%3A0x1.c000000000000p%2B2,220,3.038,3.19432,3.1292111712850406,1.3060540317377747,defined,0.04985155830676358,sensitivity_only
id:x%3A0x1.c000000000000p%2B2,221,3.052,3.2032800000000003,3.2683888287149596,1.3060540317377747,defined,-0.04985155830676358,sensitivity_only
id:x%3A0x1.c000000000000p%2B2,222,3.066,3.21224,3.1471311712850407,1.3060540317377747,defined,0.04985155830676358,sensitivity_only
id:x%3A0x1.c000000000000p%2B2,223,3.08,3.2212,3.2863088287149593,1.3060540317377747,defined,-0.04985155830676358,sensitivity_only
id:x%3A0x1.c000000000000p%2B2,224,3.094,3.2301599999999997,3.1650511712850404,1.3060540317377747,defined,0.04985155830676358,sensitivity_only
id:x%3A0x1.c000000000000p%2B2,225,3.108,3.2391199999999998,3.304228828714959,1.3060540317377747,defined,-0.04985155830676358,sensitivity_only
id:x%3A0x1.c000000000000p%2B2,226,3.122,3.24808,3.1829711712850406,1.3060540317377747,defined,0.04985155830676358,sensitivity_only
id:x%3A0x1.c000000000000p%2B2,227,3.136,3.25704,3.322148828714959,1.3060540317377747,defined,-0.04985155830676358,sensitivity_only
id:x%3A0x1.c000000000000p%2B2,228,3.15,3.266,3.2008911712850407,1.3060540317377747,defined,0.04985155830676358,sensitivity_only
id:x%3A0x1.c000000000000p%2B2,229,3.164,3.27496,3.3400688287149594,1.3060540317377747,defined,-0.04985155830676358,sensitivity_only
id:x%3A0x1.c000000000000p%2B2,230,3.178,3.28392,3.218811171285041,1.3060540317377747,defined,0.04985155830676358,sensitivity_only
id:x%3A0x1.c000000000000p%2B2,231,3.192,3.2928800000000003,3.3579888287149595,1.3060540317377747,defined,-0.04985155830676358,sensitivity_only
id:x%3A0x1.c000000000000p%2B2,232,3.206,3.30184,3.2367311712850406,1.3060540317377747,defined,0.04985155830676358,sensitivity_only
id:x%3A0x1.c000000000000p%2B2,233,3.22,3.3108,3.3759088287149592,1.3060540317377747,defined,-0.04985155830676358,sensitivity_only
id:x%3A0x1.c000000000000p%2B2,234,3.234,3.31976,3.254651171285041,1.3060540317377747,defined,0.04985155830676358,sensitivity_only
id:x%3A0x1.c000000000000p%2B2,235,3.248,3.32872,3.3938288287149594,1.3060540317377747,defined,-0.04985155830676358,sensitivity_only
id:x%3A0x1.c000000000000p%2B2,236,3.262,3.33768,3.272571171285041,1.3060540317377747,defined,0.04985155830676358,sensitivity_only
id:x%3A0x1.c000000000000p%2B2,237,3.276,3.34664,3.411748828714959,1.3060540317377747,defined,-0.04985155830676358,sensitivity_only
id:x%3A0x1.c000000000000p%2B2,238,3.29,3.3556,3.2904911712850407,1.3060540317377747,defined,0.04985155830676358,sensitivity_only
id:x%3A0x1.c000000000000p%2B2,239,3.304,3.36456,3.4296688287149593,1.3060540317377747,defined,-0.04985155830676358,sensitivity_only
id:x%3A0x1.c000000000000p%2B2,240,3.318,3.37352,3.308411171285041,1.3060540317377747,defined,0.04985155830676358,sensitivity_only
id:x%3A0x1.c000000000000p%2B2,241,3.332,3.38248,3.4475888287149594,1.3060540317377747,defined,-0.04985155830676358,sensitivity_only
id:x%3A0x1.c000000000000p%2B2,242,3.346,3.3914400000000002,3.326331171285041,1.3060540317377747,defined,0.04985155830676358,sensitivity_only
id:x%3A0x1.c000000000000p%2B2,243,3.36,3.4004,3.465508828714959,1.3060540317377747,defined,-0.04985155830676358,sensitivity_only
id:x%3A0x1.c000000000000p%2B2,244,3.374,3.40936,3.3442511712850407,1.3060540317377747,defined,0.04985155830676358,sensitivity_only
id:x%3A0x1.c000000000000p%2B2,245,3.388,3.41832,3.4834288287149593,1.3060540317377747,defined,-0.04985155830676358,sensitivity_only
id:x%3A0x1.c000000000000p%2B2,246,3.402,3.42728,3.362171171285041,1.3060540317377747,defined,0.04985155830676358,sensitivity_only
id:x%3A0x1.c000000000000p%2B2,247,3.416,3.43624,3.5013488287149594,1.3060540317377747,defined,-0.04985155830676358,sensitivity_only
id:x%3A0x1.c000000000000p%2B2,248,3.43,3.4452000000000003,3.380091171285041,1.3060540317377747,defined,0.04985155830676358,sensitivity_only
id:x%3A0x1.c000000000000p%2B2,249,3.444,3.45416,3.519268828714959,1.3060540317377747,defined,-0.04985155830676358,sensitivity_only
id:x%3A0x1.c000000000000p%2B2,250,3.458,3.46312,3.3980111712850407,1.3060540317377747,defined,0.04985155830676358,sensitivity_only
id:x%3A0x1.c000000000000p%2B2,251,3.472,3.47208,3.5371888287149593,1.3060540317377747,defined,-0.04985155830676358,sensitivity_only
id:x%3A0x1.c000000000000p%2B2,252,3.486,3.48104,3.415931171285041,1.3060540317377747,defined,0.04985155830676358,sensitivity_only
id:x%3A0x1.c000000000000p%2B2,253,3.5,3.49,3.5551088287149595,1.3060540317377747,defined,-0.04985155830676358,sensitivity_only
id:x%3A0x1.c000000000000p%2B2,254,3.514,3.49896,3.4439071287479415,1.104336015201135,defined,0.04985155830676358,sensitivity_only
id:x%3A0x1.c000000000000p%2B2,255,3.528,3.50792,3.5629728712520583,1.104336015201135,defined,-0.04985155830676358,sensitivity_only
id:x%3A0x1.c000000000000p%2B2,256,3.542,3.51688,3.4618271287479416,1.104336015201135,defined,0.04985155830676358,sensitivity_only
id:x%3A0x1.c000000000000p%2B2,257,3.556,3.52584,3.5808928712520585,1.104336015201135,defined,-0.04985155830676358,sensitivity_only
id:x%3A0x1.c000000000000p%2B2,258,3.57,3.5348,3.479747128747942,1.104336015201135,defined,0.04985155830676358,sensitivity_only
id:x%3A0x1.c000000000000p%2B2,259,3.584,3.5437600000000002,3.5988128712520586,1.104336015201135,defined,-0.04985155830676358,sensitivity_only
id:x%3A0x1.c000000000000p%2B2,260,3.598,3.55272,3.4976671287479415,1.104336015201135,defined,0.04985155830676358,sensitivity_only
id:x%3A0x1.c000000000000p%2B2,261,3.612,3.56168,3.6167328712520583,1.104336015201135,defined,-0.04985155830676358,sensitivity_only
id:x%3A0x1.c000000000000p%2B2,262,3.626,3.57064,3.5155871287479417,1.104336015201135,defined,0.04985155830676358,sensitivity_only
id:x%3A0x1.c000000000000p%2B2,263,3.64,3.5796,3.6346528712520585,1.104336015201135,defined,-0.04985155830676358,sensitivity_only
id:x%3A0x1.c000000000000p%2B2,264,3.654,3.58856,3.533507128747942,1.104336015201135,defined,0.04985155830676358,sensitivity_only
id:x%3A0x1.c000000000000p%2B2,265,3.668,3.5975200000000003,3.6525728712520587,1.104336015201135,defined,-0.04985155830676358,sensitivity_only
id:x%3A0x1.c000000000000p%2B2,266,3.682,3.60648,3.5514271287479415,1.104336015201135,defined,0.04985155830676358,sensitivity_only
id:x%3A0x1.c000000000000p%2B2,267,3.696,3.61544,3.6704928712520584,1.104336015201135,defined,-0.04985155830676358,sensitivity_only
id:x%3A0x1.c000000000000p%2B2,268,3.71,3.6244,3.5693471287479417,1.104336015201135,defined,0.04985155830676358,sensitivity_only
id:x%3A0x1.c000000000000p%2B2,269,3.724,3.63336,3.6884128712520585,1.104336015201135,defined,-0.04985155830676358,sensitivity_only
id:x%3A0x1.c000000000000p%2B2,270,3.738,3.6423200000000002,3.587267128747942,1.104336015201135,defined,0.04985155830676358,sensitivity_only
id:x%3A0x1.c000000000000p%2B2,271,3.752,3.65128,3.7063328712520582,1.104336015201135,defined,-0.04985155830676358,sensitivity_only
id:x%3A0x1.c000000000000p%2B2,272,3.766,3.66024,3.6051871287479416,1.104336015201135,defined,0.04985155830676358,sensitivity_only
id:x%3A0x1.c000000000000p%2B2,273,3.78,3.6692,3.7242528712520584,1.104336015201135,defined,-0.04985155830676358,sensitivity_only
id:x%3A0x1.c000000000000p%2B2,274,3.794,3.67816,3.6231071287479417,1.104336015201135,defined,0.04985155830676358,sensitivity_only
id:x%3A0x1.c000000000000p%2B2,275,3.808,3.6871199999999997,3.742172871252058,1.104336015201135,defined,-0.04985155830676358,sensitivity_only
id:x%3A0x1.c000000000000p%2B2,276,3.822,3.6960800000000003,3.641027128747942,1.104336015201135,defined,0.04985155830676358,sensitivity_only
id:x%3A0x1.c000000000000p%2B2,277,3.836,3.70504,3.7600928712520583,1.104336015201135,defined,-0.04985155830676358,sensitivity_only
id:x%3A0x1.c000000000000p%2B2,278,3.85,3.714,3.6589471287479416,1.104336015201135,defined,0.04985155830676358,sensitivity_only
id:x%3A0x1.c000000000000p%2B2,279,3.864,3.72296,3.7780128712520584,1.104336015201135,defined,-0.04985155830676358,sensitivity_only
id:x%3A0x1.c000000000000p%2B2,280,3.878,3.73192,3.6768671287479417,1.104336015201135,defined,0.04985155830676358,sensitivity_only
id:x%3A0x1.c000000000000p%2B2,281,3.892,3.74088,3.7959328712520586,1.104336015201135,defined,-0.04985155830676358,sensitivity_only
id:x%3A0x1.c000000000000p%2B2,282,3.906,3.7498400000000003,3.694787128747942,1.104336015201135,defined,0.04985155830676358,sensitivity_only
id:x%3A0x1.c000000000000p%2B2,283,3.92,3.7588,3.8138528712520583,1.104336015201135,defined,-0.04985155830676358,sensitivity_only
id:x%3A0x1.c000000000000p%2B2,284,3.934,3.76776,3.7127071287479416,1.104336015201135,defined,0.04985155830676358,sensitivity_only
id:x%3A0x1.c000000000000p%2B2,285,3.948,3.77672,3.8317728712520585,1.104336015201135,defined,-0.04985155830676358,sensitivity_only
id:x%3A0x1.c000000000000p%2B2,286,3.962,3.78568,3.730627128747942,1.104336015201135,defined,0.04985155830676358,sensitivity_only
id:x%3A0x1.c000000000000p%2B2,287,3.976,3.7946400000000002,3.8496928712520586,1.104336015201135,defined,-0.04985155830676358,sensitivity_only
id:x%3A0x1.c000000000000p%2B2,288,3.99,3.8036000000000003,3.748547128747942,1.104336015201135,defined,0.04985155830676358,sensitivity_only
id:x%3A0x1.c000000000000p%2B2,289,4.0,3.81,3.8650528712520584,1.104336015201135,defined,-0.04985155830676358,sensitivity_only
id:x%3A0x1.c000000000000p%2B2,290,4.004,3.81256,3.7575071287479416,1.104336015201135,defined,0.04985155830676358,sensitivity_only
id:x%3A0x1.c000000000000p%2B2,291,4.018,3.82152,3.8765728712520584,1.104336015201135,defined,-0.04985155830676358,sensitivity_only
id:x%3A0x1.c000000000000p%2B2,292,4.032,3.83048,3.7754271287479417,1.104336015201135,defined,0.04985155830676358,sensitivity_only
id:x%3A0x1.c000000000000p%2B2,293,4.046,3.83944,3.8944928712520586,1.104336015201135,defined,-0.04985155830676358,sensitivity_only
id:x%3A0x1.c000000000000p%2B2,294,4.06,3.8484,3.7933471287479414,1.104336015201135,defined,0.04985155830676358,sensitivity_only
id:x%3A0x1.c000000000000p%2B2,295,4.074,3.85736,3.9124128712520583,1.104336015201135,defined,-0.04985155830676358,sensitivity_only
id:x%3A0x1.c000000000000p%2B2,296,4.088,3.86632,3.8112671287479416,1.104336015201135,defined,0.04985155830676358,sensitivity_only
id:x%3A0x1.c000000000000p%2B2,297,4.102,3.87528,3.9303328712520584,1.104336015201135,defined,-0.04985155830676358,sensitivity_only
id:x%3A0x1.c000000000000p%2B2,298,4.116,3.8842399999999997,3.8291871287479413,1.104336015201135,defined,0.04985155830676358,sensitivity_only
id:x%3A0x1.c000000000000p%2B2,299,4.13,3.8931999999999998,3.948252871252058,1.104336015201135,defined,-0.04985155830676358,sensitivity_only
id:x%3A0x1.c000000000000p%2B2,300,4.144,3.9021600000000003,3.847107128747942,1.104336015201135,defined,0.04985155830676358,sensitivity_only
id:x%3A0x1.c000000000000p%2B2,301,4.158,3.9111200000000004,3.9661728712520588,1.104336015201135,defined,-0.04985155830676358,sensitivity_only
id:x%3A0x1.c000000000000p%2B2,302,4.172,3.92008,3.8650271287479416,1.104336015201135,defined,0.04985155830676358,sensitivity_only
id:x%3A0x1.c000000000000p%2B2,303,4.186,3.92904,3.9840928712520585,1.104336015201135,defined,-0.04985155830676358,sensitivity_only
id:x%3A0x1.c000000000000p%2B2,304,4.2,3.938,3.882947128747942,1.104336015201135,defined,0.04985155830676358,sensitivity_only
id:x%3A0x1.c000000000000p%2B2,305,4.214,3.9469600000000002,4.002012871252059,1.104336015201135,defined,-0.04985155830676358,sensitivity_only
id:x%3A0x1.c000000000000p%2B2,306,4.228,3.95592,3.9008671287479415,1.104336015201135,defined,0.04985155830676358,sensitivity_only
id:x%3A0x1.c000000000000p%2B2,307,4.242,3.96488,4.019932871252058,1.104336015201135,defined,-0.04985155830676358,sensitivity_only
id:x%3A0x1.c000000000000p%2B2,308,4.256,3.97384,3.9187871287479417,1.104336015201135,defined,0.04985155830676358,sensitivity_only
id:x%3A0x1.c000000000000p%2B2,309,4.27,3.9827999999999997,4.037852871252058,1.104336015201135,defined,-0.04985155830676358,sensitivity_only
id:x%3A0x1.c000000000000p%2B2,310,4.284,3.9917599999999998,3.9367071287479414,1.104336015201135,defined,0.04985155830676358,sensitivity_only
id:x%3A0x1.c000000000000p%2B2,311,4.298,4.00072,4.055772871252058,1.104336015201135,defined,-0.04985155830676358,sensitivity_only
id:x%3A0x1.c000000000000p%2B2,312,4.312,4.00968,3.954627128747942,1.104336015201135,defined,0.04985155830676358,sensitivity_only
id:x%3A0x1.c000000000000p%2B2,313,4.326,4.0186399999999995,4.0736928712520575,1.104336015201135,defined,-0.04985155830676358,sensitivity_only
id:x%3A0x1.c000000000000p%2B2,314,4.34,4.0276,3.9725471287479412,1.104336015201135,defined,0.04985155830676358,sensitivity_only
id:x%3A0x1.c000000000000p%2B2,315,4.354,4.03656,4.091612871252058,1.104336015201135,defined,-0.04985155830676358,sensitivity_only
id:x%3A0x1.c000000000000p%2B2,316,4.368,4.04552,3.9904671287479414,1.104336015201135,defined,0.04985155830676358,sensitivity_only
id:x%3A0x1.c000000000000p%2B2,317,4.382,4.05448,4.109532871252058,1.104336015201135,defined,-0.04985155830676358,sensitivity_only
id:x%3A0x1.c000000000000p%2B2,318,4.396,4.06344,4.008387128747942,1.104336015201135,defined,0.04985155830676358,sensitivity_only
id:x%3A0x1.c000000000000p%2B2,319,4.41,4.0724,4.127452871252058,1.104336015201135,defined,-0.04985155830676358,sensitivity_only
id:x%3A0x1.c000000000000p%2B2,320,4.424,4.08136,4.026307128747942,1.104336015201135,defined,0.04985155830676358,sensitivity_only
id:x%3A0x1.c000000000000p%2B2,321,4.438,4.09032,4.145372871252058,1.104336015201135,defined,-0.04985155830676358,sensitivity_only
id:x%3A0x1.c000000000000p%2B2,322,4.452,4.09928,4.044227128747942,1.104336015201135,defined,0.04985155830676358,sensitivity_only
id:x%3A0x1.c000000000000p%2B2,323,4.466,4.10824,4.163292871252058,1.104336015201135,defined,-0.04985155830676358,sensitivity_only
id:x%3A0x1.c000000000000p%2B2,324,4.48,4.1172,4.0621471287479425,1.104336015201135,defined,0.04985155830676358,sensitivity_only
id:x%3A0x1.c000000000000p%2B2,325,4.494,4.1261600000000005,4.181212871252058,1.104336015201135,defined,-0.04985155830676358,sensitivity_only
id:x%3A0x1.c000000000000p%2B2,326,4.508,4.135120000000001,4.080067128747943,1.1043360152011354,defined,0.04985155830676358,sensitivity_only
id:x%3A0x1.c000000000000p%2B2,327,4.522,4.144080000000001,4.199132871252059,1.1043360152011354,defined,-0.04985155830676358,sensitivity_only
id:x%3A0x1.c000000000000p%2B2,328,4.536,4.15304,4.097987128747942,1.1043360152011354,defined,0.04985155830676358,sensitivity_only
id:x%3A0x1.c000000000000p%2B2,329,4.55,4.162,4.217052871252058,1.1043360152011354,defined,-0.04985155830676358,sensitivity_only
id:x%3A0x1.c000000000000p%2B2,330,4.564,4.17096,4.115907128747942,1.1043360152011354,defined,0.04985155830676358,sensitivity_only
id:x%3A0x1.c000000000000p%2B2,331,4.578,4.17992,4.234972871252058,1.1043360152011354,defined,-0.04985155830676358,sensitivity_only
id:x%3A0x1.c000000000000p%2B2,332,4.592,4.188879999999999,4.133827128747941,1.1043360152011354,defined,0.04985155830676358,sensitivity_only
id:x%3A0x1.c000000000000p%2B2,333,4.606,4.197839999999999,4.252892871252057,1.1043360152011354,defined,-0.04985155830676358,sensitivity_only
id:x%3A0x1.c000000000000p%2B2,334,4.62,4.2068,4.151747128747942,1.1043360152011354,defined,0.04985155830676358,sensitivity_only
id:x%3A0x1.c000000000000p%2B2,335,4.634,4.21576,4.270812871252058,1.1043360152011354,defined,-0.04985155830676358,sensitivity_only
id:x%3A0x1.c000000000000p%2B2,336,4.648,4.22472,4.169667128747942,1.1043360152011354,defined,0.04985155830676358,sensitivity_only
id:x%3A0x1.c000000000000p%2B2,337,4.662,4.23368,4.288732871252058,1.1043360152011354,defined,-0.04985155830676358,sensitivity_only
id:x%3A0x1.c000000000000p%2B2,338,4.676,4.24264,4.187587128747942,1.1043360152011354,defined,0.04985155830676358,sensitivity_only
id:x%3A0x1.c000000000000p%2B2,339,4.69,4.2516,4.306652871252058,1.1043360152011354,defined,-0.04985155830676358,sensitivity_only
id:x%3A0x1.c000000000000p%2B2,340,4.704,4.26056,4.205507128747942,1.1043360152011354,defined,0.04985155830676358,sensitivity_only
id:x%3A0x1.c000000000000p%2B2,341,4.718,4.26952,4.324572871252058,1.1043360152011354,defined,-0.04985155830676358,sensitivity_only
id:x%3A0x1.c000000000000p%2B2,342,4.732,4.27848,4.223427128747942,1.1043360152011354,defined,0.04985155830676358,sensitivity_only
id:x%3A0x1.c000000000000p%2B2,343,4.746,4.28744,4.342492871252058,1.1043360152011354,defined,-0.04985155830676358,sensitivity_only
id:x%3A0x1.c000000000000p%2B2,344,4.76,4.2964,4.241347128747942,1.1043360152011354,defined,0.04985155830676358,sensitivity_only
id:x%3A0x1.c000000000000p%2B2,345,4.774,4.30536,4.360412871252058,1.1043360152011354,defined,-0.04985155830676358,sensitivity_only
id:x%3A0x1.c000000000000p%2B2,346,4.788,4.31432,4.259267128747942,1.1043360152011354,defined,0.04985155830676358,sensitivity_only
id:x%3A0x1.c000000000000p%2B2,347,4.802,4.3232800000000005,4.378332871252058,1.1043360152011354,defined,-0.04985155830676358,sensitivity_only
id:x%3A0x1.c000000000000p%2B2,348,4.816,4.3322400000000005,4.277187128747943,1.1043360152011354,defined,0.04985155830676358,sensitivity_only
id:x%3A0x1.c000000000000p%2B2,349,4.83,4.341200000000001,4.3962528712520585,1.1043360152011354,defined,-0.04985155830676358,sensitivity_only
id:x%3A0x1.c000000000000p%2B2,350,4.844,4.350160000000001,4.295107128747943,1.1043360152011354,defined,0.04985155830676358,sensitivity_only
id:x%3A0x1.c000000000000p%2B2,351,4.858,4.35912,4.414172871252058,1.1043360152011354,defined,-0.04985155830676358,sensitivity_only
id:x%3A0x1.c000000000000p%2B2,352,4.872,4.36808,4.313027128747942,1.1043360152011354,defined,0.04985155830676358,sensitivity_only
id:x%3A0x1.c000000000000p%2B2,353,4.886,4.37704,4.432092871252058,1.1043360152011354,defined,-0.04985155830676358,sensitivity_only
id:x%3A0x1.c000000000000p%2B2,354,4.9,4.386,4.330947128747942,1.1043360152011354,defined,0.04985155830676358,sensitivity_only
id:x%3A0x1.c000000000000p%2B2,355,4.914,4.394959999999999,4.450012871252057,1.1043360152011354,defined,-0.04985155830676358,sensitivity_only
id:x%3A0x1.c000000000000p%2B2,356,4.928,4.403919999999999,4.3488671287479415,1.1043360152011354,defined,0.04985155830676358,sensitivity_only
id:x%3A0x1.c000000000000p%2B2,357,4.942,4.41288,4.467932871252058,1.1043360152011354,defined,-0.04985155830676358,sensitivity_only
id:x%3A0x1.c000000000000p%2B2,358,4.956,4.42184,4.3667871287479425,1.1043360152011354,defined,0.04985155830676358,sensitivity_only
id:x%3A0x1.c000000000000p%2B2,359,4.97,4.4308,4.485852871252058,1.1043360152011354,defined,-0.04985155830676358,sensitivity_only
id:x%3A0x1.c000000000000p%2B2,360,4.984,4.43976,4.384707128747942,1.1043360152011354,defined,0.04985155830676358,sensitivity_only
id:x%3A0x1.c000000000000p%2B2,361,4.998,4.44872,4.503772871252058,1.1043360152011354,defined,-0.04985155830676358,sensitivity_only
id:x%3A0x1.c000000000000p%2B2,362,5.0,4.45,4.394947128747942,1.1043360152011354,defined,0.04985155830676358,sensitivity_only
id:x%3A0x1.c000000000000p%2B2,363,5.012,4.45768,4.512732871252058,1.1043360152011354,defined,-0.04985155830676358,sensitivity_only
id:x%3A0x1.c000000000000p%2B2,364,5.026,4.46664,4.411587128747942,1.1043360152011354,defined,0.04985155830676358,sensitivity_only
id:x%3A0x1.c000000000000p%2B2,365,5.04,4.4756,4.530652871252058,1.1043360152011354,defined,-0.04985155830676358,sensitivity_only
id:x%3A0x1.c000000000000p%2B2,366,5.054,4.48456,4.429507128747942,1.1043360152011354,defined,0.04985155830676358,sensitivity_only
id:x%3A0x1.c000000000000p%2B2,367,5.068,4.49352,4.548572871252058,1.1043360152011354,defined,-0.04985155830676358,sensitivity_only
id:x%3A0x1.c000000000000p%2B2,368,5.082,4.50248,4.447427128747942,1.1043360152011354,defined,0.04985155830676358,sensitivity_only
id:x%3A0x1.c000000000000p%2B2,369,5.096,4.51144,4.566492871252058,1.1043360152011354,defined,-0.04985155830676358,sensitivity_only
id:x%3A0x1.c000000000000p%2B2,370,5.11,4.5204,4.4653471287479425,1.1043360152011354,defined,0.04985155830676358,sensitivity_only
id:x%3A0x1.c000000000000p%2B2,371,5.124,4.5293600000000005,4.584412871252058,1.1043360152011354,defined,-0.04985155830676358,sensitivity_only
id:x%3A0x1.c000000000000p%2B2,372,5.138,4.538320000000001,4.483267128747943,1.1043360152011354,defined,0.04985155830676358,sensitivity_only
id:x%3A0x1.c000000000000p%2B2,373,5.152,4.547280000000001,4.602332871252059,1.1043360152011354,defined,-0.04985155830676358,sensitivity_only
id:x%3A0x1.c000000000000p%2B2,374,5.166,4.556240000000001,4.501187128747943,1.1043360152011354,defined,0.04985155830676358,sensitivity_only
id:x%3A0x1.c000000000000p%2B2,375,5.18,4.5652,4.620252871252058,1.1043360152011354,defined,-0.04985155830676358,sensitivity_only
id:x%3A0x1.c000000000000p%2B2,376,5.194,4.57416,4.519107128747942,1.1043360152011354,defined,0.04985155830676358,sensitivity_only
id:x%3A0x1.c000000000000p%2B2,377,5.208,4.58312,4.638172871252058,1.1043360152011354,defined,-0.04985155830676358,sensitivity_only
id:x%3A0x1.c000000000000p%2B2,378,5.222,4.59208,4.537027128747942,1.1043360152011354,defined,0.04985155830676358,sensitivity_only
id:x%3A0x1.c000000000000p%2B2,379,5.236,4.601039999999999,4.656092871252057,1.1043360152011354,defined,-0.04985155830676358,sensitivity_only
id:x%3A0x1.c000000000000p%2B2,380,5.25,4.609999999999999,4.5549471287479415,1.1043360152011354,defined,0.04985155830676358,sensitivity_only
id:x%3A0x1.c000000000000p%2B2,381,5.264,4.61896,4.674012871252058,1.1043360152011354,defined,-0.04985155830676358,sensitivity_only
id:x%3A0x1.c000000000000p%2B2,382,5.278,4.62792,4.572867128747942,1.1043360152011354,defined,0.04985155830676358,sensitivity_only
id:x%3A0x1.c000000000000p%2B2,383,5.292,4.63688,4.691932871252058,1.1043360152011354,defined,-0.04985155830676358,sensitivity_only
id:x%3A0x1.c000000000000p%2B2,384,5.306,4.64584,4.590787128747942,1.1043360152011354,defined,0.04985155830676358,sensitivity_only
id:x%3A0x1.c000000000000p%2B2,385,5.32,4.6548,4.709852871252058,1.1043360152011354,defined,-0.04985155830676358,sensitivity_only
id:x%3A0x1.c000000000000p%2B2,386,5.334,4.66376,4.608707128747942,1.1043360152011354,defined,0.04985155830676358,sensitivity_only
id:x%3A0x1.c000000000000p%2B2,387,5.348,4.67272,4.727772871252058,1.1043360152011354,defined,-0.04985155830676358,sensitivity_only
id:x%3A0x1.c000000000000p%2B2,388,5.362,4.68168,4.626627128747942,1.1043360152011354,defined,0.04985155830676358,sensitivity_only
id:x%3A0x1.c000000000000p%2B2,389,5.376,4.69064,4.745692871252058,1.1043360152011354,defined,-0.04985155830676358,sensitivity_only
id:x%3A0x1.c000000000000p%2B2,390,5.39,4.6996,4.644547128747942,1.1043360152011354,defined,0.04985155830676358,sensitivity_only
id:x%3A0x1.c000000000000p%2B2,391,5.404,4.70856,4.763612871252058,1.1043360152011354,defined,-0.04985155830676358,sensitivity_only
id:x%3A0x1.c000000000000p%2B2,392,5.418,4.71752,4.6624671287479424,1.1043360152011354,defined,0.04985155830676358,sensitivity_only
id:x%3A0x1.c000000000000p%2B2,393,5.432,4.7264800000000005,4.781532871252058,1.1043360152011354,defined,-0.04985155830676358,sensitivity_only
id:x%3A0x1.c000000000000p%2B2,394,5.446,4.7354400000000005,4.680387128747943,1.1043360152011354,defined,0.04985155830676358,sensitivity_only
id:x%3A0x1.c000000000000p%2B2,395,5.46,4.744400000000001,4.7994528712520586,1.1043360152011354,defined,-0.04985155830676358,sensitivity_only
id:x%3A0x1.c000000000000p%2B2,396,5.474,4.753360000000001,4.698307128747943,1.1043360152011354,defined,0.04985155830676358,sensitivity_only
id:x%3A0x1.c000000000000p%2B2,397,5.488,4.762320000000001,4.817372871252059,1.1043360152011354,defined,-0.04985155830676358,sensitivity_only
id:x%3A0x1.c000000000000p%2B2,398,5.502,4.77128,4.716227128747942,1.104336015201135,defined,0.04985155830676358,sensitivity_only
id:x%3A0x1.c000000000000p%2B2,399,5.516,4.78024,4.835292871252058,1.104336015201135,defined,-0.04985155830676358,sensitivity_only
id:x%3A0x1.c000000000000p%2B2,400,5.53,4.7892,4.734147128747942,1.104336015201135,defined,0.04985155830676358,sensitivity_only
id:x%3A0x1.c000000000000p%2B2,401,5.544,4.798159999999999,4.853212871252057,1.104336015201135,defined,-0.04985155830676358,sensitivity_only
id:x%3A0x1.c000000000000p%2B2,402,5.558,4.807119999999999,4.7520671287479415,1.104336015201135,defined,0.04985155830676358,sensitivity_only
id:x%3A0x1.c000000000000p%2B2,403,5.572,4.8160799999999995,4.871132871252057,1.104336015201135,defined,-0.04985155830676358,sensitivity_only
id:x%3A0x1.c000000000000p%2B2,404,5.586,4.82504,4.7699871287479425,1.104336015201135,defined,0.04985155830676358,sensitivity_only
id:x%3A0x1.c000000000000p%2B2,405,5.6,4.834,4.889052871252058,1.104336015201135,defined,-0.04985155830676358,sensitivity_only
id:x%3A0x1.c000000000000p%2B2,406,5.614,4.84296,4.787907128747942,1.104336015201135,defined,0.04985155830676358,sensitivity_only
id:x%3A0x1.c000000000000p%2B2,407,5.628,4.85192,4.906972871252058,1.104336015201135,defined,-0.04985155830676358,sensitivity_only
id:x%3A0x1.c000000000000p%2B2,408,5.642,4.86088,4.805827128747942,1.104336015201135,defined,0.04985155830676358,sensitivity_only
id:x%3A0x1.c000000000000p%2B2,409,5.656,4.86984,4.924892871252058,1.104336015201135,defined,-0.04985155830676358,sensitivity_only
id:x%3A0x1.c000000000000p%2B2,410,5.67,4.8788,4.823747128747942,1.104336015201135,defined,0.04985155830676358,sensitivity_only
id:x%3A0x1.c000000000000p%2B2,411,5.684,4.88776,4.942812871252058,1.104336015201135,defined,-0.04985155830676358,sensitivity_only
id:x%3A0x1.c000000000000p%2B2,412,5.698,4.89672,4.841667128747942,1.104336015201135,defined,0.04985155830676358,sensitivity_only
id:x%3A0x1.c000000000000p%2B2,413,5.712,4.90568,4.960732871252058,1.104336015201135,defined,-0.04985155830676358,sensitivity_only
id:x%3A0x1.c000000000000p%2B2,414,5.726,4.91464,4.859587128747942,1.104336015201135,defined,0.04985155830676358,sensitivity_only
id:x%3A0x1.c000000000000p%2B2,415,5.74,4.9236,4.978652871252058,1.104336015201135,defined,-0.04985155830676358,sensitivity_only
id:x%3A0x1.c000000000000p%2B2,416,5.754,4.93256,4.877507128747942,1.104336015201135,defined,0.04985155830676358,sensitivity_only
id:x%3A0x1.c000000000000p%2B2,417,5.768,4.941520000000001,4.9965728712520585,1.104336015201135,defined,-0.04985155830676358,sensitivity_only
id:x%3A0x1.c000000000000p%2B2,418,5.782,4.950480000000001,4.895427128747943,1.104336015201135,defined,0.04985155830676358,sensitivity_only
id:x%3A0x1.c000000000000p%2B2,419,5.796,4.959440000000001,5.014492871252059,1.104336015201135,defined,-0.04985155830676358,sensitivity_only
id:x%3A0x1.c000000000000p%2B2,420,5.81,4.9684,4.913347128747942,1.104336015201135,defined,0.04985155830676358,sensitivity_only
id:x%3A0x1.c000000000000p%2B2,421,5.824,4.97736,5.032412871252058,1.104336015201135,defined,-0.04985155830676358,sensitivity_only
id:x%3A0x1.c000000000000p%2B2,422,5.838,4.98632,4.931267128747942,1.104336015201135,defined,0.04985155830676358,sensitivity_only
id:x%3A0x1.c000000000000p%2B2,423,5.852,4.99528,5.050332871252058,1.104336015201135,defined,-0.04985155830676358,sensitivity_only
id:x%3A0x1.c000000000000p%2B2,424,5.866,5.004239999999999,4.949187128747941,1.104336015201135,defined,0.04985155830676358,sensitivity_only
id:x%3A0x1.c000000000000p%2B2,425,5.88,5.013199999999999,5.068252871252057,1.104336015201135,defined,-0.04985155830676358,sensitivity_only
id:x%3A0x1.c000000000000p%2B2,426,5.894,5.0221599999999995,4.967107128747942,1.104336015201135,defined,0.04985155830676358,sensitivity_only
id:x%3A0x1.c000000000000p%2B2,427,5.908,5.0311200000000005,5.086172871252058,1.104336015201135,defined,-0.04985155830676358,sensitivity_only
id:x%3A0x1.c000000000000p%2B2,428,5.922,5.04008,4.985027128747942,1.104336015201135,defined,0.04985155830676358,sensitivity_only
id:x%3A0x1.c000000000000p%2B2,429,5.936,5.04904,5.104092871252058,1.104336015201135,defined,-0.04985155830676358,sensitivity_only
id:x%3A0x1.c000000000000p%2B2,430,5.95,5.058,5.002947128747942,1.104336015201135,defined,0.04985155830676358,sensitivity_only
id:x%3A0x1.c000000000000p%2B2,431,5.964,5.06696,5.122012871252058,1.104336015201135,defined,-0.04985155830676358,sensitivity_only
id:x%3A0x1.c000000000000p%2B2,432,5.978,5.07592,5.020867128747942,1.104336015201135,defined,0.04985155830676358,sensitivity_only
id:x%3A0x1.c000000000000p%2B2,433,5.992,5.08488,5.139932871252058,1.104336015201135,defined,-0.04985155830676358,sensitivity_only
id:x%3A0x1.c000000000000p%2B2,434,6.0,5.09,5.034947128747942,1.104336015201135,defined,0.04985155830676358,sensitivity_only
id:x%3A0x1.c000000000000p%2B2,435,6.006,5.09384,5.148892871252058,1.104336015201135,defined,-0.04985155830676358,sensitivity_only
id:x%3A0x1.c000000000000p%2B2,436,6.02,5.1028,5.047747128747942,1.104336015201135,defined,0.04985155830676358,sensitivity_only
id:x%3A0x1.c000000000000p%2B2,437,6.034,5.11176,5.166812871252058,1.104336015201135,defined,-0.04985155830676358,sensitivity_only
id:x%3A0x1.c000000000000p%2B2,438,6.048,5.12072,5.0656671287479424,1.104336015201135,defined,0.04985155830676358,sensitivity_only
id:x%3A0x1.c000000000000p%2B2,439,6.062,5.1296800000000005,5.184732871252058,1.104336015201135,defined,-0.04985155830676358,sensitivity_only
id:x%3A0x1.c000000000000p%2B2,440,6.076,5.13864,5.083587128747942,1.104336015201135,defined,0.04985155830676358,sensitivity_only
id:x%3A0x1.c000000000000p%2B2,441,6.09,5.147600000000001,5.2026528712520586,1.104336015201135,defined,-0.04985155830676358,sensitivity_only
id:x%3A0x1.c000000000000p%2B2,442,6.104,5.156560000000001,5.101507128747943,1.104336015201135,defined,0.04985155830676358,sensitivity_only
id:x%3A0x1.c000000000000p%2B2,443,6.118,5.165520000000001,5.220572871252059,1.104336015201135,defined,-0.04985155830676358,sensitivity_only
id:x%3A0x1.c000000000000p%2B2,444,6.132,5.17448,5.119427128747942,1.104336015201135,defined,0.04985155830676358,sensitivity_only
id:x%3A0x1.c000000000000p%2B2,445,6.146,5.18344,5.238492871252058,1.104336015201135,defined,-0.04985155830676358,sensitivity_only
id:x%3A0x1.c000000000000p%2B2,446,6.16,5.1924,5.137347128747942,1.104336015201135,defined,0.04985155830676358,sensitivity_only
id:x%3A0x1.c000000000000p%2B2,447,6.174,5.20136,5.256412871252058,1.104336015201135,defined,-0.04985155830676358,sensitivity_only
id:x%3A0x1.c000000000000p%2B2,448,6.188,5.210319999999999,5.1552671287479415,1.104336015201135,defined,0.04985155830676358,sensitivity_only
id:x%3A0x1.c000000000000p%2B2,449,6.202,5.2192799999999995,5.274332871252057,1.104336015201135,defined,-0.04985155830676358,sensitivity_only
id:x%3A0x1.c000000000000p%2B2,450,6.216,5.2282399999999996,5.173187128747942,1.104336015201135,defined,0.04985155830676358,sensitivity_only
id:x%3A0x1.c000000000000p%2B2,451,6.23,5.2372000000000005,5.2922528712520585,1.104336015201135,defined,-0.04985155830676358,sensitivity_only
id:x%3A0x1.c000000000000p%2B2,452,6.244,5.24616,5.191107128747942,1.104336015201135,defined,0.04985155830676358,sensitivity_only
id:x%3A0x1.c000000000000p%2B2,453,6.258,5.25512,5.310172871252058,1.104336015201135,defined,-0.04985155830676358,sensitivity_only
id:x%3A0x1.c000000000000p%2B2,454,6.272,5.26408,5.209027128747942,1.104336015201135,defined,0.04985155830676358,sensitivity_only
id:x%3A0x1.c000000000000p%2B2,455,6.286,5.27304,5.328092871252058,1.104336015201135,defined,-0.04985155830676358,sensitivity_only
id:x%3A0x1.c000000000000p%2B2,456,6.3,5.282,5.226947128747942,1.104336015201135,defined,0.04985155830676358,sensitivity_only
id:x%3A0x1.c000000000000p%2B2,457,6.314,5.29096,5.346012871252058,1.104336015201135,defined,-0.04985155830676358,sensitivity_only
id:x%3A0x1.c000000000000p%2B2,458,6.328,5.29992,5.244867128747942,1.104336015201135,defined,0.04985155830676358,sensitivity_only
id:x%3A0x1.c000000000000p%2B2,459,6.342,5.30888,5.363932871252058,1.104336015201135,defined,-0.04985155830676358,sensitivity_only
id:x%3A0x1.c000000000000p%2B2,460,6.356,5.31784,5.262787128747942,1.104336015201135,defined,0.04985155830676358,sensitivity_only
id:x%3A0x1.c000000000000p%2B2,461,6.37,5.3268,5.381852871252058,1.104336015201135,defined,-0.04985155830676358,sensitivity_only
id:x%3A0x1.c000000000000p%2B2,462,6.384,5.3357600000000005,5.280707128747943,1.104336015201135,defined,0.04985155830676358,sensitivity_only
id:x%3A0x1.c000000000000p%2B2,463,6.398,5.34472,5.399772871252058,1.104336015201135,defined,-0.04985155830676358,sensitivity_only
id:x%3A0x1.c000000000000p%2B2,464,6.412,5.35368,5.298627128747942,1.104336015201135,defined,0.04985155830676358,sensitivity_only
id:x%3A0x1.c000000000000p%2B2,465,6.426,5.36264,5.417692871252058,1.104336015201135,defined,-0.04985155830676358,sensitivity_only
id:x%3A0x1.c000000000000p%2B2,466,6.44,5.3716,5.316547128747942,1.104336015201135,defined,0.04985155830676358,sensitivity_only
id:x%3A0x1.c000000000000p%2B2,467,6.454,5.38056,5.435612871252058,1.104336015201135,defined,-0.04985155830676358,sensitivity_only
id:x%3A0x1.c000000000000p%2B2,468,6.468,5.38952,5.334467128747942,1.104336015201135,defined,0.04985155830676358,sensitivity_only
id:x%3A0x1.c000000000000p%2B2,469,6.482,5.39848,5.453532871252058,1.104336015201135,defined,-0.04985155830676358,sensitivity_only
id:x%3A0x1.c000000000000p%2B2,470,6.496,5.40744,5.352387128747942,1.104336015201135,defined,0.04985155830676358,sensitivity_only
id:x%3A0x1.c000000000000p%2B2,471,6.51,5.4164,5.467103456099028,1.0170886893248545,defined,-0.04985155830676358,sensitivity_only
id:x%3A0x1.c000000000000p%2B2,472,6.524,5.42536,5.374656543900973,1.0170886893248545,defined,0.04985155830676358,sensitivity_only
id:x%3A0x1.c000000000000p%2B2,473,6.538,5.4343200000000005,5.485023456099028,1.0170886893248545,defined,-0.04985155830676358,sensitivity_only
id:x%3A0x1.c000000000000p%2B2,474,6.552,5.44328,5.392576543900972,1.0170886893248545,defined,0.04985155830676358,sensitivity_only
id:x%3A0x1.c000000000000p%2B2,475,6.566,5.45224,5.502943456099027,1.0170886893248545,defined,-0.04985155830676358,sensitivity_only
id:x%3A0x1.c000000000000p%2B2,476,6.58,5.4612,5.4104965439009725,1.0170886893248545,defined,0.04985155830676358,sensitivity_only
id:x%3A0x1.c000000000000p%2B2,477,6.594,5.47016,5.520863456099027,1.0170886893248545,defined,-0.04985155830676358,sensitivity_only
id:x%3A0x1.c000000000000p%2B2,478,6.608,5.47912,5.428416543900973,1.0170886893248545,defined,0.04985155830676358,sensitivity_only
id:x%3A0x1.c000000000000p%2B2,479,6.622,5.48808,5.5387834560990274,1.0170886893248545,defined,-0.04985155830676358,sensitivity_only
id:x%3A0x1.c000000000000p%2B2,480,6.636,5.49704,5.446336543900973,1.0170886893248545,defined,0.04985155830676358,sensitivity_only
id:x%3A0x1.c000000000000p%2B2,481,6.65,5.506,5.556703456099028,1.0170886893248545,defined,-0.04985155830676358,sensitivity_only
id:x%3A0x1.c000000000000p%2B2,482,6.664,5.51496,5.464256543900973,1.0170886893248545,defined,0.04985155830676358,sensitivity_only
id:x%3A0x1.c000000000000p%2B2,483,6.678,5.52392,5.574623456099028,1.0170886893248545,defined,-0.04985155830676358,sensitivity_only
id:x%3A0x1.c000000000000p%2B2,484,6.692,5.5328800000000005,5.482176543900973,1.0170886893248545,defined,0.04985155830676358,sensitivity_only
id:x%3A0x1.c000000000000p%2B2,485,6.706,5.5418400000000005,5.592543456099028,1.0170886893248545,defined,-0.04985155830676358,sensitivity_only
id:x%3A0x1.c000000000000p%2B2,486,6.72,5.5508,5.500096543900972,1.0170886893248545,defined,0.04985155830676358,sensitivity_only
id:x%3A0x1.c000000000000p%2B2,487,6.734,5.55976,5.610463456099027,1.0170886893248545,defined,-0.04985155830676358,sensitivity_only
id:x%3A0x1.c000000000000p%2B2,488,6.748,5.56872,5.5180165439009725,1.0170886893248545,defined,0.04985155830676358,sensitivity_only
id:x%3A0x1.c000000000000p%2B2,489,6.762,5.57768,5.628383456099027,1.0170886893248545,defined,-0.04985155830676358,sensitivity_only
id:x%3A0x1.c000000000000p%2B2,490,6.776,5.58664,5.535936543900973,1.0170886893248545,defined,0.04985155830676358,sensitivity_only
id:x%3A0x1.c000000000000p%2B2,491,6.79,5.5956,5.6463034560990275,1.0170886893248545,defined,-0.04985155830676358,sensitivity_only
id:x%3A0x1.c000000000000p%2B2,492,6.804,5.60456,5.553856543900973,1.0170886893248545,defined,0.04985155830676358,sensitivity_only
id:x%3A0x1.c000000000000p%2B2,493,6.818,5.61352,5.664223456099028,1.0170886893248545,defined,-0.04985155830676358,sensitivity_only
id:x%3A0x1.c000000000000p%2B2,494,6.832,5.62248,5.571776543900973,1.0170886893248545,defined,0.04985155830676358,sensitivity_only
id:x%3A0x1.c000000000000p%2B2,495,6.846,5.6314400000000004,5.682143456099028,1.0170886893248545,defined,-0.04985155830676358,sensitivity_only
id:x%3A0x1.c000000000000p%2B2,496,6.86,5.6404000000000005,5.589696543900973,1.0170886893248545,defined,0.04985155830676358,sensitivity_only
id:x%3A0x1.c000000000000p%2B2,497,6.874,5.64936,5.700063456099027,1.0170886893248545,defined,-0.04985155830676358,sensitivity_only
id:x%3A0x1.c000000000000p%2B2,498,6.888,5.65832,5.607616543900972,1.0170886893248545,defined,0.04985155830676358,sensitivity_only
id:x%3A0x1.c000000000000p%2B2,499,6.902,5.66728,5.717983456099027,1.0170886893248545,defined,-0.04985155830676358,sensitivity_only
id:x%3A0x1.c000000000000p%2B2,500,6.916,5.67624,5.625536543900973,1.0170886893248545,defined,0.04985155830676358,sensitivity_only
id:x%3A0x1.c000000000000p%2B2,501,6.93,5.6852,5.735903456099027,1.0170886893248545,defined,-0.04985155830676358,sensitivity_only
id:x%3A0x1.c000000000000p%2B2,502,6.944,5.69416,5.643456543900973,1.0170886893248545,defined,0.04985155830676358,sensitivity_only
id:x%3A0x1.c000000000000p%2B2,503,6.958,5.70312,5.753823456099028,1.0170886893248545,defined,-0.04985155830676358,sensitivity_only
id:x%3A0x1.c000000000000p%2B2,504,6.972,5.71208,5.661376543900973,1.0170886893248545,defined,0.04985155830676358,sensitivity_only
id:x%3A0x1.c000000000000p%2B2,505,6.986,5.72104,5.771743456099028,1.0170886893248545,defined,-0.04985155830676358,sensitivity_only
id:x%3A0x1.c000000000000p%2B2,506,7.0,5.73,5.679296543900973,1.0170886893248545,defined,0.04985155830676358,sensitivity_only
