x_group_id,grid_index,x,full_prediction,without_group_prediction,s_ref,s_ref_status,normalized_delta,status
id:x%3A0x0.0p%2B0,0,0.0,1.75,1.4775570874119466,2.7244291258805347,defined,0.1,sensitivity_only
id:x%3A0x0.0p%2B0,1,0.018,1.75576,1.8915794245575905,2.7244291258805347,defined,-0.049852434503574676,sensitivity_only
id:x%3A0x0.0p%2B0,2,0.036,1.76152,1.6257005754424094,2.7244291258805347,defined,0.049852434503574676,sensitivity_only
id:x%3A0x0.0p%2B0,3,0.054,1.76728,1.9030994245575905,2.7244291258805347,defined,-0.049852434503574676,sensitivity_only
id:x%3A0x0.0p%2B0,4,0.072,1.77304,1.6372205754424094,2.7244291258805347,defined,0.049852434503574676,sensitivity_only
id:x%3A0x0.0p%2B0,5,0.09,1.7788,1.9146194245575905,2.7244291258805347,defined,-0.049852434503574676,sensitivity_only
id:x%3A0x0.0p%2B0,6,0.108,1.78456,1.6487405754424094,2.7244291258805347,defined,0.049852434503574676,sensitivity_only
id:x%3A0x0.0p%2B0,7,0.126,1.79032,1.9261394245575905,2.7244291258805347,defined,-0.049852434503574676,sensitivity_only
id:x%3A0x0.0p%2B0,8,0.144,1.79608,1.6602605754424093,2.7244291258805347,defined,0.049852434503574676,sensitivity_only
id:x%3A0x0.0p%2B0,9,0.162,1.80184,1.9376594245575907,2.7244291258805347,defined,-0.049852434503574676,sensitivity_only
id:x%3A0x0.0p%2B0,10,0.18,1.8076,1.6717805754424095,2.7244291258805347,defined,0.049852434503574676,sensitivity_only
id:x%3A0x0.0p%2B0,11,0.198,1.81336,1.9491794245575906,2.7244291258805347,defined,-0.049852434503574676,sensitivity_only
id:x%3A0x0.0p%2B0,12,0.216,1.81912,1.6833005754424095,2.7244291258805347,defined,0.049852434503574676,sensitivity_only
id:x%3A0x0.0p%2B0,13,0.234,1.82488,1.9606994245575906,2.7244291258805347,defined,-0.049852434503574676,sensitivity_only
id:x%3A0x0.0p%2B0,14,0.252,1.83064,1.6948205754424095,2.7244291258805347,defined,0.049852434503574676,sensitivity_only
id:x%3A0x0.0p%2B0,15,0.27,1.8364,1.9722194245575906,2.7244291258805347,defined,-0.049852434503574676,sensitivity_only
id:x%3A0x0.0p%2B0,16,0.288,1.84216,1.7063405754424095,2.7244291258805347,defined,0.049852434503574676,sensitivity_only
id:x%3A0x0.0p%2B0,17,0.306,1.84792,1.9837394245575906,2.7244291258805347,defined,-0.049852434503574676,sensitivity_only
id:x%3A0x0.0p%2B0,18,0.324,1.85368,1.7178605754424094,2.7244291258805347,defined,0.049852434503574676,sensitivity_only
id:x%3A0x0.0p%2B0,19,0.342,1.85944,1.9952594245575905,2.7244291258805347,defined,-0.049852434503574676,sensitivity_only
id:x%3A0x0.0p%2B0,20,0.36,1.8652,1.7293805754424094,2.7244291258805347,defined,0.049852434503574676,sensitivity_only
id:x%3A0x0.0p%2B0,21,0.378,1.87096,2.0067794245575907,2.7244291258805347,defined,-0.049852434503574676,sensitivity_only
id:x%3A0x0.0p%2B0,22,0.396,1.87672,1.7409005754424094,2.7244291258805347,defined,0.049852434503574676,sensitivity_only
id:x%3A0x0.0p%2B0,23,0.414,1.88248,2.0182994245575907,2.7244291258805347,defined,-0.049852434503574676,sensitivity_only
id:x%3A0x0.0p%2B0,24,0.432,1.88824,1.7524205754424094,2.7244291258805347,defined,0.049852434503574676,sensitivity_only
id:x%3A0x0.0p%2B0,25,0.45,1.8940000000000001,2.0298194245575907,2.7244291258805347,defined,-0.049852434503574676,sensitivity_only
id:x%3A0x0.0p%2B0,26,0.468,1.8997600000000001,1.7639405754424096,2.7244291258805347,defined,0.049852434503574676,sensitivity_only
id:x%3A0x0.0p%2B0,27,0.486,1.90552,2.0413394245575907,2.7244291258805347,defined,-0.049852434503574676,sensitivity_only
id:x%3A0x0.0p%2B0,28,0.504,1.91128,1.7754605754424095,2.7244291258805347,defined,0.049852434503574676,sensitivity_only
id:x%3A0x0.0p%2B0,29,0.522,1.91704,2.0528594245575906,2.7244291258805347,defined,-0.049852434503574676,sensitivity_only
id:x%3A0x0.0p%2B0,30,0.54,1.9228,1.7869805754424095,2.7244291258805347,defined,0.049852434503574676,sensitivity_only
id:x%3A0x0.0p%2B0,31,0.558,1.92856,2.0643794245575906,2.7244291258805347,defined,-0.049852434503574676,sensitivity_only
id:x%3A0x0.0p%2B0,32,0.576,1.93432,1.7985005754424095,2.7244291258805347,defined,0.049852434503574676,sensitivity_only
id:x%3A0x0.0p%2B0,33,0.594,1.94008,2.0758994245575906,2.7244291258805347,defined,-0.049852434503574676,sensitivity_only
id:x%3A0x0.0p%2B0,34,0.612,1.94584,1.8100205754424095,2.7244291258805347,defined,0.049852434503574676,sensitivity_only
id:x%3A0x0.0p%2B0,35,0.63,1.9516,2.0874194245575906,2.7244291258805347,defined,-0.049852434503574676,sensitivity_only
id:x%3A0x0.0p%2B0,36,0.648,1.95736,1.8215405754424094,2.7244291258805347,defined,0.049852434503574676,sensitivity_only
id:x%3A0x0.0p%2B0,37,0.666,1.96312,2.0989394245575905,2.7244291258805347,defined,-0.049852434503574676,sensitivity_only
id:x%3A0x0.0p%2B0,38,0.684,1.96888,1.8330605754424094,2.7244291258805347,defined,0.049852434503574676,sensitivity_only
id:x%3A0x0.0p%2B0,39,0.702,1.97464,2.1104594245575905,2.7244291258805347,defined,-0.049852434503574676,sensitivity_only
id:x%3A0x0.0p%2B0,40,0.72,1.9804,1.8445805754424094,2.7244291258805347,defined,0.049852434503574676,sensitivity_only
id:x%3A0x0.0p%2B0,41,0.738,1.98616,2.1219794245575905,2.7244291258805347,defined,-0.049852434503574676,sensitivity_only
id:x%3A0x0.0p%2B0,42,0.756,1.99192,1.8561005754424094,2.7244291258805347,defined,0.049852434503574676,sensitivity_only
id:x%3A0x0.0p%2B0,43,0.774,1.99768,2.1334994245575905,2.7244291258805347,defined,-0.049852434503574676,sensitivity_only
id:x%3A0x0.0p%2B0,44,0.792,2.00344,1.8676205754424093,2.7244291258805347,defined,0.049852434503574676,sensitivity_only
id:x%3A0x0.0p%2B0,45,0.81,2.0092,2.1450194245575904,2.7244291258805347,defined,-0.049852434503574676,sensitivity_only
id:x%3A0x0.0p%2B0,46,0.828,2.01496,1.8791405754424093,2.7244291258805347,defined,0.049852434503574676,sensitivity_only
id:x%3A0x0.0p%2B0,47,0.846,2.02072,2.1565394245575904,2.7244291258805347,defined,-0.049852434503574676,sensitivity_only
id:x%3A0x0.0p%2B0,48,0.864,2.02648,1.8906605754424093,2.7244291258805347,defined,0.049852434503574676,sensitivity_only
id:x%3A0x0.0p%2B0,49,0.882,2.03224,2.1680594245575904,2.7244291258805347,defined,-0.049852434503574676,sensitivity_only
id:x%3A0x0.0p%2B0,50,0.9,2.0380000000000003,1.9021805754424097,2.7244291258805347,defined,0.049852434503574676,sensitivity_only
id:x%3A0x0.0p%2B0,51,0.918,2.04376,2.1795794245575904,2.7244291258805347,defined,-0.049852434503574676,sensitivity_only
id:x%3A0x0.0p%2B0,52,0.936,2.0495200000000002,1.9137005754424097,2.7244291258805347,defined,0.049852434503574676,sensitivity_only
id:x%3A0x0.0p%2B0,53,0.954,2.0552799999999998,2.1910994245575903,2.7244291258805347,defined,-0.049852434503574676,sensitivity_only
id:x%3A0x0.0p%2B0,54,0.972,2.06104,1.9252205754424097,2.7244291258805347,defined,0.049852434503574676,sensitivity_only
id:x%3A0x0.0p%2B0,55,0.99,2.0668,2.2026194245575907,2.7244291258805347,defined,-0.049852434503574676,sensitivity_only
id:x%3A0x0.0p%2B0,56,1.0,2.07,1.9341805754424093,2.7244291258805347,defined,0.049852434503574676,sensitivity_only
id:x%3A0x0.0p%2B0,57,1.008,2.07256,2.2083794245575907,2.7244291258805347,defined,-0.049852434503574676,sensitivity_only
id:x%3A0x0.0p%2B0,58,1.026,2.07832,1.9425005754424096,2.7244291258805347,defined,0.049852434503574676,sensitivity_only
id:x%3A0x0.0p%2B0,59,1.044,2.08408,2.2198994245575907,2.7244291258805347,defined,-0.049852434503574676,sensitivity_only
id:x%3A0x0.0p%2B0,60,1.062,2.08984,1.9540205754424096,2.7244291258805347,defined,0.049852434503574676,sensitivity_only
id:x%3A0x0.0p%2B0,61,1.08,2.0956,2.2314194245575907,2.7244291258805347,defined,-0.049852434503574676,sensitivity_only
id:x%3A0x0.0p%2B0,62,1.098,2.10136,1.9655405754424096,2.7244291258805347,defined,0.049852434503574676,sensitivity_only
id:x%3A0x0.0p%2B0,63,1.116,2.10712,2.2429394245575907,2.7244291258805347,defined,-0.049852434503574676,sensitivity_only
id:x%3A0x0.0p%2B0,64,1.134,2.11288,1.9770605754424095,2.7244291258805347,defined,0.049852434503574676,sensitivity_only
id:x%3A0x0.0p%2B0,65,1.152,2.11864,2.2544594245575906,2.7244291258805347,defined,-0.049852434503574676,sensitivity_only
id:x%3A0x0.0p%2B0,66,1.17,2.1244,1.9885805754424095,2.7244291258805347,defined,0.049852434503574676,sensitivity_only
id:x%3A0x0.0p%2B0,67,1.188,2.13016,2.2659794245575906,2.7244291258805347,defined,-0.049852434503574676,sensitivity_only
id:x%3A0x0.0p%2B0,68,1.206,2.13592,2.0001005754424095,2.7244291258805347,defined,0.049852434503574676,sensitivity_only
id:x%3A0x0.0p%2B0,69,1.224,2.14168,2.2774994245575906,2.7244291258805347,defined,-0.049852434503574676,sensitivity_only
id:x%3A0x0.0p%2B0,70,1.242,2.14744,2.0116205754424095,2.7244291258805347,defined,0.049852434503574676,sensitivity_only
id:x%3A0x0.0p%2B0,71,1.26,2.1532,2.2890194245575906,2.7244291258805347,defined,-0.049852434503574676,sensitivity_only
id:x%3A0x0.0p%2B0,72,1.278,2.15896,2.0231405754424094,2.7244291258805347,defined,0.049852434503574676,sensitivity_only
id:x%3A0x0.0p%2B0,73,1.296,2.16472,2.3005394245575905,2.7244291258805347,defined,-0.049852434503574676,sensitivity_only
id:x%3A0x0.0p%2B0,74,1.314,2.17048,2.0346605754424094,2.7244291258805347,defined,0.049852434503574676,sensitivity_only
id:x%3A0x0.0p%2B0,75,1.332,2.17624,2.3120594245575905,2.7244291258805347,defined,-0.049852434503574676,sensitivity_only
id:x%3A0x0.0p%2B0,76,1.35,2.182,2.0461805754424094,2.7244291258805347,defined,0.049852434503574676,sensitivity_only
id:x%3A0x0.0p%2B0,77,1.368,2.18776,2.3235794245575905,2.7244291258805347,defined,-0.049852434503574676,sensitivity_only
id:x%3A0x0.0p%2B0,78,1.386,2.19352,2.0577005754424094,2.7244291258805347,defined,0.049852434503574676,sensitivity_only
id:x%3A0x0.0p%2B0,79,1.404,2.19928,2.3350994245575905,2.7244291258805347,defined,-0.049852434503574676,sensitivity_only
id:x%3A0x0.0p%2B0,80,1.422,2.20504,2.0692205754424093,2.7244291258805347,defined,0.049852434503574676,sensitivity_only
id:x%3A0x0.0p%2B0,81,1.44,2.2108,2.3466194245575904,2.7244291258805347,defined,-0.049852434503574676,sensitivity_only
id:x%3A0x0.0p%2B0,82,1.458,2.21656,2.0807405754424093,2.7244291258805347,defined,0.049852434503574676,sensitivity_only
id:x%3A0x0.0p%2B0,83,1.476,2.22232,2.3581394245575904,2.7244291258805347,defined,-0.049852434503574676,sensitivity_only
id:x%3A0x0.0p%2B0,84,1.494,2.22808,2.0922605754424093,2.7244291258805347,defined,0.049852434503574676,sensitivity_only
id:x%3A0x0.0p%2B0,85,1.512,2.23384,2.3696594245575904,2.724429125880535,defined,-0.049852434503574676,sensitivity_only
id:x%3A0x0.0p%2B0,86,1.53,2.2396000000000003,2.1037805754424097,2.724429125880535,defined,0.049852434503574676,sensitivity_only
id:x%3A0x0.0p%2B0,87,1.548,2.24536,2.3811794245575904,2.724429125880535,defined,-0.049852434503574676,sensitivity_only
id:x%3A0x0.0p%2B0,88,1.566,2.2511200000000002,2.1153005754424097,2.724429125880535,defined,0.049852434503574676,sensitivity_only
id:x%3A0x0.0p%2B0,89,1.584,2.2568799999999998,2.3926994245575903,2.724429125880535,defined,-0.049852434503574676,sensitivity_only
id:x%3A0x0.0p%2B0,90,1.602,2.26264,2.1268205754424097,2.724429125880535,defined,0.049852434503574676,sensitivity_only
id:x%3A0x0.0p%2B0,91,1.62,2.2684,2.4042194245575907,2.724429125880535,defined,-0.049852434503574676,sensitivity_only
id:x%3A0x0.0p%2B0,92,1.638,2.27416,2.1383405754424096,2.724429125880535,defined,0.049852434503574676,sensitivity_only
id:x%3A0x0.0p%2B0,93,1.656,2.2799199999999997,2.4157394245575903,2.724429125880535,defined,-0.049852434503574676,sensitivity_only
id:x%3A0x0.0p%2B0,94,1.674,2.28568,2.1498605754424096,2.724429125880535,defined,0.049852434503574676,sensitivity_only
id:x%3A0x0.0p%2B0,95,1.692,2.29144,2.4272594245575907,2.724429125880535,defined,-0.049852434503574676,sensitivity_only
id:x%3A0x0.0p%2B0,96,1.71,2.2972,2.1613805754424096,2.724429125880535,defined,0.049852434503574676,sensitivity_only
id:x%3A0x0.0p%2B0,97,1.728,2.30296,2.4387794245575907,2.724429125880535,defined,-0.049852434503574676,sensitivity_only
id:x%3A0x0.0p%2B0,98,1.746,2.30872,2.1729005754424096,2.724429125880535,defined,0.049852434503574676,sensitivity_only
id:x%3A0x0.0p%2B0,99,1.764,2.31448,2.4502994245575906,2.724429125880535,defined,-0.049852434503574676,sensitivity_only
id:x%3A0x0.0p%2B0,100,1.782,2.32024,2.1844205754424095,2.724429125880535,defined,0.049852434503574676,sensitivity_only
id:x%3A0x0.0p%2B0,101,1.8,2.326,2.4618194245575906,2.724429125880535,defined,-0.049852434503574676,sensitivity_only
id:x%3A0x0.0p%2B0,102,1.818,2.33176,2.1959405754424095,2.724429125880535,defined,0.049852434503574676,sensitivity_only
id:x%3A0x0.0p%2B0,103,1.836,2.33752,2.4733394245575906,2.724429125880535,defined,-0.049852434503574676,sensitivity_only
id:x%3A0x0.0p%2B0,104,1.854,2.34328,2.2074605754424095,2.724429125880535,defined,0.049852434503574676,sensitivity_only
id:x%3A0x0.0p%2B0,105,1.872,2.34904,2.4848594245575906,2.724429125880535,defined,-0.049852434503574676,sensitivity_only
id:x%3A0x0.0p%2B0,106,1.89,2.3548,2.2189805754424095,2.724429125880535,defined,0.049852434503574676,sensitivity_only
id:x%3A0x0.0p%2B0,107,1.908,2.36056,2.4963794245575905,2.724429125880535,defined,-0.049852434503574676,sensitivity_only
id:x%3A0x0.0p%2B0,108,1.926,2.36632,2.2305005754424094,2.724429125880535,defined,0.049852434503574676,sensitivity_only
id:x%3A0x0.0p%2B0,109,1.944,2.37208,2.5078994245575905,2.724429125880535,defined,-0.049852434503574676,sensitivity_only
id:x%3A0x0.0p%2B0,110,1.962,2.37784,2.2420205754424094,2.724429125880535,defined,0.049852434503574676,sensitivity_only
id:x%3A0x0.0p%2B0,111,1.98,2.3836,2.5194194245575905,2.724429125880535,defined,-0.049852434503574676,sensitivity_only
id:x%3A0x0.0p%2B0,112,1.998,2.38936,2.2535405754424094,2.724429125880535,defined,0.049852434503574676,sensitivity_only
id:x%3A0x0.0p%2B0,113,2.0,2.39,2.5258194245575907,2.724429125880535,defined,-0.049852434503574676,sensitivity_only
id:x%3A0x0.0p%2B0,114,2.016,2.39512,2.2593005754424094,2.724429125880535,defined,0.049852434503574676,sensitivity_only
id:x%3A0x0.0p%2B0,115,2.034,2.40088,2.5366994245575905,2.724429125880535,defined,-0.049852434503574676,sensitivity_only
id:x%3A0x0.0p%2B0,116,2.052,2.40664,2.2708205754424093,2.724429125880535,defined,0.049852434503574676,sensitivity_only
id:x%3A0x0.0p%2B0,117,2.07,2.4124,2.5482194245575904,2.724429125880535,defined,-0.049852434503574676,sensitivity_only
id:x%3A0x0.0p%2B0,118,2.088,2.4181600000000003,2.2823405754424098,2.724429125880535,defined,0.049852434503574676,sensitivity_only
id:x%3A0x0.0p%2B0,119,2.106,2.42392,2.5597394245575904,2.724429125880535,defined,-0.049852434503574676,sensitivity_only
id:x%3A0x0.0p%2B0,120,2.124,2.4296800000000003,2.2938605754424097,2.724429125880535,defined,0.049852434503574676,sensitivity_only
id:x%3A0x0.0p%2B0,121,2.142,2.43544,2.5712594245575904,2.724429125880535,defined,-0.049852434503574676,sensitivity_only
id:x%3A0x0.0p%2B0,122,2.16,2.4412000000000003,2.3053805754424097,2.724429125880535,defined,0.049852434503574676,sensitivity_only
id:x%3A0x0.0p%2B0,123,2.178,2.44696,2.5827794245575904,2.724429125880535,defined,-0.049852434503574676,sensitivity_only
id:x%3A0x0.0p%2B0,124,2.196,2.4527200000000002,2.3169005754424097,2.724429125880535,defined,0.049852434503574676,sensitivity_only
id:x%3A0x0.0p%2B0,125,2.214,2.4584799999999998,2.5942994245575903,2.724429125880535,defined,-0.049852434503574676,sensitivity_only
id:x%3A0x0.0p%2B0,126,2.232,2.46424,2.3284205754424097,2.724429125880535,defined,0.049852434503574676,sensitivity_only
id:x%3A0x0.0p%2B0,127,2.25,2.4699999999999998,2.6058194245575903,2.724429125880535,defined,-0.049852434503574676,sensitivity_only
id:x%3A0x0.0p%2B0,128,2.268,2.47576,2.3399405754424096,2.724429125880535,defined,0.049852434503574676,sensitivity_only
id:x%3A0x0.0p%2B0,129,2.286,2.48152,2.6173394245575907,2.724429125880535,defined,-0.049852434503574676,sensitivity_only
id:x%3A0x0.0p%2B0,130,2.304,2.48728,2.3514605754424096,2.724429125880535,defined,0.049852434503574676,sensitivity_only
id:x%3A0x0.0p%2B0,131,2.322,2.49304,2.6288594245575907,2.724429125880535,defined,-0.049852434503574676,sensitivity_only
id:x%3A0x0.0p%2B0,132,2.34,2.4988,2.3629805754424096,2.724429125880535,defined,0.049852434503574676,sensitivity_only
id:x%3A0x0.0p%2B0,133,2.358,2.50456,2.6403794245575907,2.724429125880535,defined,-0.049852434503574676,sensitivity_only
id:x%3A0x0.0p%2B0,134,2.376,2.51032,2.3745005754424096,2.724429125880535,defined,0.049852434503574676,sensitivity_only
id:x%3A0x0.0p%2B0,135,2.394,2.51608,2.6518994245575906,2.724429125880535,defined,-0.049852434503574676,sensitivity_only
id:x%3A0x0.0p%2B0,136,2.412,2.52184,2.3860205754424095,2.724429125880535,defined,0.049852434503574676,sensitivity_only
id:x%3A0x0.0p%2B0,137,2.43,2.5276,2.6634194245575906,2.724429125880535,defined,-0.049852434503574676,sensitivity_only
id:x%3A0x0.0p%2B0,138,2.448,2.53336,2.3975405754424095,2.724429125880535,defined,0.049852434503574676,sensitivity_only
id:x%3A0x0.0p%2B0,139,2.466,2.53912,2.6749394245575906,2.724429125880535,defined,-0.049852434503574676,sensitivity_only
id:x%3A0x0.0p%2B0,140,2.484,2.54488,2.4090605754424095,2.724429125880535,defined,0.049852434503574676,sensitivity_only
id:x%3A0x0.0p%2B0,141,2.502,2.55064,2.638922625962434,1.7708789318223472,defined,-0.049852434503574676,sensitivity_only
id:x%3A0x0.0p%2B0,142,2.52,2.5564,2.468117374037566,1.7708789318223472,defined,0.049852434503574676,sensitivity_only
id:x%3A0x0.0p%2B0,143,2.538,2.56216,2.650442625962434,1.7708789318223472,defined,-0.049852434503574676,sensitivity_only
id:x%3A0x0.0p%2B0,144,2.556,2.56792,2.479637374037566,1.7708789318223472,defined,0.049852434503574676,sensitivity_only
id:x%3A0x0.0p%2B0,145,2.574,2.57368,2.661962625962434,1.7708789318223472,defined,-0.049852434503574676,sensitivity_only
id:x%3A0x0.0p%2B0,146,2.592,2.57944,2.491157374037566,1.7708789318223472,defined,0.049852434503574676,sensitivity_only
id:x%3A0x0.0p%2B0,147,2.61,2.5852,2.673482625962434,1.7708789318223472,defined,-0.049852434503574676,sensitivity_only
id:x%3A0x0.0p%2B0,148,2.628,2.59096,2.502677374037566,1.7708789318223472,defined,0.049852434503574676,sensitivity_only
id:x%3A0x0.0p%2B0,149,2.646,2.59672,2.6850026259624338,1.7708789318223472,defined,-0.049852434503574676,sensitivity_only
id:x%3A0x0.0p%2B0,150,2.664,2.60248,2.514197374037566,1.7708789318223472,defined,0.049852434503574676,sensitivity_only
id:x%3A0x0.0p%2B0,151,2.682,2.60824,2.6965226259624338,1.7708789318223472,defined,-0.049852434503574676,sensitivity_only
id:x%3A0x0.0p%2B0,152,2.7,2.614,2.525717374037566,1.7708789318223472,defined,0.049852434503574676,sensitivity_only
id:x%3A0x0.0p%2B0,153,2.718,2.61976,2.7080426259624337,1.7708789318223472,defined,-0.049852434503574676,sensitivity_only
id:x%3A0x0.0p%2B0,154,2.736,2.62552,2.537237374037566,1.7708789318223472,defined,0.049852434503574676,sensitivity_only
id:x%3A0x0.0p%2B0,155,2.754,2.6312800000000003,2.719562625962434,1.7708789318223472,defined,-0.049852434503574676,sensitivity_only
id:x%3A0x0.0p%2B0,156,2.772,2.63704,2.548757374037566,1.7708789318223472,defined,0.049852434503574676,sensitivity_only
id:x%3A0x0.0p%2B0,157,2.79,2.6428000000000003,2.731082625962434,1.7708789318223472,defined,-0.049852434503574676,sensitivity_only
id:x%3A0x0.0p%2B0,158,2.808,2.64856,2.560277374037566,1.7708789318223472,defined,0.049852434503574676,sensitivity_only
id:x%3A0x0.0p%2B0,159,2.826,2.6543200000000002,2.742602625962434,1.7708789318223472,defined,-0.049852434503574676,sensitivity_only
id:x%3A0x0.0p%2B0,160,2.844,2.66008,2.571797374037566,1.7708789318223472,defined,0.049852434503574676,sensitivity_only
id:x%3A0x0.0p%2B0,161,2.862,2.66584,2.754122625962434,1.7708789318223472,defined,-0.049852434503574676,sensitivity_only
id:x%3A0x0.0p%2B0,162,2.88,2.6715999999999998,2.583317374037566,1.7708789318223472,defined,0.049852434503574676,sensitivity_only
id:x%3A0x0.0p%2B0,163,2.898,2.67736,2.765642625962434,1.7708789318223472,defined,-0.049852434503574676,sensitivity_only
id:x%3A0x0.0p%2B0,164,2.916,2.6831199999999997,2.594837374037566,1.7708789318223472,defined,0.049852434503574676,sensitivity_only
id:x%3A0x0.0p%2B0,165,2.934,2.68888,2.777162625962434,1.7708789318223472,defined,-0.049852434503574676,sensitivity_only
id:x%3A0x0.0p%2B0,166,2.952,2.69464,2.6063573740375663,1.7708789318223472,defined,0.049852434503574676,sensitivity_only
id:x%3A0x0.0p%2B0,167,2.97,2.7004,2.788682625962434,1.7708789318223472,defined,-0.049852434503574676,sensitivity_only
id:x%3A0x0.0p%2B0,168,2.988,2.70616,2.6178773740375663,1.7708789318223472,defined,0.049852434503574676,sensitivity_only
id:x%3A0x0.0p%2B0,169,3.0,2.71,2.798282625962434,1.7708789318223472,defined,-0.049852434503574676,sensitivity_only
id:x%3A0x0.0p%2B0,170,3.006,2.71192,2.6236373740375662,1.7708789318223472,defined,0.049852434503574676,sensitivity_only
id:x%3A0x0.0p%2B0,171,3.024,2.71768,2.805962625962434,1.7708789318223472,defined,-0.049852434503574676,sensitivity_only
id:x%3A0x0.0p%2B0,172,3.042,2.72344,2.6351573740375662,1.7708789318223472,defined,0.049852434503574676,sensitivity_only
id:x%3A0x0.0p%2B0,173,3.06,2.7292,2.817482625962434,1.7708789318223472,defined,-0.049852434503574676,sensitivity_only
id:x%3A0x0.0p%2B0,174,3.078,2.73496,2.646677374037566,1.7708789318223472,defined,0.049852434503574676,sensitivity_only
id:x%3A0x0.0p%2B0,175,3.096,2.74072,2.829002625962434,1.7708789318223472,defined,-0.049852434503574676,sensitivity_only
id:x%3A0x0.0p%2B0,176,3.114,2.74648,2.658197374037566,1.7708789318223472,defined,0.049852434503574676,sensitivity_only
id:x%3A0x0.0p%2B0,177,3.132,2.75224,2.840522625962434,1.7708789318223472,defined,-0.049852434503574676,sensitivity_only
id:x%3A0x0.0p%2B0,178,3.15,2.758,2.669717374037566,1.7708789318223472,defined,0.049852434503574676,sensitivity_only
id:x%3A0x0.0p%2B0,179,3.168,2.76376,2.852042625962434,1.7708789318223472,defined,-0.049852434503574676,sensitivity_only
id:x%3A0x0.0p%2B0,180,3.186,2.76952,2.681237374037566,1.7708789318223472,defined,0.049852434503574676,sensitivity_only
id:x%3A0x0.0p%2B0,181,3.204,2.77528,2.863562625962434,1.7708789318223472,defined,-0.049852434503574676,sensitivity_only
id:x%3A0x0.0p%2B0,182,3.222,2.78104,2.692757374037566,1.7708789318223472,defined,0.049852434503574676,sensitivity_only
id:x%3A0x0.0p%2B0,183,3.24,2.7868000000000004,2.8750826259624342,1.7708789318223472,defined,-0.049852434503574676,sensitivity_only
id:x%3A0x0.0p%2B0,184,3.258,2.79256,2.704277374037566,1.7708789318223472,defined,0.049852434503574676,sensitivity_only
id:x%3A0x0.0p%2B0,185,3.276,2.79832,2.8866026259624338,1.7708789318223472,defined,-0.049852434503574676,sensitivity_only
id:x%3A0x0.0p%2B0,186,3.294,2.80408,2.715797374037566,1.7708789318223472,defined,0.049852434503574676,sensitivity_only
id:x%3A0x0.0p%2B0,187,3.312,2.80984,2.8981226259624338,1.7708789318223472,defined,-0.049852434503574676,sensitivity_only
id:x%3A0x0.0p%2B0,188,3.33,2.8156,2.727317374037566,1.7708789318223472,defined,0.049852434503574676,sensitivity_only
id:x%3A0x0.0p%2B0,189,3.348,2.8213600000000003,2.909642625962434,1.7708789318223472,defined,-0.049852434503574676,sensitivity_only
id:x%3A0x0.0p%2B0,190,3.366,2.82712,2.738837374037566,1.7708789318223472,defined,0.049852434503574676,sensitivity_only
id:x%3A0x0.0p%2B0,191,3.384,2.8328800000000003,2.921162625962434,1.7708789318223472,defined,-0.049852434503574676,sensitivity_only
id:x%3A0x0.0p%2B0,192,3.402,2.83864,2.750357374037566,1.7708789318223472,defined,0.049852434503574676,sensitivity_only
id:x%3A0x0.0p%2B0,193,3.42,2.8444000000000003,2.932682625962434,1.7708789318223472,defined,-0.049852434503574676,sensitivity_only
id:x%3A0x0.0p%2B0,194,3.438,2.85016,2.761877374037566,1.7708789318223472,defined,0.049852434503574676,sensitivity_only
id:x%3A0x0.0p%2B0,195,3.456,2.8559200000000002,2.944202625962434,1.7708789318223472,defined,-0.049852434503574676,sensitivity_only
id:x%3A0x0.0p%2B0,196,3.474,2.86168,2.773397374037566,1.7708789318223472,defined,0.049852434503574676,sensitivity_only
id:x%3A0x0.0p%2B0,197,3.492,2.86744,2.955722625962434,1.7708789318223472,defined,-0.049852434503574676,sensitivity_only
id:x%3A0x0.0p%2B0,198,3.5,2.87,2.7817173740375662,1.7708789318223472,defined,0.049852434503574676,sensitivity_only
id:x%3A0x0.0p%2B0,199,3.51,2.8798,3.02241039578547,2.8606505821745607,defined,-0.049852434503574676,sensitivity_only
id:x%3A0x0.0p%2B0,200,3.528,2.89744,2.75482960421453,2.8606505821745607,defined,0.049852434503574676,sensitivity_only
id:x%3A0x0.0p%2B0,201,3.546,2.91508,3.05769039578547,2.8606505821745607,defined,-0.049852434503574676,sensitivity_only
id:x%3A0x0.0p%2B0,202,3.564,2.93272,2.79010960421453,2.8606505821745607,defined,0.049852434503574676,sensitivity_only
id:x%3A0x0.0p%2B0,203,3.582,2.95036,3.09297039578547,2.8606505821745607,defined,-0.049852434503574676,sensitivity_only
id:x%3A0x0.0p%2B0,204,3.6,2.968,2.82538960421453,2.8606505821745607,defined,0.049852434503574676,sensitivity_only
id:x%3A0x0.0p%2B0,205,3.618,2.98564,3.12825039578547,2.8606505821745607,defined,-0.049852434503574676,sensitivity_only
id:x%3A0x0.0p%2B0,206,3.636,3.00328,2.86066960421453,2.8606505821745607,defined,0.049852434503574676,sensitivity_only
id:x%3A0x0.0p%2B0,207,3.654,3.02092,3.16353039578547,2.8606505821745607,defined,-0.049852434503574676,sensitivity_only
id:x%3A0x0.0p%2B0,208,3.672,3.0385600000000004,2.8959496042145303,2.8606505821745607,defined,0.049852434503574676,sensitivity_only
id:x%3A0x0.0p%2B0,209,3.69,3.0562,3.19881039578547,2.8606505821745607,defined,-0.049852434503574676,sensitivity_only
id:x%3A0x0.0p%2B0,210,3.708,3.07384,2.93122960421453,2.8606505821745607,defined,0.049852434503574676,sensitivity_only
id:x%3A0x0.0p%2B0,211,3.726,3.0914800000000002,3.2340903957854703,2.8606505821745607,defined,-0.049852434503574676,sensitivity_only
id:x%3A0x0.0p%2B0,212,3.744,3.1091200000000003,2.9665096042145302,2.8606505821745607,defined,0.049852434503574676,sensitivity_only
id:x%3A0x0.0p%2B0,213,3.762,3.12676,3.26937039578547,2.8606505821745607,defined,-0.049852434503574676,sensitivity_only
id:x%3A0x0.0p%2B0,214,3.78,3.1444,3.00178960421453,2.8606505821745607,defined,0.049852434503574676,sensitivity_only
id:x%3A0x0.0p%2B0,215,3.798,3.16204,3.3046503957854703,2.8606505821745607,defined,-0.049852434503574676,sensitivity_only
id:x%3A0x0.0p%2B0,216,3.816,3.17968,3.0370696042145298,2.8606505821745607,defined,0.049852434503574676,sensitivity_only
id:x%3A0x0.0p%2B0,217,3.834,3.1973200000000004,3.3399303957854705,2.8606505821745607,defined,-0.049852434503574676,sensitivity_only
id:x%3A0x0.0p%2B0,218,3.852,3.21496,3.07234960421453,2.8606505821745607,defined,0.049852434503574676,sensitivity_only
id:x%3A0x0.0p%2B0,219,3.87,3.2326,3.37521039578547,2.8606505821745607,defined,-0.049852434503574676,sensitivity_only
id:x%3A0x0.0p%2B0,220,3.888,3.25024,3.1076296042145297,2.8606505821745607,defined,0.049852434503574676,sensitivity_only
id:x%3A0x0.0p%2B0,221,3.906,3.2678800000000003,3.4104903957854704,2.8606505821745607,defined,-0.049852434503574676,sensitivity_only
id:x%3A0x0.0p%2B0,222,3.924,3.28552,3.14290960421453,2.8606505821745607,defined,0.049852434503574676,sensitivity_only
id:x%3A0x0.0p%2B0,223,3.942,3.30316,3.44577039578547,2.8606505821745607,defined,-0.049852434503574676,sensitivity_only
id:x%3A0x0.0p%2B0,224,3.96,3.3208,3.17818960421453,2.8606505821745607,defined,0.049852434503574676,sensitivity_only
id:x%3A0x0.0p%2B0,225,3.978,3.3384400000000003,3.4810503957854704,2.8606505821745607,defined,-0.049852434503574676,sensitivity_only
id:x%3A0x0.0p%2B0,226,3.996,3.35608,3.21346960421453,2.8606505821745607,defined,0.049852434503574676,sensitivity_only
id:x%3A0x0.0p%2B0,227,4.0,3.3600000000000003,3.5026103957854704,2.8606505821745607,defined,-0.049852434503574676,sensitivity_only
id:x%3A0x0.0p%2B0,228,4.014,3.3737200000000005,3.2311096042145304,2.8606505821745607,defined,0.049852434503574676,sensitivity_only
id:x%3A0x0.0p%2B0,229,4.032,3.39136,3.5339703957854702,2.8606505821745607,defined,-0.049852434503574676,sensitivity_only
id:x%3A0x0.0p%2B0,230,4.05,3.409,3.2663896042145297,2.8606505821745607,defined,0.049852434503574676,sensitivity_only
id:x%3A0x0.0p%2B0,231,4.068,3.42664,3.56925039578547,2.8606505821745607,defined,-0.049852434503574676,sensitivity_only
id:x%3A0x0.0p%2B0,232,4.086,3.4442800000000005,3.3016696042145304,2.8606505821745607,defined,0.049852434503574676,sensitivity_only
id:x%3A0x0.0p%2B0,233,4.104,3.46192,3.60453039578547,2.8606505821745607,defined,-0.049852434503574676,sensitivity_only
id:x%3A0x0.0p%2B0,234,4.122,3.47956,3.33694960421453,2.8606505821745607,defined,0.049852434503574676,sensitivity_only
id:x%3A0x0.0p%2B0,235,4.14,3.4972,3.63981039578547,2.8606505821745607,defined,-0.049852434503574676,sensitivity_only
id:x%3A0x0.0p%2B0,236,4.158,3.5148400000000004,3.3722296042145303,2.8606505821745607,defined,0.049852434503574676,sensitivity_only
id:x%3A0x0.0p%2B0,237,4.176,3.5324800000000005,3.6750903957854706,2.8606505821745607,defined,-0.049852434503574676,sensitivity_only
id:x%3A0x0.0p%2B0,238,4.194,3.55012,3.40750960421453,2.8606505821745607,defined,0.049852434503574676,sensitivity_only
id:x%3A0x0.0p%2B0,239,4.212,3.56776,3.71037039578547,2.8606505821745607,defined,-0.049852434503574676,sensitivity_only
id:x%3A0x0.0p%2B0,240,4.23,3.5854000000000004,3.4427896042145303,2.8606505821745607,defined,0.049852434503574676,sensitivity_only
id:x%3A0x0.0p%2B0,241,4.248,3.6030400000000005,3.7456503957854705,2.8606505821745607,defined,-0.049852434503574676,sensitivity_only
id:x%3A0x0.0p%2B0,242,4.266,3.62068,3.47806960421453,2.8606505821745607,defined,0.049852434503574676,sensitivity_only
id:x%3A0x0.0p%2B0,243,4.284,3.6383199999999998,3.78093039578547,2.8606505821745607,defined,-0.049852434503574676,sensitivity_only
id:x%3A0x0.0p%2B0,244,4.302,3.6559599999999994,3.5133496042145294,2.8606505821745607,defined,0.049852434503574676,sensitivity_only
id:x%3A0x0.0p%2B0,245,4.32,3.6736000000000004,3.8162103957854705,2.8606505821745607,defined,-0.049852434503574676,sensitivity_only
id:x%3A0x0.0p%2B0,246,4.338,3.69124,3.54862960421453,2.8606505821745607,defined,0.049852434503574676,sensitivity_only
id:x%3A0x0.0p%2B0,247,4.356,3.7088799999999997,3.85149039578547,2.8606505821745607,defined,-0.049852434503574676,sensitivity_only
id:x%3A0x0.0p%2B0,248,4.374,3.72652,3.5839096042145298,2.8606505821745607,defined,0.049852434503574676,sensitivity_only
id:x%3A0x0.0p%2B0,249,4.392,3.7441600000000004,3.8867703957854705,2.8606505821745607,defined,-0.049852434503574676,sensitivity_only
id:x%3A0x0.0p%2B0,250,4.41,3.7618,3.61918960421453,2.8606505821745607,defined,0.049852434503574676,sensitivity_only
id:x%3A0x0.0p%2B0,251,4.428,3.77944,3.92205039578547,2.8606505821745607,defined,-0.049852434503574676,sensitivity_only
id:x%3A0x0.0p%2B0,252,4.446,3.79708,3.6544696042145297,2.8606505821745607,defined,0.049852434503574676,sensitivity_only
id:x%3A0x0.0p%2B0,253,4.464,3.8147200000000003,3.9573303957854704,2.8606505821745607,defined,-0.049852434503574676,sensitivity_only
id:x%3A0x0.0p%2B0,254,4.482,3.8323600000000004,3.6897496042145304,2.8606505821745607,defined,0.049852434503574676,sensitivity_only
id:x%3A0x0.0p%2B0,255,4.5,3.85,3.99261039578547,2.8606505821745607,defined,-0.049852434503574676,sensitivity_only
id:x%3A0x0.0p%2B0,256,4.518,3.8676399999999997,3.731820575442409,2.724429125880535,defined,0.049852434503574676,sensitivity_only
id:x%3A0x0.0p%2B0,257,4.536,3.88528,4.02109942455759,2.724429125880535,defined,-0.049852434503574676,sensitivity_only
id:x%3A0x0.0p%2B0,258,4.554,3.9029200000000004,3.76710057544241,2.724429125880535,defined,0.049852434503574676,sensitivity_only
id:x%3A0x0.0p%2B0,259,4.572,3.92056,4.056379424557591,2.724429125880535,defined,-0.049852434503574676,sensitivity_only
id:x%3A0x0.0p%2B0,260,4.59,3.9382,3.8023805754424096,2.724429125880535,defined,0.049852434503574676,sensitivity_only
id:x%3A0x0.0p%2B0,261,4.608,3.95584,4.091659424557591,2.724429125880535,defined,-0.049852434503574676,sensitivity_only
id:x%3A0x0.0p%2B0,262,4.626,3.9734800000000003,3.83766057544241,2.724429125880535,defined,0.049852434503574676,sensitivity_only
id:x%3A0x0.0p%2B0,263,4.644,3.9911200000000004,4.126939424557591,2.724429125880535,defined,-0.049852434503574676,sensitivity_only
id:x%3A0x0.0p%2B0,264,4.662,4.0087600000000005,3.87294057544241,2.724429125880535,defined,0.049852434503574676,sensitivity_only
id:x%3A0x0.0p%2B0,265,4.68,4.0264,4.16221942455759,2.724429125880535,defined,-0.049852434503574676,sensitivity_only
id:x%3A0x0.0p%2B0,266,4.698,4.044040000000001,3.90822057544241,2.724429125880535,defined,0.049852434503574676,sensitivity_only
id:x%3A0x0.0p%2B0,267,4.716,4.06168,4.1974994245575905,2.724429125880535,defined,-0.049852434503574676,sensitivity_only
id:x%3A0x0.0p%2B0,268,4.734,4.07932,3.9435005754424095,2.724429125880535,defined,0.049852434503574676,sensitivity_only
id:x%3A0x0.0p%2B0,269,4.752,4.09696,4.232779424557591,2.724429125880535,defined,-0.049852434503574676,sensitivity_only
id:x%3A0x0.0p%2B0,270,4.77,4.114599999999999,3.978780575442409,2.724429125880535,defined,0.049852434503574676,sensitivity_only
id:x%3A0x0.0p%2B0,271,4.788,4.13224,4.268059424557591,2.724429125880535,defined,-0.049852434503574676,sensitivity_only
id:x%3A0x0.0p%2B0,272,4.806,4.1498800000000005,4.01406057544241,2.724429125880535,defined,0.049852434503574676,sensitivity_only
id:x%3A0x0.0p%2B0,273,4.824,4.16752,4.30333942455759,2.724429125880535,defined,-0.049852434503574676,sensitivity_only
id:x%3A0x0.0p%2B0,274,4.842,4.18516,4.049340575442409,2.724429125880535,defined,0.049852434503574676,sensitivity_only
id:x%3A0x0.0p%2B0,275,4.86,4.2028,4.33861942455759,2.724429125880535,defined,-0.049852434503574676,sensitivity_only
id:x%3A0x0.0p%2B0,276,4.878,4.22044,4.084620575442409,2.724429125880535,defined,0.049852434503574676,sensitivity_only
id:x%3A0x0.0p%2B0,277,4.896,4.23808,4.373899424557591,2.724429125880535,defined,-0.049852434503574676,sensitivity_only
id:x%3A0x0.0p%2B0,278,4.914,4.25572,4.11990057544241,2.724429125880535,defined,0.049852434503574676,sensitivity_only
id:x%3A0x0.0p%2B0,279,4.932,4.27336,4.409179424557591,2.724429125880535,defined,-0.049852434503574676,sensitivity_only
id:x%3A0x0.0p%2B0,280,4.95,4.291,4.15518057544241,2.724429125880535,defined,0.049852434503574676,sensitivity_only
id:x%3A0x0.0p%2B0,281,4.968,4.3086400000000005,4.444459424557591,2.724429125880535,defined,-0.049852434503574676,sensitivity_only
id:x%3A0x0.0p%2B0,282,4.986,4.32628,4.190460575442409,2.724429125880535,defined,0.049852434503574676,sensitivity_only
id:x%3A0x0.0p%2B0,283,5.0,4.34,4.47581942455759,2.724429125880535,defined,-0.049852434503574676,sensitivity_only
id:x%3A0x0.0p%2B0,284,5.004,4.34392,4.208100575442409,2.724429125880535,defined,0.049852434503574676,sensitivity_only
id:x%3A0x0.0p%2B0,285,5.022,4.361560000000001,4.497379424557591,2.724429125880535,defined,-0.049852434503574676,sensitivity_only
id:x%3A0x0.0p%2B0,286,5.04,4.3792,4.243380575442409,2.724429125880535,defined,0.049852434503574676,sensitivity_only
id:x%3A0x0.0p%2B0,287,5.058,4.39684,4.532659424557591,2.724429125880535,defined,-0.049852434503574676,sensitivity_only
id:x%3A0x0.0p%2B0,288,5.076,4.414479999999999,4.278660575442409,2.724429125880535,defined,0.049852434503574676,sensitivity_only
id:x%3A0x0.0p%2B0,289,5.094,4.43212,4.567939424557591,2.724429125880535,defined,-0.049852434503574676,sensitivity_only
id:x%3A0x0.0p%2B0,290,5.112,4.44976,4.31394057544241,2.724429125880535,defined,0.049852434503574676,sensitivity_only
id:x%3A0x0.0p%2B0,291,5.13,4.4674,4.60321942455759,2.724429125880535,defined,-0.049852434503574676,sensitivity_only
id:x%3A0x0.0p%2B0,292,5.148,4.48504,4.349220575442409,2.724429125880535,defined,0.049852434503574676,sensitivity_only
id:x%3A0x0.0p%2B0,293,5.166,4.502680000000001,4.638499424557591,2.724429125880535,defined,-0.049852434503574676,sensitivity_only
id:x%3A0x0.0p%2B0,294,5.184,4.52032,4.384500575442409,2.724429125880535,defined,0.049852434503574676,sensitivity_only
id:x%3A0x0.0p%2B0,295,5.202,4.53796,4.6737794245575905,2.724429125880535,defined,-0.049852434503574676,sensitivity_only
id:x%3A0x0.0p%2B0,296,5.22,4.5556,4.4197805754424095,2.724429125880535,defined,0.049852434503574676,sensitivity_only
id:x%3A0x0.0p%2B0,297,5.238,4.57324,4.709059424557591,2.724429125880535,defined,-0.049852434503574676,sensitivity_only
id:x%3A0x0.0p%2B0,298,5.256,4.59088,4.45506057544241,2.724429125880535,defined,0.049852434503574676,sensitivity_only
id:x%3A0x0.0p%2B0,299,5.274,4.60852,4.744339424557591,2.724429125880535,defined,-0.049852434503574676,sensitivity_only
id:x%3A0x0.0p%2B0,300,5.292,4.62616,4.490340575442409,2.724429125880535,defined,0.049852434503574676,sensitivity_only
id:x%3A0x0.0p%2B0,301,5.31,4.6438,4.77961942455759,2.724429125880535,defined,-0.049852434503574676,sensitivity_only
id:x%3A0x0.0p%2B0,302,5.328,4.661440000000001,4.52562057544241,2.724429125880535,defined,0.049852434503574676,sensitivity_only
id:x%3A0x0.0p%2B0,303,5.346,4.67908,4.8148994245575905,2.724429125880535,defined,-0.049852434503574676,sensitivity_only
id:x%3A0x0.0p%2B0,304,5.364,4.69672,4.5609005754424095,2.724429125880535,defined,0.049852434503574676,sensitivity_only
id:x%3A0x0.0p%2B0,305,5.382,4.714359999999999,4.85017942455759,2.724429125880535,defined,-0.049852434503574676,sensitivity_only
id:x%3A0x0.0p%2B0,306,5.4,4.732,4.59618057544241,2.724429125880535,defined,0.049852434503574676,sensitivity_only
id:x%3A0x0.0p%2B0,307,5.418,4.74964,4.885459424557591,2.724429125880535,defined,-0.049852434503574676,sensitivity_only
id:x%3A0x0.0p%2B0,308,5.436,4.7672799999999995,4.631460575442409,2.724429125880535,defined,0.049852434503574676,sensitivity_only
id:x%3A0x0.0p%2B0,309,5.454,4.78492,4.92073942455759,2.724429125880535,defined,-0.049852434503574676,sensitivity_only
id:x%3A0x0.0p%2B0,310,5.472,4.802560000000001,4.66674057544241,2.724429125880535,defined,0.049852434503574676,sensitivity_only
id:x%3A0x0.0p%2B0,311,5.49,4.8202,4.95601942455759,2.724429125880535,defined,-0.049852434503574676,sensitivity_only
id:x%3A0x0.0p%2B0,312,5.508,4.83784,4.702020575442409,2.7244291258805333,defined,0.049852434503574676,sensitivity_only
id:x%3A0x0.0p%2B0,313,5.526,4.85548,4.991299424557591,2.7244291258805333,defined,-0.049852434503574676,sensitivity_only
id:x%3A0x0.0p%2B0,314,5.544,4.87312,4.73730057544241,2.7244291258805333,defined,0.049852434503574676,sensitivity_only
id:x%3A0x0.0p%2B0,315,5.562,4.89076,5.026579424557591,2.7244291258805333,defined,-0.049852434503574676,sensitivity_only
id:x%3A0x0.0p%2B0,316,5.58,4.9084,4.77258057544241,2.7244291258805333,defined,0.049852434503574676,sensitivity_only
id:x%3A0x0.0p%2B0,317,5.598,4.92604,5.061859424557591,2.7244291258805333,defined,-0.049852434503574676,sensitivity_only
id:x%3A0x0.0p%2B0,318,5.616,4.94368,4.807860575442409,2.7244291258805333,defined,0.049852434503574676,sensitivity_only
id:x%3A0x0.0p%2B0,319,5.634,4.961320000000001,5.097139424557591,2.7244291258805333,defined,-0.049852434503574676,sensitivity_only
id:x%3A0x0.0p%2B0,320,5.652,4.978960000000001,4.84314057544241,2.7244291258805333,defined,0.049852434503574676,sensitivity_only
id:x%3A0x0.0p%2B0,321,5.67,4.9966,5.1324194245575905,2.7244291258805333,defined,-0.049852434503574676,sensitivity_only
id:x%3A0x0.0p%2B0,322,5.688,5.014239999999999,4.878420575442409,2.7244291258805333,defined,0.049852434503574676,sensitivity_only
id:x%3A0x0.0p%2B0,323,5.706,5.031880000000001,5.167699424557592,2.7244291258805333,defined,-0.049852434503574676,sensitivity_only
id:x%3A0x0.0p%2B0,324,5.724,5.04952,4.91370057544241,2.7244291258805333,defined,0.049852434503574676,sensitivity_only
id:x%3A0x0.0p%2B0,325,5.742,5.067159999999999,5.20297942455759,2.7244291258805333,defined,-0.049852434503574676,sensitivity_only
id:x%3A0x0.0p%2B0,326,5.76,5.0847999999999995,4.948980575442409,2.7244291258805333,defined,0.049852434503574676,sensitivity_only
id:x%3A0x0.0p%2B0,327,5.778,5.10244,5.23825942455759,2.7244291258805333,defined,-0.049852434503574676,sensitivity_only
id:x%3A0x0.0p%2B0,328,5.796,5.12008,4.984260575442409,2.7244291258805333,defined,0.049852434503574676,sensitivity_only
id:x%3A0x0.0p%2B0,329,5.814,5.13772,5.27353942455759,2.7244291258805333,defined,-0.049852434503574676,sensitivity_only
id:x%3A0x0.0p%2B0,330,5.832,5.15536,5.019540575442409,2.7244291258805333,defined,0.049852434503574676,sensitivity_only
id:x%3A0x0.0p%2B0,331,5.85,5.173,5.308819424557591,2.7244291258805333,defined,-0.049852434503574676,sensitivity_only
id:x%3A0x0.0p%2B0,332,5.868,5.19064,5.05482057544241,2.7244291258805333,defined,0.049852434503574676,sensitivity_only
id:x%3A0x0.0p%2B0,333,5.886,5.20828,5.344099424557591,2.7244291258805333,defined,-0.049852434503574676,sensitivity_only
id:x%3A0x0.0p%2B0,334,5.904,5.22592,5.09010057544241,2.7244291258805333,defined,0.049852434503574676,sensitivity_only
id:x%3A0x0.0p%2B0,335,5.922,5.24356,5.379379424557591,2.7244291258805333,defined,-0.049852434503574676,sensitivity_only
id:x%3A0x0.0p%2B0,336,5.94,5.2612000000000005,5.12538057544241,2.7244291258805333,defined,0.049852434503574676,sensitivity_only
id:x%3A0x0.0p%2B0,337,5.958,5.278840000000001,5.414659424557591,2.7244291258805333,defined,-0.049852434503574676,sensitivity_only
id:x%3A0x0.0p%2B0,338,5.976,5.29648,5.160660575442409,2.7244291258805333,defined,0.049852434503574676,sensitivity_only
id:x%3A0x0.0p%2B0,339,5.994,5.31412,5.4499394245575905,2.7244291258805333,defined,-0.049852434503574676,sensitivity_only
id:x%3A0x0.0p%2B0,340,6.0,5.32,5.18418057544241,2.7244291258805333,defined,0.049852434503574676,sensitivity_only
id:x%3A0x0.0p%2B0,341,6.012,5.331759999999999,5.46757942455759,2.7244291258805333,defined,-0.049852434503574676,sensitivity_only
id:x%3A0x0.0p%2B0,342,6.03,5.3494,5.21358057544241,2.7244291258805333,defined,0.049852434503574676,sensitivity_only
id:x%3A0x0.0p%2B0,343,6.048,5.36704,5.502859424557591,2.7244291258805333,defined,-0.049852434503574676,sensitivity_only
id:x%3A0x0.0p%2B0,344,6.066,5.3846799999999995,5.248860575442409,2.7244291258805333,defined,0.049852434503574676,sensitivity_only
id:x%3A0x0.0p%2B0,345,6.084,5.40232,5.53813942455759,2.7244291258805333,defined,-0.049852434503574676,sensitivity_only
id:x%3A0x0.0p%2B0,346,6.102,5.4199600000000006,5.28414057544241,2.7244291258805333,defined,0.049852434503574676,sensitivity_only
id:x%3A0x0.0p%2B0,347,6.12,5.4376,5.57341942455759,2.7244291258805333,defined,-0.049852434503574676,sensitivity_only
id:x%3A0x0.0p%2B0,348,6.138,5.45524,5.319420575442409,2.7244291258805333,defined,0.049852434503574676,sensitivity_only
id:x%3A0x0.0p%2B0,349,6.156,5.47288,5.6086994245575905,2.7244291258805333,defined,-0.049852434503574676,sensitivity_only
id:x%3A0x0.0p%2B0,350,6.174,5.49052,5.3547005754424095,2.7244291258805333,defined,0.049852434503574676,sensitivity_only
id:x%3A0x0.0p%2B0,351,6.192,5.50816,5.643979424557591,2.7244291258805333,defined,-0.049852434503574676,sensitivity_only
id:x%3A0x0.0p%2B0,352,6.21,5.5258,5.38998057544241,2.7244291258805333,defined,0.049852434503574676,sensitivity_only
id:x%3A0x0.0p%2B0,353,6.228,5.54344,5.679259424557591,2.7244291258805333,defined,-0.049852434503574676,sensitivity_only
id:x%3A0x0.0p%2B0,354,6.246,5.5610800000000005,5.42526057544241,2.7244291258805333,defined,0.049852434503574676,sensitivity_only
id:x%3A0x0.0p%2B0,355,6.264,5.578720000000001,5.714539424557591,2.7244291258805333,defined,-0.049852434503574676,sensitivity_only
id:x%3A0x0.0p%2B0,356,6.282,5.596360000000001,5.46054057544241,2.7244291258805333,defined,0.049852434503574676,sensitivity_only
id:x%3A0x0.0p%2B0,357,6.3,5.614,5.74981942455759,2.7244291258805333,defined,-0.049852434503574676,sensitivity_only
id:x%3A0x0.0p%2B0,358,6.318,5.631639999999999,5.4958205754424085,2.7244291258805333,defined,0.049852434503574676,sensitivity_only
id:x%3A0x0.0p%2B0,359,6.336,5.649280000000001,5.7850994245575915,2.7244291258805333,defined,-0.049852434503574676,sensitivity_only
id:x%3A0x0.0p%2B0,360,6.354,5.66692,5.53110057544241,2.7244291258805333,defined,0.049852434503574676,sensitivity_only
id:x%3A0x0.0p%2B0,361,6.372,5.684559999999999,5.82037942455759,2.7244291258805333,defined,-0.049852434503574676,sensitivity_only
id:x%3A0x0.0p%2B0,362,6.39,5.7021999999999995,5.566380575442409,2.7244291258805333,defined,0.049852434503574676,sensitivity_only
id:x%3A0x0.0p%2B0,363,6.408,5.7198400000000005,5.855659424557591,2.7244291258805333,defined,-0.049852434503574676,sensitivity_only
id:x%3A0x0.0p%2B0,364,6.426,5.73748,5.601660575442409,2.7244291258805333,defined,0.049852434503574676,sensitivity_only
id:x%3A0x0.0p%2B0,365,6.444,5.75512,5.89093942455759,2.7244291258805333,defined,-0.049852434503574676,sensitivity_only
id:x%3A0x0.0p%2B0,366,6.462,5.77276,5.636940575442409,2.7244291258805333,defined,0.049852434503574676,sensitivity_only
id:x%3A0x0.0p%2B0,367,6.48,5.7904,5.9262194245575905,2.7244291258805333,defined,-0.049852434503574676,sensitivity_only
id:x%3A0x0.0p%2B0,368,6.498,5.80804,5.6722205754424095,2.7244291258805333,defined,0.049852434503574676,sensitivity_only
id:x%3A0x0.0p%2B0,369,6.516,5.82568,5.961499424557591,2.7244291258805333,defined,-0.049852434503574676,sensitivity_only
id:x%3A0x0.0p%2B0,370,6.534,5.84332,5.70750057544241,2.7244291258805333,defined,0.049852434503574676,sensitivity_only
id:x%3A0x0.0p%2B0,371,6.552,5.8609599999999995,5.99677942455759,2.7244291258805333,defined,-0.049852434503574676,sensitivity_only
id:x%3A0x0.0p%2B0,372,6.57,5.8786000000000005,5.74278057544241,2.7244291258805333,defined,0.049852434503574676,sensitivity_only
id:x%3A0x0.0p%2B0,373,6.588,5.896240000000001,6.032059424557591,2.7244291258805333,defined,-0.049852434503574676,sensitivity_only
id:x%3A0x0.0p%2B0,374,6.606,5.91388,5.778060575442409,2.7244291258805333,defined,0.049852434503574676,sensitivity_only
id:x%3A0x0.0p%2B0,375,6.624,5.93152,6.0673394245575905,2.7244291258805333,defined,-0.049852434503574676,sensitivity_only
id:x%3A0x0.0p%2B0,376,6.642,5.949160000000001,5.81334057544241,2.7244291258805333,defined,0.049852434503574676,sensitivity_only
id:x%3A0x0.0p%2B0,377,6.66,5.9668,6.102619424557591,2.7244291258805333,defined,-0.049852434503574676,sensitivity_only
id:x%3A0x0.0p%2B0,378,6.678,5.98444,5.84862057544241,2.7244291258805333,defined,0.049852434503574676,sensitivity_only
id:x%3A0x0.0p%2B0,379,6.696,6.002079999999999,6.13789942455759,2.7244291258805333,defined,-0.049852434503574676,sensitivity_only
id:x%3A0x0.0p%2B0,380,6.714,6.01972,5.88390057544241,2.7244291258805333,defined,0.049852434503574676,sensitivity_only
id:x%3A0x0.0p%2B0,381,6.732,6.03736,6.17317942455759,2.7244291258805333,defined,-0.049852434503574676,sensitivity_only
id:x%3A0x0.0p%2B0,382,6.75,6.055,5.919180575442409,2.7244291258805333,defined,0.049852434503574676,sensitivity_only
id:x%3A0x0.0p%2B0,383,6.768,6.07264,6.20845942455759,2.7244291258805333,defined,-0.049852434503574676,sensitivity_only
id:x%3A0x0.0p%2B0,384,6.786,6.09028,5.954460575442409,2.7244291258805333,defined,0.049852434503574676,sensitivity_only
id:x%3A0x0.0p%2B0,385,6.804,6.10792,6.243739424557591,2.7244291258805333,defined,-0.049852434503574676,sensitivity_only
id:x%3A0x0.0p%2B0,386,6.822,6.12556,5.98974057544241,2.7244291258805333,defined,0.049852434503574676,sensitivity_only
id:x%3A0x0.0p%2B0,387,6.84,6.1432,6.279019424557591,2.7244291258805333,defined,-0.049852434503574676,sensitivity_only
id:x%3A0x0.0p%2B0,388,6.858,6.16084,6.02502057544241,2.7244291258805333,defined,0.049852434503574676,sensitivity_only
id:x%3A0x0.0p%2B0,389,6.876,6.17848,6.314299424557591,2.7244291258805333,defined,-0.049852434503574676,sensitivity_only
id:x%3A0x0.0p%2B0,390,6.894,6.1961200000000005,6.06030057544241,2.7244291258805333,defined,0.049852434503574676,sensitivity_only
id:x%3A0x0.0p%2B0,391,6.912,6.213760000000001,6.349579424557591,2.7244291258805333,defined,-0.049852434503574676,sensitivity_only
id:x%3A0x0.0p%2B0,392,6.93,6.2314,6.095580575442409,2.7244291258805333,defined,0.049852434503574676,sensitivity_only
id:x%3A0x0.0p%2B0,393,6.948,6.249040000000001,6.384859424557591,2.7244291258805333,defined,-0.049852434503574676,sensitivity_only
id:x%3A0x0.0p%2B0,394,6.966,6.26668,6.1308605754424095,2.7244291258805333,defined,0.049852434503574676,sensitivity_only
id:x%3A0x0.0p%2B0,395,6.984,6.28432,6.420139424557591,2.7244291258805333,defined,-0.049852434503574676,sensitivity_only
id:x%3A0x0.0p%2B0,396,7.0,6.3,6.164180575442409,2.7244291258805333,defined,0.049852434503574676,sensitivity_only
id:x%3A0x0.0p%2B0,397,7.002,6.301959999999999,6.43777942455759,2.7244291258805333,defined,-0.049852434503574676,sensitivity_only
id:x%3A0x0.0p%2B0,398,7.02,6.319599999999999,6.183780575442409,2.7244291258805333,defined,0.049852434503574676,sensitivity_only
id:x%3A0x0.0p%2B0,399,7.038,6.33724,6.473059424557591,2.7244291258805333,defined,-0.049852434503574676,sensitivity_only
id:x%3A0x0.0p%2B0,400,7.056,6.35488,6.219060575442409,2.7244291258805333,defined,0.049852434503574676,sensitivity_only
id:x%3A0x0.0p%2B0,401,7.074,6.37252,6.50833942455759,2.7244291258805333,defined,-0.049852434503574676,sensitivity_only
id:x%3A0x0.0p%2B0,402,7.092,6.39016,6.254340575442409,2.7244291258805333,defined,0.049852434503574676,sensitivity_only
id:x%3A0x0.0p%2B0,403,7.11,6.4078,6.5436194245575905,2.7244291258805333,defined,-0.049852434503574676,sensitivity_only
id:x%3A0x0.0p%2B0,404,7.128,6.42544,6.2896205754424095,2.7244291258805333,defined,0.049852434503574676,sensitivity_only
id:x%3A0x0.0p%2B0,405,7.146,6.44308,6.578899424557591,2.7244291258805333,defined,-0.049852434503574676,sensitivity_only
id:x%3A0x0.0p%2B0,406,7.164,6.46072,6.32490057544241,2.7244291258805333,defined,0.049852434503574676,sensitivity_only
id:x%3A0x0.0p%2B0,407,7.182,6.47836,6.614179424557591,2.7244291258805333,defined,-0.049852434503574676,sensitivity_only
id:x%3A0x0.0p%2B0,408,7.2,6.496,6.36018057544241,2.7244291258805333,defined,0.049852434503574676,sensitivity_only
id:x%3A0x0.0p%2B0,409,7.218,6.5136400000000005,6.649459424557591,2.7244291258805333,defined,-0.049852434503574676,sensitivity_only
id:x%3A0x0.0p%2B0,410,7.236,6.53128,6.395460575442409,2.7244291258805333,defined,0.049852434503574676,sensitivity_only
id:x%3A0x0.0p%2B0,411,7.254,6.548919999999999,6.6847394245575895,2.7244291258805333,defined,-0.049852434503574676,sensitivity_only
id:x%3A0x0.0p%2B0,412,7.272,6.566560000000001,6.43074057544241,2.7244291258805333,defined,0.049852434503574676,sensitivity_only
id:x%3A0x0.0p%2B0,413,7.29,6.5842,6.720019424557591,2.7244291258805333,defined,-0.049852434503574676,sensitivity_only
id:x%3A0x0.0p%2B0,414,7.308,6.601839999999999,6.466020575442409,2.7244291258805333,defined,0.049852434503574676,sensitivity_only
id:x%3A0x0.0p%2B0,415,7.326,6.619479999999999,6.75529942455759,2.7244291258805333,defined,-0.049852434503574676,sensitivity_only
id:x%3A0x0.0p%2B0,416,7.344,6.63712,6.50130057544241,2.7244291258805333,defined,0.049852434503574676,sensitivity_only
id:x%3A0x0.0p%2B0,417,7.362,6.65476,6.79057942455759,2.7244291258805333,defined,-0.049852434503574676,sensitivity_only
id:x%3A0x0.0p%2B0,418,7.38,6.6724,6.536580575442409,2.7244291258805333,defined,0.049852434503574676,sensitivity_only
id:x%3A0x0.0p%2B0,419,7.398,6.69004,6.82585942455759,2.7244291258805333,defined,-0.049852434503574676,sensitivity_only
id:x%3A0x0.0p%2B0,420,7.416,6.70768,6.571860575442409,2.7244291258805333,defined,0.049852434503574676,sensitivity_only
id:x%3A0x0.0p%2B0,421,7.434,6.72532,6.8611394245575905,2.7244291258805333,defined,-0.049852434503574676,sensitivity_only
id:x%3A0x0.0p%2B0,422,7.452,6.74296,6.6071405754424095,2.7244291258805333,defined,0.049852434503574676,sensitivity_only
id:x%3A0x0.0p%2B0,423,7.47,6.7606,6.896419424557591,2.7244291258805333,defined,-0.049852434503574676,sensitivity_only
id:x%3A0x0.0p%2B0,424,7.488,6.77824,6.64242057544241,2.7244291258805333,defined,0.049852434503574676,sensitivity_only
id:x%3A0x0.0p%2B0,425,7.506,6.79588,6.931699424557591,2.7244291258805333,defined,-0.049852434503574676,sensitivity_only
id:x%3A0x0.0p%2B0,426,7.524,6.8135200000000005,6.67770057544241,2.7244291258805333,defined,0.049852434503574676,sensitivity_only
id:x%3A0x0.0p%2B0,427,7.542,6.83116,6.96697942455759,2.7244291258805333,defined,-0.049852434503574676,sensitivity_only
id:x%3A0x0.0p%2B0,428,7.56,6.8488,6.712980575442409,2.7244291258805333,defined,0.049852434503574676,sensitivity_only
id:x%3A0x0.0p%2B0,429,7.578,6.866440000000001,7.002259424557591,2.7244291258805333,defined,-0.049852434503574676,sensitivity_only
id:x%3A0x0.0p%2B0,430,7.596,6.88408,6.748260575442409,2.7244291258805333,defined,0.049852434503574676,sensitivity_only
id:x%3A0x0.0p%2B0,431,7.614,6.90172,7.037539424557591,2.7244291258805333,defined,-0.049852434503574676,sensitivity_only
id:x%3A0x0.0p%2B0,432,7.632,6.919359999999999,6.783540575442409,2.7244291258805333,defined,0.049852434503574676,sensitivity_only
id:x%3A0x0.0p%2B0,433,7.65,6.937,7.072819424557591,2.7244291258805333,defined,-0.049852434503574676,sensitivity_only
id:x%3A0x0.0p%2B0,434,7.668,6.95464,6.81882057544241,2.7244291258805333,defined,0.049852434503574676,sensitivity_only
id:x%3A0x0.0p%2B0,435,7.686,6.97228,7.10809942455759,2.7244291258805333,defined,-0.049852434503574676,sensitivity_only
id:x%3A0x0.0p%2B0,436,7.704,6.98992,6.854100575442409,2.7244291258805333,defined,0.049852434503574676,sensitivity_only
id:x%3A0x0.0p%2B0,437,7.722,7.007560000000001,7.143379424557591,2.7244291258805333,defined,-0.049852434503574676,sensitivity_only
id:x%3A0x0.0p%2B0,438,7.74,7.0252,6.889380575442409,2.7244291258805333,defined,0.049852434503574676,sensitivity_only
id:x%3A0x0.0p%2B0,439,7.758,7.04284,7.1786594245575905,2.7244291258805333,defined,-0.049852434503574676,sensitivity_only
id:x%3A0x0.0p%2B0,440,7.776,7.06048,6.9246605754424095,2.7244291258805333,defined,0.049852434503574676,sensitivity_only
id:x%3A0x0.0p%2B0,441,7.794,7.078119999999999,7.21393942455759,2.7244291258805333,defined,-0.049852434503574676,sensitivity_only
id:x%3A0x0.0p%2B0,442,7.812,7.09576,6.95994057544241,2.7244291258805333,defined,0.049852434503574676,sensitivity_only
id:x%3A0x0.0p%2B0,443,7.83,7.1134,7.249219424557591,2.7244291258805333,defined,-0.049852434503574676,sensitivity_only
id:x%3A0x0.0p%2B0,444,7.848,7.13104,6.995220575442409,2.7244291258805333,defined,0.049852434503574676,sensitivity_only
id:x%3A0x0.0p%2B0,445,7.866,7.14868,7.28449942455759,2.7244291258805333,defined,-0.049852434503574676,sensitivity_only
id:x%3A0x0.0p%2B0,446,7.884,7.166320000000001,7.03050057544241,2.7244291258805333,defined,0.049852434503574676,sensitivity_only
id:x%3A0x0.0p%2B0,447,7.902,7.18396,7.3197794245575905,2.7244291258805333,defined,-0.049852434503574676,sensitivity_only
id:x%3A0x0.0p%2B0,448,7.92,7.2016,7.0657805754424095,2.7244291258805333,defined,0.049852434503574676,sensitivity_only
id:x%3A0x0.0p%2B0,449,7.938,7.21924,7.355059424557591,2.7244291258805333,defined,-0.049852434503574676,sensitivity_only
id:x%3A0x0.0p%2B0,450,7.956,7.23688,7.10106057544241,2.7244291258805333,defined,0.049852434503574676,sensitivity_only
id:x%3A0x0.0p%2B0,451,7.974,7.25452,7.390339424557591,2.7244291258805333,defined,-0.049852434503574676,sensitivity_only
id:x%3A0x0.0p%2B0,452,7.992,7.27216,7.13634057544241,2.7244291258805333,defined,0.049852434503574676,sensitivity_only
id:x%3A0x0.0p%2B0,453,8.0,7.28,7.415819424557591,2.7244291258805333,defined,-0.049852434503574676,sensitivity_only
id:x%3A0x0.0p%2B0,454,8.01,7.2898,7.153980575442409,2.7244291258805333,defined,0.049852434503574676,sensitivity_only
id:x%3A0x0.0p%2B0,455,8.028,7.307440000000001,7.443259424557591,2.7244291258805333,defined,-0.049852434503574676,sensitivity_only
id:x%3A0x0.0p%2B0,456,8.046,7.32508,7.189260575442409,2.7244291258805333,defined,0.049852434503574676,sensitivity_only
id:x%3A0x0.0p%2B0,457,8.064,7.34272,7.4785394245575905,2.7244291258805333,defined,-0.049852434503574676,sensitivity_only
id:x%3A0x0.0p%2B0,458,8.082,7.360360000000001,7.22454057544241,2.7244291258805333,defined,0.049852434503574676,sensitivity_only
id:x%3A0x0.0p%2B0,459,8.1,7.378,7.513819424557591,2.7244291258805333,defined,-0.049852434503574676,sensitivity_only
id:x%3A0x0.0p%2B0,460,8.118,7.39564,7.25982057544241,2.7244291258805333,defined,0.049852434503574676,sensitivity_only
id:x%3A0x0.0p%2B0,461,8.136,7.413279999999999,7.54909942455759,2.7244291258805333,defined,-0.049852434503574676,sensitivity_only
id:x%3A0x0.0p%2B0,462,8.154,7.4309199999999995,7.295100575442409,2.7244291258805333,defined,0.049852434503574676,sensitivity_only
id:x%3A0x0.0p%2B0,463,8.172,7.4485600000000005,7.584379424557591,2.7244291258805333,defined,-0.049852434503574676,sensitivity_only
id:x%3A0x0.0p%2B0,464,8.19,7.4662,7.330380575442409,2.7244291258805333,defined,0.049852434503574676,sensitivity_only
id:x%3A0x0.0p%2B0,465,8.208,7.48384,7.61965942455759,2.7244291258805333,defined,-0.049852434503574676,sensitivity_only
id:x%3A0x0.0p%2B0,466,8.226,7.501480000000001,7.36566057544241,2.7244291258805333,defined,0.049852434503574676,sensitivity_only
id:x%3A0x0.0p%2B0,467,8.244,7.51912,7.654939424557591,2.7244291258805333,defined,-0.049852434503574676,sensitivity_only
id:x%3A0x0.0p%2B0,468,8.262,7.53676,7.40094057544241,2.7244291258805333,defined,0.049852434503574676,sensitivity_only
id:x%3A0x0.0p%2B0,469,8.28,7.554399999999999,7.69021942455759,2.7244291258805333,defined,-0.049852434503574676,sensitivity_only
id:x%3A0x0.0p%2B0,470,8.298,7.57204,7.43622057544241,2.7244291258805333,defined,0.049852434503574676,sensitivity_only
id:x%3A0x0.0p%2B0,471,8.316,7.58968,7.725499424557591,2.7244291258805333,defined,-0.049852434503574676,sensitivity_only
id:x%3A0x0.0p%2B0,472,8.334,7.60732,7.471500575442409,2.7244291258805333,defined,0.049852434503574676,sensitivity_only
id:x%3A0x0.0p%2B0,473,8.352,7.624960000000001,7.760779424557591,2.7244291258805333,defined,-0.049852434503574676,sensitivity_only
id:x%3A0x0.0p%2B0,474,8.37,7.642599999999999,7.506780575442408,2.7244291258805333,defined,0.049852434503574676,sensitivity_only
id:x%3A0x0.0p%2B0,475,8.388,7.66024,7.7960594245575905,2.7244291258805333,defined,-0.049852434503574676,sensitivity_only
id:x%3A0x0.0p%2B0,476,8.406,7.677880000000001,7.54206057544241,2.7244291258805333,defined,0.049852434503574676,sensitivity_only
id:x%3A0x0.0p%2B0,477,8.424,7.695519999999999,7.83133942455759,2.7244291258805333,defined,-0.049852434503574676,sensitivity_only
id:x%3A0x0.0p%2B0,478,8.442,7.71316,7.57734057544241,2.7244291258805333,defined,0.049852434503574676,sensitivity_only
id:x%3A0x0.0p%2B0,479,8.46,7.730800000000001,7.866619424557592,2.7244291258805333,defined,-0.049852434503574676,sensitivity_only
id:x%3A0x0.0p%2B0,480,8.478,7.7484399999999996,7.612620575442409,2.7244291258805333,defined,0.049852434503574676,sensitivity_only
id:x%3A0x0.0p%2B0,481,8.496,7.7660800000000005,7.901899424557591,2.7244291258805333,defined,-0.049852434503574676,sensitivity_only
id:x%3A0x0.0p%2B0,482,8.514,7.78372,7.675064460353927,2.179543300704428,defined,0.049852434503574676,sensitivity_only
id:x%3A0x0.0p%2B0,483,8.532,7.80136,7.910015539646072,2.179543300704428,defined,-0.049852434503574676,sensitivity_only
id:x%3A0x0.0p%2B0,484,8.55,7.819000000000001,7.710344460353928,2.179543300704428,defined,0.049852434503574676,sensitivity_only
id:x%3A0x0.0p%2B0,485,8.568,7.83664,7.9452955396460725,2.179543300704428,defined,-0.049852434503574676,sensitivity_only
id:x%3A0x0.0p%2B0,486,8.586,7.85428,7.745624460353928,2.179543300704428,defined,0.049852434503574676,sensitivity_only
id:x%3A0x0.0p%2B0,487,8.604,7.871919999999999,7.980575539646072,2.179543300704428,defined,-0.049852434503574676,sensitivity_only
id:x%3A0x0.0p%2B0,488,8.622,7.8895599999999995,7.780904460353927,2.179543300704428,defined,0.049852434503574676,sensitivity_only
id:x%3A0x0.0p%2B0,489,8.64,7.9072000000000005,8.015855539646074,2.179543300704428,defined,-0.049852434503574676,sensitivity_only
id:x%3A0x0.0p%2B0,490,8.658,7.92484,7.816184460353927,2.179543300704428,defined,0.049852434503574676,sensitivity_only
id:x%3A0x0.0p%2B0,491,8.676,7.94248,8.051135539646072,2.179543300704428,defined,-0.049852434503574676,sensitivity_only
id:x%3A0x0.0p%2B0,492,8.694,7.960120000000001,7.851464460353928,2.179543300704428,defined,0.049852434503574676,sensitivity_only
id:x%3A0x0.0p%2B0,493,8.712,7.97776,8.086415539646072,2.179543300704428,defined,-0.049852434503574676,sensitivity_only
id:x%3A0x0.0p%2B0,494,8.73,7.9954,7.886744460353928,2.179543300704428,defined,0.049852434503574676,sensitivity_only
id:x%3A0x0.0p%2B0,495,8.748,8.01304,8.121695539646073,2.179543300704428,defined,-0.049852434503574676,sensitivity_only
id:x%3A0x0.0p%2B0,496,8.766,8.03068,7.922024460353928,2.179543300704428,defined,0.049852434503574676,sensitivity_only
id:x%3A0x0.0p%2B0,497,8.784,8.04832,8.156975539646073,2.179543300704428,defined,-0.049852434503574676,sensitivity_only
id:x%3A0x0.0p%2B0,498,8.802,8.06596,7.957304460353928,2.179543300704428,defined,0.049852434503574676,sensitivity_only
id:x%3A0x0.0p%2B0,499,8.82,8.0836,8.192255539646073,2.179543300704428,defined,-0.049852434503574676,sensitivity_only
id:x%3A0x0.0p%2B0,500,8.838,8.101239999999999,7.9925844603539264,2.179543300704428,defined,0.049852434503574676,sensitivity_only
id:x%3A0x0.0p%2B0,501,8.856,8.11888,8.227535539646073,2.179543300704428,defined,-0.049852434503574676,sensitivity_only
id:x%3A0x0.0p%2B0,502,8.874,8.13652,8.027864460353928,2.179543300704428,defined,0.049852434503574676,sensitivity_only
id:x%3A0x0.0p%2B0,503,8.892,8.15416,8.262815539646072,2.179543300704428,defined,-0.049852434503574676,sensitivity_only
id:x%3A0x0.0p%2B0,504,8.91,8.171800000000001,8.063144460353929,2.179543300704428,defined,0.049852434503574676,sensitivity_only
id:x%3A0x0.0p%2B0,505,8.928,8.189440000000001,8.298095539646074,2.179543300704428,defined,-0.049852434503574676,sensitivity_only
id:x%3A0x0.0p%2B0,506,8.946,8.20708,8.098424460353927,2.179543300704428,defined,0.049852434503574676,sensitivity_only
id:x%3A0x0.0p%2B0,507,8.964,8.224720000000001,8.333375539646074,2.179543300704428,defined,-0.049852434503574676,sensitivity_only
id:x%3A0x0.0p%2B0,508,8.982,8.24236,8.133704460353927,2.179543300704428,defined,0.049852434503574676,sensitivity_only
id:x%3A0x0.0p%2B0,509,9.0,8.26,8.368655539646072,2.179543300704428,defined,-0.049852434503574676,sensitivity_only
id:x%3A0x1.0000000000000p%2B0,0,0.0,1.75,1.489665661304749,2.7244291258805347,defined,0.09555555555555556,sensitivity_only
id:x%3A0x1.0000000000000p%2B0,1,0.018,1.75576,1.8855430056883642,2.7244291258805347,defined,-0.04763677074786024,sensitivity_only
id:x%3A0x1.0000000000000p%2B0,2,0.036,1.76152,1.6317369943116358,2.7244291258805347,defined,0.04763677074786024,sensitivity_only
id:x%3A0x1.0000000000000p%2B0,3,0.054,1.76728,1.8970630056883642,2.7244291258805347,defined,-0.04763677074786024,sensitivity_only
id:x%3A0x1.0000000000000p%2B0,4,0.072,1.77304,1.6432569943116357,2.7244291258805347,defined,0.04763677074786024,sensitivity_only
id:x%3A0x1.0000000000000p%2B0,5,0.09,1.7788,1.9085830056883641,2.7244291258805347,defined,-0.04763677074786024,sensitivity_only
id:x%3A0x1.0000000000000p%2B0,6,0.108,1.78456,1.6547769943116357,2.7244291258805347,defined,0.04763677074786024,sensitivity_only
id:x%3A0x1.0000000000000p%2B0,7,0.126,1.79032,1.9201030056883641,2.7244291258805347,defined,-0.04763677074786024,sensitivity_only
id:x%3A0x1.0000000000000p%2B0,8,0.144,1.79608,1.6662969943116357,2.7244291258805347,defined,0.04763677074786024,sensitivity_only
id:x%3A0x1.0000000000000p%2B0,9,0.162,1.80184,1.9316230056883643,2.7244291258805347,defined,-0.04763677074786024,sensitivity_only
id:x%3A0x1.0000000000000p%2B0,10,0.18,1.8076,1.677816994311636,2.7244291258805347,defined,0.04763677074786024,sensitivity_only
id:x%3A0x1.0000000000000p%2B0,11,0.198,1.81336,1.9431430056883643,2.7244291258805347,defined,-0.04763677074786024,sensitivity_only
id:x%3A0x1.0000000000000p%2B0,12,0.216,1.81912,1.6893369943116359,2.7244291258805347,defined,0.04763677074786024,sensitivity_only
id:x%3A0x1.0000000000000p%2B0,13,0.234,1.82488,1.9546630056883643,2.7244291258805347,defined,-0.04763677074786024,sensitivity_only
id:x%3A0x1.0000000000000p%2B0,14,0.252,1.83064,1.7008569943116358,2.7244291258805347,defined,0.04763677074786024,sensitivity_only
id:x%3A0x1.0000000000000p%2B0,15,0.27,1.8364,1.9661830056883642,2.7244291258805347,defined,-0.04763677074786024,sensitivity_only
id:x%3A0x1.0000000000000p%2B0,16,0.288,1.84216,1.7123769943116358,2.7244291258805347,defined,0.04763677074786024,sensitivity_only
id:x%3A0x1.0000000000000p%2B0,17,0.306,1.84792,1.9777030056883642,2.7244291258805347,defined,-0.04763677074786024,sensitivity_only
id:x%3A0x1.0000000000000p%2B0,18,0.324,1.85368,1.7238969943116358,2.7244291258805347,defined,0.04763677074786024,sensitivity_only
id:x%3A0x1.0000000000000p%2B0,19,0.342,1.85944,1.9892230056883642,2.7244291258805347,defined,-0.04763677074786024,sensitivity_only
id:x%3A0x1.0000000000000p%2B0,20,0.36,1.8652,1.7354169943116358,2.7244291258805347,defined,0.04763677074786024,sensitivity_only
id:x%3A0x1.0000000000000p%2B0,21,0.378,1.87096,2.0007430056883644,2.7244291258805347,defined,-0.04763677074786024,sensitivity_only
id:x%3A0x1.0000000000000p%2B0,22,0.396,1.87672,1.7469369943116357,2.7244291258805347,defined,0.04763677074786024,sensitivity_only
id:x%3A0x1.0000000000000p%2B0,23,0.414,1.88248,2.0122630056883644,2.7244291258805347,defined,-0.04763677074786024,sensitivity_only
id:x%3A0x1.0000000000000p%2B0,24,0.432,1.88824,1.7584569943116357,2.7244291258805347,defined,0.04763677074786024,sensitivity_only
id:x%3A0x1.0000000000000p%2B0,25,0.45,1.8940000000000001,2.0237830056883643,2.7244291258805347,defined,-0.04763677074786024,sensitivity_only
id:x%3A0x1.0000000000000p%2B0,26,0.468,1.8997600000000001,1.769976994311636,2.7244291258805347,defined,0.04763677074786024,sensitivity_only
id:x%3A0x1.0000000000000p%2B0,27,0.486,1.90552,2.0353030056883643,2.7244291258805347,defined,-0.04763677074786024,sensitivity_only
id:x%3A0x1.0000000000000p%2B0,28,0.504,1.91128,1.7814969943116359,2.7244291258805347,defined,0.04763677074786024,sensitivity_only
id:x%3A0x1.0000000000000p%2B0,29,0.522,1.91704,2.0468230056883643,2.7244291258805347,defined,-0.04763677074786024,sensitivity_only
id:x%3A0x1.0000000000000p%2B0,30,0.54,1.9228,1.7930169943116359,2.7244291258805347,defined,0.04763677074786024,sensitivity_only
id:x%3A0x1.0000000000000p%2B0,31,0.558,1.92856,2.0583430056883643,2.7244291258805347,defined,-0.04763677074786024,sensitivity_only
id:x%3A0x1.0000000000000p%2B0,32,0.576,1.93432,1.8045369943116358,2.7244291258805347,defined,0.04763677074786024,sensitivity_only
id:x%3A0x1.0000000000000p%2B0,33,0.594,1.94008,2.0698630056883642,2.7244291258805347,defined,-0.04763677074786024,sensitivity_only
id:x%3A0x1.0000000000000p%2B0,34,0.612,1.94584,1.8160569943116358,2.7244291258805347,defined,0.04763677074786024,sensitivity_only
id:x%3A0x1.0000000000000p%2B0,35,0.63,1.9516,2.081383005688364,2.7244291258805347,defined,-0.04763677074786024,sensitivity_only
id:x%3A0x1.0000000000000p%2B0,36,0.648,1.95736,1.8275769943116358,2.7244291258805347,defined,0.04763677074786024,sensitivity_only
id:x%3A0x1.0000000000000p%2B0,37,0.666,1.96312,2.092903005688364,2.7244291258805347,defined,-0.04763677074786024,sensitivity_only
id:x%3A0x1.0000000000000p%2B0,38,0.684,1.96888,1.8390969943116358,2.7244291258805347,defined,0.04763677074786024,sensitivity_only
id:x%3A0x1.0000000000000p%2B0,39,0.702,1.97464,2.104423005688364,2.7244291258805347,defined,-0.04763677074786024,sensitivity_only
id:x%3A0x1.0000000000000p%2B0,40,0.72,1.9804,1.8506169943116357,2.7244291258805347,defined,0.04763677074786024,sensitivity_only
id:x%3A0x1.0000000000000p%2B0,41,0.738,1.98616,2.115943005688364,2.7244291258805347,defined,-0.04763677074786024,sensitivity_only
id:x%3A0x1.0000000000000p%2B0,42,0.756,1.99192,1.8621369943116357,2.7244291258805347,defined,0.04763677074786024,sensitivity_only
id:x%3A0x1.0000000000000p%2B0,43,0.774,1.99768,2.127463005688364,2.7244291258805347,defined,-0.04763677074786024,sensitivity_only
id:x%3A0x1.0000000000000p%2B0,44,0.792,2.00344,1.8736569943116357,2.7244291258805347,defined,0.04763677074786024,sensitivity_only
id:x%3A0x1.0000000000000p%2B0,45,0.81,2.0092,2.138983005688364,2.7244291258805347,defined,-0.04763677074786024,sensitivity_only
id:x%3A0x1.0000000000000p%2B0,46,0.828,2.01496,1.8851769943116357,2.7244291258805347,defined,0.04763677074786024,sensitivity_only
id:x%3A0x1.0000000000000p%2B0,47,0.846,2.02072,2.150503005688364,2.7244291258805347,defined,-0.04763677074786024,sensitivity_only
id:x%3A0x1.0000000000000p%2B0,48,0.864,2.02648,1.8966969943116356,2.7244291258805347,defined,0.04763677074786024,sensitivity_only
id:x%3A0x1.0000000000000p%2B0,49,0.882,2.03224,2.162023005688364,2.7244291258805347,defined,-0.04763677074786024,sensitivity_only
id:x%3A0x1.0000000000000p%2B0,50,0.9,2.0380000000000003,1.908216994311636,2.7244291258805347,defined,0.04763677074786024,sensitivity_only
id:x%3A0x1.0000000000000p%2B0,51,0.918,2.04376,2.173543005688364,2.7244291258805347,defined,-0.04763677074786024,sensitivity_only
id:x%3A0x1.0000000000000p%2B0,52,0.936,2.0495200000000002,1.919736994311636,2.7244291258805347,defined,0.04763677074786024,sensitivity_only
id:x%3A0x1.0000000000000p%2B0,53,0.954,2.0552799999999998,2.185063005688364,2.7244291258805347,defined,-0.04763677074786024,sensitivity_only
id:x%3A0x1.0000000000000p%2B0,54,0.972,2.06104,1.931256994311636,2.7244291258805347,defined,0.04763677074786024,sensitivity_only
id:x%3A0x1.0000000000000p%2B0,55,0.99,2.0668,2.1965830056883644,2.7244291258805347,defined,-0.04763677074786024,sensitivity_only
id:x%3A0x1.0000000000000p%2B0,56,1.0,2.07,1.9402169943116356,2.7244291258805347,defined,0.04763677074786024,sensitivity_only
id:x%3A0x1.0000000000000p%2B0,57,1.008,2.07256,2.2023430056883644,2.7244291258805347,defined,-0.04763677074786024,sensitivity_only
id:x%3A0x1.0000000000000p%2B0,58,1.026,2.07832,1.948536994311636,2.7244291258805347,defined,0.04763677074786024,sensitivity_only
id:x%3A0x1.0000000000000p%2B0,59,1.044,2.08408,2.2138630056883644,2.7244291258805347,defined,-0.04763677074786024,sensitivity_only
id:x%3A0x1.0000000000000p%2B0,60,1.062,2.08984,1.960056994311636,2.7244291258805347,defined,0.04763677074786024,sensitivity_only
id:x%3A0x1.0000000000000p%2B0,61,1.08,2.0956,2.2253830056883643,2.7244291258805347,defined,-0.04763677074786024,sensitivity_only
id:x%3A0x1.0000000000000p%2B0,62,1.098,2.10136,1.971576994311636,2.7244291258805347,defined,0.04763677074786024,sensitivity_only
id:x%3A0x1.0000000000000p%2B0,63,1.116,2.10712,2.2369030056883643,2.7244291258805347,defined,-0.04763677074786024,sensitivity_only
id:x%3A0x1.0000000000000p%2B0,64,1.134,2.11288,1.9830969943116359,2.7244291258805347,defined,0.04763677074786024,sensitivity_only
id:x%3A0x1.0000000000000p%2B0,65,1.152,2.11864,2.2484230056883643,2.7244291258805347,defined,-0.04763677074786024,sensitivity_only
id:x%3A0x1.0000000000000p%2B0,66,1.17,2.1244,1.9946169943116359,2.7244291258805347,defined,0.04763677074786024,sensitivity_only
id:x%3A0x1.0000000000000p%2B0,67,1.188,2.13016,2.2599430056883643,2.7244291258805347,defined,-0.04763677074786024,sensitivity_only
id:x%3A0x1.0000000000000p%2B0,68,1.206,2.13592,2.006136994311636,2.7244291258805347,defined,0.04763677074786024,sensitivity_only
id:x%3A0x1.0000000000000p%2B0,69,1.224,2.14168,2.2714630056883642,2.7244291258805347,defined,-0.04763677074786024,sensitivity_only
id:x%3A0x1.0000000000000p%2B0,70,1.242,2.14744,2.017656994311636,2.7244291258805347,defined,0.04763677074786024,sensitivity_only
id:x%3A0x1.0000000000000p%2B0,71,1.26,2.1532,2.282983005688364,2.7244291258805347,defined,-0.04763677074786024,sensitivity_only
id:x%3A0x1.0000000000000p%2B0,72,1.278,2.15896,2.029176994311636,2.7244291258805347,defined,0.04763677074786024,sensitivity_only
id:x%3A0x1.0000000000000p%2B0,73,1.296,2.16472,2.294503005688364,2.7244291258805347,defined,-0.04763677074786024,sensitivity_only
id:x%3A0x1.0000000000000p%2B0,74,1.314,2.17048,2.0406969943116358,2.7244291258805347,defined,0.04763677074786024,sensitivity_only
id:x%3A0x1.0000000000000p%2B0,75,1.332,2.17624,2.306023005688364,2.7244291258805347,defined,-0.04763677074786024,sensitivity_only
id:x%3A0x1.0000000000000p%2B0,76,1.35,2.182,2.0522169943116357,2.7244291258805347,defined,0.04763677074786024,sensitivity_only
id:x%3A0x1.0000000000000p%2B0,77,1.368,2.18776,2.317543005688364,2.7244291258805347,defined,-0.04763677074786024,sensitivity_only
id:x%3A0x1.0000000000000p%2B0,78,1.386,2.19352,2.0637369943116357,2.7244291258805347,defined,0.04763677074786024,sensitivity_only
id:x%3A0x1.0000000000000p%2B0,79,1.404,2.19928,2.329063005688364,2.7244291258805347,defined,-0.04763677074786024,sensitivity_only
id:x%3A0x1.0000000000000p%2B0,80,1.422,2.20504,2.0752569943116357,2.7244291258805347,defined,0.04763677074786024,sensitivity_only
id:x%3A0x1.0000000000000p%2B0,81,1.44,2.2108,2.340583005688364,2.7244291258805347,defined,-0.04763677074786024,sensitivity_only
id:x%3A0x1.0000000000000p%2B0,82,1.458,2.21656,2.0867769943116357,2.7244291258805347,defined,0.04763677074786024,sensitivity_only
id:x%3A0x1.0000000000000p%2B0,83,1.476,2.22232,2.352103005688364,2.7244291258805347,defined,-0.04763677074786024,sensitivity_only
id:x%3A0x1.0000000000000p%2B0,84,1.494,2.22808,2.0982969943116356,2.7244291258805347,defined,0.04763677074786024,sensitivity_only
id:x%3A0x1.0000000000000p%2B0,85,1.512,2.23384,2.363623005688364,2.724429125880535,defined,-0.04763677074786024,sensitivity_only
id:x%3A0x1.0000000000000p%2B0,86,1.53,2.2396000000000003,2.109816994311636,2.724429125880535,defined,0.04763677074786024,sensitivity_only
id:x%3A0x1.0000000000000p%2B0,87,1.548,2.24536,2.375143005688364,2.724429125880535,defined,-0.04763677074786024,sensitivity_only
id:x%3A0x1.0000000000000p%2B0,88,1.566,2.2511200000000002,2.121336994311636,2.724429125880535,defined,0.04763677074786024,sensitivity_only
id:x%3A0x1.0000000000000p%2B0,89,1.584,2.2568799999999998,2.386663005688364,2.724429125880535,defined,-0.04763677074786024,sensitivity_only
id:x%3A0x1.0000000000000p%2B0,90,1.602,2.26264,2.132856994311636,2.724429125880535,defined,0.04763677074786024,sensitivity_only
id:x%3A0x1.0000000000000p%2B0,91,1.62,2.2684,2.3981830056883644,2.724429125880535,defined,-0.04763677074786024,sensitivity_only
id:x%3A0x1.0000000000000p%2B0,92,1.638,2.27416,2.144376994311636,2.724429125880535,defined,0.04763677074786024,sensitivity_only
id:x%3A0x1.0000000000000p%2B0,93,1.656,2.2799199999999997,2.409703005688364,2.724429125880535,defined,-0.04763677074786024,sensitivity_only
id:x%3A0x1.0000000000000p%2B0,94,1.674,2.28568,2.155896994311636,2.724429125880535,defined,0.04763677074786024,sensitivity_only
id:x%3A0x1.0000000000000p%2B0,95,1.692,2.29144,2.4212230056883643,2.724429125880535,defined,-0.04763677074786024,sensitivity_only
id:x%3A0x1.0000000000000p%2B0,96,1.71,2.2972,2.167416994311636,2.724429125880535,defined,0.04763677074786024,sensitivity_only
id:x%3A0x1.0000000000000p%2B0,97,1.728,2.30296,2.4327430056883643,2.724429125880535,defined,-0.04763677074786024,sensitivity_only
id:x%3A0x1.0000000000000p%2B0,98,1.746,2.30872,2.178936994311636,2.724429125880535,defined,0.04763677074786024,sensitivity_only
id:x%3A0x1.0000000000000p%2B0,99,1.764,2.31448,2.4442630056883643,2.724429125880535,defined,-0.04763677074786024,sensitivity_only
id:x%3A0x1.0000000000000p%2B0,100,1.782,2.32024,2.190456994311636,2.724429125880535,defined,0.04763677074786024,sensitivity_only
id:x%3A0x1.0000000000000p%2B0,101,1.8,2.326,2.4557830056883643,2.724429125880535,defined,-0.04763677074786024,sensitivity_only
id:x%3A0x1.0000000000000p%2B0,102,1.818,2.33176,2.201976994311636,2.724429125880535,defined,0.04763677074786024,sensitivity_only
id:x%3A0x1.0000000000000p%2B0,103,1.836,2.33752,2.4673030056883642,2.724429125880535,defined,-0.04763677074786024,sensitivity_only
id:x%3A0x1.0000000000000p%2B0,104,1.854,2.34328,2.213496994311636,2.724429125880535,defined,0.04763677074786024,sensitivity_only
id:x%3A0x1.0000000000000p%2B0,105,1.872,2.34904,2.4788230056883642,2.724429125880535,defined,-0.04763677074786024,sensitivity_only
id:x%3A0x1.0000000000000p%2B0,106,1.89,2.3548,2.225016994311636,2.724429125880535,defined,0.04763677074786024,sensitivity_only
id:x%3A0x1.0000000000000p%2B0,107,1.908,2.36056,2.490343005688364,2.724429125880535,defined,-0.04763677074786024,sensitivity_only
id:x%3A0x1.0000000000000p%2B0,108,1.926,2.36632,2.2365369943116358,2.724429125880535,defined,0.04763677074786024,sensitivity_only
id:x%3A0x1.0000000000000p%2B0,109,1.944,2.37208,2.501863005688364,2.724429125880535,defined,-0.04763677074786024,sensitivity_only
id:x%3A0x1.0000000000000p%2B0,110,1.962,2.37784,2.2480569943116357,2.724429125880535,defined,0.04763677074786024,sensitivity_only
id:x%3A0x1.0000000000000p%2B0,111,1.98,2.3836,2.513383005688364,2.724429125880535,defined,-0.04763677074786024,sensitivity_only
id:x%3A0x1.0000000000000p%2B0,112,1.998,2.38936,2.2595769943116357,2.724429125880535,defined,0.04763677074786024,sensitivity_only
id:x%3A0x1.0000000000000p%2B0,113,2.0,2.39,2.5197830056883643,2.724429125880535,defined,-0.04763677074786024,sensitivity_only
id:x%3A0x1.0000000000000p%2B0,114,2.016,2.39512,2.2653369943116357,2.724429125880535,defined,0.04763677074786024,sensitivity_only
id:x%3A0x1.0000000000000p%2B0,115,2.034,2.40088,2.530663005688364,2.724429125880535,defined,-0.04763677074786024,sensitivity_only
id:x%3A0x1.0000000000000p%2B0,116,2.052,2.40664,2.2768569943116357,2.724429125880535,defined,0.04763677074786024,sensitivity_only
id:x%3A0x1.0000000000000p%2B0,117,2.07,2.4124,2.542183005688364,2.724429125880535,defined,-0.04763677074786024,sensitivity_only
id:x%3A0x1.0000000000000p%2B0,118,2.088,2.4181600000000003,2.288376994311636,2.724429125880535,defined,0.04763677074786024,sensitivity_only
id:x%3A0x1.0000000000000p%2B0,119,2.106,2.42392,2.553703005688364,2.724429125880535,defined,-0.04763677074786024,sensitivity_only
id:x%3A0x1.0000000000000p%2B0,120,2.124,2.4296800000000003,2.299896994311636,2.724429125880535,defined,0.04763677074786024,sensitivity_only
id:x%3A0x1.0000000000000p%2B0,121,2.142,2.43544,2.565223005688364,2.724429125880535,defined,-0.04763677074786024,sensitivity_only
id:x%3A0x1.0000000000000p%2B0,122,2.16,2.4412000000000003,2.311416994311636,2.724429125880535,defined,0.04763677074786024,sensitivity_only
id:x%3A0x1.0000000000000p%2B0,123,2.178,2.44696,2.576743005688364,2.724429125880535,defined,-0.04763677074786024,sensitivity_only
id:x%3A0x1.0000000000000p%2B0,124,2.196,2.4527200000000002,2.322936994311636,2.724429125880535,defined,0.04763677074786024,sensitivity_only
id:x%3A0x1.0000000000000p%2B0,125,2.214,2.4584799999999998,2.588263005688364,2.724429125880535,defined,-0.04763677074786024,sensitivity_only
id:x%3A0x1.0000000000000p%2B0,126,2.232,2.46424,2.334456994311636,2.724429125880535,defined,0.04763677074786024,sensitivity_only
id:x%3A0x1.0000000000000p%2B0,127,2.25,2.4699999999999998,2.599783005688364,2.724429125880535,defined,-0.04763677074786024,sensitivity_only
id:x%3A0x1.0000000000000p%2B0,128,2.268,2.47576,2.345976994311636,2.724429125880535,defined,0.04763677074786024,sensitivity_only
id:x%3A0x1.0000000000000p%2B0,129,2.286,2.48152,2.6113030056883644,2.724429125880535,defined,-0.04763677074786024,sensitivity_only
id:x%3A0x1.0000000000000p%2B0,130,2.304,2.48728,2.357496994311636,2.724429125880535,defined,0.04763677074786024,sensitivity_only
id:x%3A0x1.0000000000000p%2B0,131,2.322,2.49304,2.6228230056883644,2.724429125880535,defined,-0.04763677074786024,sensitivity_only
id:x%3A0x1.0000000000000p%2B0,132,2.34,2.4988,2.369016994311636,2.724429125880535,defined,0.04763677074786024,sensitivity_only
id:x%3A0x1.0000000000000p%2B0,133,2.358,2.50456,2.6343430056883643,2.724429125880535,defined,-0.04763677074786024,sensitivity_only
id:x%3A0x1.0000000000000p%2B0,134,2.376,2.51032,2.380536994311636,2.724429125880535,defined,0.04763677074786024,sensitivity_only
id:x%3A0x1.0000000000000p%2B0,135,2.394,2.51608,2.6458630056883643,2.724429125880535,defined,-0.04763677074786024,sensitivity_only
id:x%3A0x1.0000000000000p%2B0,136,2.412,2.52184,2.392056994311636,2.724429125880535,defined,0.04763677074786024,sensitivity_only
id:x%3A0x1.0000000000000p%2B0,137,2.43,2.5276,2.6573830056883643,2.724429125880535,defined,-0.04763677074786024,sensitivity_only
id:x%3A0x1.0000000000000p%2B0,138,2.448,2.53336,2.403576994311636,2.724429125880535,defined,0.04763677074786024,sensitivity_only
id:x%3A0x1.0000000000000p%2B0,139,2.466,2.53912,2.6689030056883642,2.724429125880535,defined,-0.04763677074786024,sensitivity_only
id:x%3A0x1.0000000000000p%2B0,140,2.484,2.54488,2.415096994311636,2.724429125880535,defined,0.04763677074786024,sensitivity_only
id:x%3A0x1.0000000000000p%2B0,141,2.502,2.55064,2.634998953697437,1.7708789318223472,defined,-0.04763677074786024,sensitivity_only
id:x%3A0x1.0000000000000p%2B0,142,2.52,2.5564,2.472041046302563,1.7708789318223472,defined,0.04763677074786024,sensitivity_only
id:x%3A0x1.0000000000000p%2B0,143,2.538,2.56216,2.646518953697437,1.7708789318223472,defined,-0.04763677074786024,sensitivity_only
id:x%3A0x1.0000000000000p%2B0,144,2.556,2.56792,2.483561046302563,1.7708789318223472,defined,0.04763677074786024,sensitivity_only
id:x%3A0x1.0000000000000p%2B0,145,2.574,2.57368,2.658038953697437,1.7708789318223472,defined,-0.04763677074786024,sensitivity_only
id:x%3A0x1.0000000000000p%2B0,146,2.592,2.57944,2.495081046302563,1.7708789318223472,defined,0.04763677074786024,sensitivity_only
id:x%3A0x1.0000000000000p%2B0,147,2.61,2.5852,2.669558953697437,1.7708789318223472,defined,-0.04763677074786024,sensitivity_only
id:x%3A0x1.0000000000000p%2B0,148,2.628,2.59096,2.506601046302563,1.7708789318223472,defined,0.04763677074786024,sensitivity_only
id:x%3A0x1.0000000000000p%2B0,149,2.646,2.59672,2.681078953697437,1.7708789318223472,defined,-0.04763677074786024,sensitivity_only
id:x%3A0x1.0000000000000p%2B0,150,2.664,2.60248,2.518121046302563,1.7708789318223472,defined,0.04763677074786024,sensitivity_only
id:x%3A0x1.0000000000000p%2B0,151,2.682,2.60824,2.692598953697437,1.7708789318223472,defined,-0.04763677074786024,sensitivity_only
id:x%3A0x1.0000000000000p%2B0,152,2.7,2.614,2.529641046302563,1.7708789318223472,defined,0.04763677074786024,sensitivity_only
id:x%3A0x1.0000000000000p%2B0,153,2.718,2.61976,2.704118953697437,1.7708789318223472,defined,-0.04763677074786024,sensitivity_only
id:x%3A0x1.0000000000000p%2B0,154,2.736,2.62552,2.541161046302563,1.7708789318223472,defined,0.04763677074786024,sensitivity_only
id:x%3A0x1.0000000000000p%2B0,155,2.754,2.6312800000000003,2.7156389536974372,1.7708789318223472,defined,-0.04763677074786024,sensitivity_only
id:x%3A0x1.0000000000000p%2B0,156,2.772,2.63704,2.552681046302563,1.7708789318223472,defined,0.04763677074786024,sensitivity_only
id:x%3A0x1.0000000000000p%2B0,157,2.79,2.6428000000000003,2.727158953697437,1.7708789318223472,defined,-0.04763677074786024,sensitivity_only
id:x%3A0x1.0000000000000p%2B0,158,2.808,2.64856,2.564201046302563,1.7708789318223472,defined,0.04763677074786024,sensitivity_only
id:x%3A0x1.0000000000000p%2B0,159,2.826,2.6543200000000002,2.738678953697437,1.7708789318223472,defined,-0.04763677074786024,sensitivity_only
id:x%3A0x1.0000000000000p%2B0,160,2.844,2.66008,2.575721046302563,1.7708789318223472,defined,0.04763677074786024,sensitivity_only
id:x%3A0x1.0000000000000p%2B0,161,2.862,2.66584,2.750198953697437,1.7708789318223472,defined,-0.04763677074786024,sensitivity_only
id:x%3A0x1.0000000000000p%2B0,162,2.88,2.6715999999999998,2.587241046302563,1.7708789318223472,defined,0.04763677074786024,sensitivity_only
id:x%3A0x1.0000000000000p%2B0,163,2.898,2.67736,2.761718953697437,1.7708789318223472,defined,-0.04763677074786024,sensitivity_only
id:x%3A0x1.0000000000000p%2B0,164,2.916,2.6831199999999997,2.5987610463025628,1.7708789318223472,defined,0.04763677074786024,sensitivity_only
id:x%3A0x1.0000000000000p%2B0,165,2.934,2.68888,2.773238953697437,1.7708789318223472,defined,-0.04763677074786024,sensitivity_only
id:x%3A0x1.0000000000000p%2B0,166,2.952,2.69464,2.610281046302563,1.7708789318223472,defined,0.04763677074786024,sensitivity_only
id:x%3A0x1.0000000000000p%2B0,167,2.97,2.7004,2.784758953697437,1.7708789318223472,defined,-0.04763677074786024,sensitivity_only
id:x%3A0x1.0000000000000p%2B0,168,2.988,2.70616,2.621801046302563,1.7708789318223472,defined,0.04763677074786024,sensitivity_only
id:x%3A0x1.0000000000000p%2B0,169,3.0,2.71,2.794358953697437,1.7708789318223472,defined,-0.04763677074786024,sensitivity_only
id:x%3A0x1.0000000000000p%2B0,170,3.006,2.71192,2.627561046302563,1.7708789318223472,defined,0.04763677074786024,sensitivity_only
id:x%3A0x1.0000000000000p%2B0,171,3.024,2.71768,2.802038953697437,1.7708789318223472,defined,-0.04763677074786024,sensitivity_only
id:x%3A0x1.0000000000000p%2B0,172,3.042,2.72344,2.639081046302563,1.7708789318223472,defined,0.04763677074786024,sensitivity_only
id:x%3A0x1.0000000000000p%2B0,173,3.06,2.7292,2.813558953697437,1.7708789318223472,defined,-0.04763677074786024,sensitivity_only
id:x%3A0x1.0000000000000p%2B0,174,3.078,2.73496,2.650601046302563,1.7708789318223472,defined,0.04763677074786024,sensitivity_only
id:x%3A0x1.0000000000000p%2B0,175,3.096,2.74072,2.825078953697437,1.7708789318223472,defined,-0.04763677074786024,sensitivity_only
id:x%3A0x1.0000000000000p%2B0,176,3.114,2.74648,2.662121046302563,1.7708789318223472,defined,0.04763677074786024,sensitivity_only
id:x%3A0x1.0000000000000p%2B0,177,3.132,2.75224,2.836598953697437,1.7708789318223472,defined,-0.04763677074786024,sensitivity_only
id:x%3A0x1.0000000000000p%2B0,178,3.15,2.758,2.673641046302563,1.7708789318223472,defined,0.04763677074786024,sensitivity_only
id:x%3A0x1.0000000000000p%2B0,179,3.168,2.76376,2.848118953697437,1.7708789318223472,defined,-0.04763677074786024,sensitivity_only
id:x%3A0x1.0000000000000p%2B0,180,3.186,2.76952,2.685161046302563,1.7708789318223472,defined,0.04763677074786024,sensitivity_only
id:x%3A0x1.0000000000000p%2B0,181,3.204,2.77528,2.859638953697437,1.7708789318223472,defined,-0.04763677074786024,sensitivity_only
id:x%3A0x1.0000000000000p%2B0,182,3.222,2.78104,2.696681046302563,1.7708789318223472,defined,0.04763677074786024,sensitivity_only
id:x%3A0x1.0000000000000p%2B0,183,3.24,2.7868000000000004,2.8711589536974373,1.7708789318223472,defined,-0.04763677074786024,sensitivity_only
id:x%3A0x1.0000000000000p%2B0,184,3.258,2.79256,2.708201046302563,1.7708789318223472,defined,0.04763677074786024,sensitivity_only
id:x%3A0x1.0000000000000p%2B0,185,3.276,2.79832,2.882678953697437,1.7708789318223472,defined,-0.04763677074786024,sensitivity_only
id:x%3A0x1.0000000000000p%2B0,186,3.294,2.80408,2.719721046302563,1.7708789318223472,defined,0.04763677074786024,sensitivity_only
id:x%3A0x1.0000000000000p%2B0,187,3.312,2.80984,2.894198953697437,1.7708789318223472,defined,-0.04763677074786024,sensitivity_only
id:x%3A0x1.0000000000000p%2B0,188,3.33,2.8156,2.731241046302563,1.7708789318223472,defined,0.04763677074786024,sensitivity_only
id:x%3A0x1.0000000000000p%2B0,189,3.348,2.8213600000000003,2.9057189536974373,1.7708789318223472,defined,-0.04763677074786024,sensitivity_only
id:x%3A0x1.0000000000000p%2B0,190,3.366,2.82712,2.742761046302563,1.7708789318223472,defined,0.04763677074786024,sensitivity_only
id:x%3A0x1.0000000000000p%2B0,191,3.384,2.8328800000000003,2.9172389536974372,1.7708789318223472,defined,-0.04763677074786024,sensitivity_only
id:x%3A0x1.0000000000000p%2B0,192,3.402,2.83864,2.754281046302563,1.7708789318223472,defined,0.04763677074786024,sensitivity_only
id:x%3A0x1.0000000000000p%2B0,193,3.42,2.8444000000000003,2.928758953697437,1.7708789318223472,defined,-0.04763677074786024,sensitivity_only
id:x%3A0x1.0000000000000p%2B0,194,3.438,2.85016,2.765801046302563,1.7708789318223472,defined,0.04763677074786024,sensitivity_only
id:x%3A0x1.0000000000000p%2B0,195,3.456,2.8559200000000002,2.940278953697437,1.7708789318223472,defined,-0.04763677074786024,sensitivity_only
id:x%3A0x1.0000000000000p%2B0,196,3.474,2.86168,2.777321046302563,1.7708789318223472,defined,0.04763677074786024,sensitivity_only
id:x%3A0x1.0000000000000p%2B0,197,3.492,2.86744,2.951798953697437,1.7708789318223472,defined,-0.04763677074786024,sensitivity_only
id:x%3A0x1.0000000000000p%2B0,198,3.5,2.87,2.785641046302563,1.7708789318223472,defined,0.04763677074786024,sensitivity_only
id:x%3A0x1.0000000000000p%2B0,199,3.51,2.8798,3.0160721559727826,2.8606505821745607,defined,-0.04763677074786024,sensitivity_only
id:x%3A0x1.0000000000000p%2B0,200,3.528,2.89744,2.7611678440272174,2.8606505821745607,defined,0.04763677074786024,sensitivity_only
id:x%3A0x1.0000000000000p%2B0,201,3.546,2.91508,3.0513521559727828,2.8606505821745607,defined,-0.04763677074786024,sensitivity_only
id:x%3A0x1.0000000000000p%2B0,202,3.564,2.93272,2.7964478440272176,2.8606505821745607,defined,0.04763677074786024,sensitivity_only
id:x%3A0x1.0000000000000p%2B0,203,3.582,2.95036,3.0866321559727825,2.8606505821745607,defined,-0.04763677074786024,sensitivity_only
id:x%3A0x1.0000000000000p%2B0,204,3.6,2.968,2.8317278440272173,2.8606505821745607,defined,0.04763677074786024,sensitivity_only
id:x%3A0x1.0000000000000p%2B0,205,3.618,2.98564,3.1219121559727827,2.8606505821745607,defined,-0.04763677074786024,sensitivity_only
id:x%3A0x1.0000000000000p%2B0,206,3.636,3.00328,2.8670078440272175,2.8606505821745607,defined,0.04763677074786024,sensitivity_only
id:x%3A0x1.0000000000000p%2B0,207,3.654,3.02092,3.1571921559727825,2.8606505821745607,defined,-0.04763677074786024,sensitivity_only
id:x%3A0x1.0000000000000p%2B0,208,3.672,3.0385600000000004,2.9022878440272177,2.8606505821745607,defined,0.04763677074786024,sensitivity_only
id:x%3A0x1.0000000000000p%2B0,209,3.69,3.0562,3.1924721559727827,2.8606505821745607,defined,-0.04763677074786024,sensitivity_only
id:x%3A0x1.0000000000000p%2B0,210,3.708,3.07384,2.9375678440272175,2.8606505821745607,defined,0.04763677074786024,sensitivity_only
id:x%3A0x1.0000000000000p%2B0,211,3.726,3.0914800000000002,3.227752155972783,2.8606505821745607,defined,-0.04763677074786024,sensitivity_only
id:x%3A0x1.0000000000000p%2B0,212,3.744,3.1091200000000003,2.9728478440272177,2.8606505821745607,defined,0.04763677074786024,sensitivity_only
id:x%3A0x1.0000000000000p%2B0,213,3.762,3.12676,3.2630321559727826,2.8606505821745607,defined,-0.04763677074786024,sensitivity_only
id:x%3A0x1.0000000000000p%2B0,214,3.78,3.1444,3.0081278440272174,2.8606505821745607,defined,0.04763677074786024,sensitivity_only
id:x%3A0x1.0000000000000p%2B0,215,3.798,3.16204,3.298312155972783,2.8606505821745607,defined,-0.04763677074786024,sensitivity_only
id:x%3A0x1.0000000000000p%2B0,216,3.816,3.17968,3.043407844027217,2.8606505821745607,defined,0.04763677074786024,sensitivity_only
id:x%3A0x1.0000000000000p%2B0,217,3.834,3.1973200000000004,3.333592155972783,2.8606505821745607,defined,-0.04763677074786024,sensitivity_only
id:x%3A0x1.0000000000000p%2B0,218,3.852,3.21496,3.0786878440272174,2.8606505821745607,defined,0.04763677074786024,sensitivity_only
id:x%3A0x1.0000000000000p%2B0,219,3.87,3.2326,3.368872155972783,2.8606505821745607,defined,-0.04763677074786024,sensitivity_only
id:x%3A0x1.0000000000000p%2B0,220,3.888,3.25024,3.113967844027217,2.8606505821745607,defined,0.04763677074786024,sensitivity_only
id:x%3A0x1.0000000000000p%2B0,221,3.906,3.2678800000000003,3.404152155972783,2.8606505821745607,defined,-0.04763677074786024,sensitivity_only
id:x%3A0x1.0000000000000p%2B0,222,3.924,3.28552,3.1492478440272174,2.8606505821745607,defined,0.04763677074786024,sensitivity_only
id:x%3A0x1.0000000000000p%2B0,223,3.942,3.30316,3.4394321559727827,2.8606505821745607,defined,-0.04763677074786024,sensitivity_only
id:x%3A0x1.0000000000000p%2B0,224,3.96,3.3208,3.1845278440272176,2.8606505821745607,defined,0.04763677074786024,sensitivity_only
id:x%3A0x1.0000000000000p%2B0,225,3.978,3.3384400000000003,3.474712155972783,2.8606505821745607,defined,-0.04763677074786024,sensitivity_only
id:x%3A0x1.0000000000000p%2B0,226,3.996,3.35608,3.2198078440272173,2.8606505821745607,defined,0.04763677074786024,sensitivity_only
id:x%3A0x1.0000000000000p%2B0,227,4.0,3.3600000000000003,3.496272155972783,2.8606505821745607,defined,-0.04763677074786024,sensitivity_only
id:x%3A0x1.0000000000000p%2B0,228,4.014,3.3737200000000005,3.237447844027218,2.8606505821745607,defined,0.04763677074786024,sensitivity_only
id:x%3A0x1.0000000000000p%2B0,229,4.032,3.39136,3.527632155972783,2.8606505821745607,defined,-0.04763677074786024,sensitivity_only
id:x%3A0x1.0000000000000p%2B0,230,4.05,3.409,3.272727844027217,2.8606505821745607,defined,0.04763677074786024,sensitivity_only
id:x%3A0x1.0000000000000p%2B0,231,4.068,3.42664,3.5629121559727825,2.8606505821745607,defined,-0.04763677074786024,sensitivity_only
id:x%3A0x1.0000000000000p%2B0,232,4.086,3.4442800000000005,3.308007844027218,2.8606505821745607,defined,0.04763677074786024,sensitivity_only
id:x%3A0x1.0000000000000p%2B0,233,4.104,3.46192,3.5981921559727827,2.8606505821745607,defined,-0.04763677074786024,sensitivity_only
id:x%3A0x1.0000000000000p%2B0,234,4.122,3.47956,3.3432878440272176,2.8606505821745607,defined,0.04763677074786024,sensitivity_only
id:x%3A0x1.0000000000000p%2B0,235,4.14,3.4972,3.6334721559727825,2.8606505821745607,defined,-0.04763677074786024,sensitivity_only
id:x%3A0x1.0000000000000p%2B0,236,4.158,3.5148400000000004,3.3785678440272178,2.8606505821745607,defined,0.04763677074786024,sensitivity_only
id:x%3A0x1.0000000000000p%2B0,237,4.176,3.5324800000000005,3.668752155972783,2.8606505821745607,defined,-0.04763677074786024,sensitivity_only
id:x%3A0x1.0000000000000p%2B0,238,4.194,3.55012,3.4138478440272175,2.8606505821745607,defined,0.04763677074786024,sensitivity_only
id:x%3A0x1.0000000000000p%2B0,239,4.212,3.56776,3.7040321559727825,2.8606505821745607,defined,-0.04763677074786024,sensitivity_only
id:x%3A0x1.0000000000000p%2B0,240,4.23,3.5854000000000004,3.4491278440272177,2.8606505821745607,defined,0.04763677074786024,sensitivity_only
id:x%3A0x1.0000000000000p%2B0,241,4.248,3.6030400000000005,3.739312155972783,2.8606505821745607,defined,-0.04763677074786024,sensitivity_only
id:x%3A0x1.0000000000000p%2B0,242,4.266,3.62068,3.4844078440272175,2.8606505821745607,defined,0.04763677074786024,sensitivity_only
id:x%3A0x1.0000000000000p%2B0,243,4.284,3.6383199999999998,3.7745921559727824,2.8606505821745607,defined,-0.04763677074786024,sensitivity_only
id:x%3A0x1.0000000000000p%2B0,244,4.302,3.6559599999999994,3.519687844027217,2.8606505821745607,defined,0.04763677074786024,sensitivity_only
id:x%3A0x1.0000000000000p%2B0,245,4.32,3.6736000000000004,3.809872155972783,2.8606505821745607,defined,-0.04763677074786024,sensitivity_only
id:x%3A0x1.0000000000000p%2B0,246,4.338,3.69124,3.5549678440272174,2.8606505821745607,defined,0.04763677074786024,sensitivity_only
id:x%3A0x1.0000000000000p%2B0,247,4.356,3.7088799999999997,3.8451521559727824,2.8606505821745607,defined,-0.04763677074786024,sensitivity_only
id:x%3A0x1.0000000000000p%2B0,248,4.374,3.72652,3.590247844027217,2.8606505821745607,defined,0.04763677074786024,sensitivity_only
id:x%3A0x1.0000000000000p%2B0,249,4.392,3.7441600000000004,3.880432155972783,2.8606505821745607,defined,-0.04763677074786024,sensitivity_only
id:x%3A0x1.0000000000000p%2B0,250,4.41,3.7618,3.6255278440272174,2.8606505821745607,defined,0.04763677074786024,sensitivity_only
id:x%3A0x1.0000000000000p%2B0,251,4.428,3.77944,3.9157121559727828,2.8606505821745607,defined,-0.04763677074786024,sensitivity_only
id:x%3A0x1.0000000000000p%2B0,252,4.446,3.79708,3.660807844027217,2.8606505821745607,defined,0.04763677074786024,sensitivity_only
id:x%3A0x1.0000000000000p%2B0,253,4.464,3.8147200000000003,3.950992155972783,2.8606505821745607,defined,-0.04763677074786024,sensitivity_only
id:x%3A0x1.0000000000000p%2B0,254,4.482,3.8323600000000004,3.696087844027218,2.8606505821745607,defined,0.04763677074786024,sensitivity_only
id:x%3A0x1.0000000000000p%2B0,255,4.5,3.85,3.9862721559727827,2.8606505821745607,defined,-0.04763677074786024,sensitivity_only
id:x%3A0x1.0000000000000p%2B0,256,4.518,3.8676399999999997,3.7378569943116355,2.724429125880535,defined,0.04763677074786024,sensitivity_only
id:x%3A0x1.0000000000000p%2B0,257,4.536,3.88528,4.015063005688364,2.724429125880535,defined,-0.04763677074786024,sensitivity_only
id:x%3A0x1.0000000000000p%2B0,258,4.554,3.9029200000000004,3.773136994311636,2.724429125880535,defined,0.04763677074786024,sensitivity_only
id:x%3A0x1.0000000000000p%2B0,259,4.572,3.92056,4.050343005688364,2.724429125880535,defined,-0.04763677074786024,sensitivity_only
id:x%3A0x1.0000000000000p%2B0,260,4.59,3.9382,3.808416994311636,2.724429125880535,defined,0.04763677074786024,sensitivity_only
id:x%3A0x1.0000000000000p%2B0,261,4.608,3.95584,4.0856230056883645,2.724429125880535,defined,-0.04763677074786024,sensitivity_only
id:x%3A0x1.0000000000000p%2B0,262,4.626,3.9734800000000003,3.843696994311636,2.724429125880535,defined,0.04763677074786024,sensitivity_only
id:x%3A0x1.0000000000000p%2B0,263,4.644,3.9911200000000004,4.120903005688365,2.724429125880535,defined,-0.04763677074786024,sensitivity_only
id:x%3A0x1.0000000000000p%2B0,264,4.662,4.0087600000000005,3.8789769943116363,2.724429125880535,defined,0.04763677074786024,sensitivity_only
id:x%3A0x1.0000000000000p%2B0,265,4.68,4.0264,4.156183005688364,2.724429125880535,defined,-0.04763677074786024,sensitivity_only
id:x%3A0x1.0000000000000p%2B0,266,4.698,4.044040000000001,3.9142569943116365,2.724429125880535,defined,0.04763677074786024,sensitivity_only
id:x%3A0x1.0000000000000p%2B0,267,4.716,4.06168,4.191463005688364,2.724429125880535,defined,-0.04763677074786024,sensitivity_only
id:x%3A0x1.0000000000000p%2B0,268,4.734,4.07932,3.949536994311636,2.724429125880535,defined,0.04763677074786024,sensitivity_only
id:x%3A0x1.0000000000000p%2B0,269,4.752,4.09696,4.226743005688364,2.724429125880535,defined,-0.04763677074786024,sensitivity_only
id:x%3A0x1.0000000000000p%2B0,270,4.77,4.114599999999999,3.984816994311635,2.724429125880535,defined,0.04763677074786024,sensitivity_only
id:x%3A0x1.0000000000000p%2B0,271,4.788,4.13224,4.262023005688365,2.724429125880535,defined,-0.04763677074786024,sensitivity_only
id:x%3A0x1.0000000000000p%2B0,272,4.806,4.1498800000000005,4.020096994311636,2.724429125880535,defined,0.04763677074786024,sensitivity_only
id:x%3A0x1.0000000000000p%2B0,273,4.824,4.16752,4.297303005688364,2.724429125880535,defined,-0.04763677074786024,sensitivity_only
id:x%3A0x1.0000000000000p%2B0,274,4.842,4.18516,4.055376994311636,2.724429125880535,defined,0.04763677074786024,sensitivity_only
id:x%3A0x1.0000000000000p%2B0,275,4.86,4.2028,4.332583005688364,2.724429125880535,defined,-0.04763677074786024,sensitivity_only
id:x%3A0x1.0000000000000p%2B0,276,4.878,4.22044,4.090656994311636,2.724429125880535,defined,0.04763677074786024,sensitivity_only
id:x%3A0x1.0000000000000p%2B0,277,4.896,4.23808,4.367863005688364,2.724429125880535,defined,-0.04763677074786024,sensitivity_only
id:x%3A0x1.0000000000000p%2B0,278,4.914,4.25572,4.125936994311636,2.724429125880535,defined,0.04763677074786024,sensitivity_only
id:x%3A0x1.0000000000000p%2B0,279,4.932,4.27336,4.4031430056883645,2.724429125880535,defined,-0.04763677074786024,sensitivity_only
id:x%3A0x1.0000000000000p%2B0,280,4.95,4.291,4.161216994311636,2.724429125880535,defined,0.04763677074786024,sensitivity_only
id:x%3A0x1.0000000000000p%2B0,281,4.968,4.3086400000000005,4.438423005688365,2.724429125880535,defined,-0.04763677074786024,sensitivity_only
id:x%3A0x1.0000000000000p%2B0,282,4.986,4.32628,4.1964969943116355,2.724429125880535,defined,0.04763677074786024,sensitivity_only
id:x%3A0x1.0000000000000p%2B0,283,5.0,4.34,4.469783005688364,2.724429125880535,defined,-0.04763677074786024,sensitivity_only
id:x%3A0x1.0000000000000p%2B0,284,5.004,4.34392,4.214136994311636,2.724429125880535,defined,0.04763677074786024,sensitivity_only
id:x%3A0x1.0000000000000p%2B0,285,5.022,4.361560000000001,4.491343005688365,2.724429125880535,defined,-0.04763677074786024,sensitivity_only
id:x%3A0x1.0000000000000p%2B0,286,5.04,4.3792,4.249416994311636,2.724429125880535,defined,0.04763677074786024,sensitivity_only
id:x%3A0x1.0000000000000p%2B0,287,5.058,4.39684,4.526623005688364,2.724429125880535,defined,-0.04763677074786024,sensitivity_only
id:x%3A0x1.0000000000000p%2B0,288,5.076,4.414479999999999,4.284696994311635,2.724429125880535,defined,0.04763677074786024,sensitivity_only
id:x%3A0x1.0000000000000p%2B0,289,5.094,4.43212,4.5619030056883645,2.724429125880535,defined,-0.04763677074786024,sensitivity_only
id:x%3A0x1.0000000000000p%2B0,290,5.112,4.44976,4.319976994311636,2.724429125880535,defined,0.04763677074786024,sensitivity_only
id:x%3A0x1.0000000000000p%2B0,291,5.13,4.4674,4.597183005688364,2.724429125880535,defined,-0.04763677074786024,sensitivity_only
id:x%3A0x1.0000000000000p%2B0,292,5.148,4.48504,4.3552569943116355,2.724429125880535,defined,0.04763677074786024,sensitivity_only
id:x%3A0x1.0000000000000p%2B0,293,5.166,4.502680000000001,4.632463005688365,2.724429125880535,defined,-0.04763677074786024,sensitivity_only
id:x%3A0x1.0000000000000p%2B0,294,5.184,4.52032,4.390536994311636,2.724429125880535,defined,0.04763677074786024,sensitivity_only
id:x%3A0x1.0000000000000p%2B0,295,5.202,4.53796,4.667743005688364,2.724429125880535,defined,-0.04763677074786024,sensitivity_only
id:x%3A0x1.0000000000000p%2B0,296,5.22,4.5556,4.425816994311636,2.724429125880535,defined,0.04763677074786024,sensitivity_only
id:x%3A0x1.0000000000000p%2B0,297,5.238,4.57324,4.703023005688364,2.724429125880535,defined,-0.04763677074786024,sensitivity_only
id:x%3A0x1.0000000000000p%2B0,298,5.256,4.59088,4.461096994311636,2.724429125880535,defined,0.04763677074786024,sensitivity_only
id:x%3A0x1.0000000000000p%2B0,299,5.274,4.60852,4.738303005688365,2.724429125880535,defined,-0.04763677074786024,sensitivity_only
id:x%3A0x1.0000000000000p%2B0,300,5.292,4.62616,4.496376994311635,2.724429125880535,defined,0.04763677074786024,sensitivity_only
id:x%3A0x1.0000000000000p%2B0,301,5.31,4.6438,4.773583005688364,2.724429125880535,defined,-0.04763677074786024,sensitivity_only
id:x%3A0x1.0000000000000p%2B0,302,5.328,4.661440000000001,4.5316569943116365,2.724429125880535,defined,0.04763677074786024,sensitivity_only
id:x%3A0x1.0000000000000p%2B0,303,5.346,4.67908,4.808863005688364,2.724429125880535,defined,-0.04763677074786024,sensitivity_only
id:x%3A0x1.0000000000000p%2B0,304,5.364,4.69672,4.566936994311636,2.724429125880535,defined,0.04763677074786024,sensitivity_only
id:x%3A0x1.0000000000000p%2B0,305,5.382,4.714359999999999,4.844143005688363,2.724429125880535,defined,-0.04763677074786024,sensitivity_only
id:x%3A0x1.0000000000000p%2B0,306,5.4,4.732,4.602216994311636,2.724429125880535,defined,0.04763677074786024,sensitivity_only
id:x%3A0x1.0000000000000p%2B0,307,5.418,4.74964,4.8794230056883645,2.724429125880535,defined,-0.04763677074786024,sensitivity_only
id:x%3A0x1.0000000000000p%2B0,308,5.436,4.7672799999999995,4.637496994311635,2.724429125880535,defined,0.04763677074786024,sensitivity_only
id:x%3A0x1.0000000000000p%2B0,309,5.454,4.78492,4.914703005688364,2.724429125880535,defined,-0.04763677074786024,sensitivity_only
id:x%3A0x1.0000000000000p%2B0,310,5.472,4.802560000000001,4.672776994311636,2.724429125880535,defined,0.04763677074786024,sensitivity_only
id:x%3A0x1.0000000000000p%2B0,311,5.49,4.8202,4.949983005688364,2.724429125880535,defined,-0.04763677074786024,sensitivity_only
id:x%3A0x1.0000000000000p%2B0,312,5.508,4.83784,4.708056994311636,2.7244291258805333,defined,0.04763677074786024,sensitivity_only
id:x%3A0x1.0000000000000p%2B0,313,5.526,4.85548,4.985263005688364,2.7244291258805333,defined,-0.04763677074786024,sensitivity_only
id:x%3A0x1.0000000000000p%2B0,314,5.544,4.87312,4.743336994311636,2.7244291258805333,defined,0.04763677074786024,sensitivity_only
id:x%3A0x1.0000000000000p%2B0,315,5.562,4.89076,5.020543005688364,2.7244291258805333,defined,-0.04763677074786024,sensitivity_only
id:x%3A0x1.0000000000000p%2B0,316,5.58,4.9084,4.778616994311636,2.7244291258805333,defined,0.04763677074786024,sensitivity_only
id:x%3A0x1.0000000000000p%2B0,317,5.598,4.92604,5.055823005688365,2.7244291258805333,defined,-0.04763677074786024,sensitivity_only
id:x%3A0x1.0000000000000p%2B0,318,5.616,4.94368,4.813896994311635,2.7244291258805333,defined,0.04763677074786024,sensitivity_only
id:x%3A0x1.0000000000000p%2B0,319,5.634,4.961320000000001,5.091103005688365,2.7244291258805333,defined,-0.04763677074786024,sensitivity_only
id:x%3A0x1.0000000000000p%2B0,320,5.652,4.978960000000001,4.8491769943116365,2.7244291258805333,defined,0.04763677074786024,sensitivity_only
id:x%3A0x1.0000000000000p%2B0,321,5.67,4.9966,5.126383005688364,2.7244291258805333,defined,-0.04763677074786024,sensitivity_only
id:x%3A0x1.0000000000000p%2B0,322,5.688,5.014239999999999,4.884456994311635,2.7244291258805333,defined,0.04763677074786024,sensitivity_only
id:x%3A0x1.0000000000000p%2B0,323,5.706,5.031880000000001,5.161663005688365,2.7244291258805333,defined,-0.04763677074786024,sensitivity_only
id:x%3A0x1.0000000000000p%2B0,324,5.724,5.04952,4.919736994311636,2.7244291258805333,defined,0.04763677074786024,sensitivity_only
id:x%3A0x1.0000000000000p%2B0,325,5.742,5.067159999999999,5.196943005688364,2.7244291258805333,defined,-0.04763677074786024,sensitivity_only
id:x%3A0x1.0000000000000p%2B0,326,5.76,5.0847999999999995,4.955016994311635,2.7244291258805333,defined,0.04763677074786024,sensitivity_only
id:x%3A0x1.0000000000000p%2B0,327,5.778,5.10244,5.232223005688364,2.7244291258805333,defined,-0.04763677074786024,sensitivity_only
id:x%3A0x1.0000000000000p%2B0,328,5.796,5.12008,4.9902969943116355,2.7244291258805333,defined,0.04763677074786024,sensitivity_only
id:x%3A0x1.0000000000000p%2B0,329,5.814,5.13772,5.267503005688364,2.7244291258805333,defined,-0.04763677074786024,sensitivity_only
id:x%3A0x1.0000000000000p%2B0,330,5.832,5.15536,5.025576994311636,2.7244291258805333,defined,0.04763677074786024,sensitivity_only
id:x%3A0x1.0000000000000p%2B0,331,5.85,5.173,5.302783005688364,2.7244291258805333,defined,-0.04763677074786024,sensitivity_only
id:x%3A0x1.0000000000000p%2B0,332,5.868,5.19064,5.060856994311636,2.7244291258805333,defined,0.04763677074786024,sensitivity_only
id:x%3A0x1.0000000000000p%2B0,333,5.886,5.20828,5.3380630056883644,2.7244291258805333,defined,-0.04763677074786024,sensitivity_only
id:x%3A0x1.0000000000000p%2B0,334,5.904,5.22592,5.096136994311636,2.7244291258805333,defined,0.04763677074786024,sensitivity_only
id:x%3A0x1.0000000000000p%2B0,335,5.922,5.24356,5.373343005688365,2.7244291258805333,defined,-0.04763677074786024,sensitivity_only
id:x%3A0x1.0000000000000p%2B0,336,5.94,5.2612000000000005,5.131416994311636,2.7244291258805333,defined,0.04763677074786024,sensitivity_only
id:x%3A0x1.0000000000000p%2B0,337,5.958,5.278840000000001,5.408623005688365,2.7244291258805333,defined,-0.04763677074786024,sensitivity_only
id:x%3A0x1.0000000000000p%2B0,338,5.976,5.29648,5.166696994311636,2.7244291258805333,defined,0.04763677074786024,sensitivity_only
id:x%3A0x1.0000000000000p%2B0,339,5.994,5.31412,5.443903005688364,2.7244291258805333,defined,-0.04763677074786024,sensitivity_only
id:x%3A0x1.0000000000000p%2B0,340,6.0,5.32,5.190216994311636,2.7244291258805333,defined,0.04763677074786024,sensitivity_only
id:x%3A0x1.0000000000000p%2B0,341,6.012,5.331759999999999,5.461543005688363,2.7244291258805333,defined,-0.04763677074786024,sensitivity_only
id:x%3A0x1.0000000000000p%2B0,342,6.03,5.3494,5.219616994311636,2.7244291258805333,defined,0.04763677074786024,sensitivity_only
id:x%3A0x1.0000000000000p%2B0,343,6.048,5.36704,5.4968230056883645,2.7244291258805333,defined,-0.04763677074786024,sensitivity_only
id:x%3A0x1.0000000000000p%2B0,344,6.066,5.3846799999999995,5.254896994311635,2.7244291258805333,defined,0.04763677074786024,sensitivity_only
id:x%3A0x1.0000000000000p%2B0,345,6.084,5.40232,5.532103005688364,2.7244291258805333,defined,-0.04763677074786024,sensitivity_only
id:x%3A0x1.0000000000000p%2B0,346,6.102,5.4199600000000006,5.290176994311636,2.7244291258805333,defined,0.04763677074786024,sensitivity_only
id:x%3A0x1.0000000000000p%2B0,347,6.12,5.4376,5.567383005688364,2.7244291258805333,defined,-0.04763677074786024,sensitivity_only
id:x%3A0x1.0000000000000p%2B0,348,6.138,5.45524,5.325456994311636,2.7244291258805333,defined,0.04763677074786024,sensitivity_only
id:x%3A0x1.0000000000000p%2B0,349,6.156,5.47288,5.602663005688364,2.7244291258805333,defined,-0.04763677074786024,sensitivity_only
id:x%3A0x1.0000000000000p%2B0,350,6.174,5.49052,5.360736994311636,2.7244291258805333,defined,0.04763677074786024,sensitivity_only
id:x%3A0x1.0000000000000p%2B0,351,6.192,5.50816,5.637943005688364,2.7244291258805333,defined,-0.04763677074786024,sensitivity_only
id:x%3A0x1.0000000000000p%2B0,352,6.21,5.5258,5.396016994311636,2.7244291258805333,defined,0.04763677074786024,sensitivity_only
id:x%3A0x1.0000000000000p%2B0,353,6.228,5.54344,5.673223005688365,2.7244291258805333,defined,-0.04763677074786024,sensitivity_only
id:x%3A0x1.0000000000000p%2B0,354,6.246,5.5610800000000005,5.431296994311636,2.7244291258805333,defined,0.04763677074786024,sensitivity_only
id:x%3A0x1.0000000000000p%2B0,355,6.264,5.578720000000001,5.708503005688365,2.7244291258805333,defined,-0.04763677074786024,sensitivity_only
id:x%3A0x1.0000000000000p%2B0,356,6.282,5.596360000000001,5.4665769943116365,2.7244291258805333,defined,0.04763677074786024,sensitivity_only
id:x%3A0x1.0000000000000p%2B0,357,6.3,5.614,5.743783005688364,2.7244291258805333,defined,-0.04763677074786024,sensitivity_only
id:x%3A0x1.0000000000000p%2B0,358,6.318,5.631639999999999,5.501856994311635,2.7244291258805333,defined,0.04763677074786024,sensitivity_only
id:x%3A0x1.0000000000000p%2B0,359,6.336,5.649280000000001,5.779063005688365,2.7244291258805333,defined,-0.04763677074786024,sensitivity_only
id:x%3A0x1.0000000000000p%2B0,360,6.354,5.66692,5.537136994311636,2.7244291258805333,defined,0.04763677074786024,sensitivity_only
id:x%3A0x1.0000000000000p%2B0,361,6.372,5.684559999999999,5.814343005688364,2.7244291258805333,defined,-0.04763677074786024,sensitivity_only
id:x%3A0x1.0000000000000p%2B0,362,6.39,5.7021999999999995,5.572416994311635,2.7244291258805333,defined,0.04763677074786024,sensitivity_only
id:x%3A0x1.0000000000000p%2B0,363,6.408,5.7198400000000005,5.849623005688365,2.7244291258805333,defined,-0.04763677074786024,sensitivity_only
id:x%3A0x1.0000000000000p%2B0,364,6.426,5.73748,5.6076969943116355,2.7244291258805333,defined,0.04763677074786024,sensitivity_only
id:x%3A0x1.0000000000000p%2B0,365,6.444,5.75512,5.884903005688364,2.7244291258805333,defined,-0.04763677074786024,sensitivity_only
id:x%3A0x1.0000000000000p%2B0,366,6.462,5.77276,5.642976994311636,2.7244291258805333,defined,0.04763677074786024,sensitivity_only
id:x%3A0x1.0000000000000p%2B0,367,6.48,5.7904,5.920183005688364,2.7244291258805333,defined,-0.04763677074786024,sensitivity_only
id:x%3A0x1.0000000000000p%2B0,368,6.498,5.80804,5.678256994311636,2.7244291258805333,defined,0.04763677074786024,sensitivity_only
id:x%3A0x1.0000000000000p%2B0,369,6.516,5.82568,5.955463005688364,2.7244291258805333,defined,-0.04763677074786024,sensitivity_only
id:x%3A0x1.0000000000000p%2B0,370,6.534,5.84332,5.713536994311636,2.7244291258805333,defined,0.04763677074786024,sensitivity_only
id:x%3A0x1.0000000000000p%2B0,371,6.552,5.8609599999999995,5.990743005688364,2.7244291258805333,defined,-0.04763677074786024,sensitivity_only
id:x%3A0x1.0000000000000p%2B0,372,6.57,5.8786000000000005,5.748816994311636,2.7244291258805333,defined,0.04763677074786024,sensitivity_only
id:x%3A0x1.0000000000000p%2B0,373,6.588,5.896240000000001,6.026023005688365,2.7244291258805333,defined,-0.04763677074786024,sensitivity_only
id:x%3A0x1.0000000000000p%2B0,374,6.606,5.91388,5.784096994311636,2.7244291258805333,defined,0.04763677074786024,sensitivity_only
id:x%3A0x1.0000000000000p%2B0,375,6.624,5.93152,6.061303005688364,2.7244291258805333,defined,-0.04763677074786024,sensitivity_only
id:x%3A0x1.0000000000000p%2B0,376,6.642,5.949160000000001,5.819376994311637,2.7244291258805333,defined,0.04763677074786024,sensitivity_only
id:x%3A0x1.0000000000000p%2B0,377,6.66,5.9668,6.096583005688364,2.7244291258805333,defined,-0.04763677074786024,sensitivity_only
id:x%3A0x1.0000000000000p%2B0,378,6.678,5.98444,5.854656994311636,2.7244291258805333,defined,0.04763677074786024,sensitivity_only
id:x%3A0x1.0000000000000p%2B0,379,6.696,6.002079999999999,6.131863005688364,2.7244291258805333,defined,-0.04763677074786024,sensitivity_only
id:x%3A0x1.0000000000000p%2B0,380,6.714,6.01972,5.889936994311636,2.7244291258805333,defined,0.04763677074786024,sensitivity_only
id:x%3A0x1.0000000000000p%2B0,381,6.732,6.03736,6.167143005688364,2.7244291258805333,defined,-0.04763677074786024,sensitivity_only
id:x%3A0x1.0000000000000p%2B0,382,6.75,6.055,5.9252169943116355,2.7244291258805333,defined,0.04763677074786024,sensitivity_only
id:x%3A0x1.0000000000000p%2B0,383,6.768,6.07264,6.202423005688364,2.7244291258805333,defined,-0.04763677074786024,sensitivity_only
id:x%3A0x1.0000000000000p%2B0,384,6.786,6.09028,5.960496994311636,2.7244291258805333,defined,0.04763677074786024,sensitivity_only
id:x%3A0x1.0000000000000p%2B0,385,6.804,6.10792,6.237703005688364,2.7244291258805333,defined,-0.04763677074786024,sensitivity_only
id:x%3A0x1.0000000000000p%2B0,386,6.822,6.12556,5.995776994311636,2.7244291258805333,defined,0.04763677074786024,sensitivity_only
id:x%3A0x1.0000000000000p%2B0,387,6.84,6.1432,6.272983005688364,2.7244291258805333,defined,-0.04763677074786024,sensitivity_only
id:x%3A0x1.0000000000000p%2B0,388,6.858,6.16084,6.031056994311636,2.7244291258805333,defined,0.04763677074786024,sensitivity_only
id:x%3A0x1.0000000000000p%2B0,389,6.876,6.17848,6.308263005688365,2.7244291258805333,defined,-0.04763677074786024,sensitivity_only
id:x%3A0x1.0000000000000p%2B0,390,6.894,6.1961200000000005,6.066336994311636,2.7244291258805333,defined,0.04763677074786024,sensitivity_only
id:x%3A0x1.0000000000000p%2B0,391,6.912,6.213760000000001,6.343543005688365,2.7244291258805333,defined,-0.04763677074786024,sensitivity_only
id:x%3A0x1.0000000000000p%2B0,392,6.93,6.2314,6.101616994311636,2.7244291258805333,defined,0.04763677074786024,sensitivity_only
id:x%3A0x1.0000000000000p%2B0,393,6.948,6.249040000000001,6.378823005688365,2.7244291258805333,defined,-0.04763677074786024,sensitivity_only
id:x%3A0x1.0000000000000p%2B0,394,6.966,6.26668,6.136896994311636,2.7244291258805333,defined,0.04763677074786024,sensitivity_only
id:x%3A0x1.0000000000000p%2B0,395,6.984,6.28432,6.414103005688364,2.7244291258805333,defined,-0.04763677074786024,sensitivity_only
id:x%3A0x1.0000000000000p%2B0,396,7.0,6.3,6.170216994311636,2.7244291258805333,defined,0.04763677074786024,sensitivity_only
id:x%3A0x1.0000000000000p%2B0,397,7.002,6.301959999999999,6.4317430056883635,2.7244291258805333,defined,-0.04763677074786024,sensitivity_only
id:x%3A0x1.0000000000000p%2B0,398,7.02,6.319599999999999,6.189816994311635,2.7244291258805333,defined,0.04763677074786024,sensitivity_only
id:x%3A0x1.0000000000000p%2B0,399,7.038,6.33724,6.467023005688365,2.7244291258805333,defined,-0.04763677074786024,sensitivity_only
id:x%3A0x1.0000000000000p%2B0,400,7.056,6.35488,6.225096994311635,2.7244291258805333,defined,0.04763677074786024,sensitivity_only
id:x%3A0x1.0000000000000p%2B0,401,7.074,6.37252,6.502303005688364,2.7244291258805333,defined,-0.04763677074786024,sensitivity_only
id:x%3A0x1.0000000000000p%2B0,402,7.092,6.39016,6.260376994311636,2.7244291258805333,defined,0.04763677074786024,sensitivity_only
id:x%3A0x1.0000000000000p%2B0,403,7.11,6.4078,6.537583005688364,2.7244291258805333,defined,-0.04763677074786024,sensitivity_only
id:x%3A0x1.0000000000000p%2B0,404,7.128,6.42544,6.295656994311636,2.7244291258805333,defined,0.04763677074786024,sensitivity_only
id:x%3A0x1.0000000000000p%2B0,405,7.146,6.44308,6.572863005688364,2.7244291258805333,defined,-0.04763677074786024,sensitivity_only
id:x%3A0x1.0000000000000p%2B0,406,7.164,6.46072,6.330936994311636,2.7244291258805333,defined,0.04763677074786024,sensitivity_only
id:x%3A0x1.0000000000000p%2B0,407,7.182,6.47836,6.6081430056883645,2.7244291258805333,defined,-0.04763677074786024,sensitivity_only
id:x%3A0x1.0000000000000p%2B0,408,7.2,6.496,6.366216994311636,2.7244291258805333,defined,0.04763677074786024,sensitivity_only
id:x%3A0x1.0000000000000p%2B0,409,7.218,6.5136400000000005,6.643423005688365,2.7244291258805333,defined,-0.04763677074786024,sensitivity_only
id:x%3A0x1.0000000000000p%2B0,410,7.236,6.53128,6.4014969943116355,2.7244291258805333,defined,0.04763677074786024,sensitivity_only
id:x%3A0x1.0000000000000p%2B0,411,7.254,6.548919999999999,6.678703005688363,2.7244291258805333,defined,-0.04763677074786024,sensitivity_only
id:x%3A0x1.0000000000000p%2B0,412,7.272,6.566560000000001,6.436776994311637,2.7244291258805333,defined,0.04763677074786024,sensitivity_only
id:x%3A0x1.0000000000000p%2B0,413,7.29,6.5842,6.713983005688364,2.7244291258805333,defined,-0.04763677074786024,sensitivity_only
id:x%3A0x1.0000000000000p%2B0,414,7.308,6.601839999999999,6.472056994311635,2.7244291258805333,defined,0.04763677074786024,sensitivity_only
id:x%3A0x1.0000000000000p%2B0,415,7.326,6.619479999999999,6.749263005688364,2.7244291258805333,defined,-0.04763677074786024,sensitivity_only
id:x%3A0x1.0000000000000p%2B0,416,7.344,6.63712,6.507336994311636,2.7244291258805333,defined,0.04763677074786024,sensitivity_only
id:x%3A0x1.0000000000000p%2B0,417,7.362,6.65476,6.784543005688364,2.7244291258805333,defined,-0.04763677074786024,sensitivity_only
id:x%3A0x1.0000000000000p%2B0,418,7.38,6.6724,6.5426169943116355,2.7244291258805333,defined,0.04763677074786024,sensitivity_only
id:x%3A0x1.0000000000000p%2B0,419,7.398,6.69004,6.819823005688364,2.7244291258805333,defined,-0.04763677074786024,sensitivity_only
id:x%3A0x1.0000000000000p%2B0,420,7.416,6.70768,6.577896994311636,2.7244291258805333,defined,0.04763677074786024,sensitivity_only
id:x%3A0x1.0000000000000p%2B0,421,7.434,6.72532,6.855103005688364,2.7244291258805333,defined,-0.04763677074786024,sensitivity_only
id:x%3A0x1.0000000000000p%2B0,422,7.452,6.74296,6.613176994311636,2.7244291258805333,defined,0.04763677074786024,sensitivity_only
id:x%3A0x1.0000000000000p%2B0,423,7.47,6.7606,6.890383005688364,2.7244291258805333,defined,-0.04763677074786024,sensitivity_only
id:x%3A0x1.0000000000000p%2B0,424,7.488,6.77824,6.648456994311636,2.7244291258805333,defined,0.04763677074786024,sensitivity_only
id:x%3A0x1.0000000000000p%2B0,425,7.506,6.79588,6.925663005688365,2.7244291258805333,defined,-0.04763677074786024,sensitivity_only
id:x%3A0x1.0000000000000p%2B0,426,7.524,6.8135200000000005,6.683736994311636,2.7244291258805333,defined,0.04763677074786024,sensitivity_only
id:x%3A0x1.0000000000000p%2B0,427,7.542,6.83116,6.960943005688364,2.7244291258805333,defined,-0.04763677074786024,sensitivity_only
id:x%3A0x1.0000000000000p%2B0,428,7.56,6.8488,6.719016994311636,2.7244291258805333,defined,0.04763677074786024,sensitivity_only
id:x%3A0x1.0000000000000p%2B0,429,7.578,6.866440000000001,6.996223005688365,2.7244291258805333,defined,-0.04763677074786024,sensitivity_only
id:x%3A0x1.0000000000000p%2B0,430,7.596,6.88408,6.754296994311636,2.7244291258805333,defined,0.04763677074786024,sensitivity_only
id:x%3A0x1.0000000000000p%2B0,431,7.614,6.90172,7.031503005688364,2.7244291258805333,defined,-0.04763677074786024,sensitivity_only
id:x%3A0x1.0000000000000p%2B0,432,7.632,6.919359999999999,6.789576994311635,2.7244291258805333,defined,0.04763677074786024,sensitivity_only
id:x%3A0x1.0000000000000p%2B0,433,7.65,6.937,7.0667830056883645,2.7244291258805333,defined,-0.04763677074786024,sensitivity_only
id:x%3A0x1.0000000000000p%2B0,434,7.668,6.95464,6.824856994311636,2.7244291258805333,defined,0.04763677074786024,sensitivity_only
id:x%3A0x1.0000000000000p%2B0,435,7.686,6.97228,7.102063005688364,2.7244291258805333,defined,-0.04763677074786024,sensitivity_only
id:x%3A0x1.0000000000000p%2B0,436,7.704,6.98992,6.8601369943116355,2.7244291258805333,defined,0.04763677074786024,sensitivity_only
id:x%3A0x1.0000000000000p%2B0,437,7.722,7.007560000000001,7.137343005688365,2.7244291258805333,defined,-0.04763677074786024,sensitivity_only
id:x%3A0x1.0000000000000p%2B0,438,7.74,7.0252,6.895416994311636,2.7244291258805333,defined,0.04763677074786024,sensitivity_only
id:x%3A0x1.0000000000000p%2B0,439,7.758,7.04284,7.172623005688364,2.7244291258805333,defined,-0.04763677074786024,sensitivity_only
id:x%3A0x1.0000000000000p%2B0,440,7.776,7.06048,6.930696994311636,2.7244291258805333,defined,0.04763677074786024,sensitivity_only
id:x%3A0x1.0000000000000p%2B0,441,7.794,7.078119999999999,7.2079030056883635,2.7244291258805333,defined,-0.04763677074786024,sensitivity_only
id:x%3A0x1.0000000000000p%2B0,442,7.812,7.09576,6.965976994311636,2.7244291258805333,defined,0.04763677074786024,sensitivity_only
id:x%3A0x1.0000000000000p%2B0,443,7.83,7.1134,7.243183005688365,2.7244291258805333,defined,-0.04763677074786024,sensitivity_only
id:x%3A0x1.0000000000000p%2B0,444,7.848,7.13104,7.001256994311635,2.7244291258805333,defined,0.04763677074786024,sensitivity_only
id:x%3A0x1.0000000000000p%2B0,445,7.866,7.14868,7.278463005688364,2.7244291258805333,defined,-0.04763677074786024,sensitivity_only
id:x%3A0x1.0000000000000p%2B0,446,7.884,7.166320000000001,7.0365369943116365,2.7244291258805333,defined,0.04763677074786024,sensitivity_only
id:x%3A0x1.0000000000000p%2B0,447,7.902,7.18396,7.313743005688364,2.7244291258805333,defined,-0.04763677074786024,sensitivity_only
id:x%3A0x1.0000000000000p%2B0,448,7.92,7.2016,7.071816994311636,2.7244291258805333,defined,0.04763677074786024,sensitivity_only
id:x%3A0x1.0000000000000p%2B0,449,7.938,7.21924,7.349023005688364,2.7244291258805333,defined,-0.04763677074786024,sensitivity_only
id:x%3A0x1.0000000000000p%2B0,450,7.956,7.23688,7.107096994311636,2.7244291258805333,defined,0.04763677074786024,sensitivity_only
id:x%3A0x1.0000000000000p%2B0,451,7.974,7.25452,7.3843030056883645,2.7244291258805333,defined,-0.04763677074786024,sensitivity_only
id:x%3A0x1.0000000000000p%2B0,452,7.992,7.27216,7.142376994311636,2.7244291258805333,defined,0.04763677074786024,sensitivity_only
id:x%3A0x1.0000000000000p%2B0,453,8.0,7.28,7.4097830056883645,2.7244291258805333,defined,-0.04763677074786024,sensitivity_only
id:x%3A0x1.0000000000000p%2B0,454,8.01,7.2898,7.160016994311635,2.7244291258805333,defined,0.04763677074786024,sensitivity_only
id:x%3A0x1.0000000000000p%2B0,455,8.028,7.307440000000001,7.437223005688365,2.7244291258805333,defined,-0.04763677074786024,sensitivity_only
id:x%3A0x1.0000000000000p%2B0,456,8.046,7.32508,7.195296994311636,2.7244291258805333,defined,0.04763677074786024,sensitivity_only
id:x%3A0x1.0000000000000p%2B0,457,8.064,7.34272,7.472503005688364,2.7244291258805333,defined,-0.04763677074786024,sensitivity_only
id:x%3A0x1.0000000000000p%2B0,458,8.082,7.360360000000001,7.230576994311637,2.7244291258805333,defined,0.04763677074786024,sensitivity_only
id:x%3A0x1.0000000000000p%2B0,459,8.1,7.378,7.507783005688364,2.7244291258805333,defined,-0.04763677074786024,sensitivity_only
id:x%3A0x1.0000000000000p%2B0,460,8.118,7.39564,7.265856994311636,2.7244291258805333,defined,0.04763677074786024,sensitivity_only
id:x%3A0x1.0000000000000p%2B0,461,8.136,7.413279999999999,7.543063005688364,2.7244291258805333,defined,-0.04763677074786024,sensitivity_only
id:x%3A0x1.0000000000000p%2B0,462,8.154,7.4309199999999995,7.301136994311635,2.7244291258805333,defined,0.04763677074786024,sensitivity_only
id:x%3A0x1.0000000000000p%2B0,463,8.172,7.4485600000000005,7.578343005688365,2.7244291258805333,defined,-0.04763677074786024,sensitivity_only
id:x%3A0x1.0000000000000p%2B0,464,8.19,7.4662,7.3364169943116355,2.7244291258805333,defined,0.04763677074786024,sensitivity_only
id:x%3A0x1.0000000000000p%2B0,465,8.208,7.48384,7.613623005688364,2.7244291258805333,defined,-0.04763677074786024,sensitivity_only
id:x%3A0x1.0000000000000p%2B0,466,8.226,7.501480000000001,7.371696994311637,2.7244291258805333,defined,0.04763677074786024,sensitivity_only
id:x%3A0x1.0000000000000p%2B0,467,8.244,7.51912,7.648903005688364,2.7244291258805333,defined,-0.04763677074786024,sensitivity_only
id:x%3A0x1.0000000000000p%2B0,468,8.262,7.53676,7.406976994311636,2.7244291258805333,defined,0.04763677074786024,sensitivity_only
id:x%3A0x1.0000000000000p%2B0,469,8.28,7.554399999999999,7.6841830056883635,2.7244291258805333,defined,-0.04763677074786024,sensitivity_only
id:x%3A0x1.0000000000000p%2B0,470,8.298,7.57204,7.442256994311636,2.7244291258805333,defined,0.04763677074786024,sensitivity_only
id:x%3A0x1.0000000000000p%2B0,471,8.316,7.58968,7.719463005688365,2.7244291258805333,defined,-0.04763677074786024,sensitivity_only
id:x%3A0x1.0000000000000p%2B0,472,8.334,7.60732,7.477536994311635,2.7244291258805333,defined,0.04763677074786024,sensitivity_only
id:x%3A0x1.0000000000000p%2B0,473,8.352,7.624960000000001,7.754743005688365,2.7244291258805333,defined,-0.04763677074786024,sensitivity_only
id:x%3A0x1.0000000000000p%2B0,474,8.37,7.642599999999999,7.512816994311635,2.7244291258805333,defined,0.04763677074786024,sensitivity_only
id:x%3A0x1.0000000000000p%2B0,475,8.388,7.66024,7.790023005688364,2.7244291258805333,defined,-0.04763677074786024,sensitivity_only
id:x%3A0x1.0000000000000p%2B0,476,8.406,7.677880000000001,7.548096994311637,2.7244291258805333,defined,0.04763677074786024,sensitivity_only
id:x%3A0x1.0000000000000p%2B0,477,8.424,7.695519999999999,7.8253030056883635,2.7244291258805333,defined,-0.04763677074786024,sensitivity_only
id:x%3A0x1.0000000000000p%2B0,478,8.442,7.71316,7.583376994311636,2.7244291258805333,defined,0.04763677074786024,sensitivity_only
id:x%3A0x1.0000000000000p%2B0,479,8.46,7.730800000000001,7.860583005688365,2.7244291258805333,defined,-0.04763677074786024,sensitivity_only
id:x%3A0x1.0000000000000p%2B0,480,8.478,7.7484399999999996,7.618656994311635,2.7244291258805333,defined,0.04763677074786024,sensitivity_only
id:x%3A0x1.0000000000000p%2B0,481,8.496,7.7660800000000005,7.895863005688365,2.7244291258805333,defined,-0.04763677074786024,sensitivity_only
id:x%3A0x1.0000000000000p%2B0,482,8.514,7.78372,7.679893595449308,2.179543300704428,defined,0.04763677074786024,sensitivity_only
id:x%3A0x1.0000000000000p%2B0,483,8.532,7.80136,7.905186404550691,2.179543300704428,defined,-0.04763677074786024,sensitivity_only
id:x%3A0x1.0000000000000p%2B0,484,8.55,7.819000000000001,7.7151735954493095,2.179543300704428,defined,0.04763677074786024,sensitivity_only
id:x%3A0x1.0000000000000p%2B0,485,8.568,7.83664,7.940466404550691,2.179543300704428,defined,-0.04763677074786024,sensitivity_only
id:x%3A0x1.0000000000000p%2B0,486,8.586,7.85428,7.750453595449309,2.179543300704428,defined,0.04763677074786024,sensitivity_only
id:x%3A0x1.0000000000000p%2B0,487,8.604,7.871919999999999,7.975746404550691,2.179543300704428,defined,-0.04763677074786024,sensitivity_only
id:x%3A0x1.0000000000000p%2B0,488,8.622,7.8895599999999995,7.785733595449308,2.179543300704428,defined,0.04763677074786024,sensitivity_only
id:x%3A0x1.0000000000000p%2B0,489,8.64,7.9072000000000005,8.011026404550693,2.179543300704428,defined,-0.04763677074786024,sensitivity_only
id:x%3A0x1.0000000000000p%2B0,490,8.658,7.92484,7.821013595449308,2.179543300704428,defined,0.04763677074786024,sensitivity_only
id:x%3A0x1.0000000000000p%2B0,491,8.676,7.94248,8.046306404550691,2.179543300704428,defined,-0.04763677074786024,sensitivity_only
id:x%3A0x1.0000000000000p%2B0,492,8.694,7.960120000000001,7.856293595449309,2.179543300704428,defined,0.04763677074786024,sensitivity_only
id:x%3A0x1.0000000000000p%2B0,493,8.712,7.97776,8.081586404550691,2.179543300704428,defined,-0.04763677074786024,sensitivity_only
id:x%3A0x1.0000000000000p%2B0,494,8.73,7.9954,7.891573595449309,2.179543300704428,defined,0.04763677074786024,sensitivity_only
id:x%3A0x1.0000000000000p%2B0,495,8.748,8.01304,8.116866404550692,2.179543300704428,defined,-0.04763677074786024,sensitivity_only
id:x%3A0x1.0000000000000p%2B0,496,8.766,8.03068,7.926853595449309,2.179543300704428,defined,0.04763677074786024,sensitivity_only
id:x%3A0x1.0000000000000p%2B0,497,8.784,8.04832,8.152146404550692,2.179543300704428,defined,-0.04763677074786024,sensitivity_only
id:x%3A0x1.0000000000000p%2B0,498,8.802,8.06596,7.962133595449309,2.179543300704428,defined,0.04763677074786024,sensitivity_only
id:x%3A0x1.0000000000000p%2B0,499,8.82,8.0836,8.187426404550692,2.179543300704428,defined,-0.04763677074786024,sensitivity_only
id:x%3A0x1.0000000000000p%2B0,500,8.838,8.101239999999999,7.9974135954493075,2.179543300704428,defined,0.04763677074786024,sensitivity_only
id:x%3A0x1.0000000000000p%2B0,501,8.856,8.11888,8.222706404550692,2.179543300704428,defined,-0.04763677074786024,sensitivity_only
id:x%3A0x1.0000000000000p%2B0,502,8.874,8.13652,8.03269359544931,2.179543300704428,defined,0.04763677074786024,sensitivity_only
id:x%3A0x1.0000000000000p%2B0,503,8.892,8.15416,8.25798640455069,2.179543300704428,defined,-0.04763677074786024,sensitivity_only
id:x%3A0x1.0000000000000p%2B0,504,8.91,8.171800000000001,8.06797359544931,2.179543300704428,defined,0.04763677074786024,sensitivity_only
id:x%3A0x1.0000000000000p%2B0,505,8.928,8.189440000000001,8.293266404550693,2.179543300704428,defined,-0.04763677074786024,sensitivity_only
id:x%3A0x1.0000000000000p%2B0,506,8.946,8.20708,8.103253595449308,2.179543300704428,defined,0.04763677074786024,sensitivity_only
id:x%3A0x1.0000000000000p%2B0,507,8.964,8.224720000000001,8.328546404550693,2.179543300704428,defined,-0.04763677074786024,sensitivity_only
id:x%3A0x1.0000000000000p%2B0,508,8.982,8.24236,8.138533595449308,2.179543300704428,defined,0.04763677074786024,sensitivity_only
id:x%3A0x1.0000000000000p%2B0,509,9.0,8.26,8.363826404550691,2.179543300704428,defined,-0.04763677074786024,sensitivity_only
id:x%3A0x1.0000000000000p%2B1,0,0.0,1.75,1.5017742351975514,2.7244291258805347,defined,0.09111111111111111,sensitivity_only
id:x%3A0x1.0000000000000p%2B1,1,0.018,1.75576,1.879506586819138,2.7244291258805347,defined,-0.04542110699214581,sensitivity_only
id:x%3A0x1.0000000000000p%2B1,2,0.036,1.76152,1.637773413180862,2.7244291258805347,defined,0.04542110699214581,sensitivity_only
id:x%3A0x1.0000000000000p%2B1,3,0.054,1.76728,1.891026586819138,2.7244291258805347,defined,-0.04542110699214581,sensitivity_only
id:x%3A0x1.0000000000000p%2B1,4,0.072,1.77304,1.6492934131808619,2.7244291258805347,defined,0.04542110699214581,sensitivity_only
id:x%3A0x1.0000000000000p%2B1,5,0.09,1.7788,1.902546586819138,2.7244291258805347,defined,-0.04542110699214581,sensitivity_only
id:x%3A0x1.0000000000000p%2B1,6,0.108,1.78456,1.6608134131808618,2.7244291258805347,defined,0.04542110699214581,sensitivity_only
id:x%3A0x1.0000000000000p%2B1,7,0.126,1.79032,1.914066586819138,2.7244291258805347,defined,-0.04542110699214581,sensitivity_only
id:x%3A0x1.0000000000000p%2B1,8,0.144,1.79608,1.6723334131808618,2.7244291258805347,defined,0.04542110699214581,sensitivity_only
id:x%3A0x1.0000000000000p%2B1,9,0.162,1.80184,1.9255865868191382,2.7244291258805347,defined,-0.04542110699214581,sensitivity_only
id:x%3A0x1.0000000000000p%2B1,10,0.18,1.8076,1.683853413180862,2.7244291258805347,defined,0.04542110699214581,sensitivity_only
id:x%3A0x1.0000000000000p%2B1,11,0.198,1.81336,1.9371065868191382,2.7244291258805347,defined,-0.04542110699214581,sensitivity_only
id:x%3A0x1.0000000000000p%2B1,12,0.216,1.81912,1.695373413180862,2.7244291258805347,defined,0.04542110699214581,sensitivity_only
id:x%3A0x1.0000000000000p%2B1,13,0.234,1.82488,1.9486265868191381,2.7244291258805347,defined,-0.04542110699214581,sensitivity_only
id:x%3A0x1.0000000000000p%2B1,14,0.252,1.83064,1.706893413180862,2.7244291258805347,defined,0.04542110699214581,sensitivity_only
id:x%3A0x1.0000000000000p%2B1,15,0.27,1.8364,1.9601465868191381,2.7244291258805347,defined,-0.04542110699214581,sensitivity_only
id:x%3A0x1.0000000000000p%2B1,16,0.288,1.84216,1.718413413180862,2.7244291258805347,defined,0.04542110699214581,sensitivity_only
id:x%3A0x1.0000000000000p%2B1,17,0.306,1.84792,1.971666586819138,2.7244291258805347,defined,-0.04542110699214581,sensitivity_only
id:x%3A0x1.0000000000000p%2B1,18,0.324,1.85368,1.729933413180862,2.7244291258805347,defined,0.04542110699214581,sensitivity_only
id:x%3A0x1.0000000000000p%2B1,19,0.342,1.85944,1.983186586819138,2.7244291258805347,defined,-0.04542110699214581,sensitivity_only
id:x%3A0x1.0000000000000p%2B1,20,0.36,1.8652,1.7414534131808619,2.7244291258805347,defined,0.04542110699214581,sensitivity_only
id:x%3A0x1.0000000000000p%2B1,21,0.378,1.87096,1.994706586819138,2.7244291258805347,defined,-0.04542110699214581,sensitivity_only
id:x%3A0x1.0000000000000p%2B1,22,0.396,1.87672,1.7529734131808619,2.7244291258805347,defined,0.04542110699214581,sensitivity_only
id:x%3A0x1.0000000000000p%2B1,23,0.414,1.88248,2.006226586819138,2.7244291258805347,defined,-0.04542110699214581,sensitivity_only
id:x%3A0x1.0000000000000p%2B1,24,0.432,1.88824,1.7644934131808618,2.7244291258805347,defined,0.04542110699214581,sensitivity_only
id:x%3A0x1.0000000000000p%2B1,25,0.45,1.8940000000000001,2.017746586819138,2.7244291258805347,defined,-0.04542110699214581,sensitivity_only
id:x%3A0x1.0000000000000p%2B1,26,0.468,1.8997600000000001,1.776013413180862,2.7244291258805347,defined,0.04542110699214581,sensitivity_only
id:x%3A0x1.0000000000000p%2B1,27,0.486,1.90552,2.029266586819138,2.7244291258805347,defined,-0.04542110699214581,sensitivity_only
id:x%3A0x1.0000000000000p%2B1,28,0.504,1.91128,1.787533413180862,2.7244291258805347,defined,0.04542110699214581,sensitivity_only
id:x%3A0x1.0000000000000p%2B1,29,0.522,1.91704,2.040786586819138,2.7244291258805347,defined,-0.04542110699214581,sensitivity_only
id:x%3A0x1.0000000000000p%2B1,30,0.54,1.9228,1.799053413180862,2.7244291258805347,defined,0.04542110699214581,sensitivity_only
id:x%3A0x1.0000000000000p%2B1,31,0.558,1.92856,2.052306586819138,2.7244291258805347,defined,-0.04542110699214581,sensitivity_only
id:x%3A0x1.0000000000000p%2B1,32,0.576,1.93432,1.810573413180862,2.7244291258805347,defined,0.04542110699214581,sensitivity_only
id:x%3A0x1.0000000000000p%2B1,33,0.594,1.94008,2.063826586819138,2.7244291258805347,defined,-0.04542110699214581,sensitivity_only
id:x%3A0x1.0000000000000p%2B1,34,0.612,1.94584,1.822093413180862,2.7244291258805347,defined,0.04542110699214581,sensitivity_only
id:x%3A0x1.0000000000000p%2B1,35,0.63,1.9516,2.075346586819138,2.7244291258805347,defined,-0.04542110699214581,sensitivity_only
id:x%3A0x1.0000000000000p%2B1,36,0.648,1.95736,1.833613413180862,2.7244291258805347,defined,0.04542110699214581,sensitivity_only
id:x%3A0x1.0000000000000p%2B1,37,0.666,1.96312,2.086866586819138,2.7244291258805347,defined,-0.04542110699214581,sensitivity_only
id:x%3A0x1.0000000000000p%2B1,38,0.684,1.96888,1.8451334131808619,2.7244291258805347,defined,0.04542110699214581,sensitivity_only
id:x%3A0x1.0000000000000p%2B1,39,0.702,1.97464,2.098386586819138,2.7244291258805347,defined,-0.04542110699214581,sensitivity_only
id:x%3A0x1.0000000000000p%2B1,40,0.72,1.9804,1.8566534131808619,2.7244291258805347,defined,0.04542110699214581,sensitivity_only
id:x%3A0x1.0000000000000p%2B1,41,0.738,1.98616,2.109906586819138,2.7244291258805347,defined,-0.04542110699214581,sensitivity_only
id:x%3A0x1.0000000000000p%2B1,42,0.756,1.99192,1.8681734131808618,2.7244291258805347,defined,0.04542110699214581,sensitivity_only
id:x%3A0x1.0000000000000p%2B1,43,0.774,1.99768,2.1214265868191378,2.7244291258805347,defined,-0.04542110699214581,sensitivity_only
id:x%3A0x1.0000000000000p%2B1,44,0.792,2.00344,1.8796934131808618,2.7244291258805347,defined,0.04542110699214581,sensitivity_only
id:x%3A0x1.0000000000000p%2B1,45,0.81,2.0092,2.1329465868191377,2.7244291258805347,defined,-0.04542110699214581,sensitivity_only
id:x%3A0x1.0000000000000p%2B1,46,0.828,2.01496,1.8912134131808618,2.7244291258805347,defined,0.04542110699214581,sensitivity_only
id:x%3A0x1.0000000000000p%2B1,47,0.846,2.02072,2.1444665868191377,2.7244291258805347,defined,-0.04542110699214581,sensitivity_only
id:x%3A0x1.0000000000000p%2B1,48,0.864,2.02648,1.9027334131808618,2.7244291258805347,defined,0.04542110699214581,sensitivity_only
id:x%3A0x1.0000000000000p%2B1,49,0.882,2.03224,2.1559865868191377,2.7244291258805347,defined,-0.04542110699214581,sensitivity_only
id:x%3A0x1.0000000000000p%2B1,50,0.9,2.0380000000000003,1.9142534131808622,2.7244291258805347,defined,0.04542110699214581,sensitivity_only
id:x%3A0x1.0000000000000p%2B1,51,0.918,2.04376,2.1675065868191377,2.7244291258805347,defined,-0.04542110699214581,sensitivity_only
id:x%3A0x1.0000000000000p%2B1,52,0.936,2.0495200000000002,1.9257734131808621,2.7244291258805347,defined,0.04542110699214581,sensitivity_only
id:x%3A0x1.0000000000000p%2B1,53,0.954,2.0552799999999998,2.1790265868191376,2.7244291258805347,defined,-0.04542110699214581,sensitivity_only
id:x%3A0x1.0000000000000p%2B1,54,0.972,2.06104,1.9372934131808621,2.7244291258805347,defined,0.04542110699214581,sensitivity_only
id:x%3A0x1.0000000000000p%2B1,55,0.99,2.0668,2.190546586819138,2.7244291258805347,defined,-0.04542110699214581,sensitivity_only
id:x%3A0x1.0000000000000p%2B1,56,1.0,2.07,1.9462534131808618,2.7244291258805347,defined,0.04542110699214581,sensitivity_only
id:x%3A0x1.0000000000000p%2B1,57,1.008,2.07256,2.196306586819138,2.7244291258805347,defined,-0.04542110699214581,sensitivity_only
id:x%3A0x1.0000000000000p%2B1,58,1.026,2.07832,1.954573413180862,2.7244291258805347,defined,0.04542110699214581,sensitivity_only
id:x%3A0x1.0000000000000p%2B1,59,1.044,2.08408,2.207826586819138,2.7244291258805347,defined,-0.04542110699214581,sensitivity_only
id:x%3A0x1.0000000000000p%2B1,60,1.062,2.08984,1.966093413180862,2.7244291258805347,defined,0.04542110699214581,sensitivity_only
id:x%3A0x1.0000000000000p%2B1,61,1.08,2.0956,2.219346586819138,2.7244291258805347,defined,-0.04542110699214581,sensitivity_only
id:x%3A0x1.0000000000000p%2B1,62,1.098,2.10136,1.977613413180862,2.7244291258805347,defined,0.04542110699214581,sensitivity_only
id:x%3A0x1.0000000000000p%2B1,63,1.116,2.10712,2.230866586819138,2.7244291258805347,defined,-0.04542110699214581,sensitivity_only
id:x%3A0x1.0000000000000p%2B1,64,1.134,2.11288,1.989133413180862,2.7244291258805347,defined,0.04542110699214581,sensitivity_only
id:x%3A0x1.0000000000000p%2B1,65,1.152,2.11864,2.242386586819138,2.7244291258805347,defined,-0.04542110699214581,sensitivity_only
id:x%3A0x1.0000000000000p%2B1,66,1.17,2.1244,2.000653413180862,2.7244291258805347,defined,0.04542110699214581,sensitivity_only
id:x%3A0x1.0000000000000p%2B1,67,1.188,2.13016,2.253906586819138,2.7244291258805347,defined,-0.04542110699214581,sensitivity_only
id:x%3A0x1.0000000000000p%2B1,68,1.206,2.13592,2.012173413180862,2.7244291258805347,defined,0.04542110699214581,sensitivity_only
id:x%3A0x1.0000000000000p%2B1,69,1.224,2.14168,2.265426586819138,2.7244291258805347,defined,-0.04542110699214581,sensitivity_only
id:x%3A0x1.0000000000000p%2B1,70,1.242,2.14744,2.023693413180862,2.7244291258805347,defined,0.04542110699214581,sensitivity_only
id:x%3A0x1.0000000000000p%2B1,71,1.26,2.1532,2.276946586819138,2.7244291258805347,defined,-0.04542110699214581,sensitivity_only
id:x%3A0x1.0000000000000p%2B1,72,1.278,2.15896,2.035213413180862,2.7244291258805347,defined,0.04542110699214581,sensitivity_only
id:x%3A0x1.0000000000000p%2B1,73,1.296,2.16472,2.288466586819138,2.7244291258805347,defined,-0.04542110699214581,sensitivity_only
id:x%3A0x1.0000000000000p%2B1,74,1.314,2.17048,2.046733413180862,2.7244291258805347,defined,0.04542110699214581,sensitivity_only
id:x%3A0x1.0000000000000p%2B1,75,1.332,2.17624,2.299986586819138,2.7244291258805347,defined,-0.04542110699214581,sensitivity_only
id:x%3A0x1.0000000000000p%2B1,76,1.35,2.182,2.058253413180862,2.7244291258805347,defined,0.04542110699214581,sensitivity_only
id:x%3A0x1.0000000000000p%2B1,77,1.368,2.18776,2.311506586819138,2.7244291258805347,defined,-0.04542110699214581,sensitivity_only
id:x%3A0x1.0000000000000p%2B1,78,1.386,2.19352,2.069773413180862,2.7244291258805347,defined,0.04542110699214581,sensitivity_only
id:x%3A0x1.0000000000000p%2B1,79,1.404,2.19928,2.3230265868191378,2.7244291258805347,defined,-0.04542110699214581,sensitivity_only
id:x%3A0x1.0000000000000p%2B1,80,1.422,2.20504,2.081293413180862,2.7244291258805347,defined,0.04542110699214581,sensitivity_only
id:x%3A0x1.0000000000000p%2B1,81,1.44,2.2108,2.3345465868191377,2.7244291258805347,defined,-0.04542110699214581,sensitivity_only
id:x%3A0x1.0000000000000p%2B1,82,1.458,2.21656,2.092813413180862,2.7244291258805347,defined,0.04542110699214581,sensitivity_only
id:x%3A0x1.0000000000000p%2B1,83,1.476,2.22232,2.3460665868191377,2.7244291258805347,defined,-0.04542110699214581,sensitivity_only
id:x%3A0x1.0000000000000p%2B1,84,1.494,2.22808,2.104333413180862,2.7244291258805347,defined,0.04542110699214581,sensitivity_only
id:x%3A0x1.0000000000000p%2B1,85,1.512,2.23384,2.3575865868191377,2.724429125880535,defined,-0.04542110699214581,sensitivity_only
id:x%3A0x1.0000000000000p%2B1,86,1.53,2.2396000000000003,2.1158534131808624,2.724429125880535,defined,0.04542110699214581,sensitivity_only
id:x%3A0x1.0000000000000p%2B1,87,1.548,2.24536,2.3691065868191377,2.724429125880535,defined,-0.04542110699214581,sensitivity_only
id:x%3A0x1.0000000000000p%2B1,88,1.566,2.2511200000000002,2.1273734131808624,2.724429125880535,defined,0.04542110699214581,sensitivity_only
id:x%3A0x1.0000000000000p%2B1,89,1.584,2.2568799999999998,2.3806265868191376,2.724429125880535,defined,-0.04542110699214581,sensitivity_only
id:x%3A0x1.0000000000000p%2B1,90,1.602,2.26264,2.1388934131808623,2.724429125880535,defined,0.04542110699214581,sensitivity_only
id:x%3A0x1.0000000000000p%2B1,91,1.62,2.2684,2.3921465868191385,2.724429125880535,defined,-0.04542110699214581,sensitivity_only
id:x%3A0x1.0000000000000p%2B1,92,1.638,2.27416,2.1504134131808623,2.724429125880535,defined,0.04542110699214581,sensitivity_only
id:x%3A0x1.0000000000000p%2B1,93,1.656,2.2799199999999997,2.4036665868191376,2.724429125880535,defined,-0.04542110699214581,sensitivity_only
id:x%3A0x1.0000000000000p%2B1,94,1.674,2.28568,2.1619334131808623,2.724429125880535,defined,0.04542110699214581,sensitivity_only
id:x%3A0x1.0000000000000p%2B1,95,1.692,2.29144,2.4151865868191384,2.724429125880535,defined,-0.04542110699214581,sensitivity_only
id:x%3A0x1.0000000000000p%2B1,96,1.71,2.2972,2.1734534131808623,2.724429125880535,defined,0.04542110699214581,sensitivity_only
id:x%3A0x1.0000000000000p%2B1,97,1.728,2.30296,2.4267065868191384,2.724429125880535,defined,-0.04542110699214581,sensitivity_only
id:x%3A0x1.0000000000000p%2B1,98,1.746,2.30872,2.1849734131808622,2.724429125880535,defined,0.04542110699214581,sensitivity_only
id:x%3A0x1.0000000000000p%2B1,99,1.764,2.31448,2.4382265868191384,2.724429125880535,defined,-0.04542110699214581,sensitivity_only
id:x%3A0x1.0000000000000p%2B1,100,1.782,2.32024,2.196493413180862,2.724429125880535,defined,0.04542110699214581,sensitivity_only
id:x%3A0x1.0000000000000p%2B1,101,1.8,2.326,2.4497465868191384,2.724429125880535,defined,-0.04542110699214581,sensitivity_only
id:x%3A0x1.0000000000000p%2B1,102,1.818,2.33176,2.208013413180862,2.724429125880535,defined,0.04542110699214581,sensitivity_only
id:x%3A0x1.0000000000000p%2B1,103,1.836,2.33752,2.4612665868191383,2.724429125880535,defined,-0.04542110699214581,sensitivity_only
id:x%3A0x1.0000000000000p%2B1,104,1.854,2.34328,2.219533413180862,2.724429125880535,defined,0.04542110699214581,sensitivity_only
id:x%3A0x1.0000000000000p%2B1,105,1.872,2.34904,2.4727865868191383,2.724429125880535,defined,-0.04542110699214581,sensitivity_only
id:x%3A0x1.0000000000000p%2B1,106,1.89,2.3548,2.231053413180862,2.724429125880535,defined,0.04542110699214581,sensitivity_only
id:x%3A0x1.0000000000000p%2B1,107,1.908,2.36056,2.4843065868191383,2.724429125880535,defined,-0.04542110699214581,sensitivity_only
id:x%3A0x1.0000000000000p%2B1,108,1.926,2.36632,2.242573413180862,2.724429125880535,defined,0.04542110699214581,sensitivity_only
id:x%3A0x1.0000000000000p%2B1,109,1.944,2.37208,2.4958265868191383,2.724429125880535,defined,-0.04542110699214581,sensitivity_only
id:x%3A0x1.0000000000000p%2B1,110,1.962,2.37784,2.254093413180862,2.724429125880535,defined,0.04542110699214581,sensitivity_only
id:x%3A0x1.0000000000000p%2B1,111,1.98,2.3836,2.5073465868191382,2.724429125880535,defined,-0.04542110699214581,sensitivity_only
id:x%3A0x1.0000000000000p%2B1,112,1.998,2.38936,2.265613413180862,2.724429125880535,defined,0.04542110699214581,sensitivity_only
id:x%3A0x1.0000000000000p%2B1,113,2.0,2.39,2.5137465868191384,2.724429125880535,defined,-0.04542110699214581,sensitivity_only
id:x%3A0x1.0000000000000p%2B1,114,2.016,2.39512,2.2713734131808616,2.724429125880535,defined,0.04542110699214581,sensitivity_only
id:x%3A0x1.0000000000000p%2B1,115,2.034,2.40088,2.5246265868191378,2.724429125880535,defined,-0.04542110699214581,sensitivity_only
id:x%3A0x1.0000000000000p%2B1,116,2.052,2.40664,2.2828934131808616,2.724429125880535,defined,0.04542110699214581,sensitivity_only
id:x%3A0x1.0000000000000p%2B1,117,2.07,2.4124,2.5361465868191377,2.724429125880535,defined,-0.04542110699214581,sensitivity_only
id:x%3A0x1.0000000000000p%2B1,118,2.088,2.4181600000000003,2.2944134131808624,2.724429125880535,defined,0.04542110699214581,sensitivity_only
id:x%3A0x1.0000000000000p%2B1,119,2.106,2.42392,2.5476665868191377,2.724429125880535,defined,-0.04542110699214581,sensitivity_only
id:x%3A0x1.0000000000000p%2B1,120,2.124,2.4296800000000003,2.3059334131808624,2.724429125880535,defined,0.04542110699214581,sensitivity_only
id:x%3A0x1.0000000000000p%2B1,121,2.142,2.43544,2.5591865868191377,2.724429125880535,defined,-0.04542110699214581,sensitivity_only
id:x%3A0x1.0000000000000p%2B1,122,2.16,2.4412000000000003,2.3174534131808624,2.724429125880535,defined,0.04542110699214581,sensitivity_only
id:x%3A0x1.0000000000000p%2B1,123,2.178,2.44696,2.5707065868191377,2.724429125880535,defined,-0.04542110699214581,sensitivity_only
id:x%3A0x1.0000000000000p%2B1,124,2.196,2.4527200000000002,2.3289734131808624,2.724429125880535,defined,0.04542110699214581,sensitivity_only
id:x%3A0x1.0000000000000p%2B1,125,2.214,2.4584799999999998,2.5822265868191376,2.724429125880535,defined,-0.04542110699214581,sensitivity_only
id:x%3A0x1.0000000000000p%2B1,126,2.232,2.46424,2.3404934131808623,2.724429125880535,defined,0.04542110699214581,sensitivity_only
id:x%3A0x1.0000000000000p%2B1,127,2.25,2.4699999999999998,2.5937465868191376,2.724429125880535,defined,-0.04542110699214581,sensitivity_only
id:x%3A0x1.0000000000000p%2B1,128,2.268,2.47576,2.3520134131808623,2.724429125880535,defined,0.04542110699214581,sensitivity_only
id:x%3A0x1.0000000000000p%2B1,129,2.286,2.48152,2.6052665868191385,2.724429125880535,defined,-0.04542110699214581,sensitivity_only
id:x%3A0x1.0000000000000p%2B1,130,2.304,2.48728,2.3635334131808623,2.724429125880535,defined,0.04542110699214581,sensitivity_only
id:x%3A0x1.0000000000000p%2B1,131,2.322,2.49304,2.6167865868191384,2.724429125880535,defined,-0.04542110699214581,sensitivity_only
id:x%3A0x1.0000000000000p%2B1,132,2.34,2.4988,2.3750534131808623,2.724429125880535,defined,0.04542110699214581,sensitivity_only
id:x%3A0x1.0000000000000p%2B1,133,2.358,2.50456,2.6283065868191384,2.724429125880535,defined,-0.04542110699214581,sensitivity_only
id:x%3A0x1.0000000000000p%2B1,134,2.376,2.51032,2.3865734131808622,2.724429125880535,defined,0.04542110699214581,sensitivity_only
id:x%3A0x1.0000000000000p%2B1,135,2.394,2.51608,2.6398265868191384,2.724429125880535,defined,-0.04542110699214581,sensitivity_only
id:x%3A0x1.0000000000000p%2B1,136,2.412,2.52184,2.398093413180862,2.724429125880535,defined,0.04542110699214581,sensitivity_only
id:x%3A0x1.0000000000000p%2B1,137,2.43,2.5276,2.6513465868191384,2.724429125880535,defined,-0.04542110699214581,sensitivity_only
id:x%3A0x1.0000000000000p%2B1,138,2.448,2.53336,2.409613413180862,2.724429125880535,defined,0.04542110699214581,sensitivity_only
id:x%3A0x1.0000000000000p%2B1,139,2.466,2.53912,2.6628665868191383,2.724429125880535,defined,-0.04542110699214581,sensitivity_only
id:x%3A0x1.0000000000000p%2B1,140,2.484,2.54488,2.421133413180862,2.724429125880535,defined,0.04542110699214581,sensitivity_only
id:x%3A0x1.0000000000000p%2B1,141,2.502,2.55064,2.6310752814324396,1.7708789318223472,defined,-0.04542110699214581,sensitivity_only
id:x%3A0x1.0000000000000p%2B1,142,2.52,2.5564,2.4759647185675604,1.7708789318223472,defined,0.04542110699214581,sensitivity_only
id:x%3A0x1.0000000000000p%2B1,143,2.538,2.56216,2.6425952814324396,1.7708789318223472,defined,-0.04542110699214581,sensitivity_only
id:x%3A0x1.0000000000000p%2B1,144,2.556,2.56792,2.4874847185675604,1.7708789318223472,defined,0.04542110699214581,sensitivity_only
id:x%3A0x1.0000000000000p%2B1,145,2.574,2.57368,2.6541152814324396,1.7708789318223472,defined,-0.04542110699214581,sensitivity_only
id:x%3A0x1.0000000000000p%2B1,146,2.592,2.57944,2.4990047185675603,1.7708789318223472,defined,0.04542110699214581,sensitivity_only
id:x%3A0x1.0000000000000p%2B1,147,2.61,2.5852,2.6656352814324396,1.7708789318223472,defined,-0.04542110699214581,sensitivity_only
id:x%3A0x1.0000000000000p%2B1,148,2.628,2.59096,2.5105247185675603,1.7708789318223472,defined,0.04542110699214581,sensitivity_only
id:x%3A0x1.0000000000000p%2B1,149,2.646,2.59672,2.6771552814324395,1.7708789318223472,defined,-0.04542110699214581,sensitivity_only
id:x%3A0x1.0000000000000p%2B1,150,2.664,2.60248,2.5220447185675603,1.7708789318223472,defined,0.04542110699214581,sensitivity_only
id:x%3A0x1.0000000000000p%2B1,151,2.682,2.60824,2.6886752814324395,1.7708789318223472,defined,-0.04542110699214581,sensitivity_only
id:x%3A0x1.0000000000000p%2B1,152,2.7,2.614,2.5335647185675603,1.7708789318223472,defined,0.04542110699214581,sensitivity_only
id:x%3A0x1.0000000000000p%2B1,153,2.718,2.61976,2.7001952814324395,1.7708789318223472,defined,-0.04542110699214581,sensitivity_only
id:x%3A0x1.0000000000000p%2B1,154,2.736,2.62552,2.5450847185675602,1.7708789318223472,defined,0.04542110699214581,sensitivity_only
id:x%3A0x1.0000000000000p%2B1,155,2.754,2.6312800000000003,2.71171528143244,1.7708789318223472,defined,-0.04542110699214581,sensitivity_only
id:x%3A0x1.0000000000000p%2B1,156,2.772,2.63704,2.55660471856756,1.7708789318223472,defined,0.04542110699214581,sensitivity_only
id:x%3A0x1.0000000000000p%2B1,157,2.79,2.6428000000000003,2.72323528143244,1.7708789318223472,defined,-0.04542110699214581,sensitivity_only
id:x%3A0x1.0000000000000p%2B1,158,2.808,2.64856,2.56812471856756,1.7708789318223472,defined,0.04542110699214581,sensitivity_only
id:x%3A0x1.0000000000000p%2B1,159,2.826,2.6543200000000002,2.73475528143244,1.7708789318223472,defined,-0.04542110699214581,sensitivity_only
id:x%3A0x1.0000000000000p%2B1,160,2.844,2.66008,2.57964471856756,1.7708789318223472,defined,0.04542110699214581,sensitivity_only
id:x%3A0x1.0000000000000p%2B1,161,2.862,2.66584,2.74627528143244,1.7708789318223472,defined,-0.04542110699214581,sensitivity_only
id:x%3A0x1.0000000000000p%2B1,162,2.88,2.6715999999999998,2.59116471856756,1.7708789318223472,defined,0.04542110699214581,sensitivity_only
id:x%3A0x1.0000000000000p%2B1,163,2.898,2.67736,2.75779528143244,1.7708789318223472,defined,-0.04542110699214581,sensitivity_only
id:x%3A0x1.0000000000000p%2B1,164,2.916,2.6831199999999997,2.60268471856756,1.7708789318223472,defined,0.04542110699214581,sensitivity_only
id:x%3A0x1.0000000000000p%2B1,165,2.934,2.68888,2.7693152814324398,1.7708789318223472,defined,-0.04542110699214581,sensitivity_only
id:x%3A0x1.0000000000000p%2B1,166,2.952,2.69464,2.6142047185675605,1.7708789318223472,defined,0.04542110699214581,sensitivity_only
id:x%3A0x1.0000000000000p%2B1,167,2.97,2.7004,2.7808352814324397,1.7708789318223472,defined,-0.04542110699214581,sensitivity_only
id:x%3A0x1.0000000000000p%2B1,168,2.988,2.70616,2.6257247185675605,1.7708789318223472,defined,0.04542110699214581,sensitivity_only
id:x%3A0x1.0000000000000p%2B1,169,3.0,2.71,2.7904352814324396,1.7708789318223472,defined,-0.04542110699214581,sensitivity_only
id:x%3A0x1.0000000000000p%2B1,170,3.006,2.71192,2.6314847185675605,1.7708789318223472,defined,0.04542110699214581,sensitivity_only
id:x%3A0x1.0000000000000p%2B1,171,3.024,2.71768,2.7981152814324397,1.7708789318223472,defined,-0.04542110699214581,sensitivity_only
id:x%3A0x1.0000000000000p%2B1,172,3.042,2.72344,2.6430047185675605,1.7708789318223472,defined,0.04542110699214581,sensitivity_only
id:x%3A0x1.0000000000000p%2B1,173,3.06,2.7292,2.8096352814324397,1.7708789318223472,defined,-0.04542110699214581,sensitivity_only
id:x%3A0x1.0000000000000p%2B1,174,3.078,2.73496,2.6545247185675604,1.7708789318223472,defined,0.04542110699214581,sensitivity_only
id:x%3A0x1.0000000000000p%2B1,175,3.096,2.74072,2.8211552814324397,1.7708789318223472,defined,-0.04542110699214581,sensitivity_only
id:x%3A0x1.0000000000000p%2B1,176,3.114,2.74648,2.6660447185675604,1.7708789318223472,defined,0.04542110699214581,sensitivity_only
id:x%3A0x1.0000000000000p%2B1,177,3.132,2.75224,2.8326752814324396,1.7708789318223472,defined,-0.04542110699214581,sensitivity_only
id:x%3A0x1.0000000000000p%2B1,178,3.15,2.758,2.6775647185675604,1.7708789318223472,defined,0.04542110699214581,sensitivity_only
id:x%3A0x1.0000000000000p%2B1,179,3.168,2.76376,2.8441952814324396,1.7708789318223472,defined,-0.04542110699214581,sensitivity_only
id:x%3A0x1.0000000000000p%2B1,180,3.186,2.76952,2.6890847185675604,1.7708789318223472,defined,0.04542110699214581,sensitivity_only
id:x%3A0x1.0000000000000p%2B1,181,3.204,2.77528,2.8557152814324396,1.7708789318223472,defined,-0.04542110699214581,sensitivity_only
id:x%3A0x1.0000000000000p%2B1,182,3.222,2.78104,2.7006047185675603,1.7708789318223472,defined,0.04542110699214581,sensitivity_only
id:x%3A0x1.0000000000000p%2B1,183,3.24,2.7868000000000004,2.86723528143244,1.7708789318223472,defined,-0.04542110699214581,sensitivity_only
id:x%3A0x1.0000000000000p%2B1,184,3.258,2.79256,2.7121247185675603,1.7708789318223472,defined,0.04542110699214581,sensitivity_only
id:x%3A0x1.0000000000000p%2B1,185,3.276,2.79832,2.8787552814324395,1.7708789318223472,defined,-0.04542110699214581,sensitivity_only
id:x%3A0x1.0000000000000p%2B1,186,3.294,2.80408,2.7236447185675603,1.7708789318223472,defined,0.04542110699214581,sensitivity_only
id:x%3A0x1.0000000000000p%2B1,187,3.312,2.80984,2.8902752814324395,1.7708789318223472,defined,-0.04542110699214581,sensitivity_only
id:x%3A0x1.0000000000000p%2B1,188,3.33,2.8156,2.7351647185675603,1.7708789318223472,defined,0.04542110699214581,sensitivity_only
id:x%3A0x1.0000000000000p%2B1,189,3.348,2.8213600000000003,2.90179528143244,1.7708789318223472,defined,-0.04542110699214581,sensitivity_only
id:x%3A0x1.0000000000000p%2B1,190,3.366,2.82712,2.7466847185675602,1.7708789318223472,defined,0.04542110699214581,sensitivity_only
id:x%3A0x1.0000000000000p%2B1,191,3.384,2.8328800000000003,2.91331528143244,1.7708789318223472,defined,-0.04542110699214581,sensitivity_only
id:x%3A0x1.0000000000000p%2B1,192,3.402,2.83864,2.75820471856756,1.7708789318223472,defined,0.04542110699214581,sensitivity_only
id:x%3A0x1.0000000000000p%2B1,193,3.42,2.8444000000000003,2.92483528143244,1.7708789318223472,defined,-0.04542110699214581,sensitivity_only
id:x%3A0x1.0000000000000p%2B1,194,3.438,2.85016,2.76972471856756,1.7708789318223472,defined,0.04542110699214581,sensitivity_only
id:x%3A0x1.0000000000000p%2B1,195,3.456,2.8559200000000002,2.93635528143244,1.7708789318223472,defined,-0.04542110699214581,sensitivity_only
id:x%3A0x1.0000000000000p%2B1,196,3.474,2.86168,2.78124471856756,1.7708789318223472,defined,0.04542110699214581,sensitivity_only
id:x%3A0x1.0000000000000p%2B1,197,3.492,2.86744,2.94787528143244,1.7708789318223472,defined,-0.04542110699214581,sensitivity_only
id:x%3A0x1.0000000000000p%2B1,198,3.5,2.87,2.7895647185675605,1.7708789318223472,defined,0.04542110699214581,sensitivity_only
id:x%3A0x1.0000000000000p%2B1,199,3.51,2.8798,3.0097339161600947,2.8606505821745607,defined,-0.04542110699214581,sensitivity_only
id:x%3A0x1.0000000000000p%2B1,200,3.528,2.89744,2.7675060838399053,2.8606505821745607,defined,0.04542110699214581,sensitivity_only
id:x%3A0x1.0000000000000p%2B1,201,3.546,2.91508,3.045013916160095,2.8606505821745607,defined,-0.04542110699214581,sensitivity_only
id:x%3A0x1.0000000000000p%2B1,202,3.564,2.93272,2.8027860838399055,2.8606505821745607,defined,0.04542110699214581,sensitivity_only
id:x%3A0x1.0000000000000p%2B1,203,3.582,2.95036,3.0802939161600946,2.8606505821745607,defined,-0.04542110699214581,sensitivity_only
id:x%3A0x1.0000000000000p%2B1,204,3.6,2.968,2.838066083839905,2.8606505821745607,defined,0.04542110699214581,sensitivity_only
id:x%3A0x1.0000000000000p%2B1,205,3.618,2.98564,3.115573916160095,2.8606505821745607,defined,-0.04542110699214581,sensitivity_only
id:x%3A0x1.0000000000000p%2B1,206,3.636,3.00328,2.8733460838399054,2.8606505821745607,defined,0.04542110699214581,sensitivity_only
id:x%3A0x1.0000000000000p%2B1,207,3.654,3.02092,3.1508539161600946,2.8606505821745607,defined,-0.04542110699214581,sensitivity_only
id:x%3A0x1.0000000000000p%2B1,208,3.672,3.0385600000000004,2.9086260838399056,2.8606505821745607,defined,0.04542110699214581,sensitivity_only
id:x%3A0x1.0000000000000p%2B1,209,3.69,3.0562,3.186133916160095,2.8606505821745607,defined,-0.04542110699214581,sensitivity_only
id:x%3A0x1.0000000000000p%2B1,210,3.708,3.07384,2.9439060838399054,2.8606505821745607,defined,0.04542110699214581,sensitivity_only
id:x%3A0x1.0000000000000p%2B1,211,3.726,3.0914800000000002,3.221413916160095,2.8606505821745607,defined,-0.04542110699214581,sensitivity_only
id:x%3A0x1.0000000000000p%2B1,212,3.744,3.1091200000000003,2.9791860838399056,2.8606505821745607,defined,0.04542110699214581,sensitivity_only
id:x%3A0x1.0000000000000p%2B1,213,3.762,3.12676,3.2566939161600947,2.8606505821745607,defined,-0.04542110699214581,sensitivity_only
id:x%3A0x1.0000000000000p%2B1,214,3.78,3.1444,3.0144660838399053,2.8606505821745607,defined,0.04542110699214581,sensitivity_only
id:x%3A0x1.0000000000000p%2B1,215,3.798,3.16204,3.291973916160095,2.8606505821745607,defined,-0.04542110699214581,sensitivity_only
id:x%3A0x1.0000000000000p%2B1,216,3.816,3.17968,3.049746083839905,2.8606505821745607,defined,0.04542110699214581,sensitivity_only
id:x%3A0x1.0000000000000p%2B1,217,3.834,3.1973200000000004,3.327253916160095,2.8606505821745607,defined,-0.04542110699214581,sensitivity_only
id:x%3A0x1.0000000000000p%2B1,218,3.852,3.21496,3.0850260838399053,2.8606505821745607,defined,0.04542110699214581,sensitivity_only
id:x%3A0x1.0000000000000p%2B1,219,3.87,3.2326,3.362533916160095,2.8606505821745607,defined,-0.04542110699214581,sensitivity_only
id:x%3A0x1.0000000000000p%2B1,220,3.888,3.25024,3.120306083839905,2.8606505821745607,defined,0.04542110699214581,sensitivity_only
id:x%3A0x1.0000000000000p%2B1,221,3.906,3.2678800000000003,3.397813916160095,2.8606505821745607,defined,-0.04542110699214581,sensitivity_only
id:x%3A0x1.0000000000000p%2B1,222,3.924,3.28552,3.1555860838399052,2.8606505821745607,defined,0.04542110699214581,sensitivity_only
id:x%3A0x1.0000000000000p%2B1,223,3.942,3.30316,3.433093916160095,2.8606505821745607,defined,-0.04542110699214581,sensitivity_only
id:x%3A0x1.0000000000000p%2B1,224,3.96,3.3208,3.1908660838399054,2.8606505821745607,defined,0.04542110699214581,sensitivity_only
id:x%3A0x1.0000000000000p%2B1,225,3.978,3.3384400000000003,3.468373916160095,2.8606505821745607,defined,-0.04542110699214581,sensitivity_only
id:x%3A0x1.0000000000000p%2B1,226,3.996,3.35608,3.226146083839905,2.8606505821745607,defined,0.04542110699214581,sensitivity_only
id:x%3A0x1.0000000000000p%2B1,227,4.0,3.3600000000000003,3.489933916160095,2.8606505821745607,defined,-0.04542110699214581,sensitivity_only
id:x%3A0x1.0000000000000p%2B1,228,4.014,3.3737200000000005,3.2437860838399057,2.8606505821745607,defined,0.04542110699214581,sensitivity_only
id:x%3A0x1.0000000000000p%2B1,229,4.032,3.39136,3.521293916160095,2.8606505821745607,defined,-0.04542110699214581,sensitivity_only
id:x%3A0x1.0000000000000p%2B1,230,4.05,3.409,3.279066083839905,2.8606505821745607,defined,0.04542110699214581,sensitivity_only
id:x%3A0x1.0000000000000p%2B1,231,4.068,3.42664,3.5565739161600947,2.8606505821745607,defined,-0.04542110699214581,sensitivity_only
id:x%3A0x1.0000000000000p%2B1,232,4.086,3.4442800000000005,3.3143460838399057,2.8606505821745607,defined,0.04542110699214581,sensitivity_only
id:x%3A0x1.0000000000000p%2B1,233,4.104,3.46192,3.591853916160095,2.8606505821745607,defined,-0.04542110699214581,sensitivity_only
id:x%3A0x1.0000000000000p%2B1,234,4.122,3.47956,3.3496260838399055,2.8606505821745607,defined,0.04542110699214581,sensitivity_only
id:x%3A0x1.0000000000000p%2B1,235,4.14,3.4972,3.6271339161600946,2.8606505821745607,defined,-0.04542110699214581,sensitivity_only
id:x%3A0x1.0000000000000p%2B1,236,4.158,3.5148400000000004,3.3849060838399057,2.8606505821745607,defined,0.04542110699214581,sensitivity_only
id:x%3A0x1.0000000000000p%2B1,237,4.176,3.5324800000000005,3.6624139161600953,2.8606505821745607,defined,-0.04542110699214581,sensitivity_only
id:x%3A0x1.0000000000000p%2B1,238,4.194,3.55012,3.4201860838399054,2.8606505821745607,defined,0.04542110699214581,sensitivity_only
id:x%3A0x1.0000000000000p%2B1,239,4.212,3.56776,3.6976939161600946,2.8606505821745607,defined,-0.04542110699214581,sensitivity_only
id:x%3A0x1.0000000000000p%2B1,240,4.23,3.5854000000000004,3.4554660838399056,2.8606505821745607,defined,0.04542110699214581,sensitivity_only
id:x%3A0x1.0000000000000p%2B1,241,4.248,3.6030400000000005,3.732973916160095,2.8606505821745607,defined,-0.04542110699214581,sensitivity_only
id:x%3A0x1.0000000000000p%2B1,242,4.266,3.62068,3.4907460838399054,2.8606505821745607,defined,0.04542110699214581,sensitivity_only
id:x%3A0x1.0000000000000p%2B1,243,4.284,3.6383199999999998,3.7682539161600945,2.8606505821745607,defined,-0.04542110699214581,sensitivity_only
id:x%3A0x1.0000000000000p%2B1,244,4.302,3.6559599999999994,3.5260260838399047,2.8606505821745607,defined,0.04542110699214581,sensitivity_only
id:x%3A0x1.0000000000000p%2B1,245,4.32,3.6736000000000004,3.803533916160095,2.8606505821745607,defined,-0.04542110699214581,sensitivity_only
id:x%3A0x1.0000000000000p%2B1,246,4.338,3.69124,3.5613060838399053,2.8606505821745607,defined,0.04542110699214581,sensitivity_only
id:x%3A0x1.0000000000000p%2B1,247,4.356,3.7088799999999997,3.8388139161600945,2.8606505821745607,defined,-0.04542110699214581,sensitivity_only
id:x%3A0x1.0000000000000p%2B1,248,4.374,3.72652,3.596586083839905,2.8606505821745607,defined,0.04542110699214581,sensitivity_only
id:x%3A0x1.0000000000000p%2B1,249,4.392,3.7441600000000004,3.874093916160095,2.8606505821745607,defined,-0.04542110699214581,sensitivity_only
id:x%3A0x1.0000000000000p%2B1,250,4.41,3.7618,3.6318660838399053,2.8606505821745607,defined,0.04542110699214581,sensitivity_only
id:x%3A0x1.0000000000000p%2B1,251,4.428,3.77944,3.909373916160095,2.8606505821745607,defined,-0.04542110699214581,sensitivity_only
id:x%3A0x1.0000000000000p%2B1,252,4.446,3.79708,3.667146083839905,2.8606505821745607,defined,0.04542110699214581,sensitivity_only
id:x%3A0x1.0000000000000p%2B1,253,4.464,3.8147200000000003,3.944653916160095,2.8606505821745607,defined,-0.04542110699214581,sensitivity_only
id:x%3A0x1.0000000000000p%2B1,254,4.482,3.8323600000000004,3.7024260838399057,2.8606505821745607,defined,0.04542110699214581,sensitivity_only
id:x%3A0x1.0000000000000p%2B1,255,4.5,3.85,3.979933916160095,2.8606505821745607,defined,-0.04542110699214581,sensitivity_only
id:x%3A0x1.0000000000000p%2B1,256,4.518,3.8676399999999997,3.743893413180862,2.724429125880535,defined,0.04542110699214581,sensitivity_only
id:x%3A0x1.0000000000000p%2B1,257,4.536,3.88528,4.009026586819138,2.724429125880535,defined,-0.04542110699214581,sensitivity_only
id:x%3A0x1.0000000000000p%2B1,258,4.554,3.9029200000000004,3.779173413180862,2.724429125880535,defined,0.04542110699214581,sensitivity_only
id:x%3A0x1.0000000000000p%2B1,259,4.572,3.92056,4.044306586819138,2.724429125880535,defined,-0.04542110699214581,sensitivity_only
id:x%3A0x1.0000000000000p%2B1,260,4.59,3.9382,3.8144534131808623,2.724429125880535,defined,0.04542110699214581,sensitivity_only
id:x%3A0x1.0000000000000p%2B1,261,4.608,3.95584,4.079586586819138,2.724429125880535,defined,-0.04542110699214581,sensitivity_only
id:x%3A0x1.0000000000000p%2B1,262,4.626,3.9734800000000003,3.8497334131808625,2.724429125880535,defined,0.04542110699214581,sensitivity_only
id:x%3A0x1.0000000000000p%2B1,263,4.644,3.9911200000000004,4.114866586819138,2.724429125880535,defined,-0.04542110699214581,sensitivity_only
id:x%3A0x1.0000000000000p%2B1,264,4.662,4.0087600000000005,3.8850134131808627,2.724429125880535,defined,0.04542110699214581,sensitivity_only
id:x%3A0x1.0000000000000p%2B1,265,4.68,4.0264,4.150146586819138,2.724429125880535,defined,-0.04542110699214581,sensitivity_only
id:x%3A0x1.0000000000000p%2B1,266,4.698,4.044040000000001,3.920293413180863,2.724429125880535,defined,0.04542110699214581,sensitivity_only
id:x%3A0x1.0000000000000p%2B1,267,4.716,4.06168,4.185426586819138,2.724429125880535,defined,-0.04542110699214581,sensitivity_only
id:x%3A0x1.0000000000000p%2B1,268,4.734,4.07932,3.955573413180862,2.724429125880535,defined,0.04542110699214581,sensitivity_only
id:x%3A0x1.0000000000000p%2B1,269,4.752,4.09696,4.220706586819138,2.724429125880535,defined,-0.04542110699214581,sensitivity_only
id:x%3A0x1.0000000000000p%2B1,270,4.77,4.114599999999999,3.9908534131808615,2.724429125880535,defined,0.04542110699214581,sensitivity_only
id:x%3A0x1.0000000000000p%2B1,271,4.788,4.13224,4.255986586819138,2.724429125880535,defined,-0.04542110699214581,sensitivity_only
id:x%3A0x1.0000000000000p%2B1,272,4.806,4.1498800000000005,4.026133413180863,2.724429125880535,defined,0.04542110699214581,sensitivity_only
id:x%3A0x1.0000000000000p%2B1,273,4.824,4.16752,4.2912665868191375,2.724429125880535,defined,-0.04542110699214581,sensitivity_only
id:x%3A0x1.0000000000000p%2B1,274,4.842,4.18516,4.061413413180862,2.724429125880535,defined,0.04542110699214581,sensitivity_only
id:x%3A0x1.0000000000000p%2B1,275,4.86,4.2028,4.326546586819138,2.724429125880535,defined,-0.04542110699214581,sensitivity_only
id:x%3A0x1.0000000000000p%2B1,276,4.878,4.22044,4.096693413180862,2.724429125880535,defined,0.04542110699214581,sensitivity_only
id:x%3A0x1.0000000000000p%2B1,277,4.896,4.23808,4.361826586819138,2.724429125880535,defined,-0.04542110699214581,sensitivity_only
id:x%3A0x1.0000000000000p%2B1,278,4.914,4.25572,4.131973413180862,2.724429125880535,defined,0.04542110699214581,sensitivity_only
id:x%3A0x1.0000000000000p%2B1,279,4.932,4.27336,4.397106586819138,2.724429125880535,defined,-0.04542110699214581,sensitivity_only
id:x%3A0x1.0000000000000p%2B1,280,4.95,4.291,4.1672534131808625,2.724429125880535,defined,0.04542110699214581,sensitivity_only
id:x%3A0x1.0000000000000p%2B1,281,4.968,4.3086400000000005,4.432386586819138,2.724429125880535,defined,-0.04542110699214581,sensitivity_only
id:x%3A0x1.0000000000000p%2B1,282,4.986,4.32628,4.202533413180862,2.724429125880535,defined,0.04542110699214581,sensitivity_only
id:x%3A0x1.0000000000000p%2B1,283,5.0,4.34,4.463746586819138,2.724429125880535,defined,-0.04542110699214581,sensitivity_only
id:x%3A0x1.0000000000000p%2B1,284,5.004,4.34392,4.220173413180862,2.724429125880535,defined,0.04542110699214581,sensitivity_only
id:x%3A0x1.0000000000000p%2B1,285,5.022,4.361560000000001,4.485306586819139,2.724429125880535,defined,-0.04542110699214581,sensitivity_only
id:x%3A0x1.0000000000000p%2B1,286,5.04,4.3792,4.255453413180862,2.724429125880535,defined,0.04542110699214581,sensitivity_only
id:x%3A0x1.0000000000000p%2B1,287,5.058,4.39684,4.520586586819138,2.724429125880535,defined,-0.04542110699214581,sensitivity_only
id:x%3A0x1.0000000000000p%2B1,288,5.076,4.414479999999999,4.290733413180861,2.724429125880535,defined,0.04542110699214581,sensitivity_only
id:x%3A0x1.0000000000000p%2B1,289,5.094,4.43212,4.555866586819138,2.724429125880535,defined,-0.04542110699214581,sensitivity_only
id:x%3A0x1.0000000000000p%2B1,290,5.112,4.44976,4.3260134131808625,2.724429125880535,defined,0.04542110699214581,sensitivity_only
id:x%3A0x1.0000000000000p%2B1,291,5.13,4.4674,4.5911465868191375,2.724429125880535,defined,-0.04542110699214581,sensitivity_only
id:x%3A0x1.0000000000000p%2B1,292,5.148,4.48504,4.361293413180862,2.724429125880535,defined,0.04542110699214581,sensitivity_only
id:x%3A0x1.0000000000000p%2B1,293,5.166,4.502680000000001,4.6264265868191385,2.724429125880535,defined,-0.04542110699214581,sensitivity_only
id:x%3A0x1.0000000000000p%2B1,294,5.184,4.52032,4.396573413180862,2.724429125880535,defined,0.04542110699214581,sensitivity_only
id:x%3A0x1.0000000000000p%2B1,295,5.202,4.53796,4.661706586819138,2.724429125880535,defined,-0.04542110699214581,sensitivity_only
id:x%3A0x1.0000000000000p%2B1,296,5.22,4.5556,4.431853413180862,2.724429125880535,defined,0.04542110699214581,sensitivity_only
id:x%3A0x1.0000000000000p%2B1,297,5.238,4.57324,4.696986586819138,2.724429125880535,defined,-0.04542110699214581,sensitivity_only
id:x%3A0x1.0000000000000p%2B1,298,5.256,4.59088,4.467133413180862,2.724429125880535,defined,0.04542110699214581,sensitivity_only
id:x%3A0x1.0000000000000p%2B1,299,5.274,4.60852,4.732266586819138,2.724429125880535,defined,-0.04542110699214581,sensitivity_only
id:x%3A0x1.0000000000000p%2B1,300,5.292,4.62616,4.502413413180862,2.724429125880535,defined,0.04542110699214581,sensitivity_only
id:x%3A0x1.0000000000000p%2B1,301,5.31,4.6438,4.767546586819138,2.724429125880535,defined,-0.04542110699214581,sensitivity_only
id:x%3A0x1.0000000000000p%2B1,302,5.328,4.661440000000001,4.537693413180863,2.724429125880535,defined,0.04542110699214581,sensitivity_only
id:x%3A0x1.0000000000000p%2B1,303,5.346,4.67908,4.802826586819138,2.724429125880535,defined,-0.04542110699214581,sensitivity_only
id:x%3A0x1.0000000000000p%2B1,304,5.364,4.69672,4.572973413180862,2.724429125880535,defined,0.04542110699214581,sensitivity_only
id:x%3A0x1.0000000000000p%2B1,305,5.382,4.714359999999999,4.838106586819137,2.724429125880535,defined,-0.04542110699214581,sensitivity_only
id:x%3A0x1.0000000000000p%2B1,306,5.4,4.732,4.608253413180862,2.724429125880535,defined,0.04542110699214581,sensitivity_only
id:x%3A0x1.0000000000000p%2B1,307,5.418,4.74964,4.873386586819138,2.724429125880535,defined,-0.04542110699214581,sensitivity_only
id:x%3A0x1.0000000000000p%2B1,308,5.436,4.7672799999999995,4.643533413180862,2.724429125880535,defined,0.04542110699214581,sensitivity_only
id:x%3A0x1.0000000000000p%2B1,309,5.454,4.78492,4.9086665868191375,2.724429125880535,defined,-0.04542110699214581,sensitivity_only
id:x%3A0x1.0000000000000p%2B1,310,5.472,4.802560000000001,4.678813413180863,2.724429125880535,defined,0.04542110699214581,sensitivity_only
id:x%3A0x1.0000000000000p%2B1,311,5.49,4.8202,4.943946586819138,2.724429125880535,defined,-0.04542110699214581,sensitivity_only
id:x%3A0x1.0000000000000p%2B1,312,5.508,4.83784,4.714093413180862,2.7244291258805333,defined,0.04542110699214581,sensitivity_only
id:x%3A0x1.0000000000000p%2B1,313,5.526,4.85548,4.979226586819138,2.7244291258805333,defined,-0.04542110699214581,sensitivity_only
id:x%3A0x1.0000000000000p%2B1,314,5.544,4.87312,4.749373413180862,2.7244291258805333,defined,0.04542110699214581,sensitivity_only
id:x%3A0x1.0000000000000p%2B1,315,5.562,4.89076,5.014506586819138,2.7244291258805333,defined,-0.04542110699214581,sensitivity_only
id:x%3A0x1.0000000000000p%2B1,316,5.58,4.9084,4.7846534131808625,2.7244291258805333,defined,0.04542110699214581,sensitivity_only
id:x%3A0x1.0000000000000p%2B1,317,5.598,4.92604,5.049786586819138,2.7244291258805333,defined,-0.04542110699214581,sensitivity_only
id:x%3A0x1.0000000000000p%2B1,318,5.616,4.94368,4.819933413180862,2.7244291258805333,defined,0.04542110699214581,sensitivity_only
id:x%3A0x1.0000000000000p%2B1,319,5.634,4.961320000000001,5.0850665868191385,2.7244291258805333,defined,-0.04542110699214581,sensitivity_only
id:x%3A0x1.0000000000000p%2B1,320,5.652,4.978960000000001,4.855213413180863,2.7244291258805333,defined,0.04542110699214581,sensitivity_only
id:x%3A0x1.0000000000000p%2B1,321,5.67,4.9966,5.120346586819138,2.7244291258805333,defined,-0.04542110699214581,sensitivity_only
id:x%3A0x1.0000000000000p%2B1,322,5.688,5.014239999999999,4.890493413180861,2.7244291258805333,defined,0.04542110699214581,sensitivity_only
id:x%3A0x1.0000000000000p%2B1,323,5.706,5.031880000000001,5.155626586819139,2.7244291258805333,defined,-0.04542110699214581,sensitivity_only
id:x%3A0x1.0000000000000p%2B1,324,5.724,5.04952,4.925773413180862,2.7244291258805333,defined,0.04542110699214581,sensitivity_only
id:x%3A0x1.0000000000000p%2B1,325,5.742,5.067159999999999,5.190906586819137,2.7244291258805333,defined,-0.04542110699214581,sensitivity_only
id:x%3A0x1.0000000000000p%2B1,326,5.76,5.0847999999999995,4.961053413180862,2.7244291258805333,defined,0.04542110699214581,sensitivity_only
id:x%3A0x1.0000000000000p%2B1,327,5.778,5.10244,5.2261865868191375,2.7244291258805333,defined,-0.04542110699214581,sensitivity_only
id:x%3A0x1.0000000000000p%2B1,328,5.796,5.12008,4.996333413180862,2.7244291258805333,defined,0.04542110699214581,sensitivity_only
id:x%3A0x1.0000000000000p%2B1,329,5.814,5.13772,5.261466586819138,2.7244291258805333,defined,-0.04542110699214581,sensitivity_only
id:x%3A0x1.0000000000000p%2B1,330,5.832,5.15536,5.031613413180862,2.7244291258805333,defined,0.04542110699214581,sensitivity_only
id:x%3A0x1.0000000000000p%2B1,331,5.85,5.173,5.296746586819138,2.7244291258805333,defined,-0.04542110699214581,sensitivity_only
id:x%3A0x1.0000000000000p%2B1,332,5.868,5.19064,5.066893413180862,2.7244291258805333,defined,0.04542110699214581,sensitivity_only
id:x%3A0x1.0000000000000p%2B1,333,5.886,5.20828,5.332026586819138,2.7244291258805333,defined,-0.04542110699214581,sensitivity_only
id:x%3A0x1.0000000000000p%2B1,334,5.904,5.22592,5.1021734131808625,2.7244291258805333,defined,0.04542110699214581,sensitivity_only
id:x%3A0x1.0000000000000p%2B1,335,5.922,5.24356,5.367306586819138,2.7244291258805333,defined,-0.04542110699214581,sensitivity_only
id:x%3A0x1.0000000000000p%2B1,336,5.94,5.2612000000000005,5.137453413180863,2.7244291258805333,defined,0.04542110699214581,sensitivity_only
id:x%3A0x1.0000000000000p%2B1,337,5.958,5.278840000000001,5.4025865868191385,2.7244291258805333,defined,-0.04542110699214581,sensitivity_only
id:x%3A0x1.0000000000000p%2B1,338,5.976,5.29648,5.172733413180862,2.7244291258805333,defined,0.04542110699214581,sensitivity_only
id:x%3A0x1.0000000000000p%2B1,339,5.994,5.31412,5.437866586819138,2.7244291258805333,defined,-0.04542110699214581,sensitivity_only
id:x%3A0x1.0000000000000p%2B1,340,6.0,5.32,5.196253413180862,2.7244291258805333,defined,0.04542110699214581,sensitivity_only
id:x%3A0x1.0000000000000p%2B1,341,6.012,5.331759999999999,5.455506586819137,2.7244291258805333,defined,-0.04542110699214581,sensitivity_only
id:x%3A0x1.0000000000000p%2B1,342,6.03,5.3494,5.225653413180862,2.7244291258805333,defined,0.04542110699214581,sensitivity_only
id:x%3A0x1.0000000000000p%2B1,343,6.048,5.36704,5.490786586819138,2.7244291258805333,defined,-0.04542110699214581,sensitivity_only
id:x%3A0x1.0000000000000p%2B1,344,6.066,5.3846799999999995,5.260933413180862,2.7244291258805333,defined,0.04542110699214581,sensitivity_only
id:x%3A0x1.0000000000000p%2B1,345,6.084,5.40232,5.526066586819137,2.7244291258805333,defined,-0.04542110699214581,sensitivity_only
id:x%3A0x1.0000000000000p%2B1,346,6.102,5.4199600000000006,5.296213413180863,2.7244291258805333,defined,0.04542110699214581,sensitivity_only
id:x%3A0x1.0000000000000p%2B1,347,6.12,5.4376,5.561346586819138,2.7244291258805333,defined,-0.04542110699214581,sensitivity_only
id:x%3A0x1.0000000000000p%2B1,348,6.138,5.45524,5.331493413180862,2.7244291258805333,defined,0.04542110699214581,sensitivity_only
id:x%3A0x1.0000000000000p%2B1,349,6.156,5.47288,5.596626586819138,2.7244291258805333,defined,-0.04542110699214581,sensitivity_only
id:x%3A0x1.0000000000000p%2B1,350,6.174,5.49052,5.366773413180862,2.7244291258805333,defined,0.04542110699214581,sensitivity_only
id:x%3A0x1.0000000000000p%2B1,351,6.192,5.50816,5.631906586819138,2.7244291258805333,defined,-0.04542110699214581,sensitivity_only
id:x%3A0x1.0000000000000p%2B1,352,6.21,5.5258,5.402053413180862,2.7244291258805333,defined,0.04542110699214581,sensitivity_only
id:x%3A0x1.0000000000000p%2B1,353,6.228,5.54344,5.667186586819138,2.7244291258805333,defined,-0.04542110699214581,sensitivity_only
id:x%3A0x1.0000000000000p%2B1,354,6.246,5.5610800000000005,5.437333413180863,2.7244291258805333,defined,0.04542110699214581,sensitivity_only
id:x%3A0x1.0000000000000p%2B1,355,6.264,5.578720000000001,5.702466586819138,2.7244291258805333,defined,-0.04542110699214581,sensitivity_only
id:x%3A0x1.0000000000000p%2B1,356,6.282,5.596360000000001,5.472613413180863,2.7244291258805333,defined,0.04542110699214581,sensitivity_only
id:x%3A0x1.0000000000000p%2B1,357,6.3,5.614,5.737746586819138,2.7244291258805333,defined,-0.04542110699214581,sensitivity_only
id:x%3A0x1.0000000000000p%2B1,358,6.318,5.631639999999999,5.507893413180861,2.7244291258805333,defined,0.04542110699214581,sensitivity_only
id:x%3A0x1.0000000000000p%2B1,359,6.336,5.649280000000001,5.773026586819139,2.7244291258805333,defined,-0.04542110699214581,sensitivity_only
id:x%3A0x1.0000000000000p%2B1,360,6.354,5.66692,5.543173413180862,2.7244291258805333,defined,0.04542110699214581,sensitivity_only
id:x%3A0x1.0000000000000p%2B1,361,6.372,5.684559999999999,5.808306586819137,2.7244291258805333,defined,-0.04542110699214581,sensitivity_only
id:x%3A0x1.0000000000000p%2B1,362,6.39,5.7021999999999995,5.578453413180862,2.7244291258805333,defined,0.04542110699214581,sensitivity_only
id:x%3A0x1.0000000000000p%2B1,363,6.408,5.7198400000000005,5.843586586819138,2.7244291258805333,defined,-0.04542110699214581,sensitivity_only
id:x%3A0x1.0000000000000p%2B1,364,6.426,5.73748,5.613733413180862,2.7244291258805333,defined,0.04542110699214581,sensitivity_only
id:x%3A0x1.0000000000000p%2B1,365,6.444,5.75512,5.878866586819138,2.7244291258805333,defined,-0.04542110699214581,sensitivity_only
id:x%3A0x1.0000000000000p%2B1,366,6.462,5.77276,5.649013413180862,2.7244291258805333,defined,0.04542110699214581,sensitivity_only
id:x%3A0x1.0000000000000p%2B1,367,6.48,5.7904,5.914146586819138,2.7244291258805333,defined,-0.04542110699214581,sensitivity_only
id:x%3A0x1.0000000000000p%2B1,368,6.498,5.80804,5.684293413180862,2.7244291258805333,defined,0.04542110699214581,sensitivity_only
id:x%3A0x1.0000000000000p%2B1,369,6.516,5.82568,5.949426586819138,2.7244291258805333,defined,-0.04542110699214581,sensitivity_only
id:x%3A0x1.0000000000000p%2B1,370,6.534,5.84332,5.719573413180862,2.7244291258805333,defined,0.04542110699214581,sensitivity_only
id:x%3A0x1.0000000000000p%2B1,371,6.552,5.8609599999999995,5.984706586819137,2.7244291258805333,defined,-0.04542110699214581,sensitivity_only
id:x%3A0x1.0000000000000p%2B1,372,6.57,5.8786000000000005,5.754853413180863,2.7244291258805333,defined,0.04542110699214581,sensitivity_only
id:x%3A0x1.0000000000000p%2B1,373,6.588,5.896240000000001,6.0199865868191385,2.7244291258805333,defined,-0.04542110699214581,sensitivity_only
id:x%3A0x1.0000000000000p%2B1,374,6.606,5.91388,5.790133413180862,2.7244291258805333,defined,0.04542110699214581,sensitivity_only
id:x%3A0x1.0000000000000p%2B1,375,6.624,5.93152,6.055266586819138,2.7244291258805333,defined,-0.04542110699214581,sensitivity_only
id:x%3A0x1.0000000000000p%2B1,376,6.642,5.949160000000001,5.825413413180863,2.7244291258805333,defined,0.04542110699214581,sensitivity_only
id:x%3A0x1.0000000000000p%2B1,377,6.66,5.9668,6.090546586819138,2.7244291258805333,defined,-0.04542110699214581,sensitivity_only
id:x%3A0x1.0000000000000p%2B1,378,6.678,5.98444,5.860693413180862,2.7244291258805333,defined,0.04542110699214581,sensitivity_only
id:x%3A0x1.0000000000000p%2B1,379,6.696,6.002079999999999,6.125826586819137,2.7244291258805333,defined,-0.04542110699214581,sensitivity_only
id:x%3A0x1.0000000000000p%2B1,380,6.714,6.01972,5.8959734131808625,2.7244291258805333,defined,0.04542110699214581,sensitivity_only
id:x%3A0x1.0000000000000p%2B1,381,6.732,6.03736,6.1611065868191375,2.7244291258805333,defined,-0.04542110699214581,sensitivity_only
id:x%3A0x1.0000000000000p%2B1,382,6.75,6.055,5.931253413180862,2.7244291258805333,defined,0.04542110699214581,sensitivity_only
id:x%3A0x1.0000000000000p%2B1,383,6.768,6.07264,6.196386586819138,2.7244291258805333,defined,-0.04542110699214581,sensitivity_only
id:x%3A0x1.0000000000000p%2B1,384,6.786,6.09028,5.966533413180862,2.7244291258805333,defined,0.04542110699214581,sensitivity_only
id:x%3A0x1.0000000000000p%2B1,385,6.804,6.10792,6.231666586819138,2.7244291258805333,defined,-0.04542110699214581,sensitivity_only
id:x%3A0x1.0000000000000p%2B1,386,6.822,6.12556,6.001813413180862,2.7244291258805333,defined,0.04542110699214581,sensitivity_only
id:x%3A0x1.0000000000000p%2B1,387,6.84,6.1432,6.266946586819138,2.7244291258805333,defined,-0.04542110699214581,sensitivity_only
id:x%3A0x1.0000000000000p%2B1,388,6.858,6.16084,6.0370934131808625,2.7244291258805333,defined,0.04542110699214581,sensitivity_only
id:x%3A0x1.0000000000000p%2B1,389,6.876,6.17848,6.302226586819138,2.7244291258805333,defined,-0.04542110699214581,sensitivity_only
id:x%3A0x1.0000000000000p%2B1,390,6.894,6.1961200000000005,6.072373413180863,2.7244291258805333,defined,0.04542110699214581,sensitivity_only
id:x%3A0x1.0000000000000p%2B1,391,6.912,6.213760000000001,6.3375065868191385,2.7244291258805333,defined,-0.04542110699214581,sensitivity_only
id:x%3A0x1.0000000000000p%2B1,392,6.93,6.2314,6.107653413180862,2.7244291258805333,defined,0.04542110699214581,sensitivity_only
id:x%3A0x1.0000000000000p%2B1,393,6.948,6.249040000000001,6.372786586819139,2.7244291258805333,defined,-0.04542110699214581,sensitivity_only
id:x%3A0x1.0000000000000p%2B1,394,6.966,6.26668,6.142933413180862,2.7244291258805333,defined,0.04542110699214581,sensitivity_only
id:x%3A0x1.0000000000000p%2B1,395,6.984,6.28432,6.408066586819138,2.7244291258805333,defined,-0.04542110699214581,sensitivity_only
id:x%3A0x1.0000000000000p%2B1,396,7.0,6.3,6.176253413180862,2.7244291258805333,defined,0.04542110699214581,sensitivity_only
id:x%3A0x1.0000000000000p%2B1,397,7.002,6.301959999999999,6.425706586819137,2.7244291258805333,defined,-0.04542110699214581,sensitivity_only
id:x%3A0x1.0000000000000p%2B1,398,7.02,6.319599999999999,6.195853413180862,2.7244291258805333,defined,0.04542110699214581,sensitivity_only
id:x%3A0x1.0000000000000p%2B1,399,7.038,6.33724,6.460986586819138,2.7244291258805333,defined,-0.04542110699214581,sensitivity_only
id:x%3A0x1.0000000000000p%2B1,400,7.056,6.35488,6.231133413180862,2.7244291258805333,defined,0.04542110699214581,sensitivity_only
id:x%3A0x1.0000000000000p%2B1,401,7.074,6.37252,6.496266586819138,2.7244291258805333,defined,-0.04542110699214581,sensitivity_only
id:x%3A0x1.0000000000000p%2B1,402,7.092,6.39016,6.266413413180862,2.7244291258805333,defined,0.04542110699214581,sensitivity_only
id:x%3A0x1.0000000000000p%2B1,403,7.11,6.4078,6.531546586819138,2.7244291258805333,defined,-0.04542110699214581,sensitivity_only
id:x%3A0x1.0000000000000p%2B1,404,7.128,6.42544,6.301693413180862,2.7244291258805333,defined,0.04542110699214581,sensitivity_only
id:x%3A0x1.0000000000000p%2B1,405,7.146,6.44308,6.566826586819138,2.7244291258805333,defined,-0.04542110699214581,sensitivity_only
id:x%3A0x1.0000000000000p%2B1,406,7.164,6.46072,6.336973413180862,2.7244291258805333,defined,0.04542110699214581,sensitivity_only
id:x%3A0x1.0000000000000p%2B1,407,7.182,6.47836,6.602106586819138,2.7244291258805333,defined,-0.04542110699214581,sensitivity_only
id:x%3A0x1.0000000000000p%2B1,408,7.2,6.496,6.372253413180863,2.7244291258805333,defined,0.04542110699214581,sensitivity_only
id:x%3A0x1.0000000000000p%2B1,409,7.218,6.5136400000000005,6.637386586819138,2.7244291258805333,defined,-0.04542110699214581,sensitivity_only
id:x%3A0x1.0000000000000p%2B1,410,7.236,6.53128,6.407533413180862,2.7244291258805333,defined,0.04542110699214581,sensitivity_only
id:x%3A0x1.0000000000000p%2B1,411,7.254,6.548919999999999,6.672666586819137,2.7244291258805333,defined,-0.04542110699214581,sensitivity_only
id:x%3A0x1.0000000000000p%2B1,412,7.272,6.566560000000001,6.442813413180863,2.7244291258805333,defined,0.04542110699214581,sensitivity_only
id:x%3A0x1.0000000000000p%2B1,413,7.29,6.5842,6.707946586819138,2.7244291258805333,defined,-0.04542110699214581,sensitivity_only
id:x%3A0x1.0000000000000p%2B1,414,7.308,6.601839999999999,6.478093413180861,2.7244291258805333,defined,0.04542110699214581,sensitivity_only
id:x%3A0x1.0000000000000p%2B1,415,7.326,6.619479999999999,6.743226586819137,2.7244291258805333,defined,-0.04542110699214581,sensitivity_only
id:x%3A0x1.0000000000000p%2B1,416,7.344,6.63712,6.5133734131808625,2.7244291258805333,defined,0.04542110699214581,sensitivity_only
id:x%3A0x1.0000000000000p%2B1,417,7.362,6.65476,6.778506586819137,2.7244291258805333,defined,-0.04542110699214581,sensitivity_only
id:x%3A0x1.0000000000000p%2B1,418,7.38,6.6724,6.548653413180862,2.7244291258805333,defined,0.04542110699214581,sensitivity_only
id:x%3A0x1.0000000000000p%2B1,419,7.398,6.69004,6.813786586819138,2.7244291258805333,defined,-0.04542110699214581,sensitivity_only
id:x%3A0x1.0000000000000p%2B1,420,7.416,6.70768,6.583933413180862,2.7244291258805333,defined,0.04542110699214581,sensitivity_only
id:x%3A0x1.0000000000000p%2B1,421,7.434,6.72532,6.849066586819138,2.7244291258805333,defined,-0.04542110699214581,sensitivity_only
id:x%3A0x1.0000000000000p%2B1,422,7.452,6.74296,6.619213413180862,2.7244291258805333,defined,0.04542110699214581,sensitivity_only
id:x%3A0x1.0000000000000p%2B1,423,7.47,6.7606,6.884346586819138,2.7244291258805333,defined,-0.04542110699214581,sensitivity_only
id:x%3A0x1.0000000000000p%2B1,424,7.488,6.77824,6.654493413180862,2.7244291258805333,defined,0.04542110699214581,sensitivity_only
id:x%3A0x1.0000000000000p%2B1,425,7.506,6.79588,6.919626586819138,2.7244291258805333,defined,-0.04542110699214581,sensitivity_only
id:x%3A0x1.0000000000000p%2B1,426,7.524,6.8135200000000005,6.689773413180863,2.7244291258805333,defined,0.04542110699214581,sensitivity_only
id:x%3A0x1.0000000000000p%2B1,427,7.542,6.83116,6.9549065868191375,2.7244291258805333,defined,-0.04542110699214581,sensitivity_only
id:x%3A0x1.0000000000000p%2B1,428,7.56,6.8488,6.725053413180862,2.7244291258805333,defined,0.04542110699214581,sensitivity_only
id:x%3A0x1.0000000000000p%2B1,429,7.578,6.866440000000001,6.990186586819139,2.7244291258805333,defined,-0.04542110699214581,sensitivity_only
id:x%3A0x1.0000000000000p%2B1,430,7.596,6.88408,6.760333413180862,2.7244291258805333,defined,0.04542110699214581,sensitivity_only
id:x%3A0x1.0000000000000p%2B1,431,7.614,6.90172,7.025466586819138,2.7244291258805333,defined,-0.04542110699214581,sensitivity_only
id:x%3A0x1.0000000000000p%2B1,432,7.632,6.919359999999999,6.795613413180861,2.7244291258805333,defined,0.04542110699214581,sensitivity_only
id:x%3A0x1.0000000000000p%2B1,433,7.65,6.937,7.060746586819138,2.7244291258805333,defined,-0.04542110699214581,sensitivity_only
id:x%3A0x1.0000000000000p%2B1,434,7.668,6.95464,6.8308934131808625,2.7244291258805333,defined,0.04542110699214581,sensitivity_only
id:x%3A0x1.0000000000000p%2B1,435,7.686,6.97228,7.0960265868191374,2.7244291258805333,defined,-0.04542110699214581,sensitivity_only
id:x%3A0x1.0000000000000p%2B1,436,7.704,6.98992,6.866173413180862,2.7244291258805333,defined,0.04542110699214581,sensitivity_only
id:x%3A0x1.0000000000000p%2B1,437,7.722,7.007560000000001,7.1313065868191385,2.7244291258805333,defined,-0.04542110699214581,sensitivity_only
id:x%3A0x1.0000000000000p%2B1,438,7.74,7.0252,6.901453413180862,2.7244291258805333,defined,0.04542110699214581,sensitivity_only
id:x%3A0x1.0000000000000p%2B1,439,7.758,7.04284,7.166586586819138,2.7244291258805333,defined,-0.04542110699214581,sensitivity_only
id:x%3A0x1.0000000000000p%2B1,440,7.776,7.06048,6.936733413180862,2.7244291258805333,defined,0.04542110699214581,sensitivity_only
id:x%3A0x1.0000000000000p%2B1,441,7.794,7.078119999999999,7.201866586819137,2.7244291258805333,defined,-0.04542110699214581,sensitivity_only
id:x%3A0x1.0000000000000p%2B1,442,7.812,7.09576,6.972013413180862,2.7244291258805333,defined,0.04542110699214581,sensitivity_only
id:x%3A0x1.0000000000000p%2B1,443,7.83,7.1134,7.237146586819138,2.7244291258805333,defined,-0.04542110699214581,sensitivity_only
id:x%3A0x1.0000000000000p%2B1,444,7.848,7.13104,7.007293413180862,2.7244291258805333,defined,0.04542110699214581,sensitivity_only
id:x%3A0x1.0000000000000p%2B1,445,7.866,7.14868,7.272426586819138,2.7244291258805333,defined,-0.04542110699214581,sensitivity_only
id:x%3A0x1.0000000000000p%2B1,446,7.884,7.166320000000001,7.042573413180863,2.7244291258805333,defined,0.04542110699214581,sensitivity_only
id:x%3A0x1.0000000000000p%2B1,447,7.902,7.18396,7.307706586819138,2.7244291258805333,defined,-0.04542110699214581,sensitivity_only
id:x%3A0x1.0000000000000p%2B1,448,7.92,7.2016,7.077853413180862,2.7244291258805333,defined,0.04542110699214581,sensitivity_only
id:x%3A0x1.0000000000000p%2B1,449,7.938,7.21924,7.342986586819138,2.7244291258805333,defined,-0.04542110699214581,sensitivity_only
id:x%3A0x1.0000000000000p%2B1,450,7.956,7.23688,7.113133413180862,2.7244291258805333,defined,0.04542110699214581,sensitivity_only
id:x%3A0x1.0000000000000p%2B1,451,7.974,7.25452,7.378266586819138,2.7244291258805333,defined,-0.04542110699214581,sensitivity_only
id:x%3A0x1.0000000000000p%2B1,452,7.992,7.27216,7.1484134131808625,2.7244291258805333,defined,0.04542110699214581,sensitivity_only
id:x%3A0x1.0000000000000p%2B1,453,8.0,7.28,7.403746586819138,2.7244291258805333,defined,-0.04542110699214581,sensitivity_only
id:x%3A0x1.0000000000000p%2B1,454,8.01,7.2898,7.166053413180862,2.7244291258805333,defined,0.04542110699214581,sensitivity_only
id:x%3A0x1.0000000000000p%2B1,455,8.028,7.307440000000001,7.4311865868191385,2.7244291258805333,defined,-0.04542110699214581,sensitivity_only
id:x%3A0x1.0000000000000p%2B1,456,8.046,7.32508,7.201333413180862,2.7244291258805333,defined,0.04542110699214581,sensitivity_only
id:x%3A0x1.0000000000000p%2B1,457,8.064,7.34272,7.466466586819138,2.7244291258805333,defined,-0.04542110699214581,sensitivity_only
id:x%3A0x1.0000000000000p%2B1,458,8.082,7.360360000000001,7.236613413180863,2.7244291258805333,defined,0.04542110699214581,sensitivity_only
id:x%3A0x1.0000000000000p%2B1,459,8.1,7.378,7.501746586819138,2.7244291258805333,defined,-0.04542110699214581,sensitivity_only
id:x%3A0x1.0000000000000p%2B1,460,8.118,7.39564,7.271893413180862,2.7244291258805333,defined,0.04542110699214581,sensitivity_only
id:x%3A0x1.0000000000000p%2B1,461,8.136,7.413279999999999,7.537026586819137,2.7244291258805333,defined,-0.04542110699214581,sensitivity_only
id:x%3A0x1.0000000000000p%2B1,462,8.154,7.4309199999999995,7.307173413180862,2.7244291258805333,defined,0.04542110699214581,sensitivity_only
id:x%3A0x1.0000000000000p%2B1,463,8.172,7.4485600000000005,7.572306586819138,2.7244291258805333,defined,-0.04542110699214581,sensitivity_only
id:x%3A0x1.0000000000000p%2B1,464,8.19,7.4662,7.342453413180862,2.7244291258805333,defined,0.04542110699214581,sensitivity_only
id:x%3A0x1.0000000000000p%2B1,465,8.208,7.48384,7.607586586819138,2.7244291258805333,defined,-0.04542110699214581,sensitivity_only
id:x%3A0x1.0000000000000p%2B1,466,8.226,7.501480000000001,7.377733413180863,2.7244291258805333,defined,0.04542110699214581,sensitivity_only
id:x%3A0x1.0000000000000p%2B1,467,8.244,7.51912,7.642866586819138,2.7244291258805333,defined,-0.04542110699214581,sensitivity_only
id:x%3A0x1.0000000000000p%2B1,468,8.262,7.53676,7.413013413180862,2.7244291258805333,defined,0.04542110699214581,sensitivity_only
id:x%3A0x1.0000000000000p%2B1,469,8.28,7.554399999999999,7.678146586819137,2.7244291258805333,defined,-0.04542110699214581,sensitivity_only
id:x%3A0x1.0000000000000p%2B1,470,8.298,7.57204,7.4482934131808625,2.7244291258805333,defined,0.04542110699214581,sensitivity_only
id:x%3A0x1.0000000000000p%2B1,471,8.316,7.58968,7.713426586819138,2.7244291258805333,defined,-0.04542110699214581,sensitivity_only
id:x%3A0x1.0000000000000p%2B1,472,8.334,7.60732,7.483573413180862,2.7244291258805333,defined,0.04542110699214581,sensitivity_only
id:x%3A0x1.0000000000000p%2B1,473,8.352,7.624960000000001,7.7487065868191385,2.7244291258805333,defined,-0.04542110699214581,sensitivity_only
id:x%3A0x1.0000000000000p%2B1,474,8.37,7.642599999999999,7.518853413180861,2.7244291258805333,defined,0.04542110699214581,sensitivity_only
id:x%3A0x1.0000000000000p%2B1,475,8.388,7.66024,7.783986586819138,2.7244291258805333,defined,-0.04542110699214581,sensitivity_only
id:x%3A0x1.0000000000000p%2B1,476,8.406,7.677880000000001,7.554133413180863,2.7244291258805333,defined,0.04542110699214581,sensitivity_only
id:x%3A0x1.0000000000000p%2B1,477,8.424,7.695519999999999,7.819266586819137,2.7244291258805333,defined,-0.04542110699214581,sensitivity_only
id:x%3A0x1.0000000000000p%2B1,478,8.442,7.71316,7.589413413180862,2.7244291258805333,defined,0.04542110699214581,sensitivity_only
id:x%3A0x1.0000000000000p%2B1,479,8.46,7.730800000000001,7.854546586819139,2.7244291258805333,defined,-0.04542110699214581,sensitivity_only
id:x%3A0x1.0000000000000p%2B1,480,8.478,7.7484399999999996,7.624693413180862,2.7244291258805333,defined,0.04542110699214581,sensitivity_only
id:x%3A0x1.0000000000000p%2B1,481,8.496,7.7660800000000005,7.889826586819138,2.7244291258805333,defined,-0.04542110699214581,sensitivity_only
id:x%3A0x1.0000000000000p%2B1,482,8.514,7.78372,7.6847227305446895,2.179543300704428,defined,0.04542110699214581,sensitivity_only
id:x%3A0x1.0000000000000p%2B1,483,8.532,7.80136,7.90035726945531,2.179543300704428,defined,-0.04542110699214581,sensitivity_only
id:x%3A0x1.0000000000000p%2B1,484,8.55,7.819000000000001,7.7200027305446906,2.179543300704428,defined,0.04542110699214581,sensitivity_only
id:x%3A0x1.0000000000000p%2B1,485,8.568,7.83664,7.93563726945531,2.179543300704428,defined,-0.04542110699214581,sensitivity_only
id:x%3A0x1.0000000000000p%2B1,486,8.586,7.85428,7.75528273054469,2.179543300704428,defined,0.04542110699214581,sensitivity_only
id:x%3A0x1.0000000000000p%2B1,487,8.604,7.871919999999999,7.97091726945531,2.179543300704428,defined,-0.04542110699214581,sensitivity_only
id:x%3A0x1.0000000000000p%2B1,488,8.622,7.8895599999999995,7.790562730544689,2.179543300704428,defined,0.04542110699214581,sensitivity_only
id:x%3A0x1.0000000000000p%2B1,489,8.64,7.9072000000000005,8.006197269455312,2.179543300704428,defined,-0.04542110699214581,sensitivity_only
id:x%3A0x1.0000000000000p%2B1,490,8.658,7.92484,7.825842730544689,2.179543300704428,defined,0.04542110699214581,sensitivity_only
id:x%3A0x1.0000000000000p%2B1,491,8.676,7.94248,8.04147726945531,2.179543300704428,defined,-0.04542110699214581,sensitivity_only
id:x%3A0x1.0000000000000p%2B1,492,8.694,7.960120000000001,7.8611227305446905,2.179543300704428,defined,0.04542110699214581,sensitivity_only
id:x%3A0x1.0000000000000p%2B1,493,8.712,7.97776,8.07675726945531,2.179543300704428,defined,-0.04542110699214581,sensitivity_only
id:x%3A0x1.0000000000000p%2B1,494,8.73,7.9954,7.89640273054469,2.179543300704428,defined,0.04542110699214581,sensitivity_only
id:x%3A0x1.0000000000000p%2B1,495,8.748,8.01304,8.11203726945531,2.179543300704428,defined,-0.04542110699214581,sensitivity_only
id:x%3A0x1.0000000000000p%2B1,496,8.766,8.03068,7.93168273054469,2.179543300704428,defined,0.04542110699214581,sensitivity_only
id:x%3A0x1.0000000000000p%2B1,497,8.784,8.04832,8.14731726945531,2.179543300704428,defined,-0.04542110699214581,sensitivity_only
id:x%3A0x1.0000000000000p%2B1,498,8.802,8.06596,7.96696273054469,2.179543300704428,defined,0.04542110699214581,sensitivity_only
id:x%3A0x1.0000000000000p%2B1,499,8.82,8.0836,8.18259726945531,2.179543300704428,defined,-0.04542110699214581,sensitivity_only
id:x%3A0x1.0000000000000p%2B1,500,8.838,8.101239999999999,8.002242730544689,2.179543300704428,defined,0.04542110699214581,sensitivity_only
id:x%3A0x1.0000000000000p%2B1,501,8.856,8.11888,8.217877269455311,2.179543300704428,defined,-0.04542110699214581,sensitivity_only
id:x%3A0x1.0000000000000p%2B1,502,8.874,8.13652,8.03752273054469,2.179543300704428,defined,0.04542110699214581,sensitivity_only
id:x%3A0x1.0000000000000p%2B1,503,8.892,8.15416,8.25315726945531,2.179543300704428,defined,-0.04542110699214581,sensitivity_only
id:x%3A0x1.0000000000000p%2B1,504,8.91,8.171800000000001,8.07280273054469,2.179543300704428,defined,0.04542110699214581,sensitivity_only
id:x%3A0x1.0000000000000p%2B1,505,8.928,8.189440000000001,8.288437269455311,2.179543300704428,defined,-0.04542110699214581,sensitivity_only
id:x%3A0x1.0000000000000p%2B1,506,8.946,8.20708,8.10808273054469,2.179543300704428,defined,0.04542110699214581,sensitivity_only
id:x%3A0x1.0000000000000p%2B1,507,8.964,8.224720000000001,8.323717269455312,2.179543300704428,defined,-0.04542110699214581,sensitivity_only
id:x%3A0x1.0000000000000p%2B1,508,8.982,8.24236,8.14336273054469,2.179543300704428,defined,0.04542110699214581,sensitivity_only
id:x%3A0x1.0000000000000p%2B1,509,9.0,8.26,8.35899726945531,2.179543300704428,defined,-0.04542110699214581,sensitivity_only
id:x%3A0x1.8000000000000p%2B1,0,0.0,1.75,1.5138828090903536,2.7244291258805347,defined,0.08666666666666667,sensitivity_only
id:x%3A0x1.8000000000000p%2B1,1,0.018,1.75576,1.8734701679499117,2.7244291258805347,defined,-0.043205443236431385,sensitivity_only
id:x%3A0x1.8000000000000p%2B1,2,0.036,1.76152,1.6438098320500882,2.7244291258805347,defined,0.043205443236431385,sensitivity_only
id:x%3A0x1.8000000000000p%2B1,3,0.054,1.76728,1.8849901679499117,2.7244291258805347,defined,-0.043205443236431385,sensitivity_only
id:x%3A0x1.8000000000000p%2B1,4,0.072,1.77304,1.6553298320500882,2.7244291258805347,defined,0.043205443236431385,sensitivity_only
id:x%3A0x1.8000000000000p%2B1,5,0.09,1.7788,1.8965101679499117,2.7244291258805347,defined,-0.043205443236431385,sensitivity_only
id:x%3A0x1.8000000000000p%2B1,6,0.108,1.78456,1.6668498320500882,2.7244291258805347,defined,0.043205443236431385,sensitivity_only
id:x%3A0x1.8000000000000p%2B1,7,0.126,1.79032,1.9080301679499116,2.7244291258805347,defined,-0.043205443236431385,sensitivity_only
id:x%3A0x1.8000000000000p%2B1,8,0.144,1.79608,1.6783698320500882,2.7244291258805347,defined,0.043205443236431385,sensitivity_only
id:x%3A0x1.8000000000000p%2B1,9,0.162,1.80184,1.9195501679499118,2.7244291258805347,defined,-0.043205443236431385,sensitivity_only
id:x%3A0x1.8000000000000p%2B1,10,0.18,1.8076,1.6898898320500884,2.7244291258805347,defined,0.043205443236431385,sensitivity_only
id:x%3A0x1.8000000000000p%2B1,11,0.198,1.81336,1.9310701679499118,2.7244291258805347,defined,-0.043205443236431385,sensitivity_only
id:x%3A0x1.8000000000000p%2B1,12,0.216,1.81912,1.7014098320500883,2.7244291258805347,defined,0.043205443236431385,sensitivity_only
id:x%3A0x1.8000000000000p%2B1,13,0.234,1.82488,1.9425901679499118,2.7244291258805347,defined,-0.043205443236431385,sensitivity_only
id:x%3A0x1.8000000000000p%2B1,14,0.252,1.83064,1.7129298320500883,2.7244291258805347,defined,0.043205443236431385,sensitivity_only
id:x%3A0x1.8000000000000p%2B1,15,0.27,1.8364,1.9541101679499118,2.7244291258805347,defined,-0.043205443236431385,sensitivity_only
id:x%3A0x1.8000000000000p%2B1,16,0.288,1.84216,1.7244498320500883,2.7244291258805347,defined,0.043205443236431385,sensitivity_only
id:x%3A0x1.8000000000000p%2B1,17,0.306,1.84792,1.9656301679499117,2.7244291258805347,defined,-0.043205443236431385,sensitivity_only
id:x%3A0x1.8000000000000p%2B1,18,0.324,1.85368,1.7359698320500883,2.7244291258805347,defined,0.043205443236431385,sensitivity_only
id:x%3A0x1.8000000000000p%2B1,19,0.342,1.85944,1.9771501679499117,2.7244291258805347,defined,-0.043205443236431385,sensitivity_only
id:x%3A0x1.8000000000000p%2B1,20,0.36,1.8652,1.7474898320500882,2.7244291258805347,defined,0.043205443236431385,sensitivity_only
id:x%3A0x1.8000000000000p%2B1,21,0.378,1.87096,1.9886701679499117,2.7244291258805347,defined,-0.043205443236431385,sensitivity_only
id:x%3A0x1.8000000000000p%2B1,22,0.396,1.87672,1.7590098320500882,2.7244291258805347,defined,0.043205443236431385,sensitivity_only
id:x%3A0x1.8000000000000p%2B1,23,0.414,1.88248,2.0001901679499117,2.7244291258805347,defined,-0.043205443236431385,sensitivity_only
id:x%3A0x1.8000000000000p%2B1,24,0.432,1.88824,1.7705298320500882,2.7244291258805347,defined,0.043205443236431385,sensitivity_only
id:x%3A0x1.8000000000000p%2B1,25,0.45,1.8940000000000001,2.011710167949912,2.7244291258805347,defined,-0.043205443236431385,sensitivity_only
id:x%3A0x1.8000000000000p%2B1,26,0.468,1.8997600000000001,1.7820498320500884,2.7244291258805347,defined,0.043205443236431385,sensitivity_only
id:x%3A0x1.8000000000000p%2B1,27,0.486,1.90552,2.023230167949912,2.7244291258805347,defined,-0.043205443236431385,sensitivity_only
id:x%3A0x1.8000000000000p%2B1,28,0.504,1.91128,1.7935698320500884,2.7244291258805347,defined,0.043205443236431385,sensitivity_only
id:x%3A0x1.8000000000000p%2B1,29,0.522,1.91704,2.034750167949912,2.7244291258805347,defined,-0.043205443236431385,sensitivity_only
id:x%3A0x1.8000000000000p%2B1,30,0.54,1.9228,1.8050898320500883,2.7244291258805347,defined,0.043205443236431385,sensitivity_only
id:x%3A0x1.8000000000000p%2B1,31,0.558,1.92856,2.046270167949912,2.7244291258805347,defined,-0.043205443236431385,sensitivity_only
id:x%3A0x1.8000000000000p%2B1,32,0.576,1.93432,1.8166098320500883,2.7244291258805347,defined,0.043205443236431385,sensitivity_only
id:x%3A0x1.8000000000000p%2B1,33,0.594,1.94008,2.057790167949912,2.7244291258805347,defined,-0.043205443236431385,sensitivity_only
id:x%3A0x1.8000000000000p%2B1,34,0.612,1.94584,1.8281298320500883,2.7244291258805347,defined,0.043205443236431385,sensitivity_only
id:x%3A0x1.8000000000000p%2B1,35,0.63,1.9516,2.069310167949912,2.7244291258805347,defined,-0.043205443236431385,sensitivity_only
id:x%3A0x1.8000000000000p%2B1,36,0.648,1.95736,1.8396498320500883,2.7244291258805347,defined,0.043205443236431385,sensitivity_only
id:x%3A0x1.8000000000000p%2B1,37,0.666,1.96312,2.080830167949912,2.7244291258805347,defined,-0.043205443236431385,sensitivity_only
id:x%3A0x1.8000000000000p%2B1,38,0.684,1.96888,1.8511698320500882,2.7244291258805347,defined,0.043205443236431385,sensitivity_only
id:x%3A0x1.8000000000000p%2B1,39,0.702,1.97464,2.092350167949912,2.7244291258805347,defined,-0.043205443236431385,sensitivity_only
id:x%3A0x1.8000000000000p%2B1,40,0.72,1.9804,1.8626898320500882,2.7244291258805347,defined,0.043205443236431385,sensitivity_only
id:x%3A0x1.8000000000000p%2B1,41,0.738,1.98616,2.103870167949912,2.7244291258805347,defined,-0.043205443236431385,sensitivity_only
id:x%3A0x1.8000000000000p%2B1,42,0.756,1.99192,1.8742098320500882,2.7244291258805347,defined,0.043205443236431385,sensitivity_only
id:x%3A0x1.8000000000000p%2B1,43,0.774,1.99768,2.115390167949912,2.7244291258805347,defined,-0.043205443236431385,sensitivity_only
id:x%3A0x1.8000000000000p%2B1,44,0.792,2.00344,1.8857298320500882,2.7244291258805347,defined,0.043205443236431385,sensitivity_only
id:x%3A0x1.8000000000000p%2B1,45,0.81,2.0092,2.126910167949912,2.7244291258805347,defined,-0.043205443236431385,sensitivity_only
id:x%3A0x1.8000000000000p%2B1,46,0.828,2.01496,1.8972498320500881,2.7244291258805347,defined,0.043205443236431385,sensitivity_only
id:x%3A0x1.8000000000000p%2B1,47,0.846,2.02072,2.138430167949912,2.7244291258805347,defined,-0.043205443236431385,sensitivity_only
id:x%3A0x1.8000000000000p%2B1,48,0.864,2.02648,1.908769832050088,2.7244291258805347,defined,0.043205443236431385,sensitivity_only
id:x%3A0x1.8000000000000p%2B1,49,0.882,2.03224,2.149950167949912,2.7244291258805347,defined,-0.043205443236431385,sensitivity_only
id:x%3A0x1.8000000000000p%2B1,50,0.9,2.0380000000000003,1.9202898320500885,2.7244291258805347,defined,0.043205443236431385,sensitivity_only
id:x%3A0x1.8000000000000p%2B1,51,0.918,2.04376,2.1614701679499118,2.7244291258805347,defined,-0.043205443236431385,sensitivity_only
id:x%3A0x1.8000000000000p%2B1,52,0.936,2.0495200000000002,1.9318098320500885,2.7244291258805347,defined,0.043205443236431385,sensitivity_only
id:x%3A0x1.8000000000000p%2B1,53,0.954,2.0552799999999998,2.1729901679499117,2.7244291258805347,defined,-0.043205443236431385,sensitivity_only
id:x%3A0x1.8000000000000p%2B1,54,0.972,2.06104,1.9433298320500885,2.7244291258805347,defined,0.043205443236431385,sensitivity_only
id:x%3A0x1.8000000000000p%2B1,55,0.99,2.0668,2.184510167949912,2.7244291258805347,defined,-0.043205443236431385,sensitivity_only
id:x%3A0x1.8000000000000p%2B1,56,1.0,2.07,1.952289832050088,2.7244291258805347,defined,0.043205443236431385,sensitivity_only
id:x%3A0x1.8000000000000p%2B1,57,1.008,2.07256,2.190270167949912,2.7244291258805347,defined,-0.043205443236431385,sensitivity_only
id:x%3A0x1.8000000000000p%2B1,58,1.026,2.07832,1.9606098320500884,2.7244291258805347,defined,0.043205443236431385,sensitivity_only
id:x%3A0x1.8000000000000p%2B1,59,1.044,2.08408,2.201790167949912,2.7244291258805347,defined,-0.043205443236431385,sensitivity_only
id:x%3A0x1.8000000000000p%2B1,60,1.062,2.08984,1.9721298320500884,2.7244291258805347,defined,0.043205443236431385,sensitivity_only
id:x%3A0x1.8000000000000p%2B1,61,1.08,2.0956,2.213310167949912,2.7244291258805347,defined,-0.043205443236431385,sensitivity_only
id:x%3A0x1.8000000000000p%2B1,62,1.098,2.10136,1.9836498320500884,2.7244291258805347,defined,0.043205443236431385,sensitivity_only
id:x%3A0x1.8000000000000p%2B1,63,1.116,2.10712,2.224830167949912,2.7244291258805347,defined,-0.043205443236431385,sensitivity_only
id:x%3A0x1.8000000000000p%2B1,64,1.134,2.11288,1.9951698320500884,2.7244291258805347,defined,0.043205443236431385,sensitivity_only
id:x%3A0x1.8000000000000p%2B1,65,1.152,2.11864,2.236350167949912,2.7244291258805347,defined,-0.043205443236431385,sensitivity_only
id:x%3A0x1.8000000000000p%2B1,66,1.17,2.1244,2.006689832050088,2.7244291258805347,defined,0.043205443236431385,sensitivity_only
id:x%3A0x1.8000000000000p%2B1,67,1.188,2.13016,2.247870167949912,2.7244291258805347,defined,-0.043205443236431385,sensitivity_only
id:x%3A0x1.8000000000000p%2B1,68,1.206,2.13592,2.018209832050088,2.7244291258805347,defined,0.043205443236431385,sensitivity_only
id:x%3A0x1.8000000000000p%2B1,69,1.224,2.14168,2.259390167949912,2.7244291258805347,defined,-0.043205443236431385,sensitivity_only
id:x%3A0x1.8000000000000p%2B1,70,1.242,2.14744,2.029729832050088,2.7244291258805347,defined,0.043205443236431385,sensitivity_only
id:x%3A0x1.8000000000000p%2B1,71,1.26,2.1532,2.270910167949912,2.7244291258805347,defined,-0.043205443236431385,sensitivity_only
id:x%3A0x1.8000000000000p%2B1,72,1.278,2.15896,2.041249832050088,2.7244291258805347,defined,0.043205443236431385,sensitivity_only
id:x%3A0x1.8000000000000p%2B1,73,1.296,2.16472,2.282430167949912,2.7244291258805347,defined,-0.043205443236431385,sensitivity_only
id:x%3A0x1.8000000000000p%2B1,74,1.314,2.17048,2.052769832050088,2.7244291258805347,defined,0.043205443236431385,sensitivity_only
id:x%3A0x1.8000000000000p%2B1,75,1.332,2.17624,2.293950167949912,2.7244291258805347,defined,-0.043205443236431385,sensitivity_only
id:x%3A0x1.8000000000000p%2B1,76,1.35,2.182,2.064289832050088,2.7244291258805347,defined,0.043205443236431385,sensitivity_only
id:x%3A0x1.8000000000000p%2B1,77,1.368,2.18776,2.305470167949912,2.7244291258805347,defined,-0.043205443236431385,sensitivity_only
id:x%3A0x1.8000000000000p%2B1,78,1.386,2.19352,2.075809832050088,2.7244291258805347,defined,0.043205443236431385,sensitivity_only
id:x%3A0x1.8000000000000p%2B1,79,1.404,2.19928,2.316990167949912,2.7244291258805347,defined,-0.043205443236431385,sensitivity_only
id:x%3A0x1.8000000000000p%2B1,80,1.422,2.20504,2.087329832050088,2.7244291258805347,defined,0.043205443236431385,sensitivity_only
id:x%3A0x1.8000000000000p%2B1,81,1.44,2.2108,2.328510167949912,2.7244291258805347,defined,-0.043205443236431385,sensitivity_only
id:x%3A0x1.8000000000000p%2B1,82,1.458,2.21656,2.098849832050088,2.7244291258805347,defined,0.043205443236431385,sensitivity_only
id:x%3A0x1.8000000000000p%2B1,83,1.476,2.22232,2.340030167949912,2.7244291258805347,defined,-0.043205443236431385,sensitivity_only
id:x%3A0x1.8000000000000p%2B1,84,1.494,2.22808,2.110369832050088,2.7244291258805347,defined,0.043205443236431385,sensitivity_only
id:x%3A0x1.8000000000000p%2B1,85,1.512,2.23384,2.351550167949912,2.724429125880535,defined,-0.043205443236431385,sensitivity_only
id:x%3A0x1.8000000000000p%2B1,86,1.53,2.2396000000000003,2.1218898320500883,2.724429125880535,defined,0.043205443236431385,sensitivity_only
id:x%3A0x1.8000000000000p%2B1,87,1.548,2.24536,2.3630701679499118,2.724429125880535,defined,-0.043205443236431385,sensitivity_only
id:x%3A0x1.8000000000000p%2B1,88,1.566,2.2511200000000002,2.1334098320500883,2.724429125880535,defined,0.043205443236431385,sensitivity_only
id:x%3A0x1.8000000000000p%2B1,89,1.584,2.2568799999999998,2.3745901679499117,2.724429125880535,defined,-0.043205443236431385,sensitivity_only
id:x%3A0x1.8000000000000p%2B1,90,1.602,2.26264,2.1449298320500882,2.724429125880535,defined,0.043205443236431385,sensitivity_only
id:x%3A0x1.8000000000000p%2B1,91,1.62,2.2684,2.386110167949912,2.724429125880535,defined,-0.043205443236431385,sensitivity_only
id:x%3A0x1.8000000000000p%2B1,92,1.638,2.27416,2.1564498320500882,2.724429125880535,defined,0.043205443236431385,sensitivity_only
id:x%3A0x1.8000000000000p%2B1,93,1.656,2.2799199999999997,2.3976301679499117,2.724429125880535,defined,-0.043205443236431385,sensitivity_only
id:x%3A0x1.8000000000000p%2B1,94,1.674,2.28568,2.167969832050088,2.724429125880535,defined,0.043205443236431385,sensitivity_only
id:x%3A0x1.8000000000000p%2B1,95,1.692,2.29144,2.409150167949912,2.724429125880535,defined,-0.043205443236431385,sensitivity_only
id:x%3A0x1.8000000000000p%2B1,96,1.71,2.2972,2.179489832050088,2.724429125880535,defined,0.043205443236431385,sensitivity_only
id:x%3A0x1.8000000000000p%2B1,97,1.728,2.30296,2.420670167949912,2.724429125880535,defined,-0.043205443236431385,sensitivity_only
id:x%3A0x1.8000000000000p%2B1,98,1.746,2.30872,2.191009832050088,2.724429125880535,defined,0.043205443236431385,sensitivity_only
id:x%3A0x1.8000000000000p%2B1,99,1.764,2.31448,2.432190167949912,2.724429125880535,defined,-0.043205443236431385,sensitivity_only
id:x%3A0x1.8000000000000p%2B1,100,1.782,2.32024,2.202529832050088,2.724429125880535,defined,0.043205443236431385,sensitivity_only
id:x%3A0x1.8000000000000p%2B1,101,1.8,2.326,2.443710167949912,2.724429125880535,defined,-0.043205443236431385,sensitivity_only
id:x%3A0x1.8000000000000p%2B1,102,1.818,2.33176,2.214049832050088,2.724429125880535,defined,0.043205443236431385,sensitivity_only
id:x%3A0x1.8000000000000p%2B1,103,1.836,2.33752,2.455230167949912,2.724429125880535,defined,-0.043205443236431385,sensitivity_only
id:x%3A0x1.8000000000000p%2B1,104,1.854,2.34328,2.225569832050088,2.724429125880535,defined,0.043205443236431385,sensitivity_only
id:x%3A0x1.8000000000000p%2B1,105,1.872,2.34904,2.466750167949912,2.724429125880535,defined,-0.043205443236431385,sensitivity_only
id:x%3A0x1.8000000000000p%2B1,106,1.89,2.3548,2.237089832050088,2.724429125880535,defined,0.043205443236431385,sensitivity_only
id:x%3A0x1.8000000000000p%2B1,107,1.908,2.36056,2.478270167949912,2.724429125880535,defined,-0.043205443236431385,sensitivity_only
id:x%3A0x1.8000000000000p%2B1,108,1.926,2.36632,2.248609832050088,2.724429125880535,defined,0.043205443236431385,sensitivity_only
id:x%3A0x1.8000000000000p%2B1,109,1.944,2.37208,2.489790167949912,2.724429125880535,defined,-0.043205443236431385,sensitivity_only
id:x%3A0x1.8000000000000p%2B1,110,1.962,2.37784,2.260129832050088,2.724429125880535,defined,0.043205443236431385,sensitivity_only
id:x%3A0x1.8000000000000p%2B1,111,1.98,2.3836,2.501310167949912,2.724429125880535,defined,-0.043205443236431385,sensitivity_only
id:x%3A0x1.8000000000000p%2B1,112,1.998,2.38936,2.271649832050088,2.724429125880535,defined,0.043205443236431385,sensitivity_only
id:x%3A0x1.8000000000000p%2B1,113,2.0,2.39,2.507710167949912,2.724429125880535,defined,-0.043205443236431385,sensitivity_only
id:x%3A0x1.8000000000000p%2B1,114,2.016,2.39512,2.277409832050088,2.724429125880535,defined,0.043205443236431385,sensitivity_only
id:x%3A0x1.8000000000000p%2B1,115,2.034,2.40088,2.518590167949912,2.724429125880535,defined,-0.043205443236431385,sensitivity_only
id:x%3A0x1.8000000000000p%2B1,116,2.052,2.40664,2.288929832050088,2.724429125880535,defined,0.043205443236431385,sensitivity_only
id:x%3A0x1.8000000000000p%2B1,117,2.07,2.4124,2.530110167949912,2.724429125880535,defined,-0.043205443236431385,sensitivity_only
id:x%3A0x1.8000000000000p%2B1,118,2.088,2.4181600000000003,2.3004498320500884,2.724429125880535,defined,0.043205443236431385,sensitivity_only
id:x%3A0x1.8000000000000p%2B1,119,2.106,2.42392,2.541630167949912,2.724429125880535,defined,-0.043205443236431385,sensitivity_only
id:x%3A0x1.8000000000000p%2B1,120,2.124,2.4296800000000003,2.3119698320500883,2.724429125880535,defined,0.043205443236431385,sensitivity_only
id:x%3A0x1.8000000000000p%2B1,121,2.142,2.43544,2.553150167949912,2.724429125880535,defined,-0.043205443236431385,sensitivity_only
id:x%3A0x1.8000000000000p%2B1,122,2.16,2.4412000000000003,2.3234898320500883,2.724429125880535,defined,0.043205443236431385,sensitivity_only
id:x%3A0x1.8000000000000p%2B1,123,2.178,2.44696,2.5646701679499118,2.724429125880535,defined,-0.043205443236431385,sensitivity_only
id:x%3A0x1.8000000000000p%2B1,124,2.196,2.4527200000000002,2.3350098320500883,2.724429125880535,defined,0.043205443236431385,sensitivity_only
id:x%3A0x1.8000000000000p%2B1,125,2.214,2.4584799999999998,2.5761901679499117,2.724429125880535,defined,-0.043205443236431385,sensitivity_only
id:x%3A0x1.8000000000000p%2B1,126,2.232,2.46424,2.3465298320500882,2.724429125880535,defined,0.043205443236431385,sensitivity_only
id:x%3A0x1.8000000000000p%2B1,127,2.25,2.4699999999999998,2.5877101679499117,2.724429125880535,defined,-0.043205443236431385,sensitivity_only
id:x%3A0x1.8000000000000p%2B1,128,2.268,2.47576,2.3580498320500882,2.724429125880535,defined,0.043205443236431385,sensitivity_only
id:x%3A0x1.8000000000000p%2B1,129,2.286,2.48152,2.599230167949912,2.724429125880535,defined,-0.043205443236431385,sensitivity_only
id:x%3A0x1.8000000000000p%2B1,130,2.304,2.48728,2.369569832050088,2.724429125880535,defined,0.043205443236431385,sensitivity_only
id:x%3A0x1.8000000000000p%2B1,131,2.322,2.49304,2.610750167949912,2.724429125880535,defined,-0.043205443236431385,sensitivity_only
id:x%3A0x1.8000000000000p%2B1,132,2.34,2.4988,2.381089832050088,2.724429125880535,defined,0.043205443236431385,sensitivity_only
id:x%3A0x1.8000000000000p%2B1,133,2.358,2.50456,2.622270167949912,2.724429125880535,defined,-0.043205443236431385,sensitivity_only
id:x%3A0x1.8000000000000p%2B1,134,2.376,2.51032,2.392609832050088,2.724429125880535,defined,0.043205443236431385,sensitivity_only
id:x%3A0x1.8000000000000p%2B1,135,2.394,2.51608,2.633790167949912,2.724429125880535,defined,-0.043205443236431385,sensitivity_only
id:x%3A0x1.8000000000000p%2B1,136,2.412,2.52184,2.404129832050088,2.724429125880535,defined,0.043205443236431385,sensitivity_only
id:x%3A0x1.8000000000000p%2B1,137,2.43,2.5276,2.645310167949912,2.724429125880535,defined,-0.043205443236431385,sensitivity_only
id:x%3A0x1.8000000000000p%2B1,138,2.448,2.53336,2.415649832050088,2.724429125880535,defined,0.043205443236431385,sensitivity_only
id:x%3A0x1.8000000000000p%2B1,139,2.466,2.53912,2.656830167949912,2.724429125880535,defined,-0.043205443236431385,sensitivity_only
id:x%3A0x1.8000000000000p%2B1,140,2.484,2.54488,2.427169832050088,2.724429125880535,defined,0.043205443236431385,sensitivity_only
id:x%3A0x1.8000000000000p%2B1,141,2.502,2.55064,2.6271516091674427,1.7708789318223472,defined,-0.043205443236431385,sensitivity_only
id:x%3A0x1.8000000000000p%2B1,142,2.52,2.5564,2.4798883908325573,1.7708789318223472,defined,0.043205443236431385,sensitivity_only
id:x%3A0x1.8000000000000p%2B1,143,2.538,2.56216,2.6386716091674427,1.7708789318223472,defined,-0.043205443236431385,sensitivity_only
id:x%3A0x1.8000000000000p%2B1,144,2.556,2.56792,2.4914083908325573,1.7708789318223472,defined,0.043205443236431385,sensitivity_only
id:x%3A0x1.8000000000000p%2B1,145,2.574,2.57368,2.6501916091674427,1.7708789318223472,defined,-0.043205443236431385,sensitivity_only
id:x%3A0x1.8000000000000p%2B1,146,2.592,2.57944,2.5029283908325572,1.7708789318223472,defined,0.043205443236431385,sensitivity_only
id:x%3A0x1.8000000000000p%2B1,147,2.61,2.5852,2.6617116091674426,1.7708789318223472,defined,-0.043205443236431385,sensitivity_only
id:x%3A0x1.8000000000000p%2B1,148,2.628,2.59096,2.5144483908325572,1.7708789318223472,defined,0.043205443236431385,sensitivity_only
id:x%3A0x1.8000000000000p%2B1,149,2.646,2.59672,2.6732316091674426,1.7708789318223472,defined,-0.043205443236431385,sensitivity_only
id:x%3A0x1.8000000000000p%2B1,150,2.664,2.60248,2.525968390832557,1.7708789318223472,defined,0.043205443236431385,sensitivity_only
id:x%3A0x1.8000000000000p%2B1,151,2.682,2.60824,2.6847516091674426,1.7708789318223472,defined,-0.043205443236431385,sensitivity_only
id:x%3A0x1.8000000000000p%2B1,152,2.7,2.614,2.537488390832557,1.7708789318223472,defined,0.043205443236431385,sensitivity_only
id:x%3A0x1.8000000000000p%2B1,153,2.718,2.61976,2.6962716091674426,1.7708789318223472,defined,-0.043205443236431385,sensitivity_only
id:x%3A0x1.8000000000000p%2B1,154,2.736,2.62552,2.549008390832557,1.7708789318223472,defined,0.043205443236431385,sensitivity_only
id:x%3A0x1.8000000000000p%2B1,155,2.754,2.6312800000000003,2.707791609167443,1.7708789318223472,defined,-0.043205443236431385,sensitivity_only
id:x%3A0x1.8000000000000p%2B1,156,2.772,2.63704,2.560528390832557,1.7708789318223472,defined,0.043205443236431385,sensitivity_only
id:x%3A0x1.8000000000000p%2B1,157,2.79,2.6428000000000003,2.719311609167443,1.7708789318223472,defined,-0.043205443236431385,sensitivity_only
id:x%3A0x1.8000000000000p%2B1,158,2.808,2.64856,2.572048390832557,1.7708789318223472,defined,0.043205443236431385,sensitivity_only
id:x%3A0x1.8000000000000p%2B1,159,2.826,2.6543200000000002,2.730831609167443,1.7708789318223472,defined,-0.043205443236431385,sensitivity_only
id:x%3A0x1.8000000000000p%2B1,160,2.844,2.66008,2.583568390832557,1.7708789318223472,defined,0.043205443236431385,sensitivity_only
id:x%3A0x1.8000000000000p%2B1,161,2.862,2.66584,2.742351609167443,1.7708789318223472,defined,-0.043205443236431385,sensitivity_only
id:x%3A0x1.8000000000000p%2B1,162,2.88,2.6715999999999998,2.595088390832557,1.7708789318223472,defined,0.043205443236431385,sensitivity_only
id:x%3A0x1.8000000000000p%2B1,163,2.898,2.67736,2.753871609167443,1.7708789318223472,defined,-0.043205443236431385,sensitivity_only
id:x%3A0x1.8000000000000p%2B1,164,2.916,2.6831199999999997,2.606608390832557,1.7708789318223472,defined,0.043205443236431385,sensitivity_only
id:x%3A0x1.8000000000000p%2B1,165,2.934,2.68888,2.765391609167443,1.7708789318223472,defined,-0.043205443236431385,sensitivity_only
id:x%3A0x1.8000000000000p%2B1,166,2.952,2.69464,2.6181283908325574,1.7708789318223472,defined,0.043205443236431385,sensitivity_only
id:x%3A0x1.8000000000000p%2B1,167,2.97,2.7004,2.776911609167443,1.7708789318223472,defined,-0.043205443236431385,sensitivity_only
id:x%3A0x1.8000000000000p%2B1,168,2.988,2.70616,2.6296483908325574,1.7708789318223472,defined,0.043205443236431385,sensitivity_only
id:x%3A0x1.8000000000000p%2B1,169,3.0,2.71,2.7865116091674427,1.7708789318223472,defined,-0.043205443236431385,sensitivity_only
id:x%3A0x1.8000000000000p%2B1,170,3.006,2.71192,2.6354083908325574,1.7708789318223472,defined,0.043205443236431385,sensitivity_only
id:x%3A0x1.8000000000000p%2B1,171,3.024,2.71768,2.794191609167443,1.7708789318223472,defined,-0.043205443236431385,sensitivity_only
id:x%3A0x1.8000000000000p%2B1,172,3.042,2.72344,2.6469283908325574,1.7708789318223472,defined,0.043205443236431385,sensitivity_only
id:x%3A0x1.8000000000000p%2B1,173,3.06,2.7292,2.8057116091674428,1.7708789318223472,defined,-0.043205443236431385,sensitivity_only
id:x%3A0x1.8000000000000p%2B1,174,3.078,2.73496,2.6584483908325574,1.7708789318223472,defined,0.043205443236431385,sensitivity_only
id:x%3A0x1.8000000000000p%2B1,175,3.096,2.74072,2.8172316091674428,1.7708789318223472,defined,-0.043205443236431385,sensitivity_only
id:x%3A0x1.8000000000000p%2B1,176,3.114,2.74648,2.6699683908325573,1.7708789318223472,defined,0.043205443236431385,sensitivity_only
id:x%3A0x1.8000000000000p%2B1,177,3.132,2.75224,2.8287516091674427,1.7708789318223472,defined,-0.043205443236431385,sensitivity_only
id:x%3A0x1.8000000000000p%2B1,178,3.15,2.758,2.6814883908325573,1.7708789318223472,defined,0.043205443236431385,sensitivity_only
id:x%3A0x1.8000000000000p%2B1,179,3.168,2.76376,2.8402716091674427,1.7708789318223472,defined,-0.043205443236431385,sensitivity_only
id:x%3A0x1.8000000000000p%2B1,180,3.186,2.76952,2.6930083908325573,1.7708789318223472,defined,0.043205443236431385,sensitivity_only
id:x%3A0x1.8000000000000p%2B1,181,3.204,2.77528,2.8517916091674427,1.7708789318223472,defined,-0.043205443236431385,sensitivity_only
id:x%3A0x1.8000000000000p%2B1,182,3.222,2.78104,2.7045283908325572,1.7708789318223472,defined,0.043205443236431385,sensitivity_only
id:x%3A0x1.8000000000000p%2B1,183,3.24,2.7868000000000004,2.863311609167443,1.7708789318223472,defined,-0.043205443236431385,sensitivity_only
id:x%3A0x1.8000000000000p%2B1,184,3.258,2.79256,2.7160483908325572,1.7708789318223472,defined,0.043205443236431385,sensitivity_only
id:x%3A0x1.8000000000000p%2B1,185,3.276,2.79832,2.8748316091674426,1.7708789318223472,defined,-0.043205443236431385,sensitivity_only
id:x%3A0x1.8000000000000p%2B1,186,3.294,2.80408,2.727568390832557,1.7708789318223472,defined,0.043205443236431385,sensitivity_only
id:x%3A0x1.8000000000000p%2B1,187,3.312,2.80984,2.8863516091674426,1.7708789318223472,defined,-0.043205443236431385,sensitivity_only
id:x%3A0x1.8000000000000p%2B1,188,3.33,2.8156,2.739088390832557,1.7708789318223472,defined,0.043205443236431385,sensitivity_only
id:x%3A0x1.8000000000000p%2B1,189,3.348,2.8213600000000003,2.897871609167443,1.7708789318223472,defined,-0.043205443236431385,sensitivity_only
id:x%3A0x1.8000000000000p%2B1,190,3.366,2.82712,2.750608390832557,1.7708789318223472,defined,0.043205443236431385,sensitivity_only
id:x%3A0x1.8000000000000p%2B1,191,3.384,2.8328800000000003,2.909391609167443,1.7708789318223472,defined,-0.043205443236431385,sensitivity_only
id:x%3A0x1.8000000000000p%2B1,192,3.402,2.83864,2.762128390832557,1.7708789318223472,defined,0.043205443236431385,sensitivity_only
id:x%3A0x1.8000000000000p%2B1,193,3.42,2.8444000000000003,2.920911609167443,1.7708789318223472,defined,-0.043205443236431385,sensitivity_only
id:x%3A0x1.8000000000000p%2B1,194,3.438,2.85016,2.773648390832557,1.7708789318223472,defined,0.043205443236431385,sensitivity_only
id:x%3A0x1.8000000000000p%2B1,195,3.456,2.8559200000000002,2.932431609167443,1.7708789318223472,defined,-0.043205443236431385,sensitivity_only
id:x%3A0x1.8000000000000p%2B1,196,3.474,2.86168,2.785168390832557,1.7708789318223472,defined,0.043205443236431385,sensitivity_only
id:x%3A0x1.8000000000000p%2B1,197,3.492,2.86744,2.943951609167443,1.7708789318223472,defined,-0.043205443236431385,sensitivity_only
id:x%3A0x1.8000000000000p%2B1,198,3.5,2.87,2.7934883908325574,1.7708789318223472,defined,0.043205443236431385,sensitivity_only
id:x%3A0x1.8000000000000p%2B1,199,3.51,2.8798,3.0033956763474072,2.8606505821745607,defined,-0.043205443236431385,sensitivity_only
id:x%3A0x1.8000000000000p%2B1,200,3.528,2.89744,2.7738443236525927,2.8606505821745607,defined,0.043205443236431385,sensitivity_only
id:x%3A0x1.8000000000000p%2B1,201,3.546,2.91508,3.0386756763474074,2.8606505821745607,defined,-0.043205443236431385,sensitivity_only
id:x%3A0x1.8000000000000p%2B1,202,3.564,2.93272,2.809124323652593,2.8606505821745607,defined,0.043205443236431385,sensitivity_only
id:x%3A0x1.8000000000000p%2B1,203,3.582,2.95036,3.073955676347407,2.8606505821745607,defined,-0.043205443236431385,sensitivity_only
id:x%3A0x1.8000000000000p%2B1,204,3.6,2.968,2.8444043236525927,2.8606505821745607,defined,0.043205443236431385,sensitivity_only
id:x%3A0x1.8000000000000p%2B1,205,3.618,2.98564,3.1092356763474074,2.8606505821745607,defined,-0.043205443236431385,sensitivity_only
id:x%3A0x1.8000000000000p%2B1,206,3.636,3.00328,2.879684323652593,2.8606505821745607,defined,0.043205443236431385,sensitivity_only
id:x%3A0x1.8000000000000p%2B1,207,3.654,3.02092,3.144515676347407,2.8606505821745607,defined,-0.043205443236431385,sensitivity_only
id:x%3A0x1.8000000000000p%2B1,208,3.672,3.0385600000000004,2.914964323652593,2.8606505821745607,defined,0.043205443236431385,sensitivity_only
id:x%3A0x1.8000000000000p%2B1,209,3.69,3.0562,3.1797956763474073,2.8606505821745607,defined,-0.043205443236431385,sensitivity_only
id:x%3A0x1.8000000000000p%2B1,210,3.708,3.07384,2.950244323652593,2.8606505821745607,defined,0.043205443236431385,sensitivity_only
id:x%3A0x1.8000000000000p%2B1,211,3.726,3.0914800000000002,3.2150756763474075,2.8606505821745607,defined,-0.043205443236431385,sensitivity_only
id:x%3A0x1.8000000000000p%2B1,212,3.744,3.1091200000000003,2.985524323652593,2.8606505821745607,defined,0.043205443236431385,sensitivity_only
id:x%3A0x1.8000000000000p%2B1,213,3.762,3.12676,3.2503556763474073,2.8606505821745607,defined,-0.043205443236431385,sensitivity_only
id:x%3A0x1.8000000000000p%2B1,214,3.78,3.1444,3.0208043236525928,2.8606505821745607,defined,0.043205443236431385,sensitivity_only
id:x%3A0x1.8000000000000p%2B1,215,3.798,3.16204,3.2856356763474075,2.8606505821745607,defined,-0.043205443236431385,sensitivity_only
id:x%3A0x1.8000000000000p%2B1,216,3.816,3.17968,3.0560843236525925,2.8606505821745607,defined,0.043205443236431385,sensitivity_only
id:x%3A0x1.8000000000000p%2B1,217,3.834,3.1973200000000004,3.3209156763474077,2.8606505821745607,defined,-0.043205443236431385,sensitivity_only
id:x%3A0x1.8000000000000p%2B1,218,3.852,3.21496,3.0913643236525927,2.8606505821745607,defined,0.043205443236431385,sensitivity_only
id:x%3A0x1.8000000000000p%2B1,219,3.87,3.2326,3.3561956763474075,2.8606505821745607,defined,-0.043205443236431385,sensitivity_only
id:x%3A0x1.8000000000000p%2B1,220,3.888,3.25024,3.1266443236525925,2.8606505821745607,defined,0.043205443236431385,sensitivity_only
id:x%3A0x1.8000000000000p%2B1,221,3.906,3.2678800000000003,3.3914756763474077,2.8606505821745607,defined,-0.043205443236431385,sensitivity_only
id:x%3A0x1.8000000000000p%2B1,222,3.924,3.28552,3.1619243236525927,2.8606505821745607,defined,0.043205443236431385,sensitivity_only
id:x%3A0x1.8000000000000p%2B1,223,3.942,3.30316,3.4267556763474074,2.8606505821745607,defined,-0.043205443236431385,sensitivity_only
id:x%3A0x1.8000000000000p%2B1,224,3.96,3.3208,3.197204323652593,2.8606505821745607,defined,0.043205443236431385,sensitivity_only
id:x%3A0x1.8000000000000p%2B1,225,3.978,3.3384400000000003,3.4620356763474076,2.8606505821745607,defined,-0.043205443236431385,sensitivity_only
id:x%3A0x1.8000000000000p%2B1,226,3.996,3.35608,3.2324843236525926,2.8606505821745607,defined,0.043205443236431385,sensitivity_only
id:x%3A0x1.8000000000000p%2B1,227,4.0,3.3600000000000003,3.4835956763474076,2.8606505821745607,defined,-0.043205443236431385,sensitivity_only
id:x%3A0x1.8000000000000p%2B1,228,4.014,3.3737200000000005,3.250124323652593,2.8606505821745607,defined,0.043205443236431385,sensitivity_only
id:x%3A0x1.8000000000000p%2B1,229,4.032,3.39136,3.5149556763474075,2.8606505821745607,defined,-0.043205443236431385,sensitivity_only
id:x%3A0x1.8000000000000p%2B1,230,4.05,3.409,3.2854043236525925,2.8606505821745607,defined,0.043205443236431385,sensitivity_only
id:x%3A0x1.8000000000000p%2B1,231,4.068,3.42664,3.550235676347407,2.8606505821745607,defined,-0.043205443236431385,sensitivity_only
id:x%3A0x1.8000000000000p%2B1,232,4.086,3.4442800000000005,3.320684323652593,2.8606505821745607,defined,0.043205443236431385,sensitivity_only
id:x%3A0x1.8000000000000p%2B1,233,4.104,3.46192,3.5855156763474074,2.8606505821745607,defined,-0.043205443236431385,sensitivity_only
id:x%3A0x1.8000000000000p%2B1,234,4.122,3.47956,3.355964323652593,2.8606505821745607,defined,0.043205443236431385,sensitivity_only
id:x%3A0x1.8000000000000p%2B1,235,4.14,3.4972,3.620795676347407,2.8606505821745607,defined,-0.043205443236431385,sensitivity_only
id:x%3A0x1.8000000000000p%2B1,236,4.158,3.5148400000000004,3.391244323652593,2.8606505821745607,defined,0.043205443236431385,sensitivity_only
id:x%3A0x1.8000000000000p%2B1,237,4.176,3.5324800000000005,3.656075676347408,2.8606505821745607,defined,-0.043205443236431385,sensitivity_only
id:x%3A0x1.8000000000000p%2B1,238,4.194,3.55012,3.426524323652593,2.8606505821745607,defined,0.043205443236431385,sensitivity_only
id:x%3A0x1.8000000000000p%2B1,239,4.212,3.56776,3.691355676347407,2.8606505821745607,defined,-0.043205443236431385,sensitivity_only
id:x%3A0x1.8000000000000p%2B1,240,4.23,3.5854000000000004,3.461804323652593,2.8606505821745607,defined,0.043205443236431385,sensitivity_only
id:x%3A0x1.8000000000000p%2B1,241,4.248,3.6030400000000005,3.7266356763474078,2.8606505821745607,defined,-0.043205443236431385,sensitivity_only
id:x%3A0x1.8000000000000p%2B1,242,4.266,3.62068,3.497084323652593,2.8606505821745607,defined,0.043205443236431385,sensitivity_only
id:x%3A0x1.8000000000000p%2B1,243,4.284,3.6383199999999998,3.761915676347407,2.8606505821745607,defined,-0.043205443236431385,sensitivity_only
id:x%3A0x1.8000000000000p%2B1,244,4.302,3.6559599999999994,3.532364323652592,2.8606505821745607,defined,0.043205443236431385,sensitivity_only
id:x%3A0x1.8000000000000p%2B1,245,4.32,3.6736000000000004,3.7971956763474077,2.8606505821745607,defined,-0.043205443236431385,sensitivity_only
id:x%3A0x1.8000000000000p%2B1,246,4.338,3.69124,3.5676443236525928,2.8606505821745607,defined,0.043205443236431385,sensitivity_only
id:x%3A0x1.8000000000000p%2B1,247,4.356,3.7088799999999997,3.832475676347407,2.8606505821745607,defined,-0.043205443236431385,sensitivity_only
id:x%3A0x1.8000000000000p%2B1,248,4.374,3.72652,3.6029243236525925,2.8606505821745607,defined,0.043205443236431385,sensitivity_only
id:x%3A0x1.8000000000000p%2B1,249,4.392,3.7441600000000004,3.8677556763474077,2.8606505821745607,defined,-0.043205443236431385,sensitivity_only
id:x%3A0x1.8000000000000p%2B1,250,4.41,3.7618,3.6382043236525927,2.8606505821745607,defined,0.043205443236431385,sensitivity_only
id:x%3A0x1.8000000000000p%2B1,251,4.428,3.77944,3.9030356763474074,2.8606505821745607,defined,-0.043205443236431385,sensitivity_only
id:x%3A0x1.8000000000000p%2B1,252,4.446,3.79708,3.6734843236525925,2.8606505821745607,defined,0.043205443236431385,sensitivity_only
id:x%3A0x1.8000000000000p%2B1,253,4.464,3.8147200000000003,3.9383156763474076,2.8606505821745607,defined,-0.043205443236431385,sensitivity_only
id:x%3A0x1.8000000000000p%2B1,254,4.482,3.8323600000000004,3.708764323652593,2.8606505821745607,defined,0.043205443236431385,sensitivity_only
id:x%3A0x1.8000000000000p%2B1,255,4.5,3.85,3.9735956763474074,2.8606505821745607,defined,-0.043205443236431385,sensitivity_only
id:x%3A0x1.8000000000000p%2B1,256,4.518,3.8676399999999997,3.749929832050088,2.724429125880535,defined,0.043205443236431385,sensitivity_only
id:x%3A0x1.8000000000000p%2B1,257,4.536,3.88528,4.002990167949911,2.724429125880535,defined,-0.043205443236431385,sensitivity_only
id:x%3A0x1.8000000000000p%2B1,258,4.554,3.9029200000000004,3.7852098320500884,2.724429125880535,defined,0.043205443236431385,sensitivity_only
id:x%3A0x1.8000000000000p%2B1,259,4.572,3.92056,4.038270167949912,2.724429125880535,defined,-0.043205443236431385,sensitivity_only
id:x%3A0x1.8000000000000p%2B1,260,4.59,3.9382,3.820489832050088,2.724429125880535,defined,0.043205443236431385,sensitivity_only
id:x%3A0x1.8000000000000p%2B1,261,4.608,3.95584,4.073550167949912,2.724429125880535,defined,-0.043205443236431385,sensitivity_only
id:x%3A0x1.8000000000000p%2B1,262,4.626,3.9734800000000003,3.8557698320500884,2.724429125880535,defined,0.043205443236431385,sensitivity_only
id:x%3A0x1.8000000000000p%2B1,263,4.644,3.9911200000000004,4.108830167949912,2.724429125880535,defined,-0.043205443236431385,sensitivity_only
id:x%3A0x1.8000000000000p%2B1,264,4.662,4.0087600000000005,3.8910498320500886,2.724429125880535,defined,0.043205443236431385,sensitivity_only
id:x%3A0x1.8000000000000p%2B1,265,4.68,4.0264,4.144110167949911,2.724429125880535,defined,-0.043205443236431385,sensitivity_only
id:x%3A0x1.8000000000000p%2B1,266,4.698,4.044040000000001,3.926329832050089,2.724429125880535,defined,0.043205443236431385,sensitivity_only
id:x%3A0x1.8000000000000p%2B1,267,4.716,4.06168,4.1793901679499115,2.724429125880535,defined,-0.043205443236431385,sensitivity_only
id:x%3A0x1.8000000000000p%2B1,268,4.734,4.07932,3.961609832050088,2.724429125880535,defined,0.043205443236431385,sensitivity_only
id:x%3A0x1.8000000000000p%2B1,269,4.752,4.09696,4.214670167949912,2.724429125880535,defined,-0.043205443236431385,sensitivity_only
id:x%3A0x1.8000000000000p%2B1,270,4.77,4.114599999999999,3.9968898320500874,2.724429125880535,defined,0.043205443236431385,sensitivity_only
id:x%3A0x1.8000000000000p%2B1,271,4.788,4.13224,4.249950167949912,2.724429125880535,defined,-0.043205443236431385,sensitivity_only
id:x%3A0x1.8000000000000p%2B1,272,4.806,4.1498800000000005,4.032169832050089,2.724429125880535,defined,0.043205443236431385,sensitivity_only
id:x%3A0x1.8000000000000p%2B1,273,4.824,4.16752,4.285230167949911,2.724429125880535,defined,-0.043205443236431385,sensitivity_only
id:x%3A0x1.8000000000000p%2B1,274,4.842,4.18516,4.067449832050088,2.724429125880535,defined,0.043205443236431385,sensitivity_only
id:x%3A0x1.8000000000000p%2B1,275,4.86,4.2028,4.320510167949911,2.724429125880535,defined,-0.043205443236431385,sensitivity_only
id:x%3A0x1.8000000000000p%2B1,276,4.878,4.22044,4.1027298320500885,2.724429125880535,defined,0.043205443236431385,sensitivity_only
id:x%3A0x1.8000000000000p%2B1,277,4.896,4.23808,4.355790167949912,2.724429125880535,defined,-0.043205443236431385,sensitivity_only
id:x%3A0x1.8000000000000p%2B1,278,4.914,4.25572,4.138009832050089,2.724429125880535,defined,0.043205443236431385,sensitivity_only
id:x%3A0x1.8000000000000p%2B1,279,4.932,4.27336,4.391070167949912,2.724429125880535,defined,-0.043205443236431385,sensitivity_only
id:x%3A0x1.8000000000000p%2B1,280,4.95,4.291,4.173289832050089,2.724429125880535,defined,0.043205443236431385,sensitivity_only
id:x%3A0x1.8000000000000p%2B1,281,4.968,4.3086400000000005,4.426350167949912,2.724429125880535,defined,-0.043205443236431385,sensitivity_only
id:x%3A0x1.8000000000000p%2B1,282,4.986,4.32628,4.208569832050088,2.724429125880535,defined,0.043205443236431385,sensitivity_only
id:x%3A0x1.8000000000000p%2B1,283,5.0,4.34,4.457710167949911,2.724429125880535,defined,-0.043205443236431385,sensitivity_only
id:x%3A0x1.8000000000000p%2B1,284,5.004,4.34392,4.226209832050088,2.724429125880535,defined,0.043205443236431385,sensitivity_only
id:x%3A0x1.8000000000000p%2B1,285,5.022,4.361560000000001,4.479270167949912,2.724429125880535,defined,-0.043205443236431385,sensitivity_only
id:x%3A0x1.8000000000000p%2B1,286,5.04,4.3792,4.2614898320500885,2.724429125880535,defined,0.043205443236431385,sensitivity_only
id:x%3A0x1.8000000000000p%2B1,287,5.058,4.39684,4.514550167949912,2.724429125880535,defined,-0.043205443236431385,sensitivity_only
id:x%3A0x1.8000000000000p%2B1,288,5.076,4.414479999999999,4.296769832050088,2.724429125880535,defined,0.043205443236431385,sensitivity_only
id:x%3A0x1.8000000000000p%2B1,289,5.094,4.43212,4.549830167949912,2.724429125880535,defined,-0.043205443236431385,sensitivity_only
id:x%3A0x1.8000000000000p%2B1,290,5.112,4.44976,4.332049832050089,2.724429125880535,defined,0.043205443236431385,sensitivity_only
id:x%3A0x1.8000000000000p%2B1,291,5.13,4.4674,4.585110167949911,2.724429125880535,defined,-0.043205443236431385,sensitivity_only
id:x%3A0x1.8000000000000p%2B1,292,5.148,4.48504,4.367329832050088,2.724429125880535,defined,0.043205443236431385,sensitivity_only
id:x%3A0x1.8000000000000p%2B1,293,5.166,4.502680000000001,4.620390167949912,2.724429125880535,defined,-0.043205443236431385,sensitivity_only
id:x%3A0x1.8000000000000p%2B1,294,5.184,4.52032,4.402609832050088,2.724429125880535,defined,0.043205443236431385,sensitivity_only
id:x%3A0x1.8000000000000p%2B1,295,5.202,4.53796,4.6556701679499115,2.724429125880535,defined,-0.043205443236431385,sensitivity_only
id:x%3A0x1.8000000000000p%2B1,296,5.22,4.5556,4.437889832050089,2.724429125880535,defined,0.043205443236431385,sensitivity_only
id:x%3A0x1.8000000000000p%2B1,297,5.238,4.57324,4.690950167949912,2.724429125880535,defined,-0.043205443236431385,sensitivity_only
id:x%3A0x1.8000000000000p%2B1,298,5.256,4.59088,4.473169832050089,2.724429125880535,defined,0.043205443236431385,sensitivity_only
id:x%3A0x1.8000000000000p%2B1,299,5.274,4.60852,4.726230167949912,2.724429125880535,defined,-0.043205443236431385,sensitivity_only
id:x%3A0x1.8000000000000p%2B1,300,5.292,4.62616,4.508449832050088,2.724429125880535,defined,0.043205443236431385,sensitivity_only
id:x%3A0x1.8000000000000p%2B1,301,5.31,4.6438,4.761510167949911,2.724429125880535,defined,-0.043205443236431385,sensitivity_only
id:x%3A0x1.8000000000000p%2B1,302,5.328,4.661440000000001,4.543729832050089,2.724429125880535,defined,0.043205443236431385,sensitivity_only
id:x%3A0x1.8000000000000p%2B1,303,5.346,4.67908,4.796790167949911,2.724429125880535,defined,-0.043205443236431385,sensitivity_only
id:x%3A0x1.8000000000000p%2B1,304,5.364,4.69672,4.5790098320500885,2.724429125880535,defined,0.043205443236431385,sensitivity_only
id:x%3A0x1.8000000000000p%2B1,305,5.382,4.714359999999999,4.832070167949911,2.724429125880535,defined,-0.043205443236431385,sensitivity_only
id:x%3A0x1.8000000000000p%2B1,306,5.4,4.732,4.614289832050089,2.724429125880535,defined,0.043205443236431385,sensitivity_only
id:x%3A0x1.8000000000000p%2B1,307,5.418,4.74964,4.867350167949912,2.724429125880535,defined,-0.043205443236431385,sensitivity_only
id:x%3A0x1.8000000000000p%2B1,308,5.436,4.7672799999999995,4.649569832050088,2.724429125880535,defined,0.043205443236431385,sensitivity_only
id:x%3A0x1.8000000000000p%2B1,309,5.454,4.78492,4.902630167949911,2.724429125880535,defined,-0.043205443236431385,sensitivity_only
id:x%3A0x1.8000000000000p%2B1,310,5.472,4.802560000000001,4.684849832050089,2.724429125880535,defined,0.043205443236431385,sensitivity_only
id:x%3A0x1.8000000000000p%2B1,311,5.49,4.8202,4.937910167949911,2.724429125880535,defined,-0.043205443236431385,sensitivity_only
id:x%3A0x1.8000000000000p%2B1,312,5.508,4.83784,4.720129832050088,2.7244291258805333,defined,0.043205443236431385,sensitivity_only
id:x%3A0x1.8000000000000p%2B1,313,5.526,4.85548,4.9731901679499115,2.7244291258805333,defined,-0.043205443236431385,sensitivity_only
id:x%3A0x1.8000000000000p%2B1,314,5.544,4.87312,4.755409832050089,2.7244291258805333,defined,0.043205443236431385,sensitivity_only
id:x%3A0x1.8000000000000p%2B1,315,5.562,4.89076,5.008470167949912,2.7244291258805333,defined,-0.043205443236431385,sensitivity_only
id:x%3A0x1.8000000000000p%2B1,316,5.58,4.9084,4.790689832050089,2.7244291258805333,defined,0.043205443236431385,sensitivity_only
id:x%3A0x1.8000000000000p%2B1,317,5.598,4.92604,5.043750167949912,2.7244291258805333,defined,-0.043205443236431385,sensitivity_only
id:x%3A0x1.8000000000000p%2B1,318,5.616,4.94368,4.825969832050088,2.7244291258805333,defined,0.043205443236431385,sensitivity_only
id:x%3A0x1.8000000000000p%2B1,319,5.634,4.961320000000001,5.079030167949912,2.7244291258805333,defined,-0.043205443236431385,sensitivity_only
id:x%3A0x1.8000000000000p%2B1,320,5.652,4.978960000000001,4.861249832050089,2.7244291258805333,defined,0.043205443236431385,sensitivity_only
id:x%3A0x1.8000000000000p%2B1,321,5.67,4.9966,5.1143101679499114,2.7244291258805333,defined,-0.043205443236431385,sensitivity_only
id:x%3A0x1.8000000000000p%2B1,322,5.688,5.014239999999999,4.896529832050088,2.7244291258805333,defined,0.043205443236431385,sensitivity_only
id:x%3A0x1.8000000000000p%2B1,323,5.706,5.031880000000001,5.1495901679499125,2.7244291258805333,defined,-0.043205443236431385,sensitivity_only
id:x%3A0x1.8000000000000p%2B1,324,5.724,5.04952,4.931809832050089,2.7244291258805333,defined,0.043205443236431385,sensitivity_only
id:x%3A0x1.8000000000000p%2B1,325,5.742,5.067159999999999,5.184870167949911,2.7244291258805333,defined,-0.043205443236431385,sensitivity_only
id:x%3A0x1.8000000000000p%2B1,326,5.76,5.0847999999999995,4.967089832050088,2.7244291258805333,defined,0.043205443236431385,sensitivity_only
id:x%3A0x1.8000000000000p%2B1,327,5.778,5.10244,5.220150167949911,2.7244291258805333,defined,-0.043205443236431385,sensitivity_only
id:x%3A0x1.8000000000000p%2B1,328,5.796,5.12008,5.002369832050088,2.7244291258805333,defined,0.043205443236431385,sensitivity_only
id:x%3A0x1.8000000000000p%2B1,329,5.814,5.13772,5.255430167949911,2.7244291258805333,defined,-0.043205443236431385,sensitivity_only
id:x%3A0x1.8000000000000p%2B1,330,5.832,5.15536,5.037649832050088,2.7244291258805333,defined,0.043205443236431385,sensitivity_only
id:x%3A0x1.8000000000000p%2B1,331,5.85,5.173,5.290710167949912,2.7244291258805333,defined,-0.043205443236431385,sensitivity_only
id:x%3A0x1.8000000000000p%2B1,332,5.868,5.19064,5.072929832050089,2.7244291258805333,defined,0.043205443236431385,sensitivity_only
id:x%3A0x1.8000000000000p%2B1,333,5.886,5.20828,5.325990167949912,2.7244291258805333,defined,-0.043205443236431385,sensitivity_only
id:x%3A0x1.8000000000000p%2B1,334,5.904,5.22592,5.108209832050089,2.7244291258805333,defined,0.043205443236431385,sensitivity_only
id:x%3A0x1.8000000000000p%2B1,335,5.922,5.24356,5.361270167949912,2.7244291258805333,defined,-0.043205443236431385,sensitivity_only
id:x%3A0x1.8000000000000p%2B1,336,5.94,5.2612000000000005,5.143489832050089,2.7244291258805333,defined,0.043205443236431385,sensitivity_only
id:x%3A0x1.8000000000000p%2B1,337,5.958,5.278840000000001,5.396550167949912,2.7244291258805333,defined,-0.043205443236431385,sensitivity_only
id:x%3A0x1.8000000000000p%2B1,338,5.976,5.29648,5.178769832050088,2.7244291258805333,defined,0.043205443236431385,sensitivity_only
id:x%3A0x1.8000000000000p%2B1,339,5.994,5.31412,5.4318301679499115,2.7244291258805333,defined,-0.043205443236431385,sensitivity_only
id:x%3A0x1.8000000000000p%2B1,340,6.0,5.32,5.202289832050089,2.7244291258805333,defined,0.043205443236431385,sensitivity_only
id:x%3A0x1.8000000000000p%2B1,341,6.012,5.331759999999999,5.449470167949911,2.7244291258805333,defined,-0.043205443236431385,sensitivity_only
id:x%3A0x1.8000000000000p%2B1,342,6.03,5.3494,5.231689832050089,2.7244291258805333,defined,0.043205443236431385,sensitivity_only
id:x%3A0x1.8000000000000p%2B1,343,6.048,5.36704,5.484750167949912,2.7244291258805333,defined,-0.043205443236431385,sensitivity_only
id:x%3A0x1.8000000000000p%2B1,344,6.066,5.3846799999999995,5.266969832050088,2.7244291258805333,defined,0.043205443236431385,sensitivity_only
id:x%3A0x1.8000000000000p%2B1,345,6.084,5.40232,5.520030167949911,2.7244291258805333,defined,-0.043205443236431385,sensitivity_only
id:x%3A0x1.8000000000000p%2B1,346,6.102,5.4199600000000006,5.302249832050089,2.7244291258805333,defined,0.043205443236431385,sensitivity_only
id:x%3A0x1.8000000000000p%2B1,347,6.12,5.4376,5.555310167949911,2.7244291258805333,defined,-0.043205443236431385,sensitivity_only
id:x%3A0x1.8000000000000p%2B1,348,6.138,5.45524,5.337529832050088,2.7244291258805333,defined,0.043205443236431385,sensitivity_only
id:x%3A0x1.8000000000000p%2B1,349,6.156,5.47288,5.5905901679499115,2.7244291258805333,defined,-0.043205443236431385,sensitivity_only
id:x%3A0x1.8000000000000p%2B1,350,6.174,5.49052,5.3728098320500886,2.7244291258805333,defined,0.043205443236431385,sensitivity_only
id:x%3A0x1.8000000000000p%2B1,351,6.192,5.50816,5.625870167949912,2.7244291258805333,defined,-0.043205443236431385,sensitivity_only
id:x%3A0x1.8000000000000p%2B1,352,6.21,5.5258,5.408089832050089,2.7244291258805333,defined,0.043205443236431385,sensitivity_only
id:x%3A0x1.8000000000000p%2B1,353,6.228,5.54344,5.661150167949912,2.7244291258805333,defined,-0.043205443236431385,sensitivity_only
id:x%3A0x1.8000000000000p%2B1,354,6.246,5.5610800000000005,5.443369832050089,2.7244291258805333,defined,0.043205443236431385,sensitivity_only
id:x%3A0x1.8000000000000p%2B1,355,6.264,5.578720000000001,5.696430167949912,2.7244291258805333,defined,-0.043205443236431385,sensitivity_only
id:x%3A0x1.8000000000000p%2B1,356,6.282,5.596360000000001,5.478649832050089,2.7244291258805333,defined,0.043205443236431385,sensitivity_only
id:x%3A0x1.8000000000000p%2B1,357,6.3,5.614,5.731710167949911,2.7244291258805333,defined,-0.043205443236431385,sensitivity_only
id:x%3A0x1.8000000000000p%2B1,358,6.318,5.631639999999999,5.513929832050088,2.7244291258805333,defined,0.043205443236431385,sensitivity_only
id:x%3A0x1.8000000000000p%2B1,359,6.336,5.649280000000001,5.7669901679499125,2.7244291258805333,defined,-0.043205443236431385,sensitivity_only
id:x%3A0x1.8000000000000p%2B1,360,6.354,5.66692,5.549209832050089,2.7244291258805333,defined,0.043205443236431385,sensitivity_only
id:x%3A0x1.8000000000000p%2B1,361,6.372,5.684559999999999,5.802270167949911,2.7244291258805333,defined,-0.043205443236431385,sensitivity_only
id:x%3A0x1.8000000000000p%2B1,362,6.39,5.7021999999999995,5.584489832050088,2.7244291258805333,defined,0.043205443236431385,sensitivity_only
id:x%3A0x1.8000000000000p%2B1,363,6.408,5.7198400000000005,5.837550167949912,2.7244291258805333,defined,-0.043205443236431385,sensitivity_only
id:x%3A0x1.8000000000000p%2B1,364,6.426,5.73748,5.619769832050088,2.7244291258805333,defined,0.043205443236431385,sensitivity_only
id:x%3A0x1.8000000000000p%2B1,365,6.444,5.75512,5.872830167949911,2.7244291258805333,defined,-0.043205443236431385,sensitivity_only
id:x%3A0x1.8000000000000p%2B1,366,6.462,5.77276,5.655049832050088,2.7244291258805333,defined,0.043205443236431385,sensitivity_only
id:x%3A0x1.8000000000000p%2B1,367,6.48,5.7904,5.9081101679499115,2.7244291258805333,defined,-0.043205443236431385,sensitivity_only
id:x%3A0x1.8000000000000p%2B1,368,6.498,5.80804,5.690329832050089,2.7244291258805333,defined,0.043205443236431385,sensitivity_only
id:x%3A0x1.8000000000000p%2B1,369,6.516,5.82568,5.943390167949912,2.7244291258805333,defined,-0.043205443236431385,sensitivity_only
id:x%3A0x1.8000000000000p%2B1,370,6.534,5.84332,5.725609832050089,2.7244291258805333,defined,0.043205443236431385,sensitivity_only
id:x%3A0x1.8000000000000p%2B1,371,6.552,5.8609599999999995,5.978670167949911,2.7244291258805333,defined,-0.043205443236431385,sensitivity_only
id:x%3A0x1.8000000000000p%2B1,372,6.57,5.8786000000000005,5.760889832050089,2.7244291258805333,defined,0.043205443236431385,sensitivity_only
id:x%3A0x1.8000000000000p%2B1,373,6.588,5.896240000000001,6.013950167949912,2.7244291258805333,defined,-0.043205443236431385,sensitivity_only
id:x%3A0x1.8000000000000p%2B1,374,6.606,5.91388,5.796169832050088,2.7244291258805333,defined,0.043205443236431385,sensitivity_only
id:x%3A0x1.8000000000000p%2B1,375,6.624,5.93152,6.049230167949911,2.7244291258805333,defined,-0.043205443236431385,sensitivity_only
id:x%3A0x1.8000000000000p%2B1,376,6.642,5.949160000000001,5.831449832050089,2.7244291258805333,defined,0.043205443236431385,sensitivity_only
id:x%3A0x1.8000000000000p%2B1,377,6.66,5.9668,6.084510167949912,2.7244291258805333,defined,-0.043205443236431385,sensitivity_only
id:x%3A0x1.8000000000000p%2B1,378,6.678,5.98444,5.866729832050089,2.7244291258805333,defined,0.043205443236431385,sensitivity_only
id:x%3A0x1.8000000000000p%2B1,379,6.696,6.002079999999999,6.119790167949911,2.7244291258805333,defined,-0.043205443236431385,sensitivity_only
id:x%3A0x1.8000000000000p%2B1,380,6.714,6.01972,5.902009832050089,2.7244291258805333,defined,0.043205443236431385,sensitivity_only
id:x%3A0x1.8000000000000p%2B1,381,6.732,6.03736,6.155070167949911,2.7244291258805333,defined,-0.043205443236431385,sensitivity_only
id:x%3A0x1.8000000000000p%2B1,382,6.75,6.055,5.937289832050088,2.7244291258805333,defined,0.043205443236431385,sensitivity_only
id:x%3A0x1.8000000000000p%2B1,383,6.768,6.07264,6.190350167949911,2.7244291258805333,defined,-0.043205443236431385,sensitivity_only
id:x%3A0x1.8000000000000p%2B1,384,6.786,6.09028,5.972569832050088,2.7244291258805333,defined,0.043205443236431385,sensitivity_only
id:x%3A0x1.8000000000000p%2B1,385,6.804,6.10792,6.2256301679499115,2.7244291258805333,defined,-0.043205443236431385,sensitivity_only
id:x%3A0x1.8000000000000p%2B1,386,6.822,6.12556,6.007849832050089,2.7244291258805333,defined,0.043205443236431385,sensitivity_only
id:x%3A0x1.8000000000000p%2B1,387,6.84,6.1432,6.260910167949912,2.7244291258805333,defined,-0.043205443236431385,sensitivity_only
id:x%3A0x1.8000000000000p%2B1,388,6.858,6.16084,6.043129832050089,2.7244291258805333,defined,0.043205443236431385,sensitivity_only
id:x%3A0x1.8000000000000p%2B1,389,6.876,6.17848,6.296190167949912,2.7244291258805333,defined,-0.043205443236431385,sensitivity_only
id:x%3A0x1.8000000000000p%2B1,390,6.894,6.1961200000000005,6.078409832050089,2.7244291258805333,defined,0.043205443236431385,sensitivity_only
id:x%3A0x1.8000000000000p%2B1,391,6.912,6.213760000000001,6.331470167949912,2.7244291258805333,defined,-0.043205443236431385,sensitivity_only
id:x%3A0x1.8000000000000p%2B1,392,6.93,6.2314,6.113689832050088,2.7244291258805333,defined,0.043205443236431385,sensitivity_only
id:x%3A0x1.8000000000000p%2B1,393,6.948,6.249040000000001,6.366750167949912,2.7244291258805333,defined,-0.043205443236431385,sensitivity_only
id:x%3A0x1.8000000000000p%2B1,394,6.966,6.26668,6.1489698320500885,2.7244291258805333,defined,0.043205443236431385,sensitivity_only
id:x%3A0x1.8000000000000p%2B1,395,6.984,6.28432,6.402030167949912,2.7244291258805333,defined,-0.043205443236431385,sensitivity_only
id:x%3A0x1.8000000000000p%2B1,396,7.0,6.3,6.182289832050088,2.7244291258805333,defined,0.043205443236431385,sensitivity_only
id:x%3A0x1.8000000000000p%2B1,397,7.002,6.301959999999999,6.419670167949911,2.7244291258805333,defined,-0.043205443236431385,sensitivity_only
id:x%3A0x1.8000000000000p%2B1,398,7.02,6.319599999999999,6.201889832050088,2.7244291258805333,defined,0.043205443236431385,sensitivity_only
id:x%3A0x1.8000000000000p%2B1,399,7.038,6.33724,6.454950167949912,2.7244291258805333,defined,-0.043205443236431385,sensitivity_only
id:x%3A0x1.8000000000000p%2B1,400,7.056,6.35488,6.237169832050088,2.7244291258805333,defined,0.043205443236431385,sensitivity_only
id:x%3A0x1.8000000000000p%2B1,401,7.074,6.37252,6.490230167949911,2.7244291258805333,defined,-0.043205443236431385,sensitivity_only
id:x%3A0x1.8000000000000p%2B1,402,7.092,6.39016,6.272449832050088,2.7244291258805333,defined,0.043205443236431385,sensitivity_only
id:x%3A0x1.8000000000000p%2B1,403,7.11,6.4078,6.5255101679499115,2.7244291258805333,defined,-0.043205443236431385,sensitivity_only
id:x%3A0x1.8000000000000p%2B1,404,7.128,6.42544,6.3077298320500885,2.7244291258805333,defined,0.043205443236431385,sensitivity_only
id:x%3A0x1.8000000000000p%2B1,405,7.146,6.44308,6.560790167949912,2.7244291258805333,defined,-0.043205443236431385,sensitivity_only
id:x%3A0x1.8000000000000p%2B1,406,7.164,6.46072,6.343009832050089,2.7244291258805333,defined,0.043205443236431385,sensitivity_only
id:x%3A0x1.8000000000000p%2B1,407,7.182,6.47836,6.596070167949912,2.7244291258805333,defined,-0.043205443236431385,sensitivity_only
id:x%3A0x1.8000000000000p%2B1,408,7.2,6.496,6.378289832050089,2.7244291258805333,defined,0.043205443236431385,sensitivity_only
id:x%3A0x1.8000000000000p%2B1,409,7.218,6.5136400000000005,6.631350167949912,2.7244291258805333,defined,-0.043205443236431385,sensitivity_only
id:x%3A0x1.8000000000000p%2B1,410,7.236,6.53128,6.413569832050088,2.7244291258805333,defined,0.043205443236431385,sensitivity_only
id:x%3A0x1.8000000000000p%2B1,411,7.254,6.548919999999999,6.6666301679499105,2.7244291258805333,defined,-0.043205443236431385,sensitivity_only
id:x%3A0x1.8000000000000p%2B1,412,7.272,6.566560000000001,6.448849832050089,2.7244291258805333,defined,0.043205443236431385,sensitivity_only
id:x%3A0x1.8000000000000p%2B1,413,7.29,6.5842,6.701910167949912,2.7244291258805333,defined,-0.043205443236431385,sensitivity_only
id:x%3A0x1.8000000000000p%2B1,414,7.308,6.601839999999999,6.484129832050088,2.7244291258805333,defined,0.043205443236431385,sensitivity_only
id:x%3A0x1.8000000000000p%2B1,415,7.326,6.619479999999999,6.737190167949911,2.7244291258805333,defined,-0.043205443236431385,sensitivity_only
id:x%3A0x1.8000000000000p%2B1,416,7.344,6.63712,6.519409832050089,2.7244291258805333,defined,0.043205443236431385,sensitivity_only
id:x%3A0x1.8000000000000p%2B1,417,7.362,6.65476,6.772470167949911,2.7244291258805333,defined,-0.043205443236431385,sensitivity_only
id:x%3A0x1.8000000000000p%2B1,418,7.38,6.6724,6.554689832050088,2.7244291258805333,defined,0.043205443236431385,sensitivity_only
id:x%3A0x1.8000000000000p%2B1,419,7.398,6.69004,6.807750167949911,2.7244291258805333,defined,-0.043205443236431385,sensitivity_only
id:x%3A0x1.8000000000000p%2B1,420,7.416,6.70768,6.589969832050088,2.7244291258805333,defined,0.043205443236431385,sensitivity_only
id:x%3A0x1.8000000000000p%2B1,421,7.434,6.72532,6.8430301679499115,2.7244291258805333,defined,-0.043205443236431385,sensitivity_only
id:x%3A0x1.8000000000000p%2B1,422,7.452,6.74296,6.6252498320500885,2.7244291258805333,defined,0.043205443236431385,sensitivity_only
id:x%3A0x1.8000000000000p%2B1,423,7.47,6.7606,6.878310167949912,2.7244291258805333,defined,-0.043205443236431385,sensitivity_only
id:x%3A0x1.8000000000000p%2B1,424,7.488,6.77824,6.660529832050089,2.7244291258805333,defined,0.043205443236431385,sensitivity_only
id:x%3A0x1.8000000000000p%2B1,425,7.506,6.79588,6.913590167949912,2.7244291258805333,defined,-0.043205443236431385,sensitivity_only
id:x%3A0x1.8000000000000p%2B1,426,7.524,6.8135200000000005,6.695809832050089,2.7244291258805333,defined,0.043205443236431385,sensitivity_only
id:x%3A0x1.8000000000000p%2B1,427,7.542,6.83116,6.948870167949911,2.7244291258805333,defined,-0.043205443236431385,sensitivity_only
id:x%3A0x1.8000000000000p%2B1,428,7.56,6.8488,6.731089832050088,2.7244291258805333,defined,0.043205443236431385,sensitivity_only
id:x%3A0x1.8000000000000p%2B1,429,7.578,6.866440000000001,6.984150167949912,2.7244291258805333,defined,-0.043205443236431385,sensitivity_only
id:x%3A0x1.8000000000000p%2B1,430,7.596,6.88408,6.7663698320500885,2.7244291258805333,defined,0.043205443236431385,sensitivity_only
id:x%3A0x1.8000000000000p%2B1,431,7.614,6.90172,7.019430167949912,2.7244291258805333,defined,-0.043205443236431385,sensitivity_only
id:x%3A0x1.8000000000000p%2B1,432,7.632,6.919359999999999,6.801649832050088,2.7244291258805333,defined,0.043205443236431385,sensitivity_only
id:x%3A0x1.8000000000000p%2B1,433,7.65,6.937,7.054710167949912,2.7244291258805333,defined,-0.043205443236431385,sensitivity_only
id:x%3A0x1.8000000000000p%2B1,434,7.668,6.95464,6.836929832050089,2.7244291258805333,defined,0.043205443236431385,sensitivity_only
id:x%3A0x1.8000000000000p%2B1,435,7.686,6.97228,7.089990167949911,2.7244291258805333,defined,-0.043205443236431385,sensitivity_only
id:x%3A0x1.8000000000000p%2B1,436,7.704,6.98992,6.872209832050088,2.7244291258805333,defined,0.043205443236431385,sensitivity_only
id:x%3A0x1.8000000000000p%2B1,437,7.722,7.007560000000001,7.125270167949912,2.7244291258805333,defined,-0.043205443236431385,sensitivity_only
id:x%3A0x1.8000000000000p%2B1,438,7.74,7.0252,6.907489832050088,2.7244291258805333,defined,0.043205443236431385,sensitivity_only
id:x%3A0x1.8000000000000p%2B1,439,7.758,7.04284,7.1605501679499115,2.7244291258805333,defined,-0.043205443236431385,sensitivity_only
id:x%3A0x1.8000000000000p%2B1,440,7.776,7.06048,6.942769832050089,2.7244291258805333,defined,0.043205443236431385,sensitivity_only
id:x%3A0x1.8000000000000p%2B1,441,7.794,7.078119999999999,7.195830167949911,2.7244291258805333,defined,-0.043205443236431385,sensitivity_only
id:x%3A0x1.8000000000000p%2B1,442,7.812,7.09576,6.978049832050089,2.7244291258805333,defined,0.043205443236431385,sensitivity_only
id:x%3A0x1.8000000000000p%2B1,443,7.83,7.1134,7.231110167949912,2.7244291258805333,defined,-0.043205443236431385,sensitivity_only
id:x%3A0x1.8000000000000p%2B1,444,7.848,7.13104,7.013329832050088,2.7244291258805333,defined,0.043205443236431385,sensitivity_only
id:x%3A0x1.8000000000000p%2B1,445,7.866,7.14868,7.266390167949911,2.7244291258805333,defined,-0.043205443236431385,sensitivity_only
id:x%3A0x1.8000000000000p%2B1,446,7.884,7.166320000000001,7.048609832050089,2.7244291258805333,defined,0.043205443236431385,sensitivity_only
id:x%3A0x1.8000000000000p%2B1,447,7.902,7.18396,7.301670167949911,2.7244291258805333,defined,-0.043205443236431385,sensitivity_only
id:x%3A0x1.8000000000000p%2B1,448,7.92,7.2016,7.0838898320500885,2.7244291258805333,defined,0.043205443236431385,sensitivity_only
id:x%3A0x1.8000000000000p%2B1,449,7.938,7.21924,7.336950167949912,2.7244291258805333,defined,-0.043205443236431385,sensitivity_only
id:x%3A0x1.8000000000000p%2B1,450,7.956,7.23688,7.119169832050089,2.7244291258805333,defined,0.043205443236431385,sensitivity_only
id:x%3A0x1.8000000000000p%2B1,451,7.974,7.25452,7.372230167949912,2.7244291258805333,defined,-0.043205443236431385,sensitivity_only
id:x%3A0x1.8000000000000p%2B1,452,7.992,7.27216,7.154449832050089,2.7244291258805333,defined,0.043205443236431385,sensitivity_only
id:x%3A0x1.8000000000000p%2B1,453,8.0,7.28,7.397710167949912,2.7244291258805333,defined,-0.043205443236431385,sensitivity_only
id:x%3A0x1.8000000000000p%2B1,454,8.01,7.2898,7.172089832050088,2.7244291258805333,defined,0.043205443236431385,sensitivity_only
id:x%3A0x1.8000000000000p%2B1,455,8.028,7.307440000000001,7.425150167949912,2.7244291258805333,defined,-0.043205443236431385,sensitivity_only
id:x%3A0x1.8000000000000p%2B1,456,8.046,7.32508,7.207369832050088,2.7244291258805333,defined,0.043205443236431385,sensitivity_only
id:x%3A0x1.8000000000000p%2B1,457,8.064,7.34272,7.460430167949911,2.7244291258805333,defined,-0.043205443236431385,sensitivity_only
id:x%3A0x1.8000000000000p%2B1,458,8.082,7.360360000000001,7.242649832050089,2.7244291258805333,defined,0.043205443236431385,sensitivity_only
id:x%3A0x1.8000000000000p%2B1,459,8.1,7.378,7.495710167949912,2.7244291258805333,defined,-0.043205443236431385,sensitivity_only
id:x%3A0x1.8000000000000p%2B1,460,8.118,7.39564,7.277929832050089,2.7244291258805333,defined,0.043205443236431385,sensitivity_only
id:x%3A0x1.8000000000000p%2B1,461,8.136,7.413279999999999,7.530990167949911,2.7244291258805333,defined,-0.043205443236431385,sensitivity_only
id:x%3A0x1.8000000000000p%2B1,462,8.154,7.4309199999999995,7.313209832050088,2.7244291258805333,defined,0.043205443236431385,sensitivity_only
id:x%3A0x1.8000000000000p%2B1,463,8.172,7.4485600000000005,7.566270167949912,2.7244291258805333,defined,-0.043205443236431385,sensitivity_only
id:x%3A0x1.8000000000000p%2B1,464,8.19,7.4662,7.348489832050088,2.7244291258805333,defined,0.043205443236431385,sensitivity_only
id:x%3A0x1.8000000000000p%2B1,465,8.208,7.48384,7.601550167949911,2.7244291258805333,defined,-0.043205443236431385,sensitivity_only
id:x%3A0x1.8000000000000p%2B1,466,8.226,7.501480000000001,7.383769832050089,2.7244291258805333,defined,0.043205443236431385,sensitivity_only
id:x%3A0x1.8000000000000p%2B1,467,8.244,7.51912,7.6368301679499115,2.7244291258805333,defined,-0.043205443236431385,sensitivity_only
id:x%3A0x1.8000000000000p%2B1,468,8.262,7.53676,7.419049832050089,2.7244291258805333,defined,0.043205443236431385,sensitivity_only
id:x%3A0x1.8000000000000p%2B1,469,8.28,7.554399999999999,7.672110167949911,2.7244291258805333,defined,-0.043205443236431385,sensitivity_only
id:x%3A0x1.8000000000000p%2B1,470,8.298,7.57204,7.454329832050089,2.7244291258805333,defined,0.043205443236431385,sensitivity_only
id:x%3A0x1.8000000000000p%2B1,471,8.316,7.58968,7.707390167949912,2.7244291258805333,defined,-0.043205443236431385,sensitivity_only
id:x%3A0x1.8000000000000p%2B1,472,8.334,7.60732,7.489609832050088,2.7244291258805333,defined,0.043205443236431385,sensitivity_only
id:x%3A0x1.8000000000000p%2B1,473,8.352,7.624960000000001,7.742670167949912,2.7244291258805333,defined,-0.043205443236431385,sensitivity_only
id:x%3A0x1.8000000000000p%2B1,474,8.37,7.642599999999999,7.524889832050087,2.7244291258805333,defined,0.043205443236431385,sensitivity_only
id:x%3A0x1.8000000000000p%2B1,475,8.388,7.66024,7.7779501679499115,2.7244291258805333,defined,-0.043205443236431385,sensitivity_only
id:x%3A0x1.8000000000000p%2B1,476,8.406,7.677880000000001,7.560169832050089,2.7244291258805333,defined,0.043205443236431385,sensitivity_only
id:x%3A0x1.8000000000000p%2B1,477,8.424,7.695519999999999,7.813230167949911,2.7244291258805333,defined,-0.043205443236431385,sensitivity_only
id:x%3A0x1.8000000000000p%2B1,478,8.442,7.71316,7.595449832050089,2.7244291258805333,defined,0.043205443236431385,sensitivity_only
id:x%3A0x1.8000000000000p%2B1,479,8.46,7.730800000000001,7.848510167949913,2.7244291258805333,defined,-0.043205443236431385,sensitivity_only
id:x%3A0x1.8000000000000p%2B1,480,8.478,7.7484399999999996,7.630729832050088,2.7244291258805333,defined,0.043205443236431385,sensitivity_only
id:x%3A0x1.8000000000000p%2B1,481,8.496,7.7660800000000005,7.883790167949912,2.7244291258805333,defined,-0.043205443236431385,sensitivity_only
id:x%3A0x1.8000000000000p%2B1,482,8.514,7.78372,7.6895518656400705,2.179543300704428,defined,0.043205443236431385,sensitivity_only
id:x%3A0x1.8000000000000p%2B1,483,8.532,7.80136,7.895528134359929,2.179543300704428,defined,-0.043205443236431385,sensitivity_only
id:x%3A0x1.8000000000000p%2B1,484,8.55,7.819000000000001,7.724831865640072,2.179543300704428,defined,0.043205443236431385,sensitivity_only
id:x%3A0x1.8000000000000p%2B1,485,8.568,7.83664,7.930808134359929,2.179543300704428,defined,-0.043205443236431385,sensitivity_only
id:x%3A0x1.8000000000000p%2B1,486,8.586,7.85428,7.760111865640071,2.179543300704428,defined,0.043205443236431385,sensitivity_only
id:x%3A0x1.8000000000000p%2B1,487,8.604,7.871919999999999,7.966088134359929,2.179543300704428,defined,-0.043205443236431385,sensitivity_only
id:x%3A0x1.8000000000000p%2B1,488,8.622,7.8895599999999995,7.79539186564007,2.179543300704428,defined,0.043205443236431385,sensitivity_only
id:x%3A0x1.8000000000000p%2B1,489,8.64,7.9072000000000005,8.00136813435993,2.179543300704428,defined,-0.043205443236431385,sensitivity_only
id:x%3A0x1.8000000000000p%2B1,490,8.658,7.92484,7.8306718656400705,2.179543300704428,defined,0.043205443236431385,sensitivity_only
id:x%3A0x1.8000000000000p%2B1,491,8.676,7.94248,8.036648134359929,2.179543300704428,defined,-0.043205443236431385,sensitivity_only
id:x%3A0x1.8000000000000p%2B1,492,8.694,7.960120000000001,7.8659518656400715,2.179543300704428,defined,0.043205443236431385,sensitivity_only
id:x%3A0x1.8000000000000p%2B1,493,8.712,7.97776,8.07192813435993,2.179543300704428,defined,-0.043205443236431385,sensitivity_only
id:x%3A0x1.8000000000000p%2B1,494,8.73,7.9954,7.901231865640071,2.179543300704428,defined,0.043205443236431385,sensitivity_only
id:x%3A0x1.8000000000000p%2B1,495,8.748,8.01304,8.10720813435993,2.179543300704428,defined,-0.043205443236431385,sensitivity_only
id:x%3A0x1.8000000000000p%2B1,496,8.766,8.03068,7.936511865640071,2.179543300704428,defined,0.043205443236431385,sensitivity_only
id:x%3A0x1.8000000000000p%2B1,497,8.784,8.04832,8.14248813435993,2.179543300704428,defined,-0.043205443236431385,sensitivity_only
id:x%3A0x1.8000000000000p%2B1,498,8.802,8.06596,7.971791865640071,2.179543300704428,defined,0.043205443236431385,sensitivity_only
id:x%3A0x1.8000000000000p%2B1,499,8.82,8.0836,8.17776813435993,2.179543300704428,defined,-0.043205443236431385,sensitivity_only
id:x%3A0x1.8000000000000p%2B1,500,8.838,8.101239999999999,8.00707186564007,2.179543300704428,defined,0.043205443236431385,sensitivity_only
id:x%3A0x1.8000000000000p%2B1,501,8.856,8.11888,8.21304813435993,2.179543300704428,defined,-0.043205443236431385,sensitivity_only
id:x%3A0x1.8000000000000p%2B1,502,8.874,8.13652,8.042351865640072,2.179543300704428,defined,0.043205443236431385,sensitivity_only
id:x%3A0x1.8000000000000p%2B1,503,8.892,8.15416,8.248328134359928,2.179543300704428,defined,-0.043205443236431385,sensitivity_only
id:x%3A0x1.8000000000000p%2B1,504,8.91,8.171800000000001,8.077631865640072,2.179543300704428,defined,0.043205443236431385,sensitivity_only
id:x%3A0x1.8000000000000p%2B1,505,8.928,8.189440000000001,8.28360813435993,2.179543300704428,defined,-0.043205443236431385,sensitivity_only
id:x%3A0x1.8000000000000p%2B1,506,8.946,8.20708,8.11291186564007,2.179543300704428,defined,0.043205443236431385,sensitivity_only
id:x%3A0x1.8000000000000p%2B1,507,8.964,8.224720000000001,8.31888813435993,2.179543300704428,defined,-0.043205443236431385,sensitivity_only
id:x%3A0x1.8000000000000p%2B1,508,8.982,8.24236,8.14819186564007,2.179543300704428,defined,0.043205443236431385,sensitivity_only
id:x%3A0x1.8000000000000p%2B1,509,9.0,8.26,8.354168134359929,2.179543300704428,defined,-0.043205443236431385,sensitivity_only
id:x%3A0x1.0000000000000p%2B2,0,0.0,1.75,1.525991382983156,2.7244291258805347,defined,0.08222222222222222,sensitivity_only
id:x%3A0x1.0000000000000p%2B2,1,0.018,1.75576,1.8674337490806856,2.7244291258805347,defined,-0.040989779480716956,sensitivity_only
id:x%3A0x1.0000000000000p%2B2,2,0.036,1.76152,1.6498462509193144,2.7244291258805347,defined,0.040989779480716956,sensitivity_only
id:x%3A0x1.0000000000000p%2B2,3,0.054,1.76728,1.8789537490806856,2.7244291258805347,defined,-0.040989779480716956,sensitivity_only
id:x%3A0x1.0000000000000p%2B2,4,0.072,1.77304,1.6613662509193143,2.7244291258805347,defined,0.040989779480716956,sensitivity_only
id:x%3A0x1.0000000000000p%2B2,5,0.09,1.7788,1.8904737490806856,2.7244291258805347,defined,-0.040989779480716956,sensitivity_only
id:x%3A0x1.0000000000000p%2B2,6,0.108,1.78456,1.6728862509193143,2.7244291258805347,defined,0.040989779480716956,sensitivity_only
id:x%3A0x1.0000000000000p%2B2,7,0.126,1.79032,1.9019937490806855,2.7244291258805347,defined,-0.040989779480716956,sensitivity_only
id:x%3A0x1.0000000000000p%2B2,8,0.144,1.79608,1.6844062509193143,2.7244291258805347,defined,0.040989779480716956,sensitivity_only
id:x%3A0x1.0000000000000p%2B2,9,0.162,1.80184,1.9135137490806857,2.7244291258805347,defined,-0.040989779480716956,sensitivity_only
id:x%3A0x1.0000000000000p%2B2,10,0.18,1.8076,1.6959262509193145,2.7244291258805347,defined,0.040989779480716956,sensitivity_only
id:x%3A0x1.0000000000000p%2B2,11,0.198,1.81336,1.9250337490806857,2.7244291258805347,defined,-0.040989779480716956,sensitivity_only
id:x%3A0x1.0000000000000p%2B2,12,0.216,1.81912,1.7074462509193145,2.7244291258805347,defined,0.040989779480716956,sensitivity_only
id:x%3A0x1.0000000000000p%2B2,13,0.234,1.82488,1.9365537490806857,2.7244291258805347,defined,-0.040989779480716956,sensitivity_only
id:x%3A0x1.0000000000000p%2B2,14,0.252,1.83064,1.7189662509193144,2.7244291258805347,defined,0.040989779480716956,sensitivity_only
id:x%3A0x1.0000000000000p%2B2,15,0.27,1.8364,1.9480737490806856,2.7244291258805347,defined,-0.040989779480716956,sensitivity_only
id:x%3A0x1.0000000000000p%2B2,16,0.288,1.84216,1.7304862509193144,2.7244291258805347,defined,0.040989779480716956,sensitivity_only
id:x%3A0x1.0000000000000p%2B2,17,0.306,1.84792,1.9595937490806856,2.7244291258805347,defined,-0.040989779480716956,sensitivity_only
id:x%3A0x1.0000000000000p%2B2,18,0.324,1.85368,1.7420062509193144,2.7244291258805347,defined,0.040989779480716956,sensitivity_only
id:x%3A0x1.0000000000000p%2B2,19,0.342,1.85944,1.9711137490806856,2.7244291258805347,defined,-0.040989779480716956,sensitivity_only
id:x%3A0x1.0000000000000p%2B2,20,0.36,1.8652,1.7535262509193144,2.7244291258805347,defined,0.040989779480716956,sensitivity_only
id:x%3A0x1.0000000000000p%2B2,21,0.378,1.87096,1.9826337490806856,2.7244291258805347,defined,-0.040989779480716956,sensitivity_only
id:x%3A0x1.0000000000000p%2B2,22,0.396,1.87672,1.7650462509193143,2.7244291258805347,defined,0.040989779480716956,sensitivity_only
id:x%3A0x1.0000000000000p%2B2,23,0.414,1.88248,1.9941537490806855,2.7244291258805347,defined,-0.040989779480716956,sensitivity_only
id:x%3A0x1.0000000000000p%2B2,24,0.432,1.88824,1.7765662509193143,2.7244291258805347,defined,0.040989779480716956,sensitivity_only
id:x%3A0x1.0000000000000p%2B2,25,0.45,1.8940000000000001,2.0056737490806857,2.7244291258805347,defined,-0.040989779480716956,sensitivity_only
id:x%3A0x1.0000000000000p%2B2,26,0.468,1.8997600000000001,1.7880862509193145,2.7244291258805347,defined,0.040989779480716956,sensitivity_only
id:x%3A0x1.0000000000000p%2B2,27,0.486,1.90552,2.0171937490806857,2.7244291258805347,defined,-0.040989779480716956,sensitivity_only
id:x%3A0x1.0000000000000p%2B2,28,0.504,1.91128,1.7996062509193145,2.7244291258805347,defined,0.040989779480716956,sensitivity_only
id:x%3A0x1.0000000000000p%2B2,29,0.522,1.91704,2.0287137490806857,2.7244291258805347,defined,-0.040989779480716956,sensitivity_only
id:x%3A0x1.0000000000000p%2B2,30,0.54,1.9228,1.8111262509193145,2.7244291258805347,defined,0.040989779480716956,sensitivity_only
id:x%3A0x1.0000000000000p%2B2,31,0.558,1.92856,2.0402337490806857,2.7244291258805347,defined,-0.040989779480716956,sensitivity_only
id:x%3A0x1.0000000000000p%2B2,32,0.576,1.93432,1.8226462509193144,2.7244291258805347,defined,0.040989779480716956,sensitivity_only
id:x%3A0x1.0000000000000p%2B2,33,0.594,1.94008,2.0517537490806856,2.7244291258805347,defined,-0.040989779480716956,sensitivity_only
id:x%3A0x1.0000000000000p%2B2,34,0.612,1.94584,1.8341662509193144,2.7244291258805347,defined,0.040989779480716956,sensitivity_only
id:x%3A0x1.0000000000000p%2B2,35,0.63,1.9516,2.0632737490806856,2.7244291258805347,defined,-0.040989779480716956,sensitivity_only
id:x%3A0x1.0000000000000p%2B2,36,0.648,1.95736,1.8456862509193144,2.7244291258805347,defined,0.040989779480716956,sensitivity_only
id:x%3A0x1.0000000000000p%2B2,37,0.666,1.96312,2.0747937490806856,2.7244291258805347,defined,-0.040989779480716956,sensitivity_only
id:x%3A0x1.0000000000000p%2B2,38,0.684,1.96888,1.8572062509193143,2.7244291258805347,defined,0.040989779480716956,sensitivity_only
id:x%3A0x1.0000000000000p%2B2,39,0.702,1.97464,2.0863137490806856,2.7244291258805347,defined,-0.040989779480716956,sensitivity_only
id:x%3A0x1.0000000000000p%2B2,40,0.72,1.9804,1.8687262509193143,2.7244291258805347,defined,0.040989779480716956,sensitivity_only
id:x%3A0x1.0000000000000p%2B2,41,0.738,1.98616,2.0978337490806855,2.7244291258805347,defined,-0.040989779480716956,sensitivity_only
id:x%3A0x1.0000000000000p%2B2,42,0.756,1.99192,1.8802462509193143,2.7244291258805347,defined,0.040989779480716956,sensitivity_only
id:x%3A0x1.0000000000000p%2B2,43,0.774,1.99768,2.1093537490806855,2.7244291258805347,defined,-0.040989779480716956,sensitivity_only
id:x%3A0x1.0000000000000p%2B2,44,0.792,2.00344,1.8917662509193143,2.7244291258805347,defined,0.040989779480716956,sensitivity_only
id:x%3A0x1.0000000000000p%2B2,45,0.81,2.0092,2.1208737490806855,2.7244291258805347,defined,-0.040989779480716956,sensitivity_only
id:x%3A0x1.0000000000000p%2B2,46,0.828,2.01496,1.9032862509193142,2.7244291258805347,defined,0.040989779480716956,sensitivity_only
id:x%3A0x1.0000000000000p%2B2,47,0.846,2.02072,2.1323937490806855,2.7244291258805347,defined,-0.040989779480716956,sensitivity_only
id:x%3A0x1.0000000000000p%2B2,48,0.864,2.02648,1.9148062509193142,2.7244291258805347,defined,0.040989779480716956,sensitivity_only
id:x%3A0x1.0000000000000p%2B2,49,0.882,2.03224,2.1439137490806854,2.7244291258805347,defined,-0.040989779480716956,sensitivity_only
id:x%3A0x1.0000000000000p%2B2,50,0.9,2.0380000000000003,1.9263262509193146,2.7244291258805347,defined,0.040989779480716956,sensitivity_only
id:x%3A0x1.0000000000000p%2B2,51,0.918,2.04376,2.1554337490806854,2.7244291258805347,defined,-0.040989779480716956,sensitivity_only
id:x%3A0x1.0000000000000p%2B2,52,0.936,2.0495200000000002,1.9378462509193146,2.7244291258805347,defined,0.040989779480716956,sensitivity_only
id:x%3A0x1.0000000000000p%2B2,53,0.954,2.0552799999999998,2.1669537490806854,2.7244291258805347,defined,-0.040989779480716956,sensitivity_only
id:x%3A0x1.0000000000000p%2B2,54,0.972,2.06104,1.9493662509193146,2.7244291258805347,defined,0.040989779480716956,sensitivity_only
id:x%3A0x1.0000000000000p%2B2,55,0.99,2.0668,2.178473749080686,2.7244291258805347,defined,-0.040989779480716956,sensitivity_only
id:x%3A0x1.0000000000000p%2B2,56,1.0,2.07,1.9583262509193142,2.7244291258805347,defined,0.040989779480716956,sensitivity_only
id:x%3A0x1.0000000000000p%2B2,57,1.008,2.07256,2.184233749080686,2.7244291258805347,defined,-0.040989779480716956,sensitivity_only
id:x%3A0x1.0000000000000p%2B2,58,1.026,2.07832,1.9666462509193146,2.7244291258805347,defined,0.040989779480716956,sensitivity_only
id:x%3A0x1.0000000000000p%2B2,59,1.044,2.08408,2.1957537490806858,2.7244291258805347,defined,-0.040989779480716956,sensitivity_only
id:x%3A0x1.0000000000000p%2B2,60,1.062,2.08984,1.9781662509193145,2.7244291258805347,defined,0.040989779480716956,sensitivity_only
id:x%3A0x1.0000000000000p%2B2,61,1.08,2.0956,2.2072737490806857,2.7244291258805347,defined,-0.040989779480716956,sensitivity_only
id:x%3A0x1.0000000000000p%2B2,62,1.098,2.10136,1.9896862509193145,2.7244291258805347,defined,0.040989779480716956,sensitivity_only
id:x%3A0x1.0000000000000p%2B2,63,1.116,2.10712,2.2187937490806857,2.7244291258805347,defined,-0.040989779480716956,sensitivity_only
id:x%3A0x1.0000000000000p%2B2,64,1.134,2.11288,2.0012062509193145,2.7244291258805347,defined,0.040989779480716956,sensitivity_only
id:x%3A0x1.0000000000000p%2B2,65,1.152,2.11864,2.2303137490806857,2.7244291258805347,defined,-0.040989779480716956,sensitivity_only
id:x%3A0x1.0000000000000p%2B2,66,1.17,2.1244,2.0127262509193145,2.7244291258805347,defined,0.040989779480716956,sensitivity_only
id:x%3A0x1.0000000000000p%2B2,67,1.188,2.13016,2.2418337490806857,2.7244291258805347,defined,-0.040989779480716956,sensitivity_only
id:x%3A0x1.0000000000000p%2B2,68,1.206,2.13592,2.0242462509193144,2.7244291258805347,defined,0.040989779480716956,sensitivity_only
id:x%3A0x1.0000000000000p%2B2,69,1.224,2.14168,2.2533537490806856,2.7244291258805347,defined,-0.040989779480716956,sensitivity_only
id:x%3A0x1.0000000000000p%2B2,70,1.242,2.14744,2.0357662509193144,2.7244291258805347,defined,0.040989779480716956,sensitivity_only
id:x%3A0x1.0000000000000p%2B2,71,1.26,2.1532,2.2648737490806856,2.7244291258805347,defined,-0.040989779480716956,sensitivity_only
id:x%3A0x1.0000000000000p%2B2,72,1.278,2.15896,2.0472862509193144,2.7244291258805347,defined,0.040989779480716956,sensitivity_only
id:x%3A0x1.0000000000000p%2B2,73,1.296,2.16472,2.2763937490806856,2.7244291258805347,defined,-0.040989779480716956,sensitivity_only
id:x%3A0x1.0000000000000p%2B2,74,1.314,2.17048,2.0588062509193144,2.7244291258805347,defined,0.040989779480716956,sensitivity_only
id:x%3A0x1.0000000000000p%2B2,75,1.332,2.17624,2.2879137490806856,2.7244291258805347,defined,-0.040989779480716956,sensitivity_only
id:x%3A0x1.0000000000000p%2B2,76,1.35,2.182,2.0703262509193143,2.7244291258805347,defined,0.040989779480716956,sensitivity_only
id:x%3A0x1.0000000000000p%2B2,77,1.368,2.18776,2.2994337490806855,2.7244291258805347,defined,-0.040989779480716956,sensitivity_only
id:x%3A0x1.0000000000000p%2B2,78,1.386,2.19352,2.0818462509193143,2.7244291258805347,defined,0.040989779480716956,sensitivity_only
id:x%3A0x1.0000000000000p%2B2,79,1.404,2.19928,2.3109537490806855,2.7244291258805347,defined,-0.040989779480716956,sensitivity_only
id:x%3A0x1.0000000000000p%2B2,80,1.422,2.20504,2.0933662509193143,2.7244291258805347,defined,0.040989779480716956,sensitivity_only
id:x%3A0x1.0000000000000p%2B2,81,1.44,2.2108,2.3224737490806855,2.7244291258805347,defined,-0.040989779480716956,sensitivity_only
id:x%3A0x1.0000000000000p%2B2,82,1.458,2.21656,2.1048862509193143,2.7244291258805347,defined,0.040989779480716956,sensitivity_only
id:x%3A0x1.0000000000000p%2B2,83,1.476,2.22232,2.3339937490806855,2.7244291258805347,defined,-0.040989779480716956,sensitivity_only
id:x%3A0x1.0000000000000p%2B2,84,1.494,2.22808,2.1164062509193142,2.7244291258805347,defined,0.040989779480716956,sensitivity_only
id:x%3A0x1.0000000000000p%2B2,85,1.512,2.23384,2.3455137490806854,2.724429125880535,defined,-0.040989779480716956,sensitivity_only
id:x%3A0x1.0000000000000p%2B2,86,1.53,2.2396000000000003,2.1279262509193146,2.724429125880535,defined,0.040989779480716956,sensitivity_only
id:x%3A0x1.0000000000000p%2B2,87,1.548,2.24536,2.3570337490806854,2.724429125880535,defined,-0.040989779480716956,sensitivity_only
id:x%3A0x1.0000000000000p%2B2,88,1.566,2.2511200000000002,2.1394462509193146,2.724429125880535,defined,0.040989779480716956,sensitivity_only
id:x%3A0x1.0000000000000p%2B2,89,1.584,2.2568799999999998,2.3685537490806854,2.724429125880535,defined,-0.040989779480716956,sensitivity_only
id:x%3A0x1.0000000000000p%2B2,90,1.602,2.26264,2.1509662509193146,2.724429125880535,defined,0.040989779480716956,sensitivity_only
id:x%3A0x1.0000000000000p%2B2,91,1.62,2.2684,2.380073749080686,2.724429125880535,defined,-0.040989779480716956,sensitivity_only
id:x%3A0x1.0000000000000p%2B2,92,1.638,2.27416,2.1624862509193146,2.724429125880535,defined,0.040989779480716956,sensitivity_only
id:x%3A0x1.0000000000000p%2B2,93,1.656,2.2799199999999997,2.3915937490806853,2.724429125880535,defined,-0.040989779480716956,sensitivity_only
id:x%3A0x1.0000000000000p%2B2,94,1.674,2.28568,2.1740062509193145,2.724429125880535,defined,0.040989779480716956,sensitivity_only
id:x%3A0x1.0000000000000p%2B2,95,1.692,2.29144,2.4031137490806858,2.724429125880535,defined,-0.040989779480716956,sensitivity_only
id:x%3A0x1.0000000000000p%2B2,96,1.71,2.2972,2.1855262509193145,2.724429125880535,defined,0.040989779480716956,sensitivity_only
id:x%3A0x1.0000000000000p%2B2,97,1.728,2.30296,2.4146337490806857,2.724429125880535,defined,-0.040989779480716956,sensitivity_only
id:x%3A0x1.0000000000000p%2B2,98,1.746,2.30872,2.1970462509193145,2.724429125880535,defined,0.040989779480716956,sensitivity_only
id:x%3A0x1.0000000000000p%2B2,99,1.764,2.31448,2.4261537490806857,2.724429125880535,defined,-0.040989779480716956,sensitivity_only
id:x%3A0x1.0000000000000p%2B2,100,1.782,2.32024,2.2085662509193145,2.724429125880535,defined,0.040989779480716956,sensitivity_only
id:x%3A0x1.0000000000000p%2B2,101,1.8,2.326,2.4376737490806857,2.724429125880535,defined,-0.040989779480716956,sensitivity_only
id:x%3A0x1.0000000000000p%2B2,102,1.818,2.33176,2.2200862509193144,2.724429125880535,defined,0.040989779480716956,sensitivity_only
id:x%3A0x1.0000000000000p%2B2,103,1.836,2.33752,2.4491937490806857,2.724429125880535,defined,-0.040989779480716956,sensitivity_only
id:x%3A0x1.0000000000000p%2B2,104,1.854,2.34328,2.2316062509193144,2.724429125880535,defined,0.040989779480716956,sensitivity_only
id:x%3A0x1.0000000000000p%2B2,105,1.872,2.34904,2.4607137490806856,2.724429125880535,defined,-0.040989779480716956,sensitivity_only
id:x%3A0x1.0000000000000p%2B2,106,1.89,2.3548,2.2431262509193144,2.724429125880535,defined,0.040989779480716956,sensitivity_only
id:x%3A0x1.0000000000000p%2B2,107,1.908,2.36056,2.4722337490806856,2.724429125880535,defined,-0.040989779480716956,sensitivity_only
id:x%3A0x1.0000000000000p%2B2,108,1.926,2.36632,2.2546462509193144,2.724429125880535,defined,0.040989779480716956,sensitivity_only
id:x%3A0x1.0000000000000p%2B2,109,1.944,2.37208,2.4837537490806856,2.724429125880535,defined,-0.040989779480716956,sensitivity_only
id:x%3A0x1.0000000000000p%2B2,110,1.962,2.37784,2.2661662509193143,2.724429125880535,defined,0.040989779480716956,sensitivity_only
id:x%3A0x1.0000000000000p%2B2,111,1.98,2.3836,2.4952737490806856,2.724429125880535,defined,-0.040989779480716956,sensitivity_only
id:x%3A0x1.0000000000000p%2B2,112,1.998,2.38936,2.2776862509193143,2.724429125880535,defined,0.040989779480716956,sensitivity_only
id:x%3A0x1.0000000000000p%2B2,113,2.0,2.39,2.5016737490806857,2.724429125880535,defined,-0.040989779480716956,sensitivity_only
id:x%3A0x1.0000000000000p%2B2,114,2.016,2.39512,2.2834462509193143,2.724429125880535,defined,0.040989779480716956,sensitivity_only
id:x%3A0x1.0000000000000p%2B2,115,2.034,2.40088,2.5125537490806855,2.724429125880535,defined,-0.040989779480716956,sensitivity_only
id:x%3A0x1.0000000000000p%2B2,116,2.052,2.40664,2.2949662509193143,2.724429125880535,defined,0.040989779480716956,sensitivity_only
id:x%3A0x1.0000000000000p%2B2,117,2.07,2.4124,2.5240737490806855,2.724429125880535,defined,-0.040989779480716956,sensitivity_only
id:x%3A0x1.0000000000000p%2B2,118,2.088,2.4181600000000003,2.3064862509193147,2.724429125880535,defined,0.040989779480716956,sensitivity_only
id:x%3A0x1.0000000000000p%2B2,119,2.106,2.42392,2.5355937490806855,2.724429125880535,defined,-0.040989779480716956,sensitivity_only
id:x%3A0x1.0000000000000p%2B2,120,2.124,2.4296800000000003,2.3180062509193147,2.724429125880535,defined,0.040989779480716956,sensitivity_only
id:x%3A0x1.0000000000000p%2B2,121,2.142,2.43544,2.5471137490806854,2.724429125880535,defined,-0.040989779480716956,sensitivity_only
id:x%3A0x1.0000000000000p%2B2,122,2.16,2.4412000000000003,2.3295262509193146,2.724429125880535,defined,0.040989779480716956,sensitivity_only
id:x%3A0x1.0000000000000p%2B2,123,2.178,2.44696,2.5586337490806854,2.724429125880535,defined,-0.040989779480716956,sensitivity_only
id:x%3A0x1.0000000000000p%2B2,124,2.196,2.4527200000000002,2.3410462509193146,2.724429125880535,defined,0.040989779480716956,sensitivity_only
id:x%3A0x1.0000000000000p%2B2,125,2.214,2.4584799999999998,2.5701537490806854,2.724429125880535,defined,-0.040989779480716956,sensitivity_only
id:x%3A0x1.0000000000000p%2B2,126,2.232,2.46424,2.3525662509193146,2.724429125880535,defined,0.040989779480716956,sensitivity_only
id:x%3A0x1.0000000000000p%2B2,127,2.25,2.4699999999999998,2.5816737490806854,2.724429125880535,defined,-0.040989779480716956,sensitivity_only
id:x%3A0x1.0000000000000p%2B2,128,2.268,2.47576,2.3640862509193146,2.724429125880535,defined,0.040989779480716956,sensitivity_only
id:x%3A0x1.0000000000000p%2B2,129,2.286,2.48152,2.593193749080686,2.724429125880535,defined,-0.040989779480716956,sensitivity_only
id:x%3A0x1.0000000000000p%2B2,130,2.304,2.48728,2.3756062509193145,2.724429125880535,defined,0.040989779480716956,sensitivity_only
id:x%3A0x1.0000000000000p%2B2,131,2.322,2.49304,2.6047137490806858,2.724429125880535,defined,-0.040989779480716956,sensitivity_only
id:x%3A0x1.0000000000000p%2B2,132,2.34,2.4988,2.3871262509193145,2.724429125880535,defined,0.040989779480716956,sensitivity_only
id:x%3A0x1.0000000000000p%2B2,133,2.358,2.50456,2.6162337490806857,2.724429125880535,defined,-0.040989779480716956,sensitivity_only
id:x%3A0x1.0000000000000p%2B2,134,2.376,2.51032,2.3986462509193145,2.724429125880535,defined,0.040989779480716956,sensitivity_only
id:x%3A0x1.0000000000000p%2B2,135,2.394,2.51608,2.6277537490806857,2.724429125880535,defined,-0.040989779480716956,sensitivity_only
id:x%3A0x1.0000000000000p%2B2,136,2.412,2.52184,2.4101662509193145,2.724429125880535,defined,0.040989779480716956,sensitivity_only
id:x%3A0x1.0000000000000p%2B2,137,2.43,2.5276,2.6392737490806857,2.724429125880535,defined,-0.040989779480716956,sensitivity_only
id:x%3A0x1.0000000000000p%2B2,138,2.448,2.53336,2.4216862509193144,2.724429125880535,defined,0.040989779480716956,sensitivity_only
id:x%3A0x1.0000000000000p%2B2,139,2.466,2.53912,2.6507937490806857,2.724429125880535,defined,-0.040989779480716956,sensitivity_only
id:x%3A0x1.0000000000000p%2B2,140,2.484,2.54488,2.4332062509193144,2.724429125880535,defined,0.040989779480716956,sensitivity_only
id:x%3A0x1.0000000000000p%2B2,141,2.502,2.55064,2.623227936902446,1.7708789318223472,defined,-0.040989779480716956,sensitivity_only
id:x%3A0x1.0000000000000p%2B2,142,2.52,2.5564,2.483812063097554,1.7708789318223472,defined,0.040989779480716956,sensitivity_only
id:x%3A0x1.0000000000000p%2B2,143,2.538,2.56216,2.634747936902446,1.7708789318223472,defined,-0.040989779480716956,sensitivity_only
id:x%3A0x1.0000000000000p%2B2,144,2.556,2.56792,2.495332063097554,1.7708789318223472,defined,0.040989779480716956,sensitivity_only
id:x%3A0x1.0000000000000p%2B2,145,2.574,2.57368,2.6462679369024458,1.7708789318223472,defined,-0.040989779480716956,sensitivity_only
id:x%3A0x1.0000000000000p%2B2,146,2.592,2.57944,2.506852063097554,1.7708789318223472,defined,0.040989779480716956,sensitivity_only
id:x%3A0x1.0000000000000p%2B2,147,2.61,2.5852,2.6577879369024457,1.7708789318223472,defined,-0.040989779480716956,sensitivity_only
id:x%3A0x1.0000000000000p%2B2,148,2.628,2.59096,2.518372063097554,1.7708789318223472,defined,0.040989779480716956,sensitivity_only
id:x%3A0x1.0000000000000p%2B2,149,2.646,2.59672,2.6693079369024457,1.7708789318223472,defined,-0.040989779480716956,sensitivity_only
id:x%3A0x1.0000000000000p%2B2,150,2.664,2.60248,2.529892063097554,1.7708789318223472,defined,0.040989779480716956,sensitivity_only
id:x%3A0x1.0000000000000p%2B2,151,2.682,2.60824,2.6808279369024457,1.7708789318223472,defined,-0.040989779480716956,sensitivity_only
id:x%3A0x1.0000000000000p%2B2,152,2.7,2.614,2.541412063097554,1.7708789318223472,defined,0.040989779480716956,sensitivity_only
id:x%3A0x1.0000000000000p%2B2,153,2.718,2.61976,2.6923479369024457,1.7708789318223472,defined,-0.040989779480716956,sensitivity_only
id:x%3A0x1.0000000000000p%2B2,154,2.736,2.62552,2.552932063097554,1.7708789318223472,defined,0.040989779480716956,sensitivity_only
id:x%3A0x1.0000000000000p%2B2,155,2.754,2.6312800000000003,2.703867936902446,1.7708789318223472,defined,-0.040989779480716956,sensitivity_only
id:x%3A0x1.0000000000000p%2B2,156,2.772,2.63704,2.564452063097554,1.7708789318223472,defined,0.040989779480716956,sensitivity_only
id:x%3A0x1.0000000000000p%2B2,157,2.79,2.6428000000000003,2.715387936902446,1.7708789318223472,defined,-0.040989779480716956,sensitivity_only
id:x%3A0x1.0000000000000p%2B2,158,2.808,2.64856,2.575972063097554,1.7708789318223472,defined,0.040989779480716956,sensitivity_only
id:x%3A0x1.0000000000000p%2B2,159,2.826,2.6543200000000002,2.726907936902446,1.7708789318223472,defined,-0.040989779480716956,sensitivity_only
id:x%3A0x1.0000000000000p%2B2,160,2.844,2.66008,2.587492063097554,1.7708789318223472,defined,0.040989779480716956,sensitivity_only
id:x%3A0x1.0000000000000p%2B2,161,2.862,2.66584,2.738427936902446,1.7708789318223472,defined,-0.040989779480716956,sensitivity_only
id:x%3A0x1.0000000000000p%2B2,162,2.88,2.6715999999999998,2.599012063097554,1.7708789318223472,defined,0.040989779480716956,sensitivity_only
id:x%3A0x1.0000000000000p%2B2,163,2.898,2.67736,2.749947936902446,1.7708789318223472,defined,-0.040989779480716956,sensitivity_only
id:x%3A0x1.0000000000000p%2B2,164,2.916,2.6831199999999997,2.610532063097554,1.7708789318223472,defined,0.040989779480716956,sensitivity_only
id:x%3A0x1.0000000000000p%2B2,165,2.934,2.68888,2.761467936902446,1.7708789318223472,defined,-0.040989779480716956,sensitivity_only
id:x%3A0x1.0000000000000p%2B2,166,2.952,2.69464,2.6220520630975543,1.7708789318223472,defined,0.040989779480716956,sensitivity_only
id:x%3A0x1.0000000000000p%2B2,167,2.97,2.7004,2.772987936902446,1.7708789318223472,defined,-0.040989779480716956,sensitivity_only
id:x%3A0x1.0000000000000p%2B2,168,2.988,2.70616,2.6335720630975543,1.7708789318223472,defined,0.040989779480716956,sensitivity_only
id:x%3A0x1.0000000000000p%2B2,169,3.0,2.71,2.7825879369024458,1.7708789318223472,defined,-0.040989779480716956,sensitivity_only
id:x%3A0x1.0000000000000p%2B2,170,3.006,2.71192,2.6393320630975543,1.7708789318223472,defined,0.040989779480716956,sensitivity_only
id:x%3A0x1.0000000000000p%2B2,171,3.024,2.71768,2.790267936902446,1.7708789318223472,defined,-0.040989779480716956,sensitivity_only
id:x%3A0x1.0000000000000p%2B2,172,3.042,2.72344,2.6508520630975543,1.7708789318223472,defined,0.040989779480716956,sensitivity_only
id:x%3A0x1.0000000000000p%2B2,173,3.06,2.7292,2.801787936902446,1.7708789318223472,defined,-0.040989779480716956,sensitivity_only
id:x%3A0x1.0000000000000p%2B2,174,3.078,2.73496,2.6623720630975543,1.7708789318223472,defined,0.040989779480716956,sensitivity_only
id:x%3A0x1.0000000000000p%2B2,175,3.096,2.74072,2.813307936902446,1.7708789318223472,defined,-0.040989779480716956,sensitivity_only
id:x%3A0x1.0000000000000p%2B2,176,3.114,2.74648,2.6738920630975542,1.7708789318223472,defined,0.040989779480716956,sensitivity_only
id:x%3A0x1.0000000000000p%2B2,177,3.132,2.75224,2.824827936902446,1.7708789318223472,defined,-0.040989779480716956,sensitivity_only
id:x%3A0x1.0000000000000p%2B2,178,3.15,2.758,2.685412063097554,1.7708789318223472,defined,0.040989779480716956,sensitivity_only
id:x%3A0x1.0000000000000p%2B2,179,3.168,2.76376,2.836347936902446,1.7708789318223472,defined,-0.040989779480716956,sensitivity_only
id:x%3A0x1.0000000000000p%2B2,180,3.186,2.76952,2.696932063097554,1.7708789318223472,defined,0.040989779480716956,sensitivity_only
id:x%3A0x1.0000000000000p%2B2,181,3.204,2.77528,2.8478679369024458,1.7708789318223472,defined,-0.040989779480716956,sensitivity_only
id:x%3A0x1.0000000000000p%2B2,182,3.222,2.78104,2.708452063097554,1.7708789318223472,defined,0.040989779480716956,sensitivity_only
id:x%3A0x1.0000000000000p%2B2,183,3.24,2.7868000000000004,2.859387936902446,1.7708789318223472,defined,-0.040989779480716956,sensitivity_only
id:x%3A0x1.0000000000000p%2B2,184,3.258,2.79256,2.719972063097554,1.7708789318223472,defined,0.040989779480716956,sensitivity_only
id:x%3A0x1.0000000000000p%2B2,185,3.276,2.79832,2.8709079369024457,1.7708789318223472,defined,-0.040989779480716956,sensitivity_only
id:x%3A0x1.0000000000000p%2B2,186,3.294,2.80408,2.731492063097554,1.7708789318223472,defined,0.040989779480716956,sensitivity_only
id:x%3A0x1.0000000000000p%2B2,187,3.312,2.80984,2.8824279369024457,1.7708789318223472,defined,-0.040989779480716956,sensitivity_only
id:x%3A0x1.0000000000000p%2B2,188,3.33,2.8156,2.743012063097554,1.7708789318223472,defined,0.040989779480716956,sensitivity_only
id:x%3A0x1.0000000000000p%2B2,189,3.348,2.8213600000000003,2.893947936902446,1.7708789318223472,defined,-0.040989779480716956,sensitivity_only
id:x%3A0x1.0000000000000p%2B2,190,3.366,2.82712,2.754532063097554,1.7708789318223472,defined,0.040989779480716956,sensitivity_only
id:x%3A0x1.0000000000000p%2B2,191,3.384,2.8328800000000003,2.905467936902446,1.7708789318223472,defined,-0.040989779480716956,sensitivity_only
id:x%3A0x1.0000000000000p%2B2,192,3.402,2.83864,2.766052063097554,1.7708789318223472,defined,0.040989779480716956,sensitivity_only
id:x%3A0x1.0000000000000p%2B2,193,3.42,2.8444000000000003,2.916987936902446,1.7708789318223472,defined,-0.040989779480716956,sensitivity_only
id:x%3A0x1.0000000000000p%2B2,194,3.438,2.85016,2.777572063097554,1.7708789318223472,defined,0.040989779480716956,sensitivity_only
id:x%3A0x1.0000000000000p%2B2,195,3.456,2.8559200000000002,2.928507936902446,1.7708789318223472,defined,-0.040989779480716956,sensitivity_only
id:x%3A0x1.0000000000000p%2B2,196,3.474,2.86168,2.789092063097554,1.7708789318223472,defined,0.040989779480716956,sensitivity_only
id:x%3A0x1.0000000000000p%2B2,197,3.492,2.86744,2.940027936902446,1.7708789318223472,defined,-0.040989779480716956,sensitivity_only
id:x%3A0x1.0000000000000p%2B2,198,3.5,2.87,2.7974120630975543,1.7708789318223472,defined,0.040989779480716956,sensitivity_only
id:x%3A0x1.0000000000000p%2B2,199,3.51,2.8798,2.99705743653472,2.8606505821745607,defined,-0.040989779480716956,sensitivity_only
id:x%3A0x1.0000000000000p%2B2,200,3.528,2.89744,2.78018256346528,2.8606505821745607,defined,0.040989779480716956,sensitivity_only
id:x%3A0x1.0000000000000p%2B2,201,3.546,2.91508,3.03233743653472,2.8606505821745607,defined,-0.040989779480716956,sensitivity_only
id:x%3A0x1.0000000000000p%2B2,202,3.564,2.93272,2.8154625634652803,2.8606505821745607,defined,0.040989779480716956,sensitivity_only
id:x%3A0x1.0000000000000p%2B2,203,3.582,2.95036,3.0676174365347197,2.8606505821745607,defined,-0.040989779480716956,sensitivity_only
id:x%3A0x1.0000000000000p%2B2,204,3.6,2.968,2.85074256346528,2.8606505821745607,defined,0.040989779480716956,sensitivity_only
id:x%3A0x1.0000000000000p%2B2,205,3.618,2.98564,3.10289743653472,2.8606505821745607,defined,-0.040989779480716956,sensitivity_only
id:x%3A0x1.0000000000000p%2B2,206,3.636,3.00328,2.8860225634652803,2.8606505821745607,defined,0.040989779480716956,sensitivity_only
id:x%3A0x1.0000000000000p%2B2,207,3.654,3.02092,3.1381774365347197,2.8606505821745607,defined,-0.040989779480716956,sensitivity_only
id:x%3A0x1.0000000000000p%2B2,208,3.672,3.0385600000000004,2.9213025634652805,2.8606505821745607,defined,0.040989779480716956,sensitivity_only
id:x%3A0x1.0000000000000p%2B2,209,3.69,3.0562,3.17345743653472,2.8606505821745607,defined,-0.040989779480716956,sensitivity_only
id:x%3A0x1.0000000000000p%2B2,210,3.708,3.07384,2.9565825634652803,2.8606505821745607,defined,0.040989779480716956,sensitivity_only
id:x%3A0x1.0000000000000p%2B2,211,3.726,3.0914800000000002,3.20873743653472,2.8606505821745607,defined,-0.040989779480716956,sensitivity_only
id:x%3A0x1.0000000000000p%2B2,212,3.744,3.1091200000000003,2.9918625634652805,2.8606505821745607,defined,0.040989779480716956,sensitivity_only
id:x%3A0x1.0000000000000p%2B2,213,3.762,3.12676,3.24401743653472,2.8606505821745607,defined,-0.040989779480716956,sensitivity_only
id:x%3A0x1.0000000000000p%2B2,214,3.78,3.1444,3.02714256346528,2.8606505821745607,defined,0.040989779480716956,sensitivity_only
id:x%3A0x1.0000000000000p%2B2,215,3.798,3.16204,3.27929743653472,2.8606505821745607,defined,-0.040989779480716956,sensitivity_only
id:x%3A0x1.0000000000000p%2B2,216,3.816,3.17968,3.06242256346528,2.8606505821745607,defined,0.040989779480716956,sensitivity_only
id:x%3A0x1.0000000000000p%2B2,217,3.834,3.1973200000000004,3.3145774365347203,2.8606505821745607,defined,-0.040989779480716956,sensitivity_only
id:x%3A0x1.0000000000000p%2B2,218,3.852,3.21496,3.09770256346528,2.8606505821745607,defined,0.040989779480716956,sensitivity_only
id:x%3A0x1.0000000000000p%2B2,219,3.87,3.2326,3.34985743653472,2.8606505821745607,defined,-0.040989779480716956,sensitivity_only
id:x%3A0x1.0000000000000p%2B2,220,3.888,3.25024,3.13298256346528,2.8606505821745607,defined,0.040989779480716956,sensitivity_only
id:x%3A0x1.0000000000000p%2B2,221,3.906,3.2678800000000003,3.38513743653472,2.8606505821745607,defined,-0.040989779480716956,sensitivity_only
id:x%3A0x1.0000000000000p%2B2,222,3.924,3.28552,3.16826256346528,2.8606505821745607,defined,0.040989779480716956,sensitivity_only
id:x%3A0x1.0000000000000p%2B2,223,3.942,3.30316,3.42041743653472,2.8606505821745607,defined,-0.040989779480716956,sensitivity_only
id:x%3A0x1.0000000000000p%2B2,224,3.96,3.3208,3.2035425634652803,2.8606505821745607,defined,0.040989779480716956,sensitivity_only
id:x%3A0x1.0000000000000p%2B2,225,3.978,3.3384400000000003,3.45569743653472,2.8606505821745607,defined,-0.040989779480716956,sensitivity_only
id:x%3A0x1.0000000000000p%2B2,226,3.996,3.35608,3.23882256346528,2.8606505821745607,defined,0.040989779480716956,sensitivity_only
id:x%3A0x1.0000000000000p%2B2,227,4.0,3.3600000000000003,3.47725743653472,2.8606505821745607,defined,-0.040989779480716956,sensitivity_only
id:x%3A0x1.0000000000000p%2B2,228,4.014,3.3737200000000005,3.2564625634652806,2.8606505821745607,defined,0.040989779480716956,sensitivity_only
id:x%3A0x1.0000000000000p%2B2,229,4.032,3.39136,3.50861743653472,2.8606505821745607,defined,-0.040989779480716956,sensitivity_only
id:x%3A0x1.0000000000000p%2B2,230,4.05,3.409,3.29174256346528,2.8606505821745607,defined,0.040989779480716956,sensitivity_only
id:x%3A0x1.0000000000000p%2B2,231,4.068,3.42664,3.54389743653472,2.8606505821745607,defined,-0.040989779480716956,sensitivity_only
id:x%3A0x1.0000000000000p%2B2,232,4.086,3.4442800000000005,3.3270225634652806,2.8606505821745607,defined,0.040989779480716956,sensitivity_only
id:x%3A0x1.0000000000000p%2B2,233,4.104,3.46192,3.57917743653472,2.8606505821745607,defined,-0.040989779480716956,sensitivity_only
id:x%3A0x1.0000000000000p%2B2,234,4.122,3.47956,3.3623025634652803,2.8606505821745607,defined,0.040989779480716956,sensitivity_only
id:x%3A0x1.0000000000000p%2B2,235,4.14,3.4972,3.6144574365347197,2.8606505821745607,defined,-0.040989779480716956,sensitivity_only
id:x%3A0x1.0000000000000p%2B2,236,4.158,3.5148400000000004,3.3975825634652805,2.8606505821745607,defined,0.040989779480716956,sensitivity_only
id:x%3A0x1.0000000000000p%2B2,237,4.176,3.5324800000000005,3.6497374365347204,2.8606505821745607,defined,-0.040989779480716956,sensitivity_only
id:x%3A0x1.0000000000000p%2B2,238,4.194,3.55012,3.4328625634652803,2.8606505821745607,defined,0.040989779480716956,sensitivity_only
id:x%3A0x1.0000000000000p%2B2,239,4.212,3.56776,3.6850174365347197,2.8606505821745607,defined,-0.040989779480716956,sensitivity_only
id:x%3A0x1.0000000000000p%2B2,240,4.23,3.5854000000000004,3.4681425634652805,2.8606505821745607,defined,0.040989779480716956,sensitivity_only
id:x%3A0x1.0000000000000p%2B2,241,4.248,3.6030400000000005,3.7202974365347203,2.8606505821745607,defined,-0.040989779480716956,sensitivity_only
id:x%3A0x1.0000000000000p%2B2,242,4.266,3.62068,3.5034225634652802,2.8606505821745607,defined,0.040989779480716956,sensitivity_only
id:x%3A0x1.0000000000000p%2B2,243,4.284,3.6383199999999998,3.7555774365347196,2.8606505821745607,defined,-0.040989779480716956,sensitivity_only
id:x%3A0x1.0000000000000p%2B2,244,4.302,3.6559599999999994,3.5387025634652796,2.8606505821745607,defined,0.040989779480716956,sensitivity_only
id:x%3A0x1.0000000000000p%2B2,245,4.32,3.6736000000000004,3.7908574365347203,2.8606505821745607,defined,-0.040989779480716956,sensitivity_only
id:x%3A0x1.0000000000000p%2B2,246,4.338,3.69124,3.57398256346528,2.8606505821745607,defined,0.040989779480716956,sensitivity_only
id:x%3A0x1.0000000000000p%2B2,247,4.356,3.7088799999999997,3.8261374365347196,2.8606505821745607,defined,-0.040989779480716956,sensitivity_only
id:x%3A0x1.0000000000000p%2B2,248,4.374,3.72652,3.60926256346528,2.8606505821745607,defined,0.040989779480716956,sensitivity_only
id:x%3A0x1.0000000000000p%2B2,249,4.392,3.7441600000000004,3.8614174365347202,2.8606505821745607,defined,-0.040989779480716956,sensitivity_only
id:x%3A0x1.0000000000000p%2B2,250,4.41,3.7618,3.64454256346528,2.8606505821745607,defined,0.040989779480716956,sensitivity_only
id:x%3A0x1.0000000000000p%2B2,251,4.428,3.77944,3.89669743653472,2.8606505821745607,defined,-0.040989779480716956,sensitivity_only
id:x%3A0x1.0000000000000p%2B2,252,4.446,3.79708,3.67982256346528,2.8606505821745607,defined,0.040989779480716956,sensitivity_only
id:x%3A0x1.0000000000000p%2B2,253,4.464,3.8147200000000003,3.93197743653472,2.8606505821745607,defined,-0.040989779480716956,sensitivity_only
id:x%3A0x1.0000000000000p%2B2,254,4.482,3.8323600000000004,3.7151025634652806,2.8606505821745607,defined,0.040989779480716956,sensitivity_only
id:x%3A0x1.0000000000000p%2B2,255,4.5,3.85,3.96725743653472,2.8606505821745607,defined,-0.040989779480716956,sensitivity_only
id:x%3A0x1.0000000000000p%2B2,256,4.518,3.8676399999999997,3.755966250919314,2.724429125880535,defined,0.040989779480716956,sensitivity_only
id:x%3A0x1.0000000000000p%2B2,257,4.536,3.88528,3.9969537490806855,2.724429125880535,defined,-0.040989779480716956,sensitivity_only
id:x%3A0x1.0000000000000p%2B2,258,4.554,3.9029200000000004,3.7912462509193148,2.724429125880535,defined,0.040989779480716956,sensitivity_only
id:x%3A0x1.0000000000000p%2B2,259,4.572,3.92056,4.032233749080685,2.724429125880535,defined,-0.040989779480716956,sensitivity_only
id:x%3A0x1.0000000000000p%2B2,260,4.59,3.9382,3.8265262509193145,2.724429125880535,defined,0.040989779480716956,sensitivity_only
id:x%3A0x1.0000000000000p%2B2,261,4.608,3.95584,4.067513749080685,2.724429125880535,defined,-0.040989779480716956,sensitivity_only
id:x%3A0x1.0000000000000p%2B2,262,4.626,3.9734800000000003,3.8618062509193147,2.724429125880535,defined,0.040989779480716956,sensitivity_only
id:x%3A0x1.0000000000000p%2B2,263,4.644,3.9911200000000004,4.102793749080686,2.724429125880535,defined,-0.040989779480716956,sensitivity_only
id:x%3A0x1.0000000000000p%2B2,264,4.662,4.0087600000000005,3.897086250919315,2.724429125880535,defined,0.040989779480716956,sensitivity_only
id:x%3A0x1.0000000000000p%2B2,265,4.68,4.0264,4.138073749080685,2.724429125880535,defined,-0.040989779480716956,sensitivity_only
id:x%3A0x1.0000000000000p%2B2,266,4.698,4.044040000000001,3.932366250919315,2.724429125880535,defined,0.040989779480716956,sensitivity_only
id:x%3A0x1.0000000000000p%2B2,267,4.716,4.06168,4.173353749080685,2.724429125880535,defined,-0.040989779480716956,sensitivity_only
id:x%3A0x1.0000000000000p%2B2,268,4.734,4.07932,3.9676462509193144,2.724429125880535,defined,0.040989779480716956,sensitivity_only
id:x%3A0x1.0000000000000p%2B2,269,4.752,4.09696,4.208633749080685,2.724429125880535,defined,-0.040989779480716956,sensitivity_only
id:x%3A0x1.0000000000000p%2B2,270,4.77,4.114599999999999,4.002926250919314,2.724429125880535,defined,0.040989779480716956,sensitivity_only
id:x%3A0x1.0000000000000p%2B2,271,4.788,4.13224,4.2439137490806855,2.724429125880535,defined,-0.040989779480716956,sensitivity_only
id:x%3A0x1.0000000000000p%2B2,272,4.806,4.1498800000000005,4.038206250919315,2.724429125880535,defined,0.040989779480716956,sensitivity_only
id:x%3A0x1.0000000000000p%2B2,273,4.824,4.16752,4.279193749080685,2.724429125880535,defined,-0.040989779480716956,sensitivity_only
id:x%3A0x1.0000000000000p%2B2,274,4.842,4.18516,4.073486250919315,2.724429125880535,defined,0.040989779480716956,sensitivity_only
id:x%3A0x1.0000000000000p%2B2,275,4.86,4.2028,4.314473749080685,2.724429125880535,defined,-0.040989779480716956,sensitivity_only
id:x%3A0x1.0000000000000p%2B2,276,4.878,4.22044,4.108766250919315,2.724429125880535,defined,0.040989779480716956,sensitivity_only
id:x%3A0x1.0000000000000p%2B2,277,4.896,4.23808,4.349753749080685,2.724429125880535,defined,-0.040989779480716956,sensitivity_only
id:x%3A0x1.0000000000000p%2B2,278,4.914,4.25572,4.144046250919315,2.724429125880535,defined,0.040989779480716956,sensitivity_only
id:x%3A0x1.0000000000000p%2B2,279,4.932,4.27336,4.385033749080685,2.724429125880535,defined,-0.040989779480716956,sensitivity_only
id:x%3A0x1.0000000000000p%2B2,280,4.95,4.291,4.179326250919315,2.724429125880535,defined,0.040989779480716956,sensitivity_only
id:x%3A0x1.0000000000000p%2B2,281,4.968,4.3086400000000005,4.420313749080686,2.724429125880535,defined,-0.040989779480716956,sensitivity_only
id:x%3A0x1.0000000000000p%2B2,282,4.986,4.32628,4.2146062509193145,2.724429125880535,defined,0.040989779480716956,sensitivity_only
id:x%3A0x1.0000000000000p%2B2,283,5.0,4.34,4.451673749080685,2.724429125880535,defined,-0.040989779480716956,sensitivity_only
id:x%3A0x1.0000000000000p%2B2,284,5.004,4.34392,4.232246250919315,2.724429125880535,defined,0.040989779480716956,sensitivity_only
id:x%3A0x1.0000000000000p%2B2,285,5.022,4.361560000000001,4.473233749080686,2.724429125880535,defined,-0.040989779480716956,sensitivity_only
id:x%3A0x1.0000000000000p%2B2,286,5.04,4.3792,4.267526250919315,2.724429125880535,defined,0.040989779480716956,sensitivity_only
id:x%3A0x1.0000000000000p%2B2,287,5.058,4.39684,4.508513749080685,2.724429125880535,defined,-0.040989779480716956,sensitivity_only
id:x%3A0x1.0000000000000p%2B2,288,5.076,4.414479999999999,4.302806250919314,2.724429125880535,defined,0.040989779480716956,sensitivity_only
id:x%3A0x1.0000000000000p%2B2,289,5.094,4.43212,4.5437937490806855,2.724429125880535,defined,-0.040989779480716956,sensitivity_only
id:x%3A0x1.0000000000000p%2B2,290,5.112,4.44976,4.338086250919315,2.724429125880535,defined,0.040989779480716956,sensitivity_only
id:x%3A0x1.0000000000000p%2B2,291,5.13,4.4674,4.579073749080685,2.724429125880535,defined,-0.040989779480716956,sensitivity_only
id:x%3A0x1.0000000000000p%2B2,292,5.148,4.48504,4.3733662509193145,2.724429125880535,defined,0.040989779480716956,sensitivity_only
id:x%3A0x1.0000000000000p%2B2,293,5.166,4.502680000000001,4.614353749080686,2.724429125880535,defined,-0.040989779480716956,sensitivity_only
id:x%3A0x1.0000000000000p%2B2,294,5.184,4.52032,4.408646250919315,2.724429125880535,defined,0.040989779480716956,sensitivity_only
id:x%3A0x1.0000000000000p%2B2,295,5.202,4.53796,4.649633749080685,2.724429125880535,defined,-0.040989779480716956,sensitivity_only
id:x%3A0x1.0000000000000p%2B2,296,5.22,4.5556,4.443926250919315,2.724429125880535,defined,0.040989779480716956,sensitivity_only
id:x%3A0x1.0000000000000p%2B2,297,5.238,4.57324,4.684913749080685,2.724429125880535,defined,-0.040989779480716956,sensitivity_only
id:x%3A0x1.0000000000000p%2B2,298,5.256,4.59088,4.479206250919315,2.724429125880535,defined,0.040989779480716956,sensitivity_only
id:x%3A0x1.0000000000000p%2B2,299,5.274,4.60852,4.720193749080686,2.724429125880535,defined,-0.040989779480716956,sensitivity_only
id:x%3A0x1.0000000000000p%2B2,300,5.292,4.62616,4.514486250919314,2.724429125880535,defined,0.040989779480716956,sensitivity_only
id:x%3A0x1.0000000000000p%2B2,301,5.31,4.6438,4.755473749080685,2.724429125880535,defined,-0.040989779480716956,sensitivity_only
id:x%3A0x1.0000000000000p%2B2,302,5.328,4.661440000000001,4.5497662509193155,2.724429125880535,defined,0.040989779480716956,sensitivity_only
id:x%3A0x1.0000000000000p%2B2,303,5.346,4.67908,4.790753749080685,2.724429125880535,defined,-0.040989779480716956,sensitivity_only
id:x%3A0x1.0000000000000p%2B2,304,5.364,4.69672,4.585046250919315,2.724429125880535,defined,0.040989779480716956,sensitivity_only
id:x%3A0x1.0000000000000p%2B2,305,5.382,4.714359999999999,4.826033749080684,2.724429125880535,defined,-0.040989779480716956,sensitivity_only
id:x%3A0x1.0000000000000p%2B2,306,5.4,4.732,4.620326250919315,2.724429125880535,defined,0.040989779480716956,sensitivity_only
id:x%3A0x1.0000000000000p%2B2,307,5.418,4.74964,4.8613137490806855,2.724429125880535,defined,-0.040989779480716956,sensitivity_only
id:x%3A0x1.0000000000000p%2B2,308,5.436,4.7672799999999995,4.655606250919314,2.724429125880535,defined,0.040989779480716956,sensitivity_only
id:x%3A0x1.0000000000000p%2B2,309,5.454,4.78492,4.896593749080685,2.724429125880535,defined,-0.040989779480716956,sensitivity_only
id:x%3A0x1.0000000000000p%2B2,310,5.472,4.802560000000001,4.690886250919315,2.724429125880535,defined,0.040989779480716956,sensitivity_only
id:x%3A0x1.0000000000000p%2B2,311,5.49,4.8202,4.931873749080685,2.724429125880535,defined,-0.040989779480716956,sensitivity_only
id:x%3A0x1.0000000000000p%2B2,312,5.508,4.83784,4.726166250919315,2.7244291258805333,defined,0.040989779480716956,sensitivity_only
id:x%3A0x1.0000000000000p%2B2,313,5.526,4.85548,4.967153749080685,2.7244291258805333,defined,-0.040989779480716956,sensitivity_only
id:x%3A0x1.0000000000000p%2B2,314,5.544,4.87312,4.761446250919315,2.7244291258805333,defined,0.040989779480716956,sensitivity_only
id:x%3A0x1.0000000000000p%2B2,315,5.562,4.89076,5.002433749080685,2.7244291258805333,defined,-0.040989779480716956,sensitivity_only
id:x%3A0x1.0000000000000p%2B2,316,5.58,4.9084,4.796726250919315,2.7244291258805333,defined,0.040989779480716956,sensitivity_only
id:x%3A0x1.0000000000000p%2B2,317,5.598,4.92604,5.037713749080686,2.7244291258805333,defined,-0.040989779480716956,sensitivity_only
id:x%3A0x1.0000000000000p%2B2,318,5.616,4.94368,4.8320062509193145,2.7244291258805333,defined,0.040989779480716956,sensitivity_only
id:x%3A0x1.0000000000000p%2B2,319,5.634,4.961320000000001,5.072993749080686,2.7244291258805333,defined,-0.040989779480716956,sensitivity_only
id:x%3A0x1.0000000000000p%2B2,320,5.652,4.978960000000001,4.8672862509193155,2.7244291258805333,defined,0.040989779480716956,sensitivity_only
id:x%3A0x1.0000000000000p%2B2,321,5.67,4.9966,5.108273749080685,2.7244291258805333,defined,-0.040989779480716956,sensitivity_only
id:x%3A0x1.0000000000000p%2B2,322,5.688,5.014239999999999,4.902566250919314,2.7244291258805333,defined,0.040989779480716956,sensitivity_only
id:x%3A0x1.0000000000000p%2B2,323,5.706,5.031880000000001,5.143553749080686,2.7244291258805333,defined,-0.040989779480716956,sensitivity_only
id:x%3A0x1.0000000000000p%2B2,324,5.724,5.04952,4.937846250919315,2.7244291258805333,defined,0.040989779480716956,sensitivity_only
id:x%3A0x1.0000000000000p%2B2,325,5.742,5.067159999999999,5.178833749080685,2.7244291258805333,defined,-0.040989779480716956,sensitivity_only
id:x%3A0x1.0000000000000p%2B2,326,5.76,5.0847999999999995,4.973126250919314,2.7244291258805333,defined,0.040989779480716956,sensitivity_only
id:x%3A0x1.0000000000000p%2B2,327,5.778,5.10244,5.214113749080685,2.7244291258805333,defined,-0.040989779480716956,sensitivity_only
id:x%3A0x1.0000000000000p%2B2,328,5.796,5.12008,5.008406250919315,2.7244291258805333,defined,0.040989779480716956,sensitivity_only
id:x%3A0x1.0000000000000p%2B2,329,5.814,5.13772,5.249393749080685,2.7244291258805333,defined,-0.040989779480716956,sensitivity_only
id:x%3A0x1.0000000000000p%2B2,330,5.832,5.15536,5.043686250919315,2.7244291258805333,defined,0.040989779480716956,sensitivity_only
id:x%3A0x1.0000000000000p%2B2,331,5.85,5.173,5.284673749080685,2.7244291258805333,defined,-0.040989779480716956,sensitivity_only
id:x%3A0x1.0000000000000p%2B2,332,5.868,5.19064,5.078966250919315,2.7244291258805333,defined,0.040989779480716956,sensitivity_only
id:x%3A0x1.0000000000000p%2B2,333,5.886,5.20828,5.319953749080685,2.7244291258805333,defined,-0.040989779480716956,sensitivity_only
id:x%3A0x1.0000000000000p%2B2,334,5.904,5.22592,5.114246250919315,2.7244291258805333,defined,0.040989779480716956,sensitivity_only
id:x%3A0x1.0000000000000p%2B2,335,5.922,5.24356,5.355233749080686,2.7244291258805333,defined,-0.040989779480716956,sensitivity_only
id:x%3A0x1.0000000000000p%2B2,336,5.94,5.2612000000000005,5.149526250919315,2.7244291258805333,defined,0.040989779480716956,sensitivity_only
id:x%3A0x1.0000000000000p%2B2,337,5.958,5.278840000000001,5.390513749080686,2.7244291258805333,defined,-0.040989779480716956,sensitivity_only
id:x%3A0x1.0000000000000p%2B2,338,5.976,5.29648,5.184806250919315,2.7244291258805333,defined,0.040989779480716956,sensitivity_only
id:x%3A0x1.0000000000000p%2B2,339,5.994,5.31412,5.425793749080685,2.7244291258805333,defined,-0.040989779480716956,sensitivity_only
id:x%3A0x1.0000000000000p%2B2,340,6.0,5.32,5.208326250919315,2.7244291258805333,defined,0.040989779480716956,sensitivity_only
id:x%3A0x1.0000000000000p%2B2,341,6.012,5.331759999999999,5.443433749080684,2.7244291258805333,defined,-0.040989779480716956,sensitivity_only
id:x%3A0x1.0000000000000p%2B2,342,6.03,5.3494,5.237726250919315,2.7244291258805333,defined,0.040989779480716956,sensitivity_only
id:x%3A0x1.0000000000000p%2B2,343,6.048,5.36704,5.478713749080685,2.7244291258805333,defined,-0.040989779480716956,sensitivity_only
id:x%3A0x1.0000000000000p%2B2,344,6.066,5.3846799999999995,5.273006250919314,2.7244291258805333,defined,0.040989779480716956,sensitivity_only
id:x%3A0x1.0000000000000p%2B2,345,6.084,5.40232,5.513993749080685,2.7244291258805333,defined,-0.040989779480716956,sensitivity_only
id:x%3A0x1.0000000000000p%2B2,346,6.102,5.4199600000000006,5.308286250919315,2.7244291258805333,defined,0.040989779480716956,sensitivity_only
id:x%3A0x1.0000000000000p%2B2,347,6.12,5.4376,5.549273749080685,2.7244291258805333,defined,-0.040989779480716956,sensitivity_only
id:x%3A0x1.0000000000000p%2B2,348,6.138,5.45524,5.343566250919315,2.7244291258805333,defined,0.040989779480716956,sensitivity_only
id:x%3A0x1.0000000000000p%2B2,349,6.156,5.47288,5.584553749080685,2.7244291258805333,defined,-0.040989779480716956,sensitivity_only
id:x%3A0x1.0000000000000p%2B2,350,6.174,5.49052,5.378846250919315,2.7244291258805333,defined,0.040989779480716956,sensitivity_only
id:x%3A0x1.0000000000000p%2B2,351,6.192,5.50816,5.619833749080685,2.7244291258805333,defined,-0.040989779480716956,sensitivity_only
id:x%3A0x1.0000000000000p%2B2,352,6.21,5.5258,5.414126250919315,2.7244291258805333,defined,0.040989779480716956,sensitivity_only
id:x%3A0x1.0000000000000p%2B2,353,6.228,5.54344,5.6551137490806855,2.7244291258805333,defined,-0.040989779480716956,sensitivity_only
id:x%3A0x1.0000000000000p%2B2,354,6.246,5.5610800000000005,5.449406250919315,2.7244291258805333,defined,0.040989779480716956,sensitivity_only
id:x%3A0x1.0000000000000p%2B2,355,6.264,5.578720000000001,5.690393749080686,2.7244291258805333,defined,-0.040989779480716956,sensitivity_only
id:x%3A0x1.0000000000000p%2B2,356,6.282,5.596360000000001,5.4846862509193155,2.7244291258805333,defined,0.040989779480716956,sensitivity_only
id:x%3A0x1.0000000000000p%2B2,357,6.3,5.614,5.725673749080685,2.7244291258805333,defined,-0.040989779480716956,sensitivity_only
id:x%3A0x1.0000000000000p%2B2,358,6.318,5.631639999999999,5.519966250919314,2.7244291258805333,defined,0.040989779480716956,sensitivity_only
id:x%3A0x1.0000000000000p%2B2,359,6.336,5.649280000000001,5.760953749080686,2.7244291258805333,defined,-0.040989779480716956,sensitivity_only
id:x%3A0x1.0000000000000p%2B2,360,6.354,5.66692,5.555246250919315,2.7244291258805333,defined,0.040989779480716956,sensitivity_only
id:x%3A0x1.0000000000000p%2B2,361,6.372,5.684559999999999,5.796233749080685,2.7244291258805333,defined,-0.040989779480716956,sensitivity_only
id:x%3A0x1.0000000000000p%2B2,362,6.39,5.7021999999999995,5.590526250919314,2.7244291258805333,defined,0.040989779480716956,sensitivity_only
id:x%3A0x1.0000000000000p%2B2,363,6.408,5.7198400000000005,5.831513749080686,2.7244291258805333,defined,-0.040989779480716956,sensitivity_only
id:x%3A0x1.0000000000000p%2B2,364,6.426,5.73748,5.6258062509193145,2.7244291258805333,defined,0.040989779480716956,sensitivity_only
id:x%3A0x1.0000000000000p%2B2,365,6.444,5.75512,5.866793749080685,2.7244291258805333,defined,-0.040989779480716956,sensitivity_only
id:x%3A0x1.0000000000000p%2B2,366,6.462,5.77276,5.661086250919315,2.7244291258805333,defined,0.040989779480716956,sensitivity_only
id:x%3A0x1.0000000000000p%2B2,367,6.48,5.7904,5.902073749080685,2.7244291258805333,defined,-0.040989779480716956,sensitivity_only
id:x%3A0x1.0000000000000p%2B2,368,6.498,5.80804,5.696366250919315,2.7244291258805333,defined,0.040989779480716956,sensitivity_only
id:x%3A0x1.0000000000000p%2B2,369,6.516,5.82568,5.937353749080685,2.7244291258805333,defined,-0.040989779480716956,sensitivity_only
id:x%3A0x1.0000000000000p%2B2,370,6.534,5.84332,5.731646250919315,2.7244291258805333,defined,0.040989779480716956,sensitivity_only
id:x%3A0x1.0000000000000p%2B2,371,6.552,5.8609599999999995,5.972633749080685,2.7244291258805333,defined,-0.040989779480716956,sensitivity_only
id:x%3A0x1.0000000000000p%2B2,372,6.57,5.8786000000000005,5.766926250919315,2.7244291258805333,defined,0.040989779480716956,sensitivity_only
id:x%3A0x1.0000000000000p%2B2,373,6.588,5.896240000000001,6.007913749080686,2.7244291258805333,defined,-0.040989779480716956,sensitivity_only
id:x%3A0x1.0000000000000p%2B2,374,6.606,5.91388,5.802206250919315,2.7244291258805333,defined,0.040989779480716956,sensitivity_only
id:x%3A0x1.0000000000000p%2B2,375,6.624,5.93152,6.043193749080685,2.7244291258805333,defined,-0.040989779480716956,sensitivity_only
id:x%3A0x1.0000000000000p%2B2,376,6.642,5.949160000000001,5.837486250919316,2.7244291258805333,defined,0.040989779480716956,sensitivity_only
id:x%3A0x1.0000000000000p%2B2,377,6.66,5.9668,6.078473749080685,2.7244291258805333,defined,-0.040989779480716956,sensitivity_only
id:x%3A0x1.0000000000000p%2B2,378,6.678,5.98444,5.872766250919315,2.7244291258805333,defined,0.040989779480716956,sensitivity_only
id:x%3A0x1.0000000000000p%2B2,379,6.696,6.002079999999999,6.113753749080685,2.7244291258805333,defined,-0.040989779480716956,sensitivity_only
id:x%3A0x1.0000000000000p%2B2,380,6.714,6.01972,5.908046250919315,2.7244291258805333,defined,0.040989779480716956,sensitivity_only
id:x%3A0x1.0000000000000p%2B2,381,6.732,6.03736,6.149033749080685,2.7244291258805333,defined,-0.040989779480716956,sensitivity_only
id:x%3A0x1.0000000000000p%2B2,382,6.75,6.055,5.9433262509193145,2.7244291258805333,defined,0.040989779480716956,sensitivity_only
id:x%3A0x1.0000000000000p%2B2,383,6.768,6.07264,6.184313749080685,2.7244291258805333,defined,-0.040989779480716956,sensitivity_only
id:x%3A0x1.0000000000000p%2B2,384,6.786,6.09028,5.978606250919315,2.7244291258805333,defined,0.040989779480716956,sensitivity_only
id:x%3A0x1.0000000000000p%2B2,385,6.804,6.10792,6.219593749080685,2.7244291258805333,defined,-0.040989779480716956,sensitivity_only
id:x%3A0x1.0000000000000p%2B2,386,6.822,6.12556,6.013886250919315,2.7244291258805333,defined,0.040989779480716956,sensitivity_only
id:x%3A0x1.0000000000000p%2B2,387,6.84,6.1432,6.254873749080685,2.7244291258805333,defined,-0.040989779480716956,sensitivity_only
id:x%3A0x1.0000000000000p%2B2,388,6.858,6.16084,6.049166250919315,2.7244291258805333,defined,0.040989779480716956,sensitivity_only
id:x%3A0x1.0000000000000p%2B2,389,6.876,6.17848,6.290153749080686,2.7244291258805333,defined,-0.040989779480716956,sensitivity_only
id:x%3A0x1.0000000000000p%2B2,390,6.894,6.1961200000000005,6.084446250919315,2.7244291258805333,defined,0.040989779480716956,sensitivity_only
id:x%3A0x1.0000000000000p%2B2,391,6.912,6.213760000000001,6.325433749080686,2.7244291258805333,defined,-0.040989779480716956,sensitivity_only
id:x%3A0x1.0000000000000p%2B2,392,6.93,6.2314,6.119726250919315,2.7244291258805333,defined,0.040989779480716956,sensitivity_only
id:x%3A0x1.0000000000000p%2B2,393,6.948,6.249040000000001,6.360713749080686,2.7244291258805333,defined,-0.040989779480716956,sensitivity_only
id:x%3A0x1.0000000000000p%2B2,394,6.966,6.26668,6.155006250919315,2.7244291258805333,defined,0.040989779480716956,sensitivity_only
id:x%3A0x1.0000000000000p%2B2,395,6.984,6.28432,6.395993749080685,2.7244291258805333,defined,-0.040989779480716956,sensitivity_only
id:x%3A0x1.0000000000000p%2B2,396,7.0,6.3,6.188326250919315,2.7244291258805333,defined,0.040989779480716956,sensitivity_only
id:x%3A0x1.0000000000000p%2B2,397,7.002,6.301959999999999,6.4136337490806845,2.7244291258805333,defined,-0.040989779480716956,sensitivity_only
id:x%3A0x1.0000000000000p%2B2,398,7.02,6.319599999999999,6.207926250919314,2.7244291258805333,defined,0.040989779480716956,sensitivity_only
id:x%3A0x1.0000000000000p%2B2,399,7.038,6.33724,6.448913749080686,2.7244291258805333,defined,-0.040989779480716956,sensitivity_only
id:x%3A0x1.0000000000000p%2B2,400,7.056,6.35488,6.2432062509193145,2.7244291258805333,defined,0.040989779480716956,sensitivity_only
id:x%3A0x1.0000000000000p%2B2,401,7.074,6.37252,6.484193749080685,2.7244291258805333,defined,-0.040989779480716956,sensitivity_only
id:x%3A0x1.0000000000000p%2B2,402,7.092,6.39016,6.278486250919315,2.7244291258805333,defined,0.040989779480716956,sensitivity_only
id:x%3A0x1.0000000000000p%2B2,403,7.11,6.4078,6.519473749080685,2.7244291258805333,defined,-0.040989779480716956,sensitivity_only
id:x%3A0x1.0000000000000p%2B2,404,7.128,6.42544,6.313766250919315,2.7244291258805333,defined,0.040989779480716956,sensitivity_only
id:x%3A0x1.0000000000000p%2B2,405,7.146,6.44308,6.554753749080685,2.7244291258805333,defined,-0.040989779480716956,sensitivity_only
id:x%3A0x1.0000000000000p%2B2,406,7.164,6.46072,6.349046250919315,2.7244291258805333,defined,0.040989779480716956,sensitivity_only
id:x%3A0x1.0000000000000p%2B2,407,7.182,6.47836,6.5900337490806855,2.7244291258805333,defined,-0.040989779480716956,sensitivity_only
id:x%3A0x1.0000000000000p%2B2,408,7.2,6.496,6.384326250919315,2.7244291258805333,defined,0.040989779480716956,sensitivity_only
id:x%3A0x1.0000000000000p%2B2,409,7.218,6.5136400000000005,6.625313749080686,2.7244291258805333,defined,-0.040989779480716956,sensitivity_only
id:x%3A0x1.0000000000000p%2B2,410,7.236,6.53128,6.419606250919315,2.7244291258805333,defined,0.040989779480716956,sensitivity_only
id:x%3A0x1.0000000000000p%2B2,411,7.254,6.548919999999999,6.660593749080684,2.7244291258805333,defined,-0.040989779480716956,sensitivity_only
id:x%3A0x1.0000000000000p%2B2,412,7.272,6.566560000000001,6.454886250919316,2.7244291258805333,defined,0.040989779480716956,sensitivity_only
id:x%3A0x1.0000000000000p%2B2,413,7.29,6.5842,6.695873749080685,2.7244291258805333,defined,-0.040989779480716956,sensitivity_only
id:x%3A0x1.0000000000000p%2B2,414,7.308,6.601839999999999,6.490166250919314,2.7244291258805333,defined,0.040989779480716956,sensitivity_only
id:x%3A0x1.0000000000000p%2B2,415,7.326,6.619479999999999,6.7311537490806845,2.7244291258805333,defined,-0.040989779480716956,sensitivity_only
id:x%3A0x1.0000000000000p%2B2,416,7.344,6.63712,6.525446250919315,2.7244291258805333,defined,0.040989779480716956,sensitivity_only
id:x%3A0x1.0000000000000p%2B2,417,7.362,6.65476,6.766433749080685,2.7244291258805333,defined,-0.040989779480716956,sensitivity_only
id:x%3A0x1.0000000000000p%2B2,418,7.38,6.6724,6.5607262509193145,2.7244291258805333,defined,0.040989779480716956,sensitivity_only
id:x%3A0x1.0000000000000p%2B2,419,7.398,6.69004,6.801713749080685,2.7244291258805333,defined,-0.040989779480716956,sensitivity_only
id:x%3A0x1.0000000000000p%2B2,420,7.416,6.70768,6.596006250919315,2.7244291258805333,defined,0.040989779480716956,sensitivity_only
id:x%3A0x1.0000000000000p%2B2,421,7.434,6.72532,6.836993749080685,2.7244291258805333,defined,-0.040989779480716956,sensitivity_only
id:x%3A0x1.0000000000000p%2B2,422,7.452,6.74296,6.631286250919315,2.7244291258805333,defined,0.040989779480716956,sensitivity_only
id:x%3A0x1.0000000000000p%2B2,423,7.47,6.7606,6.872273749080685,2.7244291258805333,defined,-0.040989779480716956,sensitivity_only
id:x%3A0x1.0000000000000p%2B2,424,7.488,6.77824,6.666566250919315,2.7244291258805333,defined,0.040989779480716956,sensitivity_only
id:x%3A0x1.0000000000000p%2B2,425,7.506,6.79588,6.9075537490806855,2.7244291258805333,defined,-0.040989779480716956,sensitivity_only
id:x%3A0x1.0000000000000p%2B2,426,7.524,6.8135200000000005,6.701846250919315,2.7244291258805333,defined,0.040989779480716956,sensitivity_only
id:x%3A0x1.0000000000000p%2B2,427,7.542,6.83116,6.942833749080685,2.7244291258805333,defined,-0.040989779480716956,sensitivity_only
id:x%3A0x1.0000000000000p%2B2,428,7.56,6.8488,6.737126250919315,2.7244291258805333,defined,0.040989779480716956,sensitivity_only
id:x%3A0x1.0000000000000p%2B2,429,7.578,6.866440000000001,6.978113749080686,2.7244291258805333,defined,-0.040989779480716956,sensitivity_only
id:x%3A0x1.0000000000000p%2B2,430,7.596,6.88408,6.772406250919315,2.7244291258805333,defined,0.040989779480716956,sensitivity_only
id:x%3A0x1.0000000000000p%2B2,431,7.614,6.90172,7.013393749080685,2.7244291258805333,defined,-0.040989779480716956,sensitivity_only
id:x%3A0x1.0000000000000p%2B2,432,7.632,6.919359999999999,6.807686250919314,2.7244291258805333,defined,0.040989779480716956,sensitivity_only
id:x%3A0x1.0000000000000p%2B2,433,7.65,6.937,7.0486737490806854,2.7244291258805333,defined,-0.040989779480716956,sensitivity_only
id:x%3A0x1.0000000000000p%2B2,434,7.668,6.95464,6.842966250919315,2.7244291258805333,defined,0.040989779480716956,sensitivity_only
id:x%3A0x1.0000000000000p%2B2,435,7.686,6.97228,7.083953749080685,2.7244291258805333,defined,-0.040989779480716956,sensitivity_only
id:x%3A0x1.0000000000000p%2B2,436,7.704,6.98992,6.8782462509193145,2.7244291258805333,defined,0.040989779480716956,sensitivity_only
id:x%3A0x1.0000000000000p%2B2,437,7.722,7.007560000000001,7.119233749080686,2.7244291258805333,defined,-0.040989779480716956,sensitivity_only
id:x%3A0x1.0000000000000p%2B2,438,7.74,7.0252,6.913526250919315,2.7244291258805333,defined,0.040989779480716956,sensitivity_only
id:x%3A0x1.0000000000000p%2B2,439,7.758,7.04284,7.154513749080685,2.7244291258805333,defined,-0.040989779480716956,sensitivity_only
id:x%3A0x1.0000000000000p%2B2,440,7.776,7.06048,6.948806250919315,2.7244291258805333,defined,0.040989779480716956,sensitivity_only
id:x%3A0x1.0000000000000p%2B2,441,7.794,7.078119999999999,7.1897937490806845,2.7244291258805333,defined,-0.040989779480716956,sensitivity_only
id:x%3A0x1.0000000000000p%2B2,442,7.812,7.09576,6.984086250919315,2.7244291258805333,defined,0.040989779480716956,sensitivity_only
id:x%3A0x1.0000000000000p%2B2,443,7.83,7.1134,7.225073749080686,2.7244291258805333,defined,-0.040989779480716956,sensitivity_only
id:x%3A0x1.0000000000000p%2B2,444,7.848,7.13104,7.019366250919314,2.7244291258805333,defined,0.040989779480716956,sensitivity_only
id:x%3A0x1.0000000000000p%2B2,445,7.866,7.14868,7.260353749080685,2.7244291258805333,defined,-0.040989779480716956,sensitivity_only
id:x%3A0x1.0000000000000p%2B2,446,7.884,7.166320000000001,7.0546462509193155,2.7244291258805333,defined,0.040989779480716956,sensitivity_only
id:x%3A0x1.0000000000000p%2B2,447,7.902,7.18396,7.295633749080685,2.7244291258805333,defined,-0.040989779480716956,sensitivity_only
id:x%3A0x1.0000000000000p%2B2,448,7.92,7.2016,7.089926250919315,2.7244291258805333,defined,0.040989779480716956,sensitivity_only
id:x%3A0x1.0000000000000p%2B2,449,7.938,7.21924,7.330913749080685,2.7244291258805333,defined,-0.040989779480716956,sensitivity_only
id:x%3A0x1.0000000000000p%2B2,450,7.956,7.23688,7.125206250919315,2.7244291258805333,defined,0.040989779480716956,sensitivity_only
id:x%3A0x1.0000000000000p%2B2,451,7.974,7.25452,7.3661937490806855,2.7244291258805333,defined,-0.040989779480716956,sensitivity_only
id:x%3A0x1.0000000000000p%2B2,452,7.992,7.27216,7.160486250919315,2.7244291258805333,defined,0.040989779480716956,sensitivity_only
id:x%3A0x1.0000000000000p%2B2,453,8.0,7.28,7.391673749080685,2.7244291258805333,defined,-0.040989779480716956,sensitivity_only
id:x%3A0x1.0000000000000p%2B2,454,8.01,7.2898,7.178126250919314,2.7244291258805333,defined,0.040989779480716956,sensitivity_only
id:x%3A0x1.0000000000000p%2B2,455,8.028,7.307440000000001,7.419113749080686,2.7244291258805333,defined,-0.040989779480716956,sensitivity_only
id:x%3A0x1.0000000000000p%2B2,456,8.046,7.32508,7.213406250919315,2.7244291258805333,defined,0.040989779480716956,sensitivity_only
id:x%3A0x1.0000000000000p%2B2,457,8.064,7.34272,7.454393749080685,2.7244291258805333,defined,-0.040989779480716956,sensitivity_only
id:x%3A0x1.0000000000000p%2B2,458,8.082,7.360360000000001,7.248686250919316,2.7244291258805333,defined,0.040989779480716956,sensitivity_only
id:x%3A0x1.0000000000000p%2B2,459,8.1,7.378,7.489673749080685,2.7244291258805333,defined,-0.040989779480716956,sensitivity_only
id:x%3A0x1.0000000000000p%2B2,460,8.118,7.39564,7.283966250919315,2.7244291258805333,defined,0.040989779480716956,sensitivity_only
id:x%3A0x1.0000000000000p%2B2,461,8.136,7.413279999999999,7.524953749080685,2.7244291258805333,defined,-0.040989779480716956,sensitivity_only
id:x%3A0x1.0000000000000p%2B2,462,8.154,7.4309199999999995,7.319246250919314,2.7244291258805333,defined,0.040989779480716956,sensitivity_only
id:x%3A0x1.0000000000000p%2B2,463,8.172,7.4485600000000005,7.560233749080686,2.7244291258805333,defined,-0.040989779480716956,sensitivity_only
id:x%3A0x1.0000000000000p%2B2,464,8.19,7.4662,7.354526250919315,2.7244291258805333,defined,0.040989779480716956,sensitivity_only
id:x%3A0x1.0000000000000p%2B2,465,8.208,7.48384,7.595513749080685,2.7244291258805333,defined,-0.040989779480716956,sensitivity_only
id:x%3A0x1.0000000000000p%2B2,466,8.226,7.501480000000001,7.389806250919316,2.7244291258805333,defined,0.040989779480716956,sensitivity_only
id:x%3A0x1.0000000000000p%2B2,467,8.244,7.51912,7.630793749080685,2.7244291258805333,defined,-0.040989779480716956,sensitivity_only
id:x%3A0x1.0000000000000p%2B2,468,8.262,7.53676,7.425086250919315,2.7244291258805333,defined,0.040989779480716956,sensitivity_only
id:x%3A0x1.0000000000000p%2B2,469,8.28,7.554399999999999,7.6660737490806845,2.7244291258805333,defined,-0.040989779480716956,sensitivity_only
id:x%3A0x1.0000000000000p%2B2,470,8.298,7.57204,7.460366250919315,2.7244291258805333,defined,0.040989779480716956,sensitivity_only
id:x%3A0x1.0000000000000p%2B2,471,8.316,7.58968,7.701353749080686,2.7244291258805333,defined,-0.040989779480716956,sensitivity_only
id:x%3A0x1.0000000000000p%2B2,472,8.334,7.60732,7.4956462509193145,2.7244291258805333,defined,0.040989779480716956,sensitivity_only
id:x%3A0x1.0000000000000p%2B2,473,8.352,7.624960000000001,7.736633749080686,2.7244291258805333,defined,-0.040989779480716956,sensitivity_only
id:x%3A0x1.0000000000000p%2B2,474,8.37,7.642599999999999,7.530926250919314,2.7244291258805333,defined,0.040989779480716956,sensitivity_only
id:x%3A0x1.0000000000000p%2B2,475,8.388,7.66024,7.771913749080685,2.7244291258805333,defined,-0.040989779480716956,sensitivity_only
id:x%3A0x1.0000000000000p%2B2,476,8.406,7.677880000000001,7.566206250919316,2.7244291258805333,defined,0.040989779480716956,sensitivity_only
id:x%3A0x1.0000000000000p%2B2,477,8.424,7.695519999999999,7.807193749080684,2.7244291258805333,defined,-0.040989779480716956,sensitivity_only
id:x%3A0x1.0000000000000p%2B2,478,8.442,7.71316,7.601486250919315,2.7244291258805333,defined,0.040989779480716956,sensitivity_only
id:x%3A0x1.0000000000000p%2B2,479,8.46,7.730800000000001,7.842473749080686,2.7244291258805333,defined,-0.040989779480716956,sensitivity_only
id:x%3A0x1.0000000000000p%2B2,480,8.478,7.7484399999999996,7.636766250919314,2.7244291258805333,defined,0.040989779480716956,sensitivity_only
id:x%3A0x1.0000000000000p%2B2,481,8.496,7.7660800000000005,7.877753749080686,2.7244291258805333,defined,-0.040989779480716956,sensitivity_only
id:x%3A0x1.0000000000000p%2B2,482,8.514,7.78372,7.694381000735452,2.179543300704428,defined,0.040989779480716956,sensitivity_only
id:x%3A0x1.0000000000000p%2B2,483,8.532,7.80136,7.890698999264548,2.179543300704428,defined,-0.040989779480716956,sensitivity_only
id:x%3A0x1.0000000000000p%2B2,484,8.55,7.819000000000001,7.729661000735453,2.179543300704428,defined,0.040989779480716956,sensitivity_only
id:x%3A0x1.0000000000000p%2B2,485,8.568,7.83664,7.925978999264548,2.179543300704428,defined,-0.040989779480716956,sensitivity_only
id:x%3A0x1.0000000000000p%2B2,486,8.586,7.85428,7.764941000735452,2.179543300704428,defined,0.040989779480716956,sensitivity_only
id:x%3A0x1.0000000000000p%2B2,487,8.604,7.871919999999999,7.9612589992645475,2.179543300704428,defined,-0.040989779480716956,sensitivity_only
id:x%3A0x1.0000000000000p%2B2,488,8.622,7.8895599999999995,7.800221000735451,2.179543300704428,defined,0.040989779480716956,sensitivity_only
id:x%3A0x1.0000000000000p%2B2,489,8.64,7.9072000000000005,7.996538999264549,2.179543300704428,defined,-0.040989779480716956,sensitivity_only
id:x%3A0x1.0000000000000p%2B2,490,8.658,7.92484,7.8355010007354515,2.179543300704428,defined,0.040989779480716956,sensitivity_only
id:x%3A0x1.0000000000000p%2B2,491,8.676,7.94248,8.031818999264548,2.179543300704428,defined,-0.040989779480716956,sensitivity_only
id:x%3A0x1.0000000000000p%2B2,492,8.694,7.960120000000001,7.870781000735453,2.179543300704428,defined,0.040989779480716956,sensitivity_only
id:x%3A0x1.0000000000000p%2B2,493,8.712,7.97776,8.067098999264548,2.179543300704428,defined,-0.040989779480716956,sensitivity_only
id:x%3A0x1.0000000000000p%2B2,494,8.73,7.9954,7.906061000735452,2.179543300704428,defined,0.040989779480716956,sensitivity_only
id:x%3A0x1.0000000000000p%2B2,495,8.748,8.01304,8.102378999264548,2.179543300704428,defined,-0.040989779480716956,sensitivity_only
id:x%3A0x1.0000000000000p%2B2,496,8.766,8.03068,7.941341000735452,2.179543300704428,defined,0.040989779480716956,sensitivity_only
id:x%3A0x1.0000000000000p%2B2,497,8.784,8.04832,8.137658999264548,2.179543300704428,defined,-0.040989779480716956,sensitivity_only
id:x%3A0x1.0000000000000p%2B2,498,8.802,8.06596,7.976621000735452,2.179543300704428,defined,0.040989779480716956,sensitivity_only
id:x%3A0x1.0000000000000p%2B2,499,8.82,8.0836,8.172938999264549,2.179543300704428,defined,-0.040989779480716956,sensitivity_only
id:x%3A0x1.0000000000000p%2B2,500,8.838,8.101239999999999,8.01190100073545,2.179543300704428,defined,0.040989779480716956,sensitivity_only
id:x%3A0x1.0000000000000p%2B2,501,8.856,8.11888,8.208218999264549,2.179543300704428,defined,-0.040989779480716956,sensitivity_only
id:x%3A0x1.0000000000000p%2B2,502,8.874,8.13652,8.047181000735453,2.179543300704428,defined,0.040989779480716956,sensitivity_only
id:x%3A0x1.0000000000000p%2B2,503,8.892,8.15416,8.243498999264547,2.179543300704428,defined,-0.040989779480716956,sensitivity_only
id:x%3A0x1.0000000000000p%2B2,504,8.91,8.171800000000001,8.082461000735453,2.179543300704428,defined,0.040989779480716956,sensitivity_only
id:x%3A0x1.0000000000000p%2B2,505,8.928,8.189440000000001,8.27877899926455,2.179543300704428,defined,-0.040989779480716956,sensitivity_only
id:x%3A0x1.0000000000000p%2B2,506,8.946,8.20708,8.117741000735451,2.179543300704428,defined,0.040989779480716956,sensitivity_only
id:x%3A0x1.0000000000000p%2B2,507,8.964,8.224720000000001,8.31405899926455,2.179543300704428,defined,-0.040989779480716956,sensitivity_only
id:x%3A0x1.0000000000000p%2B2,508,8.982,8.24236,8.153021000735452,2.179543300704428,defined,0.040989779480716956,sensitivity_only
id:x%3A0x1.0000000000000p%2B2,509,9.0,8.26,8.349338999264548,2.179543300704428,defined,-0.040989779480716956,sensitivity_only
id:x%3A0x1.4000000000000p%2B2,0,0.0,1.75,1.525991382983156,2.7244291258805347,defined,0.08222222222222222,sensitivity_only
id:x%3A0x1.4000000000000p%2B2,1,0.018,1.75576,1.8674337490806856,2.7244291258805347,defined,-0.040989779480716956,sensitivity_only
id:x%3A0x1.4000000000000p%2B2,2,0.036,1.76152,1.6498462509193144,2.7244291258805347,defined,0.040989779480716956,sensitivity_only
id:x%3A0x1.4000000000000p%2B2,3,0.054,1.76728,1.8789537490806856,2.7244291258805347,defined,-0.040989779480716956,sensitivity_only
id:x%3A0x1.4000000000000p%2B2,4,0.072,1.77304,1.6613662509193143,2.7244291258805347,defined,0.040989779480716956,sensitivity_only
id:x%3A0x1.4000000000000p%2B2,5,0.09,1.7788,1.8904737490806856,2.7244291258805347,defined,-0.040989779480716956,sensitivity_only
id:x%3A0x1.4000000000000p%2B2,6,0.108,1.78456,1.6728862509193143,2.7244291258805347,defined,0.040989779480716956,sensitivity_only
id:x%3A0x1.4000000000000p%2B2,7,0.126,1.79032,1.9019937490806855,2.7244291258805347,defined,-0.040989779480716956,sensitivity_only
id:x%3A0x1.4000000000000p%2B2,8,0.144,1.79608,1.6844062509193143,2.7244291258805347,defined,0.040989779480716956,sensitivity_only
id:x%3A0x1.4000000000000p%2B2,9,0.162,1.80184,1.9135137490806857,2.7244291258805347,defined,-0.040989779480716956,sensitivity_only
id:x%3A0x1.4000000000000p%2B2,10,0.18,1.8076,1.6959262509193145,2.7244291258805347,defined,0.040989779480716956,sensitivity_only
id:x%3A0x1.4000000000000p%2B2,11,0.198,1.81336,1.9250337490806857,2.7244291258805347,defined,-0.040989779480716956,sensitivity_only
id:x%3A0x1.4000000000000p%2B2,12,0.216,1.81912,1.7074462509193145,2.7244291258805347,defined,0.040989779480716956,sensitivity_only
id:x%3A0x1.4000000000000p%2B2,13,0.234,1.82488,1.9365537490806857,2.7244291258805347,defined,-0.040989779480716956,sensitivity_only
id:x%3A0x1.4000000000000p%2B2,14,0.252,1.83064,1.7189662509193144,2.7244291258805347,defined,0.040989779480716956,sensitivity_only
id:x%3A0x1.4000000000000p%2B2,15,0.27,1.8364,1.9480737490806856,2.7244291258805347,defined,-0.040989779480716956,sensitivity_only
id:x%3A0x1.4000000000000p%2B2,16,0.288,1.84216,1.7304862509193144,2.7244291258805347,defined,0.040989779480716956,sensitivity_only
id:x%3A0x1.4000000000000p%2B2,17,0.306,1.84792,1.9595937490806856,2.7244291258805347,defined,-0.040989779480716956,sensitivity_only
id:x%3A0x1.4000000000000p%2B2,18,0.324,1.85368,1.7420062509193144,2.7244291258805347,defined,0.040989779480716956,sensitivity_only
id:x%3A0x1.4000000000000p%2B2,19,0.342,1.85944,1.9711137490806856,2.7244291258805347,defined,-0.040989779480716956,sensitivity_only
id:x%3A0x1.4000000000000p%2B2,20,0.36,1.8652,1.7535262509193144,2.7244291258805347,defined,0.040989779480716956,sensitivity_only
id:x%3A0x1.4000000000000p%2B2,21,0.378,1.87096,1.9826337490806856,2.7244291258805347,defined,-0.040989779480716956,sensitivity_only
id:x%3A0x1.4000000000000p%2B2,22,0.396,1.87672,1.7650462509193143,2.7244291258805347,defined,0.040989779480716956,sensitivity_only
id:x%3A0x1.4000000000000p%2B2,23,0.414,1.88248,1.9941537490806855,2.7244291258805347,defined,-0.040989779480716956,sensitivity_only
id:x%3A0x1.4000000000000p%2B2,24,0.432,1.88824,1.7765662509193143,2.7244291258805347,defined,0.040989779480716956,sensitivity_only
id:x%3A0x1.4000000000000p%2B2,25,0.45,1.8940000000000001,2.0056737490806857,2.7244291258805347,defined,-0.040989779480716956,sensitivity_only
id:x%3A0x1.4000000000000p%2B2,26,0.468,1.8997600000000001,1.7880862509193145,2.7244291258805347,defined,0.040989779480716956,sensitivity_only
id:x%3A0x1.4000000000000p%2B2,27,0.486,1.90552,2.0171937490806857,2.7244291258805347,defined,-0.040989779480716956,sensitivity_only
id:x%3A0x1.4000000000000p%2B2,28,0.504,1.91128,1.7996062509193145,2.7244291258805347,defined,0.040989779480716956,sensitivity_only
id:x%3A0x1.4000000000000p%2B2,29,0.522,1.91704,2.0287137490806857,2.7244291258805347,defined,-0.040989779480716956,sensitivity_only
id:x%3A0x1.4000000000000p%2B2,30,0.54,1.9228,1.8111262509193145,2.7244291258805347,defined,0.040989779480716956,sensitivity_only
id:x%3A0x1.4000000000000p%2B2,31,0.558,1.92856,2.0402337490806857,2.7244291258805347,defined,-0.040989779480716956,sensitivity_only
id:x%3A0x1.4000000000000p%2B2,32,0.576,1.93432,1.8226462509193144,2.7244291258805347,defined,0.040989779480716956,sensitivity_only
id:x%3A0x1.4000000000000p%2B2,33,0.594,1.94008,2.0517537490806856,2.7244291258805347,defined,-0.040989779480716956,sensitivity_only
id:x%3A0x1.4000000000000p%2B2,34,0.612,1.94584,1.8341662509193144,2.7244291258805347,defined,0.040989779480716956,sensitivity_only
id:x%3A0x1.4000000000000p%2B2,35,0.63,1.9516,2.0632737490806856,2.7244291258805347,defined,-0.040989779480716956,sensitivity_only
id:x%3A0x1.4000000000000p%2B2,36,0.648,1.95736,1.8456862509193144,2.7244291258805347,defined,0.040989779480716956,sensitivity_only
id:x%3A0x1.4000000000000p%2B2,37,0.666,1.96312,2.0747937490806856,2.7244291258805347,defined,-0.040989779480716956,sensitivity_only
id:x%3A0x1.4000000000000p%2B2,38,0.684,1.96888,1.8572062509193143,2.7244291258805347,defined,0.040989779480716956,sensitivity_only
id:x%3A0x1.4000000000000p%2B2,39,0.702,1.97464,2.0863137490806856,2.7244291258805347,defined,-0.040989779480716956,sensitivity_only
id:x%3A0x1.4000000000000p%2B2,40,0.72,1.9804,1.8687262509193143,2.7244291258805347,defined,0.040989779480716956,sensitivity_only
id:x%3A0x1.4000000000000p%2B2,41,0.738,1.98616,2.0978337490806855,2.7244291258805347,defined,-0.040989779480716956,sensitivity_only
id:x%3A0x1.4000000000000p%2B2,42,0.756,1.99192,1.8802462509193143,2.7244291258805347,defined,0.040989779480716956,sensitivity_only
id:x%3A0x1.4000000000000p%2B2,43,0.774,1.99768,2.1093537490806855,2.7244291258805347,defined,-0.040989779480716956,sensitivity_only
id:x%3A0x1.4000000000000p%2B2,44,0.792,2.00344,1.8917662509193143,2.7244291258805347,defined,0.040989779480716956,sensitivity_only
id:x%3A0x1.4000000000000p%2B2,45,0.81,2.0092,2.1208737490806855,2.7244291258805347,defined,-0.040989779480716956,sensitivity_only
id:x%3A0x1.4000000000000p%2B2,46,0.828,2.01496,1.9032862509193142,2.7244291258805347,defined,0.040989779480716956,sensitivity_only
id:x%3A0x1.4000000000000p%2B2,47,0.846,2.02072,2.1323937490806855,2.7244291258805347,defined,-0.040989779480716956,sensitivity_only
id:x%3A0x1.4000000000000p%2B2,48,0.864,2.02648,1.9148062509193142,2.7244291258805347,defined,0.040989779480716956,sensitivity_only
id:x%3A0x1.4000000000000p%2B2,49,0.882,2.03224,2.1439137490806854,2.7244291258805347,defined,-0.040989779480716956,sensitivity_only
id:x%3A0x1.4000000000000p%2B2,50,0.9,2.0380000000000003,1.9263262509193146,2.7244291258805347,defined,0.040989779480716956,sensitivity_only
id:x%3A0x1.4000000000000p%2B2,51,0.918,2.04376,2.1554337490806854,2.7244291258805347,defined,-0.040989779480716956,sensitivity_only
id:x%3A0x1.4000000000000p%2B2,52,0.936,2.0495200000000002,1.9378462509193146,2.7244291258805347,defined,0.040989779480716956,sensitivity_only
id:x%3A0x1.4000000000000p%2B2,53,0.954,2.0552799999999998,2.1669537490806854,2.7244291258805347,defined,-0.040989779480716956,sensitivity_only
id:x%3A0x1.4000000000000p%2B2,54,0.972,2.06104,1.9493662509193146,2.7244291258805347,defined,0.040989779480716956,sensitivity_only
id:x%3A0x1.4000000000000p%2B2,55,0.99,2.0668,2.178473749080686,2.7244291258805347,defined,-0.040989779480716956,sensitivity_only
id:x%3A0x1.4000000000000p%2B2,56,1.0,2.07,1.9583262509193142,2.7244291258805347,defined,0.040989779480716956,sensitivity_only
id:x%3A0x1.4000000000000p%2B2,57,1.008,2.07256,2.184233749080686,2.7244291258805347,defined,-0.040989779480716956,sensitivity_only
id:x%3A0x1.4000000000000p%2B2,58,1.026,2.07832,1.9666462509193146,2.7244291258805347,defined,0.040989779480716956,sensitivity_only
id:x%3A0x1.4000000000000p%2B2,59,1.044,2.08408,2.1957537490806858,2.7244291258805347,defined,-0.040989779480716956,sensitivity_only
id:x%3A0x1.4000000000000p%2B2,60,1.062,2.08984,1.9781662509193145,2.7244291258805347,defined,0.040989779480716956,sensitivity_only
id:x%3A0x1.4000000000000p%2B2,61,1.08,2.0956,2.2072737490806857,2.7244291258805347,defined,-0.040989779480716956,sensitivity_only
id:x%3A0x1.4000000000000p%2B2,62,1.098,2.10136,1.9896862509193145,2.7244291258805347,defined,0.040989779480716956,sensitivity_only
id:x%3A0x1.4000000000000p%2B2,63,1.116,2.10712,2.2187937490806857,2.7244291258805347,defined,-0.040989779480716956,sensitivity_only
id:x%3A0x1.4000000000000p%2B2,64,1.134,2.11288,2.0012062509193145,2.7244291258805347,defined,0.040989779480716956,sensitivity_only
id:x%3A0x1.4000000000000p%2B2,65,1.152,2.11864,2.2303137490806857,2.7244291258805347,defined,-0.040989779480716956,sensitivity_only
id:x%3A0x1.4000000000000p%2B2,66,1.17,2.1244,2.0127262509193145,2.7244291258805347,defined,0.040989779480716956,sensitivity_only
id:x%3A0x1.4000000000000p%2B2,67,1.188,2.13016,2.2418337490806857,2.7244291258805347,defined,-0.040989779480716956,sensitivity_only
id:x%3A0x1.4000000000000p%2B2,68,1.206,2.13592,2.0242462509193144,2.7244291258805347,defined,0.040989779480716956,sensitivity_only
id:x%3A0x1.4000000000000p%2B2,69,1.224,2.14168,2.2533537490806856,2.7244291258805347,defined,-0.040989779480716956,sensitivity_only
id:x%3A0x1.4000000000000p%2B2,70,1.242,2.14744,2.0357662509193144,2.7244291258805347,defined,0.040989779480716956,sensitivity_only
id:x%3A0x1.4000000000000p%2B2,71,1.26,2.1532,2.2648737490806856,2.7244291258805347,defined,-0.040989779480716956,sensitivity_only
id:x%3A0x1.4000000000000p%2B2,72,1.278,2.15896,2.0472862509193144,2.7244291258805347,defined,0.040989779480716956,sensitivity_only
id:x%3A0x1.4000000000000p%2B2,73,1.296,2.16472,2.2763937490806856,2.7244291258805347,defined,-0.040989779480716956,sensitivity_only
id:x%3A0x1.4000000000000p%2B2,74,1.314,2.17048,2.0588062509193144,2.7244291258805347,defined,0.040989779480716956,sensitivity_only
id:x%3A0x1.4000000000000p%2B2,75,1.332,2.17624,2.2879137490806856,2.7244291258805347,defined,-0.040989779480716956,sensitivity_only
id:x%3A0x1.4000000000000p%2B2,76,1.35,2.182,2.0703262509193143,2.7244291258805347,defined,0.040989779480716956,sensitivity_only
id:x%3A0x1.4000000000000p%2B2,77,1.368,2.18776,2.2994337490806855,2.7244291258805347,defined,-0.040989779480716956,sensitivity_only
id:x%3A0x1.4000000000000p%2B2,78,1.386,2.19352,2.0818462509193143,2.7244291258805347,defined,0.040989779480716956,sensitivity_only
id:x%3A0x1.4000000000000p%2B2,79,1.404,2.19928,2.3109537490806855,2.7244291258805347,defined,-0.040989779480716956,sensitivity_only
id:x%3A0x1.4000000000000p%2B2,80,1.422,2.20504,2.0933662509193143,2.7244291258805347,defined,0.040989779480716956,sensitivity_only
id:x%3A0x1.4000000000000p%2B2,81,1.44,2.2108,2.3224737490806855,2.7244291258805347,defined,-0.040989779480716956,sensitivity_only
id:x%3A0x1.4000000000000p%2B2,82,1.458,2.21656,2.1048862509193143,2.7244291258805347,defined,0.040989779480716956,sensitivity_only
id:x%3A0x1.4000000000000p%2B2,83,1.476,2.22232,2.3339937490806855,2.7244291258805347,defined,-0.040989779480716956,sensitivity_only
id:x%3A0x1.4000000000000p%2B2,84,1.494,2.22808,2.1164062509193142,2.7244291258805347,defined,0.040989779480716956,sensitivity_only
id:x%3A0x1.4000000000000p%2B2,85,1.512,2.23384,2.3455137490806854,2.724429125880535,defined,-0.040989779480716956,sensitivity_only
id:x%3A0x1.4000000000000p%2B2,86,1.53,2.2396000000000003,2.1279262509193146,2.724429125880535,defined,0.040989779480716956,sensitivity_only
id:x%3A0x1.4000000000000p%2B2,87,1.548,2.24536,2.3570337490806854,2.724429125880535,defined,-0.040989779480716956,sensitivity_only
id:x%3A0x1.4000000000000p%2B2,88,1.566,2.2511200000000002,2.1394462509193146,2.724429125880535,defined,0.040989779480716956,sensitivity_only
id:x%3A0x1.4000000000000p%2B2,89,1.584,2.2568799999999998,2.3685537490806854,2.724429125880535,defined,-0.040989779480716956,sensitivity_only
id:x%3A0x1.4000000000000p%2B2,90,1.602,2.26264,2.1509662509193146,2.724429125880535,defined,0.040989779480716956,sensitivity_only
id:x%3A0x1.4000000000000p%2B2,91,1.62,2.2684,2.380073749080686,2.724429125880535,defined,-0.040989779480716956,sensitivity_only
id:x%3A0x1.4000000000000p%2B2,92,1.638,2.27416,2.1624862509193146,2.724429125880535,defined,0.040989779480716956,sensitivity_only
id:x%3A0x1.4000000000000p%2B2,93,1.656,2.2799199999999997,2.3915937490806853,2.724429125880535,defined,-0.040989779480716956,sensitivity_only
id:x%3A0x1.4000000000000p%2B2,94,1.674,2.28568,2.1740062509193145,2.724429125880535,defined,0.040989779480716956,sensitivity_only
id:x%3A0x1.4000000000000p%2B2,95,1.692,2.29144,2.4031137490806858,2.724429125880535,defined,-0.040989779480716956,sensitivity_only
id:x%3A0x1.4000000000000p%2B2,96,1.71,2.2972,2.1855262509193145,2.724429125880535,defined,0.040989779480716956,sensitivity_only
id:x%3A0x1.4000000000000p%2B2,97,1.728,2.30296,2.4146337490806857,2.724429125880535,defined,-0.040989779480716956,sensitivity_only
id:x%3A0x1.4000000000000p%2B2,98,1.746,2.30872,2.1970462509193145,2.724429125880535,defined,0.040989779480716956,sensitivity_only
id:x%3A0x1.4000000000000p%2B2,99,1.764,2.31448,2.4261537490806857,2.724429125880535,defined,-0.040989779480716956,sensitivity_only
id:x%3A0x1.4000000000000p%2B2,100,1.782,2.32024,2.2085662509193145,2.724429125880535,defined,0.040989779480716956,sensitivity_only
id:x%3A0x1.4000000000000p%2B2,101,1.8,2.326,2.4376737490806857,2.724429125880535,defined,-0.040989779480716956,sensitivity_only
id:x%3A0x1.4000000000000p%2B2,102,1.818,2.33176,2.2200862509193144,2.724429125880535,defined,0.040989779480716956,sensitivity_only
id:x%3A0x1.4000000000000p%2B2,103,1.836,2.33752,2.4491937490806857,2.724429125880535,defined,-0.040989779480716956,sensitivity_only
id:x%3A0x1.4000000000000p%2B2,104,1.854,2.34328,2.2316062509193144,2.724429125880535,defined,0.040989779480716956,sensitivity_only
id:x%3A0x1.4000000000000p%2B2,105,1.872,2.34904,2.4607137490806856,2.724429125880535,defined,-0.040989779480716956,sensitivity_only
id:x%3A0x1.4000000000000p%2B2,106,1.89,2.3548,2.2431262509193144,2.724429125880535,defined,0.040989779480716956,sensitivity_only
id:x%3A0x1.4000000000000p%2B2,107,1.908,2.36056,2.4722337490806856,2.724429125880535,defined,-0.040989779480716956,sensitivity_only
id:x%3A0x1.4000000000000p%2B2,108,1.926,2.36632,2.2546462509193144,2.724429125880535,defined,0.040989779480716956,sensitivity_only
id:x%3A0x1.4000000000000p%2B2,109,1.944,2.37208,2.4837537490806856,2.724429125880535,defined,-0.040989779480716956,sensitivity_only
id:x%3A0x1.4000000000000p%2B2,110,1.962,2.37784,2.2661662509193143,2.724429125880535,defined,0.040989779480716956,sensitivity_only
id:x%3A0x1.4000000000000p%2B2,111,1.98,2.3836,2.4952737490806856,2.724429125880535,defined,-0.040989779480716956,sensitivity_only
id:x%3A0x1.4000000000000p%2B2,112,1.998,2.38936,2.2776862509193143,2.724429125880535,defined,0.040989779480716956,sensitivity_only
id:x%3A0x1.4000000000000p%2B2,113,2.0,2.39,2.5016737490806857,2.724429125880535,defined,-0.040989779480716956,sensitivity_only
id:x%3A0x1.4000000000000p%2B2,114,2.016,2.39512,2.2834462509193143,2.724429125880535,defined,0.040989779480716956,sensitivity_only
id:x%3A0x1.4000000000000p%2B2,115,2.034,2.40088,2.5125537490806855,2.724429125880535,defined,-0.040989779480716956,sensitivity_only
id:x%3A0x1.4000000000000p%2B2,116,2.052,2.40664,2.2949662509193143,2.724429125880535,defined,0.040989779480716956,sensitivity_only
id:x%3A0x1.4000000000000p%2B2,117,2.07,2.4124,2.5240737490806855,2.724429125880535,defined,-0.040989779480716956,sensitivity_only
id:x%3A0x1.4000000000000p%2B2,118,2.088,2.4181600000000003,2.3064862509193147,2.724429125880535,defined,0.040989779480716956,sensitivity_only
id:x%3A0x1.4000000000000p%2B2,119,2.106,2.42392,2.5355937490806855,2.724429125880535,defined,-0.040989779480716956,sensitivity_only
id:x%3A0x1.4000000000000p%2B2,120,2.124,2.4296800000000003,2.3180062509193147,2.724429125880535,defined,0.040989779480716956,sensitivity_only
id:x%3A0x1.4000000000000p%2B2,121,2.142,2.43544,2.5471137490806854,2.724429125880535,defined,-0.040989779480716956,sensitivity_only
id:x%3A0x1.4000000000000p%2B2,122,2.16,2.4412000000000003,2.3295262509193146,2.724429125880535,defined,0.040989779480716956,sensitivity_only
id:x%3A0x1.4000000000000p%2B2,123,2.178,2.44696,2.5586337490806854,2.724429125880535,defined,-0.040989779480716956,sensitivity_only
id:x%3A0x1.4000000000000p%2B2,124,2.196,2.4527200000000002,2.3410462509193146,2.724429125880535,defined,0.040989779480716956,sensitivity_only
id:x%3A0x1.4000000000000p%2B2,125,2.214,2.4584799999999998,2.5701537490806854,2.724429125880535,defined,-0.040989779480716956,sensitivity_only
id:x%3A0x1.4000000000000p%2B2,126,2.232,2.46424,2.3525662509193146,2.724429125880535,defined,0.040989779480716956,sensitivity_only
id:x%3A0x1.4000000000000p%2B2,127,2.25,2.4699999999999998,2.5816737490806854,2.724429125880535,defined,-0.040989779480716956,sensitivity_only
id:x%3A0x1.4000000000000p%2B2,128,2.268,2.47576,2.3640862509193146,2.724429125880535,defined,0.040989779480716956,sensitivity_only
id:x%3A0x1.4000000000000p%2B2,129,2.286,2.48152,2.593193749080686,2.724429125880535,defined,-0.040989779480716956,sensitivity_only
id:x%3A0x1.4000000000000p%2B2,130,2.304,2.48728,2.3756062509193145,2.724429125880535,defined,0.040989779480716956,sensitivity_only
id:x%3A0x1.4000000000000p%2B2,131,2.322,2.49304,2.6047137490806858,2.724429125880535,defined,-0.040989779480716956,sensitivity_only
id:x%3A0x1.4000000000000p%2B2,132,2.34,2.4988,2.3871262509193145,2.724429125880535,defined,0.040989779480716956,sensitivity_only
id:x%3A0x1.4000000000000p%2B2,133,2.358,2.50456,2.6162337490806857,2.724429125880535,defined,-0.040989779480716956,sensitivity_only
id:x%3A0x1.4000000000000p%2B2,134,2.376,2.51032,2.3986462509193145,2.724429125880535,defined,0.040989779480716956,sensitivity_only
id:x%3A0x1.4000000000000p%2B2,135,2.394,2.51608,2.6277537490806857,2.724429125880535,defined,-0.040989779480716956,sensitivity_only
id:x%3A0x1.4000000000000p%2B2,136,2.412,2.52184,2.4101662509193145,2.724429125880535,defined,0.040989779480716956,sensitivity_only
id:x%3A0x1.4000000000000p%2B2,137,2.43,2.5276,2.6392737490806857,2.724429125880535,defined,-0.040989779480716956,sensitivity_only
id:x%3A0x1.4000000000000p%2B2,138,2.448,2.53336,2.4216862509193144,2.724429125880535,defined,0.040989779480716956,sensitivity_only
id:x%3A0x1.4000000000000p%2B2,139,2.466,2.53912,2.6507937490806857,2.724429125880535,defined,-0.040989779480716956,sensitivity_only
id:x%3A0x1.4000000000000p%2B2,140,2.484,2.54488,2.4332062509193144,2.724429125880535,defined,0.040989779480716956,sensitivity_only
id:x%3A0x1.4000000000000p%2B2,141,2.502,2.55064,2.623227936902446,1.7708789318223472,defined,-0.040989779480716956,sensitivity_only
id:x%3A0x1.4000000000000p%2B2,142,2.52,2.5564,2.483812063097554,1.7708789318223472,defined,0.040989779480716956,sensitivity_only
id:x%3A0x1.4000000000000p%2B2,143,2.538,2.56216,2.634747936902446,1.7708789318223472,defined,-0.040989779480716956,sensitivity_only
id:x%3A0x1.4000000000000p%2B2,144,2.556,2.56792,2.495332063097554,1.7708789318223472,defined,0.040989779480716956,sensitivity_only
id:x%3A0x1.4000000000000p%2B2,145,2.574,2.57368,2.6462679369024458,1.7708789318223472,defined,-0.040989779480716956,sensitivity_only
id:x%3A0x1.4000000000000p%2B2,146,2.592,2.57944,2.506852063097554,1.7708789318223472,defined,0.040989779480716956,sensitivity_only
id:x%3A0x1.4000000000000p%2B2,147,2.61,2.5852,2.6577879369024457,1.7708789318223472,defined,-0.040989779480716956,sensitivity_only
id:x%3A0x1.4000000000000p%2B2,148,2.628,2.59096,2.518372063097554,1.7708789318223472,defined,0.040989779480716956,sensitivity_only
id:x%3A0x1.4000000000000p%2B2,149,2.646,2.59672,2.6693079369024457,1.7708789318223472,defined,-0.040989779480716956,sensitivity_only
id:x%3A0x1.4000000000000p%2B2,150,2.664,2.60248,2.529892063097554,1.7708789318223472,defined,0.040989779480716956,sensitivity_only
id:x%3A0x1.4000000000000p%2B2,151,2.682,2.60824,2.6808279369024457,1.7708789318223472,defined,-0.040989779480716956,sensitivity_only
id:x%3A0x1.4000000000000p%2B2,152,2.7,2.614,2.541412063097554,1.7708789318223472,defined,0.040989779480716956,sensitivity_only
id:x%3A0x1.4000000000000p%2B2,153,2.718,2.61976,2.6923479369024457,1.7708789318223472,defined,-0.040989779480716956,sensitivity_only
id:x%3A0x1.4000000000000p%2B2,154,2.736,2.62552,2.552932063097554,1.7708789318223472,defined,0.040989779480716956,sensitivity_only
id:x%3A0x1.4000000000000p%2B2,155,2.754,2.6312800000000003,2.703867936902446,1.7708789318223472,defined,-0.040989779480716956,sensitivity_only
id:x%3A0x1.4000000000000p%2B2,156,2.772,2.63704,2.564452063097554,1.7708789318223472,defined,0.040989779480716956,sensitivity_only
id:x%3A0x1.4000000000000p%2B2,157,2.79,2.6428000000000003,2.715387936902446,1.7708789318223472,defined,-0.040989779480716956,sensitivity_only
id:x%3A0x1.4000000000000p%2B2,158,2.808,2.64856,2.575972063097554,1.7708789318223472,defined,0.040989779480716956,sensitivity_only
id:x%3A0x1.4000000000000p%2B2,159,2.826,2.6543200000000002,2.726907936902446,1.7708789318223472,defined,-0.040989779480716956,sensitivity_only
id:x%3A0x1.4000000000000p%2B2,160,2.844,2.66008,2.587492063097554,1.7708789318223472,defined,0.040989779480716956,sensitivity_only
id:x%3A0x1.4000000000000p%2B2,161,2.862,2.66584,2.738427936902446,1.7708789318223472,defined,-0.040989779480716956,sensitivity_only
id:x%3A0x1.4000000000000p%2B2,162,2.88,2.6715999999999998,2.599012063097554,1.7708789318223472,defined,0.040989779480716956,sensitivity_only
id:x%3A0x1.4000000000000p%2B2,163,2.898,2.67736,2.749947936902446,1.7708789318223472,defined,-0.040989779480716956,sensitivity_only
id:x%3A0x1.4000000000000p%2B2,164,2.916,2.6831199999999997,2.610532063097554,1.7708789318223472,defined,0.040989779480716956,sensitivity_only
id:x%3A0x1.4000000000000p%2B2,165,2.934,2.68888,2.761467936902446,1.7708789318223472,defined,-0.040989779480716956,sensitivity_only
id:x%3A0x1.4000000000000p%2B2,166,2.952,2.69464,2.6220520630975543,1.7708789318223472,defined,0.040989779480716956,sensitivity_only
id:x%3A0x1.4000000000000p%2B2,167,2.97,2.7004,2.772987936902446,1.7708789318223472,defined,-0.040989779480716956,sensitivity_only
id:x%3A0x1.4000000000000p%2B2,168,2.988,2.70616,2.6335720630975543,1.7708789318223472,defined,0.040989779480716956,sensitivity_only
id:x%3A0x1.4000000000000p%2B2,169,3.0,2.71,2.7825879369024458,1.7708789318223472,defined,-0.040989779480716956,sensitivity_only
id:x%3A0x1.4000000000000p%2B2,170,3.006,2.71192,2.6393320630975543,1.7708789318223472,defined,0.040989779480716956,sensitivity_only
id:x%3A0x1.4000000000000p%2B2,171,3.024,2.71768,2.790267936902446,1.7708789318223472,defined,-0.040989779480716956,sensitivity_only
id:x%3A0x1.4000000000000p%2B2,172,3.042,2.72344,2.6508520630975543,1.7708789318223472,defined,0.040989779480716956,sensitivity_only
id:x%3A0x1.4000000000000p%2B2,173,3.06,2.7292,2.801787936902446,1.7708789318223472,defined,-0.040989779480716956,sensitivity_only
id:x%3A0x1.4000000000000p%2B2,174,3.078,2.73496,2.6623720630975543,1.7708789318223472,defined,0.040989779480716956,sensitivity_only
id:x%3A0x1.4000000000000p%2B2,175,3.096,2.74072,2.813307936902446,1.7708789318223472,defined,-0.040989779480716956,sensitivity_only
id:x%3A0x1.4000000000000p%2B2,176,3.114,2.74648,2.6738920630975542,1.7708789318223472,defined,0.040989779480716956,sensitivity_only
id:x%3A0x1.4000000000000p%2B2,177,3.132,2.75224,2.824827936902446,1.7708789318223472,defined,-0.040989779480716956,sensitivity_only
id:x%3A0x1.4000000000000p%2B2,178,3.15,2.758,2.685412063097554,1.7708789318223472,defined,0.040989779480716956,sensitivity_only
id:x%3A0x1.4000000000000p%2B2,179,3.168,2.76376,2.836347936902446,1.7708789318223472,defined,-0.040989779480716956,sensitivity_only
id:x%3A0x1.4000000000000p%2B2,180,3.186,2.76952,2.696932063097554,1.7708789318223472,defined,0.040989779480716956,sensitivity_only
id:x%3A0x1.4000000000000p%2B2,181,3.204,2.77528,2.8478679369024458,1.7708789318223472,defined,-0.040989779480716956,sensitivity_only
id:x%3A0x1.4000000000000p%2B2,182,3.222,2.78104,2.708452063097554,1.7708789318223472,defined,0.040989779480716956,sensitivity_only
id:x%3A0x1.4000000000000p%2B2,183,3.24,2.7868000000000004,2.859387936902446,1.7708789318223472,defined,-0.040989779480716956,sensitivity_only
id:x%3A0x1.4000000000000p%2B2,184,3.258,2.79256,2.719972063097554,1.7708789318223472,defined,0.040989779480716956,sensitivity_only
id:x%3A0x1.4000000000000p%2B2,185,3.276,2.79832,2.8709079369024457,1.7708789318223472,defined,-0.040989779480716956,sensitivity_only
id:x%3A0x1.4000000000000p%2B2,186,3.294,2.80408,2.731492063097554,1.7708789318223472,defined,0.040989779480716956,sensitivity_only
id:x%3A0x1.4000000000000p%2B2,187,3.312,2.80984,2.8824279369024457,1.7708789318223472,defined,-0.040989779480716956,sensitivity_only
id:x%3A0x1.4000000000000p%2B2,188,3.33,2.8156,2.743012063097554,1.7708789318223472,defined,0.040989779480716956,sensitivity_only
id:x%3A0x1.4000000000000p%2B2,189,3.348,2.8213600000000003,2.893947936902446,1.7708789318223472,defined,-0.040989779480716956,sensitivity_only
id:x%3A0x1.4000000000000p%2B2,190,3.366,2.82712,2.754532063097554,1.7708789318223472,defined,0.040989779480716956,sensitivity_only
id:x%3A0x1.4000000000000p%2B2,191,3.384,2.8328800000000003,2.905467936902446,1.7708789318223472,defined,-0.040989779480716956,sensitivity_only
id:x%3A0x1.4000000000000p%2B2,192,3.402,2.83864,2.766052063097554,1.7708789318223472,defined,0.040989779480716956,sensitivity_only
id:x%3A0x1.4000000000000p%2B2,193,3.42,2.8444000000000003,2.916987936902446,1.7708789318223472,defined,-0.040989779480716956,sensitivity_only
id:x%3A0x1.4000000000000p%2B2,194,3.438,2.85016,2.777572063097554,1.7708789318223472,defined,0.040989779480716956,sensitivity_only
id:x%3A0x1.4000000000000p%2B2,195,3.456,2.8559200000000002,2.928507936902446,1.7708789318223472,defined,-0.040989779480716956,sensitivity_only
id:x%3A0x1.4000000000000p%2B2,196,3.474,2.86168,2.789092063097554,1.7708789318223472,defined,0.040989779480716956,sensitivity_only
id:x%3A0x1.4000000000000p%2B2,197,3.492,2.86744,2.940027936902446,1.7708789318223472,defined,-0.040989779480716956,sensitivity_only
id:x%3A0x1.4000000000000p%2B2,198,3.5,2.87,2.7974120630975543,1.7708789318223472,defined,0.040989779480716956,sensitivity_only
id:x%3A0x1.4000000000000p%2B2,199,3.51,2.8798,2.99705743653472,2.8606505821745607,defined,-0.040989779480716956,sensitivity_only
id:x%3A0x1.4000000000000p%2B2,200,3.528,2.89744,2.78018256346528,2.8606505821745607,defined,0.040989779480716956,sensitivity_only
id:x%3A0x1.4000000000000p%2B2,201,3.546,2.91508,3.03233743653472,2.8606505821745607,defined,-0.040989779480716956,sensitivity_only
id:x%3A0x1.4000000000000p%2B2,202,3.564,2.93272,2.8154625634652803,2.8606505821745607,defined,0.040989779480716956,sensitivity_only
id:x%3A0x1.4000000000000p%2B2,203,3.582,2.95036,3.0676174365347197,2.8606505821745607,defined,-0.040989779480716956,sensitivity_only
id:x%3A0x1.4000000000000p%2B2,204,3.6,2.968,2.85074256346528,2.8606505821745607,defined,0.040989779480716956,sensitivity_only
id:x%3A0x1.4000000000000p%2B2,205,3.618,2.98564,3.10289743653472,2.8606505821745607,defined,-0.040989779480716956,sensitivity_only
id:x%3A0x1.4000000000000p%2B2,206,3.636,3.00328,2.8860225634652803,2.8606505821745607,defined,0.040989779480716956,sensitivity_only
id:x%3A0x1.4000000000000p%2B2,207,3.654,3.02092,3.1381774365347197,2.8606505821745607,defined,-0.040989779480716956,sensitivity_only
id:x%3A0x1.4000000000000p%2B2,208,3.672,3.0385600000000004,2.9213025634652805,2.8606505821745607,defined,0.040989779480716956,sensitivity_only
id:x%3A0x1.4000000000000p%2B2,209,3.69,3.0562,3.17345743653472,2.8606505821745607,defined,-0.040989779480716956,sensitivity_only
id:x%3A0x1.4000000000000p%2B2,210,3.708,3.07384,2.9565825634652803,2.8606505821745607,defined,0.040989779480716956,sensitivity_only
id:x%3A0x1.4000000000000p%2B2,211,3.726,3.0914800000000002,3.20873743653472,2.8606505821745607,defined,-0.040989779480716956,sensitivity_only
id:x%3A0x1.4000000000000p%2B2,212,3.744,3.1091200000000003,2.9918625634652805,2.8606505821745607,defined,0.040989779480716956,sensitivity_only
id:x%3A0x1.4000000000000p%2B2,213,3.762,3.12676,3.24401743653472,2.8606505821745607,defined,-0.040989779480716956,sensitivity_only
id:x%3A0x1.4000000000000p%2B2,214,3.78,3.1444,3.02714256346528,2.8606505821745607,defined,0.040989779480716956,sensitivity_only
id:x%3A0x1.4000000000000p%2B2,215,3.798,3.16204,3.27929743653472,2.8606505821745607,defined,-0.040989779480716956,sensitivity_only
id:x%3A0x1.4000000000000p%2B2,216,3.816,3.17968,3.06242256346528,2.8606505821745607,defined,0.040989779480716956,sensitivity_only
id:x%3A0x1.4000000000000p%2B2,217,3.834,3.1973200000000004,3.3145774365347203,2.8606505821745607,defined,-0.040989779480716956,sensitivity_only
id:x%3A0x1.4000000000000p%2B2,218,3.852,3.21496,3.09770256346528,2.8606505821745607,defined,0.040989779480716956,sensitivity_only
id:x%3A0x1.4000000000000p%2B2,219,3.87,3.2326,3.34985743653472,2.8606505821745607,defined,-0.040989779480716956,sensitivity_only
id:x%3A0x1.4000000000000p%2B2,220,3.888,3.25024,3.13298256346528,2.8606505821745607,defined,0.040989779480716956,sensitivity_only
id:x%3A0x1.4000000000000p%2B2,221,3.906,3.2678800000000003,3.38513743653472,2.8606505821745607,defined,-0.040989779480716956,sensitivity_only
id:x%3A0x1.4000000000000p%2B2,222,3.924,3.28552,3.16826256346528,2.8606505821745607,defined,0.040989779480716956,sensitivity_only
id:x%3A0x1.4000000000000p%2B2,223,3.942,3.30316,3.42041743653472,2.8606505821745607,defined,-0.040989779480716956,sensitivity_only
id:x%3A0x1.4000000000000p%2B2,224,3.96,3.3208,3.2035425634652803,2.8606505821745607,defined,0.040989779480716956,sensitivity_only
id:x%3A0x1.4000000000000p%2B2,225,3.978,3.3384400000000003,3.45569743653472,2.8606505821745607,defined,-0.040989779480716956,sensitivity_only
id:x%3A0x1.4000000000000p%2B2,226,3.996,3.35608,3.23882256346528,2.8606505821745607,defined,0.040989779480716956,sensitivity_only
id:x%3A0x1.4000000000000p%2B2,227,4.0,3.3600000000000003,3.47725743653472,2.8606505821745607,defined,-0.040989779480716956,sensitivity_only
id:x%3A0x1.4000000000000p%2B2,228,4.014,3.3737200000000005,3.2564625634652806,2.8606505821745607,defined,0.040989779480716956,sensitivity_only
id:x%3A0x1.4000000000000p%2B2,229,4.032,3.39136,3.50861743653472,2.8606505821745607,defined,-0.040989779480716956,sensitivity_only
id:x%3A0x1.4000000000000p%2B2,230,4.05,3.409,3.29174256346528,2.8606505821745607,defined,0.040989779480716956,sensitivity_only
id:x%3A0x1.4000000000000p%2B2,231,4.068,3.42664,3.54389743653472,2.8606505821745607,defined,-0.040989779480716956,sensitivity_only
id:x%3A0x1.4000000000000p%2B2,232,4.086,3.4442800000000005,3.3270225634652806,2.8606505821745607,defined,0.040989779480716956,sensitivity_only
id:x%3A0x1.4000000000000p%2B2,233,4.104,3.46192,3.57917743653472,2.8606505821745607,defined,-0.040989779480716956,sensitivity_only
id:x%3A0x1.4000000000000p%2B2,234,4.122,3.47956,3.3623025634652803,2.8606505821745607,defined,0.040989779480716956,sensitivity_only
id:x%3A0x1.4000000000000p%2B2,235,4.14,3.4972,3.6144574365347197,2.8606505821745607,defined,-0.040989779480716956,sensitivity_only
id:x%3A0x1.4000000000000p%2B2,236,4.158,3.5148400000000004,3.3975825634652805,2.8606505821745607,defined,0.040989779480716956,sensitivity_only
id:x%3A0x1.4000000000000p%2B2,237,4.176,3.5324800000000005,3.6497374365347204,2.8606505821745607,defined,-0.040989779480716956,sensitivity_only
id:x%3A0x1.4000000000000p%2B2,238,4.194,3.55012,3.4328625634652803,2.8606505821745607,defined,0.040989779480716956,sensitivity_only
id:x%3A0x1.4000000000000p%2B2,239,4.212,3.56776,3.6850174365347197,2.8606505821745607,defined,-0.040989779480716956,sensitivity_only
id:x%3A0x1.4000000000000p%2B2,240,4.23,3.5854000000000004,3.4681425634652805,2.8606505821745607,defined,0.040989779480716956,sensitivity_only
id:x%3A0x1.4000000000000p%2B2,241,4.248,3.6030400000000005,3.7202974365347203,2.8606505821745607,defined,-0.040989779480716956,sensitivity_only
id:x%3A0x1.4000000000000p%2B2,242,4.266,3.62068,3.5034225634652802,2.8606505821745607,defined,0.040989779480716956,sensitivity_only
id:x%3A0x1.4000000000000p%2B2,243,4.284,3.6383199999999998,3.7555774365347196,2.8606505821745607,defined,-0.040989779480716956,sensitivity_only
id:x%3A0x1.4000000000000p%2B2,244,4.302,3.6559599999999994,3.5387025634652796,2.8606505821745607,defined,0.040989779480716956,sensitivity_only
id:x%3A0x1.4000000000000p%2B2,245,4.32,3.6736000000000004,3.7908574365347203,2.8606505821745607,defined,-0.040989779480716956,sensitivity_only
id:x%3A0x1.4000000000000p%2B2,246,4.338,3.69124,3.57398256346528,2.8606505821745607,defined,0.040989779480716956,sensitivity_only
id:x%3A0x1.4000000000000p%2B2,247,4.356,3.7088799999999997,3.8261374365347196,2.8606505821745607,defined,-0.040989779480716956,sensitivity_only
id:x%3A0x1.4000000000000p%2B2,248,4.374,3.72652,3.60926256346528,2.8606505821745607,defined,0.040989779480716956,sensitivity_only
id:x%3A0x1.4000000000000p%2B2,249,4.392,3.7441600000000004,3.8614174365347202,2.8606505821745607,defined,-0.040989779480716956,sensitivity_only
id:x%3A0x1.4000000000000p%2B2,250,4.41,3.7618,3.64454256346528,2.8606505821745607,defined,0.040989779480716956,sensitivity_only
id:x%3A0x1.4000000000000p%2B2,251,4.428,3.77944,3.89669743653472,2.8606505821745607,defined,-0.040989779480716956,sensitivity_only
id:x%3A0x1.4000000000000p%2B2,252,4.446,3.79708,3.67982256346528,2.8606505821745607,defined,0.040989779480716956,sensitivity_only
id:x%3A0x1.4000000000000p%2B2,253,4.464,3.8147200000000003,3.93197743653472,2.8606505821745607,defined,-0.040989779480716956,sensitivity_only
id:x%3A0x1.4000000000000p%2B2,254,4.482,3.8323600000000004,3.7151025634652806,2.8606505821745607,defined,0.040989779480716956,sensitivity_only
id:x%3A0x1.4000000000000p%2B2,255,4.5,3.85,3.96725743653472,2.8606505821745607,defined,-0.040989779480716956,sensitivity_only
id:x%3A0x1.4000000000000p%2B2,256,4.518,3.8676399999999997,3.755966250919314,2.724429125880535,defined,0.040989779480716956,sensitivity_only
id:x%3A0x1.4000000000000p%2B2,257,4.536,3.88528,3.9969537490806855,2.724429125880535,defined,-0.040989779480716956,sensitivity_only
id:x%3A0x1.4000000000000p%2B2,258,4.554,3.9029200000000004,3.7912462509193148,2.724429125880535,defined,0.040989779480716956,sensitivity_only
id:x%3A0x1.4000000000000p%2B2,259,4.572,3.92056,4.032233749080685,2.724429125880535,defined,-0.040989779480716956,sensitivity_only
id:x%3A0x1.4000000000000p%2B2,260,4.59,3.9382,3.8265262509193145,2.724429125880535,defined,0.040989779480716956,sensitivity_only
id:x%3A0x1.4000000000000p%2B2,261,4.608,3.95584,4.067513749080685,2.724429125880535,defined,-0.040989779480716956,sensitivity_only
id:x%3A0x1.4000000000000p%2B2,262,4.626,3.9734800000000003,3.8618062509193147,2.724429125880535,defined,0.040989779480716956,sensitivity_only
id:x%3A0x1.4000000000000p%2B2,263,4.644,3.9911200000000004,4.102793749080686,2.724429125880535,defined,-0.040989779480716956,sensitivity_only
id:x%3A0x1.4000000000000p%2B2,264,4.662,4.0087600000000005,3.897086250919315,2.724429125880535,defined,0.040989779480716956,sensitivity_only
id:x%3A0x1.4000000000000p%2B2,265,4.68,4.0264,4.138073749080685,2.724429125880535,defined,-0.040989779480716956,sensitivity_only
id:x%3A0x1.4000000000000p%2B2,266,4.698,4.044040000000001,3.932366250919315,2.724429125880535,defined,0.040989779480716956,sensitivity_only
id:x%3A0x1.4000000000000p%2B2,267,4.716,4.06168,4.173353749080685,2.724429125880535,defined,-0.040989779480716956,sensitivity_only
id:x%3A0x1.4000000000000p%2B2,268,4.734,4.07932,3.9676462509193144,2.724429125880535,defined,0.040989779480716956,sensitivity_only
id:x%3A0x1.4000000000000p%2B2,269,4.752,4.09696,4.208633749080685,2.724429125880535,defined,-0.040989779480716956,sensitivity_only
id:x%3A0x1.4000000000000p%2B2,270,4.77,4.114599999999999,4.002926250919314,2.724429125880535,defined,0.040989779480716956,sensitivity_only
id:x%3A0x1.4000000000000p%2B2,271,4.788,4.13224,4.2439137490806855,2.724429125880535,defined,-0.040989779480716956,sensitivity_only
id:x%3A0x1.4000000000000p%2B2,272,4.806,4.1498800000000005,4.038206250919315,2.724429125880535,defined,0.040989779480716956,sensitivity_only
id:x%3A0x1.4000000000000p%2B2,273,4.824,4.16752,4.279193749080685,2.724429125880535,defined,-0.040989779480716956,sensitivity_only
id:x%3A0x1.4000000000000p%2B2,274,4.842,4.18516,4.073486250919315,2.724429125880535,defined,0.040989779480716956,sensitivity_only
id:x%3A0x1.4000000000000p%2B2,275,4.86,4.2028,4.314473749080685,2.724429125880535,defined,-0.040989779480716956,sensitivity_only
id:x%3A0x1.4000000000000p%2B2,276,4.878,4.22044,4.108766250919315,2.724429125880535,defined,0.040989779480716956,sensitivity_only
id:x%3A0x1.4000000000000p%2B2,277,4.896,4.23808,4.349753749080685,2.724429125880535,defined,-0.040989779480716956,sensitivity_only
id:x%3A0x1.4000000000000p%2B2,278,4.914,4.25572,4.144046250919315,2.724429125880535,defined,0.040989779480716956,sensitivity_only
id:x%3A0x1.4000000000000p%2B2,279,4.932,4.27336,4.385033749080685,2.724429125880535,defined,-0.040989779480716956,sensitivity_only
id:x%3A0x1.4000000000000p%2B2,280,4.95,4.291,4.179326250919315,2.724429125880535,defined,0.040989779480716956,sensitivity_only
id:x%3A0x1.4000000000000p%2B2,281,4.968,4.3086400000000005,4.420313749080686,2.724429125880535,defined,-0.040989779480716956,sensitivity_only
id:x%3A0x1.4000000000000p%2B2,282,4.986,4.32628,4.2146062509193145,2.724429125880535,defined,0.040989779480716956,sensitivity_only
id:x%3A0x1.4000000000000p%2B2,283,5.0,4.34,4.451673749080685,2.724429125880535,defined,-0.040989779480716956,sensitivity_only
id:x%3A0x1.4000000000000p%2B2,284,5.004,4.34392,4.232246250919315,2.724429125880535,defined,0.040989779480716956,sensitivity_only
id:x%3A0x1.4000000000000p%2B2,285,5.022,4.361560000000001,4.473233749080686,2.724429125880535,defined,-0.040989779480716956,sensitivity_only
id:x%3A0x1.4000000000000p%2B2,286,5.04,4.3792,4.267526250919315,2.724429125880535,defined,0.040989779480716956,sensitivity_only
id:x%3A0x1.4000000000000p%2B2,287,5.058,4.39684,4.508513749080685,2.724429125880535,defined,-0.040989779480716956,sensitivity_only
id:x%3A0x1.4000000000000p%2B2,288,5.076,4.414479999999999,4.302806250919314,2.724429125880535,defined,0.040989779480716956,sensitivity_only
id:x%3A0x1.4000000000000p%2B2,289,5.094,4.43212,4.5437937490806855,2.724429125880535,defined,-0.040989779480716956,sensitivity_only
id:x%3A0x1.4000000000000p%2B2,290,5.112,4.44976,4.338086250919315,2.724429125880535,defined,0.040989779480716956,sensitivity_only
id:x%3A0x1.4000000000000p%2B2,291,5.13,4.4674,4.579073749080685,2.724429125880535,defined,-0.040989779480716956,sensitivity_only
id:x%3A0x1.4000000000000p%2B2,292,5.148,4.48504,4.3733662509193145,2.724429125880535,defined,0.040989779480716956,sensitivity_only
id:x%3A0x1.4000000000000p%2B2,293,5.166,4.502680000000001,4.614353749080686,2.724429125880535,defined,-0.040989779480716956,sensitivity_only
id:x%3A0x1.4000000000000p%2B2,294,5.184,4.52032,4.408646250919315,2.724429125880535,defined,0.040989779480716956,sensitivity_only
id:x%3A0x1.4000000000000p%2B2,295,5.202,4.53796,4.649633749080685,2.724429125880535,defined,-0.040989779480716956,sensitivity_only
id:x%3A0x1.4000000000000p%2B2,296,5.22,4.5556,4.443926250919315,2.724429125880535,defined,0.040989779480716956,sensitivity_only
id:x%3A0x1.4000000000000p%2B2,297,5.238,4.57324,4.684913749080685,2.724429125880535,defined,-0.040989779480716956,sensitivity_only
id:x%3A0x1.4000000000000p%2B2,298,5.256,4.59088,4.479206250919315,2.724429125880535,defined,0.040989779480716956,sensitivity_only
id:x%3A0x1.4000000000000p%2B2,299,5.274,4.60852,4.720193749080686,2.724429125880535,defined,-0.040989779480716956,sensitivity_only
id:x%3A0x1.4000000000000p%2B2,300,5.292,4.62616,4.514486250919314,2.724429125880535,defined,0.040989779480716956,sensitivity_only
id:x%3A0x1.4000000000000p%2B2,301,5.31,4.6438,4.755473749080685,2.724429125880535,defined,-0.040989779480716956,sensitivity_only
id:x%3A0x1.4000000000000p%2B2,302,5.328,4.661440000000001,4.5497662509193155,2.724429125880535,defined,0.040989779480716956,sensitivity_only
id:x%3A0x1.4000000000000p%2B2,303,5.346,4.67908,4.790753749080685,2.724429125880535,defined,-0.040989779480716956,sensitivity_only
id:x%3A0x1.4000000000000p%2B2,304,5.364,4.69672,4.585046250919315,2.724429125880535,defined,0.040989779480716956,sensitivity_only
id:x%3A0x1.4000000000000p%2B2,305,5.382,4.714359999999999,4.826033749080684,2.724429125880535,defined,-0.040989779480716956,sensitivity_only
id:x%3A0x1.4000000000000p%2B2,306,5.4,4.732,4.620326250919315,2.724429125880535,defined,0.040989779480716956,sensitivity_only
id:x%3A0x1.4000000000000p%2B2,307,5.418,4.74964,4.8613137490806855,2.724429125880535,defined,-0.040989779480716956,sensitivity_only
id:x%3A0x1.4000000000000p%2B2,308,5.436,4.7672799999999995,4.655606250919314,2.724429125880535,defined,0.040989779480716956,sensitivity_only
id:x%3A0x1.4000000000000p%2B2,309,5.454,4.78492,4.896593749080685,2.724429125880535,defined,-0.040989779480716956,sensitivity_only
id:x%3A0x1.4000000000000p%2B2,310,5.472,4.802560000000001,4.690886250919315,2.724429125880535,defined,0.040989779480716956,sensitivity_only
id:x%3A0x1.4000000000000p%2B2,311,5.49,4.8202,4.931873749080685,2.724429125880535,defined,-0.040989779480716956,sensitivity_only
id:x%3A0x1.4000000000000p%2B2,312,5.508,4.83784,4.726166250919315,2.7244291258805333,defined,0.040989779480716956,sensitivity_only
id:x%3A0x1.4000000000000p%2B2,313,5.526,4.85548,4.967153749080685,2.7244291258805333,defined,-0.040989779480716956,sensitivity_only
id:x%3A0x1.4000000000000p%2B2,314,5.544,4.87312,4.761446250919315,2.7244291258805333,defined,0.040989779480716956,sensitivity_only
id:x%3A0x1.4000000000000p%2B2,315,5.562,4.89076,5.002433749080685,2.7244291258805333,defined,-0.040989779480716956,sensitivity_only
id:x%3A0x1.4000000000000p%2B2,316,5.58,4.9084,4.796726250919315,2.7244291258805333,defined,0.040989779480716956,sensitivity_only
id:x%3A0x1.4000000000000p%2B2,317,5.598,4.92604,5.037713749080686,2.7244291258805333,defined,-0.040989779480716956,sensitivity_only
id:x%3A0x1.4000000000000p%2B2,318,5.616,4.94368,4.8320062509193145,2.7244291258805333,defined,0.040989779480716956,sensitivity_only
id:x%3A0x1.4000000000000p%2B2,319,5.634,4.961320000000001,5.072993749080686,2.7244291258805333,defined,-0.040989779480716956,sensitivity_only
id:x%3A0x1.4000000000000p%2B2,320,5.652,4.978960000000001,4.8672862509193155,2.7244291258805333,defined,0.040989779480716956,sensitivity_only
id:x%3A0x1.4000000000000p%2B2,321,5.67,4.9966,5.108273749080685,2.7244291258805333,defined,-0.040989779480716956,sensitivity_only
id:x%3A0x1.4000000000000p%2B2,322,5.688,5.014239999999999,4.902566250919314,2.7244291258805333,defined,0.040989779480716956,sensitivity_only
id:x%3A0x1.4000000000000p%2B2,323,5.706,5.031880000000001,5.143553749080686,2.7244291258805333,defined,-0.040989779480716956,sensitivity_only
id:x%3A0x1.4000000000000p%2B2,324,5.724,5.04952,4.937846250919315,2.7244291258805333,defined,0.040989779480716956,sensitivity_only
id:x%3A0x1.4000000000000p%2B2,325,5.742,5.067159999999999,5.178833749080685,2.7244291258805333,defined,-0.040989779480716956,sensitivity_only
id:x%3A0x1.4000000000000p%2B2,326,5.76,5.0847999999999995,4.973126250919314,2.7244291258805333,defined,0.040989779480716956,sensitivity_only
id:x%3A0x1.4000000000000p%2B2,327,5.778,5.10244,5.214113749080685,2.7244291258805333,defined,-0.040989779480716956,sensitivity_only
id:x%3A0x1.4000000000000p%2B2,328,5.796,5.12008,5.008406250919315,2.7244291258805333,defined,0.040989779480716956,sensitivity_only
id:x%3A0x1.4000000000000p%2B2,329,5.814,5.13772,5.249393749080685,2.7244291258805333,defined,-0.040989779480716956,sensitivity_only
id:x%3A0x1.4000000000000p%2B2,330,5.832,5.15536,5.043686250919315,2.7244291258805333,defined,0.040989779480716956,sensitivity_only
id:x%3A0x1.4000000000000p%2B2,331,5.85,5.173,5.284673749080685,2.7244291258805333,defined,-0.040989779480716956,sensitivity_only
id:x%3A0x1.4000000000000p%2B2,332,5.868,5.19064,5.078966250919315,2.7244291258805333,defined,0.040989779480716956,sensitivity_only
id:x%3A0x1.4000000000000p%2B2,333,5.886,5.20828,5.319953749080685,2.7244291258805333,defined,-0.040989779480716956,sensitivity_only
id:x%3A0x1.4000000000000p%2B2,334,5.904,5.22592,5.114246250919315,2.7244291258805333,defined,0.040989779480716956,sensitivity_only
id:x%3A0x1.4000000000000p%2B2,335,5.922,5.24356,5.355233749080686,2.7244291258805333,defined,-0.040989779480716956,sensitivity_only
id:x%3A0x1.4000000000000p%2B2,336,5.94,5.2612000000000005,5.149526250919315,2.7244291258805333,defined,0.040989779480716956,sensitivity_only
id:x%3A0x1.4000000000000p%2B2,337,5.958,5.278840000000001,5.390513749080686,2.7244291258805333,defined,-0.040989779480716956,sensitivity_only
id:x%3A0x1.4000000000000p%2B2,338,5.976,5.29648,5.184806250919315,2.7244291258805333,defined,0.040989779480716956,sensitivity_only
id:x%3A0x1.4000000000000p%2B2,339,5.994,5.31412,5.425793749080685,2.7244291258805333,defined,-0.040989779480716956,sensitivity_only
id:x%3A0x1.4000000000000p%2B2,340,6.0,5.32,5.208326250919315,2.7244291258805333,defined,0.040989779480716956,sensitivity_only
id:x%3A0x1.4000000000000p%2B2,341,6.012,5.331759999999999,5.443433749080684,2.7244291258805333,defined,-0.040989779480716956,sensitivity_only
id:x%3A0x1.4000000000000p%2B2,342,6.03,5.3494,5.237726250919315,2.7244291258805333,defined,0.040989779480716956,sensitivity_only
id:x%3A0x1.4000000000000p%2B2,343,6.048,5.36704,5.478713749080685,2.7244291258805333,defined,-0.040989779480716956,sensitivity_only
id:x%3A0x1.4000000000000p%2B2,344,6.066,5.3846799999999995,5.273006250919314,2.7244291258805333,defined,0.040989779480716956,sensitivity_only
id:x%3A0x1.4000000000000p%2B2,345,6.084,5.40232,5.513993749080685,2.7244291258805333,defined,-0.040989779480716956,sensitivity_only
id:x%3A0x1.4000000000000p%2B2,346,6.102,5.4199600000000006,5.308286250919315,2.7244291258805333,defined,0.040989779480716956,sensitivity_only
id:x%3A0x1.4000000000000p%2B2,347,6.12,5.4376,5.549273749080685,2.7244291258805333,defined,-0.040989779480716956,sensitivity_only
id:x%3A0x1.4000000000000p%2B2,348,6.138,5.45524,5.343566250919315,2.7244291258805333,defined,0.040989779480716956,sensitivity_only
id:x%3A0x1.4000000000000p%2B2,349,6.156,5.47288,5.584553749080685,2.7244291258805333,defined,-0.040989779480716956,sensitivity_only
id:x%3A0x1.4000000000000p%2B2,350,6.174,5.49052,5.378846250919315,2.7244291258805333,defined,0.040989779480716956,sensitivity_only
id:x%3A0x1.4000000000000p%2B2,351,6.192,5.50816,5.619833749080685,2.7244291258805333,defined,-0.040989779480716956,sensitivity_only
id:x%3A0x1.4000000000000p%2B2,352,6.21,5.5258,5.414126250919315,2.7244291258805333,defined,0.040989779480716956,sensitivity_only
id:x%3A0x1.4000000000000p%2B2,353,6.228,5.54344,5.6551137490806855,2.7244291258805333,defined,-0.040989779480716956,sensitivity_only
id:x%3A0x1.4000000000000p%2B2,354,6.246,5.5610800000000005,5.449406250919315,2.7244291258805333,defined,0.040989779480716956,sensitivity_only
id:x%3A0x1.4000000000000p%2B2,355,6.264,5.578720000000001,5.690393749080686,2.7244291258805333,defined,-0.040989779480716956,sensitivity_only
id:x%3A0x1.4000000000000p%2B2,356,6.282,5.596360000000001,5.4846862509193155,2.7244291258805333,defined,0.040989779480716956,sensitivity_only
id:x%3A0x1.4000000000000p%2B2,357,6.3,5.614,5.725673749080685,2.7244291258805333,defined,-0.040989779480716956,sensitivity_only
id:x%3A0x1.4000000000000p%2B2,358,6.318,5.631639999999999,5.519966250919314,2.7244291258805333,defined,0.040989779480716956,sensitivity_only
id:x%3A0x1.4000000000000p%2B2,359,6.336,5.649280000000001,5.760953749080686,2.7244291258805333,defined,-0.040989779480716956,sensitivity_only
id:x%3A0x1.4000000000000p%2B2,360,6.354,5.66692,5.555246250919315,2.7244291258805333,defined,0.040989779480716956,sensitivity_only
id:x%3A0x1.4000000000000p%2B2,361,6.372,5.684559999999999,5.796233749080685,2.7244291258805333,defined,-0.040989779480716956,sensitivity_only
id:x%3A0x1.4000000000000p%2B2,362,6.39,5.7021999999999995,5.590526250919314,2.7244291258805333,defined,0.040989779480716956,sensitivity_only
id:x%3A0x1.4000000000000p%2B2,363,6.408,5.7198400000000005,5.831513749080686,2.7244291258805333,defined,-0.040989779480716956,sensitivity_only
id:x%3A0x1.4000000000000p%2B2,364,6.426,5.73748,5.6258062509193145,2.7244291258805333,defined,0.040989779480716956,sensitivity_only
id:x%3A0x1.4000000000000p%2B2,365,6.444,5.75512,5.866793749080685,2.7244291258805333,defined,-0.040989779480716956,sensitivity_only
id:x%3A0x1.4000000000000p%2B2,366,6.462,5.77276,5.661086250919315,2.7244291258805333,defined,0.040989779480716956,sensitivity_only
id:x%3A0x1.4000000000000p%2B2,367,6.48,5.7904,5.902073749080685,2.7244291258805333,defined,-0.040989779480716956,sensitivity_only
id:x%3A0x1.4000000000000p%2B2,368,6.498,5.80804,5.696366250919315,2.7244291258805333,defined,0.040989779480716956,sensitivity_only
id:x%3A0x1.4000000000000p%2B2,369,6.516,5.82568,5.937353749080685,2.7244291258805333,defined,-0.040989779480716956,sensitivity_only
id:x%3A0x1.4000000000000p%2B2,370,6.534,5.84332,5.731646250919315,2.7244291258805333,defined,0.040989779480716956,sensitivity_only
id:x%3A0x1.4000000000000p%2B2,371,6.552,5.8609599999999995,5.972633749080685,2.7244291258805333,defined,-0.040989779480716956,sensitivity_only
id:x%3A0x1.4000000000000p%2B2,372,6.57,5.8786000000000005,5.766926250919315,2.7244291258805333,defined,0.040989779480716956,sensitivity_only
id:x%3A0x1.4000000000000p%2B2,373,6.588,5.896240000000001,6.007913749080686,2.7244291258805333,defined,-0.040989779480716956,sensitivity_only
id:x%3A0x1.4000000000000p%2B2,374,6.606,5.91388,5.802206250919315,2.7244291258805333,defined,0.040989779480716956,sensitivity_only
id:x%3A0x1.4000000000000p%2B2,375,6.624,5.93152,6.043193749080685,2.7244291258805333,defined,-0.040989779480716956,sensitivity_only
id:x%3A0x1.4000000000000p%2B2,376,6.642,5.949160000000001,5.837486250919316,2.7244291258805333,defined,0.040989779480716956,sensitivity_only
id:x%3A0x1.4000000000000p%2B2,377,6.66,5.9668,6.078473749080685,2.7244291258805333,defined,-0.040989779480716956,sensitivity_only
id:x%3A0x1.4000000000000p%2B2,378,6.678,5.98444,5.872766250919315,2.7244291258805333,defined,0.040989779480716956,sensitivity_only
id:x%3A0x1.4000000000000p%2B2,379,6.696,6.002079999999999,6.113753749080685,2.7244291258805333,defined,-0.040989779480716956,sensitivity_only
id:x%3A0x1.4000000000000p%2B2,380,6.714,6.01972,5.908046250919315,2.7244291258805333,defined,0.040989779480716956,sensitivity_only
id:x%3A0x1.4000000000000p%2B2,381,6.732,6.03736,6.149033749080685,2.7244291258805333,defined,-0.040989779480716956,sensitivity_only
id:x%3A0x1.4000000000000p%2B2,382,6.75,6.055,5.9433262509193145,2.7244291258805333,defined,0.040989779480716956,sensitivity_only
id:x%3A0x1.4000000000000p%2B2,383,6.768,6.07264,6.184313749080685,2.7244291258805333,defined,-0.040989779480716956,sensitivity_only
id:x%3A0x1.4000000000000p%2B2,384,6.786,6.09028,5.978606250919315,2.7244291258805333,defined,0.040989779480716956,sensitivity_only
id:x%3A0x1.4000000000000p%2B2,385,6.804,6.10792,6.219593749080685,2.7244291258805333,defined,-0.040989779480716956,sensitivity_only
id:x%3A0x1.4000000000000p%2B2,386,6.822,6.12556,6.013886250919315,2.7244291258805333,defined,0.040989779480716956,sensitivity_only
id:x%3A0x1.4000000000000p%2B2,387,6.84,6.1432,6.254873749080685,2.7244291258805333,defined,-0.040989779480716956,sensitivity_only
id:x%3A0x1.4000000000000p%2B2,388,6.858,6.16084,6.049166250919315,2.7244291258805333,defined,0.040989779480716956,sensitivity_only
id:x%3A0x1.4000000000000p%2B2,389,6.876,6.17848,6.290153749080686,2.7244291258805333,defined,-0.040989779480716956,sensitivity_only
id:x%3A0x1.4000000000000p%2B2,390,6.894,6.1961200000000005,6.084446250919315,2.7244291258805333,defined,0.040989779480716956,sensitivity_only
id:x%3A0x1.4000000000000p%2B2,391,6.912,6.213760000000001,6.325433749080686,2.7244291258805333,defined,-0.040989779480716956,sensitivity_only
id:x%3A0x1.4000000000000p%2B2,392,6.93,6.2314,6.119726250919315,2.7244291258805333,defined,0.040989779480716956,sensitivity_only
id:x%3A0x1.4000000000000p%2B2,393,6.948,6.249040000000001,6.360713749080686,2.7244291258805333,defined,-0.040989779480716956,sensitivity_only
id:x%3A0x1.4000000000000p%2B2,394,6.966,6.26668,6.155006250919315,2.7244291258805333,defined,0.040989779480716956,sensitivity_only
id:x%3A0x1.4000000000000p%2B2,395,6.984,6.28432,6.395993749080685,2.7244291258805333,defined,-0.040989779480716956,sensitivity_only
id:x%3A0x1.4000000000000p%2B2,396,7.0,6.3,6.188326250919315,2.7244291258805333,defined,0.040989779480716956,sensitivity_only
id:x%3A0x1.4000000000000p%2B2,397,7.002,6.301959999999999,6.4136337490806845,2.7244291258805333,defined,-0.040989779480716956,sensitivity_only
id:x%3A0x1.4000000000000p%2B2,398,7.02,6.319599999999999,6.207926250919314,2.7244291258805333,defined,0.040989779480716956,sensitivity_only
id:x%3A0x1.4000000000000p%2B2,399,7.038,6.33724,6.448913749080686,2.7244291258805333,defined,-0.040989779480716956,sensitivity_only
id:x%3A0x1.4000000000000p%2B2,400,7.056,6.35488,6.2432062509193145,2.7244291258805333,defined,0.040989779480716956,sensitivity_only
id:x%3A0x1.4000000000000p%2B2,401,7.074,6.37252,6.484193749080685,2.7244291258805333,defined,-0.040989779480716956,sensitivity_only
id:x%3A0x1.4000000000000p%2B2,402,7.092,6.39016,6.278486250919315,2.7244291258805333,defined,0.040989779480716956,sensitivity_only
id:x%3A0x1.4000000000000p%2B2,403,7.11,6.4078,6.519473749080685,2.7244291258805333,defined,-0.040989779480716956,sensitivity_only
id:x%3A0x1.4000000000000p%2B2,404,7.128,6.42544,6.313766250919315,2.7244291258805333,defined,0.040989779480716956,sensitivity_only
id:x%3A0x1.4000000000000p%2B2,405,7.146,6.44308,6.554753749080685,2.7244291258805333,defined,-0.040989779480716956,sensitivity_only
id:x%3A0x1.4000000000000p%2B2,406,7.164,6.46072,6.349046250919315,2.7244291258805333,defined,0.040989779480716956,sensitivity_only
id:x%3A0x1.4000000000000p%2B2,407,7.182,6.47836,6.5900337490806855,2.7244291258805333,defined,-0.040989779480716956,sensitivity_only
id:x%3A0x1.4000000000000p%2B2,408,7.2,6.496,6.384326250919315,2.7244291258805333,defined,0.040989779480716956,sensitivity_only
id:x%3A0x1.4000000000000p%2B2,409,7.218,6.5136400000000005,6.625313749080686,2.7244291258805333,defined,-0.040989779480716956,sensitivity_only
id:x%3A0x1.4000000000000p%2B2,410,7.236,6.53128,6.419606250919315,2.7244291258805333,defined,0.040989779480716956,sensitivity_only
id:x%3A0x1.4000000000000p%2B2,411,7.254,6.548919999999999,6.660593749080684,2.7244291258805333,defined,-0.040989779480716956,sensitivity_only
id:x%3A0x1.4000000000000p%2B2,412,7.272,6.566560000000001,6.454886250919316,2.7244291258805333,defined,0.040989779480716956,sensitivity_only
id:x%3A0x1.4000000000000p%2B2,413,7.29,6.5842,6.695873749080685,2.7244291258805333,defined,-0.040989779480716956,sensitivity_only
id:x%3A0x1.4000000000000p%2B2,414,7.308,6.601839999999999,6.490166250919314,2.7244291258805333,defined,0.040989779480716956,sensitivity_only
id:x%3A0x1.4000000000000p%2B2,415,7.326,6.619479999999999,6.7311537490806845,2.7244291258805333,defined,-0.040989779480716956,sensitivity_only
id:x%3A0x1.4000000000000p%2B2,416,7.344,6.63712,6.525446250919315,2.7244291258805333,defined,0.040989779480716956,sensitivity_only
id:x%3A0x1.4000000000000p%2B2,417,7.362,6.65476,6.766433749080685,2.7244291258805333,defined,-0.040989779480716956,sensitivity_only
id:x%3A0x1.4000000000000p%2B2,418,7.38,6.6724,6.5607262509193145,2.7244291258805333,defined,0.040989779480716956,sensitivity_only
id:x%3A0x1.4000000000000p%2B2,419,7.398,6.69004,6.801713749080685,2.7244291258805333,defined,-0.040989779480716956,sensitivity_only
id:x%3A0x1.4000000000000p%2B2,420,7.416,6.70768,6.596006250919315,2.7244291258805333,defined,0.040989779480716956,sensitivity_only
id:x%3A0x1.4000000000000p%2B2,421,7.434,6.72532,6.836993749080685,2.7244291258805333,defined,-0.040989779480716956,sensitivity_only
id:x%3A0x1.4000000000000p%2B2,422,7.452,6.74296,6.631286250919315,2.7244291258805333,defined,0.040989779480716956,sensitivity_only
id:x%3A0x1.4000000000000p%2B2,423,7.47,6.7606,6.872273749080685,2.7244291258805333,defined,-0.040989779480716956,sensitivity_only
id:x%3A0x1.4000000000000p%2B2,424,7.488,6.77824,6.666566250919315,2.7244291258805333,defined,0.040989779480716956,sensitivity_only
id:x%3A0x1.4000000000000p%2B2,425,7.506,6.79588,6.9075537490806855,2.7244291258805333,defined,-0.040989779480716956,sensitivity_only
id:x%3A0x1.4000000000000p%2B2,426,7.524,6.8135200000000005,6.701846250919315,2.7244291258805333,defined,0.040989779480716956,sensitivity_only
id:x%3A0x1.4000000000000p%2B2,427,7.542,6.83116,6.942833749080685,2.7244291258805333,defined,-0.040989779480716956,sensitivity_only
id:x%3A0x1.4000000000000p%2B2,428,7.56,6.8488,6.737126250919315,2.7244291258805333,defined,0.040989779480716956,sensitivity_only
id:x%3A0x1.4000000000000p%2B2,429,7.578,6.866440000000001,6.978113749080686,2.7244291258805333,defined,-0.040989779480716956,sensitivity_only
id:x%3A0x1.4000000000000p%2B2,430,7.596,6.88408,6.772406250919315,2.7244291258805333,defined,0.040989779480716956,sensitivity_only
id:x%3A0x1.4000000000000p%2B2,431,7.614,6.90172,7.013393749080685,2.7244291258805333,defined,-0.040989779480716956,sensitivity_only
id:x%3A0x1.4000000000000p%2B2,432,7.632,6.919359999999999,6.807686250919314,2.7244291258805333,defined,0.040989779480716956,sensitivity_only
id:x%3A0x1.4000000000000p%2B2,433,7.65,6.937,7.0486737490806854,2.7244291258805333,defined,-0.040989779480716956,sensitivity_only
id:x%3A0x1.4000000000000p%2B2,434,7.668,6.95464,6.842966250919315,2.7244291258805333,defined,0.040989779480716956,sensitivity_only
id:x%3A0x1.4000000000000p%2B2,435,7.686,6.97228,7.083953749080685,2.7244291258805333,defined,-0.040989779480716956,sensitivity_only
id:x%3A0x1.4000000000000p%2B2,436,7.704,6.98992,6.8782462509193145,2.7244291258805333,defined,0.040989779480716956,sensitivity_only
id:x%3A0x1.4000000000000p%2B2,437,7.722,7.007560000000001,7.119233749080686,2.7244291258805333,defined,-0.040989779480716956,sensitivity_only
id:x%3A0x1.4000000000000p%2B2,438,7.74,7.0252,6.913526250919315,2.7244291258805333,defined,0.040989779480716956,sensitivity_only
id:x%3A0x1.4000000000000p%2B2,439,7.758,7.04284,7.154513749080685,2.7244291258805333,defined,-0.040989779480716956,sensitivity_only
id:x%3A0x1.4000000000000p%2B2,440,7.776,7.06048,6.948806250919315,2.7244291258805333,defined,0.040989779480716956,sensitivity_only
id:x%3A0x1.4000000000000p%2B2,441,7.794,7.078119999999999,7.1897937490806845,2.7244291258805333,defined,-0.040989779480716956,sensitivity_only
id:x%3A0x1.4000000000000p%2B2,442,7.812,7.09576,6.984086250919315,2.7244291258805333,defined,0.040989779480716956,sensitivity_only
id:x%3A0x1.4000000000000p%2B2,443,7.83,7.1134,7.225073749080686,2.7244291258805333,defined,-0.040989779480716956,sensitivity_only
id:x%3A0x1.4000000000000p%2B2,444,7.848,7.13104,7.019366250919314,2.7244291258805333,defined,0.040989779480716956,sensitivity_only
id:x%3A0x1.4000000000000p%2B2,445,7.866,7.14868,7.260353749080685,2.7244291258805333,defined,-0.040989779480716956,sensitivity_only
id:x%3A0x1.4000000000000p%2B2,446,7.884,7.166320000000001,7.0546462509193155,2.7244291258805333,defined,0.040989779480716956,sensitivity_only
id:x%3A0x1.4000000000000p%2B2,447,7.902,7.18396,7.295633749080685,2.7244291258805333,defined,-0.040989779480716956,sensitivity_only
id:x%3A0x1.4000000000000p%2B2,448,7.92,7.2016,7.089926250919315,2.7244291258805333,defined,0.040989779480716956,sensitivity_only
id:x%3A0x1.4000000000000p%2B2,449,7.938,7.21924,7.330913749080685,2.7244291258805333,defined,-0.040989779480716956,sensitivity_only
id:x%3A0x1.4000000000000p%2B2,450,7.956,7.23688,7.125206250919315,2.7244291258805333,defined,0.040989779480716956,sensitivity_only
id:x%3A0x1.4000000000000p%2B2,451,7.974,7.25452,7.3661937490806855,2.7244291258805333,defined,-0.040989779480716956,sensitivity_only
id:x%3A0x1.4000000000000p%2B2,452,7.992,7.27216,7.160486250919315,2.7244291258805333,defined,0.040989779480716956,sensitivity_only
id:x%3A0x1.4000000000000p%2B2,453,8.0,7.28,7.391673749080685,2.7244291258805333,defined,-0.040989779480716956,sensitivity_only
id:x%3A0x1.4000000000000p%2B2,454,8.01,7.2898,7.178126250919314,2.7244291258805333,defined,0.040989779480716956,sensitivity_only
id:x%3A0x1.4000000000000p%2B2,455,8.028,7.307440000000001,7.419113749080686,2.7244291258805333,defined,-0.040989779480716956,sensitivity_only
id:x%3A0x1.4000000000000p%2B2,456,8.046,7.32508,7.213406250919315,2.7244291258805333,defined,0.040989779480716956,sensitivity_only
id:x%3A0x1.4000000000000p%2B2,457,8.064,7.34272,7.454393749080685,2.7244291258805333,defined,-0.040989779480716956,sensitivity_only
id:x%3A0x1.4000000000000p%2B2,458,8.082,7.360360000000001,7.248686250919316,2.7244291258805333,defined,0.040989779480716956,sensitivity_only
id:x%3A0x1.4000000000000p%2B2,459,8.1,7.378,7.489673749080685,2.7244291258805333,defined,-0.040989779480716956,sensitivity_only
id:x%3A0x1.4000000000000p%2B2,460,8.118,7.39564,7.283966250919315,2.7244291258805333,defined,0.040989779480716956,sensitivity_only
id:x%3A0x1.4000000000000p%2B2,461,8.136,7.413279999999999,7.524953749080685,2.7244291258805333,defined,-0.040989779480716956,sensitivity_only
id:x%3A0x1.4000000000000p%2B2,462,8.154,7.4309199999999995,7.319246250919314,2.7244291258805333,defined,0.040989779480716956,sensitivity_only
id:x%3A0x1.4000000000000p%2B2,463,8.172,7.4485600000000005,7.560233749080686,2.7244291258805333,defined,-0.040989779480716956,sensitivity_only
id:x%3A0x1.4000000000000p%2B2,464,8.19,7.4662,7.354526250919315,2.7244291258805333,defined,0.040989779480716956,sensitivity_only
id:x%3A0x1.4000000000000p%2B2,465,8.208,7.48384,7.595513749080685,2.7244291258805333,defined,-0.040989779480716956,sensitivity_only
id:x%3A0x1.4000000000000p%2B2,466,8.226,7.501480000000001,7.389806250919316,2.7244291258805333,defined,0.040989779480716956,sensitivity_only
id:x%3A0x1.4000000000000p%2B2,467,8.244,7.51912,7.630793749080685,2.7244291258805333,defined,-0.040989779480716956,sensitivity_only
id:x%3A0x1.4000000000000p%2B2,468,8.262,7.53676,7.425086250919315,2.7244291258805333,defined,0.040989779480716956,sensitivity_only
id:x%3A0x1.4000000000000p%2B2,469,8.28,7.554399999999999,7.6660737490806845,2.7244291258805333,defined,-0.040989779480716956,sensitivity_only
id:x%3A0x1.4000000000000p%2B2,470,8.298,7.57204,7.460366250919315,2.7244291258805333,defined,0.040989779480716956,sensitivity_only
id:x%3A0x1.4000000000000p%2B2,471,8.316,7.58968,7.701353749080686,2.7244291258805333,defined,-0.040989779480716956,sensitivity_only
id:x%3A0x1.4000000000000p%2B2,472,8.334,7.60732,7.4956462509193145,2.7244291258805333,defined,0.040989779480716956,sensitivity_only
id:x%3A0x1.4000000000000p%2B2,473,8.352,7.624960000000001,7.736633749080686,2.7244291258805333,defined,-0.040989779480716956,sensitivity_only
id:x%3A0x1.4000000000000p%2B2,474,8.37,7.642599999999999,7.530926250919314,2.7244291258805333,defined,0.040989779480716956,sensitivity_only
id:x%3A0x1.4000000000000p%2B2,475,8.388,7.66024,7.771913749080685,2.7244291258805333,defined,-0.040989779480716956,sensitivity_only
id:x%3A0x1.4000000000000p%2B2,476,8.406,7.677880000000001,7.566206250919316,2.7244291258805333,defined,0.040989779480716956,sensitivity_only
id:x%3A0x1.4000000000000p%2B2,477,8.424,7.695519999999999,7.807193749080684,2.7244291258805333,defined,-0.040989779480716956,sensitivity_only
id:x%3A0x1.4000000000000p%2B2,478,8.442,7.71316,7.601486250919315,2.7244291258805333,defined,0.040989779480716956,sensitivity_only
id:x%3A0x1.4000000000000p%2B2,479,8.46,7.730800000000001,7.842473749080686,2.7244291258805333,defined,-0.040989779480716956,sensitivity_only
id:x%3A0x1.4000000000000p%2B2,480,8.478,7.7484399999999996,7.636766250919314,2.7244291258805333,defined,0.040989779480716956,sensitivity_only
id:x%3A0x1.4000000000000p%2B2,481,8.496,7.7660800000000005,7.877753749080686,2.7244291258805333,defined,-0.040989779480716956,sensitivity_only
id:x%3A0x1.4000000000000p%2B2,482,8.514,7.78372,7.694381000735452,2.179543300704428,defined,0.040989779480716956,sensitivity_only
id:x%3A0x1.4000000000000p%2B2,483,8.532,7.80136,7.890698999264548,2.179543300704428,defined,-0.040989779480716956,sensitivity_only
id:x%3A0x1.4000000000000p%2B2,484,8.55,7.819000000000001,7.729661000735453,2.179543300704428,defined,0.040989779480716956,sensitivity_only
id:x%3A0x1.4000000000000p%2B2,485,8.568,7.83664,7.925978999264548,2.179543300704428,defined,-0.040989779480716956,sensitivity_only
id:x%3A0x1.4000000000000p%2B2,486,8.586,7.85428,7.764941000735452,2.179543300704428,defined,0.040989779480716956,sensitivity_only
id:x%3A0x1.4000000000000p%2B2,487,8.604,7.871919999999999,7.9612589992645475,2.179543300704428,defined,-0.040989779480716956,sensitivity_only
id:x%3A0x1.4000000000000p%2B2,488,8.622,7.8895599999999995,7.800221000735451,2.179543300704428,defined,0.040989779480716956,sensitivity_only
id:x%3A0x1.4000000000000p%2B2,489,8.64,7.9072000000000005,7.996538999264549,2.179543300704428,defined,-0.040989779480716956,sensitivity_only
id:x%3A0x1.4000000000000p%2B2,490,8.658,7.92484,7.8355010007354515,2.179543300704428,defined,0.040989779480716956,sensitivity_only
id:x%3A0x1.4000000000000p%2B2,491,8.676,7.94248,8.031818999264548,2.179543300704428,defined,-0.040989779480716956,sensitivity_only
id:x%3A0x1.4000000000000p%2B2,492,8.694,7.960120000000001,7.870781000735453,2.179543300704428,defined,0.040989779480716956,sensitivity_only
id:x%3A0x1.4000000000000p%2B2,493,8.712,7.97776,8.067098999264548,2.179543300704428,defined,-0.040989779480716956,sensitivity_only
id:x%3A0x1.4000000000000p%2B2,494,8.73,7.9954,7.906061000735452,2.179543300704428,defined,0.040989779480716956,sensitivity_only
id:x%3A0x1.4000000000000p%2B2,495,8.748,8.01304,8.102378999264548,2.179543300704428,defined,-0.040989779480716956,sensitivity_only
id:x%3A0x1.4000000000000p%2B2,496,8.766,8.03068,7.941341000735452,2.179543300704428,defined,0.040989779480716956,sensitivity_only
id:x%3A0x1.4000000000000p%2B2,497,8.784,8.04832,8.137658999264548,2.179543300704428,defined,-0.040989779480716956,sensitivity_only
id:x%3A0x1.4000000000000p%2B2,498,8.802,8.06596,7.976621000735452,2.179543300704428,defined,0.040989779480716956,sensitivity_only
id:x%3A0x1.4000000000000p%2B2,499,8.82,8.0836,8.172938999264549,2.179543300704428,defined,-0.040989779480716956,sensitivity_only
id:x%3A0x1.4000000000000p%2B2,500,8.838,8.101239999999999,8.01190100073545,2.179543300704428,defined,0.040989779480716956,sensitivity_only
id:x%3A0x1.4000000000000p%2B2,501,8.856,8.11888,8.208218999264549,2.179543300704428,defined,-0.040989779480716956,sensitivity_only
id:x%3A0x1.4000000000000p%2B2,502,8.874,8.13652,8.047181000735453,2.179543300704428,defined,0.040989779480716956,sensitivity_only
id:x%3A0x1.4000000000000p%2B2,503,8.892,8.15416,8.243498999264547,2.179543300704428,defined,-0.040989779480716956,sensitivity_only
id:x%3A0x1.4000000000000p%2B2,504,8.91,8.171800000000001,8.082461000735453,2.179543300704428,defined,0.040989779480716956,sensitivity_only
id:x%3A0x1.4000000000000p%2B2,505,8.928,8.189440000000001,8.27877899926455,2.179543300704428,defined,-0.040989779480716956,sensitivity_only
id:x%3A0x1.4000000000000p%2B2,506,8.946,8.20708,8.117741000735451,2.179543300704428,defined,0.040989779480716956,sensitivity_only
id:x%3A0x1.4000000000000p%2B2,507,8.964,8.224720000000001,8.31405899926455,2.179543300704428,defined,-0.040989779480716956,sensitivity_only
id:x%3A0x1.4000000000000p%2B2,508,8.982,8.24236,8.153021000735452,2.179543300704428,defined,0.040989779480716956,sensitivity_only
id:x%3A0x1.4000000000000p%2B2,509,9.0,8.26,8.349338999264548,2.179543300704428,defined,-0.040989779480716956,sensitivity_only
id:x%3A0x1.8000000000000p%2B2,0,0.0,1.75,1.5138828090903536,2.7244291258805347,defined,0.08666666666666667,sensitivity_only
id:x%3A0x1.8000000000000p%2B2,1,0.018,1.75576,1.8734701679499117,2.7244291258805347,defined,-0.043205443236431385,sensitivity_only
id:x%3A0x1.8000000000000p%2B2,2,0.036,1.76152,1.6438098320500882,2.7244291258805347,defined,0.043205443236431385,sensitivity_only
id:x%3A0x1.8000000000000p%2B2,3,0.054,1.76728,1.8849901679499117,2.7244291258805347,defined,-0.043205443236431385,sensitivity_only
id:x%3A0x1.8000000000000p%2B2,4,0.072,1.77304,1.6553298320500882,2.7244291258805347,defined,0.043205443236431385,sensitivity_only
id:x%3A0x1.8000000000000p%2B2,5,0.09,1.7788,1.8965101679499117,2.7244291258805347,defined,-0.043205443236431385,sensitivity_only
id:x%3A0x1.8000000000000p%2B2,6,0.108,1.78456,1.6668498320500882,2.7244291258805347,defined,0.043205443236431385,sensitivity_only
id:x%3A0x1.8000000000000p%2B2,7,0.126,1.79032,1.9080301679499116,2.7244291258805347,defined,-0.043205443236431385,sensitivity_only
id:x%3A0x1.8000000000000p%2B2,8,0.144,1.79608,1.6783698320500882,2.7244291258805347,defined,0.043205443236431385,sensitivity_only
id:x%3A0x1.8000000000000p%2B2,9,0.162,1.80184,1.9195501679499118,2.7244291258805347,defined,-0.043205443236431385,sensitivity_only
id:x%3A0x1.8000000000000p%2B2,10,0.18,1.8076,1.6898898320500884,2.7244291258805347,defined,0.043205443236431385,sensitivity_only
id:x%3A0x1.8000000000000p%2B2,11,0.198,1.81336,1.9310701679499118,2.7244291258805347,defined,-0.043205443236431385,sensitivity_only
id:x%3A0x1.8000000000000p%2B2,12,0.216,1.81912,1.7014098320500883,2.7244291258805347,defined,0.043205443236431385,sensitivity_only
id:x%3A0x1.8000000000000p%2B2,13,0.234,1.82488,1.9425901679499118,2.7244291258805347,defined,-0.043205443236431385,sensitivity_only
id:x%3A0x1.8000000000000p%2B2,14,0.252,1.83064,1.7129298320500883,2.7244291258805347,defined,0.043205443236431385,sensitivity_only
id:x%3A0x1.8000000000000p%2B2,15,0.27,1.8364,1.9541101679499118,2.7244291258805347,defined,-0.043205443236431385,sensitivity_only
id:x%3A0x1.8000000000000p%2B2,16,0.288,1.84216,1.7244498320500883,2.7244291258805347,defined,0.043205443236431385,sensitivity_only
id:x%3A0x1.8000000000000p%2B2,17,0.306,1.84792,1.9656301679499117,2.7244291258805347,defined,-0.043205443236431385,sensitivity_only
id:x%3A0x1.8000000000000p%2B2,18,0.324,1.85368,1.7359698320500883,2.7244291258805347,defined,0.043205443236431385,sensitivity_only
id:x%3A0x1.8000000000000p%2B2,19,0.342,1.85944,1.9771501679499117,2.7244291258805347,defined,-0.043205443236431385,sensitivity_only
id:x%3A0x1.8000000000000p%2B2,20,0.36,1.8652,1.7474898320500882,2.7244291258805347,defined,0.043205443236431385,sensitivity_only
id:x%3A0x1.8000000000000p%2B2,21,0.378,1.87096,1.9886701679499117,2.7244291258805347,defined,-0.043205443236431385,sensitivity_only
id:x%3A0x1.8000000000000p%2B2,22,0.396,1.87672,1.7590098320500882,2.7244291258805347,defined,0.043205443236431385,sensitivity_only
id:x%3A0x1.8000000000000p%2B2,23,0.414,1.88248,2.0001901679499117,2.7244291258805347,defined,-0.043205443236431385,sensitivity_only
id:x%3A0x1.8000000000000p%2B2,24,0.432,1.88824,1.7705298320500882,2.7244291258805347,defined,0.043205443236431385,sensitivity_only
id:x%3A0x1.8000000000000p%2B2,25,0.45,1.8940000000000001,2.011710167949912,2.7244291258805347,defined,-0.043205443236431385,sensitivity_only
id:x%3A0x1.8000000000000p%2B2,26,0.468,1.8997600000000001,1.7820498320500884,2.7244291258805347,defined,0.043205443236431385,sensitivity_only
id:x%3A0x1.8000000000000p%2B2,27,0.486,1.90552,2.023230167949912,2.7244291258805347,defined,-0.043205443236431385,sensitivity_only
id:x%3A0x1.8000000000000p%2B2,28,0.504,1.91128,1.7935698320500884,2.7244291258805347,defined,0.043205443236431385,sensitivity_only
id:x%3A0x1.8000000000000p%2B2,29,0.522,1.91704,2.034750167949912,2.7244291258805347,defined,-0.043205443236431385,sensitivity_only
id:x%3A0x1.8000000000000p%2B2,30,0.54,1.9228,1.8050898320500883,2.7244291258805347,defined,0.043205443236431385,sensitivity_only
id:x%3A0x1.8000000000000p%2B2,31,0.558,1.92856,2.046270167949912,2.7244291258805347,defined,-0.043205443236431385,sensitivity_only
id:x%3A0x1.8000000000000p%2B2,32,0.576,1.93432,1.8166098320500883,2.7244291258805347,defined,0.043205443236431385,sensitivity_only
id:x%3A0x1.8000000000000p%2B2,33,0.594,1.94008,2.057790167949912,2.7244291258805347,defined,-0.043205443236431385,sensitivity_only
id:x%3A0x1.8000000000000p%2B2,34,0.612,1.94584,1.8281298320500883,2.7244291258805347,defined,0.043205443236431385,sensitivity_only
id:x%3A0x1.8000000000000p%2B2,35,0.63,1.9516,2.069310167949912,2.7244291258805347,defined,-0.043205443236431385,sensitivity_only
id:x%3A0x1.8000000000000p%2B2,36,0.648,1.95736,1.8396498320500883,2.7244291258805347,defined,0.043205443236431385,sensitivity_only
id:x%3A0x1.8000000000000p%2B2,37,0.666,1.96312,2.080830167949912,2.7244291258805347,defined,-0.043205443236431385,sensitivity_only
id:x%3A0x1.8000000000000p%2B2,38,0.684,1.96888,1.8511698320500882,2.7244291258805347,defined,0.043205443236431385,sensitivity_only
id:x%3A0x1.8000000000000p%2B2,39,0.702,1.97464,2.092350167949912,2.7244291258805347,defined,-0.043205443236431385,sensitivity_only
id:x%3A0x1.8000000000000p%2B2,40,0.72,1.9804,1.8626898320500882,2.7244291258805347,defined,0.043205443236431385,sensitivity_only
id:x%3A0x1.8000000000000p%2B2,41,0.738,1.98616,2.103870167949912,2.7244291258805347,defined,-0.043205443236431385,sensitivity_only
id:x%3A0x1.8000000000000p%2B2,42,0.756,1.99192,1.8742098320500882,2.7244291258805347,defined,0.043205443236431385,sensitivity_only
id:x%3A0x1.8000000000000p%2B2,43,0.774,1.99768,2.115390167949912,2.7244291258805347,defined,-0.043205443236431385,sensitivity_only
id:x%3A0x1.8000000000000p%2B2,44,0.792,2.00344,1.8857298320500882,2.7244291258805347,defined,0.043205443236431385,sensitivity_only
id:x%3A0x1.8000000000000p%2B2,45,0.81,2.0092,2.126910167949912,2.7244291258805347,defined,-0.043205443236431385,sensitivity_only
id:x%3A0x1.8000000000000p%2B2,46,0.828,2.01496,1.8972498320500881,2.7244291258805347,defined,0.043205443236431385,sensitivity_only
id:x%3A0x1.8000000000000p%2B2,47,0.846,2.02072,2.138430167949912,2.7244291258805347,defined,-0.043205443236431385,sensitivity_only
id:x%3A0x1.8000000000000p%2B2,48,0.864,2.02648,1.908769832050088,2.7244291258805347,defined,0.043205443236431385,sensitivity_only
id:x%3A0x1.8000000000000p%2B2,49,0.882,2.03224,2.149950167949912,2.7244291258805347,defined,-0.043205443236431385,sensitivity_only
id:x%3A0x1.8000000000000p%2B2,50,0.9,2.0380000000000003,1.9202898320500885,2.7244291258805347,defined,0.043205443236431385,sensitivity_only
id:x%3A0x1.8000000000000p%2B2,51,0.918,2.04376,2.1614701679499118,2.7244291258805347,defined,-0.043205443236431385,sensitivity_only
id:x%3A0x1.8000000000000p%2B2,52,0.936,2.0495200000000002,1.9318098320500885,2.7244291258805347,defined,0.043205443236431385,sensitivity_only
id:x%3A0x1.8000000000000p%2B2,53,0.954,2.0552799999999998,2.1729901679499117,2.7244291258805347,defined,-0.043205443236431385,sensitivity_only
id:x%3A0x1.8000000000000p%2B2,54,0.972,2.06104,1.9433298320500885,2.7244291258805347,defined,0.043205443236431385,sensitivity_only
id:x%3A0x1.8000000000000p%2B2,55,0.99,2.0668,2.184510167949912,2.7244291258805347,defined,-0.043205443236431385,sensitivity_only
id:x%3A0x1.8000000000000p%2B2,56,1.0,2.07,1.952289832050088,2.7244291258805347,defined,0.043205443236431385,sensitivity_only
id:x%3A0x1.8000000000000p%2B2,57,1.008,2.07256,2.190270167949912,2.7244291258805347,defined,-0.043205443236431385,sensitivity_only
id:x%3A0x1.8000000000000p%2B2,58,1.026,2.07832,1.9606098320500884,2.7244291258805347,defined,0.043205443236431385,sensitivity_only
id:x%3A0x1.8000000000000p%2B2,59,1.044,2.08408,2.201790167949912,2.7244291258805347,defined,-0.043205443236431385,sensitivity_only
id:x%3A0x1.8000000000000p%2B2,60,1.062,2.08984,1.9721298320500884,2.7244291258805347,defined,0.043205443236431385,sensitivity_only
id:x%3A0x1.8000000000000p%2B2,61,1.08,2.0956,2.213310167949912,2.7244291258805347,defined,-0.043205443236431385,sensitivity_only
id:x%3A0x1.8000000000000p%2B2,62,1.098,2.10136,1.9836498320500884,2.7244291258805347,defined,0.043205443236431385,sensitivity_only
id:x%3A0x1.8000000000000p%2B2,63,1.116,2.10712,2.224830167949912,2.7244291258805347,defined,-0.043205443236431385,sensitivity_only
id:x%3A0x1.8000000000000p%2B2,64,1.134,2.11288,1.9951698320500884,2.7244291258805347,defined,0.043205443236431385,sensitivity_only
id:x%3A0x1.8000000000000p%2B2,65,1.152,2.11864,2.236350167949912,2.7244291258805347,defined,-0.043205443236431385,sensitivity_only
id:x%3A0x1.8000000000000p%2B2,66,1.17,2.1244,2.006689832050088,2.7244291258805347,defined,0.043205443236431385,sensitivity_only
id:x%3A0x1.8000000000000p%2B2,67,1.188,2.13016,2.247870167949912,2.7244291258805347,defined,-0.043205443236431385,sensitivity_only
id:x%3A0x1.8000000000000p%2B2,68,1.206,2.13592,2.018209832050088,2.7244291258805347,defined,0.043205443236431385,sensitivity_only
id:x%3A0x1.8000000000000p%2B2,69,1.224,2.14168,2.259390167949912,2.7244291258805347,defined,-0.043205443236431385,sensitivity_only
id:x%3A0x1.8000000000000p%2B2,70,1.242,2.14744,2.029729832050088,2.7244291258805347,defined,0.043205443236431385,sensitivity_only
id:x%3A0x1.8000000000000p%2B2,71,1.26,2.1532,2.270910167949912,2.7244291258805347,defined,-0.043205443236431385,sensitivity_only
id:x%3A0x1.8000000000000p%2B2,72,1.278,2.15896,2.041249832050088,2.7244291258805347,defined,0.043205443236431385,sensitivity_only
id:x%3A0x1.8000000000000p%2B2,73,1.296,2.16472,2.282430167949912,2.7244291258805347,defined,-0.043205443236431385,sensitivity_only
id:x%3A0x1.8000000000000p%2B2,74,1.314,2.17048,2.052769832050088,2.7244291258805347,defined,0.043205443236431385,sensitivity_only
id:x%3A0x1.8000000000000p%2B2,75,1.332,2.17624,2.293950167949912,2.7244291258805347,defined,-0.043205443236431385,sensitivity_only
id:x%3A0x1.8000000000000p%2B2,76,1.35,2.182,2.064289832050088,2.7244291258805347,defined,0.043205443236431385,sensitivity_only
id:x%3A0x1.8000000000000p%2B2,77,1.368,2.18776,2.305470167949912,2.7244291258805347,defined,-0.043205443236431385,sensitivity_only
id:x%3A0x1.8000000000000p%2B2,78,1.386,2.19352,2.075809832050088,2.7244291258805347,defined,0.043205443236431385,sensitivity_only
id:x%3A0x1.8000000000000p%2B2,79,1.404,2.19928,2.316990167949912,2.7244291258805347,defined,-0.043205443236431385,sensitivity_only
id:x%3A0x1.8000000000000p%2B2,80,1.422,2.20504,2.087329832050088,2.7244291258805347,defined,0.043205443236431385,sensitivity_only
id:x%3A0x1.8000000000000p%2B2,81,1.44,2.2108,2.328510167949912,2.7244291258805347,defined,-0.043205443236431385,sensitivity_only
id:x%3A0x1.8000000000000p%2B2,82,1.458,2.21656,2.098849832050088,2.7244291258805347,defined,0.043205443236431385,sensitivity_only
id:x%3A0x1.8000000000000p%2B2,83,1.476,2.22232,2.340030167949912,2.7244291258805347,defined,-0.043205443236431385,sensitivity_only
id:x%3A0x1.8000000000000p%2B2,84,1.494,2.22808,2.110369832050088,2.7244291258805347,defined,0.043205443236431385,sensitivity_only
id:x%3A0x1.8000000000000p%2B2,85,1.512,2.23384,2.351550167949912,2.724429125880535,defined,-0.043205443236431385,sensitivity_only
id:x%3A0x1.8000000000000p%2B2,86,1.53,2.2396000000000003,2.1218898320500883,2.724429125880535,defined,0.043205443236431385,sensitivity_only
id:x%3A0x1.8000000000000p%2B2,87,1.548,2.24536,2.3630701679499118,2.724429125880535,defined,-0.043205443236431385,sensitivity_only
id:x%3A0x1.8000000000000p%2B2,88,1.566,2.2511200000000002,2.1334098320500883,2.724429125880535,defined,0.043205443236431385,sensitivity_only
id:x%3A0x1.8000000000000p%2B2,89,1.584,2.2568799999999998,2.3745901679499117,2.724429125880535,defined,-0.043205443236431385,sensitivity_only
id:x%3A0x1.8000000000000p%2B2,90,1.602,2.26264,2.1449298320500882,2.724429125880535,defined,0.043205443236431385,sensitivity_only
id:x%3A0x1.8000000000000p%2B2,91,1.62,2.2684,2.386110167949912,2.724429125880535,defined,-0.043205443236431385,sensitivity_only
id:x%3A0x1.8000000000000p%2B2,92,1.638,2.27416,2.1564498320500882,2.724429125880535,defined,0.043205443236431385,sensitivity_only
id:x%3A0x1.8000000000000p%2B2,93,1.656,2.2799199999999997,2.3976301679499117,2.724429125880535,defined,-0.043205443236431385,sensitivity_only
id:x%3A0x1.8000000000000p%2B2,94,1.674,2.28568,2.167969832050088,2.724429125880535,defined,0.043205443236431385,sensitivity_only
id:x%3A0x1.8000000000000p%2B2,95,1.692,2.29144,2.409150167949912,2.724429125880535,defined,-0.043205443236431385,sensitivity_only
id:x%3A0x1.8000000000000p%2B2,96,1.71,2.2972,2.179489832050088,2.724429125880535,defined,0.043205443236431385,sensitivity_only
id:x%3A0x1.8000000000000p%2B2,97,1.728,2.30296,2.420670167949912,2.724429125880535,defined,-0.043205443236431385,sensitivity_only
id:x%3A0x1.8000000000000p%2B2,98,1.746,2.30872,2.191009832050088,2.724429125880535,defined,0.043205443236431385,sensitivity_only
id:x%3A0x1.8000000000000p%2B2,99,1.764,2.31448,2.432190167949912,2.724429125880535,defined,-0.043205443236431385,sensitivity_only
id:x%3A0x1.8000000000000p%2B2,100,1.782,2.32024,2.202529832050088,2.724429125880535,defined,0.043205443236431385,sensitivity_only
id:x%3A0x1.8000000000000p%2B2,101,1.8,2.326,2.443710167949912,2.724429125880535,defined,-0.043205443236431385,sensitivity_only
id:x%3A0x1.8000000000000p%2B2,102,1.818,2.33176,2.214049832050088,2.724429125880535,defined,0.043205443236431385,sensitivity_only
id:x%3A0x1.8000000000000p%2B2,103,1.836,2.33752,2.455230167949912,2.724429125880535,defined,-0.043205443236431385,sensitivity_only
id:x%3A0x1.8000000000000p%2B2,104,1.854,2.34328,2.225569832050088,2.724429125880535,defined,0.043205443236431385,sensitivity_only
id:x%3A0x1.8000000000000p%2B2,105,1.872,2.34904,2.466750167949912,2.724429125880535,defined,-0.043205443236431385,sensitivity_only
id:x%3A0x1.8000000000000p%2B2,106,1.89,2.3548,2.237089832050088,2.724429125880535,defined,0.043205443236431385,sensitivity_only
id:x%3A0x1.8000000000000p%2B2,107,1.908,2.36056,2.478270167949912,2.724429125880535,defined,-0.043205443236431385,sensitivity_only
id:x%3A0x1.8000000000000p%2B2,108,1.926,2.36632,2.248609832050088,2.724429125880535,defined,0.043205443236431385,sensitivity_only
id:x%3A0x1.8000000000000p%2B2,109,1.944,2.37208,2.489790167949912,2.724429125880535,defined,-0.043205443236431385,sensitivity_only
id:x%3A0x1.8000000000000p%2B2,110,1.962,2.37784,2.260129832050088,2.724429125880535,defined,0.043205443236431385,sensitivity_only
id:x%3A0x1.8000000000000p%2B2,111,1.98,2.3836,2.501310167949912,2.724429125880535,defined,-0.043205443236431385,sensitivity_only
id:x%3A0x1.8000000000000p%2B2,112,1.998,2.38936,2.271649832050088,2.724429125880535,defined,0.043205443236431385,sensitivity_only
id:x%3A0x1.8000000000000p%2B2,113,2.0,2.39,2.507710167949912,2.724429125880535,defined,-0.043205443236431385,sensitivity_only
id:x%3A0x1.8000000000000p%2B2,114,2.016,2.39512,2.277409832050088,2.724429125880535,defined,0.043205443236431385,sensitivity_only
id:x%3A0x1.8000000000000p%2B2,115,2.034,2.40088,2.518590167949912,2.724429125880535,defined,-0.043205443236431385,sensitivity_only
id:x%3A0x1.8000000000000p%2B2,116,2.052,2.40664,2.288929832050088,2.724429125880535,defined,0.043205443236431385,sensitivity_only
id:x%3A0x1.8000000000000p%2B2,117,2.07,2.4124,2.530110167949912,2.724429125880535,defined,-0.043205443236431385,sensitivity_only
id:x%3A0x1.8000000000000p%2B2,118,2.088,2.4181600000000003,2.3004498320500884,2.724429125880535,defined,0.043205443236431385,sensitivity_only
id:x%3A0x1.8000000000000p%2B2,119,2.106,2.42392,2.541630167949912,2.724429125880535,defined,-0.043205443236431385,sensitivity_only
id:x%3A0x1.8000000000000p%2B2,120,2.124,2.4296800000000003,2.3119698320500883,2.724429125880535,defined,0.043205443236431385,sensitivity_only
id:x%3A0x1.8000000000000p%2B2,121,2.142,2.43544,2.553150167949912,2.724429125880535,defined,-0.043205443236431385,sensitivity_only
id:x%3A0x1.8000000000000p%2B2,122,2.16,2.4412000000000003,2.3234898320500883,2.724429125880535,defined,0.043205443236431385,sensitivity_only
id:x%3A0x1.8000000000000p%2B2,123,2.178,2.44696,2.5646701679499118,2.724429125880535,defined,-0.043205443236431385,sensitivity_only
id:x%3A0x1.8000000000000p%2B2,124,2.196,2.4527200000000002,2.3350098320500883,2.724429125880535,defined,0.043205443236431385,sensitivity_only
id:x%3A0x1.8000000000000p%2B2,125,2.214,2.4584799999999998,2.5761901679499117,2.724429125880535,defined,-0.043205443236431385,sensitivity_only
id:x%3A0x1.8000000000000p%2B2,126,2.232,2.46424,2.3465298320500882,2.724429125880535,defined,0.043205443236431385,sensitivity_only
id:x%3A0x1.8000000000000p%2B2,127,2.25,2.4699999999999998,2.5877101679499117,2.724429125880535,defined,-0.043205443236431385,sensitivity_only
id:x%3A0x1.8000000000000p%2B2,128,2.268,2.47576,2.3580498320500882,2.724429125880535,defined,0.043205443236431385,sensitivity_only
id:x%3A0x1.8000000000000p%2B2,129,2.286,2.48152,2.599230167949912,2.724429125880535,defined,-0.043205443236431385,sensitivity_only
id:x%3A0x1.8000000000000p%2B2,130,2.304,2.48728,2.369569832050088,2.724429125880535,defined,0.043205443236431385,sensitivity_only
id:x%3A0x1.8000000000000p%2B2,131,2.322,2.49304,2.610750167949912,2.724429125880535,defined,-0.043205443236431385,sensitivity_only
id:x%3A0x1.8000000000000p%2B2,132,2.34,2.4988,2.381089832050088,2.724429125880535,defined,0.043205443236431385,sensitivity_only
id:x%3A0x1.8000000000000p%2B2,133,2.358,2.50456,2.622270167949912,2.724429125880535,defined,-0.043205443236431385,sensitivity_only
id:x%3A0x1.8000000000000p%2B2,134,2.376,2.51032,2.392609832050088,2.724429125880535,defined,0.043205443236431385,sensitivity_only
id:x%3A0x1.8000000000000p%2B2,135,2.394,2.51608,2.633790167949912,2.724429125880535,defined,-0.043205443236431385,sensitivity_only
id:x%3A0x1.8000000000000p%2B2,136,2.412,2.52184,2.404129832050088,2.724429125880535,defined,0.043205443236431385,sensitivity_only
id:x%3A0x1.8000000000000p%2B2,137,2.43,2.5276,2.645310167949912,2.724429125880535,defined,-0.043205443236431385,sensitivity_only
id:x%3A0x1.8000000000000p%2B2,138,2.448,2.53336,2.415649832050088,2.724429125880535,defined,0.043205443236431385,sensitivity_only
id:x%3A0x1.8000000000000p%2B2,139,2.466,2.53912,2.656830167949912,2.724429125880535,defined,-0.043205443236431385,sensitivity_only
id:x%3A0x1.8000000000000p%2B2,140,2.484,2.54488,2.427169832050088,2.724429125880535,defined,0.043205443236431385,sensitivity_only
id:x%3A0x1.8000000000000p%2B2,141,2.502,2.55064,2.6271516091674427,1.7708789318223472,defined,-0.043205443236431385,sensitivity_only
id:x%3A0x1.8000000000000p%2B2,142,2.52,2.5564,2.4798883908325573,1.7708789318223472,defined,0.043205443236431385,sensitivity_only
id:x%3A0x1.8000000000000p%2B2,143,2.538,2.56216,2.6386716091674427,1.7708789318223472,defined,-0.043205443236431385,sensitivity_only
id:x%3A0x1.8000000000000p%2B2,144,2.556,2.56792,2.4914083908325573,1.7708789318223472,defined,0.043205443236431385,sensitivity_only
id:x%3A0x1.8000000000000p%2B2,145,2.574,2.57368,2.6501916091674427,1.7708789318223472,defined,-0.043205443236431385,sensitivity_only
id:x%3A0x1.8000000000000p%2B2,146,2.592,2.57944,2.5029283908325572,1.7708789318223472,defined,0.043205443236431385,sensitivity_only
id:x%3A0x1.8000000000000p%2B2,147,2.61,2.5852,2.6617116091674426,1.7708789318223472,defined,-0.043205443236431385,sensitivity_only
id:x%3A0x1.8000000000000p%2B2,148,2.628,2.59096,2.5144483908325572,1.7708789318223472,defined,0.043205443236431385,sensitivity_only
id:x%3A0x1.8000000000000p%2B2,149,2.646,2.59672,2.6732316091674426,1.7708789318223472,defined,-0.043205443236431385,sensitivity_only
id:x%3A0x1.8000000000000p%2B2,150,2.664,2.60248,2.525968390832557,1.7708789318223472,defined,0.043205443236431385,sensitivity_only
id:x%3A0x1.8000000000000p%2B2,151,2.682,2.60824,2.6847516091674426,1.7708789318223472,defined,-0.043205443236431385,sensitivity_only
id:x%3A0x1.8000000000000p%2B2,152,2.7,2.614,2.537488390832557,1.7708789318223472,defined,0.043205443236431385,sensitivity_only
id:x%3A0x1.8000000000000p%2B2,153,2.718,2.61976,2.6962716091674426,1.7708789318223472,defined,-0.043205443236431385,sensitivity_only
id:x%3A0x1.8000000000000p%2B2,154,2.736,2.62552,2.549008390832557,1.7708789318223472,defined,0.043205443236431385,sensitivity_only
id:x%3A0x1.8000000000000p%2B2,155,2.754,2.6312800000000003,2.707791609167443,1.7708789318223472,defined,-0.043205443236431385,sensitivity_only
id:x%3A0x1.8000000000000p%2B2,156,2.772,2.63704,2.560528390832557,1.7708789318223472,defined,0.043205443236431385,sensitivity_only
id:x%3A0x1.8000000000000p%2B2,157,2.79,2.6428000000000003,2.719311609167443,1.7708789318223472,defined,-0.043205443236431385,sensitivity_only
id:x%3A0x1.8000000000000p%2B2,158,2.808,2.64856,2.572048390832557,1.7708789318223472,defined,0.043205443236431385,sensitivity_only
id:x%3A0x1.8000000000000p%2B2,159,2.826,2.6543200000000002,2.730831609167443,1.7708789318223472,defined,-0.043205443236431385,sensitivity_only
id:x%3A0x1.8000000000000p%2B2,160,2.844,2.66008,2.583568390832557,1.7708789318223472,defined,0.043205443236431385,sensitivity_only
id:x%3A0x1.8000000000000p%2B2,161,2.862,2.66584,2.742351609167443,1.7708789318223472,defined,-0.043205443236431385,sensitivity_only
id:x%3A0x1.8000000000000p%2B2,162,2.88,2.6715999999999998,2.595088390832557,1.7708789318223472,defined,0.043205443236431385,sensitivity_only
id:x%3A0x1.8000000000000p%2B2,163,2.898,2.67736,2.753871609167443,1.7708789318223472,defined,-0.043205443236431385,sensitivity_only
id:x%3A0x1.8000000000000p%2B2,164,2.916,2.6831199999999997,2.606608390832557,1.7708789318223472,defined,0.043205443236431385,sensitivity_only
id:x%3A0x1.8000000000000p%2B2,165,2.934,2.68888,2.765391609167443,1.7708789318223472,defined,-0.043205443236431385,sensitivity_only
id:x%3A0x1.8000000000000p%2B2,166,2.952,2.69464,2.6181283908325574,1.7708789318223472,defined,0.043205443236431385,sensitivity_only
id:x%3A0x1.8000000000000p%2B2,167,2.97,2.7004,2.776911609167443,1.7708789318223472,defined,-0.043205443236431385,sensitivity_only
id:x%3A0x1.8000000000000p%2B2,168,2.988,2.70616,2.6296483908325574,1.7708789318223472,defined,0.043205443236431385,sensitivity_only
id:x%3A0x1.8000000000000p%2B2,169,3.0,2.71,2.7865116091674427,1.7708789318223472,defined,-0.043205443236431385,sensitivity_only
id:x%3A0x1.8000000000000p%2B2,170,3.006,2.71192,2.6354083908325574,1.7708789318223472,defined,0.043205443236431385,sensitivity_only
id:x%3A0x1.8000000000000p%2B2,171,3.024,2.71768,2.794191609167443,1.7708789318223472,defined,-0.043205443236431385,sensitivity_only
id:x%3A0x1.8000000000000p%2B2,172,3.042,2.72344,2.6469283908325574,1.7708789318223472,defined,0.043205443236431385,sensitivity_only
id:x%3A0x1.8000000000000p%2B2,173,3.06,2.7292,2.8057116091674428,1.7708789318223472,defined,-0.043205443236431385,sensitivity_only
id:x%3A0x1.8000000000000p%2B2,174,3.078,2.73496,2.6584483908325574,1.7708789318223472,defined,0.043205443236431385,sensitivity_only
id:x%3A0x1.8000000000000p%2B2,175,3.096,2.74072,2.8172316091674428,1.7708789318223472,defined,-0.043205443236431385,sensitivity_only
id:x%3A0x1.8000000000000p%2B2,176,3.114,2.74648,2.6699683908325573,1.7708789318223472,defined,0.043205443236431385,sensitivity_only
id:x%3A0x1.8000000000000p%2B2,177,3.132,2.75224,2.8287516091674427,1.7708789318223472,defined,-0.043205443236431385,sensitivity_only
id:x%3A0x1.8000000000000p%2B2,178,3.15,2.758,2.6814883908325573,1.7708789318223472,defined,0.043205443236431385,sensitivity_only
id:x%3A0x1.8000000000000p%2B2,179,3.168,2.76376,2.8402716091674427,1.7708789318223472,defined,-0.043205443236431385,sensitivity_only
id:x%3A0x1.8000000000000p%2B2,180,3.186,2.76952,2.6930083908325573,1.7708789318223472,defined,0.043205443236431385,sensitivity_only
id:x%3A0x1.8000000000000p%2B2,181,3.204,2.77528,2.8517916091674427,1.7708789318223472,defined,-0.043205443236431385,sensitivity_only
id:x%3A0x1.8000000000000p%2B2,182,3.222,2.78104,2.7045283908325572,1.7708789318223472,defined,0.043205443236431385,sensitivity_only
id:x%3A0x1.8000000000000p%2B2,183,3.24,2.7868000000000004,2.863311609167443,1.7708789318223472,defined,-0.043205443236431385,sensitivity_only
id:x%3A0x1.8000000000000p%2B2,184,3.258,2.79256,2.7160483908325572,1.7708789318223472,defined,0.043205443236431385,sensitivity_only
id:x%3A0x1.8000000000000p%2B2,185,3.276,2.79832,2.8748316091674426,1.7708789318223472,defined,-0.043205443236431385,sensitivity_only
id:x%3A0x1.8000000000000p%2B2,186,3.294,2.80408,2.727568390832557,1.7708789318223472,defined,0.043205443236431385,sensitivity_only
id:x%3A0x1.8000000000000p%2B2,187,3.312,2.80984,2.8863516091674426,1.7708789318223472,defined,-0.043205443236431385,sensitivity_only
id:x%3A0x1.8000000000000p%2B2,188,3.33,2.8156,2.739088390832557,1.7708789318223472,defined,0.043205443236431385,sensitivity_only
id:x%3A0x1.8000000000000p%2B2,189,3.348,2.8213600000000003,2.897871609167443,1.7708789318223472,defined,-0.043205443236431385,sensitivity_only
id:x%3A0x1.8000000000000p%2B2,190,3.366,2.82712,2.750608390832557,1.7708789318223472,defined,0.043205443236431385,sensitivity_only
id:x%3A0x1.8000000000000p%2B2,191,3.384,2.8328800000000003,2.909391609167443,1.7708789318223472,defined,-0.043205443236431385,sensitivity_only
id:x%3A0x1.8000000000000p%2B2,192,3.402,2.83864,2.762128390832557,1.7708789318223472,defined,0.043205443236431385,sensitivity_only
id:x%3A0x1.8000000000000p%2B2,193,3.42,2.8444000000000003,2.920911609167443,1.7708789318223472,defined,-0.043205443236431385,sensitivity_only
id:x%3A0x1.8000000000000p%2B2,194,3.438,2.85016,2.773648390832557,1.7708789318223472,defined,0.043205443236431385,sensitivity_only
id:x%3A0x1.8000000000000p%2B2,195,3.456,2.8559200000000002,2.932431609167443,1.7708789318223472,defined,-0.043205443236431385,sensitivity_only
id:x%3A0x1.8000000000000p%2B2,196,3.474,2.86168,2.785168390832557,1.7708789318223472,defined,0.043205443236431385,sensitivity_only
id:x%3A0x1.8000000000000p%2B2,197,3.492,2.86744,2.943951609167443,1.7708789318223472,defined,-0.043205443236431385,sensitivity_only
id:x%3A0x1.8000000000000p%2B2,198,3.5,2.87,2.7934883908325574,1.7708789318223472,defined,0.043205443236431385,sensitivity_only
id:x%3A0x1.8000000000000p%2B2,199,3.51,2.8798,3.0033956763474072,2.8606505821745607,defined,-0.043205443236431385,sensitivity_only
id:x%3A0x1.8000000000000p%2B2,200,3.528,2.89744,2.7738443236525927,2.8606505821745607,defined,0.043205443236431385,sensitivity_only
id:x%3A0x1.8000000000000p%2B2,201,3.546,2.91508,3.0386756763474074,2.8606505821745607,defined,-0.043205443236431385,sensitivity_only
id:x%3A0x1.8000000000000p%2B2,202,3.564,2.93272,2.809124323652593,2.8606505821745607,defined,0.043205443236431385,sensitivity_only
id:x%3A0x1.8000000000000p%2B2,203,3.582,2.95036,3.073955676347407,2.8606505821745607,defined,-0.043205443236431385,sensitivity_only
id:x%3A0x1.8000000000000p%2B2,204,3.6,2.968,2.8444043236525927,2.8606505821745607,defined,0.043205443236431385,sensitivity_only
id:x%3A0x1.8000000000000p%2B2,205,3.618,2.98564,3.1092356763474074,2.8606505821745607,defined,-0.043205443236431385,sensitivity_only
id:x%3A0x1.8000000000000p%2B2,206,3.636,3.00328,2.879684323652593,2.8606505821745607,defined,0.043205443236431385,sensitivity_only
id:x%3A0x1.8000000000000p%2B2,207,3.654,3.02092,3.144515676347407,2.8606505821745607,defined,-0.043205443236431385,sensitivity_only
id:x%3A0x1.8000000000000p%2B2,208,3.672,3.0385600000000004,2.914964323652593,2.8606505821745607,defined,0.043205443236431385,sensitivity_only
id:x%3A0x1.8000000000000p%2B2,209,3.69,3.0562,3.1797956763474073,2.8606505821745607,defined,-0.043205443236431385,sensitivity_only
id:x%3A0x1.8000000000000p%2B2,210,3.708,3.07384,2.950244323652593,2.8606505821745607,defined,0.043205443236431385,sensitivity_only
id:x%3A0x1.8000000000000p%2B2,211,3.726,3.0914800000000002,3.2150756763474075,2.8606505821745607,defined,-0.043205443236431385,sensitivity_only
id:x%3A0x1.8000000000000p%2B2,212,3.744,3.1091200000000003,2.985524323652593,2.8606505821745607,defined,0.043205443236431385,sensitivity_only
id:x%3A0x1.8000000000000p%2B2,213,3.762,3.12676,3.2503556763474073,2.8606505821745607,defined,-0.043205443236431385,sensitivity_only
id:x%3A0x1.8000000000000p%2B2,214,3.78,3.1444,3.0208043236525928,2.8606505821745607,defined,0.043205443236431385,sensitivity_only
id:x%3A0x1.8000000000000p%2B2,215,3.798,3.16204,3.2856356763474075,2.8606505821745607,defined,-0.043205443236431385,sensitivity_only
id:x%3A0x1.8000000000000p%2B2,216,3.816,3.17968,3.0560843236525925,2.8606505821745607,defined,0.043205443236431385,sensitivity_only
id:x%3A0x1.8000000000000p%2B2,217,3.834,3.1973200000000004,3.3209156763474077,2.8606505821745607,defined,-0.043205443236431385,sensitivity_only
id:x%3A0x1.8000000000000p%2B2,218,3.852,3.21496,3.0913643236525927,2.8606505821745607,defined,0.043205443236431385,sensitivity_only
id:x%3A0x1.8000000000000p%2B2,219,3.87,3.2326,3.3561956763474075,2.8606505821745607,defined,-0.043205443236431385,sensitivity_only
id:x%3A0x1.8000000000000p%2B2,220,3.888,3.25024,3.1266443236525925,2.8606505821745607,defined,0.043205443236431385,sensitivity_only
id:x%3A0x1.8000000000000p%2B2,221,3.906,3.2678800000000003,3.3914756763474077,2.8606505821745607,defined,-0.043205443236431385,sensitivity_only
id:x%3A0x1.8000000000000p%2B2,222,3.924,3.28552,3.1619243236525927,2.8606505821745607,defined,0.043205443236431385,sensitivity_only
id:x%3A0x1.8000000000000p%2B2,223,3.942,3.30316,3.4267556763474074,2.8606505821745607,defined,-0.043205443236431385,sensitivity_only
id:x%3A0x1.8000000000000p%2B2,224,3.96,3.3208,3.197204323652593,2.8606505821745607,defined,0.043205443236431385,sensitivity_only
id:x%3A0x1.8000000000000p%2B2,225,3.978,3.3384400000000003,3.4620356763474076,2.8606505821745607,defined,-0.043205443236431385,sensitivity_only
id:x%3A0x1.8000000000000p%2B2,226,3.996,3.35608,3.2324843236525926,2.8606505821745607,defined,0.043205443236431385,sensitivity_only
id:x%3A0x1.8000000000000p%2B2,227,4.0,3.3600000000000003,3.4835956763474076,2.8606505821745607,defined,-0.043205443236431385,sensitivity_only
id:x%3A0x1.8000000000000p%2B2,228,4.014,3.3737200000000005,3.250124323652593,2.8606505821745607,defined,0.043205443236431385,sensitivity_only
id:x%3A0x1.8000000000000p%2B2,229,4.032,3.39136,3.5149556763474075,2.8606505821745607,defined,-0.043205443236431385,sensitivity_only
id:x%3A0x1.8000000000000p%2B2,230,4.05,3.409,3.2854043236525925,2.8606505821745607,defined,0.043205443236431385,sensitivity_only
id:x%3A0x1.8000000000000p%2B2,231,4.068,3.42664,3.550235676347407,2.8606505821745607,defined,-0.043205443236431385,sensitivity_only
id:x%3A0x1.8000000000000p%2B2,232,4.086,3.4442800000000005,3.320684323652593,2.8606505821745607,defined,0.043205443236431385,sensitivity_only
id:x%3A0x1.8000000000000p%2B2,233,4.104,3.46192,3.5855156763474074,2.8606505821745607,defined,-0.043205443236431385,sensitivity_only
id:x%3A0x1.8000000000000p%2B2,234,4.122,3.47956,3.355964323652593,2.8606505821745607,defined,0.043205443236431385,sensitivity_only
id:x%3A0x1.8000000000000p%2B2,235,4.14,3.4972,3.620795676347407,2.8606505821745607,defined,-0.043205443236431385,sensitivity_only
id:x%3A0x1.8000000000000p%2B2,236,4.158,3.5148400000000004,3.391244323652593,2.8606505821745607,defined,0.043205443236431385,sensitivity_only
id:x%3A0x1.8000000000000p%2B2,237,4.176,3.5324800000000005,3.656075676347408,2.8606505821745607,defined,-0.043205443236431385,sensitivity_only
id:x%3A0x1.8000000000000p%2B2,238,4.194,3.55012,3.426524323652593,2.8606505821745607,defined,0.043205443236431385,sensitivity_only
id:x%3A0x1.8000000000000p%2B2,239,4.212,3.56776,3.691355676347407,2.8606505821745607,defined,-0.043205443236431385,sensitivity_only
id:x%3A0x1.8000000000000p%2B2,240,4.23,3.5854000000000004,3.461804323652593,2.8606505821745607,defined,0.043205443236431385,sensitivity_only
id:x%3A0x1.8000000000000p%2B2,241,4.248,3.6030400000000005,3.7266356763474078,2.8606505821745607,defined,-0.043205443236431385,sensitivity_only
id:x%3A0x1.8000000000000p%2B2,242,4.266,3.62068,3.497084323652593,2.8606505821745607,defined,0.043205443236431385,sensitivity_only
id:x%3A0x1.8000000000000p%2B2,243,4.284,3.6383199999999998,3.761915676347407,2.8606505821745607,defined,-0.043205443236431385,sensitivity_only
id:x%3A0x1.8000000000000p%2B2,244,4.302,3.6559599999999994,3.532364323652592,2.8606505821745607,defined,0.043205443236431385,sensitivity_only
id:x%3A0x1.8000000000000p%2B2,245,4.32,3.6736000000000004,3.7971956763474077,2.8606505821745607,defined,-0.043205443236431385,sensitivity_only
id:x%3A0x1.8000000000000p%2B2,246,4.338,3.69124,3.5676443236525928,2.8606505821745607,defined,0.043205443236431385,sensitivity_only
id:x%3A0x1.8000000000000p%2B2,247,4.356,3.7088799999999997,3.832475676347407,2.8606505821745607,defined,-0.043205443236431385,sensitivity_only
id:x%3A0x1.8000000000000p%2B2,248,4.374,3.72652,3.6029243236525925,2.8606505821745607,defined,0.043205443236431385,sensitivity_only
id:x%3A0x1.8000000000000p%2B2,249,4.392,3.7441600000000004,3.8677556763474077,2.8606505821745607,defined,-0.043205443236431385,sensitivity_only
id:x%3A0x1.8000000000000p%2B2,250,4.41,3.7618,3.6382043236525927,2.8606505821745607,defined,0.043205443236431385,sensitivity_only
id:x%3A0x1.8000000000000p%2B2,251,4.428,3.77944,3.9030356763474074,2.8606505821745607,defined,-0.043205443236431385,sensitivity_only
id:x%3A0x1.8000000000000p%2B2,252,4.446,3.79708,3.6734843236525925,2.8606505821745607,defined,0.043205443236431385,sensitivity_only
id:x%3A0x1.8000000000000p%2B2,253,4.464,3.8147200000000003,3.9383156763474076,2.8606505821745607,defined,-0.043205443236431385,sensitivity_only
id:x%3A0x1.8000000000000p%2B2,254,4.482,3.8323600000000004,3.708764323652593,2.8606505821745607,defined,0.043205443236431385,sensitivity_only
id:x%3A0x1.8000000000000p%2B2,255,4.5,3.85,3.9735956763474074,2.8606505821745607,defined,-0.043205443236431385,sensitivity_only
id:x%3A0x1.8000000000000p%2B2,256,4.518,3.8676399999999997,3.749929832050088,2.724429125880535,defined,0.043205443236431385,sensitivity_only
id:x%3A0x1.8000000000000p%2B2,257,4.536,3.88528,4.002990167949911,2.724429125880535,defined,-0.043205443236431385,sensitivity_only
id:x%3A0x1.8000000000000p%2B2,258,4.554,3.9029200000000004,3.7852098320500884,2.724429125880535,defined,0.043205443236431385,sensitivity_only
id:x%3A0x1.8000000000000p%2B2,259,4.572,3.92056,4.038270167949912,2.724429125880535,defined,-0.043205443236431385,sensitivity_only
id:x%3A0x1.8000000000000p%2B2,260,4.59,3.9382,3.820489832050088,2.724429125880535,defined,0.043205443236431385,sensitivity_only
id:x%3A0x1.8000000000000p%2B2,261,4.608,3.95584,4.073550167949912,2.724429125880535,defined,-0.043205443236431385,sensitivity_only
id:x%3A0x1.8000000000000p%2B2,262,4.626,3.9734800000000003,3.8557698320500884,2.724429125880535,defined,0.043205443236431385,sensitivity_only
id:x%3A0x1.8000000000000p%2B2,263,4.644,3.9911200000000004,4.108830167949912,2.724429125880535,defined,-0.043205443236431385,sensitivity_only
id:x%3A0x1.8000000000000p%2B2,264,4.662,4.0087600000000005,3.8910498320500886,2.724429125880535,defined,0.043205443236431385,sensitivity_only
id:x%3A0x1.8000000000000p%2B2,265,4.68,4.0264,4.144110167949911,2.724429125880535,defined,-0.043205443236431385,sensitivity_only
id:x%3A0x1.8000000000000p%2B2,266,4.698,4.044040000000001,3.926329832050089,2.724429125880535,defined,0.043205443236431385,sensitivity_only
id:x%3A0x1.8000000000000p%2B2,267,4.716,4.06168,4.1793901679499115,2.724429125880535,defined,-0.043205443236431385,sensitivity_only
id:x%3A0x1.8000000000000p%2B2,268,4.734,4.07932,3.961609832050088,2.724429125880535,defined,0.043205443236431385,sensitivity_only
id:x%3A0x1.8000000000000p%2B2,269,4.752,4.09696,4.214670167949912,2.724429125880535,defined,-0.043205443236431385,sensitivity_only
id:x%3A0x1.8000000000000p%2B2,270,4.77,4.114599999999999,3.9968898320500874,2.724429125880535,defined,0.043205443236431385,sensitivity_only
id:x%3A0x1.8000000000000p%2B2,271,4.788,4.13224,4.249950167949912,2.724429125880535,defined,-0.043205443236431385,sensitivity_only
id:x%3A0x1.8000000000000p%2B2,272,4.806,4.1498800000000005,4.032169832050089,2.724429125880535,defined,0.043205443236431385,sensitivity_only
id:x%3A0x1.8000000000000p%2B2,273,4.824,4.16752,4.285230167949911,2.724429125880535,defined,-0.043205443236431385,sensitivity_only
id:x%3A0x1.8000000000000p%2B2,274,4.842,4.18516,4.067449832050088,2.724429125880535,defined,0.043205443236431385,sensitivity_only
id:x%3A0x1.8000000000000p%2B2,275,4.86,4.2028,4.320510167949911,2.724429125880535,defined,-0.043205443236431385,sensitivity_only
id:x%3A0x1.8000000000000p%2B2,276,4.878,4.22044,4.1027298320500885,2.724429125880535,defined,0.043205443236431385,sensitivity_only
id:x%3A0x1.8000000000000p%2B2,277,4.896,4.23808,4.355790167949912,2.724429125880535,defined,-0.043205443236431385,sensitivity_only
id:x%3A0x1.8000000000000p%2B2,278,4.914,4.25572,4.138009832050089,2.724429125880535,defined,0.043205443236431385,sensitivity_only
id:x%3A0x1.8000000000000p%2B2,279,4.932,4.27336,4.391070167949912,2.724429125880535,defined,-0.043205443236431385,sensitivity_only
id:x%3A0x1.8000000000000p%2B2,280,4.95,4.291,4.173289832050089,2.724429125880535,defined,0.043205443236431385,sensitivity_only
id:x%3A0x1.8000000000000p%2B2,281,4.968,4.3086400000000005,4.426350167949912,2.724429125880535,defined,-0.043205443236431385,sensitivity_only
id:x%3A0x1.8000000000000p%2B2,282,4.986,4.32628,4.208569832050088,2.724429125880535,defined,0.043205443236431385,sensitivity_only
id:x%3A0x1.8000000000000p%2B2,283,5.0,4.34,4.457710167949911,2.724429125880535,defined,-0.043205443236431385,sensitivity_only
id:x%3A0x1.8000000000000p%2B2,284,5.004,4.34392,4.226209832050088,2.724429125880535,defined,0.043205443236431385,sensitivity_only
id:x%3A0x1.8000000000000p%2B2,285,5.022,4.361560000000001,4.479270167949912,2.724429125880535,defined,-0.043205443236431385,sensitivity_only
id:x%3A0x1.8000000000000p%2B2,286,5.04,4.3792,4.2614898320500885,2.724429125880535,defined,0.043205443236431385,sensitivity_only
id:x%3A0x1.8000000000000p%2B2,287,5.058,4.39684,4.514550167949912,2.724429125880535,defined,-0.043205443236431385,sensitivity_only
id:x%3A0x1.8000000000000p%2B2,288,5.076,4.414479999999999,4.296769832050088,2.724429125880535,defined,0.043205443236431385,sensitivity_only
id:x%3A0x1.8000000000000p%2B2,289,5.094,4.43212,4.549830167949912,2.724429125880535,defined,-0.043205443236431385,sensitivity_only
id:x%3A0x1.8000000000000p%2B2,290,5.112,4.44976,4.332049832050089,2.724429125880535,defined,0.043205443236431385,sensitivity_only
id:x%3A0x1.8000000000000p%2B2,291,5.13,4.4674,4.585110167949911,2.724429125880535,defined,-0.043205443236431385,sensitivity_only
id:x%3A0x1.8000000000000p%2B2,292,5.148,4.48504,4.367329832050088,2.724429125880535,defined,0.043205443236431385,sensitivity_only
id:x%3A0x1.8000000000000p%2B2,293,5.166,4.502680000000001,4.620390167949912,2.724429125880535,defined,-0.043205443236431385,sensitivity_only
id:x%3A0x1.8000000000000p%2B2,294,5.184,4.52032,4.402609832050088,2.724429125880535,defined,0.043205443236431385,sensitivity_only
id:x%3A0x1.8000000000000p%2B2,295,5.202,4.53796,4.6556701679499115,2.724429125880535,defined,-0.043205443236431385,sensitivity_only
id:x%3A0x1.8000000000000p%2B2,296,5.22,4.5556,4.437889832050089,2.724429125880535,defined,0.043205443236431385,sensitivity_only
id:x%3A0x1.8000000000000p%2B2,297,5.238,4.57324,4.690950167949912,2.724429125880535,defined,-0.043205443236431385,sensitivity_only
id:x%3A0x1.8000000000000p%2B2,298,5.256,4.59088,4.473169832050089,2.724429125880535,defined,0.043205443236431385,sensitivity_only
id:x%3A0x1.8000000000000p%2B2,299,5.274,4.60852,4.726230167949912,2.724429125880535,defined,-0.043205443236431385,sensitivity_only
id:x%3A0x1.8000000000000p%2B2,300,5.292,4.62616,4.508449832050088,2.724429125880535,defined,0.043205443236431385,sensitivity_only
id:x%3A0x1.8000000000000p%2B2,301,5.31,4.6438,4.761510167949911,2.724429125880535,defined,-0.043205443236431385,sensitivity_only
id:x%3A0x1.8000000000000p%2B2,302,5.328,4.661440000000001,4.543729832050089,2.724429125880535,defined,0.043205443236431385,sensitivity_only
id:x%3A0x1.8000000000000p%2B2,303,5.346,4.67908,4.796790167949911,2.724429125880535,defined,-0.043205443236431385,sensitivity_only
id:x%3A0x1.8000000000000p%2B2,304,5.364,4.69672,4.5790098320500885,2.724429125880535,defined,0.043205443236431385,sensitivity_only
id:x%3A0x1.8000000000000p%2B2,305,5.382,4.714359999999999,4.832070167949911,2.724429125880535,defined,-0.043205443236431385,sensitivity_only
id:x%3A0x1.8000000000000p%2B2,306,5.4,4.732,4.614289832050089,2.724429125880535,defined,0.043205443236431385,sensitivity_only
id:x%3A0x1.8000000000000p%2B2,307,5.418,4.74964,4.867350167949912,2.724429125880535,defined,-0.043205443236431385,sensitivity_only
id:x%3A0x1.8000000000000p%2B2,308,5.436,4.7672799999999995,4.649569832050088,2.724429125880535,defined,0.043205443236431385,sensitivity_only
id:x%3A0x1.8000000000000p%2B2,309,5.454,4.78492,4.902630167949911,2.724429125880535,defined,-0.043205443236431385,sensitivity_only
id:x%3A0x1.8000000000000p%2B2,310,5.472,4.802560000000001,4.684849832050089,2.724429125880535,defined,0.043205443236431385,sensitivity_only
id:x%3A0x1.8000000000000p%2B2,311,5.49,4.8202,4.937910167949911,2.724429125880535,defined,-0.043205443236431385,sensitivity_only
id:x%3A0x1.8000000000000p%2B2,312,5.508,4.83784,4.720129832050088,2.7244291258805333,defined,0.043205443236431385,sensitivity_only
id:x%3A0x1.8000000000000p%2B2,313,5.526,4.85548,4.9731901679499115,2.7244291258805333,defined,-0.043205443236431385,sensitivity_only
id:x%3A0x1.8000000000000p%2B2,314,5.544,4.87312,4.755409832050089,2.7244291258805333,defined,0.043205443236431385,sensitivity_only
id:x%3A0x1.8000000000000p%2B2,315,5.562,4.89076,5.008470167949912,2.7244291258805333,defined,-0.043205443236431385,sensitivity_only
id:x%3A0x1.8000000000000p%2B2,316,5.58,4.9084,4.790689832050089,2.7244291258805333,defined,0.043205443236431385,sensitivity_only
id:x%3A0x1.8000000000000p%2B2,317,5.598,4.92604,5.043750167949912,2.7244291258805333,defined,-0.043205443236431385,sensitivity_only
id:x%3A0x1.8000000000000p%2B2,318,5.616,4.94368,4.825969832050088,2.7244291258805333,defined,0.043205443236431385,sensitivity_only
id:x%3A0x1.8000000000000p%2B2,319,5.634,4.961320000000001,5.079030167949912,2.7244291258805333,defined,-0.043205443236431385,sensitivity_only
id:x%3A0x1.8000000000000p%2B2,320,5.652,4.978960000000001,4.861249832050089,2.7244291258805333,defined,0.043205443236431385,sensitivity_only
id:x%3A0x1.8000000000000p%2B2,321,5.67,4.9966,5.1143101679499114,2.7244291258805333,defined,-0.043205443236431385,sensitivity_only
id:x%3A0x1.8000000000000p%2B2,322,5.688,5.014239999999999,4.896529832050088,2.7244291258805333,defined,0.043205443236431385,sensitivity_only
id:x%3A0x1.8000000000000p%2B2,323,5.706,5.031880000000001,5.1495901679499125,2.7244291258805333,defined,-0.043205443236431385,sensitivity_only
id:x%3A0x1.8000000000000p%2B2,324,5.724,5.04952,4.931809832050089,2.7244291258805333,defined,0.043205443236431385,sensitivity_only
id:x%3A0x1.8000000000000p%2B2,325,5.742,5.067159999999999,5.184870167949911,2.7244291258805333,defined,-0.043205443236431385,sensitivity_only
id:x%3A0x1.8000000000000p%2B2,326,5.76,5.0847999999999995,4.967089832050088,2.7244291258805333,defined,0.043205443236431385,sensitivity_only
id:x%3A0x1.8000000000000p%2B2,327,5.778,5.10244,5.220150167949911,2.7244291258805333,defined,-0.043205443236431385,sensitivity_only
id:x%3A0x1.8000000000000p%2B2,328,5.796,5.12008,5.002369832050088,2.7244291258805333,defined,0.043205443236431385,sensitivity_only
id:x%3A0x1.8000000000000p%2B2,329,5.814,5.13772,5.255430167949911,2.7244291258805333,defined,-0.043205443236431385,sensitivity_only
id:x%3A0x1.8000000000000p%2B2,330,5.832,5.15536,5.037649832050088,2.7244291258805333,defined,0.043205443236431385,sensitivity_only
id:x%3A0x1.8000000000000p%2B2,331,5.85,5.173,5.290710167949912,2.7244291258805333,defined,-0.043205443236431385,sensitivity_only
id:x%3A0x1.8000000000000p%2B2,332,5.868,5.19064,5.072929832050089,2.7244291258805333,defined,0.043205443236431385,sensitivity_only
id:x%3A0x1.8000000000000p%2B2,333,5.886,5.20828,5.325990167949912,2.7244291258805333,defined,-0.043205443236431385,sensitivity_only
id:x%3A0x1.8000000000000p%2B2,334,5.904,5.22592,5.108209832050089,2.7244291258805333,defined,0.043205443236431385,sensitivity_only
id:x%3A0x1.8000000000000p%2B2,335,5.922,5.24356,5.361270167949912,2.7244291258805333,defined,-0.043205443236431385,sensitivity_only
id:x%3A0x1.8000000000000p%2B2,336,5.94,5.2612000000000005,5.143489832050089,2.7244291258805333,defined,0.043205443236431385,sensitivity_only
id:x%3A0x1.8000000000000p%2B2,337,5.958,5.278840000000001,5.396550167949912,2.7244291258805333,defined,-0.043205443236431385,sensitivity_only
id:x%3A0x1.8000000000000p%2B2,338,5.976,5.29648,5.178769832050088,2.7244291258805333,defined,0.043205443236431385,sensitivity_only
id:x%3A0x1.8000000000000p%2B2,339,5.994,5.31412,5.4318301679499115,2.7244291258805333,defined,-0.043205443236431385,sensitivity_only
id:x%3A0x1.8000000000000p%2B2,340,6.0,5.32,5.202289832050089,2.7244291258805333,defined,0.043205443236431385,sensitivity_only
id:x%3A0x1.8000000000000p%2B2,341,6.012,5.331759999999999,5.449470167949911,2.7244291258805333,defined,-0.043205443236431385,sensitivity_only
id:x%3A0x1.8000000000000p%2B2,342,6.03,5.3494,5.231689832050089,2.7244291258805333,defined,0.043205443236431385,sensitivity_only
id:x%3A0x1.8000000000000p%2B2,343,6.048,5.36704,5.484750167949912,2.7244291258805333,defined,-0.043205443236431385,sensitivity_only
id:x%3A0x1.8000000000000p%2B2,344,6.066,5.3846799999999995,5.266969832050088,2.7244291258805333,defined,0.043205443236431385,sensitivity_only
id:x%3A0x1.8000000000000p%2B2,345,6.084,5.40232,5.520030167949911,2.7244291258805333,defined,-0.043205443236431385,sensitivity_only
id:x%3A0x1.8000000000000p%2B2,346,6.102,5.4199600000000006,5.302249832050089,2.7244291258805333,defined,0.043205443236431385,sensitivity_only
id:x%3A0x1.8000000000000p%2B2,347,6.12,5.4376,5.555310167949911,2.7244291258805333,defined,-0.043205443236431385,sensitivity_only
id:x%3A0x1.8000000000000p%2B2,348,6.138,5.45524,5.337529832050088,2.7244291258805333,defined,0.043205443236431385,sensitivity_only
id:x%3A0x1.8000000000000p%2B2,349,6.156,5.47288,5.5905901679499115,2.7244291258805333,defined,-0.043205443236431385,sensitivity_only
id:x%3A0x1.8000000000000p%2B2,350,6.174,5.49052,5.3728098320500886,2.7244291258805333,defined,0.043205443236431385,sensitivity_only
id:x%3A0x1.8000000000000p%2B2,351,6.192,5.50816,5.625870167949912,2.7244291258805333,defined,-0.043205443236431385,sensitivity_only
id:x%3A0x1.8000000000000p%2B2,352,6.21,5.5258,5.408089832050089,2.7244291258805333,defined,0.043205443236431385,sensitivity_only
id:x%3A0x1.8000000000000p%2B2,353,6.228,5.54344,5.661150167949912,2.7244291258805333,defined,-0.043205443236431385,sensitivity_only
id:x%3A0x1.8000000000000p%2B2,354,6.246,5.5610800000000005,5.443369832050089,2.7244291258805333,defined,0.043205443236431385,sensitivity_only
id:x%3A0x1.8000000000000p%2B2,355,6.264,5.578720000000001,5.696430167949912,2.7244291258805333,defined,-0.043205443236431385,sensitivity_only
id:x%3A0x1.8000000000000p%2B2,356,6.282,5.596360000000001,5.478649832050089,2.7244291258805333,defined,0.043205443236431385,sensitivity_only
id:x%3A0x1.8000000000000p%2B2,357,6.3,5.614,5.731710167949911,2.7244291258805333,defined,-0.043205443236431385,sensitivity_only
id:x%3A0x1.8000000000000p%2B2,358,6.318,5.631639999999999,5.513929832050088,2.7244291258805333,defined,0.043205443236431385,sensitivity_only
id:x%3A0x1.8000000000000p%2B2,359,6.336,5.649280000000001,5.7669901679499125,2.7244291258805333,defined,-0.043205443236431385,sensitivity_only
id:x%3A0x1.8000000000000p%2B2,360,6.354,5.66692,5.549209832050089,2.7244291258805333,defined,0.043205443236431385,sensitivity_only
id:x%3A0x1.8000000000000p%2B2,361,6.372,5.684559999999999,5.802270167949911,2.7244291258805333,defined,-0.043205443236431385,sensitivity_only
id:x%3A0x1.8000000000000p%2B2,362,6.39,5.7021999999999995,5.584489832050088,2.7244291258805333,defined,0.043205443236431385,sensitivity_only
id:x%3A0x1.8000000000000p%2B2,363,6.408,5.7198400000000005,5.837550167949912,2.7244291258805333,defined,-0.043205443236431385,sensitivity_only
id:x%3A0x1.8000000000000p%2B2,364,6.426,5.73748,5.619769832050088,2.7244291258805333,defined,0.043205443236431385,sensitivity_only
id:x%3A0x1.8000000000000p%2B2,365,6.444,5.75512,5.872830167949911,2.7244291258805333,defined,-0.043205443236431385,sensitivity_only
id:x%3A0x1.8000000000000p%2B2,366,6.462,5.77276,5.655049832050088,2.7244291258805333,defined,0.043205443236431385,sensitivity_only
id:x%3A0x1.8000000000000p%2B2,367,6.48,5.7904,5.9081101679499115,2.7244291258805333,defined,-0.043205443236431385,sensitivity_only
id:x%3A0x1.8000000000000p%2B2,368,6.498,5.80804,5.690329832050089,2.7244291258805333,defined,0.043205443236431385,sensitivity_only
id:x%3A0x1.8000000000000p%2B2,369,6.516,5.82568,5.943390167949912,2.7244291258805333,defined,-0.043205443236431385,sensitivity_only
id:x%3A0x1.8000000000000p%2B2,370,6.534,5.84332,5.725609832050089,2.7244291258805333,defined,0.043205443236431385,sensitivity_only
id:x%3A0x1.8000000000000p%2B2,371,6.552,5.8609599999999995,5.978670167949911,2.7244291258805333,defined,-0.043205443236431385,sensitivity_only
id:x%3A0x1.8000000000000p%2B2,372,6.57,5.8786000000000005,5.760889832050089,2.7244291258805333,defined,0.043205443236431385,sensitivity_only
id:x%3A0x1.8000000000000p%2B2,373,6.588,5.896240000000001,6.013950167949912,2.7244291258805333,defined,-0.043205443236431385,sensitivity_only
id:x%3A0x1.8000000000000p%2B2,374,6.606,5.91388,5.796169832050088,2.7244291258805333,defined,0.043205443236431385,sensitivity_only
id:x%3A0x1.8000000000000p%2B2,375,6.624,5.93152,6.049230167949911,2.7244291258805333,defined,-0.043205443236431385,sensitivity_only
id:x%3A0x1.8000000000000p%2B2,376,6.642,5.949160000000001,5.831449832050089,2.7244291258805333,defined,0.043205443236431385,sensitivity_only
id:x%3A0x1.8000000000000p%2B2,377,6.66,5.9668,6.084510167949912,2.7244291258805333,defined,-0.043205443236431385,sensitivity_only
id:x%3A0x1.8000000000000p%2B2,378,6.678,5.98444,5.866729832050089,2.7244291258805333,defined,0.043205443236431385,sensitivity_only
id:x%3A0x1.8000000000000p%2B2,379,6.696,6.002079999999999,6.119790167949911,2.7244291258805333,defined,-0.043205443236431385,sensitivity_only
id:x%3A0x1.8000000000000p%2B2,380,6.714,6.01972,5.902009832050089,2.7244291258805333,defined,0.043205443236431385,sensitivity_only
id:x%3A0x1.8000000000000p%2B2,381,6.732,6.03736,6.155070167949911,2.7244291258805333,defined,-0.043205443236431385,sensitivity_only
id:x%3A0x1.8000000000000p%2B2,382,6.75,6.055,5.937289832050088,2.7244291258805333,defined,0.043205443236431385,sensitivity_only
id:x%3A0x1.8000000000000p%2B2,383,6.768,6.07264,6.190350167949911,2.7244291258805333,defined,-0.043205443236431385,sensitivity_only
id:x%3A0x1.8000000000000p%2B2,384,6.786,6.09028,5.972569832050088,2.7244291258805333,defined,0.043205443236431385,sensitivity_only
id:x%3A0x1.8000000000000p%2B2,385,6.804,6.10792,6.2256301679499115,2.7244291258805333,defined,-0.043205443236431385,sensitivity_only
id:x%3A0x1.8000000000000p%2B2,386,6.822,6.12556,6.007849832050089,2.7244291258805333,defined,0.043205443236431385,sensitivity_only
id:x%3A0x1.8000000000000p%2B2,387,6.84,6.1432,6.260910167949912,2.7244291258805333,defined,-0.043205443236431385,sensitivity_only
id:x%3A0x1.8000000000000p%2B2,388,6.858,6.16084,6.043129832050089,2.7244291258805333,defined,0.043205443236431385,sensitivity_only
id:x%3A0x1.8000000000000p%2B2,389,6.876,6.17848,6.296190167949912,2.7244291258805333,defined,-0.043205443236431385,sensitivity_only
id:x%3A0x1.8000000000000p%2B2,390,6.894,6.1961200000000005,6.078409832050089,2.7244291258805333,defined,0.043205443236431385,sensitivity_only
id:x%3A0x1.8000000000000p%2B2,391,6.912,6.213760000000001,6.331470167949912,2.7244291258805333,defined,-0.043205443236431385,sensitivity_only
id:x%3A0x1.8000000000000p%2B2,392,6.93,6.2314,6.113689832050088,2.7244291258805333,defined,0.043205443236431385,sensitivity_only
id:x%3A0x1.8000000000000p%2B2,393,6.948,6.249040000000001,6.366750167949912,2.7244291258805333,defined,-0.043205443236431385,sensitivity_only
id:x%3A0x1.8000000000000p%2B2,394,6.966,6.26668,6.1489698320500885,2.7244291258805333,defined,0.043205443236431385,sensitivity_only
id:x%3A0x1.8000000000000p%2B2,395,6.984,6.28432,6.402030167949912,2.7244291258805333,defined,-0.043205443236431385,sensitivity_only
id:x%3A0x1.8000000000000p%2B2,396,7.0,6.3,6.182289832050088,2.7244291258805333,defined,0.043205443236431385,sensitivity_only
id:x%3A0x1.8000000000000p%2B2,397,7.002,6.301959999999999,6.419670167949911,2.7244291258805333,defined,-0.043205443236431385,sensitivity_only
id:x%3A0x1.8000000000000p%2B2,398,7.02,6.319599999999999,6.201889832050088,2.7244291258805333,defined,0.043205443236431385,sensitivity_only
id:x%3A0x1.8000000000000p%2B2,399,7.038,6.33724,6.454950167949912,2.7244291258805333,defined,-0.043205443236431385,sensitivity_only
id:x%3A0x1.8000000000000p%2B2,400,7.056,6.35488,6.237169832050088,2.7244291258805333,defined,0.043205443236431385,sensitivity_only
id:x%3A0x1.8000000000000p%2B2,401,7.074,6.37252,6.490230167949911,2.7244291258805333,defined,-0.043205443236431385,sensitivity_only
id:x%3A0x1.8000000000000p%2B2,402,7.092,6.39016,6.272449832050088,2.7244291258805333,defined,0.043205443236431385,sensitivity_only
id:x%3A0x1.8000000000000p%2B2,403,7.11,6.4078,6.5255101679499115,2.7244291258805333,defined,-0.043205443236431385,sensitivity_only
id:x%3A0x1.8000000000000p%2B2,404,7.128,6.42544,6.3077298320500885,2.7244291258805333,defined,0.043205443236431385,sensitivity_only
id:x%3A0x1.8000000000000p%2B2,405,7.146,6.44308,6.560790167949912,2.7244291258805333,defined,-0.043205443236431385,sensitivity_only
id:x%3A0x1.8000000000000p%2B2,406,7.164,6.46072,6.343009832050089,2.7244291258805333,defined,0.043205443236431385,sensitivity_only
id:x%3A0x1.8000000000000p%2B2,407,7.182,6.47836,6.596070167949912,2.7244291258805333,defined,-0.043205443236431385,sensitivity_only
id:x%3A0x1.8000000000000p%2B2,408,7.2,6.496,6.378289832050089,2.7244291258805333,defined,0.043205443236431385,sensitivity_only
id:x%3A0x1.8000000000000p%2B2,409,7.218,6.5136400000000005,6.631350167949912,2.7244291258805333,defined,-0.043205443236431385,sensitivity_only
id:x%3A0x1.8000000000000p%2B2,410,7.236,6.53128,6.413569832050088,2.7244291258805333,defined,0.043205443236431385,sensitivity_only
id:x%3A0x1.8000000000000p%2B2,411,7.254,6.548919999999999,6.6666301679499105,2.7244291258805333,defined,-0.043205443236431385,sensitivity_only
id:x%3A0x1.8000000000000p%2B2,412,7.272,6.566560000000001,6.448849832050089,2.7244291258805333,defined,0.043205443236431385,sensitivity_only
id:x%3A0x1.8000000000000p%2B2,413,7.29,6.5842,6.701910167949912,2.7244291258805333,defined,-0.043205443236431385,sensitivity_only
id:x%3A0x1.8000000000000p%2B2,414,7.308,6.601839999999999,6.484129832050088,2.7244291258805333,defined,0.043205443236431385,sensitivity_only
id:x%3A0x1.8000000000000p%2B2,415,7.326,6.619479999999999,6.737190167949911,2.7244291258805333,defined,-0.043205443236431385,sensitivity_only
id:x%3A0x1.8000000000000p%2B2,416,7.344,6.63712,6.519409832050089,2.7244291258805333,defined,0.043205443236431385,sensitivity_only
id:x%3A0x1.8000000000000p%2B2,417,7.362,6.65476,6.772470167949911,2.7244291258805333,defined,-0.043205443236431385,sensitivity_only
id:x%3A0x1.8000000000000p%2B2,418,7.38,6.6724,6.554689832050088,2.7244291258805333,defined,0.043205443236431385,sensitivity_only
id:x%3A0x1.8000000000000p%2B2,419,7.398,6.69004,6.807750167949911,2.7244291258805333,defined,-0.043205443236431385,sensitivity_only
id:x%3A0x1.8000000000000p%2B2,420,7.416,6.70768,6.589969832050088,2.7244291258805333,defined,0.043205443236431385,sensitivity_only
id:x%3A0x1.8000000000000p%2B2,421,7.434,6.72532,6.8430301679499115,2.7244291258805333,defined,-0.043205443236431385,sensitivity_only
id:x%3A0x1.8000000000000p%2B2,422,7.452,6.74296,6.6252498320500885,2.7244291258805333,defined,0.043205443236431385,sensitivity_only
id:x%3A0x1.8000000000000p%2B2,423,7.47,6.7606,6.878310167949912,2.7244291258805333,defined,-0.043205443236431385,sensitivity_only
id:x%3A0x1.8000000000000p%2B2,424,7.488,6.77824,6.660529832050089,2.7244291258805333,defined,0.043205443236431385,sensitivity_only
id:x%3A0x1.8000000000000p%2B2,425,7.506,6.79588,6.913590167949912,2.7244291258805333,defined,-0.043205443236431385,sensitivity_only
id:x%3A0x1.8000000000000p%2B2,426,7.524,6.8135200000000005,6.695809832050089,2.7244291258805333,defined,0.043205443236431385,sensitivity_only
id:x%3A0x1.8000000000000p%2B2,427,7.542,6.83116,6.948870167949911,2.7244291258805333,defined,-0.043205443236431385,sensitivity_only
id:x%3A0x1.8000000000000p%2B2,428,7.56,6.8488,6.731089832050088,2.7244291258805333,defined,0.043205443236431385,sensitivity_only
id:x%3A0x1.8000000000000p%2B2,429,7.578,6.866440000000001,6.984150167949912,2.7244291258805333,defined,-0.043205443236431385,sensitivity_only
id:x%3A0x1.8000000000000p%2B2,430,7.596,6.88408,6.7663698320500885,2.7244291258805333,defined,0.043205443236431385,sensitivity_only
id:x%3A0x1.8000000000000p%2B2,431,7.614,6.90172,7.019430167949912,2.7244291258805333,defined,-0.043205443236431385,sensitivity_only
id:x%3A0x1.8000000000000p%2B2,432,7.632,6.919359999999999,6.801649832050088,2.7244291258805333,defined,0.043205443236431385,sensitivity_only
id:x%3A0x1.8000000000000p%2B2,433,7.65,6.937,7.054710167949912,2.7244291258805333,defined,-0.043205443236431385,sensitivity_only
id:x%3A0x1.8000000000000p%2B2,434,7.668,6.95464,6.836929832050089,2.7244291258805333,defined,0.043205443236431385,sensitivity_only
id:x%3A0x1.8000000000000p%2B2,435,7.686,6.97228,7.089990167949911,2.7244291258805333,defined,-0.043205443236431385,sensitivity_only
id:x%3A0x1.8000000000000p%2B2,436,7.704,6.98992,6.872209832050088,2.7244291258805333,defined,0.043205443236431385,sensitivity_only
id:x%3A0x1.8000000000000p%2B2,437,7.722,7.007560000000001,7.125270167949912,2.7244291258805333,defined,-0.043205443236431385,sensitivity_only
id:x%3A0x1.8000000000000p%2B2,438,7.74,7.0252,6.907489832050088,2.7244291258805333,defined,0.043205443236431385,sensitivity_only
id:x%3A0x1.8000000000000p%2B2,439,7.758,7.04284,7.1605501679499115,2.7244291258805333,defined,-0.043205443236431385,sensitivity_only
id:x%3A0x1.8000000000000p%2B2,440,7.776,7.06048,6.942769832050089,2.7244291258805333,defined,0.043205443236431385,sensitivity_only
id:x%3A0x1.8000000000000p%2B2,441,7.794,7.078119999999999,7.195830167949911,2.7244291258805333,defined,-0.043205443236431385,sensitivity_only
id:x%3A0x1.8000000000000p%2B2,442,7.812,7.09576,6.978049832050089,2.7244291258805333,defined,0.043205443236431385,sensitivity_only
id:x%3A0x1.8000000000000p%2B2,443,7.83,7.1134,7.231110167949912,2.7244291258805333,defined,-0.043205443236431385,sensitivity_only
id:x%3A0x1.8000000000000p%2B2,444,7.848,7.13104,7.013329832050088,2.7244291258805333,defined,0.043205443236431385,sensitivity_only
id:x%3A0x1.8000000000000p%2B2,445,7.866,7.14868,7.266390167949911,2.7244291258805333,defined,-0.043205443236431385,sensitivity_only
id:x%3A0x1.8000000000000p%2B2,446,7.884,7.166320000000001,7.048609832050089,2.7244291258805333,defined,0.043205443236431385,sensitivity_only
id:x%3A0x1.8000000000000p%2B2,447,7.902,7.18396,7.301670167949911,2.7244291258805333,defined,-0.043205443236431385,sensitivity_only
id:x%3A0x1.8000000000000p%2B2,448,7.92,7.2016,7.0838898320500885,2.7244291258805333,defined,0.043205443236431385,sensitivity_only
id:x%3A0x1.8000000000000p%2B2,449,7.938,7.21924,7.336950167949912,2.7244291258805333,defined,-0.043205443236431385,sensitivity_only
id:x%3A0x1.8000000000000p%2B2,450,7.956,7.23688,7.119169832050089,2.7244291258805333,defined,0.043205443236431385,sensitivity_only
id:x%3A0x1.8000000000000p%2B2,451,7.974,7.25452,7.372230167949912,2.7244291258805333,defined,-0.043205443236431385,sensitivity_only
id:x%3A0x1.8000000000000p%2B2,452,7.992,7.27216,7.154449832050089,2.7244291258805333,defined,0.043205443236431385,sensitivity_only
id:x%3A0x1.8000000000000p%2B2,453,8.0,7.28,7.397710167949912,2.7244291258805333,defined,-0.043205443236431385,sensitivity_only
id:x%3A0x1.8000000000000p%2B2,454,8.01,7.2898,7.172089832050088,2.7244291258805333,defined,0.043205443236431385,sensitivity_only
id:x%3A0x1.8000000000000p%2B2,455,8.028,7.307440000000001,7.425150167949912,2.7244291258805333,defined,-0.043205443236431385,sensitivity_only
id:x%3A0x1.8000000000000p%2B2,456,8.046,7.32508,7.207369832050088,2.7244291258805333,defined,0.043205443236431385,sensitivity_only
id:x%3A0x1.8000000000000p%2B2,457,8.064,7.34272,7.460430167949911,2.7244291258805333,defined,-0.043205443236431385,sensitivity_only
id:x%3A0x1.8000000000000p%2B2,458,8.082,7.360360000000001,7.242649832050089,2.7244291258805333,defined,0.043205443236431385,sensitivity_only
id:x%3A0x1.8000000000000p%2B2,459,8.1,7.378,7.495710167949912,2.7244291258805333,defined,-0.043205443236431385,sensitivity_only
id:x%3A0x1.8000000000000p%2B2,460,8.118,7.39564,7.277929832050089,2.7244291258805333,defined,0.043205443236431385,sensitivity_only
id:x%3A0x1.8000000000000p%2B2,461,8.136,7.413279999999999,7.530990167949911,2.7244291258805333,defined,-0.043205443236431385,sensitivity_only
id:x%3A0x1.8000000000000p%2B2,462,8.154,7.4309199999999995,7.313209832050088,2.7244291258805333,defined,0.043205443236431385,sensitivity_only
id:x%3A0x1.8000000000000p%2B2,463,8.172,7.4485600000000005,7.566270167949912,2.7244291258805333,defined,-0.043205443236431385,sensitivity_only
id:x%3A0x1.8000000000000p%2B2,464,8.19,7.4662,7.348489832050088,2.7244291258805333,defined,0.043205443236431385,sensitivity_only
id:x%3A0x1.8000000000000p%2B2,465,8.208,7.48384,7.601550167949911,2.7244291258805333,defined,-0.043205443236431385,sensitivity_only
id:x%3A0x1.8000000000000p%2B2,466,8.226,7.501480000000001,7.383769832050089,2.7244291258805333,defined,0.043205443236431385,sensitivity_only
id:x%3A0x1.8000000000000p%2B2,467,8.244,7.51912,7.6368301679499115,2.7244291258805333,defined,-0.043205443236431385,sensitivity_only
id:x%3A0x1.8000000000000p%2B2,468,8.262,7.53676,7.419049832050089,2.7244291258805333,defined,0.043205443236431385,sensitivity_only
id:x%3A0x1.8000000000000p%2B2,469,8.28,7.554399999999999,7.672110167949911,2.7244291258805333,defined,-0.043205443236431385,sensitivity_only
id:x%3A0x1.8000000000000p%2B2,470,8.298,7.57204,7.454329832050089,2.7244291258805333,defined,0.043205443236431385,sensitivity_only
id:x%3A0x1.8000000000000p%2B2,471,8.316,7.58968,7.707390167949912,2.7244291258805333,defined,-0.043205443236431385,sensitivity_only
id:x%3A0x1.8000000000000p%2B2,472,8.334,7.60732,7.489609832050088,2.7244291258805333,defined,0.043205443236431385,sensitivity_only
id:x%3A0x1.8000000000000p%2B2,473,8.352,7.624960000000001,7.742670167949912,2.7244291258805333,defined,-0.043205443236431385,sensitivity_only
id:x%3A0x1.8000000000000p%2B2,474,8.37,7.642599999999999,7.524889832050087,2.7244291258805333,defined,0.043205443236431385,sensitivity_only
id:x%3A0x1.8000000000000p%2B2,475,8.388,7.66024,7.7779501679499115,2.7244291258805333,defined,-0.043205443236431385,sensitivity_only
id:x%3A0x1.8000000000000p%2B2,476,8.406,7.677880000000001,7.560169832050089,2.7244291258805333,defined,0.043205443236431385,sensitivity_only
id:x%3A0x1.8000000000000p%2B2,477,8.424,7.695519999999999,7.813230167949911,2.7244291258805333,defined,-0.043205443236431385,sensitivity_only
id:x%3A0x1.8000000000000p%2B2,478,8.442,7.71316,7.595449832050089,2.7244291258805333,defined,0.043205443236431385,sensitivity_only
id:x%3A0x1.8000000000000p%2B2,479,8.46,7.730800000000001,7.848510167949913,2.7244291258805333,defined,-0.043205443236431385,sensitivity_only
id:x%3A0x1.8000000000000p%2B2,480,8.478,7.7484399999999996,7.630729832050088,2.7244291258805333,defined,0.043205443236431385,sensitivity_only
id:x%3A0x1.8000000000000p%2B2,481,8.496,7.7660800000000005,7.883790167949912,2.7244291258805333,defined,-0.043205443236431385,sensitivity_only
id:x%3A0x1.8000000000000p%2B2,482,8.514,7.78372,7.6895518656400705,2.179543300704428,defined,0.043205443236431385,sensitivity_only
id:x%3A0x1.8000000000000p%2B2,483,8.532,7.80136,7.895528134359929,2.179543300704428,defined,-0.043205443236431385,sensitivity_only
id:x%3A0x1.8000000000000p%2B2,484,8.55,7.819000000000001,7.724831865640072,2.179543300704428,defined,0.043205443236431385,sensitivity_only
id:x%3A0x1.8000000000000p%2B2,485,8.568,7.83664,7.930808134359929,2.179543300704428,defined,-0.043205443236431385,sensitivity_only
id:x%3A0x1.8000000000000p%2B2,486,8.586,7.85428,7.760111865640071,2.179543300704428,defined,0.043205443236431385,sensitivity_only
id:x%3A0x1.8000000000000p%2B2,487,8.604,7.871919999999999,7.966088134359929,2.179543300704428,defined,-0.043205443236431385,sensitivity_only
id:x%3A0x1.8000000000000p%2B2,488,8.622,7.8895599999999995,7.79539186564007,2.179543300704428,defined,0.043205443236431385,sensitivity_only
id:x%3A0x1.8000000000000p%2B2,489,8.64,7.9072000000000005,8.00136813435993,2.179543300704428,defined,-0.043205443236431385,sensitivity_only
id:x%3A0x1.8000000000000p%2B2,490,8.658,7.92484,7.8306718656400705,2.179543300704428,defined,0.043205443236431385,sensitivity_only
id:x%3A0x1.8000000000000p%2B2,491,8.676,7.94248,8.036648134359929,2.179543300704428,defined,-0.043205443236431385,sensitivity_only
id:x%3A0x1.8000000000000p%2B2,492,8.694,7.960120000000001,7.8659518656400715,2.179543300704428,defined,0.043205443236431385,sensitivity_only
id:x%3A0x1.8000000000000p%2B2,493,8.712,7.97776,8.07192813435993,2.179543300704428,defined,-0.043205443236431385,sensitivity_only
id:x%3A0x1.8000000000000p%2B2,494,8.73,7.9954,7.901231865640071,2.179543300704428,defined,0.043205443236431385,sensitivity_only
id:x%3A0x1.8000000000000p%2B2,495,8.748,8.01304,8.10720813435993,2.179543300704428,defined,-0.043205443236431385,sensitivity_only
id:x%3A0x1.8000000000000p%2B2,496,8.766,8.03068,7.936511865640071,2.179543300704428,defined,0.043205443236431385,sensitivity_only
id:x%3A0x1.8000000000000p%2B2,497,8.784,8.04832,8.14248813435993,2.179543300704428,defined,-0.043205443236431385,sensitivity_only
id:x%3A0x1.8000000000000p%2B2,498,8.802,8.06596,7.971791865640071,2.179543300704428,defined,0.043205443236431385,sensitivity_only
id:x%3A0x1.8000000000000p%2B2,499,8.82,8.0836,8.17776813435993,2.179543300704428,defined,-0.043205443236431385,sensitivity_only
id:x%3A0x1.8000000000000p%2B2,500,8.838,8.101239999999999,8.00707186564007,2.179543300704428,defined,0.043205443236431385,sensitivity_only
id:x%3A0x1.8000000000000p%2B2,501,8.856,8.11888,8.21304813435993,2.179543300704428,defined,-0.043205443236431385,sensitivity_only
id:x%3A0x1.8000000000000p%2B2,502,8.874,8.13652,8.042351865640072,2.179543300704428,defined,0.043205443236431385,sensitivity_only
id:x%3A0x1.8000000000000p%2B2,503,8.892,8.15416,8.248328134359928,2.179543300704428,defined,-0.043205443236431385,sensitivity_only
id:x%3A0x1.8000000000000p%2B2,504,8.91,8.171800000000001,8.077631865640072,2.179543300704428,defined,0.043205443236431385,sensitivity_only
id:x%3A0x1.8000000000000p%2B2,505,8.928,8.189440000000001,8.28360813435993,2.179543300704428,defined,-0.043205443236431385,sensitivity_only
id:x%3A0x1.8000000000000p%2B2,506,8.946,8.20708,8.11291186564007,2.179543300704428,defined,0.043205443236431385,sensitivity_only
id:x%3A0x1.8000000000000p%2B2,507,8.964,8.224720000000001,8.31888813435993,2.179543300704428,defined,-0.043205443236431385,sensitivity_only
id:x%3A0x1.8000000000000p%2B2,508,8.982,8.24236,8.14819186564007,2.179543300704428,defined,0.043205443236431385,sensitivity_only
id:x%3A0x1.8000000000000p%2B2,509,9.0,8.26,8.354168134359929,2.179543300704428,defined,-0.043205443236431385,sensitivity_only
id:x%3A0x1.c000000000000p%2B2,0,0.0,1.75,0.11534252447167925,2.7244291258805347,defined,0.6,sensitivity_only
id:x%3A0x1.c000000000000p%2B2,1,0.018,1.75576,2.5706765473455433,2.7244291258805347,defined,-0.29911460702144804,sensitivity_only
id:x%3A0x1.c000000000000p%2B2,2,0.036,1.76152,0.9466034526544567,2.7244291258805347,defined,0.29911460702144804,sensitivity_only
id:x%3A0x1.c000000000000p%2B2,3,0.054,1.76728,2.5821965473455433,2.7244291258805347,defined,-0.29911460702144804,sensitivity_only
id:x%3A0x1.c000000000000p%2B2,4,0.072,1.77304,0.9581234526544566,2.7244291258805347,defined,0.29911460702144804,sensitivity_only
id:x%3A0x1.c000000000000p%2B2,5,0.09,1.7788,2.5937165473455432,2.7244291258805347,defined,-0.29911460702144804,sensitivity_only
id:x%3A0x1.c000000000000p%2B2,6,0.108,1.78456,0.9696434526544566,2.7244291258805347,defined,0.29911460702144804,sensitivity_only
id:x%3A0x1.c000000000000p%2B2,7,0.126,1.79032,2.605236547345543,2.7244291258805347,defined,-0.29911460702144804,sensitivity_only
id:x%3A0x1.c000000000000p%2B2,8,0.144,1.79608,0.9811634526544566,2.7244291258805347,defined,0.29911460702144804,sensitivity_only
id:x%3A0x1.c000000000000p%2B2,9,0.162,1.80184,2.6167565473455436,2.7244291258805347,defined,-0.29911460702144804,sensitivity_only
id:x%3A0x1.c000000000000p%2B2,10,0.18,1.8076,0.9926834526544568,2.7244291258805347,defined,0.29911460702144804,sensitivity_only
id:x%3A0x1.c000000000000p%2B2,11,0.198,1.81336,2.6282765473455436,2.7244291258805347,defined,-0.29911460702144804,sensitivity_only
id:x%3A0x1.c000000000000p%2B2,12,0.216,1.81912,1.0042034526544568,2.7244291258805347,defined,0.29911460702144804,sensitivity_only
id:x%3A0x1.c000000000000p%2B2,13,0.234,1.82488,2.6397965473455436,2.7244291258805347,defined,-0.29911460702144804,sensitivity_only
id:x%3A0x1.c000000000000p%2B2,14,0.252,1.83064,1.0157234526544567,2.7244291258805347,defined,0.29911460702144804,sensitivity_only
id:x%3A0x1.c000000000000p%2B2,15,0.27,1.8364,2.6513165473455436,2.7244291258805347,defined,-0.29911460702144804,sensitivity_only
id:x%3A0x1.c000000000000p%2B2,16,0.288,1.84216,1.0272434526544567,2.7244291258805347,defined,0.29911460702144804,sensitivity_only
id:x%3A0x1.c000000000000p%2B2,17,0.306,1.84792,2.6628365473455435,2.7244291258805347,defined,-0.29911460702144804,sensitivity_only
id:x%3A0x1.c000000000000p%2B2,18,0.324,1.85368,1.0387634526544567,2.7244291258805347,defined,0.29911460702144804,sensitivity_only
id:x%3A0x1.c000000000000p%2B2,19,0.342,1.85944,2.6743565473455435,2.7244291258805347,defined,-0.29911460702144804,sensitivity_only
id:x%3A0x1.c000000000000p%2B2,20,0.36,1.8652,1.0502834526544567,2.7244291258805347,defined,0.29911460702144804,sensitivity_only
id:x%3A0x1.c000000000000p%2B2,21,0.378,1.87096,2.6858765473455435,2.7244291258805347,defined,-0.29911460702144804,sensitivity_only
id:x%3A0x1.c000000000000p%2B2,22,0.396,1.87672,1.0618034526544566,2.7244291258805347,defined,0.29911460702144804,sensitivity_only
id:x%3A0x1.c000000000000p%2B2,23,0.414,1.88248,2.6973965473455435,2.7244291258805347,defined,-0.29911460702144804,sensitivity_only
id:x%3A0x1.c000000000000p%2B2,24,0.432,1.88824,1.0733234526544566,2.7244291258805347,defined,0.29911460702144804,sensitivity_only
id:x%3A0x1.c000000000000p%2B2,25,0.45,1.8940000000000001,2.7089165473455434,2.7244291258805347,defined,-0.29911460702144804,sensitivity_only
id:x%3A0x1.c000000000000p%2B2,26,0.468,1.8997600000000001,1.0848434526544568,2.7244291258805347,defined,0.29911460702144804,sensitivity_only
id:x%3A0x1.c000000000000p%2B2,27,0.486,1.90552,2.7204365473455434,2.7244291258805347,defined,-0.29911460702144804,sensitivity_only
id:x%3A0x1.c000000000000p%2B2,28,0.504,1.91128,1.0963634526544568,2.7244291258805347,defined,0.29911460702144804,sensitivity_only
id:x%3A0x1.c000000000000p%2B2,29,0.522,1.91704,2.7319565473455434,2.7244291258805347,defined,-0.29911460702144804,sensitivity_only
id:x%3A0x1.c000000000000p%2B2,30,0.54,1.9228,1.1078834526544568,2.7244291258805347,defined,0.29911460702144804,sensitivity_only
id:x%3A0x1.c000000000000p%2B2,31,0.558,1.92856,2.7434765473455434,2.7244291258805347,defined,-0.29911460702144804,sensitivity_only
id:x%3A0x1.c000000000000p%2B2,32,0.576,1.93432,1.1194034526544567,2.7244291258805347,defined,0.29911460702144804,sensitivity_only
id:x%3A0x1.c000000000000p%2B2,33,0.594,1.94008,2.7549965473455433,2.7244291258805347,defined,-0.29911460702144804,sensitivity_only
id:x%3A0x1.c000000000000p%2B2,34,0.612,1.94584,1.1309234526544567,2.7244291258805347,defined,0.29911460702144804,sensitivity_only
id:x%3A0x1.c000000000000p%2B2,35,0.63,1.9516,2.7665165473455433,2.7244291258805347,defined,-0.29911460702144804,sensitivity_only
id:x%3A0x1.c000000000000p%2B2,36,0.648,1.95736,1.1424434526544567,2.7244291258805347,defined,0.29911460702144804,sensitivity_only
id:x%3A0x1.c000000000000p%2B2,37,0.666,1.96312,2.7780365473455433,2.7244291258805347,defined,-0.29911460702144804,sensitivity_only
id:x%3A0x1.c000000000000p%2B2,38,0.684,1.96888,1.1539634526544567,2.7244291258805347,defined,0.29911460702144804,sensitivity_only
id:x%3A0x1.c000000000000p%2B2,39,0.702,1.97464,2.7895565473455433,2.7244291258805347,defined,-0.29911460702144804,sensitivity_only
id:x%3A0x1.c000000000000p%2B2,40,0.72,1.9804,1.1654834526544566,2.7244291258805347,defined,0.29911460702144804,sensitivity_only
id:x%3A0x1.c000000000000p%2B2,41,0.738,1.98616,2.8010765473455432,2.7244291258805347,defined,-0.29911460702144804,sensitivity_only
id:x%3A0x1.c000000000000p%2B2,42,0.756,1.99192,1.1770034526544566,2.7244291258805347,defined,0.29911460702144804,sensitivity_only
id:x%3A0x1.c000000000000p%2B2,43,0.774,1.99768,2.812596547345543,2.7244291258805347,defined,-0.29911460702144804,sensitivity_only
id:x%3A0x1.c000000000000p%2B2,44,0.792,2.00344,1.1885234526544566,2.7244291258805347,defined,0.29911460702144804,sensitivity_only
id:x%3A0x1.c000000000000p%2B2,45,0.81,2.0092,2.824116547345543,2.7244291258805347,defined,-0.29911460702144804,sensitivity_only
id:x%3A0x1.c000000000000p%2B2,46,0.828,2.01496,1.2000434526544566,2.7244291258805347,defined,0.29911460702144804,sensitivity_only
id:x%3A0x1.c000000000000p%2B2,47,0.846,2.02072,2.835636547345543,2.7244291258805347,defined,-0.29911460702144804,sensitivity_only
id:x%3A0x1.c000000000000p%2B2,48,0.864,2.02648,1.2115634526544565,2.7244291258805347,defined,0.29911460702144804,sensitivity_only
id:x%3A0x1.c000000000000p%2B2,49,0.882,2.03224,2.847156547345543,2.7244291258805347,defined,-0.29911460702144804,sensitivity_only
id:x%3A0x1.c000000000000p%2B2,50,0.9,2.0380000000000003,1.223083452654457,2.7244291258805347,defined,0.29911460702144804,sensitivity_only
id:x%3A0x1.c000000000000p%2B2,51,0.918,2.04376,2.858676547345543,2.7244291258805347,defined,-0.29911460702144804,sensitivity_only
id:x%3A0x1.c000000000000p%2B2,52,0.936,2.0495200000000002,1.234603452654457,2.7244291258805347,defined,0.29911460702144804,sensitivity_only
id:x%3A0x1.c000000000000p%2B2,53,0.954,2.0552799999999998,2.870196547345543,2.7244291258805347,defined,-0.29911460702144804,sensitivity_only
id:x%3A0x1.c000000000000p%2B2,54,0.972,2.06104,1.246123452654457,2.7244291258805347,defined,0.29911460702144804,sensitivity_only
id:x%3A0x1.c000000000000p%2B2,55,0.99,2.0668,2.8817165473455435,2.7244291258805347,defined,-0.29911460702144804,sensitivity_only
id:x%3A0x1.c000000000000p%2B2,56,1.0,2.07,1.2550834526544565,2.7244291258805347,defined,0.29911460702144804,sensitivity_only
id:x%3A0x1.c000000000000p%2B2,57,1.008,2.07256,2.8874765473455435,2.7244291258805347,defined,-0.29911460702144804,sensitivity_only
id:x%3A0x1.c000000000000p%2B2,58,1.026,2.07832,1.2634034526544569,2.7244291258805347,defined,0.29911460702144804,sensitivity_only
id:x%3A0x1.c000000000000p%2B2,59,1.044,2.08408,2.8989965473455435,2.7244291258805347,defined,-0.29911460702144804,sensitivity_only
id:x%3A0x1.c000000000000p%2B2,60,1.062,2.08984,1.2749234526544568,2.7244291258805347,defined,0.29911460702144804,sensitivity_only
id:x%3A0x1.c000000000000p%2B2,61,1.08,2.0956,2.9105165473455434,2.7244291258805347,defined,-0.29911460702144804,sensitivity_only
id:x%3A0x1.c000000000000p%2B2,62,1.098,2.10136,1.2864434526544568,2.7244291258805347,defined,0.29911460702144804,sensitivity_only
id:x%3A0x1.c000000000000p%2B2,63,1.116,2.10712,2.9220365473455434,2.7244291258805347,defined,-0.29911460702144804,sensitivity_only
id:x%3A0x1.c000000000000p%2B2,64,1.134,2.11288,1.2979634526544568,2.7244291258805347,defined,0.29911460702144804,sensitivity_only
id:x%3A0x1.c000000000000p%2B2,65,1.152,2.11864,2.9335565473455434,2.7244291258805347,defined,-0.29911460702144804,sensitivity_only
id:x%3A0x1.c000000000000p%2B2,66,1.17,2.1244,1.3094834526544568,2.7244291258805347,defined,0.29911460702144804,sensitivity_only
id:x%3A0x1.c000000000000p%2B2,67,1.188,2.13016,2.9450765473455434,2.7244291258805347,defined,-0.29911460702144804,sensitivity_only
id:x%3A0x1.c000000000000p%2B2,68,1.206,2.13592,1.3210034526544567,2.7244291258805347,defined,0.29911460702144804,sensitivity_only
id:x%3A0x1.c000000000000p%2B2,69,1.224,2.14168,2.9565965473455433,2.7244291258805347,defined,-0.29911460702144804,sensitivity_only
id:x%3A0x1.c000000000000p%2B2,70,1.242,2.14744,1.3325234526544567,2.7244291258805347,defined,0.29911460702144804,sensitivity_only
id:x%3A0x1.c000000000000p%2B2,71,1.26,2.1532,2.9681165473455433,2.7244291258805347,defined,-0.29911460702144804,sensitivity_only
id:x%3A0x1.c000000000000p%2B2,72,1.278,2.15896,1.3440434526544567,2.7244291258805347,defined,0.29911460702144804,sensitivity_only
id:x%3A0x1.c000000000000p%2B2,73,1.296,2.16472,2.9796365473455433,2.7244291258805347,defined,-0.29911460702144804,sensitivity_only
id:x%3A0x1.c000000000000p%2B2,74,1.314,2.17048,1.3555634526544567,2.7244291258805347,defined,0.29911460702144804,sensitivity_only
id:x%3A0x1.c000000000000p%2B2,75,1.332,2.17624,2.9911565473455433,2.7244291258805347,defined,-0.29911460702144804,sensitivity_only
id:x%3A0x1.c000000000000p%2B2,76,1.35,2.182,1.3670834526544566,2.7244291258805347,defined,0.29911460702144804,sensitivity_only
id:x%3A0x1.c000000000000p%2B2,77,1.368,2.18776,3.0026765473455432,2.7244291258805347,defined,-0.29911460702144804,sensitivity_only
id:x%3A0x1.c000000000000p%2B2,78,1.386,2.19352,1.3786034526544566,2.7244291258805347,defined,0.29911460702144804,sensitivity_only
id:x%3A0x1.c000000000000p%2B2,79,1.404,2.19928,3.014196547345543,2.7244291258805347,defined,-0.29911460702144804,sensitivity_only
id:x%3A0x1.c000000000000p%2B2,80,1.422,2.20504,1.3901234526544566,2.7244291258805347,defined,0.29911460702144804,sensitivity_only
id:x%3A0x1.c000000000000p%2B2,81,1.44,2.2108,3.025716547345543,2.7244291258805347,defined,-0.29911460702144804,sensitivity_only
id:x%3A0x1.c000000000000p%2B2,82,1.458,2.21656,1.4016434526544566,2.7244291258805347,defined,0.29911460702144804,sensitivity_only
id:x%3A0x1.c000000000000p%2B2,83,1.476,2.22232,3.037236547345543,2.7244291258805347,defined,-0.29911460702144804,sensitivity_only
id:x%3A0x1.c000000000000p%2B2,84,1.494,2.22808,1.4131634526544565,2.7244291258805347,defined,0.29911460702144804,sensitivity_only
id:x%3A0x1.c000000000000p%2B2,85,1.512,2.23384,3.048756547345543,2.724429125880535,defined,-0.29911460702144804,sensitivity_only
id:x%3A0x1.c000000000000p%2B2,86,1.53,2.2396000000000003,1.424683452654457,2.724429125880535,defined,0.29911460702144804,sensitivity_only
id:x%3A0x1.c000000000000p%2B2,87,1.548,2.24536,3.060276547345543,2.724429125880535,defined,-0.29911460702144804,sensitivity_only
id:x%3A0x1.c000000000000p%2B2,88,1.566,2.2511200000000002,1.436203452654457,2.724429125880535,defined,0.29911460702144804,sensitivity_only
id:x%3A0x1.c000000000000p%2B2,89,1.584,2.2568799999999998,3.071796547345543,2.724429125880535,defined,-0.29911460702144804,sensitivity_only
id:x%3A0x1.c000000000000p%2B2,90,1.602,2.26264,1.447723452654457,2.724429125880535,defined,0.29911460702144804,sensitivity_only
id:x%3A0x1.c000000000000p%2B2,91,1.62,2.2684,3.0833165473455435,2.724429125880535,defined,-0.29911460702144804,sensitivity_only
id:x%3A0x1.c000000000000p%2B2,92,1.638,2.27416,1.4592434526544569,2.724429125880535,defined,0.29911460702144804,sensitivity_only
id:x%3A0x1.c000000000000p%2B2,93,1.656,2.2799199999999997,3.094836547345543,2.724429125880535,defined,-0.29911460702144804,sensitivity_only
id:x%3A0x1.c000000000000p%2B2,94,1.674,2.28568,1.4707634526544568,2.724429125880535,defined,0.29911460702144804,sensitivity_only
id:x%3A0x1.c000000000000p%2B2,95,1.692,2.29144,3.1063565473455435,2.724429125880535,defined,-0.29911460702144804,sensitivity_only
id:x%3A0x1.c000000000000p%2B2,96,1.71,2.2972,1.4822834526544568,2.724429125880535,defined,0.29911460702144804,sensitivity_only
id:x%3A0x1.c000000000000p%2B2,97,1.728,2.30296,3.1178765473455434,2.724429125880535,defined,-0.29911460702144804,sensitivity_only
id:x%3A0x1.c000000000000p%2B2,98,1.746,2.30872,1.4938034526544568,2.724429125880535,defined,0.29911460702144804,sensitivity_only
id:x%3A0x1.c000000000000p%2B2,99,1.764,2.31448,3.1293965473455434,2.724429125880535,defined,-0.29911460702144804,sensitivity_only
id:x%3A0x1.c000000000000p%2B2,100,1.782,2.32024,1.5053234526544568,2.724429125880535,defined,0.29911460702144804,sensitivity_only
id:x%3A0x1.c000000000000p%2B2,101,1.8,2.326,3.1409165473455434,2.724429125880535,defined,-0.29911460702144804,sensitivity_only
id:x%3A0x1.c000000000000p%2B2,102,1.818,2.33176,1.5168434526544567,2.724429125880535,defined,0.29911460702144804,sensitivity_only
id:x%3A0x1.c000000000000p%2B2,103,1.836,2.33752,3.1524365473455433,2.724429125880535,defined,-0.29911460702144804,sensitivity_only
id:x%3A0x1.c000000000000p%2B2,104,1.854,2.34328,1.5283634526544567,2.724429125880535,defined,0.29911460702144804,sensitivity_only
id:x%3A0x1.c000000000000p%2B2,105,1.872,2.34904,3.1639565473455433,2.724429125880535,defined,-0.29911460702144804,sensitivity_only
id:x%3A0x1.c000000000000p%2B2,106,1.89,2.3548,1.5398834526544567,2.724429125880535,defined,0.29911460702144804,sensitivity_only
id:x%3A0x1.c000000000000p%2B2,107,1.908,2.36056,3.1754765473455433,2.724429125880535,defined,-0.29911460702144804,sensitivity_only
id:x%3A0x1.c000000000000p%2B2,108,1.926,2.36632,1.5514034526544567,2.724429125880535,defined,0.29911460702144804,sensitivity_only
id:x%3A0x1.c000000000000p%2B2,109,1.944,2.37208,3.1869965473455433,2.724429125880535,defined,-0.29911460702144804,sensitivity_only
id:x%3A0x1.c000000000000p%2B2,110,1.962,2.37784,1.5629234526544566,2.724429125880535,defined,0.29911460702144804,sensitivity_only
id:x%3A0x1.c000000000000p%2B2,111,1.98,2.3836,3.1985165473455432,2.724429125880535,defined,-0.29911460702144804,sensitivity_only
id:x%3A0x1.c000000000000p%2B2,112,1.998,2.38936,1.5744434526544566,2.724429125880535,defined,0.29911460702144804,sensitivity_only
id:x%3A0x1.c000000000000p%2B2,113,2.0,2.39,3.2049165473455434,2.724429125880535,defined,-0.29911460702144804,sensitivity_only
id:x%3A0x1.c000000000000p%2B2,114,2.016,2.39512,1.5802034526544566,2.724429125880535,defined,0.29911460702144804,sensitivity_only
id:x%3A0x1.c000000000000p%2B2,115,2.034,2.40088,3.215796547345543,2.724429125880535,defined,-0.29911460702144804,sensitivity_only
id:x%3A0x1.c000000000000p%2B2,116,2.052,2.40664,1.5917234526544566,2.724429125880535,defined,0.29911460702144804,sensitivity_only
id:x%3A0x1.c000000000000p%2B2,117,2.07,2.4124,3.227316547345543,2.724429125880535,defined,-0.29911460702144804,sensitivity_only
id:x%3A0x1.c000000000000p%2B2,118,2.088,2.4181600000000003,1.603243452654457,2.724429125880535,defined,0.29911460702144804,sensitivity_only
id:x%3A0x1.c000000000000p%2B2,119,2.106,2.42392,3.238836547345543,2.724429125880535,defined,-0.29911460702144804,sensitivity_only
id:x%3A0x1.c000000000000p%2B2,120,2.124,2.4296800000000003,1.614763452654457,2.724429125880535,defined,0.29911460702144804,sensitivity_only
id:x%3A0x1.c000000000000p%2B2,121,2.142,2.43544,3.250356547345543,2.724429125880535,defined,-0.29911460702144804,sensitivity_only
id:x%3A0x1.c000000000000p%2B2,122,2.16,2.4412000000000003,1.626283452654457,2.724429125880535,defined,0.29911460702144804,sensitivity_only
id:x%3A0x1.c000000000000p%2B2,123,2.178,2.44696,3.261876547345543,2.724429125880535,defined,-0.29911460702144804,sensitivity_only
id:x%3A0x1.c000000000000p%2B2,124,2.196,2.4527200000000002,1.637803452654457,2.724429125880535,defined,0.29911460702144804,sensitivity_only
id:x%3A0x1.c000000000000p%2B2,125,2.214,2.4584799999999998,3.273396547345543,2.724429125880535,defined,-0.29911460702144804,sensitivity_only
id:x%3A0x1.c000000000000p%2B2,126,2.232,2.46424,1.649323452654457,2.724429125880535,defined,0.29911460702144804,sensitivity_only
id:x%3A0x1.c000000000000p%2B2,127,2.25,2.4699999999999998,3.284916547345543,2.724429125880535,defined,-0.29911460702144804,sensitivity_only
id:x%3A0x1.c000000000000p%2B2,128,2.268,2.47576,1.6608434526544569,2.724429125880535,defined,0.29911460702144804,sensitivity_only
id:x%3A0x1.c000000000000p%2B2,129,2.286,2.48152,3.2964365473455435,2.724429125880535,defined,-0.29911460702144804,sensitivity_only
id:x%3A0x1.c000000000000p%2B2,130,2.304,2.48728,1.6723634526544569,2.724429125880535,defined,0.29911460702144804,sensitivity_only
id:x%3A0x1.c000000000000p%2B2,131,2.322,2.49304,3.3079565473455435,2.724429125880535,defined,-0.29911460702144804,sensitivity_only
id:x%3A0x1.c000000000000p%2B2,132,2.34,2.4988,1.6838834526544568,2.724429125880535,defined,0.29911460702144804,sensitivity_only
id:x%3A0x1.c000000000000p%2B2,133,2.358,2.50456,3.3194765473455434,2.724429125880535,defined,-0.29911460702144804,sensitivity_only
id:x%3A0x1.c000000000000p%2B2,134,2.376,2.51032,1.6954034526544568,2.724429125880535,defined,0.29911460702144804,sensitivity_only
id:x%3A0x1.c000000000000p%2B2,135,2.394,2.51608,3.3309965473455434,2.724429125880535,defined,-0.29911460702144804,sensitivity_only
id:x%3A0x1.c000000000000p%2B2,136,2.412,2.52184,1.7069234526544568,2.724429125880535,defined,0.29911460702144804,sensitivity_only
id:x%3A0x1.c000000000000p%2B2,137,2.43,2.5276,3.3425165473455434,2.724429125880535,defined,-0.29911460702144804,sensitivity_only
id:x%3A0x1.c000000000000p%2B2,138,2.448,2.53336,1.7184434526544567,2.724429125880535,defined,0.29911460702144804,sensitivity_only
id:x%3A0x1.c000000000000p%2B2,139,2.466,2.53912,3.3540365473455434,2.724429125880535,defined,-0.29911460702144804,sensitivity_only
id:x%3A0x1.c000000000000p%2B2,140,2.484,2.54488,1.7299634526544567,2.724429125880535,defined,0.29911460702144804,sensitivity_only
id:x%3A0x1.c000000000000p%2B2,141,2.502,2.55064,3.080335755774603,1.7708789318223472,defined,-0.29911460702144804,sensitivity_only
id:x%3A0x1.c000000000000p%2B2,142,2.52,2.5564,2.026704244225397,1.7708789318223472,defined,0.29911460702144804,sensitivity_only
id:x%3A0x1.c000000000000p%2B2,143,2.538,2.56216,3.091855755774603,1.7708789318223472,defined,-0.29911460702144804,sensitivity_only
id:x%3A0x1.c000000000000p%2B2,144,2.556,2.56792,2.038224244225397,1.7708789318223472,defined,0.29911460702144804,sensitivity_only
id:x%3A0x1.c000000000000p%2B2,145,2.574,2.57368,3.103375755774603,1.7708789318223472,defined,-0.29911460702144804,sensitivity_only
id:x%3A0x1.c000000000000p%2B2,146,2.592,2.57944,2.049744244225397,1.7708789318223472,defined,0.29911460702144804,sensitivity_only
id:x%3A0x1.c000000000000p%2B2,147,2.61,2.5852,3.114895755774603,1.7708789318223472,defined,-0.29911460702144804,sensitivity_only
id:x%3A0x1.c000000000000p%2B2,148,2.628,2.59096,2.061264244225397,1.7708789318223472,defined,0.29911460702144804,sensitivity_only
id:x%3A0x1.c000000000000p%2B2,149,2.646,2.59672,3.126415755774603,1.7708789318223472,defined,-0.29911460702144804,sensitivity_only
id:x%3A0x1.c000000000000p%2B2,150,2.664,2.60248,2.0727842442253968,1.7708789318223472,defined,0.29911460702144804,sensitivity_only
id:x%3A0x1.c000000000000p%2B2,151,2.682,2.60824,3.137935755774603,1.7708789318223472,defined,-0.29911460702144804,sensitivity_only
id:x%3A0x1.c000000000000p%2B2,152,2.7,2.614,2.0843042442253967,1.7708789318223472,defined,0.29911460702144804,sensitivity_only
id:x%3A0x1.c000000000000p%2B2,153,2.718,2.61976,3.149455755774603,1.7708789318223472,defined,-0.29911460702144804,sensitivity_only
id:x%3A0x1.c000000000000p%2B2,154,2.736,2.62552,2.0958242442253967,1.7708789318223472,defined,0.29911460702144804,sensitivity_only
id:x%3A0x1.c000000000000p%2B2,155,2.754,2.6312800000000003,3.1609757557746034,1.7708789318223472,defined,-0.29911460702144804,sensitivity_only
id:x%3A0x1.c000000000000p%2B2,156,2.772,2.63704,2.1073442442253967,1.7708789318223472,defined,0.29911460702144804,sensitivity_only
id:x%3A0x1.c000000000000p%2B2,157,2.79,2.6428000000000003,3.1724957557746034,1.7708789318223472,defined,-0.29911460702144804,sensitivity_only
id:x%3A0x1.c000000000000p%2B2,158,2.808,2.64856,2.1188642442253967,1.7708789318223472,defined,0.29911460702144804,sensitivity_only
id:x%3A0x1.c000000000000p%2B2,159,2.826,2.6543200000000002,3.1840157557746034,1.7708789318223472,defined,-0.29911460702144804,sensitivity_only
id:x%3A0x1.c000000000000p%2B2,160,2.844,2.66008,2.1303842442253966,1.7708789318223472,defined,0.29911460702144804,sensitivity_only
id:x%3A0x1.c000000000000p%2B2,161,2.862,2.66584,3.1955357557746034,1.7708789318223472,defined,-0.29911460702144804,sensitivity_only
id:x%3A0x1.c000000000000p%2B2,162,2.88,2.6715999999999998,2.1419042442253966,1.7708789318223472,defined,0.29911460702144804,sensitivity_only
id:x%3A0x1.c000000000000p%2B2,163,2.898,2.67736,3.2070557557746033,1.7708789318223472,defined,-0.29911460702144804,sensitivity_only
id:x%3A0x1.c000000000000p%2B2,164,2.916,2.6831199999999997,2.1534242442253966,1.7708789318223472,defined,0.29911460702144804,sensitivity_only
id:x%3A0x1.c000000000000p%2B2,165,2.934,2.68888,3.2185757557746033,1.7708789318223472,defined,-0.29911460702144804,sensitivity_only
id:x%3A0x1.c000000000000p%2B2,166,2.952,2.69464,2.164944244225397,1.7708789318223472,defined,0.29911460702144804,sensitivity_only
id:x%3A0x1.c000000000000p%2B2,167,2.97,2.7004,3.2300957557746033,1.7708789318223472,defined,-0.29911460702144804,sensitivity_only
id:x%3A0x1.c000000000000p%2B2,168,2.988,2.70616,2.176464244225397,1.7708789318223472,defined,0.29911460702144804,sensitivity_only
id:x%3A0x1.c000000000000p%2B2,169,3.0,2.71,3.239695755774603,1.7708789318223472,defined,-0.29911460702144804,sensitivity_only
id:x%3A0x1.c000000000000p%2B2,170,3.006,2.71192,2.182224244225397,1.7708789318223472,defined,0.29911460702144804,sensitivity_only
id:x%3A0x1.c000000000000p%2B2,171,3.024,2.71768,3.2473757557746032,1.7708789318223472,defined,-0.29911460702144804,sensitivity_only
id:x%3A0x1.c000000000000p%2B2,172,3.042,2.72344,2.193744244225397,1.7708789318223472,defined,0.29911460702144804,sensitivity_only
id:x%3A0x1.c000000000000p%2B2,173,3.06,2.7292,3.258895755774603,1.7708789318223472,defined,-0.29911460702144804,sensitivity_only
id:x%3A0x1.c000000000000p%2B2,174,3.078,2.73496,2.205264244225397,1.7708789318223472,defined,0.29911460702144804,sensitivity_only
id:x%3A0x1.c000000000000p%2B2,175,3.096,2.74072,3.270415755774603,1.7708789318223472,defined,-0.29911460702144804,sensitivity_only
id:x%3A0x1.c000000000000p%2B2,176,3.114,2.74648,2.216784244225397,1.7708789318223472,defined,0.29911460702144804,sensitivity_only
id:x%3A0x1.c000000000000p%2B2,177,3.132,2.75224,3.281935755774603,1.7708789318223472,defined,-0.29911460702144804,sensitivity_only
id:x%3A0x1.c000000000000p%2B2,178,3.15,2.758,2.228304244225397,1.7708789318223472,defined,0.29911460702144804,sensitivity_only
id:x%3A0x1.c000000000000p%2B2,179,3.168,2.76376,3.293455755774603,1.7708789318223472,defined,-0.29911460702144804,sensitivity_only
id:x%3A0x1.c000000000000p%2B2,180,3.186,2.76952,2.239824244225397,1.7708789318223472,defined,0.29911460702144804,sensitivity_only
id:x%3A0x1.c000000000000p%2B2,181,3.204,2.77528,3.304975755774603,1.7708789318223472,defined,-0.29911460702144804,sensitivity_only
id:x%3A0x1.c000000000000p%2B2,182,3.222,2.78104,2.251344244225397,1.7708789318223472,defined,0.29911460702144804,sensitivity_only
id:x%3A0x1.c000000000000p%2B2,183,3.24,2.7868000000000004,3.3164957557746035,1.7708789318223472,defined,-0.29911460702144804,sensitivity_only
id:x%3A0x1.c000000000000p%2B2,184,3.258,2.79256,2.262864244225397,1.7708789318223472,defined,0.29911460702144804,sensitivity_only
id:x%3A0x1.c000000000000p%2B2,185,3.276,2.79832,3.328015755774603,1.7708789318223472,defined,-0.29911460702144804,sensitivity_only
id:x%3A0x1.c000000000000p%2B2,186,3.294,2.80408,2.2743842442253968,1.7708789318223472,defined,0.29911460702144804,sensitivity_only
id:x%3A0x1.c000000000000p%2B2,187,3.312,2.80984,3.339535755774603,1.7708789318223472,defined,-0.29911460702144804,sensitivity_only
id:x%3A0x1.c000000000000p%2B2,188,3.33,2.8156,2.2859042442253967,1.7708789318223472,defined,0.29911460702144804,sensitivity_only
id:x%3A0x1.c000000000000p%2B2,189,3.348,2.8213600000000003,3.3510557557746035,1.7708789318223472,defined,-0.29911460702144804,sensitivity_only
id:x%3A0x1.c000000000000p%2B2,190,3.366,2.82712,2.2974242442253967,1.7708789318223472,defined,0.29911460702144804,sensitivity_only
id:x%3A0x1.c000000000000p%2B2,191,3.384,2.8328800000000003,3.3625757557746034,1.7708789318223472,defined,-0.29911460702144804,sensitivity_only
id:x%3A0x1.c000000000000p%2B2,192,3.402,2.83864,2.3089442442253967,1.7708789318223472,defined,0.29911460702144804,sensitivity_only
id:x%3A0x1.c000000000000p%2B2,193,3.42,2.8444000000000003,3.3740957557746034,1.7708789318223472,defined,-0.29911460702144804,sensitivity_only
id:x%3A0x1.c000000000000p%2B2,194,3.438,2.85016,2.3204642442253967,1.7708789318223472,defined,0.29911460702144804,sensitivity_only
id:x%3A0x1.c000000000000p%2B2,195,3.456,2.8559200000000002,3.3856157557746034,1.7708789318223472,defined,-0.29911460702144804,sensitivity_only
id:x%3A0x1.c000000000000p%2B2,196,3.474,2.86168,2.3319842442253966,1.7708789318223472,defined,0.29911460702144804,sensitivity_only
id:x%3A0x1.c000000000000p%2B2,197,3.492,2.86744,3.3971357557746034,1.7708789318223472,defined,-0.29911460702144804,sensitivity_only
id:x%3A0x1.c000000000000p%2B2,198,3.5,2.87,2.340304244225397,1.7708789318223472,defined,0.29911460702144804,sensitivity_only
id:x%3A0x1.c000000000000p%2B2,199,3.51,2.8798,3.73546237471282,2.8606505821745607,defined,-0.29911460702144804,sensitivity_only
id:x%3A0x1.c000000000000p%2B2,200,3.528,2.89744,2.04177762528718,2.8606505821745607,defined,0.29911460702144804,sensitivity_only
id:x%3A0x1.c000000000000p%2B2,201,3.546,2.91508,3.77074237471282,2.8606505821745607,defined,-0.29911460702144804,sensitivity_only
id:x%3A0x1.c000000000000p%2B2,202,3.564,2.93272,2.07705762528718,2.8606505821745607,defined,0.29911460702144804,sensitivity_only
id:x%3A0x1.c000000000000p%2B2,203,3.582,2.95036,3.8060223747128203,2.8606505821745607,defined,-0.29911460702144804,sensitivity_only
id:x%3A0x1.c000000000000p%2B2,204,3.6,2.968,2.1123376252871795,2.8606505821745607,defined,0.29911460702144804,sensitivity_only
id:x%3A0x1.c000000000000p%2B2,205,3.618,2.98564,3.8413023747128205,2.8606505821745607,defined,-0.29911460702144804,sensitivity_only
id:x%3A0x1.c000000000000p%2B2,206,3.636,3.00328,2.1476176252871797,2.8606505821745607,defined,0.29911460702144804,sensitivity_only
id:x%3A0x1.c000000000000p%2B2,207,3.654,3.02092,3.87658237471282,2.8606505821745607,defined,-0.29911460702144804,sensitivity_only
id:x%3A0x1.c000000000000p%2B2,208,3.672,3.0385600000000004,2.18289762528718,2.8606505821745607,defined,0.29911460702144804,sensitivity_only
id:x%3A0x1.c000000000000p%2B2,209,3.69,3.0562,3.91186237471282,2.8606505821745607,defined,-0.29911460702144804,sensitivity_only
id:x%3A0x1.c000000000000p%2B2,210,3.708,3.07384,2.21817762528718,2.8606505821745607,defined,0.29911460702144804,sensitivity_only
id:x%3A0x1.c000000000000p%2B2,211,3.726,3.0914800000000002,3.9471423747128203,2.8606505821745607,defined,-0.29911460702144804,sensitivity_only
id:x%3A0x1.c000000000000p%2B2,212,3.744,3.1091200000000003,2.2534576252871803,2.8606505821745607,defined,0.29911460702144804,sensitivity_only
id:x%3A0x1.c000000000000p%2B2,213,3.762,3.12676,3.9824223747128205,2.8606505821745607,defined,-0.29911460702144804,sensitivity_only
id:x%3A0x1.c000000000000p%2B2,214,3.78,3.1444,2.2887376252871796,2.8606505821745607,defined,0.29911460702144804,sensitivity_only
id:x%3A0x1.c000000000000p%2B2,215,3.798,3.16204,4.017702374712821,2.8606505821745607,defined,-0.29911460702144804,sensitivity_only
id:x%3A0x1.c000000000000p%2B2,216,3.816,3.17968,2.32401762528718,2.8606505821745607,defined,0.29911460702144804,sensitivity_only
id:x%3A0x1.c000000000000p%2B2,217,3.834,3.1973200000000004,4.052982374712821,2.8606505821745607,defined,-0.29911460702144804,sensitivity_only
id:x%3A0x1.c000000000000p%2B2,218,3.852,3.21496,2.35929762528718,2.8606505821745607,defined,0.29911460702144804,sensitivity_only
id:x%3A0x1.c000000000000p%2B2,219,3.87,3.2326,4.08826237471282,2.8606505821745607,defined,-0.29911460702144804,sensitivity_only
id:x%3A0x1.c000000000000p%2B2,220,3.888,3.25024,2.3945776252871793,2.8606505821745607,defined,0.29911460702144804,sensitivity_only
id:x%3A0x1.c000000000000p%2B2,221,3.906,3.2678800000000003,4.12354237471282,2.8606505821745607,defined,-0.29911460702144804,sensitivity_only
id:x%3A0x1.c000000000000p%2B2,222,3.924,3.28552,2.4298576252871795,2.8606505821745607,defined,0.29911460702144804,sensitivity_only
id:x%3A0x1.c000000000000p%2B2,223,3.942,3.30316,4.158822374712821,2.8606505821745607,defined,-0.29911460702144804,sensitivity_only
id:x%3A0x1.c000000000000p%2B2,224,3.96,3.3208,2.4651376252871797,2.8606505821745607,defined,0.29911460702144804,sensitivity_only
id:x%3A0x1.c000000000000p%2B2,225,3.978,3.3384400000000003,4.194102374712821,2.8606505821745607,defined,-0.29911460702144804,sensitivity_only
id:x%3A0x1.c000000000000p%2B2,226,3.996,3.35608,2.50041762528718,2.8606505821745607,defined,0.29911460702144804,sensitivity_only
id:x%3A0x1.c000000000000p%2B2,227,4.0,3.3600000000000003,4.215662374712821,2.8606505821745607,defined,-0.29911460702144804,sensitivity_only
id:x%3A0x1.c000000000000p%2B2,228,4.014,3.3737200000000005,2.51805762528718,2.8606505821745607,defined,0.29911460702144804,sensitivity_only
id:x%3A0x1.c000000000000p%2B2,229,4.032,3.39136,4.24702237471282,2.8606505821745607,defined,-0.29911460702144804,sensitivity_only
id:x%3A0x1.c000000000000p%2B2,230,4.05,3.409,2.5533376252871793,2.8606505821745607,defined,0.29911460702144804,sensitivity_only
id:x%3A0x1.c000000000000p%2B2,231,4.068,3.42664,4.28230237471282,2.8606505821745607,defined,-0.29911460702144804,sensitivity_only
id:x%3A0x1.c000000000000p%2B2,232,4.086,3.4442800000000005,2.5886176252871804,2.8606505821745607,defined,0.29911460702144804,sensitivity_only
id:x%3A0x1.c000000000000p%2B2,233,4.104,3.46192,4.317582374712821,2.8606505821745607,defined,-0.29911460702144804,sensitivity_only
id:x%3A0x1.c000000000000p%2B2,234,4.122,3.47956,2.6238976252871797,2.8606505821745607,defined,0.29911460702144804,sensitivity_only
id:x%3A0x1.c000000000000p%2B2,235,4.14,3.4972,4.35286237471282,2.8606505821745607,defined,-0.29911460702144804,sensitivity_only
id:x%3A0x1.c000000000000p%2B2,236,4.158,3.5148400000000004,2.65917762528718,2.8606505821745607,defined,0.29911460702144804,sensitivity_only
id:x%3A0x1.c000000000000p%2B2,237,4.176,3.5324800000000005,4.388142374712821,2.8606505821745607,defined,-0.29911460702144804,sensitivity_only
id:x%3A0x1.c000000000000p%2B2,238,4.194,3.55012,2.69445762528718,2.8606505821745607,defined,0.29911460702144804,sensitivity_only
id:x%3A0x1.c000000000000p%2B2,239,4.212,3.56776,4.42342237471282,2.8606505821745607,defined,-0.29911460702144804,sensitivity_only
id:x%3A0x1.c000000000000p%2B2,240,4.23,3.5854000000000004,2.7297376252871803,2.8606505821745607,defined,0.29911460702144804,sensitivity_only
id:x%3A0x1.c000000000000p%2B2,241,4.248,3.6030400000000005,4.4587023747128205,2.8606505821745607,defined,-0.29911460702144804,sensitivity_only
id:x%3A0x1.c000000000000p%2B2,242,4.266,3.62068,2.7650176252871796,2.8606505821745607,defined,0.29911460702144804,sensitivity_only
id:x%3A0x1.c000000000000p%2B2,243,4.284,3.6383199999999998,4.49398237471282,2.8606505821745607,defined,-0.29911460702144804,sensitivity_only
id:x%3A0x1.c000000000000p%2B2,244,4.302,3.6559599999999994,2.800297625287179,2.8606505821745607,defined,0.29911460702144804,sensitivity_only
id:x%3A0x1.c000000000000p%2B2,245,4.32,3.6736000000000004,4.529262374712821,2.8606505821745607,defined,-0.29911460702144804,sensitivity_only
id:x%3A0x1.c000000000000p%2B2,246,4.338,3.69124,2.83557762528718,2.8606505821745607,defined,0.29911460702144804,sensitivity_only
id:x%3A0x1.c000000000000p%2B2,247,4.356,3.7088799999999997,4.56454237471282,2.8606505821745607,defined,-0.29911460702144804,sensitivity_only
id:x%3A0x1.c000000000000p%2B2,248,4.374,3.72652,2.8708576252871794,2.8606505821745607,defined,0.29911460702144804,sensitivity_only
id:x%3A0x1.c000000000000p%2B2,249,4.392,3.7441600000000004,4.59982237471282,2.8606505821745607,defined,-0.29911460702144804,sensitivity_only
id:x%3A0x1.c000000000000p%2B2,250,4.41,3.7618,2.9061376252871796,2.8606505821745607,defined,0.29911460702144804,sensitivity_only
id:x%3A0x1.c000000000000p%2B2,251,4.428,3.77944,4.635102374712821,2.8606505821745607,defined,-0.29911460702144804,sensitivity_only
id:x%3A0x1.c000000000000p%2B2,252,4.446,3.79708,2.9414176252871798,2.8606505821745607,defined,0.29911460702144804,sensitivity_only
id:x%3A0x1.c000000000000p%2B2,253,4.464,3.8147200000000003,4.670382374712821,2.8606505821745607,defined,-0.29911460702144804,sensitivity_only
id:x%3A0x1.c000000000000p%2B2,254,4.482,3.8323600000000004,2.97669762528718,2.8606505821745607,defined,0.29911460702144804,sensitivity_only
id:x%3A0x1.c000000000000p%2B2,255,4.5,3.85,4.70566237471282,2.8606505821745607,defined,-0.29911460702144804,sensitivity_only
id:x%3A0x1.c000000000000p%2B2,256,4.518,3.8676399999999997,3.0527234526544564,2.724429125880535,defined,0.29911460702144804,sensitivity_only
id:x%3A0x1.c000000000000p%2B2,257,4.536,3.88528,4.700196547345543,2.724429125880535,defined,-0.29911460702144804,sensitivity_only
id:x%3A0x1.c000000000000p%2B2,258,4.554,3.9029200000000004,3.088003452654457,2.724429125880535,defined,0.29911460702144804,sensitivity_only
id:x%3A0x1.c000000000000p%2B2,259,4.572,3.92056,4.735476547345543,2.724429125880535,defined,-0.29911460702144804,sensitivity_only
id:x%3A0x1.c000000000000p%2B2,260,4.59,3.9382,3.123283452654457,2.724429125880535,defined,0.29911460702144804,sensitivity_only
id:x%3A0x1.c000000000000p%2B2,261,4.608,3.95584,4.7707565473455436,2.724429125880535,defined,-0.29911460702144804,sensitivity_only
id:x%3A0x1.c000000000000p%2B2,262,4.626,3.9734800000000003,3.158563452654457,2.724429125880535,defined,0.29911460702144804,sensitivity_only
id:x%3A0x1.c000000000000p%2B2,263,4.644,3.9911200000000004,4.806036547345544,2.724429125880535,defined,-0.29911460702144804,sensitivity_only
id:x%3A0x1.c000000000000p%2B2,264,4.662,4.0087600000000005,3.1938434526544572,2.724429125880535,defined,0.29911460702144804,sensitivity_only
id:x%3A0x1.c000000000000p%2B2,265,4.68,4.0264,4.841316547345543,2.724429125880535,defined,-0.29911460702144804,sensitivity_only
id:x%3A0x1.c000000000000p%2B2,266,4.698,4.044040000000001,3.2291234526544574,2.724429125880535,defined,0.29911460702144804,sensitivity_only
id:x%3A0x1.c000000000000p%2B2,267,4.716,4.06168,4.876596547345543,2.724429125880535,defined,-0.29911460702144804,sensitivity_only
id:x%3A0x1.c000000000000p%2B2,268,4.734,4.07932,3.2644034526544567,2.724429125880535,defined,0.29911460702144804,sensitivity_only
id:x%3A0x1.c000000000000p%2B2,269,4.752,4.09696,4.9118765473455435,2.724429125880535,defined,-0.29911460702144804,sensitivity_only
id:x%3A0x1.c000000000000p%2B2,270,4.77,4.114599999999999,3.299683452654456,2.724429125880535,defined,0.29911460702144804,sensitivity_only
id:x%3A0x1.c000000000000p%2B2,271,4.788,4.13224,4.947156547345544,2.724429125880535,defined,-0.29911460702144804,sensitivity_only
id:x%3A0x1.c000000000000p%2B2,272,4.806,4.1498800000000005,3.334963452654457,2.724429125880535,defined,0.29911460702144804,sensitivity_only
id:x%3A0x1.c000000000000p%2B2,273,4.824,4.16752,4.982436547345543,2.724429125880535,defined,-0.29911460702144804,sensitivity_only
id:x%3A0x1.c000000000000p%2B2,274,4.842,4.18516,3.3702434526544565,2.724429125880535,defined,0.29911460702144804,sensitivity_only
id:x%3A0x1.c000000000000p%2B2,275,4.86,4.2028,5.017716547345543,2.724429125880535,defined,-0.29911460702144804,sensitivity_only
id:x%3A0x1.c000000000000p%2B2,276,4.878,4.22044,3.4055234526544567,2.724429125880535,defined,0.29911460702144804,sensitivity_only
id:x%3A0x1.c000000000000p%2B2,277,4.896,4.23808,5.052996547345543,2.724429125880535,defined,-0.29911460702144804,sensitivity_only
id:x%3A0x1.c000000000000p%2B2,278,4.914,4.25572,3.440803452654457,2.724429125880535,defined,0.29911460702144804,sensitivity_only
id:x%3A0x1.c000000000000p%2B2,279,4.932,4.27336,5.088276547345544,2.724429125880535,defined,-0.29911460702144804,sensitivity_only
id:x%3A0x1.c000000000000p%2B2,280,4.95,4.291,3.476083452654457,2.724429125880535,defined,0.29911460702144804,sensitivity_only
id:x%3A0x1.c000000000000p%2B2,281,4.968,4.3086400000000005,5.123556547345544,2.724429125880535,defined,-0.29911460702144804,sensitivity_only
id:x%3A0x1.c000000000000p%2B2,282,4.986,4.32628,3.5113634526544564,2.724429125880535,defined,0.29911460702144804,sensitivity_only
id:x%3A0x1.c000000000000p%2B2,283,5.0,4.34,5.154916547345543,2.724429125880535,defined,-0.29911460702144804,sensitivity_only
id:x%3A0x1.c000000000000p%2B2,284,5.004,4.34392,3.5290034526544565,2.724429125880535,defined,0.29911460702144804,sensitivity_only
id:x%3A0x1.c000000000000p%2B2,285,5.022,4.361560000000001,5.176476547345544,2.724429125880535,defined,-0.29911460702144804,sensitivity_only
id:x%3A0x1.c000000000000p%2B2,286,5.04,4.3792,3.5642834526544567,2.724429125880535,defined,0.29911460702144804,sensitivity_only
id:x%3A0x1.c000000000000p%2B2,287,5.058,4.39684,5.211756547345543,2.724429125880535,defined,-0.29911460702144804,sensitivity_only
id:x%3A0x1.c000000000000p%2B2,288,5.076,4.414479999999999,3.599563452654456,2.724429125880535,defined,0.29911460702144804,sensitivity_only
id:x%3A0x1.c000000000000p%2B2,289,5.094,4.43212,5.247036547345544,2.724429125880535,defined,-0.29911460702144804,sensitivity_only
id:x%3A0x1.c000000000000p%2B2,290,5.112,4.44976,3.634843452654457,2.724429125880535,defined,0.29911460702144804,sensitivity_only
id:x%3A0x1.c000000000000p%2B2,291,5.13,4.4674,5.282316547345543,2.724429125880535,defined,-0.29911460702144804,sensitivity_only
id:x%3A0x1.c000000000000p%2B2,292,5.148,4.48504,3.6701234526544564,2.724429125880535,defined,0.29911460702144804,sensitivity_only
id:x%3A0x1.c000000000000p%2B2,293,5.166,4.502680000000001,5.317596547345544,2.724429125880535,defined,-0.29911460702144804,sensitivity_only
id:x%3A0x1.c000000000000p%2B2,294,5.184,4.52032,3.7054034526544566,2.724429125880535,defined,0.29911460702144804,sensitivity_only
id:x%3A0x1.c000000000000p%2B2,295,5.202,4.53796,5.352876547345543,2.724429125880535,defined,-0.29911460702144804,sensitivity_only
id:x%3A0x1.c000000000000p%2B2,296,5.22,4.5556,3.740683452654457,2.724429125880535,defined,0.29911460702144804,sensitivity_only
id:x%3A0x1.c000000000000p%2B2,297,5.238,4.57324,5.3881565473455435,2.724429125880535,defined,-0.29911460702144804,sensitivity_only
id:x%3A0x1.c000000000000p%2B2,298,5.256,4.59088,3.775963452654457,2.724429125880535,defined,0.29911460702144804,sensitivity_only
id:x%3A0x1.c000000000000p%2B2,299,5.274,4.60852,5.423436547345544,2.724429125880535,defined,-0.29911460702144804,sensitivity_only
id:x%3A0x1.c000000000000p%2B2,300,5.292,4.62616,3.8112434526544563,2.724429125880535,defined,0.29911460702144804,sensitivity_only
id:x%3A0x1.c000000000000p%2B2,301,5.31,4.6438,5.458716547345543,2.724429125880535,defined,-0.29911460702144804,sensitivity_only
id:x%3A0x1.c000000000000p%2B2,302,5.328,4.661440000000001,3.8465234526544574,2.724429125880535,defined,0.29911460702144804,sensitivity_only
id:x%3A0x1.c000000000000p%2B2,303,5.346,4.67908,5.493996547345543,2.724429125880535,defined,-0.29911460702144804,sensitivity_only
id:x%3A0x1.c000000000000p%2B2,304,5.364,4.69672,3.8818034526544567,2.724429125880535,defined,0.29911460702144804,sensitivity_only
id:x%3A0x1.c000000000000p%2B2,305,5.382,4.714359999999999,5.5292765473455425,2.724429125880535,defined,-0.29911460702144804,sensitivity_only
id:x%3A0x1.c000000000000p%2B2,306,5.4,4.732,3.917083452654457,2.724429125880535,defined,0.29911460702144804,sensitivity_only
id:x%3A0x1.c000000000000p%2B2,307,5.418,4.74964,5.564556547345544,2.724429125880535,defined,-0.29911460702144804,sensitivity_only
id:x%3A0x1.c000000000000p%2B2,308,5.436,4.7672799999999995,3.952363452654456,2.724429125880535,defined,0.29911460702144804,sensitivity_only
id:x%3A0x1.c000000000000p%2B2,309,5.454,4.78492,5.599836547345543,2.724429125880535,defined,-0.29911460702144804,sensitivity_only
id:x%3A0x1.c000000000000p%2B2,310,5.472,4.802560000000001,3.9876434526544573,2.724429125880535,defined,0.29911460702144804,sensitivity_only
id:x%3A0x1.c000000000000p%2B2,311,5.49,4.8202,5.635116547345543,2.724429125880535,defined,-0.29911460702144804,sensitivity_only
id:x%3A0x1.c000000000000p%2B2,312,5.508,4.83784,4.022923452654457,2.7244291258805333,defined,0.29911460702144804,sensitivity_only
id:x%3A0x1.c000000000000p%2B2,313,5.526,4.85548,5.670396547345543,2.7244291258805333,defined,-0.29911460702144804,sensitivity_only
id:x%3A0x1.c000000000000p%2B2,314,5.544,4.87312,4.058203452654457,2.7244291258805333,defined,0.29911460702144804,sensitivity_only
id:x%3A0x1.c000000000000p%2B2,315,5.562,4.89076,5.7056765473455435,2.7244291258805333,defined,-0.29911460702144804,sensitivity_only
id:x%3A0x1.c000000000000p%2B2,316,5.58,4.9084,4.093483452654457,2.7244291258805333,defined,0.29911460702144804,sensitivity_only
id:x%3A0x1.c000000000000p%2B2,317,5.598,4.92604,5.740956547345544,2.7244291258805333,defined,-0.29911460702144804,sensitivity_only
id:x%3A0x1.c000000000000p%2B2,318,5.616,4.94368,4.128763452654456,2.7244291258805333,defined,0.29911460702144804,sensitivity_only
id:x%3A0x1.c000000000000p%2B2,319,5.634,4.961320000000001,5.776236547345544,2.7244291258805333,defined,-0.29911460702144804,sensitivity_only
id:x%3A0x1.c000000000000p%2B2,320,5.652,4.978960000000001,4.164043452654457,2.7244291258805333,defined,0.29911460702144804,sensitivity_only
id:x%3A0x1.c000000000000p%2B2,321,5.67,4.9966,5.811516547345543,2.7244291258805333,defined,-0.29911460702144804,sensitivity_only
id:x%3A0x1.c000000000000p%2B2,322,5.688,5.014239999999999,4.199323452654456,2.7244291258805333,defined,0.29911460702144804,sensitivity_only
id:x%3A0x1.c000000000000p%2B2,323,5.706,5.031880000000001,5.846796547345544,2.7244291258805333,defined,-0.29911460702144804,sensitivity_only
id:x%3A0x1.c000000000000p%2B2,324,5.724,5.04952,4.234603452654457,2.7244291258805333,defined,0.29911460702144804,sensitivity_only
id:x%3A0x1.c000000000000p%2B2,325,5.742,5.067159999999999,5.882076547345543,2.7244291258805333,defined,-0.29911460702144804,sensitivity_only
id:x%3A0x1.c000000000000p%2B2,326,5.76,5.0847999999999995,4.269883452654456,2.7244291258805333,defined,0.29911460702144804,sensitivity_only
id:x%3A0x1.c000000000000p%2B2,327,5.778,5.10244,5.917356547345543,2.7244291258805333,defined,-0.29911460702144804,sensitivity_only
id:x%3A0x1.c000000000000p%2B2,328,5.796,5.12008,4.305163452654456,2.7244291258805333,defined,0.29911460702144804,sensitivity_only
id:x%3A0x1.c000000000000p%2B2,329,5.814,5.13772,5.952636547345543,2.7244291258805333,defined,-0.29911460702144804,sensitivity_only
id:x%3A0x1.c000000000000p%2B2,330,5.832,5.15536,4.340443452654457,2.7244291258805333,defined,0.29911460702144804,sensitivity_only
id:x%3A0x1.c000000000000p%2B2,331,5.85,5.173,5.987916547345543,2.7244291258805333,defined,-0.29911460702144804,sensitivity_only
id:x%3A0x1.c000000000000p%2B2,332,5.868,5.19064,4.375723452654457,2.7244291258805333,defined,0.29911460702144804,sensitivity_only
id:x%3A0x1.c000000000000p%2B2,333,5.886,5.20828,6.0231965473455436,2.7244291258805333,defined,-0.29911460702144804,sensitivity_only
id:x%3A0x1.c000000000000p%2B2,334,5.904,5.22592,4.411003452654457,2.7244291258805333,defined,0.29911460702144804,sensitivity_only
id:x%3A0x1.c000000000000p%2B2,335,5.922,5.24356,6.058476547345544,2.7244291258805333,defined,-0.29911460702144804,sensitivity_only
id:x%3A0x1.c000000000000p%2B2,336,5.94,5.2612000000000005,4.446283452654457,2.7244291258805333,defined,0.29911460702144804,sensitivity_only
id:x%3A0x1.c000000000000p%2B2,337,5.958,5.278840000000001,6.093756547345544,2.7244291258805333,defined,-0.29911460702144804,sensitivity_only
id:x%3A0x1.c000000000000p%2B2,338,5.976,5.29648,4.4815634526544565,2.7244291258805333,defined,0.29911460702144804,sensitivity_only
id:x%3A0x1.c000000000000p%2B2,339,5.994,5.31412,6.129036547345543,2.7244291258805333,defined,-0.29911460702144804,sensitivity_only
id:x%3A0x1.c000000000000p%2B2,340,6.0,5.32,4.505083452654457,2.7244291258805333,defined,0.29911460702144804,sensitivity_only
id:x%3A0x1.c000000000000p%2B2,341,6.012,5.331759999999999,6.1466765473455425,2.7244291258805333,defined,-0.29911460702144804,sensitivity_only
id:x%3A0x1.c000000000000p%2B2,342,6.03,5.3494,4.534483452654457,2.7244291258805333,defined,0.29911460702144804,sensitivity_only
id:x%3A0x1.c000000000000p%2B2,343,6.048,5.36704,6.181956547345544,2.7244291258805333,defined,-0.29911460702144804,sensitivity_only
id:x%3A0x1.c000000000000p%2B2,344,6.066,5.3846799999999995,4.569763452654456,2.7244291258805333,defined,0.29911460702144804,sensitivity_only
id:x%3A0x1.c000000000000p%2B2,345,6.084,5.40232,6.217236547345543,2.7244291258805333,defined,-0.29911460702144804,sensitivity_only
id:x%3A0x1.c000000000000p%2B2,346,6.102,5.4199600000000006,4.605043452654457,2.7244291258805333,defined,0.29911460702144804,sensitivity_only
id:x%3A0x1.c000000000000p%2B2,347,6.12,5.4376,6.252516547345543,2.7244291258805333,defined,-0.29911460702144804,sensitivity_only
id:x%3A0x1.c000000000000p%2B2,348,6.138,5.45524,4.640323452654457,2.7244291258805333,defined,0.29911460702144804,sensitivity_only
id:x%3A0x1.c000000000000p%2B2,349,6.156,5.47288,6.287796547345543,2.7244291258805333,defined,-0.29911460702144804,sensitivity_only
id:x%3A0x1.c000000000000p%2B2,350,6.174,5.49052,4.675603452654457,2.7244291258805333,defined,0.29911460702144804,sensitivity_only
id:x%3A0x1.c000000000000p%2B2,351,6.192,5.50816,6.3230765473455435,2.7244291258805333,defined,-0.29911460702144804,sensitivity_only
id:x%3A0x1.c000000000000p%2B2,352,6.21,5.5258,4.710883452654457,2.7244291258805333,defined,0.29911460702144804,sensitivity_only
id:x%3A0x1.c000000000000p%2B2,353,6.228,5.54344,6.358356547345544,2.7244291258805333,defined,-0.29911460702144804,sensitivity_only
id:x%3A0x1.c000000000000p%2B2,354,6.246,5.5610800000000005,4.746163452654457,2.7244291258805333,defined,0.29911460702144804,sensitivity_only
id:x%3A0x1.c000000000000p%2B2,355,6.264,5.578720000000001,6.393636547345544,2.7244291258805333,defined,-0.29911460702144804,sensitivity_only
id:x%3A0x1.c000000000000p%2B2,356,6.282,5.596360000000001,4.781443452654457,2.7244291258805333,defined,0.29911460702144804,sensitivity_only
id:x%3A0x1.c000000000000p%2B2,357,6.3,5.614,6.428916547345543,2.7244291258805333,defined,-0.29911460702144804,sensitivity_only
id:x%3A0x1.c000000000000p%2B2,358,6.318,5.631639999999999,4.816723452654456,2.7244291258805333,defined,0.29911460702144804,sensitivity_only
id:x%3A0x1.c000000000000p%2B2,359,6.336,5.649280000000001,6.464196547345544,2.7244291258805333,defined,-0.29911460702144804,sensitivity_only
id:x%3A0x1.c000000000000p%2B2,360,6.354,5.66692,4.852003452654457,2.7244291258805333,defined,0.29911460702144804,sensitivity_only
id:x%3A0x1.c000000000000p%2B2,361,6.372,5.684559999999999,6.499476547345543,2.7244291258805333,defined,-0.29911460702144804,sensitivity_only
id:x%3A0x1.c000000000000p%2B2,362,6.39,5.7021999999999995,4.887283452654456,2.7244291258805333,defined,0.29911460702144804,sensitivity_only
id:x%3A0x1.c000000000000p%2B2,363,6.408,5.7198400000000005,6.534756547345544,2.7244291258805333,defined,-0.29911460702144804,sensitivity_only
id:x%3A0x1.c000000000000p%2B2,364,6.426,5.73748,4.922563452654456,2.7244291258805333,defined,0.29911460702144804,sensitivity_only
id:x%3A0x1.c000000000000p%2B2,365,6.444,5.75512,6.570036547345543,2.7244291258805333,defined,-0.29911460702144804,sensitivity_only
id:x%3A0x1.c000000000000p%2B2,366,6.462,5.77276,4.957843452654457,2.7244291258805333,defined,0.29911460702144804,sensitivity_only
id:x%3A0x1.c000000000000p%2B2,367,6.48,5.7904,6.605316547345543,2.7244291258805333,defined,-0.29911460702144804,sensitivity_only
id:x%3A0x1.c000000000000p%2B2,368,6.498,5.80804,4.993123452654457,2.7244291258805333,defined,0.29911460702144804,sensitivity_only
id:x%3A0x1.c000000000000p%2B2,369,6.516,5.82568,6.6405965473455435,2.7244291258805333,defined,-0.29911460702144804,sensitivity_only
id:x%3A0x1.c000000000000p%2B2,370,6.534,5.84332,5.028403452654457,2.7244291258805333,defined,0.29911460702144804,sensitivity_only
id:x%3A0x1.c000000000000p%2B2,371,6.552,5.8609599999999995,6.675876547345543,2.7244291258805333,defined,-0.29911460702144804,sensitivity_only
id:x%3A0x1.c000000000000p%2B2,372,6.57,5.8786000000000005,5.063683452654457,2.7244291258805333,defined,0.29911460702144804,sensitivity_only
id:x%3A0x1.c000000000000p%2B2,373,6.588,5.896240000000001,6.711156547345544,2.7244291258805333,defined,-0.29911460702144804,sensitivity_only
id:x%3A0x1.c000000000000p%2B2,374,6.606,5.91388,5.0989634526544565,2.7244291258805333,defined,0.29911460702144804,sensitivity_only
id:x%3A0x1.c000000000000p%2B2,375,6.624,5.93152,6.746436547345543,2.7244291258805333,defined,-0.29911460702144804,sensitivity_only
id:x%3A0x1.c000000000000p%2B2,376,6.642,5.949160000000001,5.134243452654458,2.7244291258805333,defined,0.29911460702144804,sensitivity_only
id:x%3A0x1.c000000000000p%2B2,377,6.66,5.9668,6.781716547345543,2.7244291258805333,defined,-0.29911460702144804,sensitivity_only
id:x%3A0x1.c000000000000p%2B2,378,6.678,5.98444,5.169523452654457,2.7244291258805333,defined,0.29911460702144804,sensitivity_only
id:x%3A0x1.c000000000000p%2B2,379,6.696,6.002079999999999,6.816996547345543,2.7244291258805333,defined,-0.29911460702144804,sensitivity_only
id:x%3A0x1.c000000000000p%2B2,380,6.714,6.01972,5.204803452654457,2.7244291258805333,defined,0.29911460702144804,sensitivity_only
id:x%3A0x1.c000000000000p%2B2,381,6.732,6.03736,6.852276547345543,2.7244291258805333,defined,-0.29911460702144804,sensitivity_only
id:x%3A0x1.c000000000000p%2B2,382,6.75,6.055,5.240083452654456,2.7244291258805333,defined,0.29911460702144804,sensitivity_only
id:x%3A0x1.c000000000000p%2B2,383,6.768,6.07264,6.887556547345543,2.7244291258805333,defined,-0.29911460702144804,sensitivity_only
id:x%3A0x1.c000000000000p%2B2,384,6.786,6.09028,5.275363452654457,2.7244291258805333,defined,0.29911460702144804,sensitivity_only
id:x%3A0x1.c000000000000p%2B2,385,6.804,6.10792,6.922836547345543,2.7244291258805333,defined,-0.29911460702144804,sensitivity_only
id:x%3A0x1.c000000000000p%2B2,386,6.822,6.12556,5.310643452654457,2.7244291258805333,defined,0.29911460702144804,sensitivity_only
id:x%3A0x1.c000000000000p%2B2,387,6.84,6.1432,6.9581165473455435,2.7244291258805333,defined,-0.29911460702144804,sensitivity_only
id:x%3A0x1.c000000000000p%2B2,388,6.858,6.16084,5.345923452654457,2.7244291258805333,defined,0.29911460702144804,sensitivity_only
id:x%3A0x1.c000000000000p%2B2,389,6.876,6.17848,6.993396547345544,2.7244291258805333,defined,-0.29911460702144804,sensitivity_only
id:x%3A0x1.c000000000000p%2B2,390,6.894,6.1961200000000005,5.381203452654457,2.7244291258805333,defined,0.29911460702144804,sensitivity_only
id:x%3A0x1.c000000000000p%2B2,391,6.912,6.213760000000001,7.028676547345544,2.7244291258805333,defined,-0.29911460702144804,sensitivity_only
id:x%3A0x1.c000000000000p%2B2,392,6.93,6.2314,5.4164834526544565,2.7244291258805333,defined,0.29911460702144804,sensitivity_only
id:x%3A0x1.c000000000000p%2B2,393,6.948,6.249040000000001,7.063956547345544,2.7244291258805333,defined,-0.29911460702144804,sensitivity_only
id:x%3A0x1.c000000000000p%2B2,394,6.966,6.26668,5.451763452654457,2.7244291258805333,defined,0.29911460702144804,sensitivity_only
id:x%3A0x1.c000000000000p%2B2,395,6.984,6.28432,7.099236547345543,2.7244291258805333,defined,-0.29911460702144804,sensitivity_only
id:x%3A0x1.c000000000000p%2B2,396,7.0,6.3,5.4850834526544565,2.7244291258805333,defined,0.29911460702144804,sensitivity_only
id:x%3A0x1.c000000000000p%2B2,397,7.002,6.301959999999999,7.116876547345543,2.7244291258805333,defined,-0.29911460702144804,sensitivity_only
id:x%3A0x1.c000000000000p%2B2,398,7.02,6.319599999999999,5.504683452654456,2.7244291258805333,defined,0.29911460702144804,sensitivity_only
id:x%3A0x1.c000000000000p%2B2,399,7.038,6.33724,7.152156547345544,2.7244291258805333,defined,-0.29911460702144804,sensitivity_only
id:x%3A0x1.c000000000000p%2B2,400,7.056,6.35488,5.539963452654456,2.7244291258805333,defined,0.29911460702144804,sensitivity_only
id:x%3A0x1.c000000000000p%2B2,401,7.074,6.37252,7.187436547345543,2.7244291258805333,defined,-0.29911460702144804,sensitivity_only
id:x%3A0x1.c000000000000p%2B2,402,7.092,6.39016,5.5752434526544565,2.7244291258805333,defined,0.29911460702144804,sensitivity_only
id:x%3A0x1.c000000000000p%2B2,403,7.11,6.4078,7.222716547345543,2.7244291258805333,defined,-0.29911460702144804,sensitivity_only
id:x%3A0x1.c000000000000p%2B2,404,7.128,6.42544,5.610523452654457,2.7244291258805333,defined,0.29911460702144804,sensitivity_only
id:x%3A0x1.c000000000000p%2B2,405,7.146,6.44308,7.2579965473455434,2.7244291258805333,defined,-0.29911460702144804,sensitivity_only
id:x%3A0x1.c000000000000p%2B2,406,7.164,6.46072,5.645803452654457,2.7244291258805333,defined,0.29911460702144804,sensitivity_only
id:x%3A0x1.c000000000000p%2B2,407,7.182,6.47836,7.293276547345544,2.7244291258805333,defined,-0.29911460702144804,sensitivity_only
id:x%3A0x1.c000000000000p%2B2,408,7.2,6.496,5.681083452654457,2.7244291258805333,defined,0.29911460702144804,sensitivity_only
id:x%3A0x1.c000000000000p%2B2,409,7.218,6.5136400000000005,7.328556547345544,2.7244291258805333,defined,-0.29911460702144804,sensitivity_only
id:x%3A0x1.c000000000000p%2B2,410,7.236,6.53128,5.7163634526544564,2.7244291258805333,defined,0.29911460702144804,sensitivity_only
id:x%3A0x1.c000000000000p%2B2,411,7.254,6.548919999999999,7.363836547345542,2.7244291258805333,defined,-0.29911460702144804,sensitivity_only
id:x%3A0x1.c000000000000p%2B2,412,7.272,6.566560000000001,5.7516434526544575,2.7244291258805333,defined,0.29911460702144804,sensitivity_only
id:x%3A0x1.c000000000000p%2B2,413,7.29,6.5842,7.399116547345543,2.7244291258805333,defined,-0.29911460702144804,sensitivity_only
id:x%3A0x1.c000000000000p%2B2,414,7.308,6.601839999999999,5.786923452654456,2.7244291258805333,defined,0.29911460702144804,sensitivity_only
id:x%3A0x1.c000000000000p%2B2,415,7.326,6.619479999999999,7.434396547345543,2.7244291258805333,defined,-0.29911460702144804,sensitivity_only
id:x%3A0x1.c000000000000p%2B2,416,7.344,6.63712,5.822203452654457,2.7244291258805333,defined,0.29911460702144804,sensitivity_only
id:x%3A0x1.c000000000000p%2B2,417,7.362,6.65476,7.469676547345543,2.7244291258805333,defined,-0.29911460702144804,sensitivity_only
id:x%3A0x1.c000000000000p%2B2,418,7.38,6.6724,5.857483452654456,2.7244291258805333,defined,0.29911460702144804,sensitivity_only
id:x%3A0x1.c000000000000p%2B2,419,7.398,6.69004,7.504956547345543,2.7244291258805333,defined,-0.29911460702144804,sensitivity_only
id:x%3A0x1.c000000000000p%2B2,420,7.416,6.70768,5.892763452654457,2.7244291258805333,defined,0.29911460702144804,sensitivity_only
id:x%3A0x1.c000000000000p%2B2,421,7.434,6.72532,7.540236547345543,2.7244291258805333,defined,-0.29911460702144804,sensitivity_only
id:x%3A0x1.c000000000000p%2B2,422,7.452,6.74296,5.928043452654457,2.7244291258805333,defined,0.29911460702144804,sensitivity_only
id:x%3A0x1.c000000000000p%2B2,423,7.47,6.7606,7.5755165473455435,2.7244291258805333,defined,-0.29911460702144804,sensitivity_only
id:x%3A0x1.c000000000000p%2B2,424,7.488,6.77824,5.963323452654457,2.7244291258805333,defined,0.29911460702144804,sensitivity_only
id:x%3A0x1.c000000000000p%2B2,425,7.506,6.79588,7.610796547345544,2.7244291258805333,defined,-0.29911460702144804,sensitivity_only
id:x%3A0x1.c000000000000p%2B2,426,7.524,6.8135200000000005,5.998603452654457,2.7244291258805333,defined,0.29911460702144804,sensitivity_only
id:x%3A0x1.c000000000000p%2B2,427,7.542,6.83116,7.646076547345543,2.7244291258805333,defined,-0.29911460702144804,sensitivity_only
id:x%3A0x1.c000000000000p%2B2,428,7.56,6.8488,6.0338834526544565,2.7244291258805333,defined,0.29911460702144804,sensitivity_only
id:x%3A0x1.c000000000000p%2B2,429,7.578,6.866440000000001,7.681356547345544,2.7244291258805333,defined,-0.29911460702144804,sensitivity_only
id:x%3A0x1.c000000000000p%2B2,430,7.596,6.88408,6.069163452654457,2.7244291258805333,defined,0.29911460702144804,sensitivity_only
id:x%3A0x1.c000000000000p%2B2,431,7.614,6.90172,7.716636547345543,2.7244291258805333,defined,-0.29911460702144804,sensitivity_only
id:x%3A0x1.c000000000000p%2B2,432,7.632,6.919359999999999,6.104443452654456,2.7244291258805333,defined,0.29911460702144804,sensitivity_only
id:x%3A0x1.c000000000000p%2B2,433,7.65,6.937,7.751916547345544,2.7244291258805333,defined,-0.29911460702144804,sensitivity_only
id:x%3A0x1.c000000000000p%2B2,434,7.668,6.95464,6.139723452654457,2.7244291258805333,defined,0.29911460702144804,sensitivity_only
id:x%3A0x1.c000000000000p%2B2,435,7.686,6.97228,7.787196547345543,2.7244291258805333,defined,-0.29911460702144804,sensitivity_only
id:x%3A0x1.c000000000000p%2B2,436,7.704,6.98992,6.175003452654456,2.7244291258805333,defined,0.29911460702144804,sensitivity_only
id:x%3A0x1.c000000000000p%2B2,437,7.722,7.007560000000001,7.822476547345544,2.7244291258805333,defined,-0.29911460702144804,sensitivity_only
id:x%3A0x1.c000000000000p%2B2,438,7.74,7.0252,6.210283452654457,2.7244291258805333,defined,0.29911460702144804,sensitivity_only
id:x%3A0x1.c000000000000p%2B2,439,7.758,7.04284,7.857756547345543,2.7244291258805333,defined,-0.29911460702144804,sensitivity_only
id:x%3A0x1.c000000000000p%2B2,440,7.776,7.06048,6.245563452654457,2.7244291258805333,defined,0.29911460702144804,sensitivity_only
id:x%3A0x1.c000000000000p%2B2,441,7.794,7.078119999999999,7.893036547345543,2.7244291258805333,defined,-0.29911460702144804,sensitivity_only
id:x%3A0x1.c000000000000p%2B2,442,7.812,7.09576,6.280843452654457,2.7244291258805333,defined,0.29911460702144804,sensitivity_only
id:x%3A0x1.c000000000000p%2B2,443,7.83,7.1134,7.928316547345544,2.7244291258805333,defined,-0.29911460702144804,sensitivity_only
id:x%3A0x1.c000000000000p%2B2,444,7.848,7.13104,6.316123452654456,2.7244291258805333,defined,0.29911460702144804,sensitivity_only
id:x%3A0x1.c000000000000p%2B2,445,7.866,7.14868,7.963596547345543,2.7244291258805333,defined,-0.29911460702144804,sensitivity_only
id:x%3A0x1.c000000000000p%2B2,446,7.884,7.166320000000001,6.351403452654457,2.7244291258805333,defined,0.29911460702144804,sensitivity_only
id:x%3A0x1.c000000000000p%2B2,447,7.902,7.18396,7.998876547345543,2.7244291258805333,defined,-0.29911460702144804,sensitivity_only
id:x%3A0x1.c000000000000p%2B2,448,7.92,7.2016,6.386683452654457,2.7244291258805333,defined,0.29911460702144804,sensitivity_only
id:x%3A0x1.c000000000000p%2B2,449,7.938,7.21924,8.034156547345543,2.7244291258805333,defined,-0.29911460702144804,sensitivity_only
id:x%3A0x1.c000000000000p%2B2,450,7.956,7.23688,6.421963452654457,2.7244291258805333,defined,0.29911460702144804,sensitivity_only
id:x%3A0x1.c000000000000p%2B2,451,7.974,7.25452,8.069436547345543,2.7244291258805333,defined,-0.29911460702144804,sensitivity_only
id:x%3A0x1.c000000000000p%2B2,452,7.992,7.27216,6.457243452654457,2.7244291258805333,defined,0.29911460702144804,sensitivity_only
id:x%3A0x1.c000000000000p%2B2,453,8.0,7.28,8.094916547345543,2.7244291258805333,defined,-0.29911460702144804,sensitivity_only
id:x%3A0x1.c000000000000p%2B2,454,8.01,7.2898,6.474883452654456,2.7244291258805333,defined,0.29911460702144804,sensitivity_only
id:x%3A0x1.c000000000000p%2B2,455,8.028,7.307440000000001,8.122356547345543,2.7244291258805333,defined,-0.29911460702144804,sensitivity_only
id:x%3A0x1.c000000000000p%2B2,456,8.046,7.32508,6.5101634526544565,2.7244291258805333,defined,0.29911460702144804,sensitivity_only
id:x%3A0x1.c000000000000p%2B2,457,8.064,7.34272,8.157636547345543,2.7244291258805333,defined,-0.29911460702144804,sensitivity_only
id:x%3A0x1.c000000000000p%2B2,458,8.082,7.360360000000001,6.545443452654458,2.7244291258805333,defined,0.29911460702144804,sensitivity_only
id:x%3A0x1.c000000000000p%2B2,459,8.1,7.378,8.192916547345543,2.7244291258805333,defined,-0.29911460702144804,sensitivity_only
id:x%3A0x1.c000000000000p%2B2,460,8.118,7.39564,6.580723452654457,2.7244291258805333,defined,0.29911460702144804,sensitivity_only
id:x%3A0x1.c000000000000p%2B2,461,8.136,7.413279999999999,8.228196547345542,2.7244291258805333,defined,-0.29911460702144804,sensitivity_only
id:x%3A0x1.c000000000000p%2B2,462,8.154,7.4309199999999995,6.616003452654456,2.7244291258805333,defined,0.29911460702144804,sensitivity_only
id:x%3A0x1.c000000000000p%2B2,463,8.172,7.4485600000000005,8.263476547345544,2.7244291258805333,defined,-0.29911460702144804,sensitivity_only
id:x%3A0x1.c000000000000p%2B2,464,8.19,7.4662,6.651283452654456,2.7244291258805333,defined,0.29911460702144804,sensitivity_only
id:x%3A0x1.c000000000000p%2B2,465,8.208,7.48384,8.298756547345542,2.7244291258805333,defined,-0.29911460702144804,sensitivity_only
id:x%3A0x1.c000000000000p%2B2,466,8.226,7.501480000000001,6.6865634526544575,2.7244291258805333,defined,0.29911460702144804,sensitivity_only
id:x%3A0x1.c000000000000p%2B2,467,8.244,7.51912,8.334036547345542,2.7244291258805333,defined,-0.29911460702144804,sensitivity_only
id:x%3A0x1.c000000000000p%2B2,468,8.262,7.53676,6.721843452654457,2.7244291258805333,defined,0.29911460702144804,sensitivity_only
id:x%3A0x1.c000000000000p%2B2,469,8.28,7.554399999999999,8.369316547345543,2.7244291258805333,defined,-0.29911460702144804,sensitivity_only
id:x%3A0x1.c000000000000p%2B2,470,8.298,7.57204,6.757123452654457,2.7244291258805333,defined,0.29911460702144804,sensitivity_only
id:x%3A0x1.c000000000000p%2B2,471,8.316,7.58968,8.404596547345543,2.7244291258805333,defined,-0.29911460702144804,sensitivity_only
id:x%3A0x1.c000000000000p%2B2,472,8.334,7.60732,6.792403452654456,2.7244291258805333,defined,0.29911460702144804,sensitivity_only
id:x%3A0x1.c000000000000p%2B2,473,8.352,7.624960000000001,8.439876547345543,2.7244291258805333,defined,-0.29911460702144804,sensitivity_only
id:x%3A0x1.c000000000000p%2B2,474,8.37,7.642599999999999,6.827683452654456,2.7244291258805333,defined,0.29911460702144804,sensitivity_only
id:x%3A0x1.c000000000000p%2B2,475,8.388,7.66024,8.475156547345543,2.7244291258805333,defined,-0.29911460702144804,sensitivity_only
id:x%3A0x1.c000000000000p%2B2,476,8.406,7.677880000000001,6.862963452654458,2.7244291258805333,defined,0.29911460702144804,sensitivity_only
id:x%3A0x1.c000000000000p%2B2,477,8.424,7.695519999999999,8.510436547345542,2.7244291258805333,defined,-0.29911460702144804,sensitivity_only
id:x%3A0x1.c000000000000p%2B2,478,8.442,7.71316,6.898243452654457,2.7244291258805333,defined,0.29911460702144804,sensitivity_only
id:x%3A0x1.c000000000000p%2B2,479,8.46,7.730800000000001,8.545716547345544,2.7244291258805333,defined,-0.29911460702144804,sensitivity_only
id:x%3A0x1.c000000000000p%2B2,480,8.478,7.7484399999999996,6.933523452654456,2.7244291258805333,defined,0.29911460702144804,sensitivity_only
id:x%3A0x1.c000000000000p%2B2,481,8.496,7.7660800000000005,8.580996547345544,2.7244291258805333,defined,-0.29911460702144804,sensitivity_only
id:x%3A0x1.c000000000000p%2B2,482,8.514,7.78372,7.131786762123565,2.179543300704428,defined,0.29911460702144804,sensitivity_only
id:x%3A0x1.c000000000000p%2B2,483,8.532,7.80136,8.453293237876434,2.179543300704428,defined,-0.29911460702144804,sensitivity_only
id:x%3A0x1.c000000000000p%2B2,484,8.55,7.819000000000001,7.167066762123566,2.179543300704428,defined,0.29911460702144804,sensitivity_only
id:x%3A0x1.c000000000000p%2B2,485,8.568,7.83664,8.488573237876434,2.179543300704428,defined,-0.29911460702144804,sensitivity_only
id:x%3A0x1.c000000000000p%2B2,486,8.586,7.85428,7.2023467621235655,2.179543300704428,defined,0.29911460702144804,sensitivity_only
id:x%3A0x1.c000000000000p%2B2,487,8.604,7.871919999999999,8.523853237876434,2.179543300704428,defined,-0.29911460702144804,sensitivity_only
id:x%3A0x1.c000000000000p%2B2,488,8.622,7.8895599999999995,7.237626762123565,2.179543300704428,defined,0.29911460702144804,sensitivity_only
id:x%3A0x1.c000000000000p%2B2,489,8.64,7.9072000000000005,8.559133237876434,2.179543300704428,defined,-0.29911460702144804,sensitivity_only
id:x%3A0x1.c000000000000p%2B2,490,8.658,7.92484,7.272906762123565,2.179543300704428,defined,0.29911460702144804,sensitivity_only
id:x%3A0x1.c000000000000p%2B2,491,8.676,7.94248,8.594413237876434,2.179543300704428,defined,-0.29911460702144804,sensitivity_only
id:x%3A0x1.c000000000000p%2B2,492,8.694,7.960120000000001,7.308186762123566,2.179543300704428,defined,0.29911460702144804,sensitivity_only
id:x%3A0x1.c000000000000p%2B2,493,8.712,7.97776,8.629693237876435,2.179543300704428,defined,-0.29911460702144804,sensitivity_only
id:x%3A0x1.c000000000000p%2B2,494,8.73,7.9954,7.343466762123565,2.179543300704428,defined,0.29911460702144804,sensitivity_only
id:x%3A0x1.c000000000000p%2B2,495,8.748,8.01304,8.664973237876435,2.179543300704428,defined,-0.29911460702144804,sensitivity_only
id:x%3A0x1.c000000000000p%2B2,496,8.766,8.03068,7.378746762123566,2.179543300704428,defined,0.29911460702144804,sensitivity_only
id:x%3A0x1.c000000000000p%2B2,497,8.784,8.04832,8.700253237876435,2.179543300704428,defined,-0.29911460702144804,sensitivity_only
id:x%3A0x1.c000000000000p%2B2,498,8.802,8.06596,7.414026762123566,2.179543300704428,defined,0.29911460702144804,sensitivity_only
id:x%3A0x1.c000000000000p%2B2,499,8.82,8.0836,8.735533237876435,2.179543300704428,defined,-0.29911460702144804,sensitivity_only
id:x%3A0x1.c000000000000p%2B2,500,8.838,8.101239999999999,7.449306762123564,2.179543300704428,defined,0.29911460702144804,sensitivity_only
id:x%3A0x1.c000000000000p%2B2,501,8.856,8.11888,8.770813237876435,2.179543300704428,defined,-0.29911460702144804,sensitivity_only
id:x%3A0x1.c000000000000p%2B2,502,8.874,8.13652,7.484586762123566,2.179543300704428,defined,0.29911460702144804,sensitivity_only
id:x%3A0x1.c000000000000p%2B2,503,8.892,8.15416,8.806093237876434,2.179543300704428,defined,-0.29911460702144804,sensitivity_only
id:x%3A0x1.c000000000000p%2B2,504,8.91,8.171800000000001,7.519866762123566,2.179543300704428,defined,0.29911460702144804,sensitivity_only
id:x%3A0x1.c000000000000p%2B2,505,8.928,8.189440000000001,8.841373237876436,2.179543300704428,defined,-0.29911460702144804,sensitivity_only
id:x%3A0x1.c000000000000p%2B2,506,8.946,8.20708,7.555146762123565,2.179543300704428,defined,0.29911460702144804,sensitivity_only
id:x%3A0x1.c000000000000p%2B2,507,8.964,8.224720000000001,8.876653237876436,2.179543300704428,defined,-0.29911460702144804,sensitivity_only
id:x%3A0x1.c000000000000p%2B2,508,8.982,8.24236,7.590426762123565,2.179543300704428,defined,0.29911460702144804,sensitivity_only
id:x%3A0x1.c000000000000p%2B2,509,9.0,8.26,8.911933237876434,2.179543300704428,defined,-0.29911460702144804,sensitivity_only
id:x%3A0x1.0000000000000p%2B3,0,0.0,1.75,1.489665661304749,2.7244291258805347,defined,0.09555555555555556,sensitivity_only
id:x%3A0x1.0000000000000p%2B3,1,0.018,1.75576,1.8855430056883642,2.7244291258805347,defined,-0.04763677074786024,sensitivity_only
id:x%3A0x1.0000000000000p%2B3,2,0.036,1.76152,1.6317369943116358,2.7244291258805347,defined,0.04763677074786024,sensitivity_only
id:x%3A0x1.0000000000000p%2B3,3,0.054,1.76728,1.8970630056883642,2.7244291258805347,defined,-0.04763677074786024,sensitivity_only
id:x%3A0x1.0000000000000p%2B3,4,0.072,1.77304,1.6432569943116357,2.7244291258805347,defined,0.04763677074786024,sensitivity_only
id:x%3A0x1.0000000000000p%2B3,5,0.09,1.7788,1.9085830056883641,2.7244291258805347,defined,-0.04763677074786024,sensitivity_only
id:x%3A0x1.0000000000000p%2B3,6,0.108,1.78456,1.6547769943116357,2.7244291258805347,defined,0.04763677074786024,sensitivity_only
id:x%3A0x1.0000000000000p%2B3,7,0.126,1.79032,1.9201030056883641,2.7244291258805347,defined,-0.04763677074786024,sensitivity_only
id:x%3A0x1.0000000000000p%2B3,8,0.144,1.79608,1.6662969943116357,2.7244291258805347,defined,0.04763677074786024,sensitivity_only
id:x%3A0x1.0000000000000p%2B3,9,0.162,1.80184,1.9316230056883643,2.7244291258805347,defined,-0.04763677074786024,sensitivity_only
id:x%3A0x1.0000000000000p%2B3,10,0.18,1.8076,1.677816994311636,2.7244291258805347,defined,0.04763677074786024,sensitivity_only
id:x%3A0x1.0000000000000p%2B3,11,0.198,1.81336,1.9431430056883643,2.7244291258805347,defined,-0.04763677074786024,sensitivity_only
id:x%3A0x1.0000000000000p%2B3,12,0.216,1.81912,1.6893369943116359,2.7244291258805347,defined,0.04763677074786024,sensitivity_only
id:x%3A0x1.0000000000000p%2B3,13,0.234,1.82488,1.9546630056883643,2.7244291258805347,defined,-0.04763677074786024,sensitivity_only
id:x%3A0x1.0000000000000p%2B3,14,0.252,1.83064,1.7008569943116358,2.7244291258805347,defined,0.04763677074786024,sensitivity_only
id:x%3A0x1.0000000000000p%2B3,15,0.27,1.8364,1.9661830056883642,2.7244291258805347,defined,-0.04763677074786024,sensitivity_only
id:x%3A0x1.0000000000000p%2B3,16,0.288,1.84216,1.7123769943116358,2.7244291258805347,defined,0.04763677074786024,sensitivity_only
id:x%3A0x1.0000000000000p%2B3,17,0.306,1.84792,1.9777030056883642,2.7244291258805347,defined,-0.04763677074786024,sensitivity_only
id:x%3A0x1.0000000000000p%2B3,18,0.324,1.85368,1.7238969943116358,2.7244291258805347,defined,0.04763677074786024,sensitivity_only
id:x%3A0x1.0000000000000p%2B3,19,0.342,1.85944,1.9892230056883642,2.7244291258805347,defined,-0.04763677074786024,sensitivity_only
id:x%3A0x1.0000000000000p%2B3,20,0.36,1.8652,1.7354169943116358,2.7244291258805347,defined,0.04763677074786024,sensitivity_only
id:x%3A0x1.0000000000000p%2B3,21,0.378,1.87096,2.0007430056883644,2.7244291258805347,defined,-0.04763677074786024,sensitivity_only
id:x%3A0x1.0000000000000p%2B3,22,0.396,1.87672,1.7469369943116357,2.7244291258805347,defined,0.04763677074786024,sensitivity_only
id:x%3A0x1.0000000000000p%2B3,23,0.414,1.88248,2.0122630056883644,2.7244291258805347,defined,-0.04763677074786024,sensitivity_only
id:x%3A0x1.0000000000000p%2B3,24,0.432,1.88824,1.7584569943116357,2.7244291258805347,defined,0.04763677074786024,sensitivity_only
id:x%3A0x1.0000000000000p%2B3,25,0.45,1.8940000000000001,2.0237830056883643,2.7244291258805347,defined,-0.04763677074786024,sensitivity_only
id:x%3A0x1.0000000000000p%2B3,26,0.468,1.8997600000000001,1.769976994311636,2.7244291258805347,defined,0.04763677074786024,sensitivity_only
id:x%3A0x1.0000000000000p%2B3,27,0.486,1.90552,2.0353030056883643,2.7244291258805347,defined,-0.04763677074786024,sensitivity_only
id:x%3A0x1.0000000000000p%2B3,28,0.504,1.91128,1.7814969943116359,2.7244291258805347,defined,0.04763677074786024,sensitivity_only
id:x%3A0x1.0000000000000p%2B3,29,0.522,1.91704,2.0468230056883643,2.7244291258805347,defined,-0.04763677074786024,sensitivity_only
id:x%3A0x1.0000000000000p%2B3,30,0.54,1.9228,1.7930169943116359,2.7244291258805347,defined,0.04763677074786024,sensitivity_only
id:x%3A0x1.0000000000000p%2B3,31,0.558,1.92856,2.0583430056883643,2.7244291258805347,defined,-0.04763677074786024,sensitivity_only
id:x%3A0x1.0000000000000p%2B3,32,0.576,1.93432,1.8045369943116358,2.7244291258805347,defined,0.04763677074786024,sensitivity_only
id:x%3A0x1.0000000000000p%2B3,33,0.594,1.94008,2.0698630056883642,2.7244291258805347,defined,-0.04763677074786024,sensitivity_only
id:x%3A0x1.0000000000000p%2B3,34,0.612,1.94584,1.8160569943116358,2.7244291258805347,defined,0.04763677074786024,sensitivity_only
id:x%3A0x1.0000000000000p%2B3,35,0.63,1.9516,2.081383005688364,2.7244291258805347,defined,-0.04763677074786024,sensitivity_only
id:x%3A0x1.0000000000000p%2B3,36,0.648,1.95736,1.8275769943116358,2.7244291258805347,defined,0.04763677074786024,sensitivity_only
id:x%3A0x1.0000000000000p%2B3,37,0.666,1.96312,2.092903005688364,2.7244291258805347,defined,-0.04763677074786024,sensitivity_only
id:x%3A0x1.0000000000000p%2B3,38,0.684,1.96888,1.8390969943116358,2.7244291258805347,defined,0.04763677074786024,sensitivity_only
id:x%3A0x1.0000000000000p%2B3,39,0.702,1.97464,2.104423005688364,2.7244291258805347,defined,-0.04763677074786024,sensitivity_only
id:x%3A0x1.0000000000000p%2B3,40,0.72,1.9804,1.8506169943116357,2.7244291258805347,defined,0.04763677074786024,sensitivity_only
id:x%3A0x1.0000000000000p%2B3,41,0.738,1.98616,2.115943005688364,2.7244291258805347,defined,-0.04763677074786024,sensitivity_only
id:x%3A0x1.0000000000000p%2B3,42,0.756,1.99192,1.8621369943116357,2.7244291258805347,defined,0.04763677074786024,sensitivity_only
id:x%3A0x1.0000000000000p%2B3,43,0.774,1.99768,2.127463005688364,2.7244291258805347,defined,-0.04763677074786024,sensitivity_only
id:x%3A0x1.0000000000000p%2B3,44,0.792,2.00344,1.8736569943116357,2.7244291258805347,defined,0.04763677074786024,sensitivity_only
id:x%3A0x1.0000000000000p%2B3,45,0.81,2.0092,2.138983005688364,2.7244291258805347,defined,-0.04763677074786024,sensitivity_only
id:x%3A0x1.0000000000000p%2B3,46,0.828,2.01496,1.8851769943116357,2.7244291258805347,defined,0.04763677074786024,sensitivity_only
id:x%3A0x1.0000000000000p%2B3,47,0.846,2.02072,2.150503005688364,2.7244291258805347,defined,-0.04763677074786024,sensitivity_only
id:x%3A0x1.0000000000000p%2B3,48,0.864,2.02648,1.8966969943116356,2.7244291258805347,defined,0.04763677074786024,sensitivity_only
id:x%3A0x1.0000000000000p%2B3,49,0.882,2.03224,2.162023005688364,2.7244291258805347,defined,-0.04763677074786024,sensitivity_only
id:x%3A0x1.0000000000000p%2B3,50,0.9,2.0380000000000003,1.908216994311636,2.7244291258805347,defined,0.04763677074786024,sensitivity_only
id:x%3A0x1.0000000000000p%2B3,51,0.918,2.04376,2.173543005688364,2.7244291258805347,defined,-0.04763677074786024,sensitivity_only
id:x%3A0x1.0000000000000p%2B3,52,0.936,2.0495200000000002,1.919736994311636,2.7244291258805347,defined,0.04763677074786024,sensitivity_only
id:x%3A0x1.0000000000000p%2B3,53,0.954,2.0552799999999998,2.185063005688364,2.7244291258805347,defined,-0.04763677074786024,sensitivity_only
id:x%3A0x1.0000000000000p%2B3,54,0.972,2.06104,1.931256994311636,2.7244291258805347,defined,0.04763677074786024,sensitivity_only
id:x%3A0x1.0000000000000p%2B3,55,0.99,2.0668,2.1965830056883644,2.7244291258805347,defined,-0.04763677074786024,sensitivity_only
id:x%3A0x1.0000000000000p%2B3,56,1.0,2.07,1.9402169943116356,2.7244291258805347,defined,0.04763677074786024,sensitivity_only
id:x%3A0x1.0000000000000p%2B3,57,1.008,2.07256,2.2023430056883644,2.7244291258805347,defined,-0.04763677074786024,sensitivity_only
id:x%3A0x1.0000000000000p%2B3,58,1.026,2.07832,1.948536994311636,2.7244291258805347,defined,0.04763677074786024,sensitivity_only
id:x%3A0x1.0000000000000p%2B3,59,1.044,2.08408,2.2138630056883644,2.7244291258805347,defined,-0.04763677074786024,sensitivity_only
id:x%3A0x1.0000000000000p%2B3,60,1.062,2.08984,1.960056994311636,2.7244291258805347,defined,0.04763677074786024,sensitivity_only
id:x%3A0x1.0000000000000p%2B3,61,1.08,2.0956,2.2253830056883643,2.7244291258805347,defined,-0.04763677074786024,sensitivity_only
id:x%3A0x1.0000000000000p%2B3,62,1.098,2.10136,1.971576994311636,2.7244291258805347,defined,0.04763677074786024,sensitivity_only
id:x%3A0x1.0000000000000p%2B3,63,1.116,2.10712,2.2369030056883643,2.7244291258805347,defined,-0.04763677074786024,sensitivity_only
id:x%3A0x1.0000000000000p%2B3,64,1.134,2.11288,1.9830969943116359,2.7244291258805347,defined,0.04763677074786024,sensitivity_only
id:x%3A0x1.0000000000000p%2B3,65,1.152,2.11864,2.2484230056883643,2.7244291258805347,defined,-0.04763677074786024,sensitivity_only
id:x%3A0x1.0000000000000p%2B3,66,1.17,2.1244,1.9946169943116359,2.7244291258805347,defined,0.04763677074786024,sensitivity_only
id:x%3A0x1.0000000000000p%2B3,67,1.188,2.13016,2.2599430056883643,2.7244291258805347,defined,-0.04763677074786024,sensitivity_only
id:x%3A0x1.0000000000000p%2B3,68,1.206,2.13592,2.006136994311636,2.7244291258805347,defined,0.04763677074786024,sensitivity_only
id:x%3A0x1.0000000000000p%2B3,69,1.224,2.14168,2.2714630056883642,2.7244291258805347,defined,-0.04763677074786024,sensitivity_only
id:x%3A0x1.0000000000000p%2B3,70,1.242,2.14744,2.017656994311636,2.7244291258805347,defined,0.04763677074786024,sensitivity_only
id:x%3A0x1.0000000000000p%2B3,71,1.26,2.1532,2.282983005688364,2.7244291258805347,defined,-0.04763677074786024,sensitivity_only
id:x%3A0x1.0000000000000p%2B3,72,1.278,2.15896,2.029176994311636,2.7244291258805347,defined,0.04763677074786024,sensitivity_only
id:x%3A0x1.0000000000000p%2B3,73,1.296,2.16472,2.294503005688364,2.7244291258805347,defined,-0.04763677074786024,sensitivity_only
id:x%3A0x1.0000000000000p%2B3,74,1.314,2.17048,2.0406969943116358,2.7244291258805347,defined,0.04763677074786024,sensitivity_only
id:x%3A0x1.0000000000000p%2B3,75,1.332,2.17624,2.306023005688364,2.7244291258805347,defined,-0.04763677074786024,sensitivity_only
id:x%3A0x1.0000000000000p%2B3,76,1.35,2.182,2.0522169943116357,2.7244291258805347,defined,0.04763677074786024,sensitivity_only
id:x%3A0x1.0000000000000p%2B3,77,1.368,2.18776,2.317543005688364,2.7244291258805347,defined,-0.04763677074786024,sensitivity_only
id:x%3A0x1.0000000000000p%2B3,78,1.386,2.19352,2.0637369943116357,2.7244291258805347,defined,0.04763677074786024,sensitivity_only
id:x%3A0x1.0000000000000p%2B3,79,1.404,2.19928,2.329063005688364,2.7244291258805347,defined,-0.04763677074786024,sensitivity_only
id:x%3A0x1.0000000000000p%2B3,80,1.422,2.20504,2.0752569943116357,2.7244291258805347,defined,0.04763677074786024,sensitivity_only
id:x%3A0x1.0000000000000p%2B3,81,1.44,2.2108,2.340583005688364,2.7244291258805347,defined,-0.04763677074786024,sensitivity_only
id:x%3A0x1.0000000000000p%2B3,82,1.458,2.21656,2.0867769943116357,2.7244291258805347,defined,0.04763677074786024,sensitivity_only
id:x%3A0x1.0000000000000p%2B3,83,1.476,2.22232,2.352103005688364,2.7244291258805347,defined,-0.04763677074786024,sensitivity_only
id:x%3A0x1.0000000000000p%2B3,84,1.494,2.22808,2.0982969943116356,2.7244291258805347,defined,0.04763677074786024,sensitivity_only
id:x%3A0x1.0000000000000p%2B3,85,1.512,2.23384,2.363623005688364,2.724429125880535,defined,-0.04763677074786024,sensitivity_only
id:x%3A0x1.0000000000000p%2B3,86,1.53,2.2396000000000003,2.109816994311636,2.724429125880535,defined,0.04763677074786024,sensitivity_only
id:x%3A0x1.0000000000000p%2B3,87,1.548,2.24536,2.375143005688364,2.724429125880535,defined,-0.04763677074786024,sensitivity_only
id:x%3A0x1.0000000000000p%2B3,88,1.566,2.2511200000000002,2.121336994311636,2.724429125880535,defined,0.04763677074786024,sensitivity_only
id:x%3A0x1.0000000000000p%2B3,89,1.584,2.2568799999999998,2.386663005688364,2.724429125880535,defined,-0.04763677074786024,sensitivity_only
id:x%3A0x1.0000000000000p%2B3,90,1.602,2.26264,2.132856994311636,2.724429125880535,defined,0.04763677074786024,sensitivity_only
id:x%3A0x1.0000000000000p%2B3,91,1.62,2.2684,2.3981830056883644,2.724429125880535,defined,-0.04763677074786024,sensitivity_only
id:x%3A0x1.0000000000000p%2B3,92,1.638,2.27416,2.144376994311636,2.724429125880535,defined,0.04763677074786024,sensitivity_only
id:x%3A0x1.0000000000000p%2B3,93,1.656,2.2799199999999997,2.409703005688364,2.724429125880535,defined,-0.04763677074786024,sensitivity_only
id:x%3A0x1.0000000000000p%2B3,94,1.674,2.28568,2.155896994311636,2.724429125880535,defined,0.04763677074786024,sensitivity_only
id:x%3A0x1.0000000000000p%2B3,95,1.692,2.29144,2.4212230056883643,2.724429125880535,defined,-0.04763677074786024,sensitivity_only
id:x%3A0x1.0000000000000p%2B3,96,1.71,2.2972,2.167416994311636,2.724429125880535,defined,0.04763677074786024,sensitivity_only
id:x%3A0x1.0000000000000p%2B3,97,1.728,2.30296,2.4327430056883643,2.724429125880535,defined,-0.04763677074786024,sensitivity_only
id:x%3A0x1.0000000000000p%2B3,98,1.746,2.30872,2.178936994311636,2.724429125880535,defined,0.04763677074786024,sensitivity_only
id:x%3A0x1.0000000000000p%2B3,99,1.764,2.31448,2.4442630056883643,2.724429125880535,defined,-0.04763677074786024,sensitivity_only
id:x%3A0x1.0000000000000p%2B3,100,1.782,2.32024,2.190456994311636,2.724429125880535,defined,0.04763677074786024,sensitivity_only
id:x%3A0x1.0000000000000p%2B3,101,1.8,2.326,2.4557830056883643,2.724429125880535,defined,-0.04763677074786024,sensitivity_only
id:x%3A0x1.0000000000000p%2B3,102,1.818,2.33176,2.201976994311636,2.724429125880535,defined,0.04763677074786024,sensitivity_only
id:x%3A0x1.0000000000000p%2B3,103,1.836,2.33752,2.4673030056883642,2.724429125880535,defined,-0.04763677074786024,sensitivity_only
id:x%3A0x1.0000000000000p%2B3,104,1.854,2.34328,2.213496994311636,2.724429125880535,defined,0.04763677074786024,sensitivity_only
id:x%3A0x1.0000000000000p%2B3,105,1.872,2.34904,2.4788230056883642,2.724429125880535,defined,-0.04763677074786024,sensitivity_only
id:x%3A0x1.0000000000000p%2B3,106,1.89,2.3548,2.225016994311636,2.724429125880535,defined,0.04763677074786024,sensitivity_only
id:x%3A0x1.0000000000000p%2B3,107,1.908,2.36056,2.490343005688364,2.724429125880535,defined,-0.04763677074786024,sensitivity_only
id:x%3A0x1.0000000000000p%2B3,108,1.926,2.36632,2.2365369943116358,2.724429125880535,defined,0.04763677074786024,sensitivity_only
id:x%3A0x1.0000000000000p%2B3,109,1.944,2.37208,2.501863005688364,2.724429125880535,defined,-0.04763677074786024,sensitivity_only
id:x%3A0x1.0000000000000p%2B3,110,1.962,2.37784,2.2480569943116357,2.724429125880535,defined,0.04763677074786024,sensitivity_only
id:x%3A0x1.0000000000000p%2B3,111,1.98,2.3836,2.513383005688364,2.724429125880535,defined,-0.04763677074786024,sensitivity_only
id:x%3A0x1.0000000000000p%2B3,112,1.998,2.38936,2.2595769943116357,2.724429125880535,defined,0.04763677074786024,sensitivity_only
id:x%3A0x1.0000000000000p%2B3,113,2.0,2.39,2.5197830056883643,2.724429125880535,defined,-0.04763677074786024,sensitivity_only
id:x%3A0x1.0000000000000p%2B3,114,2.016,2.39512,2.2653369943116357,2.724429125880535,defined,0.04763677074786024,sensitivity_only
id:x%3A0x1.0000000000000p%2B3,115,2.034,2.40088,2.530663005688364,2.724429125880535,defined,-0.04763677074786024,sensitivity_only
id:x%3A0x1.0000000000000p%2B3,116,2.052,2.40664,2.2768569943116357,2.724429125880535,defined,0.04763677074786024,sensitivity_only
id:x%3A0x1.0000000000000p%2B3,117,2.07,2.4124,2.542183005688364,2.724429125880535,defined,-0.04763677074786024,sensitivity_only
id:x%3A0x1.0000000000000p%2B3,118,2.088,2.4181600000000003,2.288376994311636,2.724429125880535,defined,0.04763677074786024,sensitivity_only
id:x%3A0x1.0000000000000p%2B3,119,2.106,2.42392,2.553703005688364,2.724429125880535,defined,-0.04763677074786024,sensitivity_only
id:x%3A0x1.0000000000000p%2B3,120,2.124,2.4296800000000003,2.299896994311636,2.724429125880535,defined,0.04763677074786024,sensitivity_only
id:x%3A0x1.0000000000000p%2B3,121,2.142,2.43544,2.565223005688364,2.724429125880535,defined,-0.04763677074786024,sensitivity_only
id:x%3A0x1.0000000000000p%2B3,122,2.16,2.4412000000000003,2.311416994311636,2.724429125880535,defined,0.04763677074786024,sensitivity_only
id:x%3A0x1.0000000000000p%2B3,123,2.178,2.44696,2.576743005688364,2.724429125880535,defined,-0.04763677074786024,sensitivity_only
id:x%3A0x1.0000000000000p%2B3,124,2.196,2.4527200000000002,2.322936994311636,2.724429125880535,defined,0.04763677074786024,sensitivity_only
id:x%3A0x1.0000000000000p%2B3,125,2.214,2.4584799999999998,2.588263005688364,2.724429125880535,defined,-0.04763677074786024,sensitivity_only
id:x%3A0x1.0000000000000p%2B3,126,2.232,2.46424,2.334456994311636,2.724429125880535,defined,0.04763677074786024,sensitivity_only
id:x%3A0x1.0000000000000p%2B3,127,2.25,2.4699999999999998,2.599783005688364,2.724429125880535,defined,-0.04763677074786024,sensitivity_only
id:x%3A0x1.0000000000000p%2B3,128,2.268,2.47576,2.345976994311636,2.724429125880535,defined,0.04763677074786024,sensitivity_only
id:x%3A0x1.0000000000000p%2B3,129,2.286,2.48152,2.6113030056883644,2.724429125880535,defined,-0.04763677074786024,sensitivity_only
id:x%3A0x1.0000000000000p%2B3,130,2.304,2.48728,2.357496994311636,2.724429125880535,defined,0.04763677074786024,sensitivity_only
id:x%3A0x1.0000000000000p%2B3,131,2.322,2.49304,2.6228230056883644,2.724429125880535,defined,-0.04763677074786024,sensitivity_only
id:x%3A0x1.0000000000000p%2B3,132,2.34,2.4988,2.369016994311636,2.724429125880535,defined,0.04763677074786024,sensitivity_only
id:x%3A0x1.0000000000000p%2B3,133,2.358,2.50456,2.6343430056883643,2.724429125880535,defined,-0.04763677074786024,sensitivity_only
id:x%3A0x1.0000000000000p%2B3,134,2.376,2.51032,2.380536994311636,2.724429125880535,defined,0.04763677074786024,sensitivity_only
id:x%3A0x1.0000000000000p%2B3,135,2.394,2.51608,2.6458630056883643,2.724429125880535,defined,-0.04763677074786024,sensitivity_only
id:x%3A0x1.0000000000000p%2B3,136,2.412,2.52184,2.392056994311636,2.724429125880535,defined,0.04763677074786024,sensitivity_only
id:x%3A0x1.0000000000000p%2B3,137,2.43,2.5276,2.6573830056883643,2.724429125880535,defined,-0.04763677074786024,sensitivity_only
id:x%3A0x1.0000000000000p%2B3,138,2.448,2.53336,2.403576994311636,2.724429125880535,defined,0.04763677074786024,sensitivity_only
id:x%3A0x1.0000000000000p%2B3,139,2.466,2.53912,2.6689030056883642,2.724429125880535,defined,-0.04763677074786024,sensitivity_only
id:x%3A0x1.0000000000000p%2B3,140,2.484,2.54488,2.415096994311636,2.724429125880535,defined,0.04763677074786024,sensitivity_only
id:x%3A0x1.0000000000000p%2B3,141,2.502,2.55064,2.634998953697437,1.7708789318223472,defined,-0.04763677074786024,sensitivity_only
id:x%3A0x1.0000000000000p%2B3,142,2.52,2.5564,2.472041046302563,1.7708789318223472,defined,0.04763677074786024,sensitivity_only
id:x%3A0x1.0000000000000p%2B3,143,2.538,2.56216,2.646518953697437,1.7708789318223472,defined,-0.04763677074786024,sensitivity_only
id:x%3A0x1.0000000000000p%2B3,144,2.556,2.56792,2.483561046302563,1.7708789318223472,defined,0.04763677074786024,sensitivity_only
id:x%3A0x1.0000000000000p%2B3,145,2.574,2.57368,2.658038953697437,1.7708789318223472,defined,-0.04763677074786024,sensitivity_only
id:x%3A0x1.0000000000000p%2B3,146,2.592,2.57944,2.495081046302563,1.7708789318223472,defined,0.04763677074786024,sensitivity_only
id:x%3A0x1.0000000000000p%2B3,147,2.61,2.5852,2.669558953697437,1.7708789318223472,defined,-0.04763677074786024,sensitivity_only
id:x%3A0x1.0000000000000p%2B3,148,2.628,2.59096,2.506601046302563,1.7708789318223472,defined,0.04763677074786024,sensitivity_only
id:x%3A0x1.0000000000000p%2B3,149,2.646,2.59672,2.681078953697437,1.7708789318223472,defined,-0.04763677074786024,sensitivity_only
id:x%3A0x1.0000000000000p%2B3,150,2.664,2.60248,2.518121046302563,1.7708789318223472,defined,0.04763677074786024,sensitivity_only
id:x%3A0x1.0000000000000p%2B3,151,2.682,2.60824,2.692598953697437,1.7708789318223472,defined,-0.04763677074786024,sensitivity_only
id:x%3A0x1.0000000000000p%2B3,152,2.7,2.614,2.529641046302563,1.7708789318223472,defined,0.04763677074786024,sensitivity_only
id:x%3A0x1.0000000000000p%2B3,153,2.718,2.61976,2.704118953697437,1.7708789318223472,defined,-0.04763677074786024,sensitivity_only
id:x%3A0x1.0000000000000p%2B3,154,2.736,2.62552,2.541161046302563,1.7708789318223472,defined,0.04763677074786024,sensitivity_only
id:x%3A0x1.0000000000000p%2B3,155,2.754,2.6312800000000003,2.7156389536974372,1.7708789318223472,defined,-0.04763677074786024,sensitivity_only
id:x%3A0x1.0000000000000p%2B3,156,2.772,2.63704,2.552681046302563,1.7708789318223472,defined,0.04763677074786024,sensitivity_only
id:x%3A0x1.0000000000000p%2B3,157,2.79,2.6428000000000003,2.727158953697437,1.7708789318223472,defined,-0.04763677074786024,sensitivity_only
id:x%3A0x1.0000000000000p%2B3,158,2.808,2.64856,2.564201046302563,1.7708789318223472,defined,0.04763677074786024,sensitivity_only
id:x%3A0x1.0000000000000p%2B3,159,2.826,2.6543200000000002,2.738678953697437,1.7708789318223472,defined,-0.04763677074786024,sensitivity_only
id:x%3A0x1.0000000000000p%2B3,160,2.844,2.66008,2.575721046302563,1.7708789318223472,defined,0.04763677074786024,sensitivity_only
id:x%3A0x1.0000000000000p%2B3,161,2.862,2.66584,2.750198953697437,1.7708789318223472,defined,-0.04763677074786024,sensitivity_only
id:x%3A0x1.0000000000000p%2B3,162,2.88,2.6715999999999998,2.587241046302563,1.7708789318223472,defined,0.04763677074786024,sensitivity_only
id:x%3A0x1.0000000000000p%2B3,163,2.898,2.67736,2.761718953697437,1.7708789318223472,defined,-0.04763677074786024,sensitivity_only
id:x%3A0x1.0000000000000p%2B3,164,2.916,2.6831199999999997,2.5987610463025628,1.7708789318223472,defined,0.04763677074786024,sensitivity_only
id:x%3A0x1.0000000000000p%2B3,165,2.934,2.68888,2.773238953697437,1.7708789318223472,defined,-0.04763677074786024,sensitivity_only
id:x%3A0x1.0000000000000p%2B3,166,2.952,2.69464,2.610281046302563,1.7708789318223472,defined,0.04763677074786024,sensitivity_only
id:x%3A0x1.0000000000000p%2B3,167,2.97,2.7004,2.784758953697437,1.7708789318223472,defined,-0.04763677074786024,sensitivity_only
id:x%3A0x1.0000000000000p%2B3,168,2.988,2.70616,2.621801046302563,1.7708789318223472,defined,0.04763677074786024,sensitivity_only
id:x%3A0x1.0000000000000p%2B3,169,3.0,2.71,2.794358953697437,1.7708789318223472,defined,-0.04763677074786024,sensitivity_only
id:x%3A0x1.0000000000000p%2B3,170,3.006,2.71192,2.627561046302563,1.7708789318223472,defined,0.04763677074786024,sensitivity_only
id:x%3A0x1.0000000000000p%2B3,171,3.024,2.71768,2.802038953697437,1.7708789318223472,defined,-0.04763677074786024,sensitivity_only
id:x%3A0x1.0000000000000p%2B3,172,3.042,2.72344,2.639081046302563,1.7708789318223472,defined,0.04763677074786024,sensitivity_only
id:x%3A0x1.0000000000000p%2B3,173,3.06,2.7292,2.813558953697437,1.7708789318223472,defined,-0.04763677074786024,sensitivity_only
id:x%3A0x1.0000000000000p%2B3,174,3.078,2.73496,2.650601046302563,1.7708789318223472,defined,0.04763677074786024,sensitivity_only
id:x%3A0x1.0000000000000p%2B3,175,3.096,2.74072,2.825078953697437,1.7708789318223472,defined,-0.04763677074786024,sensitivity_only
id:x%3A0x1.0000000000000p%2B3,176,3.114,2.74648,2.662121046302563,1.7708789318223472,defined,0.04763677074786024,sensitivity_only
id:x%3A0x1.0000000000000p%2B3,177,3.132,2.75224,2.836598953697437,1.7708789318223472,defined,-0.04763677074786024,sensitivity_only
id:x%3A0x1.0000000000000p%2B3,178,3.15,2.758,2.673641046302563,1.7708789318223472,defined,0.04763677074786024,sensitivity_only
id:x%3A0x1.0000000000000p%2B3,179,3.168,2.76376,2.848118953697437,1.7708789318223472,defined,-0.04763677074786024,sensitivity_only
id:x%3A0x1.0000000000000p%2B3,180,3.186,2.76952,2.685161046302563,1.7708789318223472,defined,0.04763677074786024,sensitivity_only
id:x%3A0x1.0000000000000p%2B3,181,3.204,2.77528,2.859638953697437,1.7708789318223472,defined,-0.04763677074786024,sensitivity_only
id:x%3A0x1.0000000000000p%2B3,182,3.222,2.78104,2.696681046302563,1.7708789318223472,defined,0.04763677074786024,sensitivity_only
id:x%3A0x1.0000000000000p%2B3,183,3.24,2.7868000000000004,2.8711589536974373,1.7708789318223472,defined,-0.04763677074786024,sensitivity_only
id:x%3A0x1.0000000000000p%2B3,184,3.258,2.79256,2.708201046302563,1.7708789318223472,defined,0.04763677074786024,sensitivity_only
id:x%3A0x1.0000000000000p%2B3,185,3.276,2.79832,2.882678953697437,1.7708789318223472,defined,-0.04763677074786024,sensitivity_only
id:x%3A0x1.0000000000000p%2B3,186,3.294,2.80408,2.719721046302563,1.7708789318223472,defined,0.04763677074786024,sensitivity_only
id:x%3A0x1.0000000000000p%2B3,187,3.312,2.80984,2.894198953697437,1.7708789318223472,defined,-0.04763677074786024,sensitivity_only
id:x%3A0x1.0000000000000p%2B3,188,3.33,2.8156,2.731241046302563,1.7708789318223472,defined,0.04763677074786024,sensitivity_only
id:x%3A0x1.0000000000000p%2B3,189,3.348,2.8213600000000003,2.9057189536974373,1.7708789318223472,defined,-0.04763677074786024,sensitivity_only
id:x%3A0x1.0000000000000p%2B3,190,3.366,2.82712,2.742761046302563,1.7708789318223472,defined,0.04763677074786024,sensitivity_only
id:x%3A0x1.0000000000000p%2B3,191,3.384,2.8328800000000003,2.9172389536974372,1.7708789318223472,defined,-0.04763677074786024,sensitivity_only
id:x%3A0x1.0000000000000p%2B3,192,3.402,2.83864,2.754281046302563,1.7708789318223472,defined,0.04763677074786024,sensitivity_only
id:x%3A0x1.0000000000000p%2B3,193,3.42,2.8444000000000003,2.928758953697437,1.7708789318223472,defined,-0.04763677074786024,sensitivity_only
id:x%3A0x1.0000000000000p%2B3,194,3.438,2.85016,2.765801046302563,1.7708789318223472,defined,0.04763677074786024,sensitivity_only
id:x%3A0x1.0000000000000p%2B3,195,3.456,2.8559200000000002,2.940278953697437,1.7708789318223472,defined,-0.04763677074786024,sensitivity_only
id:x%3A0x1.0000000000000p%2B3,196,3.474,2.86168,2.777321046302563,1.7708789318223472,defined,0.04763677074786024,sensitivity_only
id:x%3A0x1.0000000000000p%2B3,197,3.492,2.86744,2.951798953697437,1.7708789318223472,defined,-0.04763677074786024,sensitivity_only
id:x%3A0x1.0000000000000p%2B3,198,3.5,2.87,2.785641046302563,1.7708789318223472,defined,0.04763677074786024,sensitivity_only
id:x%3A0x1.0000000000000p%2B3,199,3.51,2.8798,3.0160721559727826,2.8606505821745607,defined,-0.04763677074786024,sensitivity_only
id:x%3A0x1.0000000000000p%2B3,200,3.528,2.89744,2.7611678440272174,2.8606505821745607,defined,0.04763677074786024,sensitivity_only
id:x%3A0x1.0000000000000p%2B3,201,3.546,2.91508,3.0513521559727828,2.8606505821745607,defined,-0.04763677074786024,sensitivity_only
id:x%3A0x1.0000000000000p%2B3,202,3.564,2.93272,2.7964478440272176,2.8606505821745607,defined,0.04763677074786024,sensitivity_only
id:x%3A0x1.0000000000000p%2B3,203,3.582,2.95036,3.0866321559727825,2.8606505821745607,defined,-0.04763677074786024,sensitivity_only
id:x%3A0x1.0000000000000p%2B3,204,3.6,2.968,2.8317278440272173,2.8606505821745607,defined,0.04763677074786024,sensitivity_only
id:x%3A0x1.0000000000000p%2B3,205,3.618,2.98564,3.1219121559727827,2.8606505821745607,defined,-0.04763677074786024,sensitivity_only
id:x%3A0x1.0000000000000p%2B3,206,3.636,3.00328,2.8670078440272175,2.8606505821745607,defined,0.04763677074786024,sensitivity_only
id:x%3A0x1.0000000000000p%2B3,207,3.654,3.02092,3.1571921559727825,2.8606505821745607,defined,-0.04763677074786024,sensitivity_only
id:x%3A0x1.0000000000000p%2B3,208,3.672,3.0385600000000004,2.9022878440272177,2.8606505821745607,defined,0.04763677074786024,sensitivity_only
id:x%3A0x1.0000000000000p%2B3,209,3.69,3.0562,3.1924721559727827,2.8606505821745607,defined,-0.04763677074786024,sensitivity_only
id:x%3A0x1.0000000000000p%2B3,210,3.708,3.07384,2.9375678440272175,2.8606505821745607,defined,0.04763677074786024,sensitivity_only
id:x%3A0x1.0000000000000p%2B3,211,3.726,3.0914800000000002,3.227752155972783,2.8606505821745607,defined,-0.04763677074786024,sensitivity_only
id:x%3A0x1.0000000000000p%2B3,212,3.744,3.1091200000000003,2.9728478440272177,2.8606505821745607,defined,0.04763677074786024,sensitivity_only
id:x%3A0x1.0000000000000p%2B3,213,3.762,3.12676,3.2630321559727826,2.8606505821745607,defined,-0.04763677074786024,sensitivity_only
id:x%3A0x1.0000000000000p%2B3,214,3.78,3.1444,3.0081278440272174,2.8606505821745607,defined,0.04763677074786024,sensitivity_only
id:x%3A0x1.0000000000000p%2B3,215,3.798,3.16204,3.298312155972783,2.8606505821745607,defined,-0.04763677074786024,sensitivity_only
id:x%3A0x1.0000000000000p%2B3,216,3.816,3.17968,3.043407844027217,2.8606505821745607,defined,0.04763677074786024,sensitivity_only
id:x%3A0x1.0000000000000p%2B3,217,3.834,3.1973200000000004,3.333592155972783,2.8606505821745607,defined,-0.04763677074786024,sensitivity_only
id:x%3A0x1.0000000000000p%2B3,218,3.852,3.21496,3.0786878440272174,2.8606505821745607,defined,0.04763677074786024,sensitivity_only
id:x%3A0x1.0000000000000p%2B3,219,3.87,3.2326,3.368872155972783,2.8606505821745607,defined,-0.04763677074786024,sensitivity_only
id:x%3A0x1.0000000000000p%2B3,220,3.888,3.25024,3.113967844027217,2.8606505821745607,defined,0.04763677074786024,sensitivity_only
id:x%3A0x1.0000000000000p%2B3,221,3.906,3.2678800000000003,3.404152155972783,2.8606505821745607,defined,-0.04763677074786024,sensitivity_only
id:x%3A0x1.0000000000000p%2B3,222,3.924,3.28552,3.1492478440272174,2.8606505821745607,defined,0.04763677074786024,sensitivity_only
id:x%3A0x1.0000000000000p%2B3,223,3.942,3.30316,3.4394321559727827,2.8606505821745607,defined,-0.04763677074786024,sensitivity_only
id:x%3A0x1.0000000000000p%2B3,224,3.96,3.3208,3.1845278440272176,2.8606505821745607,defined,0.04763677074786024,sensitivity_only
id:x%3A0x1.0000000000000p%2B3,225,3.978,3.3384400000000003,3.474712155972783,2.8606505821745607,defined,-0.04763677074786024,sensitivity_only
id:x%3A0x1.0000000000000p%2B3,226,3.996,3.35608,3.2198078440272173,2.8606505821745607,defined,0.04763677074786024,sensitivity_only
id:x%3A0x1.0000000000000p%2B3,227,4.0,3.3600000000000003,3.496272155972783,2.8606505821745607,defined,-0.04763677074786024,sensitivity_only
id:x%3A0x1.0000000000000p%2B3,228,4.014,3.3737200000000005,3.237447844027218,2.8606505821745607,defined,0.04763677074786024,sensitivity_only
id:x%3A0x1.0000000000000p%2B3,229,4.032,3.39136,3.527632155972783,2.8606505821745607,defined,-0.04763677074786024,sensitivity_only
id:x%3A0x1.0000000000000p%2B3,230,4.05,3.409,3.272727844027217,2.8606505821745607,defined,0.04763677074786024,sensitivity_only
id:x%3A0x1.0000000000000p%2B3,231,4.068,3.42664,3.5629121559727825,2.8606505821745607,defined,-0.04763677074786024,sensitivity_only
id:x%3A0x1.0000000000000p%2B3,232,4.086,3.4442800000000005,3.308007844027218,2.8606505821745607,defined,0.04763677074786024,sensitivity_only
id:x%3A0x1.0000000000000p%2B3,233,4.104,3.46192,3.5981921559727827,2.8606505821745607,defined,-0.04763677074786024,sensitivity_only
id:x%3A0x1.0000000000000p%2B3,234,4.122,3.47956,3.3432878440272176,2.8606505821745607,defined,0.04763677074786024,sensitivity_only
id:x%3A0x1.0000000000000p%2B3,235,4.14,3.4972,3.6334721559727825,2.8606505821745607,defined,-0.04763677074786024,sensitivity_only
id:x%3A0x1.0000000000000p%2B3,236,4.158,3.5148400000000004,3.3785678440272178,2.8606505821745607,defined,0.04763677074786024,sensitivity_only
id:x%3A0x1.0000000000000p%2B3,237,4.176,3.5324800000000005,3.668752155972783,2.8606505821745607,defined,-0.04763677074786024,sensitivity_only
id:x%3A0x1.0000000000000p%2B3,238,4.194,3.55012,3.4138478440272175,2.8606505821745607,defined,0.04763677074786024,sensitivity_only
id:x%3A0x1.0000000000000p%2B3,239,4.212,3.56776,3.7040321559727825,2.8606505821745607,defined,-0.04763677074786024,sensitivity_only
id:x%3A0x1.0000000000000p%2B3,240,4.23,3.5854000000000004,3.4491278440272177,2.8606505821745607,defined,0.04763677074786024,sensitivity_only
id:x%3A0x1.0000000000000p%2B3,241,4.248,3.6030400000000005,3.739312155972783,2.8606505821745607,defined,-0.04763677074786024,sensitivity_only
id:x%3A0x1.0000000000000p%2B3,242,4.266,3.62068,3.4844078440272175,2.8606505821745607,defined,0.04763677074786024,sensitivity_only
id:x%3A0x1.0000000000000p%2B3,243,4.284,3.6383199999999998,3.7745921559727824,2.8606505821745607,defined,-0.04763677074786024,sensitivity_only
id:x%3A0x1.0000000000000p%2B3,244,4.302,3.6559599999999994,3.519687844027217,2.8606505821745607,defined,0.04763677074786024,sensitivity_only
id:x%3A0x1.0000000000000p%2B3,245,4.32,3.6736000000000004,3.809872155972783,2.8606505821745607,defined,-0.04763677074786024,sensitivity_only
id:x%3A0x1.0000000000000p%2B3,246,4.338,3.69124,3.5549678440272174,2.8606505821745607,defined,0.04763677074786024,sensitivity_only
id:x%3A0x1.0000000000000p%2B3,247,4.356,3.7088799999999997,3.8451521559727824,2.8606505821745607,defined,-0.04763677074786024,sensitivity_only
id:x%3A0x1.0000000000000p%2B3,248,4.374,3.72652,3.590247844027217,2.8606505821745607,defined,0.04763677074786024,sensitivity_only
id:x%3A0x1.0000000000000p%2B3,249,4.392,3.7441600000000004,3.880432155972783,2.8606505821745607,defined,-0.04763677074786024,sensitivity_only
id:x%3A0x1.0000000000000p%2B3,250,4.41,3.7618,3.6255278440272174,2.8606505821745607,defined,0.04763677074786024,sensitivity_only
id:x%3A0x1.0000000000000p%2B3,251,4.428,3.77944,3.9157121559727828,2.8606505821745607,defined,-0.04763677074786024,sensitivity_only
id:x%3A0x1.0000000000000p%2B3,252,4.446,3.79708,3.660807844027217,2.8606505821745607,defined,0.04763677074786024,sensitivity_only
id:x%3A0x1.0000000000000p%2B3,253,4.464,3.8147200000000003,3.950992155972783,2.8606505821745607,defined,-0.04763677074786024,sensitivity_only
id:x%3A0x1.0000000000000p%2B3,254,4.482,3.8323600000000004,3.696087844027218,2.8606505821745607,defined,0.04763677074786024,sensitivity_only
id:x%3A0x1.0000000000000p%2B3,255,4.5,3.85,3.9862721559727827,2.8606505821745607,defined,-0.04763677074786024,sensitivity_only
id:x%3A0x1.0000000000000p%2B3,256,4.518,3.8676399999999997,3.7378569943116355,2.724429125880535,defined,0.04763677074786024,sensitivity_only
id:x%3A0x1.0000000000000p%2B3,257,4.536,3.88528,4.015063005688364,2.724429125880535,defined,-0.04763677074786024,sensitivity_only
id:x%3A0x1.0000000000000p%2B3,258,4.554,3.9029200000000004,3.773136994311636,2.724429125880535,defined,0.04763677074786024,sensitivity_only
id:x%3A0x1.0000000000000p%2B3,259,4.572,3.92056,4.050343005688364,2.724429125880535,defined,-0.04763677074786024,sensitivity_only
id:x%3A0x1.0000000000000p%2B3,260,4.59,3.9382,3.808416994311636,2.724429125880535,defined,0.04763677074786024,sensitivity_only
id:x%3A0x1.0000000000000p%2B3,261,4.608,3.95584,4.0856230056883645,2.724429125880535,defined,-0.04763677074786024,sensitivity_only
id:x%3A0x1.0000000000000p%2B3,262,4.626,3.9734800000000003,3.843696994311636,2.724429125880535,defined,0.04763677074786024,sensitivity_only
id:x%3A0x1.0000000000000p%2B3,263,4.644,3.9911200000000004,4.120903005688365,2.724429125880535,defined,-0.04763677074786024,sensitivity_only
id:x%3A0x1.0000000000000p%2B3,264,4.662,4.0087600000000005,3.8789769943116363,2.724429125880535,defined,0.04763677074786024,sensitivity_only
id:x%3A0x1.0000000000000p%2B3,265,4.68,4.0264,4.156183005688364,2.724429125880535,defined,-0.04763677074786024,sensitivity_only
id:x%3A0x1.0000000000000p%2B3,266,4.698,4.044040000000001,3.9142569943116365,2.724429125880535,defined,0.04763677074786024,sensitivity_only
id:x%3A0x1.0000000000000p%2B3,267,4.716,4.06168,4.191463005688364,2.724429125880535,defined,-0.04763677074786024,sensitivity_only
id:x%3A0x1.0000000000000p%2B3,268,4.734,4.07932,3.949536994311636,2.724429125880535,defined,0.04763677074786024,sensitivity_only
id:x%3A0x1.0000000000000p%2B3,269,4.752,4.09696,4.226743005688364,2.724429125880535,defined,-0.04763677074786024,sensitivity_only
id:x%3A0x1.0000000000000p%2B3,270,4.77,4.114599999999999,3.984816994311635,2.724429125880535,defined,0.04763677074786024,sensitivity_only
id:x%3A0x1.0000000000000p%2B3,271,4.788,4.13224,4.262023005688365,2.724429125880535,defined,-0.04763677074786024,sensitivity_only
id:x%3A0x1.0000000000000p%2B3,272,4.806,4.1498800000000005,4.020096994311636,2.724429125880535,defined,0.04763677074786024,sensitivity_only
id:x%3A0x1.0000000000000p%2B3,273,4.824,4.16752,4.297303005688364,2.724429125880535,defined,-0.04763677074786024,sensitivity_only
id:x%3A0x1.0000000000000p%2B3,274,4.842,4.18516,4.055376994311636,2.724429125880535,defined,0.04763677074786024,sensitivity_only
id:x%3A0x1.0000000000000p%2B3,275,4.86,4.2028,4.332583005688364,2.724429125880535,defined,-0.04763677074786024,sensitivity_only
id:x%3A0x1.0000000000000p%2B3,276,4.878,4.22044,4.090656994311636,2.724429125880535,defined,0.04763677074786024,sensitivity_only
id:x%3A0x1.0000000000000p%2B3,277,4.896,4.23808,4.367863005688364,2.724429125880535,defined,-0.04763677074786024,sensitivity_only
id:x%3A0x1.0000000000000p%2B3,278,4.914,4.25572,4.125936994311636,2.724429125880535,defined,0.04763677074786024,sensitivity_only
id:x%3A0x1.0000000000000p%2B3,279,4.932,4.27336,4.4031430056883645,2.724429125880535,defined,-0.04763677074786024,sensitivity_only
id:x%3A0x1.0000000000000p%2B3,280,4.95,4.291,4.161216994311636,2.724429125880535,defined,0.04763677074786024,sensitivity_only
id:x%3A0x1.0000000000000p%2B3,281,4.968,4.3086400000000005,4.438423005688365,2.724429125880535,defined,-0.04763677074786024,sensitivity_only
id:x%3A0x1.0000000000000p%2B3,282,4.986,4.32628,4.1964969943116355,2.724429125880535,defined,0.04763677074786024,sensitivity_only
id:x%3A0x1.0000000000000p%2B3,283,5.0,4.34,4.469783005688364,2.724429125880535,defined,-0.04763677074786024,sensitivity_only
id:x%3A0x1.0000000000000p%2B3,284,5.004,4.34392,4.214136994311636,2.724429125880535,defined,0.04763677074786024,sensitivity_only
id:x%3A0x1.0000000000000p%2B3,285,5.022,4.361560000000001,4.491343005688365,2.724429125880535,defined,-0.04763677074786024,sensitivity_only
id:x%3A0x1.0000000000000p%2B3,286,5.04,4.3792,4.249416994311636,2.724429125880535,defined,0.04763677074786024,sensitivity_only
id:x%3A0x1.0000000000000p%2B3,287,5.058,4.39684,4.526623005688364,2.724429125880535,defined,-0.04763677074786024,sensitivity_only
id:x%3A0x1.0000000000000p%2B3,288,5.076,4.414479999999999,4.284696994311635,2.724429125880535,defined,0.04763677074786024,sensitivity_only
id:x%3A0x1.0000000000000p%2B3,289,5.094,4.43212,4.5619030056883645,2.724429125880535,defined,-0.04763677074786024,sensitivity_only
id:x%3A0x1.0000000000000p%2B3,290,5.112,4.44976,4.319976994311636,2.724429125880535,defined,0.04763677074786024,sensitivity_only
id:x%3A0x1.0000000000000p%2B3,291,5.13,4.4674,4.597183005688364,2.724429125880535,defined,-0.04763677074786024,sensitivity_only
id:x%3A0x1.0000000000000p%2B3,292,5.148,4.48504,4.3552569943116355,2.724429125880535,defined,0.04763677074786024,sensitivity_only
id:x%3A0x1.0000000000000p%2B3,293,5.166,4.502680000000001,4.632463005688365,2.724429125880535,defined,-0.04763677074786024,sensitivity_only
id:x%3A0x1.0000000000000p%2B3,294,5.184,4.52032,4.390536994311636,2.724429125880535,defined,0.04763677074786024,sensitivity_only
id:x%3A0x1.0000000000000p%2B3,295,5.202,4.53796,4.667743005688364,2.724429125880535,defined,-0.04763677074786024,sensitivity_only
id:x%3A0x1.0000000000000p%2B3,296,5.22,4.5556,4.425816994311636,2.724429125880535,defined,0.04763677074786024,sensitivity_only
id:x%3A0x1.0000000000000p%2B3,297,5.238,4.57324,4.703023005688364,2.724429125880535,defined,-0.04763677074786024,sensitivity_only
id:x%3A0x1.0000000000000p%2B3,298,5.256,4.59088,4.461096994311636,2.724429125880535,defined,0.04763677074786024,sensitivity_only
id:x%3A0x1.0000000000000p%2B3,299,5.274,4.60852,4.738303005688365,2.724429125880535,defined,-0.04763677074786024,sensitivity_only
id:x%3A0x1.0000000000000p%2B3,300,5.292,4.62616,4.496376994311635,2.724429125880535,defined,0.04763677074786024,sensitivity_only
id:x%3A0x1.0000000000000p%2B3,301,5.31,4.6438,4.773583005688364,2.724429125880535,defined,-0.04763677074786024,sensitivity_only
id:x%3A0x1.0000000000000p%2B3,302,5.328,4.661440000000001,4.5316569943116365,2.724429125880535,defined,0.04763677074786024,sensitivity_only
id:x%3A0x1.0000000000000p%2B3,303,5.346,4.67908,4.808863005688364,2.724429125880535,defined,-0.04763677074786024,sensitivity_only
id:x%3A0x1.0000000000000p%2B3,304,5.364,4.69672,4.566936994311636,2.724429125880535,defined,0.04763677074786024,sensitivity_only
id:x%3A0x1.0000000000000p%2B3,305,5.382,4.714359999999999,4.844143005688363,2.724429125880535,defined,-0.04763677074786024,sensitivity_only
id:x%3A0x1.0000000000000p%2B3,306,5.4,4.732,4.602216994311636,2.724429125880535,defined,0.04763677074786024,sensitivity_only
id:x%3A0x1.0000000000000p%2B3,307,5.418,4.74964,4.8794230056883645,2.724429125880535,defined,-0.04763677074786024,sensitivity_only
id:x%3A0x1.0000000000000p%2B3,308,5.436,4.7672799999999995,4.637496994311635,2.724429125880535,defined,0.04763677074786024,sensitivity_only
id:x%3A0x1.0000000000000p%2B3,309,5.454,4.78492,4.914703005688364,2.724429125880535,defined,-0.04763677074786024,sensitivity_only
id:x%3A0x1.0000000000000p%2B3,310,5.472,4.802560000000001,4.672776994311636,2.724429125880535,defined,0.04763677074786024,sensitivity_only
id:x%3A0x1.0000000000000p%2B3,311,5.49,4.8202,4.949983005688364,2.724429125880535,defined,-0.04763677074786024,sensitivity_only
id:x%3A0x1.0000000000000p%2B3,312,5.508,4.83784,4.708056994311636,2.7244291258805333,defined,0.04763677074786024,sensitivity_only
id:x%3A0x1.0000000000000p%2B3,313,5.526,4.85548,4.985263005688364,2.7244291258805333,defined,-0.04763677074786024,sensitivity_only
id:x%3A0x1.0000000000000p%2B3,314,5.544,4.87312,4.743336994311636,2.7244291258805333,defined,0.04763677074786024,sensitivity_only
id:x%3A0x1.0000000000000p%2B3,315,5.562,4.89076,5.020543005688364,2.7244291258805333,defined,-0.04763677074786024,sensitivity_only
id:x%3A0x1.0000000000000p%2B3,316,5.58,4.9084,4.778616994311636,2.7244291258805333,defined,0.04763677074786024,sensitivity_only
id:x%3A0x1.0000000000000p%2B3,317,5.598,4.92604,5.055823005688365,2.7244291258805333,defined,-0.04763677074786024,sensitivity_only
id:x%3A0x1.0000000000000p%2B3,318,5.616,4.94368,4.813896994311635,2.7244291258805333,defined,0.04763677074786024,sensitivity_only
id:x%3A0x1.0000000000000p%2B3,319,5.634,4.961320000000001,5.091103005688365,2.7244291258805333,defined,-0.04763677074786024,sensitivity_only
id:x%3A0x1.0000000000000p%2B3,320,5.652,4.978960000000001,4.8491769943116365,2.7244291258805333,defined,0.04763677074786024,sensitivity_only
id:x%3A0x1.0000000000000p%2B3,321,5.67,4.9966,5.126383005688364,2.7244291258805333,defined,-0.04763677074786024,sensitivity_only
id:x%3A0x1.0000000000000p%2B3,322,5.688,5.014239999999999,4.884456994311635,2.7244291258805333,defined,0.04763677074786024,sensitivity_only
id:x%3A0x1.0000000000000p%2B3,323,5.706,5.031880000000001,5.161663005688365,2.7244291258805333,defined,-0.04763677074786024,sensitivity_only
id:x%3A0x1.0000000000000p%2B3,324,5.724,5.04952,4.919736994311636,2.7244291258805333,defined,0.04763677074786024,sensitivity_only
id:x%3A0x1.0000000000000p%2B3,325,5.742,5.067159999999999,5.196943005688364,2.7244291258805333,defined,-0.04763677074786024,sensitivity_only
id:x%3A0x1.0000000000000p%2B3,326,5.76,5.0847999999999995,4.955016994311635,2.7244291258805333,defined,0.04763677074786024,sensitivity_only
id:x%3A0x1.0000000000000p%2B3,327,5.778,5.10244,5.232223005688364,2.7244291258805333,defined,-0.04763677074786024,sensitivity_only
id:x%3A0x1.0000000000000p%2B3,328,5.796,5.12008,4.9902969943116355,2.7244291258805333,defined,0.04763677074786024,sensitivity_only
id:x%3A0x1.0000000000000p%2B3,329,5.814,5.13772,5.267503005688364,2.7244291258805333,defined,-0.04763677074786024,sensitivity_only
id:x%3A0x1.0000000000000p%2B3,330,5.832,5.15536,5.025576994311636,2.7244291258805333,defined,0.04763677074786024,sensitivity_only
id:x%3A0x1.0000000000000p%2B3,331,5.85,5.173,5.302783005688364,2.7244291258805333,defined,-0.04763677074786024,sensitivity_only
id:x%3A0x1.0000000000000p%2B3,332,5.868,5.19064,5.060856994311636,2.7244291258805333,defined,0.04763677074786024,sensitivity_only
id:x%3A0x1.0000000000000p%2B3,333,5.886,5.20828,5.3380630056883644,2.7244291258805333,defined,-0.04763677074786024,sensitivity_only
id:x%3A0x1.0000000000000p%2B3,334,5.904,5.22592,5.096136994311636,2.7244291258805333,defined,0.04763677074786024,sensitivity_only
id:x%3A0x1.0000000000000p%2B3,335,5.922,5.24356,5.373343005688365,2.7244291258805333,defined,-0.04763677074786024,sensitivity_only
id:x%3A0x1.0000000000000p%2B3,336,5.94,5.2612000000000005,5.131416994311636,2.7244291258805333,defined,0.04763677074786024,sensitivity_only
id:x%3A0x1.0000000000000p%2B3,337,5.958,5.278840000000001,5.408623005688365,2.7244291258805333,defined,-0.04763677074786024,sensitivity_only
id:x%3A0x1.0000000000000p%2B3,338,5.976,5.29648,5.166696994311636,2.7244291258805333,defined,0.04763677074786024,sensitivity_only
id:x%3A0x1.0000000000000p%2B3,339,5.994,5.31412,5.443903005688364,2.7244291258805333,defined,-0.04763677074786024,sensitivity_only
id:x%3A0x1.0000000000000p%2B3,340,6.0,5.32,5.190216994311636,2.7244291258805333,defined,0.04763677074786024,sensitivity_only
id:x%3A0x1.0000000000000p%2B3,341,6.012,5.331759999999999,5.461543005688363,2.7244291258805333,defined,-0.04763677074786024,sensitivity_only
id:x%3A0x1.0000000000000p%2B3,342,6.03,5.3494,5.219616994311636,2.7244291258805333,defined,0.04763677074786024,sensitivity_only
id:x%3A0x1.0000000000000p%2B3,343,6.048,5.36704,5.4968230056883645,2.7244291258805333,defined,-0.04763677074786024,sensitivity_only
id:x%3A0x1.0000000000000p%2B3,344,6.066,5.3846799999999995,5.254896994311635,2.7244291258805333,defined,0.04763677074786024,sensitivity_only
id:x%3A0x1.0000000000000p%2B3,345,6.084,5.40232,5.532103005688364,2.7244291258805333,defined,-0.04763677074786024,sensitivity_only
id:x%3A0x1.0000000000000p%2B3,346,6.102,5.4199600000000006,5.290176994311636,2.7244291258805333,defined,0.04763677074786024,sensitivity_only
id:x%3A0x1.0000000000000p%2B3,347,6.12,5.4376,5.567383005688364,2.7244291258805333,defined,-0.04763677074786024,sensitivity_only
id:x%3A0x1.0000000000000p%2B3,348,6.138,5.45524,5.325456994311636,2.7244291258805333,defined,0.04763677074786024,sensitivity_only
id:x%3A0x1.0000000000000p%2B3,349,6.156,5.47288,5.602663005688364,2.7244291258805333,defined,-0.04763677074786024,sensitivity_only
id:x%3A0x1.0000000000000p%2B3,350,6.174,5.49052,5.360736994311636,2.7244291258805333,defined,0.04763677074786024,sensitivity_only
id:x%3A0x1.0000000000000p%2B3,351,6.192,5.50816,5.637943005688364,2.7244291258805333,defined,-0.04763677074786024,sensitivity_only
id:x%3A0x1.0000000000000p%2B3,352,6.21,5.5258,5.396016994311636,2.7244291258805333,defined,0.04763677074786024,sensitivity_only
id:x%3A0x1.0000000000000p%2B3,353,6.228,5.54344,5.673223005688365,2.7244291258805333,defined,-0.04763677074786024,sensitivity_only
id:x%3A0x1.0000000000000p%2B3,354,6.246,5.5610800000000005,5.431296994311636,2.7244291258805333,defined,0.04763677074786024,sensitivity_only
id:x%3A0x1.0000000000000p%2B3,355,6.264,5.578720000000001,5.708503005688365,2.7244291258805333,defined,-0.04763677074786024,sensitivity_only
id:x%3A0x1.0000000000000p%2B3,356,6.282,5.596360000000001,5.4665769943116365,2.7244291258805333,defined,0.04763677074786024,sensitivity_only
id:x%3A0x1.0000000000000p%2B3,357,6.3,5.614,5.743783005688364,2.7244291258805333,defined,-0.04763677074786024,sensitivity_only
id:x%3A0x1.0000000000000p%2B3,358,6.318,5.631639999999999,5.501856994311635,2.7244291258805333,defined,0.04763677074786024,sensitivity_only
id:x%3A0x1.0000000000000p%2B3,359,6.336,5.649280000000001,5.779063005688365,2.7244291258805333,defined,-0.04763677074786024,sensitivity_only
id:x%3A0x1.0000000000000p%2B3,360,6.354,5.66692,5.537136994311636,2.7244291258805333,defined,0.04763677074786024,sensitivity_only
id:x%3A0x1.0000000000000p%2B3,361,6.372,5.684559999999999,5.814343005688364,2.7244291258805333,defined,-0.04763677074786024,sensitivity_only
id:x%3A0x1.0000000000000p%2B3,362,6.39,5.7021999999999995,5.572416994311635,2.7244291258805333,defined,0.04763677074786024,sensitivity_only
id:x%3A0x1.0000000000000p%2B3,363,6.408,5.7198400000000005,5.849623005688365,2.7244291258805333,defined,-0.04763677074786024,sensitivity_only
id:x%3A0x1.0000000000000p%2B3,364,6.426,5.73748,5.6076969943116355,2.7244291258805333,defined,0.04763677074786024,sensitivity_only
id:x%3A0x1.0000000000000p%2B3,365,6.444,5.75512,5.884903005688364,2.7244291258805333,defined,-0.04763677074786024,sensitivity_only
id:x%3A0x1.0000000000000p%2B3,366,6.462,5.77276,5.642976994311636,2.7244291258805333,defined,0.04763677074786024,sensitivity_only
id:x%3A0x1.0000000000000p%2B3,367,6.48,5.7904,5.920183005688364,2.7244291258805333,defined,-0.04763677074786024,sensitivity_only
id:x%3A0x1.0000000000000p%2B3,368,6.498,5.80804,5.678256994311636,2.7244291258805333,defined,0.04763677074786024,sensitivity_only
id:x%3A0x1.0000000000000p%2B3,369,6.516,5.82568,5.955463005688364,2.7244291258805333,defined,-0.04763677074786024,sensitivity_only
id:x%3A0x1.0000000000000p%2B3,370,6.534,5.84332,5.713536994311636,2.7244291258805333,defined,0.04763677074786024,sensitivity_only
id:x%3A0x1.0000000000000p%2B3,371,6.552,5.8609599999999995,5.990743005688364,2.7244291258805333,defined,-0.04763677074786024,sensitivity_only
id:x%3A0x1.0000000000000p%2B3,372,6.57,5.8786000000000005,5.748816994311636,2.7244291258805333,defined,0.04763677074786024,sensitivity_only
id:x%3A0x1.0000000000000p%2B3,373,6.588,5.896240000000001,6.026023005688365,2.7244291258805333,defined,-0.04763677074786024,sensitivity_only
id:x%3A0x1.0000000000000p%2B3,374,6.606,5.91388,5.784096994311636,2.7244291258805333,defined,0.04763677074786024,sensitivity_only
id:x%3A0x1.0000000000000p%2B3,375,6.624,5.93152,6.061303005688364,2.7244291258805333,defined,-0.04763677074786024,sensitivity_only
id:x%3A0x1.0000000000000p%2B3,376,6.642,5.949160000000001,5.819376994311637,2.7244291258805333,defined,0.04763677074786024,sensitivity_only
id:x%3A0x1.0000000000000p%2B3,377,6.66,5.9668,6.096583005688364,2.7244291258805333,defined,-0.04763677074786024,sensitivity_only
id:x%3A0x1.0000000000000p%2B3,378,6.678,5.98444,5.854656994311636,2.7244291258805333,defined,0.04763677074786024,sensitivity_only
id:x%3A0x1.0000000000000p%2B3,379,6.696,6.002079999999999,6.131863005688364,2.7244291258805333,defined,-0.04763677074786024,sensitivity_only
id:x%3A0x1.0000000000000p%2B3,380,6.714,6.01972,5.889936994311636,2.7244291258805333,defined,0.04763677074786024,sensitivity_only
id:x%3A0x1.0000000000000p%2B3,381,6.732,6.03736,6.167143005688364,2.7244291258805333,defined,-0.04763677074786024,sensitivity_only
id:x%3A0x1.0000000000000p%2B3,382,6.75,6.055,5.9252169943116355,2.7244291258805333,defined,0.04763677074786024,sensitivity_only
id:x%3A0x1.0000000000000p%2B3,383,6.768,6.07264,6.202423005688364,2.7244291258805333,defined,-0.04763677074786024,sensitivity_only
id:x%3A0x1.0000000000000p%2B3,384,6.786,6.09028,5.960496994311636,2.7244291258805333,defined,0.04763677074786024,sensitivity_only
id:x%3A0x1.0000000000000p%2B3,385,6.804,6.10792,6.237703005688364,2.7244291258805333,defined,-0.04763677074786024,sensitivity_only
id:x%3A0x1.0000000000000p%2B3,386,6.822,6.12556,5.995776994311636,2.7244291258805333,defined,0.04763677074786024,sensitivity_only
id:x%3A0x1.0000000000000p%2B3,387,6.84,6.1432,6.272983005688364,2.7244291258805333,defined,-0.04763677074786024,sensitivity_only
id:x%3A0x1.0000000000000p%2B3,388,6.858,6.16084,6.031056994311636,2.7244291258805333,defined,0.04763677074786024,sensitivity_only
id:x%3A0x1.0000000000000p%2B3,389,6.876,6.17848,6.308263005688365,2.7244291258805333,defined,-0.04763677074786024,sensitivity_only
id:x%3A0x1.0000000000000p%2B3,390,6.894,6.1961200000000005,6.066336994311636,2.7244291258805333,defined,0.04763677074786024,sensitivity_only
id:x%3A0x1.0000000000000p%2B3,391,6.912,6.213760000000001,6.343543005688365,2.7244291258805333,defined,-0.04763677074786024,sensitivity_only
id:x%3A0x1.0000000000000p%2B3,392,6.93,6.2314,6.101616994311636,2.7244291258805333,defined,0.04763677074786024,sensitivity_only
id:x%3A0x1.0000000000000p%2B3,393,6.948,6.249040000000001,6.378823005688365,2.7244291258805333,defined,-0.04763677074786024,sensitivity_only
id:x%3A0x1.0000000000000p%2B3,394,6.966,6.26668,6.136896994311636,2.7244291258805333,defined,0.04763677074786024,sensitivity_only
id:x%3A0x1.0000000000000p%2B3,395,6.984,6.28432,6.414103005688364,2.7244291258805333,defined,-0.04763677074786024,sensitivity_only
id:x%3A0x1.0000000000000p%2B3,396,7.0,6.3,6.170216994311636,2.7244291258805333,defined,0.04763677074786024,sensitivity_only
id:x%3A0x1.0000000000000p%2B3,397,7.002,6.301959999999999,6.4317430056883635,2.7244291258805333,defined,-0.04763677074786024,sensitivity_only
id:x%3A0x1.0000000000000p%2B3,398,7.02,6.319599999999999,6.189816994311635,2.7244291258805333,defined,0.04763677074786024,sensitivity_only
id:x%3A0x1.0000000000000p%2B3,399,7.038,6.33724,6.467023005688365,2.7244291258805333,defined,-0.04763677074786024,sensitivity_only
id:x%3A0x1.0000000000000p%2B3,400,7.056,6.35488,6.225096994311635,2.7244291258805333,defined,0.04763677074786024,sensitivity_only
id:x%3A0x1.0000000000000p%2B3,401,7.074,6.37252,6.502303005688364,2.7244291258805333,defined,-0.04763677074786024,sensitivity_only
id:x%3A0x1.0000000000000p%2B3,402,7.092,6.39016,6.260376994311636,2.7244291258805333,defined,0.04763677074786024,sensitivity_only
id:x%3A0x1.0000000000000p%2B3,403,7.11,6.4078,6.537583005688364,2.7244291258805333,defined,-0.04763677074786024,sensitivity_only
id:x%3A0x1.0000000000000p%2B3,404,7.128,6.42544,6.295656994311636,2.7244291258805333,defined,0.04763677074786024,sensitivity_only
id:x%3A0x1.0000000000000p%2B3,405,7.146,6.44308,6.572863005688364,2.7244291258805333,defined,-0.04763677074786024,sensitivity_only
id:x%3A0x1.0000000000000p%2B3,406,7.164,6.46072,6.330936994311636,2.7244291258805333,defined,0.04763677074786024,sensitivity_only
id:x%3A0x1.0000000000000p%2B3,407,7.182,6.47836,6.6081430056883645,2.7244291258805333,defined,-0.04763677074786024,sensitivity_only
id:x%3A0x1.0000000000000p%2B3,408,7.2,6.496,6.366216994311636,2.7244291258805333,defined,0.04763677074786024,sensitivity_only
id:x%3A0x1.0000000000000p%2B3,409,7.218,6.5136400000000005,6.643423005688365,2.7244291258805333,defined,-0.04763677074786024,sensitivity_only
id:x%3A0x1.0000000000000p%2B3,410,7.236,6.53128,6.4014969943116355,2.7244291258805333,defined,0.04763677074786024,sensitivity_only
id:x%3A0x1.0000000000000p%2B3,411,7.254,6.548919999999999,6.678703005688363,2.7244291258805333,defined,-0.04763677074786024,sensitivity_only
id:x%3A0x1.0000000000000p%2B3,412,7.272,6.566560000000001,6.436776994311637,2.7244291258805333,defined,0.04763677074786024,sensitivity_only
id:x%3A0x1.0000000000000p%2B3,413,7.29,6.5842,6.713983005688364,2.7244291258805333,defined,-0.04763677074786024,sensitivity_only
id:x%3A0x1.0000000000000p%2B3,414,7.308,6.601839999999999,6.472056994311635,2.7244291258805333,defined,0.04763677074786024,sensitivity_only
id:x%3A0x1.0000000000000p%2B3,415,7.326,6.619479999999999,6.749263005688364,2.7244291258805333,defined,-0.04763677074786024,sensitivity_only
id:x%3A0x1.0000000000000p%2B3,416,7.344,6.63712,6.507336994311636,2.7244291258805333,defined,0.04763677074786024,sensitivity_only
id:x%3A0x1.0000000000000p%2B3,417,7.362,6.65476,6.784543005688364,2.7244291258805333,defined,-0.04763677074786024,sensitivity_only
id:x%3A0x1.0000000000000p%2B3,418,7.38,6.6724,6.5426169943116355,2.7244291258805333,defined,0.04763677074786024,sensitivity_only
id:x%3A0x1.0000000000000p%2B3,419,7.398,6.69004,6.819823005688364,2.7244291258805333,defined,-0.04763677074786024,sensitivity_only
id:x%3A0x1.0000000000000p%2B3,420,7.416,6.70768,6.577896994311636,2.7244291258805333,defined,0.04763677074786024,sensitivity_only
id:x%3A0x1.0000000000000p%2B3,421,7.434,6.72532,6.855103005688364,2.7244291258805333,defined,-0.04763677074786024,sensitivity_only
id:x%3A0x1.0000000000000p%2B3,422,7.452,6.74296,6.613176994311636,2.7244291258805333,defined,0.04763677074786024,sensitivity_only
id:x%3A0x1.0000000000000p%2B3,423,7.47,6.7606,6.890383005688364,2.7244291258805333,defined,-0.04763677074786024,sensitivity_only
id:x%3A0x1.0000000000000p%2B3,424,7.488,6.77824,6.648456994311636,2.7244291258805333,defined,0.04763677074786024,sensitivity_only
id:x%3A0x1.0000000000000p%2B3,425,7.506,6.79588,6.925663005688365,2.7244291258805333,defined,-0.04763677074786024,sensitivity_only
id:x%3A0x1.0000000000000p%2B3,426,7.524,6.8135200000000005,6.683736994311636,2.7244291258805333,defined,0.04763677074786024,sensitivity_only
id:x%3A0x1.0000000000000p%2B3,427,7.542,6.83116,6.960943005688364,2.7244291258805333,defined,-0.04763677074786024,sensitivity_only
id:x%3A0x1.0000000000000p%2B3,428,7.56,6.8488,6.719016994311636,2.7244291258805333,defined,0.04763677074786024,sensitivity_only
id:x%3A0x1.0000000000000p%2B3,429,7.578,6.866440000000001,6.996223005688365,2.7244291258805333,defined,-0.04763677074786024,sensitivity_only
id:x%3A0x1.0000000000000p%2B3,430,7.596,6.88408,6.754296994311636,2.7244291258805333,defined,0.04763677074786024,sensitivity_only
id:x%3A0x1.0000000000000p%2B3,431,7.614,6.90172,7.031503005688364,2.7244291258805333,defined,-0.04763677074786024,sensitivity_only
id:x%3A0x1.0000000000000p%2B3,432,7.632,6.919359999999999,6.789576994311635,2.7244291258805333,defined,0.04763677074786024,sensitivity_only
id:x%3A0x1.0000000000000p%2B3,433,7.65,6.937,7.0667830056883645,2.7244291258805333,defined,-0.04763677074786024,sensitivity_only
id:x%3A0x1.0000000000000p%2B3,434,7.668,6.95464,6.824856994311636,2.7244291258805333,defined,0.04763677074786024,sensitivity_only
id:x%3A0x1.0000000000000p%2B3,435,7.686,6.97228,7.102063005688364,2.7244291258805333,defined,-0.04763677074786024,sensitivity_only
id:x%3A0x1.0000000000000p%2B3,436,7.704,6.98992,6.8601369943116355,2.7244291258805333,defined,0.04763677074786024,sensitivity_only
id:x%3A0x1.0000000000000p%2B3,437,7.722,7.007560000000001,7.137343005688365,2.7244291258805333,defined,-0.04763677074786024,sensitivity_only
id:x%3A0x1.0000000000000p%2B3,438,7.74,7.0252,6.895416994311636,2.7244291258805333,defined,0.04763677074786024,sensitivity_only
id:x%3A0x1.0000000000000p%2B3,439,7.758,7.04284,7.172623005688364,2.7244291258805333,defined,-0.04763677074786024,sensitivity_only
id:x%3A0x1.0000000000000p%2B3,440,7.776,7.06048,6.930696994311636,2.7244291258805333,defined,0.04763677074786024,sensitivity_only
id:x%3A0x1.0000000000000p%2B3,441,7.794,7.078119999999999,7.2079030056883635,2.7244291258805333,defined,-0.04763677074786024,sensitivity_only
id:x%3A0x1.0000000000000p%2B3,442,7.812,7.09576,6.965976994311636,2.7244291258805333,defined,0.04763677074786024,sensitivity_only
id:x%3A0x1.0000000000000p%2B3,443,7.83,7.1134,7.243183005688365,2.7244291258805333,defined,-0.04763677074786024,sensitivity_only
id:x%3A0x1.0000000000000p%2B3,444,7.848,7.13104,7.001256994311635,2.7244291258805333,defined,0.04763677074786024,sensitivity_only
id:x%3A0x1.0000000000000p%2B3,445,7.866,7.14868,7.278463005688364,2.7244291258805333,defined,-0.04763677074786024,sensitivity_only
id:x%3A0x1.0000000000000p%2B3,446,7.884,7.166320000000001,7.0365369943116365,2.7244291258805333,defined,0.04763677074786024,sensitivity_only
id:x%3A0x1.0000000000000p%2B3,447,7.902,7.18396,7.313743005688364,2.7244291258805333,defined,-0.04763677074786024,sensitivity_only
id:x%3A0x1.0000000000000p%2B3,448,7.92,7.2016,7.071816994311636,2.7244291258805333,defined,0.04763677074786024,sensitivity_only
id:x%3A0x1.0000000000000p%2B3,449,7.938,7.21924,7.349023005688364,2.7244291258805333,defined,-0.04763677074786024,sensitivity_only
id:x%3A0x1.0000000000000p%2B3,450,7.956,7.23688,7.107096994311636,2.7244291258805333,defined,0.04763677074786024,sensitivity_only
id:x%3A0x1.0000000000000p%2B3,451,7.974,7.25452,7.3843030056883645,2.7244291258805333,defined,-0.04763677074786024,sensitivity_only
id:x%3A0x1.0000000000000p%2B3,452,7.992,7.27216,7.142376994311636,2.7244291258805333,defined,0.04763677074786024,sensitivity_only
id:x%3A0x1.0000000000000p%2B3,453,8.0,7.28,7.4097830056883645,2.7244291258805333,defined,-0.04763677074786024,sensitivity_only
id:x%3A0x1.0000000000000p%2B3,454,8.01,7.2898,7.160016994311635,2.7244291258805333,defined,0.04763677074786024,sensitivity_only
id:x%3A0x1.0000000000000p%2B3,455,8.028,7.307440000000001,7.437223005688365,2.7244291258805333,defined,-0.04763677074786024,sensitivity_only
id:x%3A0x1.0000000000000p%2B3,456,8.046,7.32508,7.195296994311636,2.7244291258805333,defined,0.04763677074786024,sensitivity_only
id:x%3A0x1.0000000000000p%2B3,457,8.064,7.34272,7.472503005688364,2.7244291258805333,defined,-0.04763677074786024,sensitivity_only
id:x%3A0x1.0000000000000p%2B3,458,8.082,7.360360000000001,7.230576994311637,2.7244291258805333,defined,0.04763677074786024,sensitivity_only
id:x%3A0x1.0000000000000p%2B3,459,8.1,7.378,7.507783005688364,2.7244291258805333,defined,-0.04763677074786024,sensitivity_only
id:x%3A0x1.0000000000000p%2B3,460,8.118,7.39564,7.265856994311636,2.7244291258805333,defined,0.04763677074786024,sensitivity_only
id:x%3A0x1.0000000000000p%2B3,461,8.136,7.413279999999999,7.543063005688364,2.7244291258805333,defined,-0.04763677074786024,sensitivity_only
id:x%3A0x1.0000000000000p%2B3,462,8.154,7.4309199999999995,7.301136994311635,2.7244291258805333,defined,0.04763677074786024,sensitivity_only
id:x%3A0x1.0000000000000p%2B3,463,8.172,7.4485600000000005,7.578343005688365,2.7244291258805333,defined,-0.04763677074786024,sensitivity_only
id:x%3A0x1.0000000000000p%2B3,464,8.19,7.4662,7.3364169943116355,2.7244291258805333,defined,0.04763677074786024,sensitivity_only
id:x%3A0x1.0000000000000p%2B3,465,8.208,7.48384,7.613623005688364,2.7244291258805333,defined,-0.04763677074786024,sensitivity_only
id:x%3A0x1.0000000000000p%2B3,466,8.226,7.501480000000001,7.371696994311637,2.7244291258805333,defined,0.04763677074786024,sensitivity_only
id:x%3A0x1.0000000000000p%2B3,467,8.244,7.51912,7.648903005688364,2.7244291258805333,defined,-0.04763677074786024,sensitivity_only
id:x%3A0x1.0000000000000p%2B3,468,8.262,7.53676,7.406976994311636,2.7244291258805333,defined,0.04763677074786024,sensitivity_only
id:x%3A0x1.0000000000000p%2B3,469,8.28,7.554399999999999,7.6841830056883635,2.7244291258805333,defined,-0.04763677074786024,sensitivity_only
id:x%3A0x1.0000000000000p%2B3,470,8.298,7.57204,7.442256994311636,2.7244291258805333,defined,0.04763677074786024,sensitivity_only
id:x%3A0x1.0000000000000p%2B3,471,8.316,7.58968,7.719463005688365,2.7244291258805333,defined,-0.04763677074786024,sensitivity_only
id:x%3A0x1.0000000000000p%2B3,472,8.334,7.60732,7.477536994311635,2.7244291258805333,defined,0.04763677074786024,sensitivity_only
id:x%3A0x1.0000000000000p%2B3,473,8.352,7.624960000000001,7.754743005688365,2.7244291258805333,defined,-0.04763677074786024,sensitivity_only
id:x%3A0x1.0000000000000p%2B3,474,8.37,7.642599999999999,7.512816994311635,2.7244291258805333,defined,0.04763677074786024,sensitivity_only
id:x%3A0x1.0000000000000p%2B3,475,8.388,7.66024,7.790023005688364,2.7244291258805333,defined,-0.04763677074786024,sensitivity_only
id:x%3A0x1.0000000000000p%2B3,476,8.406,7.677880000000001,7.548096994311637,2.7244291258805333,defined,0.04763677074786024,sensitivity_only
id:x%3A0x1.0000000000000p%2B3,477,8.424,7.695519999999999,7.8253030056883635,2.7244291258805333,defined,-0.04763677074786024,sensitivity_only
id:x%3A0x1.0000000000000p%2B3,478,8.442,7.71316,7.583376994311636,2.7244291258805333,defined,0.04763677074786024,sensitivity_only
id:x%3A0x1.0000000000000p%2B3,479,8.46,7.730800000000001,7.860583005688365,2.7244291258805333,defined,-0.04763677074786024,sensitivity_only
id:x%3A0x1.0000000000000p%2B3,480,8.478,7.7484399999999996,7.618656994311635,2.7244291258805333,defined,0.04763677074786024,sensitivity_only
id:x%3A0x1.0000000000000p%2B3,481,8.496,7.7660800000000005,7.895863005688365,2.7244291258805333,defined,-0.04763677074786024,sensitivity_only
id:x%3A0x1.0000000000000p%2B3,482,8.514,7.78372,7.679893595449308,2.179543300704428,defined,0.04763677074786024,sensitivity_only
id:x%3A0x1.0000000000000p%2B3,483,8.532,7.80136,7.905186404550691,2.179543300704428,defined,-0.04763677074786024,sensitivity_only
id:x%3A0x1.0000000000000p%2B3,484,8.55,7.819000000000001,7.7151735954493095,2.179543300704428,defined,0.04763677074786024,sensitivity_only
id:x%3A0x1.0000000000000p%2B3,485,8.568,7.83664,7.940466404550691,2.179543300704428,defined,-0.04763677074786024,sensitivity_only
id:x%3A0x1.0000000000000p%2B3,486,8.586,7.85428,7.750453595449309,2.179543300704428,defined,0.04763677074786024,sensitivity_only
id:x%3A0x1.0000000000000p%2B3,487,8.604,7.871919999999999,7.975746404550691,2.179543300704428,defined,-0.04763677074786024,sensitivity_only
id:x%3A0x1.0000000000000p%2B3,488,8.622,7.8895599999999995,7.785733595449308,2.179543300704428,defined,0.04763677074786024,sensitivity_only
id:x%3A0x1.0000000000000p%2B3,489,8.64,7.9072000000000005,8.011026404550693,2.179543300704428,defined,-0.04763677074786024,sensitivity_only
id:x%3A0x1.0000000000000p%2B3,490,8.658,7.92484,7.821013595449308,2.179543300704428,defined,0.04763677074786024,sensitivity_only
id:x%3A0x1.0000000000000p%2B3,491,8.676,7.94248,8.046306404550691,2.179543300704428,defined,-0.04763677074786024,sensitivity_only
id:x%3A0x1.0000000000000p%2B3,492,8.694,7.960120000000001,7.856293595449309,2.179543300704428,defined,0.04763677074786024,sensitivity_only
id:x%3A0x1.0000000000000p%2B3,493,8.712,7.97776,8.081586404550691,2.179543300704428,defined,-0.04763677074786024,sensitivity_only
id:x%3A0x1.0000000000000p%2B3,494,8.73,7.9954,7.891573595449309,2.179543300704428,defined,0.04763677074786024,sensitivity_only
id:x%3A0x1.0000000000000p%2B3,495,8.748,8.01304,8.116866404550692,2.179543300704428,defined,-0.04763677074786024,sensitivity_only
id:x%3A0x1.0000000000000p%2B3,496,8.766,8.03068,7.926853595449309,2.179543300704428,defined,0.04763677074786024,sensitivity_only
id:x%3A0x1.0000000000000p%2B3,497,8.784,8.04832,8.152146404550692,2.179543300704428,defined,-0.04763677074786024,sensitivity_only
id:x%3A0x1.0000000000000p%2B3,498,8.802,8.06596,7.962133595449309,2.179543300704428,defined,0.04763677074786024,sensitivity_only
id:x%3A0x1.0000000000000p%2B3,499,8.82,8.0836,8.187426404550692,2.179543300704428,defined,-0.04763677074786024,sensitivity_only
id:x%3A0x1.0000000000000p%2B3,500,8.838,8.101239999999999,7.9974135954493075,2.179543300704428,defined,0.04763677074786024,sensitivity_only
id:x%3A0x1.0000000000000p%2B3,501,8.856,8.11888,8.222706404550692,2.179543300704428,defined,-0.04763677074786024,sensitivity_only
id:x%3A0x1.0000000000000p%2B3,502,8.874,8.13652,8.03269359544931,2.179543300704428,defined,0.04763677074786024,sensitivity_only
id:x%3A0x1.0000000000000p%2B3,503,8.892,8.15416,8.25798640455069,2.179543300704428,defined,-0.04763677074786024,sensitivity_only
id:x%3A0x1.0000000000000p%2B3,504,8.91,8.171800000000001,8.06797359544931,2.179543300704428,defined,0.04763677074786024,sensitivity_only
id:x%3A0x1.0000000000000p%2B3,505,8.928,8.189440000000001,8.293266404550693,2.179543300704428,defined,-0.04763677074786024,sensitivity_only
id:x%3A0x1.0000000000000p%2B3,506,8.946,8.20708,8.103253595449308,2.179543300704428,defined,0.04763677074786024,sensitivity_only
id:x%3A0x1.0000000000000p%2B3,507,8.964,8.224720000000001,8.328546404550693,2.179543300704428,defined,-0.04763677074786024,sensitivity_only
id:x%3A0x1.0000000000000p%2B3,508,8.982,8.24236,8.138533595449308,2.179543300704428,defined,0.04763677074786024,sensitivity_only
id:x%3A0x1.0000000000000p%2B3,509,9.0,8.26,8.363826404550691,2.179543300704428,defined,-0.04763677074786024,sensitivity_only
id:x%3A0x1.2000000000000p%2B3,0,0.0,1.75,1.4775570874119466,2.7244291258805347,defined,0.1,sensitivity_only
id:x%3A0x1.2000000000000p%2B3,1,0.018,1.75576,1.8915794245575905,2.7244291258805347,defined,-0.049852434503574676,sensitivity_only
id:x%3A0x1.2000000000000p%2B3,2,0.036,1.76152,1.6257005754424094,2.7244291258805347,defined,0.049852434503574676,sensitivity_only
id:x%3A0x1.2000000000000p%2B3,3,0.054,1.76728,1.9030994245575905,2.7244291258805347,defined,-0.049852434503574676,sensitivity_only
id:x%3A0x1.2000000000000p%2B3,4,0.072,1.77304,1.6372205754424094,2.7244291258805347,defined,0.049852434503574676,sensitivity_only
id:x%3A0x1.2000000000000p%2B3,5,0.09,1.7788,1.9146194245575905,2.7244291258805347,defined,-0.049852434503574676,sensitivity_only
id:x%3A0x1.2000000000000p%2B3,6,0.108,1.78456,1.6487405754424094,2.7244291258805347,defined,0.049852434503574676,sensitivity_only
id:x%3A0x1.2000000000000p%2B3,7,0.126,1.79032,1.9261394245575905,2.7244291258805347,defined,-0.049852434503574676,sensitivity_only
id:x%3A0x1.2000000000000p%2B3,8,0.144,1.79608,1.6602605754424093,2.7244291258805347,defined,0.049852434503574676,sensitivity_only
id:x%3A0x1.2000000000000p%2B3,9,0.162,1.80184,1.9376594245575907,2.7244291258805347,defined,-0.049852434503574676,sensitivity_only
id:x%3A0x1.2000000000000p%2B3,10,0.18,1.8076,1.6717805754424095,2.7244291258805347,defined,0.049852434503574676,sensitivity_only
id:x%3A0x1.2000000000000p%2B3,11,0.198,1.81336,1.9491794245575906,2.7244291258805347,defined,-0.049852434503574676,sensitivity_only
id:x%3A0x1.2000000000000p%2B3,12,0.216,1.81912,1.6833005754424095,2.7244291258805347,defined,0.049852434503574676,sensitivity_only
id:x%3A0x1.2000000000000p%2B3,13,0.234,1.82488,1.9606994245575906,2.7244291258805347,defined,-0.049852434503574676,sensitivity_only
id:x%3A0x1.2000000000000p%2B3,14,0.252,1.83064,1.6948205754424095,2.7244291258805347,defined,0.049852434503574676,sensitivity_only
id:x%3A0x1.2000000000000p%2B3,15,0.27,1.8364,1.9722194245575906,2.7244291258805347,defined,-0.049852434503574676,sensitivity_only
id:x%3A0x1.2000000000000p%2B3,16,0.288,1.84216,1.7063405754424095,2.7244291258805347,defined,0.049852434503574676,sensitivity_only
id:x%3A0x1.2000000000000p%2B3,17,0.306,1.84792,1.9837394245575906,2.7244291258805347,defined,-0.049852434503574676,sensitivity_only
id:x%3A0x1.2000000000000p%2B3,18,0.324,1.85368,1.7178605754424094,2.7244291258805347,defined,0.049852434503574676,sensitivity_only
id:x%3A0x1.2000000000000p%2B3,19,0.342,1.85944,1.9952594245575905,2.7244291258805347,defined,-0.049852434503574676,sensitivity_only
id:x%3A0x1.2000000000000p%2B3,20,0.36,1.8652,1.7293805754424094,2.7244291258805347,defined,0.049852434503574676,sensitivity_only
id:x%3A0x1.2000000000000p%2B3,21,0.378,1.87096,2.0067794245575907,2.7244291258805347,defined,-0.049852434503574676,sensitivity_only
id:x%3A0x1.2000000000000p%2B3,22,0.396,1.87672,1.7409005754424094,2.7244291258805347,defined,0.049852434503574676,sensitivity_only
id:x%3A0x1.2000000000000p%2B3,23,0.414,1.88248,2.0182994245575907,2.7244291258805347,defined,-0.049852434503574676,sensitivity_only
id:x%3A0x1.2000000000000p%2B3,24,0.432,1.88824,1.7524205754424094,2.7244291258805347,defined,0.049852434503574676,sensitivity_only
id:x%3A0x1.2000000000000p%2B3,25,0.45,1.8940000000000001,2.0298194245575907,2.7244291258805347,defined,-0.049852434503574676,sensitivity_only
id:x%3A0x1.2000000000000p%2B3,26,0.468,1.8997600000000001,1.7639405754424096,2.7244291258805347,defined,0.049852434503574676,sensitivity_only
id:x%3A0x1.2000000000000p%2B3,27,0.486,1.90552,2.0413394245575907,2.7244291258805347,defined,-0.049852434503574676,sensitivity_only
id:x%3A0x1.2000000000000p%2B3,28,0.504,1.91128,1.7754605754424095,2.7244291258805347,defined,0.049852434503574676,sensitivity_only
id:x%3A0x1.2000000000000p%2B3,29,0.522,1.91704,2.0528594245575906,2.7244291258805347,defined,-0.049852434503574676,sensitivity_only
id:x%3A0x1.2000000000000p%2B3,30,0.54,1.9228,1.7869805754424095,2.7244291258805347,defined,0.049852434503574676,sensitivity_only
id:x%3A0x1.2000000000000p%2B3,31,0.558,1.92856,2.0643794245575906,2.7244291258805347,defined,-0.049852434503574676,sensitivity_only
id:x%3A0x1.2000000000000p%2B3,32,0.576,1.93432,1.7985005754424095,2.7244291258805347,defined,0.049852434503574676,sensitivity_only
id:x%3A0x1.2000000000000p%2B3,33,0.594,1.94008,2.0758994245575906,2.7244291258805347,defined,-0.049852434503574676,sensitivity_only
id:x%3A0x1.2000000000000p%2B3,34,0.612,1.94584,1.8100205754424095,2.7244291258805347,defined,0.049852434503574676,sensitivity_only
id:x%3A0x1.2000000000000p%2B3,35,0.63,1.9516,2.0874194245575906,2.7244291258805347,defined,-0.049852434503574676,sensitivity_only
id:x%3A0x1.2000000000000p%2B3,36,0.648,1.95736,1.8215405754424094,2.7244291258805347,defined,0.049852434503574676,sensitivity_only
id:x%3A0x1.2000000000000p%2B3,37,0.666,1.96312,2.0989394245575905,2.7244291258805347,defined,-0.049852434503574676,sensitivity_only
id:x%3A0x1.2000000000000p%2B3,38,0.684,1.96888,1.8330605754424094,2.7244291258805347,defined,0.049852434503574676,sensitivity_only
id:x%3A0x1.2000000000000p%2B3,39,0.702,1.97464,2.1104594245575905,2.7244291258805347,defined,-0.049852434503574676,sensitivity_only
id:x%3A0x1.2000000000000p%2B3,40,0.72,1.9804,1.8445805754424094,2.7244291258805347,defined,0.049852434503574676,sensitivity_only
id:x%3A0x1.2000000000000p%2B3,41,0.738,1.98616,2.1219794245575905,2.7244291258805347,defined,-0.049852434503574676,sensitivity_only
id:x%3A0x1.2000000000000p%2B3,42,0.756,1.99192,1.8561005754424094,2.7244291258805347,defined,0.049852434503574676,sensitivity_only
id:x%3A0x1.2000000000000p%2B3,43,0.774,1.99768,2.1334994245575905,2.7244291258805347,defined,-0.049852434503574676,sensitivity_only
id:x%3A0x1.2000000000000p%2B3,44,0.792,2.00344,1.8676205754424093,2.7244291258805347,defined,0.049852434503574676,sensitivity_only
id:x%3A0x1.2000000000000p%2B3,45,0.81,2.0092,2.1450194245575904,2.7244291258805347,defined,-0.049852434503574676,sensitivity_only
id:x%3A0x1.2000000000000p%2B3,46,0.828,2.01496,1.8791405754424093,2.7244291258805347,defined,0.049852434503574676,sensitivity_only
id:x%3A0x1.2000000000000p%2B3,47,0.846,2.02072,2.1565394245575904,2.7244291258805347,defined,-0.049852434503574676,sensitivity_only
id:x%3A0x1.2000000000000p%2B3,48,0.864,2.02648,1.8906605754424093,2.7244291258805347,defined,0.049852434503574676,sensitivity_only
id:x%3A0x1.2000000000000p%2B3,49,0.882,2.03224,2.1680594245575904,2.7244291258805347,defined,-0.049852434503574676,sensitivity_only
id:x%3A0x1.2000000000000p%2B3,50,0.9,2.0380000000000003,1.9021805754424097,2.7244291258805347,defined,0.049852434503574676,sensitivity_only
id:x%3A0x1.2000000000000p%2B3,51,0.918,2.04376,2.1795794245575904,2.7244291258805347,defined,-0.049852434503574676,sensitivity_only
id:x%3A0x1.2000000000000p%2B3,52,0.936,2.0495200000000002,1.9137005754424097,2.7244291258805347,defined,0.049852434503574676,sensitivity_only
id:x%3A0x1.2000000000000p%2B3,53,0.954,2.0552799999999998,2.1910994245575903,2.7244291258805347,defined,-0.049852434503574676,sensitivity_only
id:x%3A0x1.2000000000000p%2B3,54,0.972,2.06104,1.9252205754424097,2.7244291258805347,defined,0.049852434503574676,sensitivity_only
id:x%3A0x1.2000000000000p%2B3,55,0.99,2.0668,2.2026194245575907,2.7244291258805347,defined,-0.049852434503574676,sensitivity_only
id:x%3A0x1.2000000000000p%2B3,56,1.0,2.07,1.9341805754424093,2.7244291258805347,defined,0.049852434503574676,sensitivity_only
id:x%3A0x1.2000000000000p%2B3,57,1.008,2.07256,2.2083794245575907,2.7244291258805347,defined,-0.049852434503574676,sensitivity_only
id:x%3A0x1.2000000000000p%2B3,58,1.026,2.07832,1.9425005754424096,2.7244291258805347,defined,0.049852434503574676,sensitivity_only
id:x%3A0x1.2000000000000p%2B3,59,1.044,2.08408,2.2198994245575907,2.7244291258805347,defined,-0.049852434503574676,sensitivity_only
id:x%3A0x1.2000000000000p%2B3,60,1.062,2.08984,1.9540205754424096,2.7244291258805347,defined,0.049852434503574676,sensitivity_only
id:x%3A0x1.2000000000000p%2B3,61,1.08,2.0956,2.2314194245575907,2.7244291258805347,defined,-0.049852434503574676,sensitivity_only
id:x%3A0x1.2000000000000p%2B3,62,1.098,2.10136,1.9655405754424096,2.7244291258805347,defined,0.049852434503574676,sensitivity_only
id:x%3A0x1.2000000000000p%2B3,63,1.116,2.10712,2.2429394245575907,2.7244291258805347,defined,-0.049852434503574676,sensitivity_only
id:x%3A0x1.2000000000000p%2B3,64,1.134,2.11288,1.9770605754424095,2.7244291258805347,defined,0.049852434503574676,sensitivity_only
id:x%3A0x1.2000000000000p%2B3,65,1.152,2.11864,2.2544594245575906,2.7244291258805347,defined,-0.049852434503574676,sensitivity_only
id:x%3A0x1.2000000000000p%2B3,66,1.17,2.1244,1.9885805754424095,2.7244291258805347,defined,0.049852434503574676,sensitivity_only
id:x%3A0x1.2000000000000p%2B3,67,1.188,2.13016,2.2659794245575906,2.7244291258805347,defined,-0.049852434503574676,sensitivity_only
id:x%3A0x1.2000000000000p%2B3,68,1.206,2.13592,2.0001005754424095,2.7244291258805347,defined,0.049852434503574676,sensitivity_only
id:x%3A0x1.2000000000000p%2B3,69,1.224,2.14168,2.2774994245575906,2.7244291258805347,defined,-0.049852434503574676,sensitivity_only
id:x%3A0x1.2000000000000p%2B3,70,1.242,2.14744,2.0116205754424095,2.7244291258805347,defined,0.049852434503574676,sensitivity_only
id:x%3A0x1.2000000000000p%2B3,71,1.26,2.1532,2.2890194245575906,2.7244291258805347,defined,-0.049852434503574676,sensitivity_only
id:x%3A0x1.2000000000000p%2B3,72,1.278,2.15896,2.0231405754424094,2.7244291258805347,defined,0.049852434503574676,sensitivity_only
id:x%3A0x1.2000000000000p%2B3,73,1.296,2.16472,2.3005394245575905,2.7244291258805347,defined,-0.049852434503574676,sensitivity_only
id:x%3A0x1.2000000000000p%2B3,74,1.314,2.17048,2.0346605754424094,2.7244291258805347,defined,0.049852434503574676,sensitivity_only
id:x%3A0x1.2000000000000p%2B3,75,1.332,2.17624,2.3120594245575905,2.7244291258805347,defined,-0.049852434503574676,sensitivity_only
id:x%3A0x1.2000000000000p%2B3,76,1.35,2.182,2.0461805754424094,2.7244291258805347,defined,0.049852434503574676,sensitivity_only
id:x%3A0x1.2000000000000p%2B3,77,1.368,2.18776,2.3235794245575905,2.7244291258805347,defined,-0.049852434503574676,sensitivity_only
id:x%3A0x1.2000000000000p%2B3,78,1.386,2.19352,2.0577005754424094,2.7244291258805347,defined,0.049852434503574676,sensitivity_only
id:x%3A0x1.2000000000000p%2B3,79,1.404,2.19928,2.3350994245575905,2.7244291258805347,defined,-0.049852434503574676,sensitivity_only
id:x%3A0x1.2000000000000p%2B3,80,1.422,2.20504,2.0692205754424093,2.7244291258805347,defined,0.049852434503574676,sensitivity_only
id:x%3A0x1.2000000000000p%2B3,81,1.44,2.2108,2.3466194245575904,2.7244291258805347,defined,-0.049852434503574676,sensitivity_only
id:x%3A0x1.2000000000000p%2B3,82,1.458,2.21656,2.0807405754424093,2.7244291258805347,defined,0.049852434503574676,sensitivity_only
id:x%3A0x1.2000000000000p%2B3,83,1.476,2.22232,2.3581394245575904,2.7244291258805347,defined,-0.049852434503574676,sensitivity_only
id:x%3A0x1.2000000000000p%2B3,84,1.494,2.22808,2.0922605754424093,2.7244291258805347,defined,0.049852434503574676,sensitivity_only
id:x%3A0x1.2000000000000p%2B3,85,1.512,2.23384,2.3696594245575904,2.724429125880535,defined,-0.049852434503574676,sensitivity_only
id:x%3A0x1.2000000000000p%2B3,86,1.53,2.2396000000000003,2.1037805754424097,2.724429125880535,defined,0.049852434503574676,sensitivity_only
id:x%3A0x1.2000000000000p%2B3,87,1.548,2.24536,2.3811794245575904,2.724429125880535,defined,-0.049852434503574676,sensitivity_only
id:x%3A0x1.2000000000000p%2B3,88,1.566,2.2511200000000002,2.1153005754424097,2.724429125880535,defined,0.049852434503574676,sensitivity_only
id:x%3A0x1.2000000000000p%2B3,89,1.584,2.2568799999999998,2.3926994245575903,2.724429125880535,defined,-0.049852434503574676,sensitivity_only
id:x%3A0x1.2000000000000p%2B3,90,1.602,2.26264,2.1268205754424097,2.724429125880535,defined,0.049852434503574676,sensitivity_only
id:x%3A0x1.2000000000000p%2B3,91,1.62,2.2684,2.4042194245575907,2.724429125880535,defined,-0.049852434503574676,sensitivity_only
id:x%3A0x1.2000000000000p%2B3,92,1.638,2.27416,2.1383405754424096,2.724429125880535,defined,0.049852434503574676,sensitivity_only
id:x%3A0x1.2000000000000p%2B3,93,1.656,2.2799199999999997,2.4157394245575903,2.724429125880535,defined,-0.049852434503574676,sensitivity_only
id:x%3A0x1.2000000000000p%2B3,94,1.674,2.28568,2.1498605754424096,2.724429125880535,defined,0.049852434503574676,sensitivity_only
id:x%3A0x1.2000000000000p%2B3,95,1.692,2.29144,2.4272594245575907,2.724429125880535,defined,-0.049852434503574676,sensitivity_only
id:x%3A0x1.2000000000000p%2B3,96,1.71,2.2972,2.1613805754424096,2.724429125880535,defined,0.049852434503574676,sensitivity_only
id:x%3A0x1.2000000000000p%2B3,97,1.728,2.30296,2.4387794245575907,2.724429125880535,defined,-0.049852434503574676,sensitivity_only
id:x%3A0x1.2000000000000p%2B3,98,1.746,2.30872,2.1729005754424096,2.724429125880535,defined,0.049852434503574676,sensitivity_only
id:x%3A0x1.2000000000000p%2B3,99,1.764,2.31448,2.4502994245575906,2.724429125880535,defined,-0.049852434503574676,sensitivity_only
id:x%3A0x1.2000000000000p%2B3,100,1.782,2.32024,2.1844205754424095,2.724429125880535,defined,0.049852434503574676,sensitivity_only
id:x%3A0x1.2000000000000p%2B3,101,1.8,2.326,2.4618194245575906,2.724429125880535,defined,-0.049852434503574676,sensitivity_only
id:x%3A0x1.2000000000000p%2B3,102,1.818,2.33176,2.1959405754424095,2.724429125880535,defined,0.049852434503574676,sensitivity_only
id:x%3A0x1.2000000000000p%2B3,103,1.836,2.33752,2.4733394245575906,2.724429125880535,defined,-0.049852434503574676,sensitivity_only
id:x%3A0x1.2000000000000p%2B3,104,1.854,2.34328,2.2074605754424095,2.724429125880535,defined,0.049852434503574676,sensitivity_only
id:x%3A0x1.2000000000000p%2B3,105,1.872,2.34904,2.4848594245575906,2.724429125880535,defined,-0.049852434503574676,sensitivity_only
id:x%3A0x1.2000000000000p%2B3,106,1.89,2.3548,2.2189805754424095,2.724429125880535,defined,0.049852434503574676,sensitivity_only
id:x%3A0x1.2000000000000p%2B3,107,1.908,2.36056,2.4963794245575905,2.724429125880535,defined,-0.049852434503574676,sensitivity_only
id:x%3A0x1.2000000000000p%2B3,108,1.926,2.36632,2.2305005754424094,2.724429125880535,defined,0.049852434503574676,sensitivity_only
id:x%3A0x1.2000000000000p%2B3,109,1.944,2.37208,2.5078994245575905,2.724429125880535,defined,-0.049852434503574676,sensitivity_only
id:x%3A0x1.2000000000000p%2B3,110,1.962,2.37784,2.2420205754424094,2.724429125880535,defined,0.049852434503574676,sensitivity_only
id:x%3A0x1.2000000000000p%2B3,111,1.98,2.3836,2.5194194245575905,2.724429125880535,defined,-0.049852434503574676,sensitivity_only
id:x%3A0x1.2000000000000p%2B3,112,1.998,2.38936,2.2535405754424094,2.724429125880535,defined,0.049852434503574676,sensitivity_only
id:x%3A0x1.2000000000000p%2B3,113,2.0,2.39,2.5258194245575907,2.724429125880535,defined,-0.049852434503574676,sensitivity_only
id:x%3A0x1.2000000000000p%2B3,114,2.016,2.39512,2.2593005754424094,2.724429125880535,defined,0.049852434503574676,sensitivity_only
id:x%3A0x1.2000000000000p%2B3,115,2.034,2.40088,2.5366994245575905,2.724429125880535,defined,-0.049852434503574676,sensitivity_only
id:x%3A0x1.2000000000000p%2B3,116,2.052,2.40664,2.2708205754424093,2.724429125880535,defined,0.049852434503574676,sensitivity_only
id:x%3A0x1.2000000000000p%2B3,117,2.07,2.4124,2.5482194245575904,2.724429125880535,defined,-0.049852434503574676,sensitivity_only
id:x%3A0x1.2000000000000p%2B3,118,2.088,2.4181600000000003,2.2823405754424098,2.724429125880535,defined,0.049852434503574676,sensitivity_only
id:x%3A0x1.2000000000000p%2B3,119,2.106,2.42392,2.5597394245575904,2.724429125880535,defined,-0.049852434503574676,sensitivity_only
id:x%3A0x1.2000000000000p%2B3,120,2.124,2.4296800000000003,2.2938605754424097,2.724429125880535,defined,0.049852434503574676,sensitivity_only
id:x%3A0x1.2000000000000p%2B3,121,2.142,2.43544,2.5712594245575904,2.724429125880535,defined,-0.049852434503574676,sensitivity_only
id:x%3A0x1.2000000000000p%2B3,122,2.16,2.4412000000000003,2.3053805754424097,2.724429125880535,defined,0.049852434503574676,sensitivity_only
id:x%3A0x1.2000000000000p%2B3,123,2.178,2.44696,2.5827794245575904,2.724429125880535,defined,-0.049852434503574676,sensitivity_only
id:x%3A0x1.2000000000000p%2B3,124,2.196,2.4527200000000002,2.3169005754424097,2.724429125880535,defined,0.049852434503574676,sensitivity_only
id:x%3A0x1.2000000000000p%2B3,125,2.214,2.4584799999999998,2.5942994245575903,2.724429125880535,defined,-0.049852434503574676,sensitivity_only
id:x%3A0x1.2000000000000p%2B3,126,2.232,2.46424,2.3284205754424097,2.724429125880535,defined,0.049852434503574676,sensitivity_only
id:x%3A0x1.2000000000000p%2B3,127,2.25,2.4699999999999998,2.6058194245575903,2.724429125880535,defined,-0.049852434503574676,sensitivity_only
id:x%3A0x1.2000000000000p%2B3,128,2.268,2.47576,2.3399405754424096,2.724429125880535,defined,0.049852434503574676,sensitivity_only
id:x%3A0x1.2000000000000p%2B3,129,2.286,2.48152,2.6173394245575907,2.724429125880535,defined,-0.049852434503574676,sensitivity_only
id:x%3A0x1.2000000000000p%2B3,130,2.304,2.48728,2.3514605754424096,2.724429125880535,defined,0.049852434503574676,sensitivity_only
id:x%3A0x1.2000000000000p%2B3,131,2.322,2.49304,2.6288594245575907,2.724429125880535,defined,-0.049852434503574676,sensitivity_only
id:x%3A0x1.2000000000000p%2B3,132,2.34,2.4988,2.3629805754424096,2.724429125880535,defined,0.049852434503574676,sensitivity_only
id:x%3A0x1.2000000000000p%2B3,133,2.358,2.50456,2.6403794245575907,2.724429125880535,defined,-0.049852434503574676,sensitivity_only
id:x%3A0x1.2000000000000p%2B3,134,2.376,2.51032,2.3745005754424096,2.724429125880535,defined,0.049852434503574676,sensitivity_only
id:x%3A0x1.2000000000000p%2B3,135,2.394,2.51608,2.6518994245575906,2.724429125880535,defined,-0.049852434503574676,sensitivity_only
id:x%3A0x1.2000000000000p%2B3,136,2.412,2.52184,2.3860205754424095,2.724429125880535,defined,0.049852434503574676,sensitivity_only
id:x%3A0x1.2000000000000p%2B3,137,2.43,2.5276,2.6634194245575906,2.724429125880535,defined,-0.049852434503574676,sensitivity_only
id:x%3A0x1.2000000000000p%2B3,138,2.448,2.53336,2.3975405754424095,2.724429125880535,defined,0.049852434503574676,sensitivity_only
id:x%3A0x1.2000000000000p%2B3,139,2.466,2.53912,2.6749394245575906,2.724429125880535,defined,-0.049852434503574676,sensitivity_only
id:x%3A0x1.2000000000000p%2B3,140,2.484,2.54488,2.4090605754424095,2.724429125880535,defined,0.049852434503574676,sensitivity_only
id:x%3A0x1.2000000000000p%2B3,141,2.502,2.55064,2.638922625962434,1.7708789318223472,defined,-0.049852434503574676,sensitivity_only
id:x%3A0x1.2000000000000p%2B3,142,2.52,2.5564,2.468117374037566,1.7708789318223472,defined,0.049852434503574676,sensitivity_only
id:x%3A0x1.2000000000000p%2B3,143,2.538,2.56216,2.650442625962434,1.7708789318223472,defined,-0.049852434503574676,sensitivity_only
id:x%3A0x1.2000000000000p%2B3,144,2.556,2.56792,2.479637374037566,1.7708789318223472,defined,0.049852434503574676,sensitivity_only
id:x%3A0x1.2000000000000p%2B3,145,2.574,2.57368,2.661962625962434,1.7708789318223472,defined,-0.049852434503574676,sensitivity_only
id:x%3A0x1.2000000000000p%2B3,146,2.592,2.57944,2.491157374037566,1.7708789318223472,defined,0.049852434503574676,sensitivity_only
id:x%3A0x1.2000000000000p%2B3,147,2.61,2.5852,2.673482625962434,1.7708789318223472,defined,-0.049852434503574676,sensitivity_only
id:x%3A0x1.2000000000000p%2B3,148,2.628,2.59096,2.502677374037566,1.7708789318223472,defined,0.049852434503574676,sensitivity_only
id:x%3A0x1.2000000000000p%2B3,149,2.646,2.59672,2.6850026259624338,1.7708789318223472,defined,-0.049852434503574676,sensitivity_only
id:x%3A0x1.2000000000000p%2B3,150,2.664,2.60248,2.514197374037566,1.7708789318223472,defined,0.049852434503574676,sensitivity_only
id:x%3A0x1.2000000000000p%2B3,151,2.682,2.60824,2.6965226259624338,1.7708789318223472,defined,-0.049852434503574676,sensitivity_only
id:x%3A0x1.2000000000000p%2B3,152,2.7,2.614,2.525717374037566,1.7708789318223472,defined,0.049852434503574676,sensitivity_only
id:x%3A0x1.2000000000000p%2B3,153,2.718,2.61976,2.7080426259624337,1.7708789318223472,defined,-0.049852434503574676,sensitivity_only
id:x%3A0x1.2000000000000p%2B3,154,2.736,2.62552,2.537237374037566,1.7708789318223472,defined,0.049852434503574676,sensitivity_only
id:x%3A0x1.2000000000000p%2B3,155,2.754,2.6312800000000003,2.719562625962434,1.7708789318223472,defined,-0.049852434503574676,sensitivity_only
id:x%3A0x1.2000000000000p%2B3,156,2.772,2.63704,2.548757374037566,1.7708789318223472,defined,0.049852434503574676,sensitivity_only
id:x%3A0x1.2000000000000p%2B3,157,2.79,2.6428000000000003,2.731082625962434,1.7708789318223472,defined,-0.049852434503574676,sensitivity_only
id:x%3A0x1.2000000000000p%2B3,158,2.808,2.64856,2.560277374037566,1.7708789318223472,defined,0.049852434503574676,sensitivity_only
id:x%3A0x1.2000000000000p%2B3,159,2.826,2.6543200000000002,2.742602625962434,1.7708789318223472,defined,-0.049852434503574676,sensitivity_only
id:x%3A0x1.2000000000000p%2B3,160,2.844,2.66008,2.571797374037566,1.7708789318223472,defined,0.049852434503574676,sensitivity_only
id:x%3A0x1.2000000000000p%2B3,161,2.862,2.66584,2.754122625962434,1.7708789318223472,defined,-0.049852434503574676,sensitivity_only
id:x%3A0x1.2000000000000p%2B3,162,2.88,2.6715999999999998,2.583317374037566,1.7708789318223472,defined,0.049852434503574676,sensitivity_only
id:x%3A0x1.2000000000000p%2B3,163,2.898,2.67736,2.765642625962434,1.7708789318223472,defined,-0.049852434503574676,sensitivity_only
id:x%3A0x1.2000000000000p%2B3,164,2.916,2.6831199999999997,2.594837374037566,1.7708789318223472,defined,0.049852434503574676,sensitivity_only
id:x%3A0x1.2000000000000p%2B3,165,2.934,2.68888,2.777162625962434,1.7708789318223472,defined,-0.049852434503574676,sensitivity_only
id:x%3A0x1.2000000000000p%2B3,166,2.952,2.69464,2.6063573740375663,1.7708789318223472,defined,0.049852434503574676,sensitivity_only
id:x%3A0x1.2000000000000p%2B3,167,2.97,2.7004,2.788682625962434,1.7708789318223472,defined,-0.049852434503574676,sensitivity_only
id:x%3A0x1.2000000000000p%2B3,168,2.988,2.70616,2.6178773740375663,1.7708789318223472,defined,0.049852434503574676,sensitivity_only
id:x%3A0x1.2000000000000p%2B3,169,3.0,2.71,2.798282625962434,1.7708789318223472,defined,-0.049852434503574676,sensitivity_only
id:x%3A0x1.2000000000000p%2B3,170,3.006,2.71192,2.6236373740375662,1.7708789318223472,defined,0.049852434503574676,sensitivity_only
id:x%3A0x1.2000000000000p%2B3,171,3.024,2.71768,2.805962625962434,1.7708789318223472,defined,-0.049852434503574676,sensitivity_only
id:x%3A0x1.2000000000000p%2B3,172,3.042,2.72344,2.6351573740375662,1.7708789318223472,defined,0.049852434503574676,sensitivity_only
id:x%3A0x1.2000000000000p%2B3,173,3.06,2.7292,2.817482625962434,1.7708789318223472,defined,-0.049852434503574676,sensitivity_only
id:x%3A0x1.2000000000000p%2B3,174,3.078,2.73496,2.646677374037566,1.7708789318223472,defined,0.049852434503574676,sensitivity_only
id:x%3A0x1.2000000000000p%2B3,175,3.096,2.74072,2.829002625962434,1.7708789318223472,defined,-0.049852434503574676,sensitivity_only
id:x%3A0x1.2000000000000p%2B3,176,3.114,2.74648,2.658197374037566,1.7708789318223472,defined,0.049852434503574676,sensitivity_only
id:x%3A0x1.2000000000000p%2B3,177,3.132,2.75224,2.840522625962434,1.7708789318223472,defined,-0.049852434503574676,sensitivity_only
id:x%3A0x1.2000000000000p%2B3,178,3.15,2.758,2.669717374037566,1.7708789318223472,defined,0.049852434503574676,sensitivity_only
id:x%3A0x1.2000000000000p%2B3,179,3.168,2.76376,2.852042625962434,1.7708789318223472,defined,-0.049852434503574676,sensitivity_only
id:x%3A0x1.2000000000000p%2B3,180,3.186,2.76952,2.681237374037566,1.7708789318223472,defined,0.049852434503574676,sensitivity_only
id:x%3A0x1.2000000000000p%2B3,181,3.204,2.77528,2.863562625962434,1.7708789318223472,defined,-0.049852434503574676,sensitivity_only
id:x%3A0x1.2000000000000p%2B3,182,3.222,2.78104,2.692757374037566,1.7708789318223472,defined,0.049852434503574676,sensitivity_only
id:x%3A0x1.2000000000000p%2B3,183,3.24,2.7868000000000004,2.8750826259624342,1.7708789318223472,defined,-0.049852434503574676,sensitivity_only
id:x%3A0x1.2000000000000p%2B3,184,3.258,2.79256,2.704277374037566,1.7708789318223472,defined,0.049852434503574676,sensitivity_only
id:x%3A0x1.2000000000000p%2B3,185,3.276,2.79832,2.8866026259624338,1.7708789318223472,defined,-0.049852434503574676,sensitivity_only
id:x%3A0x1.2000000000000p%2B3,186,3.294,2.80408,2.715797374037566,1.7708789318223472,defined,0.049852434503574676,sensitivity_only
id:x%3A0x1.2000000000000p%2B3,187,3.312,2.80984,2.8981226259624338,1.7708789318223472,defined,-0.049852434503574676,sensitivity_only
id:x%3A0x1.2000000000000p%2B3,188,3.33,2.8156,2.727317374037566,1.7708789318223472,defined,0.049852434503574676,sensitivity_only
id:x%3A0x1.2000000000000p%2B3,189,3.348,2.8213600000000003,2.909642625962434,1.7708789318223472,defined,-0.049852434503574676,sensitivity_only
id:x%3A0x1.2000000000000p%2B3,190,3.366,2.82712,2.738837374037566,1.7708789318223472,defined,0.049852434503574676,sensitivity_only
id:x%3A0x1.2000000000000p%2B3,191,3.384,2.8328800000000003,2.921162625962434,1.7708789318223472,defined,-0.049852434503574676,sensitivity_only
id:x%3A0x1.2000000000000p%2B3,192,3.402,2.83864,2.750357374037566,1.7708789318223472,defined,0.049852434503574676,sensitivity_only
id:x%3A0x1.2000000000000p%2B3,193,3.42,2.8444000000000003,2.932682625962434,1.7708789318223472,defined,-0.049852434503574676,sensitivity_only
id:x%3A0x1.2000000000000p%2B3,194,3.438,2.85016,2.761877374037566,1.7708789318223472,defined,0.049852434503574676,sensitivity_only
id:x%3A0x1.2000000000000p%2B3,195,3.456,2.8559200000000002,2.944202625962434,1.7708789318223472,defined,-0.049852434503574676,sensitivity_only
id:x%3A0x1.2000000000000p%2B3,196,3.474,2.86168,2.773397374037566,1.7708789318223472,defined,0.049852434503574676,sensitivity_only
id:x%3A0x1.2000000000000p%2B3,197,3.492,2.86744,2.955722625962434,1.7708789318223472,defined,-0.049852434503574676,sensitivity_only
id:x%3A0x1.2000000000000p%2B3,198,3.5,2.87,2.7817173740375662,1.7708789318223472,defined,0.049852434503574676,sensitivity_only
id:x%3A0x1.2000000000000p%2B3,199,3.51,2.8798,3.02241039578547,2.8606505821745607,defined,-0.049852434503574676,sensitivity_only
id:x%3A0x1.2000000000000p%2B3,200,3.528,2.89744,2.75482960421453,2.8606505821745607,defined,0.049852434503574676,sensitivity_only
id:x%3A0x1.2000000000000p%2B3,201,3.546,2.91508,3.05769039578547,2.8606505821745607,defined,-0.049852434503574676,sensitivity_only
id:x%3A0x1.2000000000000p%2B3,202,3.564,2.93272,2.79010960421453,2.8606505821745607,defined,0.049852434503574676,sensitivity_only
id:x%3A0x1.2000000000000p%2B3,203,3.582,2.95036,3.09297039578547,2.8606505821745607,defined,-0.049852434503574676,sensitivity_only
id:x%3A0x1.2000000000000p%2B3,204,3.6,2.968,2.82538960421453,2.8606505821745607,defined,0.049852434503574676,sensitivity_only
id:x%3A0x1.2000000000000p%2B3,205,3.618,2.98564,3.12825039578547,2.8606505821745607,defined,-0.049852434503574676,sensitivity_only
id:x%3A0x1.2000000000000p%2B3,206,3.636,3.00328,2.86066960421453,2.8606505821745607,defined,0.049852434503574676,sensitivity_only
id:x%3A0x1.2000000000000p%2B3,207,3.654,3.02092,3.16353039578547,2.8606505821745607,defined,-0.049852434503574676,sensitivity_only
id:x%3A0x1.2000000000000p%2B3,208,3.672,3.0385600000000004,2.8959496042145303,2.8606505821745607,defined,0.049852434503574676,sensitivity_only
id:x%3A0x1.2000000000000p%2B3,209,3.69,3.0562,3.19881039578547,2.8606505821745607,defined,-0.049852434503574676,sensitivity_only
id:x%3A0x1.2000000000000p%2B3,210,3.708,3.07384,2.93122960421453,2.8606505821745607,defined,0.049852434503574676,sensitivity_only
id:x%3A0x1.2000000000000p%2B3,211,3.726,3.0914800000000002,3.2340903957854703,2.8606505821745607,defined,-0.049852434503574676,sensitivity_only
id:x%3A0x1.2000000000000p%2B3,212,3.744,3.1091200000000003,2.9665096042145302,2.8606505821745607,defined,0.049852434503574676,sensitivity_only
id:x%3A0x1.2000000000000p%2B3,213,3.762,3.12676,3.26937039578547,2.8606505821745607,defined,-0.049852434503574676,sensitivity_only
id:x%3A0x1.2000000000000p%2B3,214,3.78,3.1444,3.00178960421453,2.8606505821745607,defined,0.049852434503574676,sensitivity_only
id:x%3A0x1.2000000000000p%2B3,215,3.798,3.16204,3.3046503957854703,2.8606505821745607,defined,-0.049852434503574676,sensitivity_only
id:x%3A0x1.2000000000000p%2B3,216,3.816,3.17968,3.0370696042145298,2.8606505821745607,defined,0.049852434503574676,sensitivity_only
id:x%3A0x1.2000000000000p%2B3,217,3.834,3.1973200000000004,3.3399303957854705,2.8606505821745607,defined,-0.049852434503574676,sensitivity_only
id:x%3A0x1.2000000000000p%2B3,218,3.852,3.21496,3.07234960421453,2.8606505821745607,defined,0.049852434503574676,sensitivity_only
id:x%3A0x1.2000000000000p%2B3,219,3.87,3.2326,3.37521039578547,2.8606505821745607,defined,-0.049852434503574676,sensitivity_only
id:x%3A0x1.2000000000000p%2B3,220,3.888,3.25024,3.1076296042145297,2.8606505821745607,defined,0.049852434503574676,sensitivity_only
id:x%3A0x1.2000000000000p%2B3,221,3.906,3.2678800000000003,3.4104903957854704,2.8606505821745607,defined,-0.049852434503574676,sensitivity_only
id:x%3A0x1.2000000000000p%2B3,222,3.924,3.28552,3.14290960421453,2.8606505821745607,defined,0.049852434503574676,sensitivity_only
id:x%3A0x1.2000000000000p%2B3,223,3.942,3.30316,3.44577039578547,2.8606505821745607,defined,-0.049852434503574676,sensitivity_only
id:x%3A0x1.2000000000000p%2B3,224,3.96,3.3208,3.17818960421453,2.8606505821745607,defined,0.049852434503574676,sensitivity_only
id:x%3A0x1.2000000000000p%2B3,225,3.978,3.3384400000000003,3.4810503957854704,2.8606505821745607,defined,-0.049852434503574676,sensitivity_only
id:x%3A0x1.2000000000000p%2B3,226,3.996,3.35608,3.21346960421453,2.8606505821745607,defined,0.049852434503574676,sensitivity_only
id:x%3A0x1.2000000000000p%2B3,227,4.0,3.3600000000000003,3.5026103957854704,2.8606505821745607,defined,-0.049852434503574676,sensitivity_only
id:x%3A0x1.2000000000000p%2B3,228,4.014,3.3737200000000005,3.2311096042145304,2.8606505821745607,defined,0.049852434503574676,sensitivity_only
id:x%3A0x1.2000000000000p%2B3,229,4.032,3.39136,3.5339703957854702,2.8606505821745607,defined,-0.049852434503574676,sensitivity_only
id:x%3A0x1.2000000000000p%2B3,230,4.05,3.409,3.2663896042145297,2.8606505821745607,defined,0.049852434503574676,sensitivity_only
id:x%3A0x1.2000000000000p%2B3,231,4.068,3.42664,3.56925039578547,2.8606505821745607,defined,-0.049852434503574676,sensitivity_only
id:x%3A0x1.2000000000000p%2B3,232,4.086,3.4442800000000005,3.3016696042145304,2.8606505821745607,defined,0.049852434503574676,sensitivity_only
id:x%3A0x1.2000000000000p%2B3,233,4.104,3.46192,3.60453039578547,2.8606505821745607,defined,-0.049852434503574676,sensitivity_only
id:x%3A0x1.2000000000000p%2B3,234,4.122,3.47956,3.33694960421453,2.8606505821745607,defined,0.049852434503574676,sensitivity_only
id:x%3A0x1.2000000000000p%2B3,235,4.14,3.4972,3.63981039578547,2.8606505821745607,defined,-0.049852434503574676,sensitivity_only
id:x%3A0x1.2000000000000p%2B3,236,4.158,3.5148400000000004,3.3722296042145303,2.8606505821745607,defined,0.049852434503574676,sensitivity_only
id:x%3A0x1.2000000000000p%2B3,237,4.176,3.5324800000000005,3.6750903957854706,2.8606505821745607,defined,-0.049852434503574676,sensitivity_only
id:x%3A0x1.2000000000000p%2B3,238,4.194,3.55012,3.40750960421453,2.8606505821745607,defined,0.049852434503574676,sensitivity_only
id:x%3A0x1.2000000000000p%2B3,239,4.212,3.56776,3.71037039578547,2.8606505821745607,defined,-0.049852434503574676,sensitivity_only
id:x%3A0x1.2000000000000p%2B3,240,4.23,3.5854000000000004,3.4427896042145303,2.8606505821745607,defined,0.049852434503574676,sensitivity_only
id:x%3A0x1.2000000000000p%2B3,241,4.248,3.6030400000000005,3.7456503957854705,2.8606505821745607,defined,-0.049852434503574676,sensitivity_only
id:x%3A0x1.2000000000000p%2B3,242,4.266,3.62068,3.47806960421453,2.8606505821745607,defined,0.049852434503574676,sensitivity_only
id:x%3A0x1.2000000000000p%2B3,243,4.284,3.6383199999999998,3.78093039578547,2.8606505821745607,defined,-0.049852434503574676,sensitivity_only
id:x%3A0x1.2000000000000p%2B3,244,4.302,3.6559599999999994,3.5133496042145294,2.8606505821745607,defined,0.049852434503574676,sensitivity_only
id:x%3A0x1.2000000000000p%2B3,245,4.32,3.6736000000000004,3.8162103957854705,2.8606505821745607,defined,-0.049852434503574676,sensitivity_only
id:x%3A0x1.2000000000000p%2B3,246,4.338,3.69124,3.54862960421453,2.8606505821745607,defined,0.049852434503574676,sensitivity_only
id:x%3A0x1.2000000000000p%2B3,247,4.356,3.7088799999999997,3.85149039578547,2.8606505821745607,defined,-0.049852434503574676,sensitivity_only
id:x%3A0x1.2000000000000p%2B3,248,4.374,3.72652,3.5839096042145298,2.8606505821745607,defined,0.049852434503574676,sensitivity_only
id:x%3A0x1.2000000000000p%2B3,249,4.392,3.7441600000000004,3.8867703957854705,2.8606505821745607,defined,-0.049852434503574676,sensitivity_only
id:x%3A0x1.2000000000000p%2B3,250,4.41,3.7618,3.61918960421453,2.8606505821745607,defined,0.049852434503574676,sensitivity_only
id:x%3A0x1.2000000000000p%2B3,251,4.428,3.77944,3.92205039578547,2.8606505821745607,defined,-0.049852434503574676,sensitivity_only
id:x%3A0x1.2000000000000p%2B3,252,4.446,3.79708,3.6544696042145297,2.8606505821745607,defined,0.049852434503574676,sensitivity_only
id:x%3A0x1.2000000000000p%2B3,253,4.464,3.8147200000000003,3.9573303957854704,2.8606505821745607,defined,-0.049852434503574676,sensitivity_only
id:x%3A0x1.2000000000000p%2B3,254,4.482,3.8323600000000004,3.6897496042145304,2.8606505821745607,defined,0.049852434503574676,sensitivity_only
id:x%3A0x1.2000000000000p%2B3,255,4.5,3.85,3.99261039578547,2.8606505821745607,defined,-0.049852434503574676,sensitivity_only
id:x%3A0x1.2000000000000p%2B3,256,4.518,3.8676399999999997,3.731820575442409,2.724429125880535,defined,0.049852434503574676,sensitivity_only
id:x%3A0x1.2000000000000p%2B3,257,4.536,3.88528,4.02109942455759,2.724429125880535,defined,-0.049852434503574676,sensitivity_only
id:x%3A0x1.2000000000000p%2B3,258,4.554,3.9029200000000004,3.76710057544241,2.724429125880535,defined,0.049852434503574676,sensitivity_only
id:x%3A0x1.2000000000000p%2B3,259,4.572,3.92056,4.056379424557591,2.724429125880535,defined,-0.049852434503574676,sensitivity_only
id:x%3A0x1.2000000000000p%2B3,260,4.59,3.9382,3.8023805754424096,2.724429125880535,defined,0.049852434503574676,sensitivity_only
id:x%3A0x1.2000000000000p%2B3,261,4.608,3.95584,4.091659424557591,2.724429125880535,defined,-0.049852434503574676,sensitivity_only
id:x%3A0x1.2000000000000p%2B3,262,4.626,3.9734800000000003,3.83766057544241,2.724429125880535,defined,0.049852434503574676,sensitivity_only
id:x%3A0x1.2000000000000p%2B3,263,4.644,3.9911200000000004,4.126939424557591,2.724429125880535,defined,-0.049852434503574676,sensitivity_only
id:x%3A0x1.2000000000000p%2B3,264,4.662,4.0087600000000005,3.87294057544241,2.724429125880535,defined,0.049852434503574676,sensitivity_only
id:x%3A0x1.2000000000000p%2B3,265,4.68,4.0264,4.16221942455759,2.724429125880535,defined,-0.049852434503574676,sensitivity_only
id:x%3A0x1.2000000000000p%2B3,266,4.698,4.044040000000001,3.90822057544241,2.724429125880535,defined,0.049852434503574676,sensitivity_only
id:x%3A0x1.2000000000000p%2B3,267,4.716,4.06168,4.1974994245575905,2.724429125880535,defined,-0.049852434503574676,sensitivity_only
id:x%3A0x1.2000000000000p%2B3,268,4.734,4.07932,3.9435005754424095,2.724429125880535,defined,0.049852434503574676,sensitivity_only
id:x%3A0x1.2000000000000p%2B3,269,4.752,4.09696,4.232779424557591,2.724429125880535,defined,-0.049852434503574676,sensitivity_only
id:x%3A0x1.2000000000000p%2B3,270,4.77,4.114599999999999,3.978780575442409,2.724429125880535,defined,0.049852434503574676,sensitivity_only
id:x%3A0x1.2000000000000p%2B3,271,4.788,4.13224,4.268059424557591,2.724429125880535,defined,-0.049852434503574676,sensitivity_only
id:x%3A0x1.2000000000000p%2B3,272,4.806,4.1498800000000005,4.01406057544241,2.724429125880535,defined,0.049852434503574676,sensitivity_only
id:x%3A0x1.2000000000000p%2B3,273,4.824,4.16752,4.30333942455759,2.724429125880535,defined,-0.049852434503574676,sensitivity_only
id:x%3A0x1.2000000000000p%2B3,274,4.842,4.18516,4.049340575442409,2.724429125880535,defined,0.049852434503574676,sensitivity_only
id:x%3A0x1.2000000000000p%2B3,275,4.86,4.2028,4.33861942455759,2.724429125880535,defined,-0.049852434503574676,sensitivity_only
id:x%3A0x1.2000000000000p%2B3,276,4.878,4.22044,4.084620575442409,2.724429125880535,defined,0.049852434503574676,sensitivity_only
id:x%3A0x1.2000000000000p%2B3,277,4.896,4.23808,4.373899424557591,2.724429125880535,defined,-0.049852434503574676,sensitivity_only
id:x%3A0x1.2000000000000p%2B3,278,4.914,4.25572,4.11990057544241,2.724429125880535,defined,0.049852434503574676,sensitivity_only
id:x%3A0x1.2000000000000p%2B3,279,4.932,4.27336,4.409179424557591,2.724429125880535,defined,-0.049852434503574676,sensitivity_only
id:x%3A0x1.2000000000000p%2B3,280,4.95,4.291,4.15518057544241,2.724429125880535,defined,0.049852434503574676,sensitivity_only
id:x%3A0x1.2000000000000p%2B3,281,4.968,4.3086400000000005,4.444459424557591,2.724429125880535,defined,-0.049852434503574676,sensitivity_only
id:x%3A0x1.2000000000000p%2B3,282,4.986,4.32628,4.190460575442409,2.724429125880535,defined,0.049852434503574676,sensitivity_only
id:x%3A0x1.2000000000000p%2B3,283,5.0,4.34,4.47581942455759,2.724429125880535,defined,-0.049852434503574676,sensitivity_only
id:x%3A0x1.2000000000000p%2B3,284,5.004,4.34392,4.208100575442409,2.724429125880535,defined,0.049852434503574676,sensitivity_only
id:x%3A0x1.2000000000000p%2B3,285,5.022,4.361560000000001,4.497379424557591,2.724429125880535,defined,-0.049852434503574676,sensitivity_only
id:x%3A0x1.2000000000000p%2B3,286,5.04,4.3792,4.243380575442409,2.724429125880535,defined,0.049852434503574676,sensitivity_only
id:x%3A0x1.2000000000000p%2B3,287,5.058,4.39684,4.532659424557591,2.724429125880535,defined,-0.049852434503574676,sensitivity_only
id:x%3A0x1.2000000000000p%2B3,288,5.076,4.414479999999999,4.278660575442409,2.724429125880535,defined,0.049852434503574676,sensitivity_only
id:x%3A0x1.2000000000000p%2B3,289,5.094,4.43212,4.567939424557591,2.724429125880535,defined,-0.049852434503574676,sensitivity_only
id:x%3A0x1.2000000000000p%2B3,290,5.112,4.44976,4.31394057544241,2.724429125880535,defined,0.049852434503574676,sensitivity_only
id:x%3A0x1.2000000000000p%2B3,291,5.13,4.4674,4.60321942455759,2.724429125880535,defined,-0.049852434503574676,sensitivity_only
id:x%3A0x1.2000000000000p%2B3,292,5.148,4.48504,4.349220575442409,2.724429125880535,defined,0.049852434503574676,sensitivity_only
id:x%3A0x1.2000000000000p%2B3,293,5.166,4.502680000000001,4.638499424557591,2.724429125880535,defined,-0.049852434503574676,sensitivity_only
id:x%3A0x1.2000000000000p%2B3,294,5.184,4.52032,4.384500575442409,2.724429125880535,defined,0.049852434503574676,sensitivity_only
id:x%3A0x1.2000000000000p%2B3,295,5.202,4.53796,4.6737794245575905,2.724429125880535,defined,-0.049852434503574676,sensitivity_only
id:x%3A0x1.2000000000000p%2B3,296,5.22,4.5556,4.4197805754424095,2.724429125880535,defined,0.049852434503574676,sensitivity_only
id:x%3A0x1.2000000000000p%2B3,297,5.238,4.57324,4.709059424557591,2.724429125880535,defined,-0.049852434503574676,sensitivity_only
id:x%3A0x1.2000000000000p%2B3,298,5.256,4.59088,4.45506057544241,2.724429125880535,defined,0.049852434503574676,sensitivity_only
id:x%3A0x1.2000000000000p%2B3,299,5.274,4.60852,4.744339424557591,2.724429125880535,defined,-0.049852434503574676,sensitivity_only
id:x%3A0x1.2000000000000p%2B3,300,5.292,4.62616,4.490340575442409,2.724429125880535,defined,0.049852434503574676,sensitivity_only
id:x%3A0x1.2000000000000p%2B3,301,5.31,4.6438,4.77961942455759,2.724429125880535,defined,-0.049852434503574676,sensitivity_only
id:x%3A0x1.2000000000000p%2B3,302,5.328,4.661440000000001,4.52562057544241,2.724429125880535,defined,0.049852434503574676,sensitivity_only
id:x%3A0x1.2000000000000p%2B3,303,5.346,4.67908,4.8148994245575905,2.724429125880535,defined,-0.049852434503574676,sensitivity_only
id:x%3A0x1.2000000000000p%2B3,304,5.364,4.69672,4.5609005754424095,2.724429125880535,defined,0.049852434503574676,sensitivity_only
id:x%3A0x1.2000000000000p%2B3,305,5.382,4.714359999999999,4.85017942455759,2.724429125880535,defined,-0.049852434503574676,sensitivity_only
id:x%3A0x1.2000000000000p%2B3,306,5.4,4.732,4.59618057544241,2.724429125880535,defined,0.049852434503574676,sensitivity_only
id:x%3A0x1.2000000000000p%2B3,307,5.418,4.74964,4.885459424557591,2.724429125880535,defined,-0.049852434503574676,sensitivity_only
id:x%3A0x1.2000000000000p%2B3,308,5.436,4.7672799999999995,4.631460575442409,2.724429125880535,defined,0.049852434503574676,sensitivity_only
id:x%3A0x1.2000000000000p%2B3,309,5.454,4.78492,4.92073942455759,2.724429125880535,defined,-0.049852434503574676,sensitivity_only
id:x%3A0x1.2000000000000p%2B3,310,5.472,4.802560000000001,4.66674057544241,2.724429125880535,defined,0.049852434503574676,sensitivity_only
id:x%3A0x1.2000000000000p%2B3,311,5.49,4.8202,4.95601942455759,2.724429125880535,defined,-0.049852434503574676,sensitivity_only
id:x%3A0x1.2000000000000p%2B3,312,5.508,4.83784,4.702020575442409,2.7244291258805333,defined,0.049852434503574676,sensitivity_only
id:x%3A0x1.2000000000000p%2B3,313,5.526,4.85548,4.991299424557591,2.7244291258805333,defined,-0.049852434503574676,sensitivity_only
id:x%3A0x1.2000000000000p%2B3,314,5.544,4.87312,4.73730057544241,2.7244291258805333,defined,0.049852434503574676,sensitivity_only
id:x%3A0x1.2000000000000p%2B3,315,5.562,4.89076,5.026579424557591,2.7244291258805333,defined,-0.049852434503574676,sensitivity_only
id:x%3A0x1.2000000000000p%2B3,316,5.58,4.9084,4.77258057544241,2.7244291258805333,defined,0.049852434503574676,sensitivity_only
id:x%3A0x1.2000000000000p%2B3,317,5.598,4.92604,5.061859424557591,2.7244291258805333,defined,-0.049852434503574676,sensitivity_only
id:x%3A0x1.2000000000000p%2B3,318,5.616,4.94368,4.807860575442409,2.7244291258805333,defined,0.049852434503574676,sensitivity_only
id:x%3A0x1.2000000000000p%2B3,319,5.634,4.961320000000001,5.097139424557591,2.7244291258805333,defined,-0.049852434503574676,sensitivity_only
id:x%3A0x1.2000000000000p%2B3,320,5.652,4.978960000000001,4.84314057544241,2.7244291258805333,defined,0.049852434503574676,sensitivity_only
id:x%3A0x1.2000000000000p%2B3,321,5.67,4.9966,5.1324194245575905,2.7244291258805333,defined,-0.049852434503574676,sensitivity_only
id:x%3A0x1.2000000000000p%2B3,322,5.688,5.014239999999999,4.878420575442409,2.7244291258805333,defined,0.049852434503574676,sensitivity_only
id:x%3A0x1.2000000000000p%2B3,323,5.706,5.031880000000001,5.167699424557592,2.7244291258805333,defined,-0.049852434503574676,sensitivity_only
id:x%3A0x1.2000000000000p%2B3,324,5.724,5.04952,4.91370057544241,2.7244291258805333,defined,0.049852434503574676,sensitivity_only
id:x%3A0x1.2000000000000p%2B3,325,5.742,5.067159999999999,5.20297942455759,2.7244291258805333,defined,-0.049852434503574676,sensitivity_only
id:x%3A0x1.2000000000000p%2B3,326,5.76,5.0847999999999995,4.948980575442409,2.7244291258805333,defined,0.049852434503574676,sensitivity_only
id:x%3A0x1.2000000000000p%2B3,327,5.778,5.10244,5.23825942455759,2.7244291258805333,defined,-0.049852434503574676,sensitivity_only
id:x%3A0x1.2000000000000p%2B3,328,5.796,5.12008,4.984260575442409,2.7244291258805333,defined,0.049852434503574676,sensitivity_only
id:x%3A0x1.2000000000000p%2B3,329,5.814,5.13772,5.27353942455759,2.7244291258805333,defined,-0.049852434503574676,sensitivity_only
id:x%3A0x1.2000000000000p%2B3,330,5.832,5.15536,5.019540575442409,2.7244291258805333,defined,0.049852434503574676,sensitivity_only
id:x%3A0x1.2000000000000p%2B3,331,5.85,5.173,5.308819424557591,2.7244291258805333,defined,-0.049852434503574676,sensitivity_only
id:x%3A0x1.2000000000000p%2B3,332,5.868,5.19064,5.05482057544241,2.7244291258805333,defined,0.049852434503574676,sensitivity_only
id:x%3A0x1.2000000000000p%2B3,333,5.886,5.20828,5.344099424557591,2.7244291258805333,defined,-0.049852434503574676,sensitivity_only
id:x%3A0x1.2000000000000p%2B3,334,5.904,5.22592,5.09010057544241,2.7244291258805333,defined,0.049852434503574676,sensitivity_only
id:x%3A0x1.2000000000000p%2B3,335,5.922,5.24356,5.379379424557591,2.7244291258805333,defined,-0.049852434503574676,sensitivity_only
id:x%3A0x1.2000000000000p%2B3,336,5.94,5.2612000000000005,5.12538057544241,2.7244291258805333,defined,0.049852434503574676,sensitivity_only
id:x%3A0x1.2000000000000p%2B3,337,5.958,5.278840000000001,5.414659424557591,2.7244291258805333,defined,-0.049852434503574676,sensitivity_only
id:x%3A0x1.2000000000000p%2B3,338,5.976,5.29648,5.160660575442409,2.7244291258805333,defined,0.049852434503574676,sensitivity_only
id:x%3A0x1.2000000000000p%2B3,339,5.994,5.31412,5.4499394245575905,2.7244291258805333,defined,-0.049852434503574676,sensitivity_only
id:x%3A0x1.2000000000000p%2B3,340,6.0,5.32,5.18418057544241,2.7244291258805333,defined,0.049852434503574676,sensitivity_only
id:x%3A0x1.2000000000000p%2B3,341,6.012,5.331759999999999,5.46757942455759,2.7244291258805333,defined,-0.049852434503574676,sensitivity_only
id:x%3A0x1.2000000000000p%2B3,342,6.03,5.3494,5.21358057544241,2.7244291258805333,defined,0.049852434503574676,sensitivity_only
id:x%3A0x1.2000000000000p%2B3,343,6.048,5.36704,5.502859424557591,2.7244291258805333,defined,-0.049852434503574676,sensitivity_only
id:x%3A0x1.2000000000000p%2B3,344,6.066,5.3846799999999995,5.248860575442409,2.7244291258805333,defined,0.049852434503574676,sensitivity_only
id:x%3A0x1.2000000000000p%2B3,345,6.084,5.40232,5.53813942455759,2.7244291258805333,defined,-0.049852434503574676,sensitivity_only
id:x%3A0x1.2000000000000p%2B3,346,6.102,5.4199600000000006,5.28414057544241,2.7244291258805333,defined,0.049852434503574676,sensitivity_only
id:x%3A0x1.2000000000000p%2B3,347,6.12,5.4376,5.57341942455759,2.7244291258805333,defined,-0.049852434503574676,sensitivity_only
id:x%3A0x1.2000000000000p%2B3,348,6.138,5.45524,5.319420575442409,2.7244291258805333,defined,0.049852434503574676,sensitivity_only
id:x%3A0x1.2000000000000p%2B3,349,6.156,5.47288,5.6086994245575905,2.7244291258805333,defined,-0.049852434503574676,sensitivity_only
id:x%3A0x1.2000000000000p%2B3,350,6.174,5.49052,5.3547005754424095,2.7244291258805333,defined,0.049852434503574676,sensitivity_only
id:x%3A0x1.2000000000000p%2B3,351,6.192,5.50816,5.643979424557591,2.7244291258805333,defined,-0.049852434503574676,sensitivity_only
id:x%3A0x1.2000000000000p%2B3,352,6.21,5.5258,5.38998057544241,2.7244291258805333,defined,0.049852434503574676,sensitivity_only
id:x%3A0x1.2000000000000p%2B3,353,6.228,5.54344,5.679259424557591,2.7244291258805333,defined,-0.049852434503574676,sensitivity_only
id:x%3A0x1.2000000000000p%2B3,354,6.246,5.5610800000000005,5.42526057544241,2.7244291258805333,defined,0.049852434503574676,sensitivity_only
id:x%3A0x1.2000000000000p%2B3,355,6.264,5.578720000000001,5.714539424557591,2.7244291258805333,defined,-0.049852434503574676,sensitivity_only
id:x%3A0x1.2000000000000p%2B3,356,6.282,5.596360000000001,5.46054057544241,2.7244291258805333,defined,0.049852434503574676,sensitivity_only
id:x%3A0x1.2000000000000p%2B3,357,6.3,5.614,5.74981942455759,2.7244291258805333,defined,-0.049852434503574676,sensitivity_only
id:x%3A0x1.2000000000000p%2B3,358,6.318,5.631639999999999,5.4958205754424085,2.7244291258805333,defined,0.049852434503574676,sensitivity_only
id:x%3A0x1.2000000000000p%2B3,359,6.336,5.649280000000001,5.7850994245575915,2.7244291258805333,defined,-0.049852434503574676,sensitivity_only
id:x%3A0x1.2000000000000p%2B3,360,6.354,5.66692,5.53110057544241,2.7244291258805333,defined,0.049852434503574676,sensitivity_only
id:x%3A0x1.2000000000000p%2B3,361,6.372,5.684559999999999,5.82037942455759,2.7244291258805333,defined,-0.049852434503574676,sensitivity_only
id:x%3A0x1.2000000000000p%2B3,362,6.39,5.7021999999999995,5.566380575442409,2.7244291258805333,defined,0.049852434503574676,sensitivity_only
id:x%3A0x1.2000000000000p%2B3,363,6.408,5.7198400000000005,5.855659424557591,2.7244291258805333,defined,-0.049852434503574676,sensitivity_only
id:x%3A0x1.2000000000000p%2B3,364,6.426,5.73748,5.601660575442409,2.7244291258805333,defined,0.049852434503574676,sensitivity_only
id:x%3A0x1.2000000000000p%2B3,365,6.444,5.75512,5.89093942455759,2.7244291258805333,defined,-0.049852434503574676,sensitivity_only
id:x%3A0x1.2000000000000p%2B3,366,6.462,5.77276,5.636940575442409,2.7244291258805333,defined,0.049852434503574676,sensitivity_only
id:x%3A0x1.2000000000000p%2B3,367,6.48,5.7904,5.9262194245575905,2.7244291258805333,defined,-0.049852434503574676,sensitivity_only
id:x%3A0x1.2000000000000p%2B3,368,6.498,5.80804,5.6722205754424095,2.7244291258805333,defined,0.049852434503574676,sensitivity_only
id:x%3A0x1.2000000000000p%2B3,369,6.516,5.82568,5.961499424557591,2.7244291258805333,defined,-0.049852434503574676,sensitivity_only
id:x%3A0x1.2000000000000p%2B3,370,6.534,5.84332,5.70750057544241,2.7244291258805333,defined,0.049852434503574676,sensitivity_only
id:x%3A0x1.2000000000000p%2B3,371,6.552,5.8609599999999995,5.99677942455759,2.7244291258805333,defined,-0.049852434503574676,sensitivity_only
id:x%3A0x1.2000000000000p%2B3,372,6.57,5.8786000000000005,5.74278057544241,2.7244291258805333,defined,0.049852434503574676,sensitivity_only
id:x%3A0x1.2000000000000p%2B3,373,6.588,5.896240000000001,6.032059424557591,2.7244291258805333,defined,-0.049852434503574676,sensitivity_only
id:x%3A0x1.2000000000000p%2B3,374,6.606,5.91388,5.778060575442409,2.7244291258805333,defined,0.049852434503574676,sensitivity_only
id:x%3A0x1.2000000000000p%2B3,375,6.624,5.93152,6.0673394245575905,2.7244291258805333,defined,-0.049852434503574676,sensitivity_only
id:x%3A0x1.2000000000000p%2B3,376,6.642,5.949160000000001,5.81334057544241,2.7244291258805333,defined,0.049852434503574676,sensitivity_only
id:x%3A0x1.2000000000000p%2B3,377,6.66,5.9668,6.102619424557591,2.7244291258805333,defined,-0.049852434503574676,sensitivity_only
id:x%3A0x1.2000000000000p%2B3,378,6.678,5.98444,5.84862057544241,2.7244291258805333,defined,0.049852434503574676,sensitivity_only
id:x%3A0x1.2000000000000p%2B3,379,6.696,6.002079999999999,6.13789942455759,2.7244291258805333,defined,-0.049852434503574676,sensitivity_only
id:x%3A0x1.2000000000000p%2B3,380,6.714,6.01972,5.88390057544241,2.7244291258805333,defined,0.049852434503574676,sensitivity_only
id:x%3A0x1.2000000000000p%2B3,381,6.732,6.03736,6.17317942455759,2.7244291258805333,defined,-0.049852434503574676,sensitivity_only
id:x%3A0x1.2000000000000p%2B3,382,6.75,6.055,5.919180575442409,2.7244291258805333,defined,0.049852434503574676,sensitivity_only
id:x%3A0x1.2000000000000p%2B3,383,6.768,6.07264,6.20845942455759,2.7244291258805333,defined,-0.049852434503574676,sensitivity_only
id:x%3A0x1.2000000000000p%2B3,384,6.786,6.09028,5.954460575442409,2.7244291258805333,defined,0.049852434503574676,sensitivity_only
id:x%3A0x1.2000000000000p%2B3,385,6.804,6.10792,6.243739424557591,2.7244291258805333,defined,-0.049852434503574676,sensitivity_only
id:x%3A0x1.2000000000000p%2B3,386,6.822,6.12556,5.98974057544241,2.7244291258805333,defined,0.049852434503574676,sensitivity_only
id:x%3A0x1.2000000000000p%2B3,387,6.84,6.1432,6.279019424557591,2.7244291258805333,defined,-0.049852434503574676,sensitivity_only
id:x%3A0x1.2000000000000p%2B3,388,6.858,6.16084,6.02502057544241,2.7244291258805333,defined,0.049852434503574676,sensitivity_only
id:x%3A0x1.2000000000000p%2B3,389,6.876,6.17848,6.314299424557591,2.7244291258805333,defined,-0.049852434503574676,sensitivity_only
id:x%3A0x1.2000000000000p%2B3,390,6.894,6.1961200000000005,6.06030057544241,2.7244291258805333,defined,0.049852434503574676,sensitivity_only
id:x%3A0x1.2000000000000p%2B3,391,6.912,6.213760000000001,6.349579424557591,2.7244291258805333,defined,-0.049852434503574676,sensitivity_only
id:x%3A0x1.2000000000000p%2B3,392,6.93,6.2314,6.095580575442409,2.7244291258805333,defined,0.049852434503574676,sensitivity_only
id:x%3A0x1.2000000000000p%2B3,393,6.948,6.249040000000001,6.384859424557591,2.7244291258805333,defined,-0.049852434503574676,sensitivity_only
id:x%3A0x1.2000000000000p%2B3,394,6.966,6.26668,6.1308605754424095,2.7244291258805333,defined,0.049852434503574676,sensitivity_only
id:x%3A0x1.2000000000000p%2B3,395,6.984,6.28432,6.420139424557591,2.7244291258805333,defined,-0.049852434503574676,sensitivity_only
id:x%3A0x1.2000000000000p%2B3,396,7.0,6.3,6.164180575442409,2.7244291258805333,defined,0.049852434503574676,sensitivity_only
id:x%3A0x1.2000000000000p%2B3,397,7.002,6.301959999999999,6.43777942455759,2.7244291258805333,defined,-0.049852434503574676,sensitivity_only
id:x%3A0x1.2000000000000p%2B3,398,7.02,6.319599999999999,6.183780575442409,2.7244291258805333,defined,0.049852434503574676,sensitivity_only
id:x%3A0x1.2000000000000p%2B3,399,7.038,6.33724,6.473059424557591,2.7244291258805333,defined,-0.049852434503574676,sensitivity_only
id:x%3A0x1.2000000000000p%2B3,400,7.056,6.35488,6.219060575442409,2.7244291258805333,defined,0.049852434503574676,sensitivity_only
id:x%3A0x1.2000000000000p%2B3,401,7.074,6.37252,6.50833942455759,2.7244291258805333,defined,-0.049852434503574676,sensitivity_only
id:x%3A0x1.2000000000000p%2B3,402,7.092,6.39016,6.254340575442409,2.7244291258805333,defined,0.049852434503574676,sensitivity_only
id:x%3A0x1.2000000000000p%2B3,403,7.11,6.4078,6.5436194245575905,2.7244291258805333,defined,-0.049852434503574676,sensitivity_only
id:x%3A0x1.2000000000000p%2B3,404,7.128,6.42544,6.2896205754424095,2.7244291258805333,defined,0.049852434503574676,sensitivity_only
id:x%3A0x1.2000000000000p%2B3,405,7.146,6.44308,6.578899424557591,2.7244291258805333,defined,-0.049852434503574676,sensitivity_only
id:x%3A0x1.2000000000000p%2B3,406,7.164,6.46072,6.32490057544241,2.7244291258805333,defined,0.049852434503574676,sensitivity_only
id:x%3A0x1.2000000000000p%2B3,407,7.182,6.47836,6.614179424557591,2.7244291258805333,defined,-0.049852434503574676,sensitivity_only
id:x%3A0x1.2000000000000p%2B3,408,7.2,6.496,6.36018057544241,2.7244291258805333,defined,0.049852434503574676,sensitivity_only
id:x%3A0x1.2000000000000p%2B3,409,7.218,6.5136400000000005,6.649459424557591,2.7244291258805333,defined,-0.049852434503574676,sensitivity_only
id:x%3A0x1.2000000000000p%2B3,410,7.236,6.53128,6.395460575442409,2.7244291258805333,defined,0.049852434503574676,sensitivity_only
id:x%3A0x1.2000000000000p%2B3,411,7.254,6.548919999999999,6.6847394245575895,2.7244291258805333,defined,-0.049852434503574676,sensitivity_only
id:x%3A0x1.2000000000000p%2B3,412,7.272,6.566560000000001,6.43074057544241,2.7244291258805333,defined,0.049852434503574676,sensitivity_only
id:x%3A0x1.2000000000000p%2B3,413,7.29,6.5842,6.720019424557591,2.7244291258805333,defined,-0.049852434503574676,sensitivity_only
id:x%3A0x1.2000000000000p%2B3,414,7.308,6.601839999999999,6.466020575442409,2.7244291258805333,defined,0.049852434503574676,sensitivity_only
id:x%3A0x1.2000000000000p%2B3,415,7.326,6.619479999999999,6.75529942455759,2.7244291258805333,defined,-0.049852434503574676,sensitivity_only
id:x%3A0x1.2000000000000p%2B3,416,7.344,6.63712,6.50130057544241,2.7244291258805333,defined,0.049852434503574676,sensitivity_only
id:x%3A0x1.2000000000000p%2B3,417,7.362,6.65476,6.79057942455759,2.7244291258805333,defined,-0.049852434503574676,sensitivity_only
id:x%3A0x1.2000000000000p%2B3,418,7.38,6.6724,6.536580575442409,2.7244291258805333,defined,0.049852434503574676,sensitivity_only
id:x%3A0x1.2000000000000p%2B3,419,7.398,6.69004,6.82585942455759,2.7244291258805333,defined,-0.049852434503574676,sensitivity_only
id:x%3A0x1.2000000000000p%2B3,420,7.416,6.70768,6.571860575442409,2.7244291258805333,defined,0.049852434503574676,sensitivity_only
id:x%3A0x1.2000000000000p%2B3,421,7.434,6.72532,6.8611394245575905,2.7244291258805333,defined,-0.049852434503574676,sensitivity_only
id:x%3A0x1.2000000000000p%2B3,422,7.452,6.74296,6.6071405754424095,2.7244291258805333,defined,0.049852434503574676,sensitivity_only
id:x%3A0x1.2000000000000p%2B3,423,7.47,6.7606,6.896419424557591,2.7244291258805333,defined,-0.049852434503574676,sensitivity_only
id:x%3A0x1.2000000000000p%2B3,424,7.488,6.77824,6.64242057544241,2.7244291258805333,defined,0.049852434503574676,sensitivity_only
id:x%3A0x1.2000000000000p%2B3,425,7.506,6.79588,6.931699424557591,2.7244291258805333,defined,-0.049852434503574676,sensitivity_only
id:x%3A0x1.2000000000000p%2B3,426,7.524,6.8135200000000005,6.67770057544241,2.7244291258805333,defined,0.049852434503574676,sensitivity_only
id:x%3A0x1.2000000000000p%2B3,427,7.542,6.83116,6.96697942455759,2.7244291258805333,defined,-0.049852434503574676,sensitivity_only
id:x%3A0x1.2000000000000p%2B3,428,7.56,6.8488,6.712980575442409,2.7244291258805333,defined,0.049852434503574676,sensitivity_only
id:x%3A0x1.2000000000000p%2B3,429,7.578,6.866440000000001,7.002259424557591,2.7244291258805333,defined,-0.049852434503574676,sensitivity_only
id:x%3A0x1.2000000000000p%2B3,430,7.596,6.88408,6.748260575442409,2.7244291258805333,defined,0.049852434503574676,sensitivity_only
id:x%3A0x1.2000000000000p%2B3,431,7.614,6.90172,7.037539424557591,2.7244291258805333,defined,-0.049852434503574676,sensitivity_only
id:x%3A0x1.2000000000000p%2B3,432,7.632,6.919359999999999,6.783540575442409,2.7244291258805333,defined,0.049852434503574676,sensitivity_only
id:x%3A0x1.2000000000000p%2B3,433,7.65,6.937,7.072819424557591,2.7244291258805333,defined,-0.049852434503574676,sensitivity_only
id:x%3A0x1.2000000000000p%2B3,434,7.668,6.95464,6.81882057544241,2.7244291258805333,defined,0.049852434503574676,sensitivity_only
id:x%3A0x1.2000000000000p%2B3,435,7.686,6.97228,7.10809942455759,2.7244291258805333,defined,-0.049852434503574676,sensitivity_only
id:x%3A0x1.2000000000000p%2B3,436,7.704,6.98992,6.854100575442409,2.7244291258805333,defined,0.049852434503574676,sensitivity_only
id:x%3A0x1.2000000000000p%2B3,437,7.722,7.007560000000001,7.143379424557591,2.7244291258805333,defined,-0.049852434503574676,sensitivity_only
id:x%3A0x1.2000000000000p%2B3,438,7.74,7.0252,6.889380575442409,2.7244291258805333,defined,0.049852434503574676,sensitivity_only
id:x%3A0x1.2000000000000p%2B3,439,7.758,7.04284,7.1786594245575905,2.7244291258805333,defined,-0.049852434503574676,sensitivity_only
id:x%3A0x1.2000000000000p%2B3,440,7.776,7.06048,6.9246605754424095,2.7244291258805333,defined,0.049852434503574676,sensitivity_only
id:x%3A0x1.2000000000000p%2B3,441,7.794,7.078119999999999,7.21393942455759,2.7244291258805333,defined,-0.049852434503574676,sensitivity_only
id:x%3A0x1.2000000000000p%2B3,442,7.812,7.09576,6.95994057544241,2.7244291258805333,defined,0.049852434503574676,sensitivity_only
id:x%3A0x1.2000000000000p%2B3,443,7.83,7.1134,7.249219424557591,2.7244291258805333,defined,-0.049852434503574676,sensitivity_only
id:x%3A0x1.2000000000000p%2B3,444,7.848,7.13104,6.995220575442409,2.7244291258805333,defined,0.049852434503574676,sensitivity_only
id:x%3A0x1.2000000000000p%2B3,445,7.866,7.14868,7.28449942455759,2.7244291258805333,defined,-0.049852434503574676,sensitivity_only
id:x%3A0x1.2000000000000p%2B3,446,7.884,7.166320000000001,7.03050057544241,2.7244291258805333,defined,0.049852434503574676,sensitivity_only
id:x%3A0x1.2000000000000p%2B3,447,7.902,7.18396,7.3197794245575905,2.7244291258805333,defined,-0.049852434503574676,sensitivity_only
id:x%3A0x1.2000000000000p%2B3,448,7.92,7.2016,7.0657805754424095,2.7244291258805333,defined,0.049852434503574676,sensitivity_only
id:x%3A0x1.2000000000000p%2B3,449,7.938,7.21924,7.355059424557591,2.7244291258805333,defined,-0.049852434503574676,sensitivity_only
id:x%3A0x1.2000000000000p%2B3,450,7.956,7.23688,7.10106057544241,2.7244291258805333,defined,0.049852434503574676,sensitivity_only
id:x%3A0x1.2000000000000p%2B3,451,7.974,7.25452,7.390339424557591,2.7244291258805333,defined,-0.049852434503574676,sensitivity_only
id:x%3A0x1.2000000000000p%2B3,452,7.992,7.27216,7.13634057544241,2.7244291258805333,defined,0.049852434503574676,sensitivity_only
id:x%3A0x1.2000000000000p%2B3,453,8.0,7.28,7.415819424557591,2.7244291258805333,defined,-0.049852434503574676,sensitivity_only
id:x%3A0x1.2000000000000p%2B3,454,8.01,7.2898,7.153980575442409,2.7244291258805333,defined,0.049852434503574676,sensitivity_only
id:x%3A0x1.2000000000000p%2B3,455,8.028,7.307440000000001,7.443259424557591,2.7244291258805333,defined,-0.049852434503574676,sensitivity_only
id:x%3A0x1.2000000000000p%2B3,456,8.046,7.32508,7.189260575442409,2.7244291258805333,defined,0.049852434503574676,sensitivity_only
id:x%3A0x1.2000000000000p%2B3,457,8.064,7.34272,7.4785394245575905,2.7244291258805333,defined,-0.049852434503574676,sensitivity_only
id:x%3A0x1.2000000000000p%2B3,458,8.082,7.360360000000001,7.22454057544241,2.7244291258805333,defined,0.049852434503574676,sensitivity_only
id:x%3A0x1.2000000000000p%2B3,459,8.1,7.378,7.513819424557591,2.7244291258805333,defined,-0.049852434503574676,sensitivity_only
id:x%3A0x1.2000000000000p%2B3,460,8.118,7.39564,7.25982057544241,2.7244291258805333,defined,0.049852434503574676,sensitivity_only
id:x%3A0x1.2000000000000p%2B3,461,8.136,7.413279999999999,7.54909942455759,2.7244291258805333,defined,-0.049852434503574676,sensitivity_only
id:x%3A0x1.2000000000000p%2B3,462,8.154,7.4309199999999995,7.295100575442409,2.7244291258805333,defined,0.049852434503574676,sensitivity_only
id:x%3A0x1.2000000000000p%2B3,463,8.172,7.4485600000000005,7.584379424557591,2.7244291258805333,defined,-0.049852434503574676,sensitivity_only
id:x%3A0x1.2000000000000p%2B3,464,8.19,7.4662,7.330380575442409,2.7244291258805333,defined,0.049852434503574676,sensitivity_only
id:x%3A0x1.2000000000000p%2B3,465,8.208,7.48384,7.61965942455759,2.7244291258805333,defined,-0.049852434503574676,sensitivity_only
id:x%3A0x1.2000000000000p%2B3,466,8.226,7.501480000000001,7.36566057544241,2.7244291258805333,defined,0.049852434503574676,sensitivity_only
id:x%3A0x1.2000000000000p%2B3,467,8.244,7.51912,7.654939424557591,2.7244291258805333,defined,-0.049852434503574676,sensitivity_only
id:x%3A0x1.2000000000000p%2B3,468,8.262,7.53676,7.40094057544241,2.7244291258805333,defined,0.049852434503574676,sensitivity_only
id:x%3A0x1.2000000000000p%2B3,469,8.28,7.554399999999999,7.69021942455759,2.7244291258805333,defined,-0.049852434503574676,sensitivity_only
id:x%3A0x1.2000000000000p%2B3,470,8.298,7.57204,7.43622057544241,2.7244291258805333,defined,0.049852434503574676,sensitivity_only
id:x%3A0x1.2000000000000p%2B3,471,8.316,7.58968,7.725499424557591,2.7244291258805333,defined,-0.049852434503574676,sensitivity_only
id:x%3A0x1.2000000000000p%2B3,472,8.334,7.60732,7.471500575442409,2.7244291258805333,defined,0.049852434503574676,sensitivity_only
id:x%3A0x1.2000000000000p%2B3,473,8.352,7.624960000000001,7.760779424557591,2.7244291258805333,defined,-0.049852434503574676,sensitivity_only
id:x%3A0x1.2000000000000p%2B3,474,8.37,7.642599999999999,7.506780575442408,2.7244291258805333,defined,0.049852434503574676,sensitivity_only
id:x%3A0x1.2000000000000p%2B3,475,8.388,7.66024,7.7960594245575905,2.7244291258805333,defined,-0.049852434503574676,sensitivity_only
id:x%3A0x1.2000000000000p%2B3,476,8.406,7.677880000000001,7.54206057544241,2.7244291258805333,defined,0.049852434503574676,sensitivity_only
id:x%3A0x1.2000000000000p%2B3,477,8.424,7.695519999999999,7.83133942455759,2.7244291258805333,defined,-0.049852434503574676,sensitivity_only
id:x%3A0x1.2000000000000p%2B3,478,8.442,7.71316,7.57734057544241,2.7244291258805333,defined,0.049852434503574676,sensitivity_only
id:x%3A0x1.2000000000000p%2B3,479,8.46,7.730800000000001,7.866619424557592,2.7244291258805333,defined,-0.049852434503574676,sensitivity_only
id:x%3A0x1.2000000000000p%2B3,480,8.478,7.7484399999999996,7.612620575442409,2.7244291258805333,defined,0.049852434503574676,sensitivity_only
id:x%3A0x1.2000000000000p%2B3,481,8.496,7.7660800000000005,7.901899424557591,2.7244291258805333,defined,-0.049852434503574676,sensitivity_only
id:x%3A0x1.2000000000000p%2B3,482,8.514,7.78372,7.675064460353927,2.179543300704428,defined,0.049852434503574676,sensitivity_only
id:x%3A0x1.2000000000000p%2B3,483,8.532,7.80136,7.910015539646072,2.179543300704428,defined,-0.049852434503574676,sensitivity_only
id:x%3A0x1.2000000000000p%2B3,484,8.55,7.819000000000001,7.710344460353928,2.179543300704428,defined,0.049852434503574676,sensitivity_only
id:x%3A0x1.2000000000000p%2B3,485,8.568,7.83664,7.9452955396460725,2.179543300704428,defined,-0.049852434503574676,sensitivity_only
id:x%3A0x1.2000000000000p%2B3,486,8.586,7.85428,7.745624460353928,2.179543300704428,defined,0.049852434503574676,sensitivity_only
id:x%3A0x1.2000000000000p%2B3,487,8.604,7.871919999999999,7.980575539646072,2.179543300704428,defined,-0.049852434503574676,sensitivity_only
id:x%3A0x1.2000000000000p%2B3,488,8.622,7.8895599999999995,7.780904460353927,2.179543300704428,defined,0.049852434503574676,sensitivity_only
id:x%3A0x1.2000000000000p%2B3,489,8.64,7.9072000000000005,8.015855539646074,2.179543300704428,defined,-0.049852434503574676,sensitivity_only
id:x%3A0x1.2000000000000p%2B3,490,8.658,7.92484,7.816184460353927,2.179543300704428,defined,0.049852434503574676,sensitivity_only
id:x%3A0x1.2000000000000p%2B3,491,8.676,7.94248,8.051135539646072,2.179543300704428,defined,-0.049852434503574676,sensitivity_only
id:x%3A0x1.2000000000000p%2B3,492,8.694,7.960120000000001,7.851464460353928,2.179543300704428,defined,0.049852434503574676,sensitivity_only
id:x%3A0x1.2000000000000p%2B3,493,8.712,7.97776,8.086415539646072,2.179543300704428,defined,-0.049852434503574676,sensitivity_only
id:x%3A0x1.2000000000000p%2B3,494,8.73,7.9954,7.886744460353928,2.179543300704428,defined,0.049852434503574676,sensitivity_only
id:x%3A0x1.2000000000000p%2B3,495,8.748,8.01304,8.121695539646073,2.179543300704428,defined,-0.049852434503574676,sensitivity_only
id:x%3A0x1.2000000000000p%2B3,496,8.766,8.03068,7.922024460353928,2.179543300704428,defined,0.049852434503574676,sensitivity_only
id:x%3A0x1.2000000000000p%2B3,497,8.784,8.04832,8.156975539646073,2.179543300704428,defined,-0.049852434503574676,sensitivity_only
id:x%3A0x1.2000000000000p%2B3,498,8.802,8.06596,7.957304460353928,2.179543300704428,defined,0.049852434503574676,sensitivity_only
id:x%3A0x1.2000000000000p%2B3,499,8.82,8.0836,8.192255539646073,2.179543300704428,defined,-0.049852434503574676,sensitivity_only
id:x%3A0x1.2000000000000p%2B3,500,8.838,8.101239999999999,7.9925844603539264,2.179543300704428,defined,0.049852434503574676,sensitivity_only
id:x%3A0x1.2000000000000p%2B3,501,8.856,8.11888,8.227535539646073,2.179543300704428,defined,-0.049852434503574676,sensitivity_only
id:x%3A0x1.2000000000000p%2B3,502,8.874,8.13652,8.027864460353928,2.179543300704428,defined,0.049852434503574676,sensitivity_only
id:x%3A0x1.2000000000000p%2B3,503,8.892,8.15416,8.262815539646072,2.179543300704428,defined,-0.049852434503574676,sensitivity_only
id:x%3A0x1.2000000000000p%2B3,504,8.91,8.171800000000001,8.063144460353929,2.179543300704428,defined,0.049852434503574676,sensitivity_only
id:x%3A0x1.2000000000000p%2B3,505,8.928,8.189440000000001,8.298095539646074,2.179543300704428,defined,-0.049852434503574676,sensitivity_only
id:x%3A0x1.2000000000000p%2B3,506,8.946,8.20708,8.098424460353927,2.179543300704428,defined,0.049852434503574676,sensitivity_only
id:x%3A0x1.2000000000000p%2B3,507,8.964,8.224720000000001,8.333375539646074,2.179543300704428,defined,-0.049852434503574676,sensitivity_only
id:x%3A0x1.2000000000000p%2B3,508,8.982,8.24236,8.133704460353927,2.179543300704428,defined,0.049852434503574676,sensitivity_only
id:x%3A0x1.2000000000000p%2B3,509,9.0,8.26,8.368655539646072,2.179543300704428,defined,-0.049852434503574676,sensitivity_only
